ARM GAS  C:\Users\taips\AppData\Local\Temp\cc8A2Ndf.s 			page 1


   1              		.syntax unified
   2              		.cpu cortex-m0
   3              		.fpu softvfp
   4              		.eabi_attribute 20, 1
   5              		.eabi_attribute 21, 1
   6              		.eabi_attribute 23, 3
   7              		.eabi_attribute 24, 1
   8              		.eabi_attribute 25, 1
   9              		.eabi_attribute 26, 1
  10              		.eabi_attribute 30, 1
  11              		.eabi_attribute 34, 0
  12              		.eabi_attribute 18, 4
  13              		.thumb
  14              		.syntax unified
  15              		.file	"CyLFClk.c"
  16              		.text
  17              	.Ltext0:
  18              		.cfi_sections	.debug_frame
  19              		.section	.text.CySysClkIloEnabled,"ax",%progbits
  20              		.align	2
  21              		.code	16
  22              		.thumb_func
  23              		.type	CySysClkIloEnabled, %function
  24              	CySysClkIloEnabled:
  25              	.LFB5:
  26              		.file 1 "C:\\Program Files (x86)\\Cypress\\PSoC Creator\\4.4\\PSoC Creator\\1\\LWO2.cydsn\\Generat
   1:C:\Program Files (x86)\Cypress\PSoC Creator\4.4\PSoC Creator\1\LWO2.cydsn\Generated_Source\PSoC4\CyLFClk.c **** /***************************************************************************//**
   2:C:\Program Files (x86)\Cypress\PSoC Creator\4.4\PSoC Creator\1\LWO2.cydsn\Generated_Source\PSoC4\CyLFClk.c **** * \file .c
   3:C:\Program Files (x86)\Cypress\PSoC Creator\4.4\PSoC Creator\1\LWO2.cydsn\Generated_Source\PSoC4\CyLFClk.c **** * \version 1.20
   4:C:\Program Files (x86)\Cypress\PSoC Creator\4.4\PSoC Creator\1\LWO2.cydsn\Generated_Source\PSoC4\CyLFClk.c **** *
   5:C:\Program Files (x86)\Cypress\PSoC Creator\4.4\PSoC Creator\1\LWO2.cydsn\Generated_Source\PSoC4\CyLFClk.c **** * \brief
   6:C:\Program Files (x86)\Cypress\PSoC Creator\4.4\PSoC Creator\1\LWO2.cydsn\Generated_Source\PSoC4\CyLFClk.c **** *  This file provides the source code for configuring watchdog timers WDTs, 
   7:C:\Program Files (x86)\Cypress\PSoC Creator\4.4\PSoC Creator\1\LWO2.cydsn\Generated_Source\PSoC4\CyLFClk.c **** *  low frequency clocks (LFCLK) and the Real-time Clock (RTC) component in
   8:C:\Program Files (x86)\Cypress\PSoC Creator\4.4\PSoC Creator\1\LWO2.cydsn\Generated_Source\PSoC4\CyLFClk.c **** *  PSoC Creator for the PSoC 4 families.
   9:C:\Program Files (x86)\Cypress\PSoC Creator\4.4\PSoC Creator\1\LWO2.cydsn\Generated_Source\PSoC4\CyLFClk.c **** *
  10:C:\Program Files (x86)\Cypress\PSoC Creator\4.4\PSoC Creator\1\LWO2.cydsn\Generated_Source\PSoC4\CyLFClk.c **** ********************************************************************************
  11:C:\Program Files (x86)\Cypress\PSoC Creator\4.4\PSoC Creator\1\LWO2.cydsn\Generated_Source\PSoC4\CyLFClk.c **** * \copyright
  12:C:\Program Files (x86)\Cypress\PSoC Creator\4.4\PSoC Creator\1\LWO2.cydsn\Generated_Source\PSoC4\CyLFClk.c **** * Copyright 2008-2017, Cypress Semiconductor Corporation.  All rights reserved.
  13:C:\Program Files (x86)\Cypress\PSoC Creator\4.4\PSoC Creator\1\LWO2.cydsn\Generated_Source\PSoC4\CyLFClk.c **** * You may use this file only in accordance with the license, terms, conditions,
  14:C:\Program Files (x86)\Cypress\PSoC Creator\4.4\PSoC Creator\1\LWO2.cydsn\Generated_Source\PSoC4\CyLFClk.c **** * disclaimers, and limitations in the end user license agreement accompanying
  15:C:\Program Files (x86)\Cypress\PSoC Creator\4.4\PSoC Creator\1\LWO2.cydsn\Generated_Source\PSoC4\CyLFClk.c **** * the software package with which this file was provided.
  16:C:\Program Files (x86)\Cypress\PSoC Creator\4.4\PSoC Creator\1\LWO2.cydsn\Generated_Source\PSoC4\CyLFClk.c **** *******************************************************************************/
  17:C:\Program Files (x86)\Cypress\PSoC Creator\4.4\PSoC Creator\1\LWO2.cydsn\Generated_Source\PSoC4\CyLFClk.c **** 
  18:C:\Program Files (x86)\Cypress\PSoC Creator\4.4\PSoC Creator\1\LWO2.cydsn\Generated_Source\PSoC4\CyLFClk.c **** 
  19:C:\Program Files (x86)\Cypress\PSoC Creator\4.4\PSoC Creator\1\LWO2.cydsn\Generated_Source\PSoC4\CyLFClk.c **** #include "CyLFClk.h"
  20:C:\Program Files (x86)\Cypress\PSoC Creator\4.4\PSoC Creator\1\LWO2.cydsn\Generated_Source\PSoC4\CyLFClk.c **** #include "CyLib.h"
  21:C:\Program Files (x86)\Cypress\PSoC Creator\4.4\PSoC Creator\1\LWO2.cydsn\Generated_Source\PSoC4\CyLFClk.c **** 
  22:C:\Program Files (x86)\Cypress\PSoC Creator\4.4\PSoC Creator\1\LWO2.cydsn\Generated_Source\PSoC4\CyLFClk.c **** #if (CY_IP_WCO && CY_IP_SRSSV2)
  23:C:\Program Files (x86)\Cypress\PSoC Creator\4.4\PSoC Creator\1\LWO2.cydsn\Generated_Source\PSoC4\CyLFClk.c ****     static uint32 CySysClkGetLfclkSource(void);
  24:C:\Program Files (x86)\Cypress\PSoC Creator\4.4\PSoC Creator\1\LWO2.cydsn\Generated_Source\PSoC4\CyLFClk.c **** #endif /* (CY_IP_WCO && CY_IP_SRSSV2) */
  25:C:\Program Files (x86)\Cypress\PSoC Creator\4.4\PSoC Creator\1\LWO2.cydsn\Generated_Source\PSoC4\CyLFClk.c **** 
  26:C:\Program Files (x86)\Cypress\PSoC Creator\4.4\PSoC Creator\1\LWO2.cydsn\Generated_Source\PSoC4\CyLFClk.c **** 
  27:C:\Program Files (x86)\Cypress\PSoC Creator\4.4\PSoC Creator\1\LWO2.cydsn\Generated_Source\PSoC4\CyLFClk.c **** #if(CY_IP_SRSSV2 && (!CY_IP_CPUSS))
  28:C:\Program Files (x86)\Cypress\PSoC Creator\4.4\PSoC Creator\1\LWO2.cydsn\Generated_Source\PSoC4\CyLFClk.c ****     /* Default Ilo Trim Register value for ILO trimming*/
  29:C:\Program Files (x86)\Cypress\PSoC Creator\4.4\PSoC Creator\1\LWO2.cydsn\Generated_Source\PSoC4\CyLFClk.c ****     static volatile uint16 defaultIloTrimRegValue = CY_SYS_CLK_ILO_TRIM_DEFAULT_VALUE;
  30:C:\Program Files (x86)\Cypress\PSoC Creator\4.4\PSoC Creator\1\LWO2.cydsn\Generated_Source\PSoC4\CyLFClk.c **** #endif /* (CY_IP_SRSSV2 && (!CY_IP_CPUSS)) */
  31:C:\Program Files (x86)\Cypress\PSoC Creator\4.4\PSoC Creator\1\LWO2.cydsn\Generated_Source\PSoC4\CyLFClk.c **** 
ARM GAS  C:\Users\taips\AppData\Local\Temp\cc8A2Ndf.s 			page 2


  32:C:\Program Files (x86)\Cypress\PSoC Creator\4.4\PSoC Creator\1\LWO2.cydsn\Generated_Source\PSoC4\CyLFClk.c **** #if(CY_IP_SRSSV2)
  33:C:\Program Files (x86)\Cypress\PSoC Creator\4.4\PSoC Creator\1\LWO2.cydsn\Generated_Source\PSoC4\CyLFClk.c ****     /* CySysClkLfclkPosedgeCatch() / CySysClkLfclkPosedgeRestore() */
  34:C:\Program Files (x86)\Cypress\PSoC Creator\4.4\PSoC Creator\1\LWO2.cydsn\Generated_Source\PSoC4\CyLFClk.c ****     static uint32 lfclkPosedgeWdtCounter0Enabled = 0u;
  35:C:\Program Files (x86)\Cypress\PSoC Creator\4.4\PSoC Creator\1\LWO2.cydsn\Generated_Source\PSoC4\CyLFClk.c ****     static uint32 lfclkPosedgeWdtCounter0Mode    = CY_SYS_WDT_MODE_NONE;
  36:C:\Program Files (x86)\Cypress\PSoC Creator\4.4\PSoC Creator\1\LWO2.cydsn\Generated_Source\PSoC4\CyLFClk.c **** 
  37:C:\Program Files (x86)\Cypress\PSoC Creator\4.4\PSoC Creator\1\LWO2.cydsn\Generated_Source\PSoC4\CyLFClk.c ****     static volatile uint32 disableServicedIsr = 0uL;
  38:C:\Program Files (x86)\Cypress\PSoC Creator\4.4\PSoC Creator\1\LWO2.cydsn\Generated_Source\PSoC4\CyLFClk.c ****     static volatile uint32 wdtIsrMask = CY_SYS_WDT_COUNTER0_INT |\
  39:C:\Program Files (x86)\Cypress\PSoC Creator\4.4\PSoC Creator\1\LWO2.cydsn\Generated_Source\PSoC4\CyLFClk.c ****                                         CY_SYS_WDT_COUNTER1_INT |\
  40:C:\Program Files (x86)\Cypress\PSoC Creator\4.4\PSoC Creator\1\LWO2.cydsn\Generated_Source\PSoC4\CyLFClk.c ****                                         CY_SYS_WDT_COUNTER2_INT;
  41:C:\Program Files (x86)\Cypress\PSoC Creator\4.4\PSoC Creator\1\LWO2.cydsn\Generated_Source\PSoC4\CyLFClk.c **** 
  42:C:\Program Files (x86)\Cypress\PSoC Creator\4.4\PSoC Creator\1\LWO2.cydsn\Generated_Source\PSoC4\CyLFClk.c ****     static const uint32 counterIntMaskTbl[CY_WDT_NUM_OF_WDT] = {CY_SYS_WDT_COUNTER0_INT,
  43:C:\Program Files (x86)\Cypress\PSoC Creator\4.4\PSoC Creator\1\LWO2.cydsn\Generated_Source\PSoC4\CyLFClk.c ****                                                                 CY_SYS_WDT_COUNTER1_INT,
  44:C:\Program Files (x86)\Cypress\PSoC Creator\4.4\PSoC Creator\1\LWO2.cydsn\Generated_Source\PSoC4\CyLFClk.c ****                                                                 CY_SYS_WDT_COUNTER2_INT};
  45:C:\Program Files (x86)\Cypress\PSoC Creator\4.4\PSoC Creator\1\LWO2.cydsn\Generated_Source\PSoC4\CyLFClk.c **** 
  46:C:\Program Files (x86)\Cypress\PSoC Creator\4.4\PSoC Creator\1\LWO2.cydsn\Generated_Source\PSoC4\CyLFClk.c ****     static void CySysClkLfclkPosedgeCatch(void);
  47:C:\Program Files (x86)\Cypress\PSoC Creator\4.4\PSoC Creator\1\LWO2.cydsn\Generated_Source\PSoC4\CyLFClk.c ****     static void CySysClkLfclkPosedgeRestore(void);
  48:C:\Program Files (x86)\Cypress\PSoC Creator\4.4\PSoC Creator\1\LWO2.cydsn\Generated_Source\PSoC4\CyLFClk.c **** 
  49:C:\Program Files (x86)\Cypress\PSoC Creator\4.4\PSoC Creator\1\LWO2.cydsn\Generated_Source\PSoC4\CyLFClk.c ****     static uint32 CySysWdtLocked(void);
  50:C:\Program Files (x86)\Cypress\PSoC Creator\4.4\PSoC Creator\1\LWO2.cydsn\Generated_Source\PSoC4\CyLFClk.c ****     static uint32 CySysClkIloEnabled(void);
  51:C:\Program Files (x86)\Cypress\PSoC Creator\4.4\PSoC Creator\1\LWO2.cydsn\Generated_Source\PSoC4\CyLFClk.c **** #endif /* (CY_IP_SRSSV2) */
  52:C:\Program Files (x86)\Cypress\PSoC Creator\4.4\PSoC Creator\1\LWO2.cydsn\Generated_Source\PSoC4\CyLFClk.c **** 
  53:C:\Program Files (x86)\Cypress\PSoC Creator\4.4\PSoC Creator\1\LWO2.cydsn\Generated_Source\PSoC4\CyLFClk.c **** #if (CY_IP_SRSSLT && CY_IP_WCO && CY_IP_WCO_WDT_EN)
  54:C:\Program Files (x86)\Cypress\PSoC Creator\4.4\PSoC Creator\1\LWO2.cydsn\Generated_Source\PSoC4\CyLFClk.c ****     static uint32 CySysClkGetTimerSource(void);
  55:C:\Program Files (x86)\Cypress\PSoC Creator\4.4\PSoC Creator\1\LWO2.cydsn\Generated_Source\PSoC4\CyLFClk.c ****     static volatile uint32 disableTimerServicedIsr = 0uL;
  56:C:\Program Files (x86)\Cypress\PSoC Creator\4.4\PSoC Creator\1\LWO2.cydsn\Generated_Source\PSoC4\CyLFClk.c ****     static volatile uint32 timerIsrMask = CY_SYS_TIMER0_INT |\
  57:C:\Program Files (x86)\Cypress\PSoC Creator\4.4\PSoC Creator\1\LWO2.cydsn\Generated_Source\PSoC4\CyLFClk.c ****                                           CY_SYS_TIMER1_INT |\
  58:C:\Program Files (x86)\Cypress\PSoC Creator\4.4\PSoC Creator\1\LWO2.cydsn\Generated_Source\PSoC4\CyLFClk.c ****                                           CY_SYS_TIMER2_INT;
  59:C:\Program Files (x86)\Cypress\PSoC Creator\4.4\PSoC Creator\1\LWO2.cydsn\Generated_Source\PSoC4\CyLFClk.c **** 
  60:C:\Program Files (x86)\Cypress\PSoC Creator\4.4\PSoC Creator\1\LWO2.cydsn\Generated_Source\PSoC4\CyLFClk.c ****     static const uint32 counterTimerIntMaskTbl[CY_SYS_NUM_OF_TIMERS] = {CY_SYS_TIMER0_INT,
  61:C:\Program Files (x86)\Cypress\PSoC Creator\4.4\PSoC Creator\1\LWO2.cydsn\Generated_Source\PSoC4\CyLFClk.c ****                                                                         CY_SYS_TIMER1_INT,
  62:C:\Program Files (x86)\Cypress\PSoC Creator\4.4\PSoC Creator\1\LWO2.cydsn\Generated_Source\PSoC4\CyLFClk.c ****                                                                         CY_SYS_TIMER2_INT};
  63:C:\Program Files (x86)\Cypress\PSoC Creator\4.4\PSoC Creator\1\LWO2.cydsn\Generated_Source\PSoC4\CyLFClk.c **** 
  64:C:\Program Files (x86)\Cypress\PSoC Creator\4.4\PSoC Creator\1\LWO2.cydsn\Generated_Source\PSoC4\CyLFClk.c ****     static cyTimerCallback cySysTimerCallback[CY_SYS_NUM_OF_TIMERS] = {(void *)0, (void *)0, (void 
  65:C:\Program Files (x86)\Cypress\PSoC Creator\4.4\PSoC Creator\1\LWO2.cydsn\Generated_Source\PSoC4\CyLFClk.c **** #endif /* (CY_IP_SRSSLT && CY_IP_WCO && CY_IP_WCO_DWT_EN) */
  66:C:\Program Files (x86)\Cypress\PSoC Creator\4.4\PSoC Creator\1\LWO2.cydsn\Generated_Source\PSoC4\CyLFClk.c **** 
  67:C:\Program Files (x86)\Cypress\PSoC Creator\4.4\PSoC Creator\1\LWO2.cydsn\Generated_Source\PSoC4\CyLFClk.c **** #if(CY_IP_SRSSV2)
  68:C:\Program Files (x86)\Cypress\PSoC Creator\4.4\PSoC Creator\1\LWO2.cydsn\Generated_Source\PSoC4\CyLFClk.c ****     static cyWdtCallback cySysWdtCallback[CY_WDT_NUM_OF_WDT] = {(void *)0, (void *)0, (void *)0};
  69:C:\Program Files (x86)\Cypress\PSoC Creator\4.4\PSoC Creator\1\LWO2.cydsn\Generated_Source\PSoC4\CyLFClk.c **** #else
  70:C:\Program Files (x86)\Cypress\PSoC Creator\4.4\PSoC Creator\1\LWO2.cydsn\Generated_Source\PSoC4\CyLFClk.c ****     static cyWdtCallback cySysWdtCallback = (void *)0;
  71:C:\Program Files (x86)\Cypress\PSoC Creator\4.4\PSoC Creator\1\LWO2.cydsn\Generated_Source\PSoC4\CyLFClk.c **** #endif /* (CY_IP_SRSSV2) */
  72:C:\Program Files (x86)\Cypress\PSoC Creator\4.4\PSoC Creator\1\LWO2.cydsn\Generated_Source\PSoC4\CyLFClk.c **** 
  73:C:\Program Files (x86)\Cypress\PSoC Creator\4.4\PSoC Creator\1\LWO2.cydsn\Generated_Source\PSoC4\CyLFClk.c **** 
  74:C:\Program Files (x86)\Cypress\PSoC Creator\4.4\PSoC Creator\1\LWO2.cydsn\Generated_Source\PSoC4\CyLFClk.c **** /*******************************************************************************
  75:C:\Program Files (x86)\Cypress\PSoC Creator\4.4\PSoC Creator\1\LWO2.cydsn\Generated_Source\PSoC4\CyLFClk.c **** * Function Name: CySysClkIloStart
  76:C:\Program Files (x86)\Cypress\PSoC Creator\4.4\PSoC Creator\1\LWO2.cydsn\Generated_Source\PSoC4\CyLFClk.c **** ****************************************************************************//**
  77:C:\Program Files (x86)\Cypress\PSoC Creator\4.4\PSoC Creator\1\LWO2.cydsn\Generated_Source\PSoC4\CyLFClk.c **** * \brief
  78:C:\Program Files (x86)\Cypress\PSoC Creator\4.4\PSoC Creator\1\LWO2.cydsn\Generated_Source\PSoC4\CyLFClk.c **** *  Enables ILO.
  79:C:\Program Files (x86)\Cypress\PSoC Creator\4.4\PSoC Creator\1\LWO2.cydsn\Generated_Source\PSoC4\CyLFClk.c **** *
  80:C:\Program Files (x86)\Cypress\PSoC Creator\4.4\PSoC Creator\1\LWO2.cydsn\Generated_Source\PSoC4\CyLFClk.c **** *  Refer to the device datasheet for the ILO startup time.
  81:C:\Program Files (x86)\Cypress\PSoC Creator\4.4\PSoC Creator\1\LWO2.cydsn\Generated_Source\PSoC4\CyLFClk.c **** *
  82:C:\Program Files (x86)\Cypress\PSoC Creator\4.4\PSoC Creator\1\LWO2.cydsn\Generated_Source\PSoC4\CyLFClk.c **** *******************************************************************************/
  83:C:\Program Files (x86)\Cypress\PSoC Creator\4.4\PSoC Creator\1\LWO2.cydsn\Generated_Source\PSoC4\CyLFClk.c **** void CySysClkIloStart(void)
  84:C:\Program Files (x86)\Cypress\PSoC Creator\4.4\PSoC Creator\1\LWO2.cydsn\Generated_Source\PSoC4\CyLFClk.c **** {
  85:C:\Program Files (x86)\Cypress\PSoC Creator\4.4\PSoC Creator\1\LWO2.cydsn\Generated_Source\PSoC4\CyLFClk.c ****     CY_SYS_CLK_ILO_CONFIG_REG |= CY_SYS_CLK_ILO_CONFIG_ENABLE;
  86:C:\Program Files (x86)\Cypress\PSoC Creator\4.4\PSoC Creator\1\LWO2.cydsn\Generated_Source\PSoC4\CyLFClk.c **** }
  87:C:\Program Files (x86)\Cypress\PSoC Creator\4.4\PSoC Creator\1\LWO2.cydsn\Generated_Source\PSoC4\CyLFClk.c **** 
  88:C:\Program Files (x86)\Cypress\PSoC Creator\4.4\PSoC Creator\1\LWO2.cydsn\Generated_Source\PSoC4\CyLFClk.c **** 
ARM GAS  C:\Users\taips\AppData\Local\Temp\cc8A2Ndf.s 			page 3


  89:C:\Program Files (x86)\Cypress\PSoC Creator\4.4\PSoC Creator\1\LWO2.cydsn\Generated_Source\PSoC4\CyLFClk.c **** /*******************************************************************************
  90:C:\Program Files (x86)\Cypress\PSoC Creator\4.4\PSoC Creator\1\LWO2.cydsn\Generated_Source\PSoC4\CyLFClk.c **** * Function Name: CySysClkIloStop
  91:C:\Program Files (x86)\Cypress\PSoC Creator\4.4\PSoC Creator\1\LWO2.cydsn\Generated_Source\PSoC4\CyLFClk.c **** ****************************************************************************//**
  92:C:\Program Files (x86)\Cypress\PSoC Creator\4.4\PSoC Creator\1\LWO2.cydsn\Generated_Source\PSoC4\CyLFClk.c **** * \brief
  93:C:\Program Files (x86)\Cypress\PSoC Creator\4.4\PSoC Creator\1\LWO2.cydsn\Generated_Source\PSoC4\CyLFClk.c **** *  Disables the ILO.
  94:C:\Program Files (x86)\Cypress\PSoC Creator\4.4\PSoC Creator\1\LWO2.cydsn\Generated_Source\PSoC4\CyLFClk.c **** *
  95:C:\Program Files (x86)\Cypress\PSoC Creator\4.4\PSoC Creator\1\LWO2.cydsn\Generated_Source\PSoC4\CyLFClk.c **** *  This function has no effect if WDT is locked (CySysWdtLock() is
  96:C:\Program Files (x86)\Cypress\PSoC Creator\4.4\PSoC Creator\1\LWO2.cydsn\Generated_Source\PSoC4\CyLFClk.c **** *  called). Call CySysWdtUnlock() to unlock WDT and stop ILO.
  97:C:\Program Files (x86)\Cypress\PSoC Creator\4.4\PSoC Creator\1\LWO2.cydsn\Generated_Source\PSoC4\CyLFClk.c **** *
  98:C:\Program Files (x86)\Cypress\PSoC Creator\4.4\PSoC Creator\1\LWO2.cydsn\Generated_Source\PSoC4\CyLFClk.c **** *  PSoC 4100 / PSoC 4200: Note that ILO is required for WDT's operation.
  99:C:\Program Files (x86)\Cypress\PSoC Creator\4.4\PSoC Creator\1\LWO2.cydsn\Generated_Source\PSoC4\CyLFClk.c **** *
 100:C:\Program Files (x86)\Cypress\PSoC Creator\4.4\PSoC Creator\1\LWO2.cydsn\Generated_Source\PSoC4\CyLFClk.c **** *  PSoC 4100 BLE / PSoC 4200 BLE / PSoC 4200L / PSoC 4100M / 
 101:C:\Program Files (x86)\Cypress\PSoC Creator\4.4\PSoC Creator\1\LWO2.cydsn\Generated_Source\PSoC4\CyLFClk.c **** *  PSoC 4200M:
 102:C:\Program Files (x86)\Cypress\PSoC Creator\4.4\PSoC Creator\1\LWO2.cydsn\Generated_Source\PSoC4\CyLFClk.c **** *  Stopping ILO affects the peripheral clocked by LFCLK, if
 103:C:\Program Files (x86)\Cypress\PSoC Creator\4.4\PSoC Creator\1\LWO2.cydsn\Generated_Source\PSoC4\CyLFClk.c **** *  LFCLK is configured to be sourced by ILO.
 104:C:\Program Files (x86)\Cypress\PSoC Creator\4.4\PSoC Creator\1\LWO2.cydsn\Generated_Source\PSoC4\CyLFClk.c **** *
 105:C:\Program Files (x86)\Cypress\PSoC Creator\4.4\PSoC Creator\1\LWO2.cydsn\Generated_Source\PSoC4\CyLFClk.c **** *  If the ILO is disabled, all blocks run by ILO will stop functioning.
 106:C:\Program Files (x86)\Cypress\PSoC Creator\4.4\PSoC Creator\1\LWO2.cydsn\Generated_Source\PSoC4\CyLFClk.c **** *
 107:C:\Program Files (x86)\Cypress\PSoC Creator\4.4\PSoC Creator\1\LWO2.cydsn\Generated_Source\PSoC4\CyLFClk.c **** *******************************************************************************/
 108:C:\Program Files (x86)\Cypress\PSoC Creator\4.4\PSoC Creator\1\LWO2.cydsn\Generated_Source\PSoC4\CyLFClk.c **** void CySysClkIloStop(void)
 109:C:\Program Files (x86)\Cypress\PSoC Creator\4.4\PSoC Creator\1\LWO2.cydsn\Generated_Source\PSoC4\CyLFClk.c **** {
 110:C:\Program Files (x86)\Cypress\PSoC Creator\4.4\PSoC Creator\1\LWO2.cydsn\Generated_Source\PSoC4\CyLFClk.c ****     #if(CY_IP_SRSSV2)
 111:C:\Program Files (x86)\Cypress\PSoC Creator\4.4\PSoC Creator\1\LWO2.cydsn\Generated_Source\PSoC4\CyLFClk.c ****         uint8  interruptState;
 112:C:\Program Files (x86)\Cypress\PSoC Creator\4.4\PSoC Creator\1\LWO2.cydsn\Generated_Source\PSoC4\CyLFClk.c **** 
 113:C:\Program Files (x86)\Cypress\PSoC Creator\4.4\PSoC Creator\1\LWO2.cydsn\Generated_Source\PSoC4\CyLFClk.c ****         /* Do nothing if WDT is locked or ILO is disabled */
 114:C:\Program Files (x86)\Cypress\PSoC Creator\4.4\PSoC Creator\1\LWO2.cydsn\Generated_Source\PSoC4\CyLFClk.c ****         if (0u == CySysWdtLocked())
 115:C:\Program Files (x86)\Cypress\PSoC Creator\4.4\PSoC Creator\1\LWO2.cydsn\Generated_Source\PSoC4\CyLFClk.c ****         {
 116:C:\Program Files (x86)\Cypress\PSoC Creator\4.4\PSoC Creator\1\LWO2.cydsn\Generated_Source\PSoC4\CyLFClk.c ****             if (0u != CySysClkIloEnabled())
 117:C:\Program Files (x86)\Cypress\PSoC Creator\4.4\PSoC Creator\1\LWO2.cydsn\Generated_Source\PSoC4\CyLFClk.c ****             {
 118:C:\Program Files (x86)\Cypress\PSoC Creator\4.4\PSoC Creator\1\LWO2.cydsn\Generated_Source\PSoC4\CyLFClk.c **** 
 119:C:\Program Files (x86)\Cypress\PSoC Creator\4.4\PSoC Creator\1\LWO2.cydsn\Generated_Source\PSoC4\CyLFClk.c ****             #if (CY_IP_WCO)
 120:C:\Program Files (x86)\Cypress\PSoC Creator\4.4\PSoC Creator\1\LWO2.cydsn\Generated_Source\PSoC4\CyLFClk.c ****                 if (CY_SYS_CLK_LFCLK_SRC_ILO == CySysClkGetLfclkSource())
 121:C:\Program Files (x86)\Cypress\PSoC Creator\4.4\PSoC Creator\1\LWO2.cydsn\Generated_Source\PSoC4\CyLFClk.c ****                 {
 122:C:\Program Files (x86)\Cypress\PSoC Creator\4.4\PSoC Creator\1\LWO2.cydsn\Generated_Source\PSoC4\CyLFClk.c ****             #endif /* (CY_IP_WCO) */
 123:C:\Program Files (x86)\Cypress\PSoC Creator\4.4\PSoC Creator\1\LWO2.cydsn\Generated_Source\PSoC4\CyLFClk.c **** 
 124:C:\Program Files (x86)\Cypress\PSoC Creator\4.4\PSoC Creator\1\LWO2.cydsn\Generated_Source\PSoC4\CyLFClk.c ****                 interruptState = CyEnterCriticalSection();
 125:C:\Program Files (x86)\Cypress\PSoC Creator\4.4\PSoC Creator\1\LWO2.cydsn\Generated_Source\PSoC4\CyLFClk.c ****                 CySysClkLfclkPosedgeCatch();
 126:C:\Program Files (x86)\Cypress\PSoC Creator\4.4\PSoC Creator\1\LWO2.cydsn\Generated_Source\PSoC4\CyLFClk.c ****                 CY_SYS_CLK_ILO_CONFIG_REG &= (uint32) ( ~(uint32)CY_SYS_CLK_ILO_CONFIG_ENABLE);
 127:C:\Program Files (x86)\Cypress\PSoC Creator\4.4\PSoC Creator\1\LWO2.cydsn\Generated_Source\PSoC4\CyLFClk.c ****                 CySysClkLfclkPosedgeRestore();
 128:C:\Program Files (x86)\Cypress\PSoC Creator\4.4\PSoC Creator\1\LWO2.cydsn\Generated_Source\PSoC4\CyLFClk.c ****                 CyExitCriticalSection(interruptState);
 129:C:\Program Files (x86)\Cypress\PSoC Creator\4.4\PSoC Creator\1\LWO2.cydsn\Generated_Source\PSoC4\CyLFClk.c **** 
 130:C:\Program Files (x86)\Cypress\PSoC Creator\4.4\PSoC Creator\1\LWO2.cydsn\Generated_Source\PSoC4\CyLFClk.c ****             #if (CY_IP_WCO)
 131:C:\Program Files (x86)\Cypress\PSoC Creator\4.4\PSoC Creator\1\LWO2.cydsn\Generated_Source\PSoC4\CyLFClk.c ****                 }
 132:C:\Program Files (x86)\Cypress\PSoC Creator\4.4\PSoC Creator\1\LWO2.cydsn\Generated_Source\PSoC4\CyLFClk.c ****                 else /* Safe to disable - shortened pulse does not impact peripheral */
 133:C:\Program Files (x86)\Cypress\PSoC Creator\4.4\PSoC Creator\1\LWO2.cydsn\Generated_Source\PSoC4\CyLFClk.c ****                 {
 134:C:\Program Files (x86)\Cypress\PSoC Creator\4.4\PSoC Creator\1\LWO2.cydsn\Generated_Source\PSoC4\CyLFClk.c ****                     CY_SYS_CLK_ILO_CONFIG_REG &= (uint32) ( ~(uint32)CY_SYS_CLK_ILO_CONFIG_ENABLE);
 135:C:\Program Files (x86)\Cypress\PSoC Creator\4.4\PSoC Creator\1\LWO2.cydsn\Generated_Source\PSoC4\CyLFClk.c ****                 }
 136:C:\Program Files (x86)\Cypress\PSoC Creator\4.4\PSoC Creator\1\LWO2.cydsn\Generated_Source\PSoC4\CyLFClk.c ****             #endif /* (CY_IP_WCO) */
 137:C:\Program Files (x86)\Cypress\PSoC Creator\4.4\PSoC Creator\1\LWO2.cydsn\Generated_Source\PSoC4\CyLFClk.c **** 
 138:C:\Program Files (x86)\Cypress\PSoC Creator\4.4\PSoC Creator\1\LWO2.cydsn\Generated_Source\PSoC4\CyLFClk.c ****             }
 139:C:\Program Files (x86)\Cypress\PSoC Creator\4.4\PSoC Creator\1\LWO2.cydsn\Generated_Source\PSoC4\CyLFClk.c ****         }
 140:C:\Program Files (x86)\Cypress\PSoC Creator\4.4\PSoC Creator\1\LWO2.cydsn\Generated_Source\PSoC4\CyLFClk.c ****     #else
 141:C:\Program Files (x86)\Cypress\PSoC Creator\4.4\PSoC Creator\1\LWO2.cydsn\Generated_Source\PSoC4\CyLFClk.c ****         CY_SYS_CLK_ILO_CONFIG_REG &= ( uint32 ) ( ~( uint32 )CY_SYS_CLK_ILO_CONFIG_ENABLE);
 142:C:\Program Files (x86)\Cypress\PSoC Creator\4.4\PSoC Creator\1\LWO2.cydsn\Generated_Source\PSoC4\CyLFClk.c ****     #endif /* (CY_IP_SRSSV2) */
 143:C:\Program Files (x86)\Cypress\PSoC Creator\4.4\PSoC Creator\1\LWO2.cydsn\Generated_Source\PSoC4\CyLFClk.c **** }
 144:C:\Program Files (x86)\Cypress\PSoC Creator\4.4\PSoC Creator\1\LWO2.cydsn\Generated_Source\PSoC4\CyLFClk.c **** 
 145:C:\Program Files (x86)\Cypress\PSoC Creator\4.4\PSoC Creator\1\LWO2.cydsn\Generated_Source\PSoC4\CyLFClk.c **** 
ARM GAS  C:\Users\taips\AppData\Local\Temp\cc8A2Ndf.s 			page 4


 146:C:\Program Files (x86)\Cypress\PSoC Creator\4.4\PSoC Creator\1\LWO2.cydsn\Generated_Source\PSoC4\CyLFClk.c **** /******************************************************************************
 147:C:\Program Files (x86)\Cypress\PSoC Creator\4.4\PSoC Creator\1\LWO2.cydsn\Generated_Source\PSoC4\CyLFClk.c **** * Function Name: CySysClkIloStartMeasurement
 148:C:\Program Files (x86)\Cypress\PSoC Creator\4.4\PSoC Creator\1\LWO2.cydsn\Generated_Source\PSoC4\CyLFClk.c **** ***************************************************************************//**
 149:C:\Program Files (x86)\Cypress\PSoC Creator\4.4\PSoC Creator\1\LWO2.cydsn\Generated_Source\PSoC4\CyLFClk.c **** * \brief
 150:C:\Program Files (x86)\Cypress\PSoC Creator\4.4\PSoC Creator\1\LWO2.cydsn\Generated_Source\PSoC4\CyLFClk.c **** * Starts the ILO accuracy measurement.
 151:C:\Program Files (x86)\Cypress\PSoC Creator\4.4\PSoC Creator\1\LWO2.cydsn\Generated_Source\PSoC4\CyLFClk.c **** *
 152:C:\Program Files (x86)\Cypress\PSoC Creator\4.4\PSoC Creator\1\LWO2.cydsn\Generated_Source\PSoC4\CyLFClk.c **** * This function is non-blocking and needs to be called before using the 
 153:C:\Program Files (x86)\Cypress\PSoC Creator\4.4\PSoC Creator\1\LWO2.cydsn\Generated_Source\PSoC4\CyLFClk.c **** * CySysClkIloTrim() and CySysClkIloCompensate() API.
 154:C:\Program Files (x86)\Cypress\PSoC Creator\4.4\PSoC Creator\1\LWO2.cydsn\Generated_Source\PSoC4\CyLFClk.c **** *
 155:C:\Program Files (x86)\Cypress\PSoC Creator\4.4\PSoC Creator\1\LWO2.cydsn\Generated_Source\PSoC4\CyLFClk.c **** * This API configures measurement counters to be sourced by SysClk (Counter 1)
 156:C:\Program Files (x86)\Cypress\PSoC Creator\4.4\PSoC Creator\1\LWO2.cydsn\Generated_Source\PSoC4\CyLFClk.c **** * and ILO (Counter 2). 
 157:C:\Program Files (x86)\Cypress\PSoC Creator\4.4\PSoC Creator\1\LWO2.cydsn\Generated_Source\PSoC4\CyLFClk.c **** *
 158:C:\Program Files (x86)\Cypress\PSoC Creator\4.4\PSoC Creator\1\LWO2.cydsn\Generated_Source\PSoC4\CyLFClk.c **** * \note SysClk should be sourced by IMO. Otherwise CySysClkIloTrim() and 
 159:C:\Program Files (x86)\Cypress\PSoC Creator\4.4\PSoC Creator\1\LWO2.cydsn\Generated_Source\PSoC4\CyLFClk.c **** * CySysClkIloCompensate() API can give incorrect results.
 160:C:\Program Files (x86)\Cypress\PSoC Creator\4.4\PSoC Creator\1\LWO2.cydsn\Generated_Source\PSoC4\CyLFClk.c **** *
 161:C:\Program Files (x86)\Cypress\PSoC Creator\4.4\PSoC Creator\1\LWO2.cydsn\Generated_Source\PSoC4\CyLFClk.c **** * In addition, this API stores the factory ILO trim settings on the first call 
 162:C:\Program Files (x86)\Cypress\PSoC Creator\4.4\PSoC Creator\1\LWO2.cydsn\Generated_Source\PSoC4\CyLFClk.c **** * after reset. This stored factory setting is used by the 
 163:C:\Program Files (x86)\Cypress\PSoC Creator\4.4\PSoC Creator\1\LWO2.cydsn\Generated_Source\PSoC4\CyLFClk.c **** * CySysClkIloRestoreFactoryTrim() API to restore the ILO factory trim. 
 164:C:\Program Files (x86)\Cypress\PSoC Creator\4.4\PSoC Creator\1\LWO2.cydsn\Generated_Source\PSoC4\CyLFClk.c **** * Hence, it is important to call this API before restoring the ILO 
 165:C:\Program Files (x86)\Cypress\PSoC Creator\4.4\PSoC Creator\1\LWO2.cydsn\Generated_Source\PSoC4\CyLFClk.c **** * factory trim settings.
 166:C:\Program Files (x86)\Cypress\PSoC Creator\4.4\PSoC Creator\1\LWO2.cydsn\Generated_Source\PSoC4\CyLFClk.c **** *
 167:C:\Program Files (x86)\Cypress\PSoC Creator\4.4\PSoC Creator\1\LWO2.cydsn\Generated_Source\PSoC4\CyLFClk.c **** ******************************************************************************/
 168:C:\Program Files (x86)\Cypress\PSoC Creator\4.4\PSoC Creator\1\LWO2.cydsn\Generated_Source\PSoC4\CyLFClk.c **** void CySysClkIloStartMeasurement(void)
 169:C:\Program Files (x86)\Cypress\PSoC Creator\4.4\PSoC Creator\1\LWO2.cydsn\Generated_Source\PSoC4\CyLFClk.c **** {
 170:C:\Program Files (x86)\Cypress\PSoC Creator\4.4\PSoC Creator\1\LWO2.cydsn\Generated_Source\PSoC4\CyLFClk.c **** #if(CY_IP_SRSSV2 && (!CY_IP_CPUSS))
 171:C:\Program Files (x86)\Cypress\PSoC Creator\4.4\PSoC Creator\1\LWO2.cydsn\Generated_Source\PSoC4\CyLFClk.c ****     static uint8 iloTrimTrig = 0u;
 172:C:\Program Files (x86)\Cypress\PSoC Creator\4.4\PSoC Creator\1\LWO2.cydsn\Generated_Source\PSoC4\CyLFClk.c **** 
 173:C:\Program Files (x86)\Cypress\PSoC Creator\4.4\PSoC Creator\1\LWO2.cydsn\Generated_Source\PSoC4\CyLFClk.c ****     /* Write default ILO trim value while ILO starting ( Cypress ID 225244 )*/
 174:C:\Program Files (x86)\Cypress\PSoC Creator\4.4\PSoC Creator\1\LWO2.cydsn\Generated_Source\PSoC4\CyLFClk.c ****     if (0u == iloTrimTrig)
 175:C:\Program Files (x86)\Cypress\PSoC Creator\4.4\PSoC Creator\1\LWO2.cydsn\Generated_Source\PSoC4\CyLFClk.c ****     {
 176:C:\Program Files (x86)\Cypress\PSoC Creator\4.4\PSoC Creator\1\LWO2.cydsn\Generated_Source\PSoC4\CyLFClk.c ****         defaultIloTrimRegValue = ((uint8)(CY_SYS_CLK_ILO_TRIM_REG & CY_SYS_CLK_ILO_TRIM_MASK));
 177:C:\Program Files (x86)\Cypress\PSoC Creator\4.4\PSoC Creator\1\LWO2.cydsn\Generated_Source\PSoC4\CyLFClk.c ****         iloTrimTrig = 1u;
 178:C:\Program Files (x86)\Cypress\PSoC Creator\4.4\PSoC Creator\1\LWO2.cydsn\Generated_Source\PSoC4\CyLFClk.c ****     }
 179:C:\Program Files (x86)\Cypress\PSoC Creator\4.4\PSoC Creator\1\LWO2.cydsn\Generated_Source\PSoC4\CyLFClk.c **** #endif /* (CY_IP_SRSSV2 && (!CY_IP_CPUSS)) */
 180:C:\Program Files (x86)\Cypress\PSoC Creator\4.4\PSoC Creator\1\LWO2.cydsn\Generated_Source\PSoC4\CyLFClk.c **** 
 181:C:\Program Files (x86)\Cypress\PSoC Creator\4.4\PSoC Creator\1\LWO2.cydsn\Generated_Source\PSoC4\CyLFClk.c ****     /* Configure measurement counters to source by SysClk (Counter 1) and ILO (Counter 2)*/
 182:C:\Program Files (x86)\Cypress\PSoC Creator\4.4\PSoC Creator\1\LWO2.cydsn\Generated_Source\PSoC4\CyLFClk.c ****     CY_SYS_CLK_DFT_REG = (CY_SYS_CLK_DFT_REG & (uint32) ~CY_SYS_CLK_DFT_SELECT_DEFAULT_MASK) |
 183:C:\Program Files (x86)\Cypress\PSoC Creator\4.4\PSoC Creator\1\LWO2.cydsn\Generated_Source\PSoC4\CyLFClk.c ****                             CY_SYS_CLK_SEL_ILO_DFT_SOURCE; 
 184:C:\Program Files (x86)\Cypress\PSoC Creator\4.4\PSoC Creator\1\LWO2.cydsn\Generated_Source\PSoC4\CyLFClk.c **** 
 185:C:\Program Files (x86)\Cypress\PSoC Creator\4.4\PSoC Creator\1\LWO2.cydsn\Generated_Source\PSoC4\CyLFClk.c ****     CY_SYS_TST_DDFT_CTRL_REG = (CY_SYS_TST_DDFT_CTRL_REG & (uint32) ~ CY_SYS_TST_DDFT_CTRL_REG_DEFA
 186:C:\Program Files (x86)\Cypress\PSoC Creator\4.4\PSoC Creator\1\LWO2.cydsn\Generated_Source\PSoC4\CyLFClk.c ****                             CY_SYS_TST_DDFT_CTRL_REG_SEL2_CLK1;
 187:C:\Program Files (x86)\Cypress\PSoC Creator\4.4\PSoC Creator\1\LWO2.cydsn\Generated_Source\PSoC4\CyLFClk.c **** }
 188:C:\Program Files (x86)\Cypress\PSoC Creator\4.4\PSoC Creator\1\LWO2.cydsn\Generated_Source\PSoC4\CyLFClk.c **** 
 189:C:\Program Files (x86)\Cypress\PSoC Creator\4.4\PSoC Creator\1\LWO2.cydsn\Generated_Source\PSoC4\CyLFClk.c **** 
 190:C:\Program Files (x86)\Cypress\PSoC Creator\4.4\PSoC Creator\1\LWO2.cydsn\Generated_Source\PSoC4\CyLFClk.c **** /******************************************************************************
 191:C:\Program Files (x86)\Cypress\PSoC Creator\4.4\PSoC Creator\1\LWO2.cydsn\Generated_Source\PSoC4\CyLFClk.c **** * Function Name: CySysClkIloStopMeasurement
 192:C:\Program Files (x86)\Cypress\PSoC Creator\4.4\PSoC Creator\1\LWO2.cydsn\Generated_Source\PSoC4\CyLFClk.c **** ***************************************************************************//**
 193:C:\Program Files (x86)\Cypress\PSoC Creator\4.4\PSoC Creator\1\LWO2.cydsn\Generated_Source\PSoC4\CyLFClk.c **** * \brief
 194:C:\Program Files (x86)\Cypress\PSoC Creator\4.4\PSoC Creator\1\LWO2.cydsn\Generated_Source\PSoC4\CyLFClk.c **** * Stops the ILO accuracy measurement.
 195:C:\Program Files (x86)\Cypress\PSoC Creator\4.4\PSoC Creator\1\LWO2.cydsn\Generated_Source\PSoC4\CyLFClk.c **** *
 196:C:\Program Files (x86)\Cypress\PSoC Creator\4.4\PSoC Creator\1\LWO2.cydsn\Generated_Source\PSoC4\CyLFClk.c **** * Calling this function immediately stops the the ILO frequency measurement.
 197:C:\Program Files (x86)\Cypress\PSoC Creator\4.4\PSoC Creator\1\LWO2.cydsn\Generated_Source\PSoC4\CyLFClk.c **** * This function should be called before placing the device to deepsleep, if 
 198:C:\Program Files (x86)\Cypress\PSoC Creator\4.4\PSoC Creator\1\LWO2.cydsn\Generated_Source\PSoC4\CyLFClk.c **** * CySysClkIloStartMeasurement() API was called before. 
 199:C:\Program Files (x86)\Cypress\PSoC Creator\4.4\PSoC Creator\1\LWO2.cydsn\Generated_Source\PSoC4\CyLFClk.c **** *
 200:C:\Program Files (x86)\Cypress\PSoC Creator\4.4\PSoC Creator\1\LWO2.cydsn\Generated_Source\PSoC4\CyLFClk.c **** ******************************************************************************/
 201:C:\Program Files (x86)\Cypress\PSoC Creator\4.4\PSoC Creator\1\LWO2.cydsn\Generated_Source\PSoC4\CyLFClk.c **** void CySysClkIloStopMeasurement(void)
 202:C:\Program Files (x86)\Cypress\PSoC Creator\4.4\PSoC Creator\1\LWO2.cydsn\Generated_Source\PSoC4\CyLFClk.c **** {
ARM GAS  C:\Users\taips\AppData\Local\Temp\cc8A2Ndf.s 			page 5


 203:C:\Program Files (x86)\Cypress\PSoC Creator\4.4\PSoC Creator\1\LWO2.cydsn\Generated_Source\PSoC4\CyLFClk.c ****     /* Set default configurations in 11...8 DFT register bits to zero */
 204:C:\Program Files (x86)\Cypress\PSoC Creator\4.4\PSoC Creator\1\LWO2.cydsn\Generated_Source\PSoC4\CyLFClk.c ****     CY_SYS_CLK_DFT_REG &= ~CY_SYS_CLK_DFT_SELECT_DEFAULT_MASK;
 205:C:\Program Files (x86)\Cypress\PSoC Creator\4.4\PSoC Creator\1\LWO2.cydsn\Generated_Source\PSoC4\CyLFClk.c ****     #if(CY_IP_SRSSLT)
 206:C:\Program Files (x86)\Cypress\PSoC Creator\4.4\PSoC Creator\1\LWO2.cydsn\Generated_Source\PSoC4\CyLFClk.c ****         CY_SYS_TST_DDFT_CTRL_REG &= ((uint32) CY_SYS_TST_DDFT_CTRL_REG_DEFAULT_MASK);
 207:C:\Program Files (x86)\Cypress\PSoC Creator\4.4\PSoC Creator\1\LWO2.cydsn\Generated_Source\PSoC4\CyLFClk.c ****     #endif /* (CY_IP_SRSSLT) */
 208:C:\Program Files (x86)\Cypress\PSoC Creator\4.4\PSoC Creator\1\LWO2.cydsn\Generated_Source\PSoC4\CyLFClk.c **** }
 209:C:\Program Files (x86)\Cypress\PSoC Creator\4.4\PSoC Creator\1\LWO2.cydsn\Generated_Source\PSoC4\CyLFClk.c **** 
 210:C:\Program Files (x86)\Cypress\PSoC Creator\4.4\PSoC Creator\1\LWO2.cydsn\Generated_Source\PSoC4\CyLFClk.c **** 
 211:C:\Program Files (x86)\Cypress\PSoC Creator\4.4\PSoC Creator\1\LWO2.cydsn\Generated_Source\PSoC4\CyLFClk.c **** /******************************************************************************
 212:C:\Program Files (x86)\Cypress\PSoC Creator\4.4\PSoC Creator\1\LWO2.cydsn\Generated_Source\PSoC4\CyLFClk.c **** * Function Name: CySysClkIloCompensate
 213:C:\Program Files (x86)\Cypress\PSoC Creator\4.4\PSoC Creator\1\LWO2.cydsn\Generated_Source\PSoC4\CyLFClk.c **** ***************************************************************************//**
 214:C:\Program Files (x86)\Cypress\PSoC Creator\4.4\PSoC Creator\1\LWO2.cydsn\Generated_Source\PSoC4\CyLFClk.c **** * \brief
 215:C:\Program Files (x86)\Cypress\PSoC Creator\4.4\PSoC Creator\1\LWO2.cydsn\Generated_Source\PSoC4\CyLFClk.c **** * This API measures the current ILO accuracy.
 216:C:\Program Files (x86)\Cypress\PSoC Creator\4.4\PSoC Creator\1\LWO2.cydsn\Generated_Source\PSoC4\CyLFClk.c **** *
 217:C:\Program Files (x86)\Cypress\PSoC Creator\4.4\PSoC Creator\1\LWO2.cydsn\Generated_Source\PSoC4\CyLFClk.c **** * Basing on the measured frequency the required number of ILO cycles for a 
 218:C:\Program Files (x86)\Cypress\PSoC Creator\4.4\PSoC Creator\1\LWO2.cydsn\Generated_Source\PSoC4\CyLFClk.c **** * given delay (in microseconds) is obtained. The desired delay that needs to 
 219:C:\Program Files (x86)\Cypress\PSoC Creator\4.4\PSoC Creator\1\LWO2.cydsn\Generated_Source\PSoC4\CyLFClk.c **** * be compensated is passed through the desiredDelay parameter. The compensated 
 220:C:\Program Files (x86)\Cypress\PSoC Creator\4.4\PSoC Creator\1\LWO2.cydsn\Generated_Source\PSoC4\CyLFClk.c **** * cycle count is returned through the compesatedCycles pointer.
 221:C:\Program Files (x86)\Cypress\PSoC Creator\4.4\PSoC Creator\1\LWO2.cydsn\Generated_Source\PSoC4\CyLFClk.c **** * The compensated ILO cycles can then be used to define the WDT period value, 
 222:C:\Program Files (x86)\Cypress\PSoC Creator\4.4\PSoC Creator\1\LWO2.cydsn\Generated_Source\PSoC4\CyLFClk.c **** * effectively compensating for the ILO inaccuracy and allowing a more 
 223:C:\Program Files (x86)\Cypress\PSoC Creator\4.4\PSoC Creator\1\LWO2.cydsn\Generated_Source\PSoC4\CyLFClk.c **** * accurate WDT interrupt generation.
 224:C:\Program Files (x86)\Cypress\PSoC Creator\4.4\PSoC Creator\1\LWO2.cydsn\Generated_Source\PSoC4\CyLFClk.c **** *
 225:C:\Program Files (x86)\Cypress\PSoC Creator\4.4\PSoC Creator\1\LWO2.cydsn\Generated_Source\PSoC4\CyLFClk.c **** * CySysClkIloStartMeasurement() API should be called prior to calling this API. 
 226:C:\Program Files (x86)\Cypress\PSoC Creator\4.4\PSoC Creator\1\LWO2.cydsn\Generated_Source\PSoC4\CyLFClk.c **** *
 227:C:\Program Files (x86)\Cypress\PSoC Creator\4.4\PSoC Creator\1\LWO2.cydsn\Generated_Source\PSoC4\CyLFClk.c **** * \note SysClk should be sourced by IMO. Otherwise CySysClkIloTrim() and 
 228:C:\Program Files (x86)\Cypress\PSoC Creator\4.4\PSoC Creator\1\LWO2.cydsn\Generated_Source\PSoC4\CyLFClk.c **** * CySysClkIloCompensate() API can give incorrect results.
 229:C:\Program Files (x86)\Cypress\PSoC Creator\4.4\PSoC Creator\1\LWO2.cydsn\Generated_Source\PSoC4\CyLFClk.c **** *
 230:C:\Program Files (x86)\Cypress\PSoC Creator\4.4\PSoC Creator\1\LWO2.cydsn\Generated_Source\PSoC4\CyLFClk.c **** * \note If the System clock frequency is changed in runtime, the CyDelayFreq() 
 231:C:\Program Files (x86)\Cypress\PSoC Creator\4.4\PSoC Creator\1\LWO2.cydsn\Generated_Source\PSoC4\CyLFClk.c **** * with the appropriate parameter (Frequency of bus clock in Hertz) should be 
 232:C:\Program Files (x86)\Cypress\PSoC Creator\4.4\PSoC Creator\1\LWO2.cydsn\Generated_Source\PSoC4\CyLFClk.c **** * called before calling a next CySysClkIloCompensate().
 233:C:\Program Files (x86)\Cypress\PSoC Creator\4.4\PSoC Creator\1\LWO2.cydsn\Generated_Source\PSoC4\CyLFClk.c **** *
 234:C:\Program Files (x86)\Cypress\PSoC Creator\4.4\PSoC Creator\1\LWO2.cydsn\Generated_Source\PSoC4\CyLFClk.c **** * \warning Do not enter deep sleep mode until the function returns CYRET_SUCCESS.
 235:C:\Program Files (x86)\Cypress\PSoC Creator\4.4\PSoC Creator\1\LWO2.cydsn\Generated_Source\PSoC4\CyLFClk.c **** *
 236:C:\Program Files (x86)\Cypress\PSoC Creator\4.4\PSoC Creator\1\LWO2.cydsn\Generated_Source\PSoC4\CyLFClk.c **** * \param desiredDelay Required delay in microseconds.
 237:C:\Program Files (x86)\Cypress\PSoC Creator\4.4\PSoC Creator\1\LWO2.cydsn\Generated_Source\PSoC4\CyLFClk.c **** *
 238:C:\Program Files (x86)\Cypress\PSoC Creator\4.4\PSoC Creator\1\LWO2.cydsn\Generated_Source\PSoC4\CyLFClk.c **** * \param *compensatedCycles The pointer to the variable in which the required
 239:C:\Program Files (x86)\Cypress\PSoC Creator\4.4\PSoC Creator\1\LWO2.cydsn\Generated_Source\PSoC4\CyLFClk.c **** * number of ILO cycles for the given delay will be returned.
 240:C:\Program Files (x86)\Cypress\PSoC Creator\4.4\PSoC Creator\1\LWO2.cydsn\Generated_Source\PSoC4\CyLFClk.c **** *
 241:C:\Program Files (x86)\Cypress\PSoC Creator\4.4\PSoC Creator\1\LWO2.cydsn\Generated_Source\PSoC4\CyLFClk.c **** * \details
 242:C:\Program Files (x86)\Cypress\PSoC Creator\4.4\PSoC Creator\1\LWO2.cydsn\Generated_Source\PSoC4\CyLFClk.c **** * The value returned in *compensatedCycles pointer is not valid until the 
 243:C:\Program Files (x86)\Cypress\PSoC Creator\4.4\PSoC Creator\1\LWO2.cydsn\Generated_Source\PSoC4\CyLFClk.c **** * function returns CYRET_SUCCESS.
 244:C:\Program Files (x86)\Cypress\PSoC Creator\4.4\PSoC Creator\1\LWO2.cydsn\Generated_Source\PSoC4\CyLFClk.c **** *
 245:C:\Program Files (x86)\Cypress\PSoC Creator\4.4\PSoC Creator\1\LWO2.cydsn\Generated_Source\PSoC4\CyLFClk.c **** * The desiredDelay parameter value should be in next range: <br>From 100 to 
 246:C:\Program Files (x86)\Cypress\PSoC Creator\4.4\PSoC Creator\1\LWO2.cydsn\Generated_Source\PSoC4\CyLFClk.c **** * 2 000 000 microseconds for PSoC 4000 / PSoC 4000S / PSoC 4100S / PSoC Analog 
 247:C:\Program Files (x86)\Cypress\PSoC Creator\4.4\PSoC Creator\1\LWO2.cydsn\Generated_Source\PSoC4\CyLFClk.c **** * Coprocessor devices.<br>From 100 to 4 000 000 000 microseconds for 
 248:C:\Program Files (x86)\Cypress\PSoC Creator\4.4\PSoC Creator\1\LWO2.cydsn\Generated_Source\PSoC4\CyLFClk.c **** * PSoC 4100 / PSoC 4200 / PSoC 4100 BLE / PSoC 4200 BLE / PRoC BLE /
 249:C:\Program Files (x86)\Cypress\PSoC Creator\4.4\PSoC Creator\1\LWO2.cydsn\Generated_Source\PSoC4\CyLFClk.c **** * PSoC 4200L / PSoC 4100M /PSoC 4200M devices.
 250:C:\Program Files (x86)\Cypress\PSoC Creator\4.4\PSoC Creator\1\LWO2.cydsn\Generated_Source\PSoC4\CyLFClk.c **** *
 251:C:\Program Files (x86)\Cypress\PSoC Creator\4.4\PSoC Creator\1\LWO2.cydsn\Generated_Source\PSoC4\CyLFClk.c **** * \return CYRET_SUCCESS - The compensation process is complete and the 
 252:C:\Program Files (x86)\Cypress\PSoC Creator\4.4\PSoC Creator\1\LWO2.cydsn\Generated_Source\PSoC4\CyLFClk.c **** * compensated cycles value is returned in the compensatedCycles pointer.
 253:C:\Program Files (x86)\Cypress\PSoC Creator\4.4\PSoC Creator\1\LWO2.cydsn\Generated_Source\PSoC4\CyLFClk.c **** *
 254:C:\Program Files (x86)\Cypress\PSoC Creator\4.4\PSoC Creator\1\LWO2.cydsn\Generated_Source\PSoC4\CyLFClk.c **** * \return CYRET_STARTED - Indicates measurement is in progress. It is 
 255:C:\Program Files (x86)\Cypress\PSoC Creator\4.4\PSoC Creator\1\LWO2.cydsn\Generated_Source\PSoC4\CyLFClk.c **** * strongly recommended to do not make pauses between API calling. The 
 256:C:\Program Files (x86)\Cypress\PSoC Creator\4.4\PSoC Creator\1\LWO2.cydsn\Generated_Source\PSoC4\CyLFClk.c **** * function should be called repeatedly until the API returns CYRET_SUCCESS.
 257:C:\Program Files (x86)\Cypress\PSoC Creator\4.4\PSoC Creator\1\LWO2.cydsn\Generated_Source\PSoC4\CyLFClk.c **** *
 258:C:\Program Files (x86)\Cypress\PSoC Creator\4.4\PSoC Creator\1\LWO2.cydsn\Generated_Source\PSoC4\CyLFClk.c **** * \return CYRET_INVALID_STATE - Indicates that measurement not started. 
 259:C:\Program Files (x86)\Cypress\PSoC Creator\4.4\PSoC Creator\1\LWO2.cydsn\Generated_Source\PSoC4\CyLFClk.c **** * The user should call CySysClkIloStartMeasurement() API before calling 
ARM GAS  C:\Users\taips\AppData\Local\Temp\cc8A2Ndf.s 			page 6


 260:C:\Program Files (x86)\Cypress\PSoC Creator\4.4\PSoC Creator\1\LWO2.cydsn\Generated_Source\PSoC4\CyLFClk.c **** * this API.
 261:C:\Program Files (x86)\Cypress\PSoC Creator\4.4\PSoC Creator\1\LWO2.cydsn\Generated_Source\PSoC4\CyLFClk.c **** *
 262:C:\Program Files (x86)\Cypress\PSoC Creator\4.4\PSoC Creator\1\LWO2.cydsn\Generated_Source\PSoC4\CyLFClk.c **** * \note For a correct WDT or DeepSleep Timers functioning with ILO compensating 
 263:C:\Program Files (x86)\Cypress\PSoC Creator\4.4\PSoC Creator\1\LWO2.cydsn\Generated_Source\PSoC4\CyLFClk.c **** * the CySysClkIloCompensate() should be called before WDT or DeepSleep Timers 
 264:C:\Program Files (x86)\Cypress\PSoC Creator\4.4\PSoC Creator\1\LWO2.cydsn\Generated_Source\PSoC4\CyLFClk.c **** * enabling.
 265:C:\Program Files (x86)\Cypress\PSoC Creator\4.4\PSoC Creator\1\LWO2.cydsn\Generated_Source\PSoC4\CyLFClk.c **** *
 266:C:\Program Files (x86)\Cypress\PSoC Creator\4.4\PSoC Creator\1\LWO2.cydsn\Generated_Source\PSoC4\CyLFClk.c **** *******************************************************************************/
 267:C:\Program Files (x86)\Cypress\PSoC Creator\4.4\PSoC Creator\1\LWO2.cydsn\Generated_Source\PSoC4\CyLFClk.c **** cystatus CySysClkIloCompensate(uint32 desiredDelay , uint32* compensatedCycles)
 268:C:\Program Files (x86)\Cypress\PSoC Creator\4.4\PSoC Creator\1\LWO2.cydsn\Generated_Source\PSoC4\CyLFClk.c **** {
 269:C:\Program Files (x86)\Cypress\PSoC Creator\4.4\PSoC Creator\1\LWO2.cydsn\Generated_Source\PSoC4\CyLFClk.c ****     uint32 iloCompensatedCycles;
 270:C:\Program Files (x86)\Cypress\PSoC Creator\4.4\PSoC Creator\1\LWO2.cydsn\Generated_Source\PSoC4\CyLFClk.c ****     uint32 desiredDelayInCounts;
 271:C:\Program Files (x86)\Cypress\PSoC Creator\4.4\PSoC Creator\1\LWO2.cydsn\Generated_Source\PSoC4\CyLFClk.c ****     static uint32 compensateRunningStatus = CY_SYS_CLK_TRIM_OR_COMP_FINISHED;
 272:C:\Program Files (x86)\Cypress\PSoC Creator\4.4\PSoC Creator\1\LWO2.cydsn\Generated_Source\PSoC4\CyLFClk.c ****     uint32 checkStatus;
 273:C:\Program Files (x86)\Cypress\PSoC Creator\4.4\PSoC Creator\1\LWO2.cydsn\Generated_Source\PSoC4\CyLFClk.c ****     cystatus returnStatus;
 274:C:\Program Files (x86)\Cypress\PSoC Creator\4.4\PSoC Creator\1\LWO2.cydsn\Generated_Source\PSoC4\CyLFClk.c **** 
 275:C:\Program Files (x86)\Cypress\PSoC Creator\4.4\PSoC Creator\1\LWO2.cydsn\Generated_Source\PSoC4\CyLFClk.c ****     checkStatus = (uint32) (CY_SYS_CLK_DFT_REG & (uint32) CY_SYS_TST_DDFT_CTRL_REG_DEFAULT_MASK);
 276:C:\Program Files (x86)\Cypress\PSoC Creator\4.4\PSoC Creator\1\LWO2.cydsn\Generated_Source\PSoC4\CyLFClk.c **** 
 277:C:\Program Files (x86)\Cypress\PSoC Creator\4.4\PSoC Creator\1\LWO2.cydsn\Generated_Source\PSoC4\CyLFClk.c ****     /* Check if CySysStartMeasurement was called before */
 278:C:\Program Files (x86)\Cypress\PSoC Creator\4.4\PSoC Creator\1\LWO2.cydsn\Generated_Source\PSoC4\CyLFClk.c ****     if((checkStatus == CY_SYS_CLK_SEL_ILO_DFT_SOURCE) && 
 279:C:\Program Files (x86)\Cypress\PSoC Creator\4.4\PSoC Creator\1\LWO2.cydsn\Generated_Source\PSoC4\CyLFClk.c ****        (CY_SYS_TST_DDFT_CTRL_REG == CY_SYS_TST_DDFT_CTRL_REG_SEL2_CLK1) &&
 280:C:\Program Files (x86)\Cypress\PSoC Creator\4.4\PSoC Creator\1\LWO2.cydsn\Generated_Source\PSoC4\CyLFClk.c ****        (CY_SYS_CLK_MAX_DELAY_US >= desiredDelay) &&
 281:C:\Program Files (x86)\Cypress\PSoC Creator\4.4\PSoC Creator\1\LWO2.cydsn\Generated_Source\PSoC4\CyLFClk.c ****        (CY_SYS_CLK_MIN_DELAY_US <= desiredDelay) &&
 282:C:\Program Files (x86)\Cypress\PSoC Creator\4.4\PSoC Creator\1\LWO2.cydsn\Generated_Source\PSoC4\CyLFClk.c ****        (compensatedCycles !=  NULL))
 283:C:\Program Files (x86)\Cypress\PSoC Creator\4.4\PSoC Creator\1\LWO2.cydsn\Generated_Source\PSoC4\CyLFClk.c ****     {
 284:C:\Program Files (x86)\Cypress\PSoC Creator\4.4\PSoC Creator\1\LWO2.cydsn\Generated_Source\PSoC4\CyLFClk.c ****         if(CY_SYS_CLK_TRIM_OR_COMP_FINISHED != compensateRunningStatus)
 285:C:\Program Files (x86)\Cypress\PSoC Creator\4.4\PSoC Creator\1\LWO2.cydsn\Generated_Source\PSoC4\CyLFClk.c ****         {
 286:C:\Program Files (x86)\Cypress\PSoC Creator\4.4\PSoC Creator\1\LWO2.cydsn\Generated_Source\PSoC4\CyLFClk.c ****             /* Wait until counter 1 stopped counting and after it calculate compensated cycles */
 287:C:\Program Files (x86)\Cypress\PSoC Creator\4.4\PSoC Creator\1\LWO2.cydsn\Generated_Source\PSoC4\CyLFClk.c ****             if(0u != (CY_SYS_CNT_REG1_REG & CY_SYS_CLK_ILO_CALIBR_COMPLETE_MASK))
 288:C:\Program Files (x86)\Cypress\PSoC Creator\4.4\PSoC Creator\1\LWO2.cydsn\Generated_Source\PSoC4\CyLFClk.c ****             {
 289:C:\Program Files (x86)\Cypress\PSoC Creator\4.4\PSoC Creator\1\LWO2.cydsn\Generated_Source\PSoC4\CyLFClk.c ****                 if (0u != CY_SYS_CNT_REG2_REG)
 290:C:\Program Files (x86)\Cypress\PSoC Creator\4.4\PSoC Creator\1\LWO2.cydsn\Generated_Source\PSoC4\CyLFClk.c ****                 {
 291:C:\Program Files (x86)\Cypress\PSoC Creator\4.4\PSoC Creator\1\LWO2.cydsn\Generated_Source\PSoC4\CyLFClk.c ****                     /* Calculate required number of ILO cycles for given delay */
 292:C:\Program Files (x86)\Cypress\PSoC Creator\4.4\PSoC Creator\1\LWO2.cydsn\Generated_Source\PSoC4\CyLFClk.c ****                     #if(CY_IP_SRSSV2)
 293:C:\Program Files (x86)\Cypress\PSoC Creator\4.4\PSoC Creator\1\LWO2.cydsn\Generated_Source\PSoC4\CyLFClk.c ****                         if (CY_SYS_CLK_DELAY_COUNTS_LIMIT < desiredDelay)
 294:C:\Program Files (x86)\Cypress\PSoC Creator\4.4\PSoC Creator\1\LWO2.cydsn\Generated_Source\PSoC4\CyLFClk.c ****                         {
 295:C:\Program Files (x86)\Cypress\PSoC Creator\4.4\PSoC Creator\1\LWO2.cydsn\Generated_Source\PSoC4\CyLFClk.c ****                             desiredDelayInCounts = (desiredDelay / CY_SYS_CLK_ILO_PERIOD);
 296:C:\Program Files (x86)\Cypress\PSoC Creator\4.4\PSoC Creator\1\LWO2.cydsn\Generated_Source\PSoC4\CyLFClk.c ****                             iloCompensatedCycles = 
 297:C:\Program Files (x86)\Cypress\PSoC Creator\4.4\PSoC Creator\1\LWO2.cydsn\Generated_Source\PSoC4\CyLFClk.c ****                             (((CY_SYS_CNT_REG2_REG * cydelayFreqHz) / (cydelayFreqHz >> CY_SYS_CLK_
 298:C:\Program Files (x86)\Cypress\PSoC Creator\4.4\PSoC Creator\1\LWO2.cydsn\Generated_Source\PSoC4\CyLFClk.c ****                                 CY_SYS_CLK_ILO_FREQ_2MSB) * (desiredDelayInCounts / CY_SYS_CLK_ILO_
 299:C:\Program Files (x86)\Cypress\PSoC Creator\4.4\PSoC Creator\1\LWO2.cydsn\Generated_Source\PSoC4\CyLFClk.c ****                         }
 300:C:\Program Files (x86)\Cypress\PSoC Creator\4.4\PSoC Creator\1\LWO2.cydsn\Generated_Source\PSoC4\CyLFClk.c ****                         else
 301:C:\Program Files (x86)\Cypress\PSoC Creator\4.4\PSoC Creator\1\LWO2.cydsn\Generated_Source\PSoC4\CyLFClk.c ****                         {
 302:C:\Program Files (x86)\Cypress\PSoC Creator\4.4\PSoC Creator\1\LWO2.cydsn\Generated_Source\PSoC4\CyLFClk.c ****                             desiredDelayInCounts = ((desiredDelay * CY_SYS_CLK_COEF_PHUNDRED) + 
 303:C:\Program Files (x86)\Cypress\PSoC Creator\4.4\PSoC Creator\1\LWO2.cydsn\Generated_Source\PSoC4\CyLFClk.c ****                                                      CY_SYS_CLK_HALF_OF_CLOCK) / CY_SYS_CLK_ILO_PER
 304:C:\Program Files (x86)\Cypress\PSoC Creator\4.4\PSoC Creator\1\LWO2.cydsn\Generated_Source\PSoC4\CyLFClk.c **** 
 305:C:\Program Files (x86)\Cypress\PSoC Creator\4.4\PSoC Creator\1\LWO2.cydsn\Generated_Source\PSoC4\CyLFClk.c ****                             iloCompensatedCycles = (((CY_SYS_CNT_REG2_REG * cydelayFreqHz) / 
 306:C:\Program Files (x86)\Cypress\PSoC Creator\4.4\PSoC Creator\1\LWO2.cydsn\Generated_Source\PSoC4\CyLFClk.c ****                                                      (cydelayFreqHz >> CY_SYS_CLK_SYS_CLK_DEVIDER))
 307:C:\Program Files (x86)\Cypress\PSoC Creator\4.4\PSoC Creator\1\LWO2.cydsn\Generated_Source\PSoC4\CyLFClk.c ****                                                      desiredDelayInCounts) / CY_SYS_CLK_ILO_DESIRED
 308:C:\Program Files (x86)\Cypress\PSoC Creator\4.4\PSoC Creator\1\LWO2.cydsn\Generated_Source\PSoC4\CyLFClk.c ****                         }
 309:C:\Program Files (x86)\Cypress\PSoC Creator\4.4\PSoC Creator\1\LWO2.cydsn\Generated_Source\PSoC4\CyLFClk.c ****                     #else /* (CY_IP_SRSSLT) */
 310:C:\Program Files (x86)\Cypress\PSoC Creator\4.4\PSoC Creator\1\LWO2.cydsn\Generated_Source\PSoC4\CyLFClk.c ****                         desiredDelayInCounts = ((desiredDelay * CY_SYS_CLK_COEF_PHUNDRED) + CY_SYS_
 311:C:\Program Files (x86)\Cypress\PSoC Creator\4.4\PSoC Creator\1\LWO2.cydsn\Generated_Source\PSoC4\CyLFClk.c ****                                                                                            CY_SYS_C
 312:C:\Program Files (x86)\Cypress\PSoC Creator\4.4\PSoC Creator\1\LWO2.cydsn\Generated_Source\PSoC4\CyLFClk.c ****                         if(CY_SYS_CLK_MAX_LITE_NUMBER < desiredDelayInCounts)
 313:C:\Program Files (x86)\Cypress\PSoC Creator\4.4\PSoC Creator\1\LWO2.cydsn\Generated_Source\PSoC4\CyLFClk.c ****                         {
 314:C:\Program Files (x86)\Cypress\PSoC Creator\4.4\PSoC Creator\1\LWO2.cydsn\Generated_Source\PSoC4\CyLFClk.c ****                             iloCompensatedCycles = (((CY_SYS_CNT_REG2_REG * cydelayFreqHz) / (cydel
 315:C:\Program Files (x86)\Cypress\PSoC Creator\4.4\PSoC Creator\1\LWO2.cydsn\Generated_Source\PSoC4\CyLFClk.c ****                                                    CY_SYS_CLK_SYS_CLK_DEVIDER)) / CY_SYS_CLK_ILO_FR
 316:C:\Program Files (x86)\Cypress\PSoC Creator\4.4\PSoC Creator\1\LWO2.cydsn\Generated_Source\PSoC4\CyLFClk.c ****                                                    (desiredDelayInCounts / CY_SYS_CLK_ILO_FREQ_3LSB
ARM GAS  C:\Users\taips\AppData\Local\Temp\cc8A2Ndf.s 			page 7


 317:C:\Program Files (x86)\Cypress\PSoC Creator\4.4\PSoC Creator\1\LWO2.cydsn\Generated_Source\PSoC4\CyLFClk.c ****                         }
 318:C:\Program Files (x86)\Cypress\PSoC Creator\4.4\PSoC Creator\1\LWO2.cydsn\Generated_Source\PSoC4\CyLFClk.c ****                         else
 319:C:\Program Files (x86)\Cypress\PSoC Creator\4.4\PSoC Creator\1\LWO2.cydsn\Generated_Source\PSoC4\CyLFClk.c ****                         {
 320:C:\Program Files (x86)\Cypress\PSoC Creator\4.4\PSoC Creator\1\LWO2.cydsn\Generated_Source\PSoC4\CyLFClk.c ****                             iloCompensatedCycles = (((CY_SYS_CNT_REG2_REG * cydelayFreqHz) / 
 321:C:\Program Files (x86)\Cypress\PSoC Creator\4.4\PSoC Creator\1\LWO2.cydsn\Generated_Source\PSoC4\CyLFClk.c ****                                                      (cydelayFreqHz >> CY_SYS_CLK_SYS_CLK_DEVIDER))
 322:C:\Program Files (x86)\Cypress\PSoC Creator\4.4\PSoC Creator\1\LWO2.cydsn\Generated_Source\PSoC4\CyLFClk.c ****                                                      desiredDelayInCounts) / CY_SYS_CLK_ILO_DESIRED
 323:C:\Program Files (x86)\Cypress\PSoC Creator\4.4\PSoC Creator\1\LWO2.cydsn\Generated_Source\PSoC4\CyLFClk.c ****                         }
 324:C:\Program Files (x86)\Cypress\PSoC Creator\4.4\PSoC Creator\1\LWO2.cydsn\Generated_Source\PSoC4\CyLFClk.c ****                     #endif /* (CY_IP_SRSSV2) */
 325:C:\Program Files (x86)\Cypress\PSoC Creator\4.4\PSoC Creator\1\LWO2.cydsn\Generated_Source\PSoC4\CyLFClk.c **** 
 326:C:\Program Files (x86)\Cypress\PSoC Creator\4.4\PSoC Creator\1\LWO2.cydsn\Generated_Source\PSoC4\CyLFClk.c ****                     *compensatedCycles = iloCompensatedCycles;
 327:C:\Program Files (x86)\Cypress\PSoC Creator\4.4\PSoC Creator\1\LWO2.cydsn\Generated_Source\PSoC4\CyLFClk.c ****                     compensateRunningStatus = CY_SYS_CLK_TRIM_OR_COMP_FINISHED;
 328:C:\Program Files (x86)\Cypress\PSoC Creator\4.4\PSoC Creator\1\LWO2.cydsn\Generated_Source\PSoC4\CyLFClk.c ****                     returnStatus = CYRET_SUCCESS;
 329:C:\Program Files (x86)\Cypress\PSoC Creator\4.4\PSoC Creator\1\LWO2.cydsn\Generated_Source\PSoC4\CyLFClk.c ****                 }
 330:C:\Program Files (x86)\Cypress\PSoC Creator\4.4\PSoC Creator\1\LWO2.cydsn\Generated_Source\PSoC4\CyLFClk.c ****                 else
 331:C:\Program Files (x86)\Cypress\PSoC Creator\4.4\PSoC Creator\1\LWO2.cydsn\Generated_Source\PSoC4\CyLFClk.c ****                 {
 332:C:\Program Files (x86)\Cypress\PSoC Creator\4.4\PSoC Creator\1\LWO2.cydsn\Generated_Source\PSoC4\CyLFClk.c ****                     returnStatus  = CYRET_INVALID_STATE;
 333:C:\Program Files (x86)\Cypress\PSoC Creator\4.4\PSoC Creator\1\LWO2.cydsn\Generated_Source\PSoC4\CyLFClk.c ****                 }
 334:C:\Program Files (x86)\Cypress\PSoC Creator\4.4\PSoC Creator\1\LWO2.cydsn\Generated_Source\PSoC4\CyLFClk.c ****             }
 335:C:\Program Files (x86)\Cypress\PSoC Creator\4.4\PSoC Creator\1\LWO2.cydsn\Generated_Source\PSoC4\CyLFClk.c ****             else
 336:C:\Program Files (x86)\Cypress\PSoC Creator\4.4\PSoC Creator\1\LWO2.cydsn\Generated_Source\PSoC4\CyLFClk.c ****             {
 337:C:\Program Files (x86)\Cypress\PSoC Creator\4.4\PSoC Creator\1\LWO2.cydsn\Generated_Source\PSoC4\CyLFClk.c ****                 returnStatus = CYRET_STARTED;
 338:C:\Program Files (x86)\Cypress\PSoC Creator\4.4\PSoC Creator\1\LWO2.cydsn\Generated_Source\PSoC4\CyLFClk.c ****             }
 339:C:\Program Files (x86)\Cypress\PSoC Creator\4.4\PSoC Creator\1\LWO2.cydsn\Generated_Source\PSoC4\CyLFClk.c ****         }
 340:C:\Program Files (x86)\Cypress\PSoC Creator\4.4\PSoC Creator\1\LWO2.cydsn\Generated_Source\PSoC4\CyLFClk.c ****         else
 341:C:\Program Files (x86)\Cypress\PSoC Creator\4.4\PSoC Creator\1\LWO2.cydsn\Generated_Source\PSoC4\CyLFClk.c ****         {
 342:C:\Program Files (x86)\Cypress\PSoC Creator\4.4\PSoC Creator\1\LWO2.cydsn\Generated_Source\PSoC4\CyLFClk.c ****             /* Reload CNTR 1 count value for next measurement cycle*/
 343:C:\Program Files (x86)\Cypress\PSoC Creator\4.4\PSoC Creator\1\LWO2.cydsn\Generated_Source\PSoC4\CyLFClk.c ****             CY_SYS_CNT_REG1_REG = (cydelayFreqHz >> CY_SYS_CLK_SYS_CLK_DEVIDER);
 344:C:\Program Files (x86)\Cypress\PSoC Creator\4.4\PSoC Creator\1\LWO2.cydsn\Generated_Source\PSoC4\CyLFClk.c ****             compensateRunningStatus = CY_SYS_CLK_TRIM_OR_COMP_STARTED;
 345:C:\Program Files (x86)\Cypress\PSoC Creator\4.4\PSoC Creator\1\LWO2.cydsn\Generated_Source\PSoC4\CyLFClk.c ****             returnStatus = CYRET_STARTED;
 346:C:\Program Files (x86)\Cypress\PSoC Creator\4.4\PSoC Creator\1\LWO2.cydsn\Generated_Source\PSoC4\CyLFClk.c ****         }
 347:C:\Program Files (x86)\Cypress\PSoC Creator\4.4\PSoC Creator\1\LWO2.cydsn\Generated_Source\PSoC4\CyLFClk.c ****     }
 348:C:\Program Files (x86)\Cypress\PSoC Creator\4.4\PSoC Creator\1\LWO2.cydsn\Generated_Source\PSoC4\CyLFClk.c ****     else
 349:C:\Program Files (x86)\Cypress\PSoC Creator\4.4\PSoC Creator\1\LWO2.cydsn\Generated_Source\PSoC4\CyLFClk.c ****     {
 350:C:\Program Files (x86)\Cypress\PSoC Creator\4.4\PSoC Creator\1\LWO2.cydsn\Generated_Source\PSoC4\CyLFClk.c ****         returnStatus = CYRET_INVALID_STATE;
 351:C:\Program Files (x86)\Cypress\PSoC Creator\4.4\PSoC Creator\1\LWO2.cydsn\Generated_Source\PSoC4\CyLFClk.c ****     }
 352:C:\Program Files (x86)\Cypress\PSoC Creator\4.4\PSoC Creator\1\LWO2.cydsn\Generated_Source\PSoC4\CyLFClk.c **** 
 353:C:\Program Files (x86)\Cypress\PSoC Creator\4.4\PSoC Creator\1\LWO2.cydsn\Generated_Source\PSoC4\CyLFClk.c ****     return (returnStatus);
 354:C:\Program Files (x86)\Cypress\PSoC Creator\4.4\PSoC Creator\1\LWO2.cydsn\Generated_Source\PSoC4\CyLFClk.c **** }
 355:C:\Program Files (x86)\Cypress\PSoC Creator\4.4\PSoC Creator\1\LWO2.cydsn\Generated_Source\PSoC4\CyLFClk.c **** 
 356:C:\Program Files (x86)\Cypress\PSoC Creator\4.4\PSoC Creator\1\LWO2.cydsn\Generated_Source\PSoC4\CyLFClk.c **** 
 357:C:\Program Files (x86)\Cypress\PSoC Creator\4.4\PSoC Creator\1\LWO2.cydsn\Generated_Source\PSoC4\CyLFClk.c **** #if(CY_IP_SRSSV2)
 358:C:\Program Files (x86)\Cypress\PSoC Creator\4.4\PSoC Creator\1\LWO2.cydsn\Generated_Source\PSoC4\CyLFClk.c ****     /*******************************************************************************
 359:C:\Program Files (x86)\Cypress\PSoC Creator\4.4\PSoC Creator\1\LWO2.cydsn\Generated_Source\PSoC4\CyLFClk.c ****     * Function Name: CySysClkIloEnabled
 360:C:\Program Files (x86)\Cypress\PSoC Creator\4.4\PSoC Creator\1\LWO2.cydsn\Generated_Source\PSoC4\CyLFClk.c ****     ****************************************************************************//**
 361:C:\Program Files (x86)\Cypress\PSoC Creator\4.4\PSoC Creator\1\LWO2.cydsn\Generated_Source\PSoC4\CyLFClk.c ****     *
 362:C:\Program Files (x86)\Cypress\PSoC Creator\4.4\PSoC Creator\1\LWO2.cydsn\Generated_Source\PSoC4\CyLFClk.c ****     * \internal
 363:C:\Program Files (x86)\Cypress\PSoC Creator\4.4\PSoC Creator\1\LWO2.cydsn\Generated_Source\PSoC4\CyLFClk.c ****     * Reports the ILO enable state.
 364:C:\Program Files (x86)\Cypress\PSoC Creator\4.4\PSoC Creator\1\LWO2.cydsn\Generated_Source\PSoC4\CyLFClk.c ****     *
 365:C:\Program Files (x86)\Cypress\PSoC Creator\4.4\PSoC Creator\1\LWO2.cydsn\Generated_Source\PSoC4\CyLFClk.c ****     * \return
 366:C:\Program Files (x86)\Cypress\PSoC Creator\4.4\PSoC Creator\1\LWO2.cydsn\Generated_Source\PSoC4\CyLFClk.c ****     * 1 if ILO is enabled, and 0 if ILO is disabled.
 367:C:\Program Files (x86)\Cypress\PSoC Creator\4.4\PSoC Creator\1\LWO2.cydsn\Generated_Source\PSoC4\CyLFClk.c ****     *
 368:C:\Program Files (x86)\Cypress\PSoC Creator\4.4\PSoC Creator\1\LWO2.cydsn\Generated_Source\PSoC4\CyLFClk.c ****     * \endinternal
 369:C:\Program Files (x86)\Cypress\PSoC Creator\4.4\PSoC Creator\1\LWO2.cydsn\Generated_Source\PSoC4\CyLFClk.c ****     ********************************************************************************/
 370:C:\Program Files (x86)\Cypress\PSoC Creator\4.4\PSoC Creator\1\LWO2.cydsn\Generated_Source\PSoC4\CyLFClk.c ****     static uint32 CySysClkIloEnabled(void)
 371:C:\Program Files (x86)\Cypress\PSoC Creator\4.4\PSoC Creator\1\LWO2.cydsn\Generated_Source\PSoC4\CyLFClk.c ****     {
  27              		.loc 1 371 0
  28              		.cfi_startproc
ARM GAS  C:\Users\taips\AppData\Local\Temp\cc8A2Ndf.s 			page 8


  29              		@ args = 0, pretend = 0, frame = 0
  30              		@ frame_needed = 0, uses_anonymous_args = 0
  31              		@ link register save eliminated.
 372:C:\Program Files (x86)\Cypress\PSoC Creator\4.4\PSoC Creator\1\LWO2.cydsn\Generated_Source\PSoC4\CyLFClk.c ****         /* Prohibits writing to WDT registers and ILO/WCO registers when not equal to 0 */
 373:C:\Program Files (x86)\Cypress\PSoC Creator\4.4\PSoC Creator\1\LWO2.cydsn\Generated_Source\PSoC4\CyLFClk.c ****         return ((0u != (CY_SYS_CLK_ILO_CONFIG_REG & (uint32)(CY_SYS_CLK_ILO_CONFIG_ENABLE))) ?
  32              		.loc 1 373 0
  33 0000 034B     		ldr	r3, .L4
  34 0002 1B68     		ldr	r3, [r3]
 374:C:\Program Files (x86)\Cypress\PSoC Creator\4.4\PSoC Creator\1\LWO2.cydsn\Generated_Source\PSoC4\CyLFClk.c ****             (uint32) 1u :
  35              		.loc 1 374 0
  36 0004 002B     		cmp	r3, #0
  37 0006 01DA     		bge	.L3
  38 0008 0120     		movs	r0, #1
  39 000a 00E0     		b	.L2
  40              	.L3:
  41 000c 0020     		movs	r0, #0
  42              	.L2:
 375:C:\Program Files (x86)\Cypress\PSoC Creator\4.4\PSoC Creator\1\LWO2.cydsn\Generated_Source\PSoC4\CyLFClk.c ****             (uint32) 0u);
 376:C:\Program Files (x86)\Cypress\PSoC Creator\4.4\PSoC Creator\1\LWO2.cydsn\Generated_Source\PSoC4\CyLFClk.c ****     }
  43              		.loc 1 376 0
  44              		@ sp needed
  45 000e 7047     		bx	lr
  46              	.L5:
  47              		.align	2
  48              	.L4:
  49 0010 04010B40 		.word	1074462980
  50              		.cfi_endproc
  51              	.LFE5:
  52              		.size	CySysClkIloEnabled, .-CySysClkIloEnabled
  53              		.section	.text.CySysWdtLocked,"ax",%progbits
  54              		.align	2
  55              		.code	16
  56              		.thumb_func
  57              		.type	CySysWdtLocked, %function
  58              	CySysWdtLocked:
  59              	.LFB7:
 377:C:\Program Files (x86)\Cypress\PSoC Creator\4.4\PSoC Creator\1\LWO2.cydsn\Generated_Source\PSoC4\CyLFClk.c **** #endif /* (CY_IP_SRSSV2) */
 378:C:\Program Files (x86)\Cypress\PSoC Creator\4.4\PSoC Creator\1\LWO2.cydsn\Generated_Source\PSoC4\CyLFClk.c **** 
 379:C:\Program Files (x86)\Cypress\PSoC Creator\4.4\PSoC Creator\1\LWO2.cydsn\Generated_Source\PSoC4\CyLFClk.c **** 
 380:C:\Program Files (x86)\Cypress\PSoC Creator\4.4\PSoC Creator\1\LWO2.cydsn\Generated_Source\PSoC4\CyLFClk.c **** #if(CY_IP_SRSSV2 && (!CY_IP_CPUSS))
 381:C:\Program Files (x86)\Cypress\PSoC Creator\4.4\PSoC Creator\1\LWO2.cydsn\Generated_Source\PSoC4\CyLFClk.c **** /********************************************************************************
 382:C:\Program Files (x86)\Cypress\PSoC Creator\4.4\PSoC Creator\1\LWO2.cydsn\Generated_Source\PSoC4\CyLFClk.c **** * Function Name: CySysClkIloTrim
 383:C:\Program Files (x86)\Cypress\PSoC Creator\4.4\PSoC Creator\1\LWO2.cydsn\Generated_Source\PSoC4\CyLFClk.c **** *****************************************************************************//**
 384:C:\Program Files (x86)\Cypress\PSoC Creator\4.4\PSoC Creator\1\LWO2.cydsn\Generated_Source\PSoC4\CyLFClk.c **** * \brief
 385:C:\Program Files (x86)\Cypress\PSoC Creator\4.4\PSoC Creator\1\LWO2.cydsn\Generated_Source\PSoC4\CyLFClk.c **** * The API trims the ILO frequency to +/- 10% accuracy range using accurate 
 386:C:\Program Files (x86)\Cypress\PSoC Creator\4.4\PSoC Creator\1\LWO2.cydsn\Generated_Source\PSoC4\CyLFClk.c **** * SysClk.
 387:C:\Program Files (x86)\Cypress\PSoC Creator\4.4\PSoC Creator\1\LWO2.cydsn\Generated_Source\PSoC4\CyLFClk.c **** *
 388:C:\Program Files (x86)\Cypress\PSoC Creator\4.4\PSoC Creator\1\LWO2.cydsn\Generated_Source\PSoC4\CyLFClk.c **** * The API can be blocking or non-blocking depending on the value of the mode 
 389:C:\Program Files (x86)\Cypress\PSoC Creator\4.4\PSoC Creator\1\LWO2.cydsn\Generated_Source\PSoC4\CyLFClk.c **** * parameter passed. The accuracy of ILO after trimming in parts per thousand 
 390:C:\Program Files (x86)\Cypress\PSoC Creator\4.4\PSoC Creator\1\LWO2.cydsn\Generated_Source\PSoC4\CyLFClk.c **** * is returned through the iloAccuracyInPPT pointer. A positive number indicates 
 391:C:\Program Files (x86)\Cypress\PSoC Creator\4.4\PSoC Creator\1\LWO2.cydsn\Generated_Source\PSoC4\CyLFClk.c **** * that the ILO is running fast and a negative number indicates that the ILO is 
 392:C:\Program Files (x86)\Cypress\PSoC Creator\4.4\PSoC Creator\1\LWO2.cydsn\Generated_Source\PSoC4\CyLFClk.c **** * running slowly. This error is relative to the error in the reference clock 
 393:C:\Program Files (x86)\Cypress\PSoC Creator\4.4\PSoC Creator\1\LWO2.cydsn\Generated_Source\PSoC4\CyLFClk.c **** * (SysClk), so the absolute error will be higher and depends on the accuracy 
 394:C:\Program Files (x86)\Cypress\PSoC Creator\4.4\PSoC Creator\1\LWO2.cydsn\Generated_Source\PSoC4\CyLFClk.c **** * of the reference.
 395:C:\Program Files (x86)\Cypress\PSoC Creator\4.4\PSoC Creator\1\LWO2.cydsn\Generated_Source\PSoC4\CyLFClk.c **** *
 396:C:\Program Files (x86)\Cypress\PSoC Creator\4.4\PSoC Creator\1\LWO2.cydsn\Generated_Source\PSoC4\CyLFClk.c **** * The CySysClkIloStartMeasurement() API should be called prior to calling this 
 397:C:\Program Files (x86)\Cypress\PSoC Creator\4.4\PSoC Creator\1\LWO2.cydsn\Generated_Source\PSoC4\CyLFClk.c **** * API. Otherwise it will return CYRET_INVALID_STATE as the measurement was not 
ARM GAS  C:\Users\taips\AppData\Local\Temp\cc8A2Ndf.s 			page 9


 398:C:\Program Files (x86)\Cypress\PSoC Creator\4.4\PSoC Creator\1\LWO2.cydsn\Generated_Source\PSoC4\CyLFClk.c **** * started.
 399:C:\Program Files (x86)\Cypress\PSoC Creator\4.4\PSoC Creator\1\LWO2.cydsn\Generated_Source\PSoC4\CyLFClk.c **** *
 400:C:\Program Files (x86)\Cypress\PSoC Creator\4.4\PSoC Creator\1\LWO2.cydsn\Generated_Source\PSoC4\CyLFClk.c **** * \note SysClk should be sourced by IMO. Otherwise CySysClkIloTrim() and 
 401:C:\Program Files (x86)\Cypress\PSoC Creator\4.4\PSoC Creator\1\LWO2.cydsn\Generated_Source\PSoC4\CyLFClk.c **** * CySysClkIloCompensate() API can give incorrect results.
 402:C:\Program Files (x86)\Cypress\PSoC Creator\4.4\PSoC Creator\1\LWO2.cydsn\Generated_Source\PSoC4\CyLFClk.c **** *
 403:C:\Program Files (x86)\Cypress\PSoC Creator\4.4\PSoC Creator\1\LWO2.cydsn\Generated_Source\PSoC4\CyLFClk.c **** * \note If System clock frequency is changed in runtime, the CyDelayFreq() 
 404:C:\Program Files (x86)\Cypress\PSoC Creator\4.4\PSoC Creator\1\LWO2.cydsn\Generated_Source\PSoC4\CyLFClk.c **** * with the appropriate parameter (Frequency of bus clock in Hertz) should be 
 405:C:\Program Files (x86)\Cypress\PSoC Creator\4.4\PSoC Creator\1\LWO2.cydsn\Generated_Source\PSoC4\CyLFClk.c **** * called before next CySysClkIloCompensate() usage.
 406:C:\Program Files (x86)\Cypress\PSoC Creator\4.4\PSoC Creator\1\LWO2.cydsn\Generated_Source\PSoC4\CyLFClk.c **** *
 407:C:\Program Files (x86)\Cypress\PSoC Creator\4.4\PSoC Creator\1\LWO2.cydsn\Generated_Source\PSoC4\CyLFClk.c **** * \warning Do not enter deep sleep mode until the function returns CYRET_SUCCESS
 408:C:\Program Files (x86)\Cypress\PSoC Creator\4.4\PSoC Creator\1\LWO2.cydsn\Generated_Source\PSoC4\CyLFClk.c **** * or CYRET_TIMEOUT.
 409:C:\Program Files (x86)\Cypress\PSoC Creator\4.4\PSoC Creator\1\LWO2.cydsn\Generated_Source\PSoC4\CyLFClk.c **** *
 410:C:\Program Files (x86)\Cypress\PSoC Creator\4.4\PSoC Creator\1\LWO2.cydsn\Generated_Source\PSoC4\CyLFClk.c **** * Available for all PSoC 4 devices with ILO trim capability. This excludes 
 411:C:\Program Files (x86)\Cypress\PSoC Creator\4.4\PSoC Creator\1\LWO2.cydsn\Generated_Source\PSoC4\CyLFClk.c **** * PSoC 4000 / PSoC 4100 / PSoC 4200 / PSoC 4000S / PSoC 4100S / PSoC
 412:C:\Program Files (x86)\Cypress\PSoC Creator\4.4\PSoC Creator\1\LWO2.cydsn\Generated_Source\PSoC4\CyLFClk.c **** * Analog Coprocessor devices.
 413:C:\Program Files (x86)\Cypress\PSoC Creator\4.4\PSoC Creator\1\LWO2.cydsn\Generated_Source\PSoC4\CyLFClk.c **** *
 414:C:\Program Files (x86)\Cypress\PSoC Creator\4.4\PSoC Creator\1\LWO2.cydsn\Generated_Source\PSoC4\CyLFClk.c **** * \param mode
 415:C:\Program Files (x86)\Cypress\PSoC Creator\4.4\PSoC Creator\1\LWO2.cydsn\Generated_Source\PSoC4\CyLFClk.c **** *  CY_SYS_CLK_BLOCKING -  The function does not return until the ILO is 
 416:C:\Program Files (x86)\Cypress\PSoC Creator\4.4\PSoC Creator\1\LWO2.cydsn\Generated_Source\PSoC4\CyLFClk.c **** * within +/-10% accuracy range or time out has occurred.<br>
 417:C:\Program Files (x86)\Cypress\PSoC Creator\4.4\PSoC Creator\1\LWO2.cydsn\Generated_Source\PSoC4\CyLFClk.c **** * CY_SYS_CLK_NON_BLOCKING - The function returns immediately after 
 418:C:\Program Files (x86)\Cypress\PSoC Creator\4.4\PSoC Creator\1\LWO2.cydsn\Generated_Source\PSoC4\CyLFClk.c **** * performing a single iteration of the trim process. The function should be 
 419:C:\Program Files (x86)\Cypress\PSoC Creator\4.4\PSoC Creator\1\LWO2.cydsn\Generated_Source\PSoC4\CyLFClk.c **** * called repeatedly until the trimming is completed successfully.
 420:C:\Program Files (x86)\Cypress\PSoC Creator\4.4\PSoC Creator\1\LWO2.cydsn\Generated_Source\PSoC4\CyLFClk.c **** *
 421:C:\Program Files (x86)\Cypress\PSoC Creator\4.4\PSoC Creator\1\LWO2.cydsn\Generated_Source\PSoC4\CyLFClk.c **** * \param *iloAccuracyInPPT Pointer to an integer in which the trimmed ILO 
 422:C:\Program Files (x86)\Cypress\PSoC Creator\4.4\PSoC Creator\1\LWO2.cydsn\Generated_Source\PSoC4\CyLFClk.c **** * accuracy will be returned.
 423:C:\Program Files (x86)\Cypress\PSoC Creator\4.4\PSoC Creator\1\LWO2.cydsn\Generated_Source\PSoC4\CyLFClk.c **** *
 424:C:\Program Files (x86)\Cypress\PSoC Creator\4.4\PSoC Creator\1\LWO2.cydsn\Generated_Source\PSoC4\CyLFClk.c **** * \details The value returned in *iloAccuracyInPPT pointer is not valid 
 425:C:\Program Files (x86)\Cypress\PSoC Creator\4.4\PSoC Creator\1\LWO2.cydsn\Generated_Source\PSoC4\CyLFClk.c **** * until the function returns CYRET_SUCCESS. ILO accuracy in PPT is given by:
 426:C:\Program Files (x86)\Cypress\PSoC Creator\4.4\PSoC Creator\1\LWO2.cydsn\Generated_Source\PSoC4\CyLFClk.c **** *
 427:C:\Program Files (x86)\Cypress\PSoC Creator\4.4\PSoC Creator\1\LWO2.cydsn\Generated_Source\PSoC4\CyLFClk.c **** * IloAccuracyInPPT = ((MeasuredIloFreq - DesiredIloFreq) * 
 428:C:\Program Files (x86)\Cypress\PSoC Creator\4.4\PSoC Creator\1\LWO2.cydsn\Generated_Source\PSoC4\CyLFClk.c **** * CY_SYS_CLK_PERTHOUSAND) / DesiredIloFreq);
 429:C:\Program Files (x86)\Cypress\PSoC Creator\4.4\PSoC Creator\1\LWO2.cydsn\Generated_Source\PSoC4\CyLFClk.c **** *
 430:C:\Program Files (x86)\Cypress\PSoC Creator\4.4\PSoC Creator\1\LWO2.cydsn\Generated_Source\PSoC4\CyLFClk.c **** * DesiredIloFreq  = 32000, CY_SYS_CLK_PERTHOUSAND = 1000;
 431:C:\Program Files (x86)\Cypress\PSoC Creator\4.4\PSoC Creator\1\LWO2.cydsn\Generated_Source\PSoC4\CyLFClk.c **** *
 432:C:\Program Files (x86)\Cypress\PSoC Creator\4.4\PSoC Creator\1\LWO2.cydsn\Generated_Source\PSoC4\CyLFClk.c **** * \return CYRET_SUCCESS - Indicates trimming is complete. This value indicates 
 433:C:\Program Files (x86)\Cypress\PSoC Creator\4.4\PSoC Creator\1\LWO2.cydsn\Generated_Source\PSoC4\CyLFClk.c **** * trimming is successful and iloAccuracyInPPT is within +/- 10%.
 434:C:\Program Files (x86)\Cypress\PSoC Creator\4.4\PSoC Creator\1\LWO2.cydsn\Generated_Source\PSoC4\CyLFClk.c **** *
 435:C:\Program Files (x86)\Cypress\PSoC Creator\4.4\PSoC Creator\1\LWO2.cydsn\Generated_Source\PSoC4\CyLFClk.c **** * \return CYRET_STARTED - Indicates measurement is in progress. This is applicable 
 436:C:\Program Files (x86)\Cypress\PSoC Creator\4.4\PSoC Creator\1\LWO2.cydsn\Generated_Source\PSoC4\CyLFClk.c **** * only for non-blocking mode.
 437:C:\Program Files (x86)\Cypress\PSoC Creator\4.4\PSoC Creator\1\LWO2.cydsn\Generated_Source\PSoC4\CyLFClk.c **** *
 438:C:\Program Files (x86)\Cypress\PSoC Creator\4.4\PSoC Creator\1\LWO2.cydsn\Generated_Source\PSoC4\CyLFClk.c **** * \return CYRET_INVALID_STATE - Indicates trimming was unsuccessful. You should 
 439:C:\Program Files (x86)\Cypress\PSoC Creator\4.4\PSoC Creator\1\LWO2.cydsn\Generated_Source\PSoC4\CyLFClk.c **** * call CySysClkIloStartMeasurement() before calling this API.
 440:C:\Program Files (x86)\Cypress\PSoC Creator\4.4\PSoC Creator\1\LWO2.cydsn\Generated_Source\PSoC4\CyLFClk.c **** *
 441:C:\Program Files (x86)\Cypress\PSoC Creator\4.4\PSoC Creator\1\LWO2.cydsn\Generated_Source\PSoC4\CyLFClk.c **** * \return CYRET_TIMEOUT - Indicates trimming was unsuccessful. This is applicable 
 442:C:\Program Files (x86)\Cypress\PSoC Creator\4.4\PSoC Creator\1\LWO2.cydsn\Generated_Source\PSoC4\CyLFClk.c **** * only for blocking mode. Timeout means the trimming was tried 5 times without 
 443:C:\Program Files (x86)\Cypress\PSoC Creator\4.4\PSoC Creator\1\LWO2.cydsn\Generated_Source\PSoC4\CyLFClk.c **** * success (i.e. ILO accuracy > +/- 10%). The user can call the API again for 
 444:C:\Program Files (x86)\Cypress\PSoC Creator\4.4\PSoC Creator\1\LWO2.cydsn\Generated_Source\PSoC4\CyLFClk.c **** * another try or wait for some time before calling it again (to let the system 
 445:C:\Program Files (x86)\Cypress\PSoC Creator\4.4\PSoC Creator\1\LWO2.cydsn\Generated_Source\PSoC4\CyLFClk.c **** * to settle to another operating point change in temperature etc.) and continue 
 446:C:\Program Files (x86)\Cypress\PSoC Creator\4.4\PSoC Creator\1\LWO2.cydsn\Generated_Source\PSoC4\CyLFClk.c **** * using the previous trim value till the next call.
 447:C:\Program Files (x86)\Cypress\PSoC Creator\4.4\PSoC Creator\1\LWO2.cydsn\Generated_Source\PSoC4\CyLFClk.c **** *
 448:C:\Program Files (x86)\Cypress\PSoC Creator\4.4\PSoC Creator\1\LWO2.cydsn\Generated_Source\PSoC4\CyLFClk.c **** **********************************************************************************/
 449:C:\Program Files (x86)\Cypress\PSoC Creator\4.4\PSoC Creator\1\LWO2.cydsn\Generated_Source\PSoC4\CyLFClk.c **** cystatus CySysClkIloTrim(uint32 mode, int32* iloAccuracyInPPT)
 450:C:\Program Files (x86)\Cypress\PSoC Creator\4.4\PSoC Creator\1\LWO2.cydsn\Generated_Source\PSoC4\CyLFClk.c **** {
 451:C:\Program Files (x86)\Cypress\PSoC Creator\4.4\PSoC Creator\1\LWO2.cydsn\Generated_Source\PSoC4\CyLFClk.c ****     uint32 timeOutClocks = CY_SYS_CLK_TIMEOUT;
 452:C:\Program Files (x86)\Cypress\PSoC Creator\4.4\PSoC Creator\1\LWO2.cydsn\Generated_Source\PSoC4\CyLFClk.c ****     uint32 waitUntilCntr1Stops;
 453:C:\Program Files (x86)\Cypress\PSoC Creator\4.4\PSoC Creator\1\LWO2.cydsn\Generated_Source\PSoC4\CyLFClk.c ****     static uint32 trimRunningStatus = CY_SYS_CLK_TRIM_OR_COMP_FINISHED;
 454:C:\Program Files (x86)\Cypress\PSoC Creator\4.4\PSoC Creator\1\LWO2.cydsn\Generated_Source\PSoC4\CyLFClk.c ****     uint32 checkStatus;
ARM GAS  C:\Users\taips\AppData\Local\Temp\cc8A2Ndf.s 			page 10


 455:C:\Program Files (x86)\Cypress\PSoC Creator\4.4\PSoC Creator\1\LWO2.cydsn\Generated_Source\PSoC4\CyLFClk.c ****     cystatus returnStatus;
 456:C:\Program Files (x86)\Cypress\PSoC Creator\4.4\PSoC Creator\1\LWO2.cydsn\Generated_Source\PSoC4\CyLFClk.c **** 
 457:C:\Program Files (x86)\Cypress\PSoC Creator\4.4\PSoC Creator\1\LWO2.cydsn\Generated_Source\PSoC4\CyLFClk.c ****     checkStatus = (uint32) (CY_SYS_CLK_DFT_REG & (uint32) CY_SYS_TST_DDFT_CTRL_REG_DEFAULT_MASK);
 458:C:\Program Files (x86)\Cypress\PSoC Creator\4.4\PSoC Creator\1\LWO2.cydsn\Generated_Source\PSoC4\CyLFClk.c **** 
 459:C:\Program Files (x86)\Cypress\PSoC Creator\4.4\PSoC Creator\1\LWO2.cydsn\Generated_Source\PSoC4\CyLFClk.c ****     /* Check if DFT and CTRL registers were configures in CySysStartMeasurement*/
 460:C:\Program Files (x86)\Cypress\PSoC Creator\4.4\PSoC Creator\1\LWO2.cydsn\Generated_Source\PSoC4\CyLFClk.c ****     if((checkStatus == CY_SYS_CLK_SEL_ILO_DFT_SOURCE) &&
 461:C:\Program Files (x86)\Cypress\PSoC Creator\4.4\PSoC Creator\1\LWO2.cydsn\Generated_Source\PSoC4\CyLFClk.c ****        (CY_SYS_TST_DDFT_CTRL_REG == CY_SYS_TST_DDFT_CTRL_REG_SEL2_CLK1) &&
 462:C:\Program Files (x86)\Cypress\PSoC Creator\4.4\PSoC Creator\1\LWO2.cydsn\Generated_Source\PSoC4\CyLFClk.c ****        (iloAccuracyInPPT != NULL))
 463:C:\Program Files (x86)\Cypress\PSoC Creator\4.4\PSoC Creator\1\LWO2.cydsn\Generated_Source\PSoC4\CyLFClk.c ****     {
 464:C:\Program Files (x86)\Cypress\PSoC Creator\4.4\PSoC Creator\1\LWO2.cydsn\Generated_Source\PSoC4\CyLFClk.c ****         if(CY_SYS_CLK_BLOCKING == mode)
 465:C:\Program Files (x86)\Cypress\PSoC Creator\4.4\PSoC Creator\1\LWO2.cydsn\Generated_Source\PSoC4\CyLFClk.c ****         {
 466:C:\Program Files (x86)\Cypress\PSoC Creator\4.4\PSoC Creator\1\LWO2.cydsn\Generated_Source\PSoC4\CyLFClk.c ****             waitUntilCntr1Stops = cydelayFreqHz >> CY_SYS_CLK_SYS_CLK_DEVIDER;
 467:C:\Program Files (x86)\Cypress\PSoC Creator\4.4\PSoC Creator\1\LWO2.cydsn\Generated_Source\PSoC4\CyLFClk.c ****             do
 468:C:\Program Files (x86)\Cypress\PSoC Creator\4.4\PSoC Creator\1\LWO2.cydsn\Generated_Source\PSoC4\CyLFClk.c ****             {
 469:C:\Program Files (x86)\Cypress\PSoC Creator\4.4\PSoC Creator\1\LWO2.cydsn\Generated_Source\PSoC4\CyLFClk.c ****                 /* Reload CNTR 1 count value for measuring cycle*/
 470:C:\Program Files (x86)\Cypress\PSoC Creator\4.4\PSoC Creator\1\LWO2.cydsn\Generated_Source\PSoC4\CyLFClk.c ****                 CY_SYS_CNT_REG1_REG = cydelayFreqHz >> CY_SYS_CLK_SYS_CLK_DEVIDER; 
 471:C:\Program Files (x86)\Cypress\PSoC Creator\4.4\PSoC Creator\1\LWO2.cydsn\Generated_Source\PSoC4\CyLFClk.c **** 
 472:C:\Program Files (x86)\Cypress\PSoC Creator\4.4\PSoC Creator\1\LWO2.cydsn\Generated_Source\PSoC4\CyLFClk.c ****                 /* Wait until counter CNTR 1 will finish down-counting */
 473:C:\Program Files (x86)\Cypress\PSoC Creator\4.4\PSoC Creator\1\LWO2.cydsn\Generated_Source\PSoC4\CyLFClk.c ****                 while (0u == (CY_SYS_CNT_REG1_REG & CY_SYS_CLK_ILO_CALIBR_COMPLETE_MASK))
 474:C:\Program Files (x86)\Cypress\PSoC Creator\4.4\PSoC Creator\1\LWO2.cydsn\Generated_Source\PSoC4\CyLFClk.c ****                 {
 475:C:\Program Files (x86)\Cypress\PSoC Creator\4.4\PSoC Creator\1\LWO2.cydsn\Generated_Source\PSoC4\CyLFClk.c ****                     waitUntilCntr1Stops--;
 476:C:\Program Files (x86)\Cypress\PSoC Creator\4.4\PSoC Creator\1\LWO2.cydsn\Generated_Source\PSoC4\CyLFClk.c ****                     if (0u == waitUntilCntr1Stops)
 477:C:\Program Files (x86)\Cypress\PSoC Creator\4.4\PSoC Creator\1\LWO2.cydsn\Generated_Source\PSoC4\CyLFClk.c ****                     {
 478:C:\Program Files (x86)\Cypress\PSoC Creator\4.4\PSoC Creator\1\LWO2.cydsn\Generated_Source\PSoC4\CyLFClk.c ****                         break;
 479:C:\Program Files (x86)\Cypress\PSoC Creator\4.4\PSoC Creator\1\LWO2.cydsn\Generated_Source\PSoC4\CyLFClk.c ****                     }
 480:C:\Program Files (x86)\Cypress\PSoC Creator\4.4\PSoC Creator\1\LWO2.cydsn\Generated_Source\PSoC4\CyLFClk.c ****                 }
 481:C:\Program Files (x86)\Cypress\PSoC Creator\4.4\PSoC Creator\1\LWO2.cydsn\Generated_Source\PSoC4\CyLFClk.c ****                 trimRunningStatus = CySysClkIloUpdateTrimReg(iloAccuracyInPPT);
 482:C:\Program Files (x86)\Cypress\PSoC Creator\4.4\PSoC Creator\1\LWO2.cydsn\Generated_Source\PSoC4\CyLFClk.c ****                 timeOutClocks--;
 483:C:\Program Files (x86)\Cypress\PSoC Creator\4.4\PSoC Creator\1\LWO2.cydsn\Generated_Source\PSoC4\CyLFClk.c **** 
 484:C:\Program Files (x86)\Cypress\PSoC Creator\4.4\PSoC Creator\1\LWO2.cydsn\Generated_Source\PSoC4\CyLFClk.c ****             /* Untill ILO accuracy will be in range less than +/- 10% or timeout occurs*/
 485:C:\Program Files (x86)\Cypress\PSoC Creator\4.4\PSoC Creator\1\LWO2.cydsn\Generated_Source\PSoC4\CyLFClk.c ****             } while((CYRET_SUCCESS != trimRunningStatus) && 
 486:C:\Program Files (x86)\Cypress\PSoC Creator\4.4\PSoC Creator\1\LWO2.cydsn\Generated_Source\PSoC4\CyLFClk.c ****               (CYRET_INVALID_STATE != trimRunningStatus) && 
 487:C:\Program Files (x86)\Cypress\PSoC Creator\4.4\PSoC Creator\1\LWO2.cydsn\Generated_Source\PSoC4\CyLFClk.c ****                                (0u != timeOutClocks));
 488:C:\Program Files (x86)\Cypress\PSoC Creator\4.4\PSoC Creator\1\LWO2.cydsn\Generated_Source\PSoC4\CyLFClk.c **** 
 489:C:\Program Files (x86)\Cypress\PSoC Creator\4.4\PSoC Creator\1\LWO2.cydsn\Generated_Source\PSoC4\CyLFClk.c ****             if (CYRET_SUCCESS == trimRunningStatus)
 490:C:\Program Files (x86)\Cypress\PSoC Creator\4.4\PSoC Creator\1\LWO2.cydsn\Generated_Source\PSoC4\CyLFClk.c ****             {
 491:C:\Program Files (x86)\Cypress\PSoC Creator\4.4\PSoC Creator\1\LWO2.cydsn\Generated_Source\PSoC4\CyLFClk.c ****                 returnStatus = CYRET_SUCCESS;
 492:C:\Program Files (x86)\Cypress\PSoC Creator\4.4\PSoC Creator\1\LWO2.cydsn\Generated_Source\PSoC4\CyLFClk.c ****             }
 493:C:\Program Files (x86)\Cypress\PSoC Creator\4.4\PSoC Creator\1\LWO2.cydsn\Generated_Source\PSoC4\CyLFClk.c ****             else
 494:C:\Program Files (x86)\Cypress\PSoC Creator\4.4\PSoC Creator\1\LWO2.cydsn\Generated_Source\PSoC4\CyLFClk.c ****             {
 495:C:\Program Files (x86)\Cypress\PSoC Creator\4.4\PSoC Creator\1\LWO2.cydsn\Generated_Source\PSoC4\CyLFClk.c ****                 if(0u == timeOutClocks)
 496:C:\Program Files (x86)\Cypress\PSoC Creator\4.4\PSoC Creator\1\LWO2.cydsn\Generated_Source\PSoC4\CyLFClk.c ****                 {
 497:C:\Program Files (x86)\Cypress\PSoC Creator\4.4\PSoC Creator\1\LWO2.cydsn\Generated_Source\PSoC4\CyLFClk.c ****                     trimRunningStatus = CY_SYS_CLK_TRIM_OR_COMP_FINISHED;
 498:C:\Program Files (x86)\Cypress\PSoC Creator\4.4\PSoC Creator\1\LWO2.cydsn\Generated_Source\PSoC4\CyLFClk.c ****                     returnStatus = CYRET_TIMEOUT;
 499:C:\Program Files (x86)\Cypress\PSoC Creator\4.4\PSoC Creator\1\LWO2.cydsn\Generated_Source\PSoC4\CyLFClk.c ****                 }
 500:C:\Program Files (x86)\Cypress\PSoC Creator\4.4\PSoC Creator\1\LWO2.cydsn\Generated_Source\PSoC4\CyLFClk.c ****                 else
 501:C:\Program Files (x86)\Cypress\PSoC Creator\4.4\PSoC Creator\1\LWO2.cydsn\Generated_Source\PSoC4\CyLFClk.c ****                 {
 502:C:\Program Files (x86)\Cypress\PSoC Creator\4.4\PSoC Creator\1\LWO2.cydsn\Generated_Source\PSoC4\CyLFClk.c ****                     returnStatus = CYRET_INVALID_STATE;
 503:C:\Program Files (x86)\Cypress\PSoC Creator\4.4\PSoC Creator\1\LWO2.cydsn\Generated_Source\PSoC4\CyLFClk.c ****                 }
 504:C:\Program Files (x86)\Cypress\PSoC Creator\4.4\PSoC Creator\1\LWO2.cydsn\Generated_Source\PSoC4\CyLFClk.c ****             }
 505:C:\Program Files (x86)\Cypress\PSoC Creator\4.4\PSoC Creator\1\LWO2.cydsn\Generated_Source\PSoC4\CyLFClk.c ****         }
 506:C:\Program Files (x86)\Cypress\PSoC Creator\4.4\PSoC Creator\1\LWO2.cydsn\Generated_Source\PSoC4\CyLFClk.c ****         /* Non - blocking mode */
 507:C:\Program Files (x86)\Cypress\PSoC Creator\4.4\PSoC Creator\1\LWO2.cydsn\Generated_Source\PSoC4\CyLFClk.c ****         else
 508:C:\Program Files (x86)\Cypress\PSoC Creator\4.4\PSoC Creator\1\LWO2.cydsn\Generated_Source\PSoC4\CyLFClk.c ****         {
 509:C:\Program Files (x86)\Cypress\PSoC Creator\4.4\PSoC Creator\1\LWO2.cydsn\Generated_Source\PSoC4\CyLFClk.c ****             if (CY_SYS_CLK_TRIM_OR_COMP_FINISHED != trimRunningStatus)
 510:C:\Program Files (x86)\Cypress\PSoC Creator\4.4\PSoC Creator\1\LWO2.cydsn\Generated_Source\PSoC4\CyLFClk.c ****             {
 511:C:\Program Files (x86)\Cypress\PSoC Creator\4.4\PSoC Creator\1\LWO2.cydsn\Generated_Source\PSoC4\CyLFClk.c ****                 /* Checking if the counter CNTR 1 finished down-counting */
ARM GAS  C:\Users\taips\AppData\Local\Temp\cc8A2Ndf.s 			page 11


 512:C:\Program Files (x86)\Cypress\PSoC Creator\4.4\PSoC Creator\1\LWO2.cydsn\Generated_Source\PSoC4\CyLFClk.c ****                 if(0u != (CY_SYS_CNT_REG1_REG & CY_SYS_CLK_ILO_CALIBR_COMPLETE_MASK))
 513:C:\Program Files (x86)\Cypress\PSoC Creator\4.4\PSoC Creator\1\LWO2.cydsn\Generated_Source\PSoC4\CyLFClk.c ****                 {
 514:C:\Program Files (x86)\Cypress\PSoC Creator\4.4\PSoC Creator\1\LWO2.cydsn\Generated_Source\PSoC4\CyLFClk.c ****                     returnStatus = CySysClkIloUpdateTrimReg(iloAccuracyInPPT);
 515:C:\Program Files (x86)\Cypress\PSoC Creator\4.4\PSoC Creator\1\LWO2.cydsn\Generated_Source\PSoC4\CyLFClk.c ****                     trimRunningStatus = CY_SYS_CLK_TRIM_OR_COMP_FINISHED;
 516:C:\Program Files (x86)\Cypress\PSoC Creator\4.4\PSoC Creator\1\LWO2.cydsn\Generated_Source\PSoC4\CyLFClk.c ****                 }
 517:C:\Program Files (x86)\Cypress\PSoC Creator\4.4\PSoC Creator\1\LWO2.cydsn\Generated_Source\PSoC4\CyLFClk.c ****                 else
 518:C:\Program Files (x86)\Cypress\PSoC Creator\4.4\PSoC Creator\1\LWO2.cydsn\Generated_Source\PSoC4\CyLFClk.c ****                 {
 519:C:\Program Files (x86)\Cypress\PSoC Creator\4.4\PSoC Creator\1\LWO2.cydsn\Generated_Source\PSoC4\CyLFClk.c ****                     returnStatus = CYRET_STARTED;
 520:C:\Program Files (x86)\Cypress\PSoC Creator\4.4\PSoC Creator\1\LWO2.cydsn\Generated_Source\PSoC4\CyLFClk.c ****                 }
 521:C:\Program Files (x86)\Cypress\PSoC Creator\4.4\PSoC Creator\1\LWO2.cydsn\Generated_Source\PSoC4\CyLFClk.c ****             }
 522:C:\Program Files (x86)\Cypress\PSoC Creator\4.4\PSoC Creator\1\LWO2.cydsn\Generated_Source\PSoC4\CyLFClk.c ****             else
 523:C:\Program Files (x86)\Cypress\PSoC Creator\4.4\PSoC Creator\1\LWO2.cydsn\Generated_Source\PSoC4\CyLFClk.c ****             {
 524:C:\Program Files (x86)\Cypress\PSoC Creator\4.4\PSoC Creator\1\LWO2.cydsn\Generated_Source\PSoC4\CyLFClk.c ****                 /* Reload CNTR 1 count value for next measuring */
 525:C:\Program Files (x86)\Cypress\PSoC Creator\4.4\PSoC Creator\1\LWO2.cydsn\Generated_Source\PSoC4\CyLFClk.c ****                 CY_SYS_CNT_REG1_REG = cydelayFreqHz >> CY_SYS_CLK_SYS_CLK_DEVIDER;
 526:C:\Program Files (x86)\Cypress\PSoC Creator\4.4\PSoC Creator\1\LWO2.cydsn\Generated_Source\PSoC4\CyLFClk.c ****                 trimRunningStatus = CY_SYS_CLK_TRIM_OR_COMP_STARTED;
 527:C:\Program Files (x86)\Cypress\PSoC Creator\4.4\PSoC Creator\1\LWO2.cydsn\Generated_Source\PSoC4\CyLFClk.c ****                 returnStatus = CYRET_STARTED;
 528:C:\Program Files (x86)\Cypress\PSoC Creator\4.4\PSoC Creator\1\LWO2.cydsn\Generated_Source\PSoC4\CyLFClk.c ****             }
 529:C:\Program Files (x86)\Cypress\PSoC Creator\4.4\PSoC Creator\1\LWO2.cydsn\Generated_Source\PSoC4\CyLFClk.c ****         }
 530:C:\Program Files (x86)\Cypress\PSoC Creator\4.4\PSoC Creator\1\LWO2.cydsn\Generated_Source\PSoC4\CyLFClk.c ****     }
 531:C:\Program Files (x86)\Cypress\PSoC Creator\4.4\PSoC Creator\1\LWO2.cydsn\Generated_Source\PSoC4\CyLFClk.c ****     else
 532:C:\Program Files (x86)\Cypress\PSoC Creator\4.4\PSoC Creator\1\LWO2.cydsn\Generated_Source\PSoC4\CyLFClk.c ****     {
 533:C:\Program Files (x86)\Cypress\PSoC Creator\4.4\PSoC Creator\1\LWO2.cydsn\Generated_Source\PSoC4\CyLFClk.c ****         returnStatus = CYRET_INVALID_STATE;
 534:C:\Program Files (x86)\Cypress\PSoC Creator\4.4\PSoC Creator\1\LWO2.cydsn\Generated_Source\PSoC4\CyLFClk.c ****     }
 535:C:\Program Files (x86)\Cypress\PSoC Creator\4.4\PSoC Creator\1\LWO2.cydsn\Generated_Source\PSoC4\CyLFClk.c **** 
 536:C:\Program Files (x86)\Cypress\PSoC Creator\4.4\PSoC Creator\1\LWO2.cydsn\Generated_Source\PSoC4\CyLFClk.c ****     return (returnStatus);
 537:C:\Program Files (x86)\Cypress\PSoC Creator\4.4\PSoC Creator\1\LWO2.cydsn\Generated_Source\PSoC4\CyLFClk.c **** }
 538:C:\Program Files (x86)\Cypress\PSoC Creator\4.4\PSoC Creator\1\LWO2.cydsn\Generated_Source\PSoC4\CyLFClk.c **** 
 539:C:\Program Files (x86)\Cypress\PSoC Creator\4.4\PSoC Creator\1\LWO2.cydsn\Generated_Source\PSoC4\CyLFClk.c **** 
 540:C:\Program Files (x86)\Cypress\PSoC Creator\4.4\PSoC Creator\1\LWO2.cydsn\Generated_Source\PSoC4\CyLFClk.c **** /********************************************************************************
 541:C:\Program Files (x86)\Cypress\PSoC Creator\4.4\PSoC Creator\1\LWO2.cydsn\Generated_Source\PSoC4\CyLFClk.c **** * Function Name: CySysClkIloUpdateTrimReg
 542:C:\Program Files (x86)\Cypress\PSoC Creator\4.4\PSoC Creator\1\LWO2.cydsn\Generated_Source\PSoC4\CyLFClk.c **** *********************************************************************************
 543:C:\Program Files (x86)\Cypress\PSoC Creator\4.4\PSoC Creator\1\LWO2.cydsn\Generated_Source\PSoC4\CyLFClk.c **** *
 544:C:\Program Files (x86)\Cypress\PSoC Creator\4.4\PSoC Creator\1\LWO2.cydsn\Generated_Source\PSoC4\CyLFClk.c **** * \internal
 545:C:\Program Files (x86)\Cypress\PSoC Creator\4.4\PSoC Creator\1\LWO2.cydsn\Generated_Source\PSoC4\CyLFClk.c **** * Function calculates ILO accuracy and check is error range is higher than 
 546:C:\Program Files (x86)\Cypress\PSoC Creator\4.4\PSoC Creator\1\LWO2.cydsn\Generated_Source\PSoC4\CyLFClk.c **** * +/- 10%. If Measured frequency is higher than +/- 10% function updates 
 547:C:\Program Files (x86)\Cypress\PSoC Creator\4.4\PSoC Creator\1\LWO2.cydsn\Generated_Source\PSoC4\CyLFClk.c **** * ILO Trim register.
 548:C:\Program Files (x86)\Cypress\PSoC Creator\4.4\PSoC Creator\1\LWO2.cydsn\Generated_Source\PSoC4\CyLFClk.c **** *
 549:C:\Program Files (x86)\Cypress\PSoC Creator\4.4\PSoC Creator\1\LWO2.cydsn\Generated_Source\PSoC4\CyLFClk.c **** * \param
 550:C:\Program Files (x86)\Cypress\PSoC Creator\4.4\PSoC Creator\1\LWO2.cydsn\Generated_Source\PSoC4\CyLFClk.c **** * iloAccuracyInPPT Pointer to an integer in which the trimmed ILO 
 551:C:\Program Files (x86)\Cypress\PSoC Creator\4.4\PSoC Creator\1\LWO2.cydsn\Generated_Source\PSoC4\CyLFClk.c **** * accuracy will be returned. The value returned in this pointer is not valid 
 552:C:\Program Files (x86)\Cypress\PSoC Creator\4.4\PSoC Creator\1\LWO2.cydsn\Generated_Source\PSoC4\CyLFClk.c **** * until the function returns CYRET_SUCCESS. If ILO frequency error is lower 
 553:C:\Program Files (x86)\Cypress\PSoC Creator\4.4\PSoC Creator\1\LWO2.cydsn\Generated_Source\PSoC4\CyLFClk.c **** * than +/- 10% then the value returned in this pointer will be updated.
 554:C:\Program Files (x86)\Cypress\PSoC Creator\4.4\PSoC Creator\1\LWO2.cydsn\Generated_Source\PSoC4\CyLFClk.c **** *
 555:C:\Program Files (x86)\Cypress\PSoC Creator\4.4\PSoC Creator\1\LWO2.cydsn\Generated_Source\PSoC4\CyLFClk.c **** * \return CYRET_SUCCESS - Indicates that ILO frequency error is lower than 
 556:C:\Program Files (x86)\Cypress\PSoC Creator\4.4\PSoC Creator\1\LWO2.cydsn\Generated_Source\PSoC4\CyLFClk.c **** * +/- 10% and no actions are required.
 557:C:\Program Files (x86)\Cypress\PSoC Creator\4.4\PSoC Creator\1\LWO2.cydsn\Generated_Source\PSoC4\CyLFClk.c **** *
 558:C:\Program Files (x86)\Cypress\PSoC Creator\4.4\PSoC Creator\1\LWO2.cydsn\Generated_Source\PSoC4\CyLFClk.c **** * \return  CYRET_STARTED - Indicates that ILO frequency error is higher than 
 559:C:\Program Files (x86)\Cypress\PSoC Creator\4.4\PSoC Creator\1\LWO2.cydsn\Generated_Source\PSoC4\CyLFClk.c **** * +/- 10% and ILO Trim register was updated.
 560:C:\Program Files (x86)\Cypress\PSoC Creator\4.4\PSoC Creator\1\LWO2.cydsn\Generated_Source\PSoC4\CyLFClk.c **** *
 561:C:\Program Files (x86)\Cypress\PSoC Creator\4.4\PSoC Creator\1\LWO2.cydsn\Generated_Source\PSoC4\CyLFClk.c **** * \return CYRET_INVALID_STATE - Indicates trimming was unsuccessful.
 562:C:\Program Files (x86)\Cypress\PSoC Creator\4.4\PSoC Creator\1\LWO2.cydsn\Generated_Source\PSoC4\CyLFClk.c **** *
 563:C:\Program Files (x86)\Cypress\PSoC Creator\4.4\PSoC Creator\1\LWO2.cydsn\Generated_Source\PSoC4\CyLFClk.c **** * Post #1 - To obtain 10% ILO accuracy the calculated accuracy should be equal 
 564:C:\Program Files (x86)\Cypress\PSoC Creator\4.4\PSoC Creator\1\LWO2.cydsn\Generated_Source\PSoC4\CyLFClk.c **** * CY_SYS_CLK_ERROR_RANGE = 5.6%. Error value should take to account IMO error of 
 565:C:\Program Files (x86)\Cypress\PSoC Creator\4.4\PSoC Creator\1\LWO2.cydsn\Generated_Source\PSoC4\CyLFClk.c **** * +/-2% (+/-0.64kHz), trim step of 2.36kHz (+/-1.18kHz) and error while ILO 
 566:C:\Program Files (x86)\Cypress\PSoC Creator\4.4\PSoC Creator\1\LWO2.cydsn\Generated_Source\PSoC4\CyLFClk.c **** * frequency measuring.
 567:C:\Program Files (x86)\Cypress\PSoC Creator\4.4\PSoC Creator\1\LWO2.cydsn\Generated_Source\PSoC4\CyLFClk.c **** *
 568:C:\Program Files (x86)\Cypress\PSoC Creator\4.4\PSoC Creator\1\LWO2.cydsn\Generated_Source\PSoC4\CyLFClk.c **** * \endinternal
ARM GAS  C:\Users\taips\AppData\Local\Temp\cc8A2Ndf.s 			page 12


 569:C:\Program Files (x86)\Cypress\PSoC Creator\4.4\PSoC Creator\1\LWO2.cydsn\Generated_Source\PSoC4\CyLFClk.c **** *
 570:C:\Program Files (x86)\Cypress\PSoC Creator\4.4\PSoC Creator\1\LWO2.cydsn\Generated_Source\PSoC4\CyLFClk.c **** **********************************************************************************/
 571:C:\Program Files (x86)\Cypress\PSoC Creator\4.4\PSoC Creator\1\LWO2.cydsn\Generated_Source\PSoC4\CyLFClk.c **** cystatus CySysClkIloUpdateTrimReg(int32* iloAccuracyInPPT)
 572:C:\Program Files (x86)\Cypress\PSoC Creator\4.4\PSoC Creator\1\LWO2.cydsn\Generated_Source\PSoC4\CyLFClk.c **** {
 573:C:\Program Files (x86)\Cypress\PSoC Creator\4.4\PSoC Creator\1\LWO2.cydsn\Generated_Source\PSoC4\CyLFClk.c ****     uint32 measuredIloFreq;
 574:C:\Program Files (x86)\Cypress\PSoC Creator\4.4\PSoC Creator\1\LWO2.cydsn\Generated_Source\PSoC4\CyLFClk.c ****     uint32 currentIloTrimValue;
 575:C:\Program Files (x86)\Cypress\PSoC Creator\4.4\PSoC Creator\1\LWO2.cydsn\Generated_Source\PSoC4\CyLFClk.c ****     int32 iloAccuracyValue;
 576:C:\Program Files (x86)\Cypress\PSoC Creator\4.4\PSoC Creator\1\LWO2.cydsn\Generated_Source\PSoC4\CyLFClk.c ****     int32 trimStep;
 577:C:\Program Files (x86)\Cypress\PSoC Creator\4.4\PSoC Creator\1\LWO2.cydsn\Generated_Source\PSoC4\CyLFClk.c ****     cystatus errorRangeStatus;
 578:C:\Program Files (x86)\Cypress\PSoC Creator\4.4\PSoC Creator\1\LWO2.cydsn\Generated_Source\PSoC4\CyLFClk.c **** 
 579:C:\Program Files (x86)\Cypress\PSoC Creator\4.4\PSoC Creator\1\LWO2.cydsn\Generated_Source\PSoC4\CyLFClk.c ****     if(0u != CY_SYS_CNT_REG2_REG)
 580:C:\Program Files (x86)\Cypress\PSoC Creator\4.4\PSoC Creator\1\LWO2.cydsn\Generated_Source\PSoC4\CyLFClk.c ****     {
 581:C:\Program Files (x86)\Cypress\PSoC Creator\4.4\PSoC Creator\1\LWO2.cydsn\Generated_Source\PSoC4\CyLFClk.c ****         measuredIloFreq = (CY_SYS_CNT_REG2_REG * cydelayFreqHz) / (cydelayFreqHz >> CY_SYS_CLK_SYS_
 582:C:\Program Files (x86)\Cypress\PSoC Creator\4.4\PSoC Creator\1\LWO2.cydsn\Generated_Source\PSoC4\CyLFClk.c **** 
 583:C:\Program Files (x86)\Cypress\PSoC Creator\4.4\PSoC Creator\1\LWO2.cydsn\Generated_Source\PSoC4\CyLFClk.c ****         /* Calculate value of error in PPT according to formula - 
 584:C:\Program Files (x86)\Cypress\PSoC Creator\4.4\PSoC Creator\1\LWO2.cydsn\Generated_Source\PSoC4\CyLFClk.c ****         *       ((measuredIlofrequency - iloDesired frequency) * 1000 / iloDesired frequency) */
 585:C:\Program Files (x86)\Cypress\PSoC Creator\4.4\PSoC Creator\1\LWO2.cydsn\Generated_Source\PSoC4\CyLFClk.c ****         iloAccuracyValue = (((int32) measuredIloFreq - (int32) CY_SYS_CLK_ILO_DESIRED_FREQ_HZ) * \
 586:C:\Program Files (x86)\Cypress\PSoC Creator\4.4\PSoC Creator\1\LWO2.cydsn\Generated_Source\PSoC4\CyLFClk.c ****                             ((int32) CY_SYS_CLK_PERTHOUSAND)) / ((int32) CY_SYS_CLK_ILO_DESIRED_FRE
 587:C:\Program Files (x86)\Cypress\PSoC Creator\4.4\PSoC Creator\1\LWO2.cydsn\Generated_Source\PSoC4\CyLFClk.c **** 
 588:C:\Program Files (x86)\Cypress\PSoC Creator\4.4\PSoC Creator\1\LWO2.cydsn\Generated_Source\PSoC4\CyLFClk.c ****         /* Check if ILO accuracy is more than +/- CY_SYS_CLK_ERROR_RANGE. See post #1 of API descri
 589:C:\Program Files (x86)\Cypress\PSoC Creator\4.4\PSoC Creator\1\LWO2.cydsn\Generated_Source\PSoC4\CyLFClk.c ****         if(CY_SYS_CLK_ERROR_RANGE < (uint32) (CY_SYS_CLK_ABS_MACRO(iloAccuracyValue)))
 590:C:\Program Files (x86)\Cypress\PSoC Creator\4.4\PSoC Creator\1\LWO2.cydsn\Generated_Source\PSoC4\CyLFClk.c ****         {
 591:C:\Program Files (x86)\Cypress\PSoC Creator\4.4\PSoC Creator\1\LWO2.cydsn\Generated_Source\PSoC4\CyLFClk.c ****             if (0 < iloAccuracyValue)
 592:C:\Program Files (x86)\Cypress\PSoC Creator\4.4\PSoC Creator\1\LWO2.cydsn\Generated_Source\PSoC4\CyLFClk.c ****             {
 593:C:\Program Files (x86)\Cypress\PSoC Creator\4.4\PSoC Creator\1\LWO2.cydsn\Generated_Source\PSoC4\CyLFClk.c ****                 trimStep = (int32) (((iloAccuracyValue * (int32) CY_SYS_CLK_ERROR_COEF) + 
 594:C:\Program Files (x86)\Cypress\PSoC Creator\4.4\PSoC Creator\1\LWO2.cydsn\Generated_Source\PSoC4\CyLFClk.c ****                 CY_SYS_CLK_HALF_OF_STEP) / CY_SYS_CLK_ERROR_STEP);
 595:C:\Program Files (x86)\Cypress\PSoC Creator\4.4\PSoC Creator\1\LWO2.cydsn\Generated_Source\PSoC4\CyLFClk.c ****             }
 596:C:\Program Files (x86)\Cypress\PSoC Creator\4.4\PSoC Creator\1\LWO2.cydsn\Generated_Source\PSoC4\CyLFClk.c ****             else
 597:C:\Program Files (x86)\Cypress\PSoC Creator\4.4\PSoC Creator\1\LWO2.cydsn\Generated_Source\PSoC4\CyLFClk.c ****             {
 598:C:\Program Files (x86)\Cypress\PSoC Creator\4.4\PSoC Creator\1\LWO2.cydsn\Generated_Source\PSoC4\CyLFClk.c ****                 trimStep = (int32) (((iloAccuracyValue * (int32) CY_SYS_CLK_ERROR_COEF) - 
 599:C:\Program Files (x86)\Cypress\PSoC Creator\4.4\PSoC Creator\1\LWO2.cydsn\Generated_Source\PSoC4\CyLFClk.c ****                 CY_SYS_CLK_HALF_OF_STEP) / CY_SYS_CLK_ERROR_STEP);
 600:C:\Program Files (x86)\Cypress\PSoC Creator\4.4\PSoC Creator\1\LWO2.cydsn\Generated_Source\PSoC4\CyLFClk.c ****             }
 601:C:\Program Files (x86)\Cypress\PSoC Creator\4.4\PSoC Creator\1\LWO2.cydsn\Generated_Source\PSoC4\CyLFClk.c ****             currentIloTrimValue = (CY_SYS_CLK_ILO_TRIM_REG & CY_SYS_CLK_ILO_TRIM_MASK);
 602:C:\Program Files (x86)\Cypress\PSoC Creator\4.4\PSoC Creator\1\LWO2.cydsn\Generated_Source\PSoC4\CyLFClk.c ****             trimStep = (int32) currentIloTrimValue - trimStep;
 603:C:\Program Files (x86)\Cypress\PSoC Creator\4.4\PSoC Creator\1\LWO2.cydsn\Generated_Source\PSoC4\CyLFClk.c **** 
 604:C:\Program Files (x86)\Cypress\PSoC Creator\4.4\PSoC Creator\1\LWO2.cydsn\Generated_Source\PSoC4\CyLFClk.c ****             if(trimStep > CY_SYS_CLK_FOURBITS_MAX)
 605:C:\Program Files (x86)\Cypress\PSoC Creator\4.4\PSoC Creator\1\LWO2.cydsn\Generated_Source\PSoC4\CyLFClk.c ****             {
 606:C:\Program Files (x86)\Cypress\PSoC Creator\4.4\PSoC Creator\1\LWO2.cydsn\Generated_Source\PSoC4\CyLFClk.c ****                 trimStep = CY_SYS_CLK_FOURBITS_MAX;
 607:C:\Program Files (x86)\Cypress\PSoC Creator\4.4\PSoC Creator\1\LWO2.cydsn\Generated_Source\PSoC4\CyLFClk.c ****             }
 608:C:\Program Files (x86)\Cypress\PSoC Creator\4.4\PSoC Creator\1\LWO2.cydsn\Generated_Source\PSoC4\CyLFClk.c ****             if(trimStep < 0)
 609:C:\Program Files (x86)\Cypress\PSoC Creator\4.4\PSoC Creator\1\LWO2.cydsn\Generated_Source\PSoC4\CyLFClk.c ****             {
 610:C:\Program Files (x86)\Cypress\PSoC Creator\4.4\PSoC Creator\1\LWO2.cydsn\Generated_Source\PSoC4\CyLFClk.c ****                 trimStep = 0;
 611:C:\Program Files (x86)\Cypress\PSoC Creator\4.4\PSoC Creator\1\LWO2.cydsn\Generated_Source\PSoC4\CyLFClk.c ****             }
 612:C:\Program Files (x86)\Cypress\PSoC Creator\4.4\PSoC Creator\1\LWO2.cydsn\Generated_Source\PSoC4\CyLFClk.c ****             CY_SYS_CLK_ILO_TRIM_REG = (CY_SYS_CLK_ILO_TRIM_REG & (uint32)(~CY_SYS_CLK_ILO_TRIM_MASK
 613:C:\Program Files (x86)\Cypress\PSoC Creator\4.4\PSoC Creator\1\LWO2.cydsn\Generated_Source\PSoC4\CyLFClk.c ****                                                                  ((uint32) trimStep);
 614:C:\Program Files (x86)\Cypress\PSoC Creator\4.4\PSoC Creator\1\LWO2.cydsn\Generated_Source\PSoC4\CyLFClk.c ****             errorRangeStatus = CYRET_STARTED;
 615:C:\Program Files (x86)\Cypress\PSoC Creator\4.4\PSoC Creator\1\LWO2.cydsn\Generated_Source\PSoC4\CyLFClk.c ****         } /* Else return success because error is in +/- 10% range*/
 616:C:\Program Files (x86)\Cypress\PSoC Creator\4.4\PSoC Creator\1\LWO2.cydsn\Generated_Source\PSoC4\CyLFClk.c ****         else
 617:C:\Program Files (x86)\Cypress\PSoC Creator\4.4\PSoC Creator\1\LWO2.cydsn\Generated_Source\PSoC4\CyLFClk.c ****         {
 618:C:\Program Files (x86)\Cypress\PSoC Creator\4.4\PSoC Creator\1\LWO2.cydsn\Generated_Source\PSoC4\CyLFClk.c ****             /* Write trimmed ILO accuracy through pointer. */
 619:C:\Program Files (x86)\Cypress\PSoC Creator\4.4\PSoC Creator\1\LWO2.cydsn\Generated_Source\PSoC4\CyLFClk.c ****             *iloAccuracyInPPT = iloAccuracyValue;
 620:C:\Program Files (x86)\Cypress\PSoC Creator\4.4\PSoC Creator\1\LWO2.cydsn\Generated_Source\PSoC4\CyLFClk.c ****             errorRangeStatus = CYRET_SUCCESS;
 621:C:\Program Files (x86)\Cypress\PSoC Creator\4.4\PSoC Creator\1\LWO2.cydsn\Generated_Source\PSoC4\CyLFClk.c ****         }
 622:C:\Program Files (x86)\Cypress\PSoC Creator\4.4\PSoC Creator\1\LWO2.cydsn\Generated_Source\PSoC4\CyLFClk.c ****     }
 623:C:\Program Files (x86)\Cypress\PSoC Creator\4.4\PSoC Creator\1\LWO2.cydsn\Generated_Source\PSoC4\CyLFClk.c ****     else
 624:C:\Program Files (x86)\Cypress\PSoC Creator\4.4\PSoC Creator\1\LWO2.cydsn\Generated_Source\PSoC4\CyLFClk.c ****     {
 625:C:\Program Files (x86)\Cypress\PSoC Creator\4.4\PSoC Creator\1\LWO2.cydsn\Generated_Source\PSoC4\CyLFClk.c ****         errorRangeStatus = CYRET_INVALID_STATE;
ARM GAS  C:\Users\taips\AppData\Local\Temp\cc8A2Ndf.s 			page 13


 626:C:\Program Files (x86)\Cypress\PSoC Creator\4.4\PSoC Creator\1\LWO2.cydsn\Generated_Source\PSoC4\CyLFClk.c ****     }
 627:C:\Program Files (x86)\Cypress\PSoC Creator\4.4\PSoC Creator\1\LWO2.cydsn\Generated_Source\PSoC4\CyLFClk.c **** return (errorRangeStatus);
 628:C:\Program Files (x86)\Cypress\PSoC Creator\4.4\PSoC Creator\1\LWO2.cydsn\Generated_Source\PSoC4\CyLFClk.c **** }
 629:C:\Program Files (x86)\Cypress\PSoC Creator\4.4\PSoC Creator\1\LWO2.cydsn\Generated_Source\PSoC4\CyLFClk.c **** 
 630:C:\Program Files (x86)\Cypress\PSoC Creator\4.4\PSoC Creator\1\LWO2.cydsn\Generated_Source\PSoC4\CyLFClk.c **** 
 631:C:\Program Files (x86)\Cypress\PSoC Creator\4.4\PSoC Creator\1\LWO2.cydsn\Generated_Source\PSoC4\CyLFClk.c **** /*******************************************************************************
 632:C:\Program Files (x86)\Cypress\PSoC Creator\4.4\PSoC Creator\1\LWO2.cydsn\Generated_Source\PSoC4\CyLFClk.c **** * Function Name: CySysClkIloRestoreFactoryTrim
 633:C:\Program Files (x86)\Cypress\PSoC Creator\4.4\PSoC Creator\1\LWO2.cydsn\Generated_Source\PSoC4\CyLFClk.c **** ****************************************************************************//**
 634:C:\Program Files (x86)\Cypress\PSoC Creator\4.4\PSoC Creator\1\LWO2.cydsn\Generated_Source\PSoC4\CyLFClk.c **** * \brief
 635:C:\Program Files (x86)\Cypress\PSoC Creator\4.4\PSoC Creator\1\LWO2.cydsn\Generated_Source\PSoC4\CyLFClk.c **** * Restores the ILO Trim Register to factory value.
 636:C:\Program Files (x86)\Cypress\PSoC Creator\4.4\PSoC Creator\1\LWO2.cydsn\Generated_Source\PSoC4\CyLFClk.c **** *
 637:C:\Program Files (x86)\Cypress\PSoC Creator\4.4\PSoC Creator\1\LWO2.cydsn\Generated_Source\PSoC4\CyLFClk.c **** * The CySysClkIloStartMeasurement() API should be called prior to 
 638:C:\Program Files (x86)\Cypress\PSoC Creator\4.4\PSoC Creator\1\LWO2.cydsn\Generated_Source\PSoC4\CyLFClk.c **** * calling this API. Otherwise CYRET_UNKNOWN will be returned.
 639:C:\Program Files (x86)\Cypress\PSoC Creator\4.4\PSoC Creator\1\LWO2.cydsn\Generated_Source\PSoC4\CyLFClk.c **** *
 640:C:\Program Files (x86)\Cypress\PSoC Creator\4.4\PSoC Creator\1\LWO2.cydsn\Generated_Source\PSoC4\CyLFClk.c **** * Available for all PSoC 4 devices except for PSoC 4000 / PSoC 4100 / PSoC 4200 
 641:C:\Program Files (x86)\Cypress\PSoC Creator\4.4\PSoC Creator\1\LWO2.cydsn\Generated_Source\PSoC4\CyLFClk.c **** * / PSoC 4000S / PSoC 4100S / PSoC Analog Coprocessor devices.
 642:C:\Program Files (x86)\Cypress\PSoC Creator\4.4\PSoC Creator\1\LWO2.cydsn\Generated_Source\PSoC4\CyLFClk.c **** *
 643:C:\Program Files (x86)\Cypress\PSoC Creator\4.4\PSoC Creator\1\LWO2.cydsn\Generated_Source\PSoC4\CyLFClk.c **** * \return CYRET_SUCCESS - Operation was successful. 
 644:C:\Program Files (x86)\Cypress\PSoC Creator\4.4\PSoC Creator\1\LWO2.cydsn\Generated_Source\PSoC4\CyLFClk.c **** * \return CYRET_UNKNOWN - CySysClkIloStartMeasurement() was not called 
 645:C:\Program Files (x86)\Cypress\PSoC Creator\4.4\PSoC Creator\1\LWO2.cydsn\Generated_Source\PSoC4\CyLFClk.c **** * before this API. Hence the trim value cannot be updated.
 646:C:\Program Files (x86)\Cypress\PSoC Creator\4.4\PSoC Creator\1\LWO2.cydsn\Generated_Source\PSoC4\CyLFClk.c **** *
 647:C:\Program Files (x86)\Cypress\PSoC Creator\4.4\PSoC Creator\1\LWO2.cydsn\Generated_Source\PSoC4\CyLFClk.c **** ******************************************************************************/
 648:C:\Program Files (x86)\Cypress\PSoC Creator\4.4\PSoC Creator\1\LWO2.cydsn\Generated_Source\PSoC4\CyLFClk.c **** cystatus CySysClkIloRestoreFactoryTrim(void)
 649:C:\Program Files (x86)\Cypress\PSoC Creator\4.4\PSoC Creator\1\LWO2.cydsn\Generated_Source\PSoC4\CyLFClk.c **** {
 650:C:\Program Files (x86)\Cypress\PSoC Creator\4.4\PSoC Creator\1\LWO2.cydsn\Generated_Source\PSoC4\CyLFClk.c ****     cystatus returnStatus = CYRET_SUCCESS;
 651:C:\Program Files (x86)\Cypress\PSoC Creator\4.4\PSoC Creator\1\LWO2.cydsn\Generated_Source\PSoC4\CyLFClk.c **** 
 652:C:\Program Files (x86)\Cypress\PSoC Creator\4.4\PSoC Creator\1\LWO2.cydsn\Generated_Source\PSoC4\CyLFClk.c ****     /* Check was defaultIloTrimRegValue modified in CySysClkIloStartMeasurement */
 653:C:\Program Files (x86)\Cypress\PSoC Creator\4.4\PSoC Creator\1\LWO2.cydsn\Generated_Source\PSoC4\CyLFClk.c ****     if(CY_SYS_CLK_ILO_TRIM_DEFAULT_VALUE != defaultIloTrimRegValue)
 654:C:\Program Files (x86)\Cypress\PSoC Creator\4.4\PSoC Creator\1\LWO2.cydsn\Generated_Source\PSoC4\CyLFClk.c ****         {
 655:C:\Program Files (x86)\Cypress\PSoC Creator\4.4\PSoC Creator\1\LWO2.cydsn\Generated_Source\PSoC4\CyLFClk.c ****             CY_SYS_CLK_ILO_TRIM_REG = ((CY_SYS_CLK_ILO_TRIM_REG & (uint32)(~CY_SYS_CLK_ILO_TRIM_MAS
 656:C:\Program Files (x86)\Cypress\PSoC Creator\4.4\PSoC Creator\1\LWO2.cydsn\Generated_Source\PSoC4\CyLFClk.c ****                                        (defaultIloTrimRegValue & CY_SYS_CLK_ILO_TRIM_MASK));
 657:C:\Program Files (x86)\Cypress\PSoC Creator\4.4\PSoC Creator\1\LWO2.cydsn\Generated_Source\PSoC4\CyLFClk.c ****         }
 658:C:\Program Files (x86)\Cypress\PSoC Creator\4.4\PSoC Creator\1\LWO2.cydsn\Generated_Source\PSoC4\CyLFClk.c ****         else
 659:C:\Program Files (x86)\Cypress\PSoC Creator\4.4\PSoC Creator\1\LWO2.cydsn\Generated_Source\PSoC4\CyLFClk.c ****         {
 660:C:\Program Files (x86)\Cypress\PSoC Creator\4.4\PSoC Creator\1\LWO2.cydsn\Generated_Source\PSoC4\CyLFClk.c ****             returnStatus = CYRET_UNKNOWN;
 661:C:\Program Files (x86)\Cypress\PSoC Creator\4.4\PSoC Creator\1\LWO2.cydsn\Generated_Source\PSoC4\CyLFClk.c ****         }
 662:C:\Program Files (x86)\Cypress\PSoC Creator\4.4\PSoC Creator\1\LWO2.cydsn\Generated_Source\PSoC4\CyLFClk.c **** 
 663:C:\Program Files (x86)\Cypress\PSoC Creator\4.4\PSoC Creator\1\LWO2.cydsn\Generated_Source\PSoC4\CyLFClk.c ****         return (returnStatus);
 664:C:\Program Files (x86)\Cypress\PSoC Creator\4.4\PSoC Creator\1\LWO2.cydsn\Generated_Source\PSoC4\CyLFClk.c **** }
 665:C:\Program Files (x86)\Cypress\PSoC Creator\4.4\PSoC Creator\1\LWO2.cydsn\Generated_Source\PSoC4\CyLFClk.c **** #endif /* (CY_IP_SRSSV2 && (!CY_IP_CPUSS)) */
 666:C:\Program Files (x86)\Cypress\PSoC Creator\4.4\PSoC Creator\1\LWO2.cydsn\Generated_Source\PSoC4\CyLFClk.c **** 
 667:C:\Program Files (x86)\Cypress\PSoC Creator\4.4\PSoC Creator\1\LWO2.cydsn\Generated_Source\PSoC4\CyLFClk.c **** 
 668:C:\Program Files (x86)\Cypress\PSoC Creator\4.4\PSoC Creator\1\LWO2.cydsn\Generated_Source\PSoC4\CyLFClk.c **** #if (CY_IP_WCO && CY_IP_SRSSV2)
 669:C:\Program Files (x86)\Cypress\PSoC Creator\4.4\PSoC Creator\1\LWO2.cydsn\Generated_Source\PSoC4\CyLFClk.c ****     /*******************************************************************************
 670:C:\Program Files (x86)\Cypress\PSoC Creator\4.4\PSoC Creator\1\LWO2.cydsn\Generated_Source\PSoC4\CyLFClk.c ****     * Function Name: CySysClkGetLfclkSource
 671:C:\Program Files (x86)\Cypress\PSoC Creator\4.4\PSoC Creator\1\LWO2.cydsn\Generated_Source\PSoC4\CyLFClk.c ****     ********************************************************************************
 672:C:\Program Files (x86)\Cypress\PSoC Creator\4.4\PSoC Creator\1\LWO2.cydsn\Generated_Source\PSoC4\CyLFClk.c ****     *
 673:C:\Program Files (x86)\Cypress\PSoC Creator\4.4\PSoC Creator\1\LWO2.cydsn\Generated_Source\PSoC4\CyLFClk.c ****     * \internal
 674:C:\Program Files (x86)\Cypress\PSoC Creator\4.4\PSoC Creator\1\LWO2.cydsn\Generated_Source\PSoC4\CyLFClk.c ****     *  Gets the clock source for the LFCLK clock.
 675:C:\Program Files (x86)\Cypress\PSoC Creator\4.4\PSoC Creator\1\LWO2.cydsn\Generated_Source\PSoC4\CyLFClk.c ****     *  The function is applicable only for PSoC 4100 BLE / PSoC 4200 BLE / 
 676:C:\Program Files (x86)\Cypress\PSoC Creator\4.4\PSoC Creator\1\LWO2.cydsn\Generated_Source\PSoC4\CyLFClk.c ****     *  PSoC 4100M / PSoC 4200M / PSoC 4200L.
 677:C:\Program Files (x86)\Cypress\PSoC Creator\4.4\PSoC Creator\1\LWO2.cydsn\Generated_Source\PSoC4\CyLFClk.c ****     *
 678:C:\Program Files (x86)\Cypress\PSoC Creator\4.4\PSoC Creator\1\LWO2.cydsn\Generated_Source\PSoC4\CyLFClk.c ****     * \return The LFCLK source:
 679:C:\Program Files (x86)\Cypress\PSoC Creator\4.4\PSoC Creator\1\LWO2.cydsn\Generated_Source\PSoC4\CyLFClk.c ****     * CY_SYS_CLK_LFCLK_SRC_ILO Internal Low Frequency (32 kHz) Oscillator (ILO)
 680:C:\Program Files (x86)\Cypress\PSoC Creator\4.4\PSoC Creator\1\LWO2.cydsn\Generated_Source\PSoC4\CyLFClk.c ****     * CY_SYS_CLK_LFCLK_SRC_WCO Low Frequency Watch Crystal Oscillator (WCO)
 681:C:\Program Files (x86)\Cypress\PSoC Creator\4.4\PSoC Creator\1\LWO2.cydsn\Generated_Source\PSoC4\CyLFClk.c ****     *
 682:C:\Program Files (x86)\Cypress\PSoC Creator\4.4\PSoC Creator\1\LWO2.cydsn\Generated_Source\PSoC4\CyLFClk.c ****     * \endinternal
ARM GAS  C:\Users\taips\AppData\Local\Temp\cc8A2Ndf.s 			page 14


 683:C:\Program Files (x86)\Cypress\PSoC Creator\4.4\PSoC Creator\1\LWO2.cydsn\Generated_Source\PSoC4\CyLFClk.c ****     *
 684:C:\Program Files (x86)\Cypress\PSoC Creator\4.4\PSoC Creator\1\LWO2.cydsn\Generated_Source\PSoC4\CyLFClk.c ****     *******************************************************************************/
 685:C:\Program Files (x86)\Cypress\PSoC Creator\4.4\PSoC Creator\1\LWO2.cydsn\Generated_Source\PSoC4\CyLFClk.c ****     static uint32 CySysClkGetLfclkSource(void)
 686:C:\Program Files (x86)\Cypress\PSoC Creator\4.4\PSoC Creator\1\LWO2.cydsn\Generated_Source\PSoC4\CyLFClk.c ****     {
 687:C:\Program Files (x86)\Cypress\PSoC Creator\4.4\PSoC Creator\1\LWO2.cydsn\Generated_Source\PSoC4\CyLFClk.c ****         uint32 lfclkSource;
 688:C:\Program Files (x86)\Cypress\PSoC Creator\4.4\PSoC Creator\1\LWO2.cydsn\Generated_Source\PSoC4\CyLFClk.c ****         lfclkSource = CY_SYS_WDT_CONFIG_REG & CY_SYS_CLK_LFCLK_SEL_MASK;
 689:C:\Program Files (x86)\Cypress\PSoC Creator\4.4\PSoC Creator\1\LWO2.cydsn\Generated_Source\PSoC4\CyLFClk.c ****         return (lfclkSource);
 690:C:\Program Files (x86)\Cypress\PSoC Creator\4.4\PSoC Creator\1\LWO2.cydsn\Generated_Source\PSoC4\CyLFClk.c ****     }
 691:C:\Program Files (x86)\Cypress\PSoC Creator\4.4\PSoC Creator\1\LWO2.cydsn\Generated_Source\PSoC4\CyLFClk.c **** 
 692:C:\Program Files (x86)\Cypress\PSoC Creator\4.4\PSoC Creator\1\LWO2.cydsn\Generated_Source\PSoC4\CyLFClk.c **** 
 693:C:\Program Files (x86)\Cypress\PSoC Creator\4.4\PSoC Creator\1\LWO2.cydsn\Generated_Source\PSoC4\CyLFClk.c ****     /*******************************************************************************
 694:C:\Program Files (x86)\Cypress\PSoC Creator\4.4\PSoC Creator\1\LWO2.cydsn\Generated_Source\PSoC4\CyLFClk.c ****     * Function Name: CySysClkSetLfclkSource
 695:C:\Program Files (x86)\Cypress\PSoC Creator\4.4\PSoC Creator\1\LWO2.cydsn\Generated_Source\PSoC4\CyLFClk.c ****     ****************************************************************************//**
 696:C:\Program Files (x86)\Cypress\PSoC Creator\4.4\PSoC Creator\1\LWO2.cydsn\Generated_Source\PSoC4\CyLFClk.c ****     * \brief
 697:C:\Program Files (x86)\Cypress\PSoC Creator\4.4\PSoC Creator\1\LWO2.cydsn\Generated_Source\PSoC4\CyLFClk.c ****     *  Sets the clock source for the LFCLK clock.
 698:C:\Program Files (x86)\Cypress\PSoC Creator\4.4\PSoC Creator\1\LWO2.cydsn\Generated_Source\PSoC4\CyLFClk.c ****     *
 699:C:\Program Files (x86)\Cypress\PSoC Creator\4.4\PSoC Creator\1\LWO2.cydsn\Generated_Source\PSoC4\CyLFClk.c ****     * The switch between LFCLK sources must be done between the positive edges of
 700:C:\Program Files (x86)\Cypress\PSoC Creator\4.4\PSoC Creator\1\LWO2.cydsn\Generated_Source\PSoC4\CyLFClk.c ****     * LFCLK, because the glitch risk is around the LFCLK positive edge. To ensure
 701:C:\Program Files (x86)\Cypress\PSoC Creator\4.4\PSoC Creator\1\LWO2.cydsn\Generated_Source\PSoC4\CyLFClk.c ****     * that the switch can be done safely, the WDT counter value is read until it
 702:C:\Program Files (x86)\Cypress\PSoC Creator\4.4\PSoC Creator\1\LWO2.cydsn\Generated_Source\PSoC4\CyLFClk.c ****     * changes.
 703:C:\Program Files (x86)\Cypress\PSoC Creator\4.4\PSoC Creator\1\LWO2.cydsn\Generated_Source\PSoC4\CyLFClk.c ****     *
 704:C:\Program Files (x86)\Cypress\PSoC Creator\4.4\PSoC Creator\1\LWO2.cydsn\Generated_Source\PSoC4\CyLFClk.c ****     * That means that the positive edge just finished and the switch is performed.
 705:C:\Program Files (x86)\Cypress\PSoC Creator\4.4\PSoC Creator\1\LWO2.cydsn\Generated_Source\PSoC4\CyLFClk.c ****     * The enabled WDT counter is used for that purpose. If no counters are enabled,
 706:C:\Program Files (x86)\Cypress\PSoC Creator\4.4\PSoC Creator\1\LWO2.cydsn\Generated_Source\PSoC4\CyLFClk.c ****     * counter 0 is enabled. And after the LFCLK source is switched, counter 0
 707:C:\Program Files (x86)\Cypress\PSoC Creator\4.4\PSoC Creator\1\LWO2.cydsn\Generated_Source\PSoC4\CyLFClk.c ****     * configuration is restored.
 708:C:\Program Files (x86)\Cypress\PSoC Creator\4.4\PSoC Creator\1\LWO2.cydsn\Generated_Source\PSoC4\CyLFClk.c ****     *
 709:C:\Program Files (x86)\Cypress\PSoC Creator\4.4\PSoC Creator\1\LWO2.cydsn\Generated_Source\PSoC4\CyLFClk.c ****     *  The function is applicable only for devices with more than one source for 
 710:C:\Program Files (x86)\Cypress\PSoC Creator\4.4\PSoC Creator\1\LWO2.cydsn\Generated_Source\PSoC4\CyLFClk.c ****     * LFCLK - PSoC 4100 BLE / PSoC 4200 BLE / PRoC BLE / PSoC 4100M / PSoC 4200M / 
 711:C:\Program Files (x86)\Cypress\PSoC Creator\4.4\PSoC Creator\1\LWO2.cydsn\Generated_Source\PSoC4\CyLFClk.c ****     * PSoC 4200L.
 712:C:\Program Files (x86)\Cypress\PSoC Creator\4.4\PSoC Creator\1\LWO2.cydsn\Generated_Source\PSoC4\CyLFClk.c ****     *
 713:C:\Program Files (x86)\Cypress\PSoC Creator\4.4\PSoC Creator\1\LWO2.cydsn\Generated_Source\PSoC4\CyLFClk.c ****     * \note For PSoC 4000S / PSoC 4100S / PSoC Analog Coprocessor devices LFCLK can
 714:C:\Program Files (x86)\Cypress\PSoC Creator\4.4\PSoC Creator\1\LWO2.cydsn\Generated_Source\PSoC4\CyLFClk.c ****     * only be sourced from ILO even though WCO is available.
 715:C:\Program Files (x86)\Cypress\PSoC Creator\4.4\PSoC Creator\1\LWO2.cydsn\Generated_Source\PSoC4\CyLFClk.c ****     *
 716:C:\Program Files (x86)\Cypress\PSoC Creator\4.4\PSoC Creator\1\LWO2.cydsn\Generated_Source\PSoC4\CyLFClk.c ****     * \param
 717:C:\Program Files (x86)\Cypress\PSoC Creator\4.4\PSoC Creator\1\LWO2.cydsn\Generated_Source\PSoC4\CyLFClk.c ****     * source
 718:C:\Program Files (x86)\Cypress\PSoC Creator\4.4\PSoC Creator\1\LWO2.cydsn\Generated_Source\PSoC4\CyLFClk.c ****     * CY_SYS_CLK_LFCLK_SRC_ILO - Internal Low Frequency (32 kHz) 
 719:C:\Program Files (x86)\Cypress\PSoC Creator\4.4\PSoC Creator\1\LWO2.cydsn\Generated_Source\PSoC4\CyLFClk.c ****     * Oscillator (ILO).<br>
 720:C:\Program Files (x86)\Cypress\PSoC Creator\4.4\PSoC Creator\1\LWO2.cydsn\Generated_Source\PSoC4\CyLFClk.c ****     * CY_SYS_CLK_LFCLK_SRC_WCO - Low Frequency Watch Crystal Oscillator (WCO).
 721:C:\Program Files (x86)\Cypress\PSoC Creator\4.4\PSoC Creator\1\LWO2.cydsn\Generated_Source\PSoC4\CyLFClk.c ****     *
 722:C:\Program Files (x86)\Cypress\PSoC Creator\4.4\PSoC Creator\1\LWO2.cydsn\Generated_Source\PSoC4\CyLFClk.c ****     * \details
 723:C:\Program Files (x86)\Cypress\PSoC Creator\4.4\PSoC Creator\1\LWO2.cydsn\Generated_Source\PSoC4\CyLFClk.c ****     * This function has no effect if WDT is locked (CySysWdtLock() is called). 
 724:C:\Program Files (x86)\Cypress\PSoC Creator\4.4\PSoC Creator\1\LWO2.cydsn\Generated_Source\PSoC4\CyLFClk.c ****     * Call CySysWdtUnlock() to unlock WDT.
 725:C:\Program Files (x86)\Cypress\PSoC Creator\4.4\PSoC Creator\1\LWO2.cydsn\Generated_Source\PSoC4\CyLFClk.c ****     *
 726:C:\Program Files (x86)\Cypress\PSoC Creator\4.4\PSoC Creator\1\LWO2.cydsn\Generated_Source\PSoC4\CyLFClk.c ****     * Both the current source and the new source must be running and stable before
 727:C:\Program Files (x86)\Cypress\PSoC Creator\4.4\PSoC Creator\1\LWO2.cydsn\Generated_Source\PSoC4\CyLFClk.c ****     * calling this function.
 728:C:\Program Files (x86)\Cypress\PSoC Creator\4.4\PSoC Creator\1\LWO2.cydsn\Generated_Source\PSoC4\CyLFClk.c ****     *
 729:C:\Program Files (x86)\Cypress\PSoC Creator\4.4\PSoC Creator\1\LWO2.cydsn\Generated_Source\PSoC4\CyLFClk.c ****     * Changing the LFCLK clock source may change the LFCLK clock frequency and
 730:C:\Program Files (x86)\Cypress\PSoC Creator\4.4\PSoC Creator\1\LWO2.cydsn\Generated_Source\PSoC4\CyLFClk.c ****     * affect the functionality that uses this clock. For example, watchdog timer
 731:C:\Program Files (x86)\Cypress\PSoC Creator\4.4\PSoC Creator\1\LWO2.cydsn\Generated_Source\PSoC4\CyLFClk.c ****     * "uses this clock" or "this clock uses" (WDT) is clocked by LFCLK.
 732:C:\Program Files (x86)\Cypress\PSoC Creator\4.4\PSoC Creator\1\LWO2.cydsn\Generated_Source\PSoC4\CyLFClk.c ****     *
 733:C:\Program Files (x86)\Cypress\PSoC Creator\4.4\PSoC Creator\1\LWO2.cydsn\Generated_Source\PSoC4\CyLFClk.c ****     *******************************************************************************/
 734:C:\Program Files (x86)\Cypress\PSoC Creator\4.4\PSoC Creator\1\LWO2.cydsn\Generated_Source\PSoC4\CyLFClk.c ****     void CySysClkSetLfclkSource(uint32 source)
 735:C:\Program Files (x86)\Cypress\PSoC Creator\4.4\PSoC Creator\1\LWO2.cydsn\Generated_Source\PSoC4\CyLFClk.c ****     {
 736:C:\Program Files (x86)\Cypress\PSoC Creator\4.4\PSoC Creator\1\LWO2.cydsn\Generated_Source\PSoC4\CyLFClk.c ****         uint8  interruptState;
 737:C:\Program Files (x86)\Cypress\PSoC Creator\4.4\PSoC Creator\1\LWO2.cydsn\Generated_Source\PSoC4\CyLFClk.c **** 
 738:C:\Program Files (x86)\Cypress\PSoC Creator\4.4\PSoC Creator\1\LWO2.cydsn\Generated_Source\PSoC4\CyLFClk.c ****         if (CySysClkGetLfclkSource() != source)
 739:C:\Program Files (x86)\Cypress\PSoC Creator\4.4\PSoC Creator\1\LWO2.cydsn\Generated_Source\PSoC4\CyLFClk.c ****         {
ARM GAS  C:\Users\taips\AppData\Local\Temp\cc8A2Ndf.s 			page 15


 740:C:\Program Files (x86)\Cypress\PSoC Creator\4.4\PSoC Creator\1\LWO2.cydsn\Generated_Source\PSoC4\CyLFClk.c ****             interruptState = CyEnterCriticalSection();
 741:C:\Program Files (x86)\Cypress\PSoC Creator\4.4\PSoC Creator\1\LWO2.cydsn\Generated_Source\PSoC4\CyLFClk.c ****             CySysClkLfclkPosedgeCatch();
 742:C:\Program Files (x86)\Cypress\PSoC Creator\4.4\PSoC Creator\1\LWO2.cydsn\Generated_Source\PSoC4\CyLFClk.c ****             CY_SYS_WDT_CONFIG_REG = (CY_SYS_WDT_CONFIG_REG & (uint32)(~CY_SYS_CLK_LFCLK_SEL_MASK)) 
 743:C:\Program Files (x86)\Cypress\PSoC Creator\4.4\PSoC Creator\1\LWO2.cydsn\Generated_Source\PSoC4\CyLFClk.c ****                                     (source & CY_SYS_CLK_LFCLK_SEL_MASK);
 744:C:\Program Files (x86)\Cypress\PSoC Creator\4.4\PSoC Creator\1\LWO2.cydsn\Generated_Source\PSoC4\CyLFClk.c ****             CySysClkLfclkPosedgeRestore();
 745:C:\Program Files (x86)\Cypress\PSoC Creator\4.4\PSoC Creator\1\LWO2.cydsn\Generated_Source\PSoC4\CyLFClk.c ****             CyExitCriticalSection(interruptState);
 746:C:\Program Files (x86)\Cypress\PSoC Creator\4.4\PSoC Creator\1\LWO2.cydsn\Generated_Source\PSoC4\CyLFClk.c ****         }
 747:C:\Program Files (x86)\Cypress\PSoC Creator\4.4\PSoC Creator\1\LWO2.cydsn\Generated_Source\PSoC4\CyLFClk.c ****     }
 748:C:\Program Files (x86)\Cypress\PSoC Creator\4.4\PSoC Creator\1\LWO2.cydsn\Generated_Source\PSoC4\CyLFClk.c **** #endif /* (CY_IP_WCO && CY_IP_SRSSV2) */
 749:C:\Program Files (x86)\Cypress\PSoC Creator\4.4\PSoC Creator\1\LWO2.cydsn\Generated_Source\PSoC4\CyLFClk.c **** 
 750:C:\Program Files (x86)\Cypress\PSoC Creator\4.4\PSoC Creator\1\LWO2.cydsn\Generated_Source\PSoC4\CyLFClk.c **** 
 751:C:\Program Files (x86)\Cypress\PSoC Creator\4.4\PSoC Creator\1\LWO2.cydsn\Generated_Source\PSoC4\CyLFClk.c **** #if (CY_IP_WCO)
 752:C:\Program Files (x86)\Cypress\PSoC Creator\4.4\PSoC Creator\1\LWO2.cydsn\Generated_Source\PSoC4\CyLFClk.c ****     /*******************************************************************************
 753:C:\Program Files (x86)\Cypress\PSoC Creator\4.4\PSoC Creator\1\LWO2.cydsn\Generated_Source\PSoC4\CyLFClk.c ****     * Function Name: CySysClkWcoStart
 754:C:\Program Files (x86)\Cypress\PSoC Creator\4.4\PSoC Creator\1\LWO2.cydsn\Generated_Source\PSoC4\CyLFClk.c ****     ****************************************************************************//**
 755:C:\Program Files (x86)\Cypress\PSoC Creator\4.4\PSoC Creator\1\LWO2.cydsn\Generated_Source\PSoC4\CyLFClk.c ****     * \brief
 756:C:\Program Files (x86)\Cypress\PSoC Creator\4.4\PSoC Creator\1\LWO2.cydsn\Generated_Source\PSoC4\CyLFClk.c ****     *  Enables Watch Crystal Oscillator (WCO).
 757:C:\Program Files (x86)\Cypress\PSoC Creator\4.4\PSoC Creator\1\LWO2.cydsn\Generated_Source\PSoC4\CyLFClk.c ****     * 
 758:C:\Program Files (x86)\Cypress\PSoC Creator\4.4\PSoC Creator\1\LWO2.cydsn\Generated_Source\PSoC4\CyLFClk.c ****     * This API enables WCO which is used as a source for LFCLK. Similar to ILO, 
 759:C:\Program Files (x86)\Cypress\PSoC Creator\4.4\PSoC Creator\1\LWO2.cydsn\Generated_Source\PSoC4\CyLFClk.c ****     * WCO is also available in all modes except Hibernate and Stop modes.
 760:C:\Program Files (x86)\Cypress\PSoC Creator\4.4\PSoC Creator\1\LWO2.cydsn\Generated_Source\PSoC4\CyLFClk.c ****     * \note In PSoC 4000S / PSoC 4100S / PSoC Analog Coprocessor devices
 761:C:\Program Files (x86)\Cypress\PSoC Creator\4.4\PSoC Creator\1\LWO2.cydsn\Generated_Source\PSoC4\CyLFClk.c ****     * WCO cannot be a source for the LFCLK. 
 762:C:\Program Files (x86)\Cypress\PSoC Creator\4.4\PSoC Creator\1\LWO2.cydsn\Generated_Source\PSoC4\CyLFClk.c ****     *
 763:C:\Program Files (x86)\Cypress\PSoC Creator\4.4\PSoC Creator\1\LWO2.cydsn\Generated_Source\PSoC4\CyLFClk.c ****     *  WCO is always enabled in High Power Mode (HPM). Refer to the device
 764:C:\Program Files (x86)\Cypress\PSoC Creator\4.4\PSoC Creator\1\LWO2.cydsn\Generated_Source\PSoC4\CyLFClk.c ****     *  datasheet for the  WCO startup time. Once WCO becomes stable it can be
 765:C:\Program Files (x86)\Cypress\PSoC Creator\4.4\PSoC Creator\1\LWO2.cydsn\Generated_Source\PSoC4\CyLFClk.c ****     *  switched to Low Power Mode (LPM). Note that oscillator can be unstable
 766:C:\Program Files (x86)\Cypress\PSoC Creator\4.4\PSoC Creator\1\LWO2.cydsn\Generated_Source\PSoC4\CyLFClk.c ****     *  during a switch and hence its output should not be used at that moment.
 767:C:\Program Files (x86)\Cypress\PSoC Creator\4.4\PSoC Creator\1\LWO2.cydsn\Generated_Source\PSoC4\CyLFClk.c ****     *
 768:C:\Program Files (x86)\Cypress\PSoC Creator\4.4\PSoC Creator\1\LWO2.cydsn\Generated_Source\PSoC4\CyLFClk.c ****     *  The CySysClkWcoSetPowerMode() function configures the WCO power mode.
 769:C:\Program Files (x86)\Cypress\PSoC Creator\4.4\PSoC Creator\1\LWO2.cydsn\Generated_Source\PSoC4\CyLFClk.c ****     *
 770:C:\Program Files (x86)\Cypress\PSoC Creator\4.4\PSoC Creator\1\LWO2.cydsn\Generated_Source\PSoC4\CyLFClk.c ****     *******************************************************************************/
 771:C:\Program Files (x86)\Cypress\PSoC Creator\4.4\PSoC Creator\1\LWO2.cydsn\Generated_Source\PSoC4\CyLFClk.c ****     void CySysClkWcoStart(void)
 772:C:\Program Files (x86)\Cypress\PSoC Creator\4.4\PSoC Creator\1\LWO2.cydsn\Generated_Source\PSoC4\CyLFClk.c ****     {
 773:C:\Program Files (x86)\Cypress\PSoC Creator\4.4\PSoC Creator\1\LWO2.cydsn\Generated_Source\PSoC4\CyLFClk.c ****         CySysClkWcoSetHighPowerMode();
 774:C:\Program Files (x86)\Cypress\PSoC Creator\4.4\PSoC Creator\1\LWO2.cydsn\Generated_Source\PSoC4\CyLFClk.c ****         CY_SYS_CLK_WCO_CONFIG_REG |= CY_SYS_CLK_WCO_CONFIG_LPM_ENABLE;
 775:C:\Program Files (x86)\Cypress\PSoC Creator\4.4\PSoC Creator\1\LWO2.cydsn\Generated_Source\PSoC4\CyLFClk.c ****     }
 776:C:\Program Files (x86)\Cypress\PSoC Creator\4.4\PSoC Creator\1\LWO2.cydsn\Generated_Source\PSoC4\CyLFClk.c **** 
 777:C:\Program Files (x86)\Cypress\PSoC Creator\4.4\PSoC Creator\1\LWO2.cydsn\Generated_Source\PSoC4\CyLFClk.c **** 
 778:C:\Program Files (x86)\Cypress\PSoC Creator\4.4\PSoC Creator\1\LWO2.cydsn\Generated_Source\PSoC4\CyLFClk.c ****     /*******************************************************************************
 779:C:\Program Files (x86)\Cypress\PSoC Creator\4.4\PSoC Creator\1\LWO2.cydsn\Generated_Source\PSoC4\CyLFClk.c ****     * Function Name: CySysClkWcoStop
 780:C:\Program Files (x86)\Cypress\PSoC Creator\4.4\PSoC Creator\1\LWO2.cydsn\Generated_Source\PSoC4\CyLFClk.c ****     ****************************************************************************//**
 781:C:\Program Files (x86)\Cypress\PSoC Creator\4.4\PSoC Creator\1\LWO2.cydsn\Generated_Source\PSoC4\CyLFClk.c ****     * \brief
 782:C:\Program Files (x86)\Cypress\PSoC Creator\4.4\PSoC Creator\1\LWO2.cydsn\Generated_Source\PSoC4\CyLFClk.c ****     * Disables the 32 KHz Crystal Oscillator.
 783:C:\Program Files (x86)\Cypress\PSoC Creator\4.4\PSoC Creator\1\LWO2.cydsn\Generated_Source\PSoC4\CyLFClk.c ****     *
 784:C:\Program Files (x86)\Cypress\PSoC Creator\4.4\PSoC Creator\1\LWO2.cydsn\Generated_Source\PSoC4\CyLFClk.c ****     * API switch of WCO.
 785:C:\Program Files (x86)\Cypress\PSoC Creator\4.4\PSoC Creator\1\LWO2.cydsn\Generated_Source\PSoC4\CyLFClk.c ****     * \note PSoC 4100S / PSoC Analog Coprocessor: WCO is required for DeepSleep 
 786:C:\Program Files (x86)\Cypress\PSoC Creator\4.4\PSoC Creator\1\LWO2.cydsn\Generated_Source\PSoC4\CyLFClk.c ****     * Timer's operation.
 787:C:\Program Files (x86)\Cypress\PSoC Creator\4.4\PSoC Creator\1\LWO2.cydsn\Generated_Source\PSoC4\CyLFClk.c ****     *
 788:C:\Program Files (x86)\Cypress\PSoC Creator\4.4\PSoC Creator\1\LWO2.cydsn\Generated_Source\PSoC4\CyLFClk.c ****     *******************************************************************************/
 789:C:\Program Files (x86)\Cypress\PSoC Creator\4.4\PSoC Creator\1\LWO2.cydsn\Generated_Source\PSoC4\CyLFClk.c ****     void  CySysClkWcoStop(void)
 790:C:\Program Files (x86)\Cypress\PSoC Creator\4.4\PSoC Creator\1\LWO2.cydsn\Generated_Source\PSoC4\CyLFClk.c ****     {
 791:C:\Program Files (x86)\Cypress\PSoC Creator\4.4\PSoC Creator\1\LWO2.cydsn\Generated_Source\PSoC4\CyLFClk.c ****         #if (CY_IP_SRSSV2)
 792:C:\Program Files (x86)\Cypress\PSoC Creator\4.4\PSoC Creator\1\LWO2.cydsn\Generated_Source\PSoC4\CyLFClk.c ****             uint8  interruptState;
 793:C:\Program Files (x86)\Cypress\PSoC Creator\4.4\PSoC Creator\1\LWO2.cydsn\Generated_Source\PSoC4\CyLFClk.c ****         #endif /* (CY_IP_SRSSV2) */
 794:C:\Program Files (x86)\Cypress\PSoC Creator\4.4\PSoC Creator\1\LWO2.cydsn\Generated_Source\PSoC4\CyLFClk.c **** 
 795:C:\Program Files (x86)\Cypress\PSoC Creator\4.4\PSoC Creator\1\LWO2.cydsn\Generated_Source\PSoC4\CyLFClk.c ****         if (0u != CySysClkWcoEnabled())
 796:C:\Program Files (x86)\Cypress\PSoC Creator\4.4\PSoC Creator\1\LWO2.cydsn\Generated_Source\PSoC4\CyLFClk.c ****         {
ARM GAS  C:\Users\taips\AppData\Local\Temp\cc8A2Ndf.s 			page 16


 797:C:\Program Files (x86)\Cypress\PSoC Creator\4.4\PSoC Creator\1\LWO2.cydsn\Generated_Source\PSoC4\CyLFClk.c ****             #if (CY_IP_SRSSV2)
 798:C:\Program Files (x86)\Cypress\PSoC Creator\4.4\PSoC Creator\1\LWO2.cydsn\Generated_Source\PSoC4\CyLFClk.c ****                 if (CY_SYS_CLK_LFCLK_SRC_WCO == CySysClkGetLfclkSource())
 799:C:\Program Files (x86)\Cypress\PSoC Creator\4.4\PSoC Creator\1\LWO2.cydsn\Generated_Source\PSoC4\CyLFClk.c ****                 {
 800:C:\Program Files (x86)\Cypress\PSoC Creator\4.4\PSoC Creator\1\LWO2.cydsn\Generated_Source\PSoC4\CyLFClk.c ****                     interruptState = CyEnterCriticalSection();
 801:C:\Program Files (x86)\Cypress\PSoC Creator\4.4\PSoC Creator\1\LWO2.cydsn\Generated_Source\PSoC4\CyLFClk.c ****                     CySysClkLfclkPosedgeCatch();
 802:C:\Program Files (x86)\Cypress\PSoC Creator\4.4\PSoC Creator\1\LWO2.cydsn\Generated_Source\PSoC4\CyLFClk.c ****                     CY_SYS_CLK_WCO_CONFIG_REG &= (uint32) ~CY_SYS_CLK_WCO_CONFIG_LPM_ENABLE;
 803:C:\Program Files (x86)\Cypress\PSoC Creator\4.4\PSoC Creator\1\LWO2.cydsn\Generated_Source\PSoC4\CyLFClk.c ****                     CySysClkLfclkPosedgeRestore();
 804:C:\Program Files (x86)\Cypress\PSoC Creator\4.4\PSoC Creator\1\LWO2.cydsn\Generated_Source\PSoC4\CyLFClk.c ****                     CyExitCriticalSection(interruptState);
 805:C:\Program Files (x86)\Cypress\PSoC Creator\4.4\PSoC Creator\1\LWO2.cydsn\Generated_Source\PSoC4\CyLFClk.c ****                 }
 806:C:\Program Files (x86)\Cypress\PSoC Creator\4.4\PSoC Creator\1\LWO2.cydsn\Generated_Source\PSoC4\CyLFClk.c ****                 else /* Safe to disable - shortened pulse does not impact peripheral */
 807:C:\Program Files (x86)\Cypress\PSoC Creator\4.4\PSoC Creator\1\LWO2.cydsn\Generated_Source\PSoC4\CyLFClk.c ****             #endif /* (CY_IP_SRSSV2) */
 808:C:\Program Files (x86)\Cypress\PSoC Creator\4.4\PSoC Creator\1\LWO2.cydsn\Generated_Source\PSoC4\CyLFClk.c ****             {
 809:C:\Program Files (x86)\Cypress\PSoC Creator\4.4\PSoC Creator\1\LWO2.cydsn\Generated_Source\PSoC4\CyLFClk.c ****                 CY_SYS_CLK_WCO_CONFIG_REG &= (uint32) ~CY_SYS_CLK_WCO_CONFIG_LPM_ENABLE;
 810:C:\Program Files (x86)\Cypress\PSoC Creator\4.4\PSoC Creator\1\LWO2.cydsn\Generated_Source\PSoC4\CyLFClk.c ****             }
 811:C:\Program Files (x86)\Cypress\PSoC Creator\4.4\PSoC Creator\1\LWO2.cydsn\Generated_Source\PSoC4\CyLFClk.c ****         } /* Otherwise do nothing. WCO configuration cannot be changed. */
 812:C:\Program Files (x86)\Cypress\PSoC Creator\4.4\PSoC Creator\1\LWO2.cydsn\Generated_Source\PSoC4\CyLFClk.c ****     }
 813:C:\Program Files (x86)\Cypress\PSoC Creator\4.4\PSoC Creator\1\LWO2.cydsn\Generated_Source\PSoC4\CyLFClk.c **** 
 814:C:\Program Files (x86)\Cypress\PSoC Creator\4.4\PSoC Creator\1\LWO2.cydsn\Generated_Source\PSoC4\CyLFClk.c **** 
 815:C:\Program Files (x86)\Cypress\PSoC Creator\4.4\PSoC Creator\1\LWO2.cydsn\Generated_Source\PSoC4\CyLFClk.c ****     /*******************************************************************************
 816:C:\Program Files (x86)\Cypress\PSoC Creator\4.4\PSoC Creator\1\LWO2.cydsn\Generated_Source\PSoC4\CyLFClk.c ****     * Function Name: CySysClkWcoEnabled
 817:C:\Program Files (x86)\Cypress\PSoC Creator\4.4\PSoC Creator\1\LWO2.cydsn\Generated_Source\PSoC4\CyLFClk.c ****     ****************************************************************************//**
 818:C:\Program Files (x86)\Cypress\PSoC Creator\4.4\PSoC Creator\1\LWO2.cydsn\Generated_Source\PSoC4\CyLFClk.c ****     * \internal Reports the WCO enable state.
 819:C:\Program Files (x86)\Cypress\PSoC Creator\4.4\PSoC Creator\1\LWO2.cydsn\Generated_Source\PSoC4\CyLFClk.c ****     *
 820:C:\Program Files (x86)\Cypress\PSoC Creator\4.4\PSoC Creator\1\LWO2.cydsn\Generated_Source\PSoC4\CyLFClk.c ****     * \return 1 if WCO is enabled
 821:C:\Program Files (x86)\Cypress\PSoC Creator\4.4\PSoC Creator\1\LWO2.cydsn\Generated_Source\PSoC4\CyLFClk.c ****     * \return 0 if WCO is disabled.
 822:C:\Program Files (x86)\Cypress\PSoC Creator\4.4\PSoC Creator\1\LWO2.cydsn\Generated_Source\PSoC4\CyLFClk.c ****     * \endinternal
 823:C:\Program Files (x86)\Cypress\PSoC Creator\4.4\PSoC Creator\1\LWO2.cydsn\Generated_Source\PSoC4\CyLFClk.c ****     *******************************************************************************/
 824:C:\Program Files (x86)\Cypress\PSoC Creator\4.4\PSoC Creator\1\LWO2.cydsn\Generated_Source\PSoC4\CyLFClk.c ****     uint32 CySysClkWcoEnabled(void)
 825:C:\Program Files (x86)\Cypress\PSoC Creator\4.4\PSoC Creator\1\LWO2.cydsn\Generated_Source\PSoC4\CyLFClk.c ****     {
 826:C:\Program Files (x86)\Cypress\PSoC Creator\4.4\PSoC Creator\1\LWO2.cydsn\Generated_Source\PSoC4\CyLFClk.c ****         return ((0u != (CY_SYS_CLK_WCO_CONFIG_REG & (uint32)(CY_SYS_CLK_WCO_CONFIG_LPM_ENABLE))) ?
 827:C:\Program Files (x86)\Cypress\PSoC Creator\4.4\PSoC Creator\1\LWO2.cydsn\Generated_Source\PSoC4\CyLFClk.c ****                 (uint32) 1u :
 828:C:\Program Files (x86)\Cypress\PSoC Creator\4.4\PSoC Creator\1\LWO2.cydsn\Generated_Source\PSoC4\CyLFClk.c ****                 (uint32) 0u);
 829:C:\Program Files (x86)\Cypress\PSoC Creator\4.4\PSoC Creator\1\LWO2.cydsn\Generated_Source\PSoC4\CyLFClk.c ****     }
 830:C:\Program Files (x86)\Cypress\PSoC Creator\4.4\PSoC Creator\1\LWO2.cydsn\Generated_Source\PSoC4\CyLFClk.c **** 
 831:C:\Program Files (x86)\Cypress\PSoC Creator\4.4\PSoC Creator\1\LWO2.cydsn\Generated_Source\PSoC4\CyLFClk.c **** 
 832:C:\Program Files (x86)\Cypress\PSoC Creator\4.4\PSoC Creator\1\LWO2.cydsn\Generated_Source\PSoC4\CyLFClk.c ****     /*******************************************************************************
 833:C:\Program Files (x86)\Cypress\PSoC Creator\4.4\PSoC Creator\1\LWO2.cydsn\Generated_Source\PSoC4\CyLFClk.c ****     * Function Name: CySysClkWcoSetPowerMode
 834:C:\Program Files (x86)\Cypress\PSoC Creator\4.4\PSoC Creator\1\LWO2.cydsn\Generated_Source\PSoC4\CyLFClk.c ****     ****************************************************************************//**
 835:C:\Program Files (x86)\Cypress\PSoC Creator\4.4\PSoC Creator\1\LWO2.cydsn\Generated_Source\PSoC4\CyLFClk.c ****     * \brief
 836:C:\Program Files (x86)\Cypress\PSoC Creator\4.4\PSoC Creator\1\LWO2.cydsn\Generated_Source\PSoC4\CyLFClk.c ****     * Sets the power mode for the 32 KHz WCO.
 837:C:\Program Files (x86)\Cypress\PSoC Creator\4.4\PSoC Creator\1\LWO2.cydsn\Generated_Source\PSoC4\CyLFClk.c ****     *
 838:C:\Program Files (x86)\Cypress\PSoC Creator\4.4\PSoC Creator\1\LWO2.cydsn\Generated_Source\PSoC4\CyLFClk.c ****     * By default (if this function is not called), the WCO is in High power mode 
 839:C:\Program Files (x86)\Cypress\PSoC Creator\4.4\PSoC Creator\1\LWO2.cydsn\Generated_Source\PSoC4\CyLFClk.c ****     * during Active and device's low power modes
 840:C:\Program Files (x86)\Cypress\PSoC Creator\4.4\PSoC Creator\1\LWO2.cydsn\Generated_Source\PSoC4\CyLFClk.c ****     *
 841:C:\Program Files (x86)\Cypress\PSoC Creator\4.4\PSoC Creator\1\LWO2.cydsn\Generated_Source\PSoC4\CyLFClk.c ****     * \param mode
 842:C:\Program Files (x86)\Cypress\PSoC Creator\4.4\PSoC Creator\1\LWO2.cydsn\Generated_Source\PSoC4\CyLFClk.c ****     * CY_SYS_CLK_WCO_HPM - The High Power mode.<br>
 843:C:\Program Files (x86)\Cypress\PSoC Creator\4.4\PSoC Creator\1\LWO2.cydsn\Generated_Source\PSoC4\CyLFClk.c ****     * CY_SYS_CLK_WCO_LPM - The Low Power mode.
 844:C:\Program Files (x86)\Cypress\PSoC Creator\4.4\PSoC Creator\1\LWO2.cydsn\Generated_Source\PSoC4\CyLFClk.c ****     *
 845:C:\Program Files (x86)\Cypress\PSoC Creator\4.4\PSoC Creator\1\LWO2.cydsn\Generated_Source\PSoC4\CyLFClk.c ****     * \return A previous power mode. The same as the parameters.
 846:C:\Program Files (x86)\Cypress\PSoC Creator\4.4\PSoC Creator\1\LWO2.cydsn\Generated_Source\PSoC4\CyLFClk.c ****     *
 847:C:\Program Files (x86)\Cypress\PSoC Creator\4.4\PSoC Creator\1\LWO2.cydsn\Generated_Source\PSoC4\CyLFClk.c ****     * \note
 848:C:\Program Files (x86)\Cypress\PSoC Creator\4.4\PSoC Creator\1\LWO2.cydsn\Generated_Source\PSoC4\CyLFClk.c ****     * The WCO Low Power mode is applicable for PSoC 4100 BLE / PSoC 4200 BLE devices.
 849:C:\Program Files (x86)\Cypress\PSoC Creator\4.4\PSoC Creator\1\LWO2.cydsn\Generated_Source\PSoC4\CyLFClk.c ****     *
 850:C:\Program Files (x86)\Cypress\PSoC Creator\4.4\PSoC Creator\1\LWO2.cydsn\Generated_Source\PSoC4\CyLFClk.c ****     *******************************************************************************/
 851:C:\Program Files (x86)\Cypress\PSoC Creator\4.4\PSoC Creator\1\LWO2.cydsn\Generated_Source\PSoC4\CyLFClk.c ****     uint32 CySysClkWcoSetPowerMode(uint32 mode)
 852:C:\Program Files (x86)\Cypress\PSoC Creator\4.4\PSoC Creator\1\LWO2.cydsn\Generated_Source\PSoC4\CyLFClk.c ****     {
 853:C:\Program Files (x86)\Cypress\PSoC Creator\4.4\PSoC Creator\1\LWO2.cydsn\Generated_Source\PSoC4\CyLFClk.c ****         uint32 powerModeStatus;
ARM GAS  C:\Users\taips\AppData\Local\Temp\cc8A2Ndf.s 			page 17


 854:C:\Program Files (x86)\Cypress\PSoC Creator\4.4\PSoC Creator\1\LWO2.cydsn\Generated_Source\PSoC4\CyLFClk.c **** 
 855:C:\Program Files (x86)\Cypress\PSoC Creator\4.4\PSoC Creator\1\LWO2.cydsn\Generated_Source\PSoC4\CyLFClk.c ****         powerModeStatus = CY_SYS_CLK_WCO_CONFIG_REG & CY_SYS_CLK_WCO_CONFIG_LPM_EN;
 856:C:\Program Files (x86)\Cypress\PSoC Creator\4.4\PSoC Creator\1\LWO2.cydsn\Generated_Source\PSoC4\CyLFClk.c **** 
 857:C:\Program Files (x86)\Cypress\PSoC Creator\4.4\PSoC Creator\1\LWO2.cydsn\Generated_Source\PSoC4\CyLFClk.c ****         switch(mode)
 858:C:\Program Files (x86)\Cypress\PSoC Creator\4.4\PSoC Creator\1\LWO2.cydsn\Generated_Source\PSoC4\CyLFClk.c ****         {
 859:C:\Program Files (x86)\Cypress\PSoC Creator\4.4\PSoC Creator\1\LWO2.cydsn\Generated_Source\PSoC4\CyLFClk.c ****         case CY_SYS_CLK_WCO_HPM:
 860:C:\Program Files (x86)\Cypress\PSoC Creator\4.4\PSoC Creator\1\LWO2.cydsn\Generated_Source\PSoC4\CyLFClk.c ****                 CySysClkWcoSetHighPowerMode();
 861:C:\Program Files (x86)\Cypress\PSoC Creator\4.4\PSoC Creator\1\LWO2.cydsn\Generated_Source\PSoC4\CyLFClk.c ****             break;
 862:C:\Program Files (x86)\Cypress\PSoC Creator\4.4\PSoC Creator\1\LWO2.cydsn\Generated_Source\PSoC4\CyLFClk.c **** 
 863:C:\Program Files (x86)\Cypress\PSoC Creator\4.4\PSoC Creator\1\LWO2.cydsn\Generated_Source\PSoC4\CyLFClk.c ****         #if(CY_IP_BLESS)
 864:C:\Program Files (x86)\Cypress\PSoC Creator\4.4\PSoC Creator\1\LWO2.cydsn\Generated_Source\PSoC4\CyLFClk.c ****             case CY_SYS_CLK_WCO_LPM:
 865:C:\Program Files (x86)\Cypress\PSoC Creator\4.4\PSoC Creator\1\LWO2.cydsn\Generated_Source\PSoC4\CyLFClk.c ****                     CySysClkWcoSetLowPowerMode();
 866:C:\Program Files (x86)\Cypress\PSoC Creator\4.4\PSoC Creator\1\LWO2.cydsn\Generated_Source\PSoC4\CyLFClk.c ****                 break;
 867:C:\Program Files (x86)\Cypress\PSoC Creator\4.4\PSoC Creator\1\LWO2.cydsn\Generated_Source\PSoC4\CyLFClk.c ****         #endif /* (CY_IP_BLESS) */
 868:C:\Program Files (x86)\Cypress\PSoC Creator\4.4\PSoC Creator\1\LWO2.cydsn\Generated_Source\PSoC4\CyLFClk.c **** 
 869:C:\Program Files (x86)\Cypress\PSoC Creator\4.4\PSoC Creator\1\LWO2.cydsn\Generated_Source\PSoC4\CyLFClk.c ****         default:
 870:C:\Program Files (x86)\Cypress\PSoC Creator\4.4\PSoC Creator\1\LWO2.cydsn\Generated_Source\PSoC4\CyLFClk.c ****             CYASSERT(0u != 0u);
 871:C:\Program Files (x86)\Cypress\PSoC Creator\4.4\PSoC Creator\1\LWO2.cydsn\Generated_Source\PSoC4\CyLFClk.c ****             break;
 872:C:\Program Files (x86)\Cypress\PSoC Creator\4.4\PSoC Creator\1\LWO2.cydsn\Generated_Source\PSoC4\CyLFClk.c ****         }
 873:C:\Program Files (x86)\Cypress\PSoC Creator\4.4\PSoC Creator\1\LWO2.cydsn\Generated_Source\PSoC4\CyLFClk.c **** 
 874:C:\Program Files (x86)\Cypress\PSoC Creator\4.4\PSoC Creator\1\LWO2.cydsn\Generated_Source\PSoC4\CyLFClk.c ****         return (powerModeStatus);
 875:C:\Program Files (x86)\Cypress\PSoC Creator\4.4\PSoC Creator\1\LWO2.cydsn\Generated_Source\PSoC4\CyLFClk.c ****     }
 876:C:\Program Files (x86)\Cypress\PSoC Creator\4.4\PSoC Creator\1\LWO2.cydsn\Generated_Source\PSoC4\CyLFClk.c **** 
 877:C:\Program Files (x86)\Cypress\PSoC Creator\4.4\PSoC Creator\1\LWO2.cydsn\Generated_Source\PSoC4\CyLFClk.c **** 
 878:C:\Program Files (x86)\Cypress\PSoC Creator\4.4\PSoC Creator\1\LWO2.cydsn\Generated_Source\PSoC4\CyLFClk.c ****     /*******************************************************************************
 879:C:\Program Files (x86)\Cypress\PSoC Creator\4.4\PSoC Creator\1\LWO2.cydsn\Generated_Source\PSoC4\CyLFClk.c ****     * Function Name: CySysClkWcoClockOutSelect
 880:C:\Program Files (x86)\Cypress\PSoC Creator\4.4\PSoC Creator\1\LWO2.cydsn\Generated_Source\PSoC4\CyLFClk.c ****     ****************************************************************************//**
 881:C:\Program Files (x86)\Cypress\PSoC Creator\4.4\PSoC Creator\1\LWO2.cydsn\Generated_Source\PSoC4\CyLFClk.c ****     * \brief
 882:C:\Program Files (x86)\Cypress\PSoC Creator\4.4\PSoC Creator\1\LWO2.cydsn\Generated_Source\PSoC4\CyLFClk.c ****     * Selects the WCO block output source.
 883:C:\Program Files (x86)\Cypress\PSoC Creator\4.4\PSoC Creator\1\LWO2.cydsn\Generated_Source\PSoC4\CyLFClk.c ****     *
 884:C:\Program Files (x86)\Cypress\PSoC Creator\4.4\PSoC Creator\1\LWO2.cydsn\Generated_Source\PSoC4\CyLFClk.c ****     * In addition to generating 32.768 kHz clock from external crystals, WCO 
 885:C:\Program Files (x86)\Cypress\PSoC Creator\4.4\PSoC Creator\1\LWO2.cydsn\Generated_Source\PSoC4\CyLFClk.c ****     * can be sourced by external clock source using wco_out pin. The API help to
 886:C:\Program Files (x86)\Cypress\PSoC Creator\4.4\PSoC Creator\1\LWO2.cydsn\Generated_Source\PSoC4\CyLFClk.c ****     * lets you select between the sources: External crystal or external pin.
 887:C:\Program Files (x86)\Cypress\PSoC Creator\4.4\PSoC Creator\1\LWO2.cydsn\Generated_Source\PSoC4\CyLFClk.c ****     *
 888:C:\Program Files (x86)\Cypress\PSoC Creator\4.4\PSoC Creator\1\LWO2.cydsn\Generated_Source\PSoC4\CyLFClk.c ****     * If you want to use external pin to drive WCO the next procedure is required:
 889:C:\Program Files (x86)\Cypress\PSoC Creator\4.4\PSoC Creator\1\LWO2.cydsn\Generated_Source\PSoC4\CyLFClk.c ****     * <br> 1) Disable the WCO.
 890:C:\Program Files (x86)\Cypress\PSoC Creator\4.4\PSoC Creator\1\LWO2.cydsn\Generated_Source\PSoC4\CyLFClk.c ****     * <br> 2) Drive the wco_out pin to an external signal source.
 891:C:\Program Files (x86)\Cypress\PSoC Creator\4.4\PSoC Creator\1\LWO2.cydsn\Generated_Source\PSoC4\CyLFClk.c ****     * <br> 3) Call CySysClkWcoClockOutSelect(CY_SYS_CLK_WCO_SEL_PIN).
 892:C:\Program Files (x86)\Cypress\PSoC Creator\4.4\PSoC Creator\1\LWO2.cydsn\Generated_Source\PSoC4\CyLFClk.c ****     * <br> 4) Enable the WCO and wait for 15 us before clocking the XO pad at the high 
 893:C:\Program Files (x86)\Cypress\PSoC Creator\4.4\PSoC Creator\1\LWO2.cydsn\Generated_Source\PSoC4\CyLFClk.c ****     * potential. Let's assume you are using the 1.6v clock amplitude, then the
 894:C:\Program Files (x86)\Cypress\PSoC Creator\4.4\PSoC Creator\1\LWO2.cydsn\Generated_Source\PSoC4\CyLFClk.c ****     * sequence would start at 1.6v, then 0v, then 1.6v etc at a chosen frequency.
 895:C:\Program Files (x86)\Cypress\PSoC Creator\4.4\PSoC Creator\1\LWO2.cydsn\Generated_Source\PSoC4\CyLFClk.c ****     *
 896:C:\Program Files (x86)\Cypress\PSoC Creator\4.4\PSoC Creator\1\LWO2.cydsn\Generated_Source\PSoC4\CyLFClk.c ****     * If you want to use WCO after using an external pin source:
 897:C:\Program Files (x86)\Cypress\PSoC Creator\4.4\PSoC Creator\1\LWO2.cydsn\Generated_Source\PSoC4\CyLFClk.c ****     * <br> 1) Disable the WCO.
 898:C:\Program Files (x86)\Cypress\PSoC Creator\4.4\PSoC Creator\1\LWO2.cydsn\Generated_Source\PSoC4\CyLFClk.c ****     * <br> 2) Drive off wco_out pin with external signal source.
 899:C:\Program Files (x86)\Cypress\PSoC Creator\4.4\PSoC Creator\1\LWO2.cydsn\Generated_Source\PSoC4\CyLFClk.c ****     * <br> 3) Call CySysClkWcoClockOutSelect(CY_SYS_CLK_WCO_SEL_CRYSTAL).
 900:C:\Program Files (x86)\Cypress\PSoC Creator\4.4\PSoC Creator\1\LWO2.cydsn\Generated_Source\PSoC4\CyLFClk.c ****     * <br> 4) Enable the WCO.
 901:C:\Program Files (x86)\Cypress\PSoC Creator\4.4\PSoC Creator\1\LWO2.cydsn\Generated_Source\PSoC4\CyLFClk.c ****     *
 902:C:\Program Files (x86)\Cypress\PSoC Creator\4.4\PSoC Creator\1\LWO2.cydsn\Generated_Source\PSoC4\CyLFClk.c ****     * \warning 
 903:C:\Program Files (x86)\Cypress\PSoC Creator\4.4\PSoC Creator\1\LWO2.cydsn\Generated_Source\PSoC4\CyLFClk.c ****     * Do not use the oscillator output clock prior to a 15uS delay in your system.
 904:C:\Program Files (x86)\Cypress\PSoC Creator\4.4\PSoC Creator\1\LWO2.cydsn\Generated_Source\PSoC4\CyLFClk.c ****     * There are no limitations on the external clock frequency.
 905:C:\Program Files (x86)\Cypress\PSoC Creator\4.4\PSoC Creator\1\LWO2.cydsn\Generated_Source\PSoC4\CyLFClk.c ****     * \warning 
 906:C:\Program Files (x86)\Cypress\PSoC Creator\4.4\PSoC Creator\1\LWO2.cydsn\Generated_Source\PSoC4\CyLFClk.c ****     * When external clock source was selected to drive WCO block the IMO can be 
 907:C:\Program Files (x86)\Cypress\PSoC Creator\4.4\PSoC Creator\1\LWO2.cydsn\Generated_Source\PSoC4\CyLFClk.c ****     * trimmed only when external clock source period is equal to WCO external
 908:C:\Program Files (x86)\Cypress\PSoC Creator\4.4\PSoC Creator\1\LWO2.cydsn\Generated_Source\PSoC4\CyLFClk.c ****     * crystal period. Also external clock source accuracy should be higher 
 909:C:\Program Files (x86)\Cypress\PSoC Creator\4.4\PSoC Creator\1\LWO2.cydsn\Generated_Source\PSoC4\CyLFClk.c ****     * or equal to WCO external crystal accuracy.
 910:C:\Program Files (x86)\Cypress\PSoC Creator\4.4\PSoC Creator\1\LWO2.cydsn\Generated_Source\PSoC4\CyLFClk.c ****     *
ARM GAS  C:\Users\taips\AppData\Local\Temp\cc8A2Ndf.s 			page 18


 911:C:\Program Files (x86)\Cypress\PSoC Creator\4.4\PSoC Creator\1\LWO2.cydsn\Generated_Source\PSoC4\CyLFClk.c ****     * \param clockSel
 912:C:\Program Files (x86)\Cypress\PSoC Creator\4.4\PSoC Creator\1\LWO2.cydsn\Generated_Source\PSoC4\CyLFClk.c ****     * CY_SYS_CLK_WCO_SEL_CRYSTAL - Selects External crystal as clock 
 913:C:\Program Files (x86)\Cypress\PSoC Creator\4.4\PSoC Creator\1\LWO2.cydsn\Generated_Source\PSoC4\CyLFClk.c ****     * source of WCO.<br>
 914:C:\Program Files (x86)\Cypress\PSoC Creator\4.4\PSoC Creator\1\LWO2.cydsn\Generated_Source\PSoC4\CyLFClk.c ****     * CY_SYS_CLK_WCO_SEL_PIN - Selects External clock input on wco_in pin as 
 915:C:\Program Files (x86)\Cypress\PSoC Creator\4.4\PSoC Creator\1\LWO2.cydsn\Generated_Source\PSoC4\CyLFClk.c ****     * clock source of WCO.
 916:C:\Program Files (x86)\Cypress\PSoC Creator\4.4\PSoC Creator\1\LWO2.cydsn\Generated_Source\PSoC4\CyLFClk.c ****     *
 917:C:\Program Files (x86)\Cypress\PSoC Creator\4.4\PSoC Creator\1\LWO2.cydsn\Generated_Source\PSoC4\CyLFClk.c ****     *******************************************************************************/
 918:C:\Program Files (x86)\Cypress\PSoC Creator\4.4\PSoC Creator\1\LWO2.cydsn\Generated_Source\PSoC4\CyLFClk.c ****     void CySysClkWcoClockOutSelect(uint32 clockSel)
 919:C:\Program Files (x86)\Cypress\PSoC Creator\4.4\PSoC Creator\1\LWO2.cydsn\Generated_Source\PSoC4\CyLFClk.c ****     {
 920:C:\Program Files (x86)\Cypress\PSoC Creator\4.4\PSoC Creator\1\LWO2.cydsn\Generated_Source\PSoC4\CyLFClk.c ****         if (0u != CySysClkWcoEnabled())
 921:C:\Program Files (x86)\Cypress\PSoC Creator\4.4\PSoC Creator\1\LWO2.cydsn\Generated_Source\PSoC4\CyLFClk.c ****         {
 922:C:\Program Files (x86)\Cypress\PSoC Creator\4.4\PSoC Creator\1\LWO2.cydsn\Generated_Source\PSoC4\CyLFClk.c ****             if (1u >= clockSel)
 923:C:\Program Files (x86)\Cypress\PSoC Creator\4.4\PSoC Creator\1\LWO2.cydsn\Generated_Source\PSoC4\CyLFClk.c ****             {
 924:C:\Program Files (x86)\Cypress\PSoC Creator\4.4\PSoC Creator\1\LWO2.cydsn\Generated_Source\PSoC4\CyLFClk.c ****                 CY_SYS_CLK_WCO_CONFIG_REG = (CY_SYS_CLK_WCO_CONFIG_REG & (uint32)(~CY_SYS_CLK_WCO_S
 925:C:\Program Files (x86)\Cypress\PSoC Creator\4.4\PSoC Creator\1\LWO2.cydsn\Generated_Source\PSoC4\CyLFClk.c ****                                         (clockSel << CY_SYS_CLK_WCO_SELECT_PIN_OFFSET);
 926:C:\Program Files (x86)\Cypress\PSoC Creator\4.4\PSoC Creator\1\LWO2.cydsn\Generated_Source\PSoC4\CyLFClk.c ****             }
 927:C:\Program Files (x86)\Cypress\PSoC Creator\4.4\PSoC Creator\1\LWO2.cydsn\Generated_Source\PSoC4\CyLFClk.c ****             else
 928:C:\Program Files (x86)\Cypress\PSoC Creator\4.4\PSoC Creator\1\LWO2.cydsn\Generated_Source\PSoC4\CyLFClk.c ****             {
 929:C:\Program Files (x86)\Cypress\PSoC Creator\4.4\PSoC Creator\1\LWO2.cydsn\Generated_Source\PSoC4\CyLFClk.c ****                 CYASSERT(0u != 0u);
 930:C:\Program Files (x86)\Cypress\PSoC Creator\4.4\PSoC Creator\1\LWO2.cydsn\Generated_Source\PSoC4\CyLFClk.c ****             }
 931:C:\Program Files (x86)\Cypress\PSoC Creator\4.4\PSoC Creator\1\LWO2.cydsn\Generated_Source\PSoC4\CyLFClk.c ****         }
 932:C:\Program Files (x86)\Cypress\PSoC Creator\4.4\PSoC Creator\1\LWO2.cydsn\Generated_Source\PSoC4\CyLFClk.c ****     }
 933:C:\Program Files (x86)\Cypress\PSoC Creator\4.4\PSoC Creator\1\LWO2.cydsn\Generated_Source\PSoC4\CyLFClk.c **** #endif  /* (CY_IP_WCO) */
 934:C:\Program Files (x86)\Cypress\PSoC Creator\4.4\PSoC Creator\1\LWO2.cydsn\Generated_Source\PSoC4\CyLFClk.c **** 
 935:C:\Program Files (x86)\Cypress\PSoC Creator\4.4\PSoC Creator\1\LWO2.cydsn\Generated_Source\PSoC4\CyLFClk.c **** 
 936:C:\Program Files (x86)\Cypress\PSoC Creator\4.4\PSoC Creator\1\LWO2.cydsn\Generated_Source\PSoC4\CyLFClk.c **** #if(CY_IP_SRSSV2)
 937:C:\Program Files (x86)\Cypress\PSoC Creator\4.4\PSoC Creator\1\LWO2.cydsn\Generated_Source\PSoC4\CyLFClk.c ****     /*******************************************************************************
 938:C:\Program Files (x86)\Cypress\PSoC Creator\4.4\PSoC Creator\1\LWO2.cydsn\Generated_Source\PSoC4\CyLFClk.c ****     * Function Name: CySysWdtLock
 939:C:\Program Files (x86)\Cypress\PSoC Creator\4.4\PSoC Creator\1\LWO2.cydsn\Generated_Source\PSoC4\CyLFClk.c ****     ****************************************************************************//**
 940:C:\Program Files (x86)\Cypress\PSoC Creator\4.4\PSoC Creator\1\LWO2.cydsn\Generated_Source\PSoC4\CyLFClk.c ****     * \brief
 941:C:\Program Files (x86)\Cypress\PSoC Creator\4.4\PSoC Creator\1\LWO2.cydsn\Generated_Source\PSoC4\CyLFClk.c ****     * Locks out configuration changes to the Watchdog timer registers and ILO
 942:C:\Program Files (x86)\Cypress\PSoC Creator\4.4\PSoC Creator\1\LWO2.cydsn\Generated_Source\PSoC4\CyLFClk.c ****     * configuration register.
 943:C:\Program Files (x86)\Cypress\PSoC Creator\4.4\PSoC Creator\1\LWO2.cydsn\Generated_Source\PSoC4\CyLFClk.c ****     *
 944:C:\Program Files (x86)\Cypress\PSoC Creator\4.4\PSoC Creator\1\LWO2.cydsn\Generated_Source\PSoC4\CyLFClk.c ****     * After this function is called, ILO clock can't be disabled until
 945:C:\Program Files (x86)\Cypress\PSoC Creator\4.4\PSoC Creator\1\LWO2.cydsn\Generated_Source\PSoC4\CyLFClk.c ****     * CySysWdtUnlock() is called.
 946:C:\Program Files (x86)\Cypress\PSoC Creator\4.4\PSoC Creator\1\LWO2.cydsn\Generated_Source\PSoC4\CyLFClk.c ****     *
 947:C:\Program Files (x86)\Cypress\PSoC Creator\4.4\PSoC Creator\1\LWO2.cydsn\Generated_Source\PSoC4\CyLFClk.c ****     *******************************************************************************/
 948:C:\Program Files (x86)\Cypress\PSoC Creator\4.4\PSoC Creator\1\LWO2.cydsn\Generated_Source\PSoC4\CyLFClk.c ****     void CySysWdtLock(void)
 949:C:\Program Files (x86)\Cypress\PSoC Creator\4.4\PSoC Creator\1\LWO2.cydsn\Generated_Source\PSoC4\CyLFClk.c ****     {
 950:C:\Program Files (x86)\Cypress\PSoC Creator\4.4\PSoC Creator\1\LWO2.cydsn\Generated_Source\PSoC4\CyLFClk.c ****         uint8 interruptState;
 951:C:\Program Files (x86)\Cypress\PSoC Creator\4.4\PSoC Creator\1\LWO2.cydsn\Generated_Source\PSoC4\CyLFClk.c ****         interruptState = CyEnterCriticalSection();
 952:C:\Program Files (x86)\Cypress\PSoC Creator\4.4\PSoC Creator\1\LWO2.cydsn\Generated_Source\PSoC4\CyLFClk.c **** 
 953:C:\Program Files (x86)\Cypress\PSoC Creator\4.4\PSoC Creator\1\LWO2.cydsn\Generated_Source\PSoC4\CyLFClk.c ****         CY_SYS_CLK_SELECT_REG = (CY_SYS_CLK_SELECT_REG & (uint32)(~CY_SYS_WDT_CLK_LOCK_BITS_MASK)) 
 954:C:\Program Files (x86)\Cypress\PSoC Creator\4.4\PSoC Creator\1\LWO2.cydsn\Generated_Source\PSoC4\CyLFClk.c ****                  CY_SYS_WDT_CLK_LOCK_BITS_MASK;
 955:C:\Program Files (x86)\Cypress\PSoC Creator\4.4\PSoC Creator\1\LWO2.cydsn\Generated_Source\PSoC4\CyLFClk.c **** 
 956:C:\Program Files (x86)\Cypress\PSoC Creator\4.4\PSoC Creator\1\LWO2.cydsn\Generated_Source\PSoC4\CyLFClk.c ****         CyExitCriticalSection(interruptState);
 957:C:\Program Files (x86)\Cypress\PSoC Creator\4.4\PSoC Creator\1\LWO2.cydsn\Generated_Source\PSoC4\CyLFClk.c ****     }
 958:C:\Program Files (x86)\Cypress\PSoC Creator\4.4\PSoC Creator\1\LWO2.cydsn\Generated_Source\PSoC4\CyLFClk.c **** 
 959:C:\Program Files (x86)\Cypress\PSoC Creator\4.4\PSoC Creator\1\LWO2.cydsn\Generated_Source\PSoC4\CyLFClk.c **** 
 960:C:\Program Files (x86)\Cypress\PSoC Creator\4.4\PSoC Creator\1\LWO2.cydsn\Generated_Source\PSoC4\CyLFClk.c ****     /*******************************************************************************
 961:C:\Program Files (x86)\Cypress\PSoC Creator\4.4\PSoC Creator\1\LWO2.cydsn\Generated_Source\PSoC4\CyLFClk.c ****     * Function Name: CySysWdtLocked
 962:C:\Program Files (x86)\Cypress\PSoC Creator\4.4\PSoC Creator\1\LWO2.cydsn\Generated_Source\PSoC4\CyLFClk.c ****     ****************************************************************************//**
 963:C:\Program Files (x86)\Cypress\PSoC Creator\4.4\PSoC Creator\1\LWO2.cydsn\Generated_Source\PSoC4\CyLFClk.c ****     * \internal
 964:C:\Program Files (x86)\Cypress\PSoC Creator\4.4\PSoC Creator\1\LWO2.cydsn\Generated_Source\PSoC4\CyLFClk.c ****     * Reports the WDT lock state.
 965:C:\Program Files (x86)\Cypress\PSoC Creator\4.4\PSoC Creator\1\LWO2.cydsn\Generated_Source\PSoC4\CyLFClk.c ****     *
 966:C:\Program Files (x86)\Cypress\PSoC Creator\4.4\PSoC Creator\1\LWO2.cydsn\Generated_Source\PSoC4\CyLFClk.c ****     * \return 1 - WDT is locked, and 0 - WDT is unlocked.
 967:C:\Program Files (x86)\Cypress\PSoC Creator\4.4\PSoC Creator\1\LWO2.cydsn\Generated_Source\PSoC4\CyLFClk.c ****     * \endinternal
ARM GAS  C:\Users\taips\AppData\Local\Temp\cc8A2Ndf.s 			page 19


 968:C:\Program Files (x86)\Cypress\PSoC Creator\4.4\PSoC Creator\1\LWO2.cydsn\Generated_Source\PSoC4\CyLFClk.c ****     *******************************************************************************/
 969:C:\Program Files (x86)\Cypress\PSoC Creator\4.4\PSoC Creator\1\LWO2.cydsn\Generated_Source\PSoC4\CyLFClk.c ****     static uint32 CySysWdtLocked(void)
 970:C:\Program Files (x86)\Cypress\PSoC Creator\4.4\PSoC Creator\1\LWO2.cydsn\Generated_Source\PSoC4\CyLFClk.c ****     {
  60              		.loc 1 970 0
  61              		.cfi_startproc
  62              		@ args = 0, pretend = 0, frame = 0
  63              		@ frame_needed = 0, uses_anonymous_args = 0
  64              		@ link register save eliminated.
 971:C:\Program Files (x86)\Cypress\PSoC Creator\4.4\PSoC Creator\1\LWO2.cydsn\Generated_Source\PSoC4\CyLFClk.c ****         /* Prohibits writing to WDT registers and ILO/WCO registers when not equal 0 */
 972:C:\Program Files (x86)\Cypress\PSoC Creator\4.4\PSoC Creator\1\LWO2.cydsn\Generated_Source\PSoC4\CyLFClk.c ****         return ((0u != (CY_SYS_CLK_SELECT_REG & (uint32)(CY_SYS_WDT_CLK_LOCK_BITS_MASK))) ? (uint32
  65              		.loc 1 972 0
  66 0000 034B     		ldr	r3, .L8
  67 0002 1868     		ldr	r0, [r3]
  68 0004 C023     		movs	r3, #192
  69 0006 1B02     		lsls	r3, r3, #8
  70 0008 1840     		ands	r0, r3
  71 000a 00D0     		beq	.L7
  72 000c 0120     		movs	r0, #1
  73              	.L7:
 973:C:\Program Files (x86)\Cypress\PSoC Creator\4.4\PSoC Creator\1\LWO2.cydsn\Generated_Source\PSoC4\CyLFClk.c ****     }
  74              		.loc 1 973 0 discriminator 4
  75              		@ sp needed
  76 000e 7047     		bx	lr
  77              	.L9:
  78              		.align	2
  79              	.L8:
  80 0010 00010B40 		.word	1074462976
  81              		.cfi_endproc
  82              	.LFE7:
  83              		.size	CySysWdtLocked, .-CySysWdtLocked
  84              		.section	.text.CySysClkIloStart,"ax",%progbits
  85              		.align	2
  86              		.global	CySysClkIloStart
  87              		.code	16
  88              		.thumb_func
  89              		.type	CySysClkIloStart, %function
  90              	CySysClkIloStart:
  91              	.LFB0:
  84:C:\Program Files (x86)\Cypress\PSoC Creator\4.4\PSoC Creator\1\LWO2.cydsn\Generated_Source\PSoC4\CyLFClk.c ****     CY_SYS_CLK_ILO_CONFIG_REG |= CY_SYS_CLK_ILO_CONFIG_ENABLE;
  92              		.loc 1 84 0
  93              		.cfi_startproc
  94              		@ args = 0, pretend = 0, frame = 0
  95              		@ frame_needed = 0, uses_anonymous_args = 0
  96              		@ link register save eliminated.
  85:C:\Program Files (x86)\Cypress\PSoC Creator\4.4\PSoC Creator\1\LWO2.cydsn\Generated_Source\PSoC4\CyLFClk.c **** }
  97              		.loc 1 85 0
  98 0000 034A     		ldr	r2, .L11
  99 0002 1368     		ldr	r3, [r2]
 100 0004 8021     		movs	r1, #128
 101 0006 0906     		lsls	r1, r1, #24
 102 0008 0B43     		orrs	r3, r1
 103 000a 1360     		str	r3, [r2]
  86:C:\Program Files (x86)\Cypress\PSoC Creator\4.4\PSoC Creator\1\LWO2.cydsn\Generated_Source\PSoC4\CyLFClk.c **** 
 104              		.loc 1 86 0
 105              		@ sp needed
 106 000c 7047     		bx	lr
 107              	.L12:
ARM GAS  C:\Users\taips\AppData\Local\Temp\cc8A2Ndf.s 			page 20


 108 000e C046     		.align	2
 109              	.L11:
 110 0010 04010B40 		.word	1074462980
 111              		.cfi_endproc
 112              	.LFE0:
 113              		.size	CySysClkIloStart, .-CySysClkIloStart
 114              		.section	.text.CySysClkIloStartMeasurement,"ax",%progbits
 115              		.align	2
 116              		.global	CySysClkIloStartMeasurement
 117              		.code	16
 118              		.thumb_func
 119              		.type	CySysClkIloStartMeasurement, %function
 120              	CySysClkIloStartMeasurement:
 121              	.LFB2:
 169:C:\Program Files (x86)\Cypress\PSoC Creator\4.4\PSoC Creator\1\LWO2.cydsn\Generated_Source\PSoC4\CyLFClk.c **** #if(CY_IP_SRSSV2 && (!CY_IP_CPUSS))
 122              		.loc 1 169 0
 123              		.cfi_startproc
 124              		@ args = 0, pretend = 0, frame = 0
 125              		@ frame_needed = 0, uses_anonymous_args = 0
 126              		@ link register save eliminated.
 182:C:\Program Files (x86)\Cypress\PSoC Creator\4.4\PSoC Creator\1\LWO2.cydsn\Generated_Source\PSoC4\CyLFClk.c ****                             CY_SYS_CLK_SEL_ILO_DFT_SOURCE; 
 127              		.loc 1 182 0
 128 0000 074A     		ldr	r2, .L14
 129 0002 1168     		ldr	r1, [r2]
 130 0004 074B     		ldr	r3, .L14+4
 131 0006 0B40     		ands	r3, r1
 132 0008 8021     		movs	r1, #128
 133 000a 4900     		lsls	r1, r1, #1
 134 000c 0B43     		orrs	r3, r1
 135 000e 1360     		str	r3, [r2]
 185:C:\Program Files (x86)\Cypress\PSoC Creator\4.4\PSoC Creator\1\LWO2.cydsn\Generated_Source\PSoC4\CyLFClk.c ****                             CY_SYS_TST_DDFT_CTRL_REG_SEL2_CLK1;
 136              		.loc 1 185 0
 137 0010 054A     		ldr	r2, .L14+8
 138 0012 1168     		ldr	r1, [r2]
 139 0014 054B     		ldr	r3, .L14+12
 140 0016 0B40     		ands	r3, r1
 141 0018 0549     		ldr	r1, .L14+16
 142 001a 0B43     		orrs	r3, r1
 143 001c 1360     		str	r3, [r2]
 187:C:\Program Files (x86)\Cypress\PSoC Creator\4.4\PSoC Creator\1\LWO2.cydsn\Generated_Source\PSoC4\CyLFClk.c **** 
 144              		.loc 1 187 0
 145              		@ sp needed
 146 001e 7047     		bx	lr
 147              	.L15:
 148              		.align	2
 149              	.L14:
 150 0020 10010B40 		.word	1074462992
 151 0024 FFF0FFFF 		.word	-3841
 152 0028 08000340 		.word	1073938440
 153 002c C0C0FFFF 		.word	-16192
 154 0030 01020000 		.word	513
 155              		.cfi_endproc
 156              	.LFE2:
 157              		.size	CySysClkIloStartMeasurement, .-CySysClkIloStartMeasurement
 158              		.section	.text.CySysClkIloStopMeasurement,"ax",%progbits
 159              		.align	2
 160              		.global	CySysClkIloStopMeasurement
ARM GAS  C:\Users\taips\AppData\Local\Temp\cc8A2Ndf.s 			page 21


 161              		.code	16
 162              		.thumb_func
 163              		.type	CySysClkIloStopMeasurement, %function
 164              	CySysClkIloStopMeasurement:
 165              	.LFB3:
 202:C:\Program Files (x86)\Cypress\PSoC Creator\4.4\PSoC Creator\1\LWO2.cydsn\Generated_Source\PSoC4\CyLFClk.c ****     /* Set default configurations in 11...8 DFT register bits to zero */
 166              		.loc 1 202 0
 167              		.cfi_startproc
 168              		@ args = 0, pretend = 0, frame = 0
 169              		@ frame_needed = 0, uses_anonymous_args = 0
 170              		@ link register save eliminated.
 204:C:\Program Files (x86)\Cypress\PSoC Creator\4.4\PSoC Creator\1\LWO2.cydsn\Generated_Source\PSoC4\CyLFClk.c ****     #if(CY_IP_SRSSLT)
 171              		.loc 1 204 0
 172 0000 024A     		ldr	r2, .L17
 173 0002 1168     		ldr	r1, [r2]
 174 0004 024B     		ldr	r3, .L17+4
 175 0006 0B40     		ands	r3, r1
 176 0008 1360     		str	r3, [r2]
 208:C:\Program Files (x86)\Cypress\PSoC Creator\4.4\PSoC Creator\1\LWO2.cydsn\Generated_Source\PSoC4\CyLFClk.c **** 
 177              		.loc 1 208 0
 178              		@ sp needed
 179 000a 7047     		bx	lr
 180              	.L18:
 181              		.align	2
 182              	.L17:
 183 000c 10010B40 		.word	1074462992
 184 0010 FFF0FFFF 		.word	-3841
 185              		.cfi_endproc
 186              	.LFE3:
 187              		.size	CySysClkIloStopMeasurement, .-CySysClkIloStopMeasurement
 188              		.global	__aeabi_uidiv
 189              		.section	.text.CySysClkIloCompensate,"ax",%progbits
 190              		.align	2
 191              		.global	CySysClkIloCompensate
 192              		.code	16
 193              		.thumb_func
 194              		.type	CySysClkIloCompensate, %function
 195              	CySysClkIloCompensate:
 196              	.LFB4:
 268:C:\Program Files (x86)\Cypress\PSoC Creator\4.4\PSoC Creator\1\LWO2.cydsn\Generated_Source\PSoC4\CyLFClk.c ****     uint32 iloCompensatedCycles;
 197              		.loc 1 268 0
 198              		.cfi_startproc
 199              		@ args = 0, pretend = 0, frame = 0
 200              		@ frame_needed = 0, uses_anonymous_args = 0
 201              	.LVL0:
 202 0000 70B5     		push	{r4, r5, r6, lr}
 203              		.cfi_def_cfa_offset 16
 204              		.cfi_offset 4, -16
 205              		.cfi_offset 5, -12
 206              		.cfi_offset 6, -8
 207              		.cfi_offset 14, -4
 208 0002 0400     		movs	r4, r0
 209 0004 0D00     		movs	r5, r1
 275:C:\Program Files (x86)\Cypress\PSoC Creator\4.4\PSoC Creator\1\LWO2.cydsn\Generated_Source\PSoC4\CyLFClk.c **** 
 210              		.loc 1 275 0
 211 0006 324B     		ldr	r3, .L31
 212 0008 1A68     		ldr	r2, [r3]
ARM GAS  C:\Users\taips\AppData\Local\Temp\cc8A2Ndf.s 			page 22


 213 000a 324B     		ldr	r3, .L31+4
 214 000c 1340     		ands	r3, r2
 215              	.LVL1:
 278:C:\Program Files (x86)\Cypress\PSoC Creator\4.4\PSoC Creator\1\LWO2.cydsn\Generated_Source\PSoC4\CyLFClk.c ****        (CY_SYS_TST_DDFT_CTRL_REG == CY_SYS_TST_DDFT_CTRL_REG_SEL2_CLK1) &&
 216              		.loc 1 278 0
 217 000e 8022     		movs	r2, #128
 218 0010 5200     		lsls	r2, r2, #1
 219 0012 9342     		cmp	r3, r2
 220 0014 4ED1     		bne	.L24
 279:C:\Program Files (x86)\Cypress\PSoC Creator\4.4\PSoC Creator\1\LWO2.cydsn\Generated_Source\PSoC4\CyLFClk.c ****        (CY_SYS_CLK_MAX_DELAY_US >= desiredDelay) &&
 221              		.loc 1 279 0 discriminator 1
 222 0016 304B     		ldr	r3, .L31+8
 223              	.LVL2:
 224 0018 1A68     		ldr	r2, [r3]
 278:C:\Program Files (x86)\Cypress\PSoC Creator\4.4\PSoC Creator\1\LWO2.cydsn\Generated_Source\PSoC4\CyLFClk.c ****        (CY_SYS_TST_DDFT_CTRL_REG == CY_SYS_TST_DDFT_CTRL_REG_SEL2_CLK1) &&
 225              		.loc 1 278 0 discriminator 1
 226 001a 304B     		ldr	r3, .L31+12
 227 001c 9A42     		cmp	r2, r3
 228 001e 4BD1     		bne	.L25
 279:C:\Program Files (x86)\Cypress\PSoC Creator\4.4\PSoC Creator\1\LWO2.cydsn\Generated_Source\PSoC4\CyLFClk.c ****        (CY_SYS_CLK_MAX_DELAY_US >= desiredDelay) &&
 229              		.loc 1 279 0
 230 0020 2F4B     		ldr	r3, .L31+16
 231 0022 9842     		cmp	r0, r3
 232 0024 4AD8     		bhi	.L26
 280:C:\Program Files (x86)\Cypress\PSoC Creator\4.4\PSoC Creator\1\LWO2.cydsn\Generated_Source\PSoC4\CyLFClk.c ****        (CY_SYS_CLK_MIN_DELAY_US <= desiredDelay) &&
 233              		.loc 1 280 0
 234 0026 6328     		cmp	r0, #99
 235 0028 4AD9     		bls	.L27
 281:C:\Program Files (x86)\Cypress\PSoC Creator\4.4\PSoC Creator\1\LWO2.cydsn\Generated_Source\PSoC4\CyLFClk.c ****        (compensatedCycles !=  NULL))
 236              		.loc 1 281 0
 237 002a 0029     		cmp	r1, #0
 238 002c 4AD0     		beq	.L28
 284:C:\Program Files (x86)\Cypress\PSoC Creator\4.4\PSoC Creator\1\LWO2.cydsn\Generated_Source\PSoC4\CyLFClk.c ****         {
 239              		.loc 1 284 0
 240 002e 2D4B     		ldr	r3, .L31+20
 241 0030 1B68     		ldr	r3, [r3]
 242 0032 002B     		cmp	r3, #0
 243 0034 34D0     		beq	.L21
 287:C:\Program Files (x86)\Cypress\PSoC Creator\4.4\PSoC Creator\1\LWO2.cydsn\Generated_Source\PSoC4\CyLFClk.c ****             {
 244              		.loc 1 287 0
 245 0036 2C4B     		ldr	r3, .L31+24
 246 0038 1B68     		ldr	r3, [r3]
 247 003a 002B     		cmp	r3, #0
 248 003c 44DA     		bge	.L29
 289:C:\Program Files (x86)\Cypress\PSoC Creator\4.4\PSoC Creator\1\LWO2.cydsn\Generated_Source\PSoC4\CyLFClk.c ****                 {
 249              		.loc 1 289 0
 250 003e 2B4B     		ldr	r3, .L31+28
 251 0040 1B68     		ldr	r3, [r3]
 252 0042 002B     		cmp	r3, #0
 253 0044 42D0     		beq	.L30
 293:C:\Program Files (x86)\Cypress\PSoC Creator\4.4\PSoC Creator\1\LWO2.cydsn\Generated_Source\PSoC4\CyLFClk.c ****                         {
 254              		.loc 1 293 0
 255 0046 2A4B     		ldr	r3, .L31+32
 256 0048 9842     		cmp	r0, r3
 257 004a 0ED9     		bls	.L22
 258              	.LVL3:
 297:C:\Program Files (x86)\Cypress\PSoC Creator\4.4\PSoC Creator\1\LWO2.cydsn\Generated_Source\PSoC4\CyLFClk.c ****                                 CY_SYS_CLK_ILO_FREQ_2MSB) * (desiredDelayInCounts / CY_SYS_CLK_ILO_
ARM GAS  C:\Users\taips\AppData\Local\Temp\cc8A2Ndf.s 			page 23


 259              		.loc 1 297 0
 260 004c 274B     		ldr	r3, .L31+28
 261 004e 1868     		ldr	r0, [r3]
 262              	.LVL4:
 263 0050 284B     		ldr	r3, .L31+36
 264 0052 1968     		ldr	r1, [r3]
 265              	.LVL5:
 266 0054 4843     		muls	r0, r1
 267 0056 890A     		lsrs	r1, r1, #10
 268 0058 FFF7FEFF 		bl	__aeabi_uidiv
 269              	.LVL6:
 270 005c 4609     		lsrs	r6, r0, #5
 298:C:\Program Files (x86)\Cypress\PSoC Creator\4.4\PSoC Creator\1\LWO2.cydsn\Generated_Source\PSoC4\CyLFClk.c ****                         }
 271              		.loc 1 298 0
 272 005e 2649     		ldr	r1, .L31+40
 273 0060 2000     		movs	r0, r4
 274 0062 FFF7FEFF 		bl	__aeabi_uidiv
 275              	.LVL7:
 296:C:\Program Files (x86)\Cypress\PSoC Creator\4.4\PSoC Creator\1\LWO2.cydsn\Generated_Source\PSoC4\CyLFClk.c ****                             (((CY_SYS_CNT_REG2_REG * cydelayFreqHz) / (cydelayFreqHz >> CY_SYS_CLK_
 276              		.loc 1 296 0
 277 0066 7043     		muls	r0, r6
 278              	.LVL8:
 279 0068 15E0     		b	.L23
 280              	.LVL9:
 281              	.L22:
 302:C:\Program Files (x86)\Cypress\PSoC Creator\4.4\PSoC Creator\1\LWO2.cydsn\Generated_Source\PSoC4\CyLFClk.c ****                                                      CY_SYS_CLK_HALF_OF_CLOCK) / CY_SYS_CLK_ILO_PER
 282              		.loc 1 302 0
 283 006a 6420     		movs	r0, #100
 284              	.LVL10:
 285 006c 6043     		muls	r0, r4
 286 006e 234B     		ldr	r3, .L31+44
 287 0070 9C46     		mov	ip, r3
 288 0072 6044     		add	r0, r0, ip
 289 0074 2249     		ldr	r1, .L31+48
 290              	.LVL11:
 291 0076 FFF7FEFF 		bl	__aeabi_uidiv
 292              	.LVL12:
 293 007a 0400     		movs	r4, r0
 294              	.LVL13:
 305:C:\Program Files (x86)\Cypress\PSoC Creator\4.4\PSoC Creator\1\LWO2.cydsn\Generated_Source\PSoC4\CyLFClk.c ****                                                      (cydelayFreqHz >> CY_SYS_CLK_SYS_CLK_DEVIDER))
 295              		.loc 1 305 0
 296 007c 1B4B     		ldr	r3, .L31+28
 297 007e 1868     		ldr	r0, [r3]
 298              	.LVL14:
 299 0080 1C4B     		ldr	r3, .L31+36
 300 0082 1968     		ldr	r1, [r3]
 301 0084 4843     		muls	r0, r1
 306:C:\Program Files (x86)\Cypress\PSoC Creator\4.4\PSoC Creator\1\LWO2.cydsn\Generated_Source\PSoC4\CyLFClk.c ****                                                      desiredDelayInCounts) / CY_SYS_CLK_ILO_DESIRED
 302              		.loc 1 306 0
 303 0086 890A     		lsrs	r1, r1, #10
 305:C:\Program Files (x86)\Cypress\PSoC Creator\4.4\PSoC Creator\1\LWO2.cydsn\Generated_Source\PSoC4\CyLFClk.c ****                                                      (cydelayFreqHz >> CY_SYS_CLK_SYS_CLK_DEVIDER))
 304              		.loc 1 305 0
 305 0088 FFF7FEFF 		bl	__aeabi_uidiv
 306              	.LVL15:
 306:C:\Program Files (x86)\Cypress\PSoC Creator\4.4\PSoC Creator\1\LWO2.cydsn\Generated_Source\PSoC4\CyLFClk.c ****                                                      desiredDelayInCounts) / CY_SYS_CLK_ILO_DESIRED
 307              		.loc 1 306 0
 308 008c 6043     		muls	r0, r4
ARM GAS  C:\Users\taips\AppData\Local\Temp\cc8A2Ndf.s 			page 24


 305:C:\Program Files (x86)\Cypress\PSoC Creator\4.4\PSoC Creator\1\LWO2.cydsn\Generated_Source\PSoC4\CyLFClk.c ****                                                      (cydelayFreqHz >> CY_SYS_CLK_SYS_CLK_DEVIDER))
 309              		.loc 1 305 0
 310 008e FA21     		movs	r1, #250
 311 0090 C901     		lsls	r1, r1, #7
 312 0092 FFF7FEFF 		bl	__aeabi_uidiv
 313              	.LVL16:
 314              	.L23:
 326:C:\Program Files (x86)\Cypress\PSoC Creator\4.4\PSoC Creator\1\LWO2.cydsn\Generated_Source\PSoC4\CyLFClk.c ****                     compensateRunningStatus = CY_SYS_CLK_TRIM_OR_COMP_FINISHED;
 315              		.loc 1 326 0
 316 0096 2860     		str	r0, [r5]
 327:C:\Program Files (x86)\Cypress\PSoC Creator\4.4\PSoC Creator\1\LWO2.cydsn\Generated_Source\PSoC4\CyLFClk.c ****                     returnStatus = CYRET_SUCCESS;
 317              		.loc 1 327 0
 318 0098 0020     		movs	r0, #0
 319              	.LVL17:
 320 009a 124B     		ldr	r3, .L31+20
 321 009c 1860     		str	r0, [r3]
 322              	.LVL18:
 323 009e 16E0     		b	.L20
 324              	.LVL19:
 325              	.L21:
 343:C:\Program Files (x86)\Cypress\PSoC Creator\4.4\PSoC Creator\1\LWO2.cydsn\Generated_Source\PSoC4\CyLFClk.c ****             compensateRunningStatus = CY_SYS_CLK_TRIM_OR_COMP_STARTED;
 326              		.loc 1 343 0
 327 00a0 144B     		ldr	r3, .L31+36
 328 00a2 1B68     		ldr	r3, [r3]
 329 00a4 9B0A     		lsrs	r3, r3, #10
 330 00a6 104A     		ldr	r2, .L31+24
 331 00a8 1360     		str	r3, [r2]
 344:C:\Program Files (x86)\Cypress\PSoC Creator\4.4\PSoC Creator\1\LWO2.cydsn\Generated_Source\PSoC4\CyLFClk.c ****             returnStatus = CYRET_STARTED;
 332              		.loc 1 344 0
 333 00aa 0122     		movs	r2, #1
 334 00ac 0D4B     		ldr	r3, .L31+20
 335 00ae 1A60     		str	r2, [r3]
 336              	.LVL20:
 345:C:\Program Files (x86)\Cypress\PSoC Creator\4.4\PSoC Creator\1\LWO2.cydsn\Generated_Source\PSoC4\CyLFClk.c ****         }
 337              		.loc 1 345 0
 338 00b0 0720     		movs	r0, #7
 339              	.LVL21:
 340 00b2 0CE0     		b	.L20
 341              	.LVL22:
 342              	.L24:
 350:C:\Program Files (x86)\Cypress\PSoC Creator\4.4\PSoC Creator\1\LWO2.cydsn\Generated_Source\PSoC4\CyLFClk.c ****     }
 343              		.loc 1 350 0
 344 00b4 1120     		movs	r0, #17
 345              	.LVL23:
 346 00b6 0AE0     		b	.L20
 347              	.LVL24:
 348              	.L25:
 349 00b8 1120     		movs	r0, #17
 350              	.LVL25:
 351 00ba 08E0     		b	.L20
 352              	.LVL26:
 353              	.L26:
 354 00bc 1120     		movs	r0, #17
 355              	.LVL27:
 356 00be 06E0     		b	.L20
 357              	.LVL28:
 358              	.L27:
ARM GAS  C:\Users\taips\AppData\Local\Temp\cc8A2Ndf.s 			page 25


 359 00c0 1120     		movs	r0, #17
 360              	.LVL29:
 361 00c2 04E0     		b	.L20
 362              	.LVL30:
 363              	.L28:
 364 00c4 1120     		movs	r0, #17
 365              	.LVL31:
 366 00c6 02E0     		b	.L20
 367              	.LVL32:
 368              	.L29:
 337:C:\Program Files (x86)\Cypress\PSoC Creator\4.4\PSoC Creator\1\LWO2.cydsn\Generated_Source\PSoC4\CyLFClk.c ****             }
 369              		.loc 1 337 0
 370 00c8 0720     		movs	r0, #7
 371              	.LVL33:
 372 00ca 00E0     		b	.L20
 373              	.LVL34:
 374              	.L30:
 332:C:\Program Files (x86)\Cypress\PSoC Creator\4.4\PSoC Creator\1\LWO2.cydsn\Generated_Source\PSoC4\CyLFClk.c ****                 }
 375              		.loc 1 332 0
 376 00cc 1120     		movs	r0, #17
 377              	.LVL35:
 378              	.L20:
 354:C:\Program Files (x86)\Cypress\PSoC Creator\4.4\PSoC Creator\1\LWO2.cydsn\Generated_Source\PSoC4\CyLFClk.c **** 
 379              		.loc 1 354 0
 380              		@ sp needed
 381              	.LVL36:
 382 00ce 70BD     		pop	{r4, r5, r6, pc}
 383              	.L32:
 384              		.align	2
 385              	.L31:
 386 00d0 10010B40 		.word	1074462992
 387 00d4 3F3F0000 		.word	16191
 388 00d8 08000340 		.word	1073938440
 389 00dc 01020000 		.word	513
 390 00e0 00286BEE 		.word	-294967296
 391 00e4 00000000 		.word	.LANCHOR0
 392 00e8 18000340 		.word	1073938456
 393 00ec 1C000340 		.word	1073938460
 394 00f0 60D10000 		.word	53600
 395 00f4 00000000 		.word	cydelayFreqHz
 396 00f8 18790000 		.word	31000
 397 00fc 0D030000 		.word	781
 398 0100 350C0000 		.word	3125
 399              		.cfi_endproc
 400              	.LFE4:
 401              		.size	CySysClkIloCompensate, .-CySysClkIloCompensate
 402              		.section	.text.CySysWdtLock,"ax",%progbits
 403              		.align	2
 404              		.global	CySysWdtLock
 405              		.code	16
 406              		.thumb_func
 407              		.type	CySysWdtLock, %function
 408              	CySysWdtLock:
 409              	.LFB6:
 949:C:\Program Files (x86)\Cypress\PSoC Creator\4.4\PSoC Creator\1\LWO2.cydsn\Generated_Source\PSoC4\CyLFClk.c ****         uint8 interruptState;
 410              		.loc 1 949 0
 411              		.cfi_startproc
ARM GAS  C:\Users\taips\AppData\Local\Temp\cc8A2Ndf.s 			page 26


 412              		@ args = 0, pretend = 0, frame = 0
 413              		@ frame_needed = 0, uses_anonymous_args = 0
 414 0000 10B5     		push	{r4, lr}
 415              		.cfi_def_cfa_offset 8
 416              		.cfi_offset 4, -8
 417              		.cfi_offset 14, -4
 951:C:\Program Files (x86)\Cypress\PSoC Creator\4.4\PSoC Creator\1\LWO2.cydsn\Generated_Source\PSoC4\CyLFClk.c **** 
 418              		.loc 1 951 0
 419 0002 FFF7FEFF 		bl	CyEnterCriticalSection
 420              	.LVL37:
 953:C:\Program Files (x86)\Cypress\PSoC Creator\4.4\PSoC Creator\1\LWO2.cydsn\Generated_Source\PSoC4\CyLFClk.c ****                  CY_SYS_WDT_CLK_LOCK_BITS_MASK;
 421              		.loc 1 953 0
 422 0006 044A     		ldr	r2, .L34
 423 0008 1368     		ldr	r3, [r2]
 424 000a C021     		movs	r1, #192
 425 000c 0902     		lsls	r1, r1, #8
 426 000e 0B43     		orrs	r3, r1
 427 0010 1360     		str	r3, [r2]
 956:C:\Program Files (x86)\Cypress\PSoC Creator\4.4\PSoC Creator\1\LWO2.cydsn\Generated_Source\PSoC4\CyLFClk.c ****     }
 428              		.loc 1 956 0
 429 0012 FFF7FEFF 		bl	CyExitCriticalSection
 430              	.LVL38:
 957:C:\Program Files (x86)\Cypress\PSoC Creator\4.4\PSoC Creator\1\LWO2.cydsn\Generated_Source\PSoC4\CyLFClk.c **** 
 431              		.loc 1 957 0
 432              		@ sp needed
 433 0016 10BD     		pop	{r4, pc}
 434              	.L35:
 435              		.align	2
 436              	.L34:
 437 0018 00010B40 		.word	1074462976
 438              		.cfi_endproc
 439              	.LFE6:
 440              		.size	CySysWdtLock, .-CySysWdtLock
 441              		.section	.text.CySysWdtUnlock,"ax",%progbits
 442              		.align	2
 443              		.global	CySysWdtUnlock
 444              		.code	16
 445              		.thumb_func
 446              		.type	CySysWdtUnlock, %function
 447              	CySysWdtUnlock:
 448              	.LFB8:
 974:C:\Program Files (x86)\Cypress\PSoC Creator\4.4\PSoC Creator\1\LWO2.cydsn\Generated_Source\PSoC4\CyLFClk.c **** 
 975:C:\Program Files (x86)\Cypress\PSoC Creator\4.4\PSoC Creator\1\LWO2.cydsn\Generated_Source\PSoC4\CyLFClk.c **** 
 976:C:\Program Files (x86)\Cypress\PSoC Creator\4.4\PSoC Creator\1\LWO2.cydsn\Generated_Source\PSoC4\CyLFClk.c ****     /*******************************************************************************
 977:C:\Program Files (x86)\Cypress\PSoC Creator\4.4\PSoC Creator\1\LWO2.cydsn\Generated_Source\PSoC4\CyLFClk.c ****     * Function Name: CySysWdtUnlock
 978:C:\Program Files (x86)\Cypress\PSoC Creator\4.4\PSoC Creator\1\LWO2.cydsn\Generated_Source\PSoC4\CyLFClk.c ****     ****************************************************************************//**
 979:C:\Program Files (x86)\Cypress\PSoC Creator\4.4\PSoC Creator\1\LWO2.cydsn\Generated_Source\PSoC4\CyLFClk.c ****     * \brief
 980:C:\Program Files (x86)\Cypress\PSoC Creator\4.4\PSoC Creator\1\LWO2.cydsn\Generated_Source\PSoC4\CyLFClk.c ****     *  Unlocks the Watchdog Timer configuration register.
 981:C:\Program Files (x86)\Cypress\PSoC Creator\4.4\PSoC Creator\1\LWO2.cydsn\Generated_Source\PSoC4\CyLFClk.c ****     *
 982:C:\Program Files (x86)\Cypress\PSoC Creator\4.4\PSoC Creator\1\LWO2.cydsn\Generated_Source\PSoC4\CyLFClk.c ****     *******************************************************************************/
 983:C:\Program Files (x86)\Cypress\PSoC Creator\4.4\PSoC Creator\1\LWO2.cydsn\Generated_Source\PSoC4\CyLFClk.c ****     void CySysWdtUnlock(void)
 984:C:\Program Files (x86)\Cypress\PSoC Creator\4.4\PSoC Creator\1\LWO2.cydsn\Generated_Source\PSoC4\CyLFClk.c ****     {
 449              		.loc 1 984 0
 450              		.cfi_startproc
 451              		@ args = 0, pretend = 0, frame = 0
 452              		@ frame_needed = 0, uses_anonymous_args = 0
 453 0000 10B5     		push	{r4, lr}
ARM GAS  C:\Users\taips\AppData\Local\Temp\cc8A2Ndf.s 			page 27


 454              		.cfi_def_cfa_offset 8
 455              		.cfi_offset 4, -8
 456              		.cfi_offset 14, -4
 985:C:\Program Files (x86)\Cypress\PSoC Creator\4.4\PSoC Creator\1\LWO2.cydsn\Generated_Source\PSoC4\CyLFClk.c ****         uint8 interruptState;
 986:C:\Program Files (x86)\Cypress\PSoC Creator\4.4\PSoC Creator\1\LWO2.cydsn\Generated_Source\PSoC4\CyLFClk.c ****         interruptState = CyEnterCriticalSection();
 457              		.loc 1 986 0
 458 0002 FFF7FEFF 		bl	CyEnterCriticalSection
 459              	.LVL39:
 987:C:\Program Files (x86)\Cypress\PSoC Creator\4.4\PSoC Creator\1\LWO2.cydsn\Generated_Source\PSoC4\CyLFClk.c **** 
 988:C:\Program Files (x86)\Cypress\PSoC Creator\4.4\PSoC Creator\1\LWO2.cydsn\Generated_Source\PSoC4\CyLFClk.c ****         /* Removing WDT lock requires two writes */
 989:C:\Program Files (x86)\Cypress\PSoC Creator\4.4\PSoC Creator\1\LWO2.cydsn\Generated_Source\PSoC4\CyLFClk.c ****         CY_SYS_CLK_SELECT_REG = ((CY_SYS_CLK_SELECT_REG & (uint32)(~CY_SYS_WDT_CLK_LOCK_BITS_MASK))
 460              		.loc 1 989 0
 461 0006 0849     		ldr	r1, .L37
 462 0008 0A68     		ldr	r2, [r1]
 463 000a 084B     		ldr	r3, .L37+4
 464 000c 1A40     		ands	r2, r3
 465 000e 8024     		movs	r4, #128
 466 0010 E401     		lsls	r4, r4, #7
 467 0012 2243     		orrs	r2, r4
 468 0014 0A60     		str	r2, [r1]
 990:C:\Program Files (x86)\Cypress\PSoC Creator\4.4\PSoC Creator\1\LWO2.cydsn\Generated_Source\PSoC4\CyLFClk.c ****                 CY_SYS_WDT_CLK_LOCK_BIT0);
 991:C:\Program Files (x86)\Cypress\PSoC Creator\4.4\PSoC Creator\1\LWO2.cydsn\Generated_Source\PSoC4\CyLFClk.c **** 
 992:C:\Program Files (x86)\Cypress\PSoC Creator\4.4\PSoC Creator\1\LWO2.cydsn\Generated_Source\PSoC4\CyLFClk.c ****         CY_SYS_CLK_SELECT_REG = ((CY_SYS_CLK_SELECT_REG & (uint32)(~CY_SYS_WDT_CLK_LOCK_BITS_MASK))
 469              		.loc 1 992 0
 470 0016 0A68     		ldr	r2, [r1]
 471 0018 1340     		ands	r3, r2
 472 001a 8022     		movs	r2, #128
 473 001c 1202     		lsls	r2, r2, #8
 474 001e 1343     		orrs	r3, r2
 475 0020 0B60     		str	r3, [r1]
 993:C:\Program Files (x86)\Cypress\PSoC Creator\4.4\PSoC Creator\1\LWO2.cydsn\Generated_Source\PSoC4\CyLFClk.c ****                 CY_SYS_WDT_CLK_LOCK_BIT1);
 994:C:\Program Files (x86)\Cypress\PSoC Creator\4.4\PSoC Creator\1\LWO2.cydsn\Generated_Source\PSoC4\CyLFClk.c **** 
 995:C:\Program Files (x86)\Cypress\PSoC Creator\4.4\PSoC Creator\1\LWO2.cydsn\Generated_Source\PSoC4\CyLFClk.c ****         CyExitCriticalSection(interruptState);
 476              		.loc 1 995 0
 477 0022 FFF7FEFF 		bl	CyExitCriticalSection
 478              	.LVL40:
 996:C:\Program Files (x86)\Cypress\PSoC Creator\4.4\PSoC Creator\1\LWO2.cydsn\Generated_Source\PSoC4\CyLFClk.c ****     }
 479              		.loc 1 996 0
 480              		@ sp needed
 481 0026 10BD     		pop	{r4, pc}
 482              	.L38:
 483              		.align	2
 484              	.L37:
 485 0028 00010B40 		.word	1074462976
 486 002c FF3FFFFF 		.word	-49153
 487              		.cfi_endproc
 488              	.LFE8:
 489              		.size	CySysWdtUnlock, .-CySysWdtUnlock
 490              		.section	.text.CySysWdtGetEnabledStatus,"ax",%progbits
 491              		.align	2
 492              		.global	CySysWdtGetEnabledStatus
 493              		.code	16
 494              		.thumb_func
 495              		.type	CySysWdtGetEnabledStatus, %function
 496              	CySysWdtGetEnabledStatus:
 497              	.LFB9:
 997:C:\Program Files (x86)\Cypress\PSoC Creator\4.4\PSoC Creator\1\LWO2.cydsn\Generated_Source\PSoC4\CyLFClk.c **** 
ARM GAS  C:\Users\taips\AppData\Local\Temp\cc8A2Ndf.s 			page 28


 998:C:\Program Files (x86)\Cypress\PSoC Creator\4.4\PSoC Creator\1\LWO2.cydsn\Generated_Source\PSoC4\CyLFClk.c **** 
 999:C:\Program Files (x86)\Cypress\PSoC Creator\4.4\PSoC Creator\1\LWO2.cydsn\Generated_Source\PSoC4\CyLFClk.c ****     /*******************************************************************************
1000:C:\Program Files (x86)\Cypress\PSoC Creator\4.4\PSoC Creator\1\LWO2.cydsn\Generated_Source\PSoC4\CyLFClk.c ****     * Function Name: CySysWdtGetEnabledStatus
1001:C:\Program Files (x86)\Cypress\PSoC Creator\4.4\PSoC Creator\1\LWO2.cydsn\Generated_Source\PSoC4\CyLFClk.c ****     ****************************************************************************//**
1002:C:\Program Files (x86)\Cypress\PSoC Creator\4.4\PSoC Creator\1\LWO2.cydsn\Generated_Source\PSoC4\CyLFClk.c ****     * \brief
1003:C:\Program Files (x86)\Cypress\PSoC Creator\4.4\PSoC Creator\1\LWO2.cydsn\Generated_Source\PSoC4\CyLFClk.c ****     *  Reads the enabled status of one of the three WDT counters.
1004:C:\Program Files (x86)\Cypress\PSoC Creator\4.4\PSoC Creator\1\LWO2.cydsn\Generated_Source\PSoC4\CyLFClk.c ****     *
1005:C:\Program Files (x86)\Cypress\PSoC Creator\4.4\PSoC Creator\1\LWO2.cydsn\Generated_Source\PSoC4\CyLFClk.c ****     * \param counterNum: Valid range [0-2].  The number of the WDT counter.
1006:C:\Program Files (x86)\Cypress\PSoC Creator\4.4\PSoC Creator\1\LWO2.cydsn\Generated_Source\PSoC4\CyLFClk.c ****     *
1007:C:\Program Files (x86)\Cypress\PSoC Creator\4.4\PSoC Creator\1\LWO2.cydsn\Generated_Source\PSoC4\CyLFClk.c ****     * \return The status of the WDT counter:
1008:C:\Program Files (x86)\Cypress\PSoC Creator\4.4\PSoC Creator\1\LWO2.cydsn\Generated_Source\PSoC4\CyLFClk.c ****     * \return 0 - If the counter is disabled.
1009:C:\Program Files (x86)\Cypress\PSoC Creator\4.4\PSoC Creator\1\LWO2.cydsn\Generated_Source\PSoC4\CyLFClk.c ****     * \return 1 - If the counter is enabled.
1010:C:\Program Files (x86)\Cypress\PSoC Creator\4.4\PSoC Creator\1\LWO2.cydsn\Generated_Source\PSoC4\CyLFClk.c ****     *
1011:C:\Program Files (x86)\Cypress\PSoC Creator\4.4\PSoC Creator\1\LWO2.cydsn\Generated_Source\PSoC4\CyLFClk.c ****     * \details
1012:C:\Program Files (x86)\Cypress\PSoC Creator\4.4\PSoC Creator\1\LWO2.cydsn\Generated_Source\PSoC4\CyLFClk.c ****     * This function returns an actual WDT counter status from the status register. It may
1013:C:\Program Files (x86)\Cypress\PSoC Creator\4.4\PSoC Creator\1\LWO2.cydsn\Generated_Source\PSoC4\CyLFClk.c ****     * take up to 3 LFCLK cycles for the WDT status register to contain actual data
1014:C:\Program Files (x86)\Cypress\PSoC Creator\4.4\PSoC Creator\1\LWO2.cydsn\Generated_Source\PSoC4\CyLFClk.c ****     * after the WDT counter is enabled.
1015:C:\Program Files (x86)\Cypress\PSoC Creator\4.4\PSoC Creator\1\LWO2.cydsn\Generated_Source\PSoC4\CyLFClk.c ****     *
1016:C:\Program Files (x86)\Cypress\PSoC Creator\4.4\PSoC Creator\1\LWO2.cydsn\Generated_Source\PSoC4\CyLFClk.c ****     *******************************************************************************/
1017:C:\Program Files (x86)\Cypress\PSoC Creator\4.4\PSoC Creator\1\LWO2.cydsn\Generated_Source\PSoC4\CyLFClk.c ****     uint32 CySysWdtGetEnabledStatus(uint32 counterNum)
1018:C:\Program Files (x86)\Cypress\PSoC Creator\4.4\PSoC Creator\1\LWO2.cydsn\Generated_Source\PSoC4\CyLFClk.c ****     {
 498              		.loc 1 1018 0
 499              		.cfi_startproc
 500              		@ args = 0, pretend = 0, frame = 0
 501              		@ frame_needed = 0, uses_anonymous_args = 0
 502              	.LVL41:
 503 0000 10B5     		push	{r4, lr}
 504              		.cfi_def_cfa_offset 8
 505              		.cfi_offset 4, -8
 506              		.cfi_offset 14, -4
 507 0002 0400     		movs	r4, r0
1019:C:\Program Files (x86)\Cypress\PSoC Creator\4.4\PSoC Creator\1\LWO2.cydsn\Generated_Source\PSoC4\CyLFClk.c ****         CYASSERT(counterNum < CY_SYS_WDT_COUNTERS_MAX);
 508              		.loc 1 1019 0
 509 0004 0228     		cmp	r0, #2
 510 0006 02D9     		bls	.L40
 511              		.loc 1 1019 0 is_stmt 0 discriminator 1
 512 0008 0020     		movs	r0, #0
 513              	.LVL42:
 514 000a FFF7FEFF 		bl	CyHalt
 515              	.LVL43:
 516              	.L40:
1020:C:\Program Files (x86)\Cypress\PSoC Creator\4.4\PSoC Creator\1\LWO2.cydsn\Generated_Source\PSoC4\CyLFClk.c ****         return ((CY_SYS_WDT_CONTROL_REG >> ((CY_SYS_WDT_CNT_SHIFT * counterNum) + CY_SYS_WDT_CNT_ST
 517              		.loc 1 1020 0 is_stmt 1
 518 000e 044B     		ldr	r3, .L41
 519 0010 1868     		ldr	r0, [r3]
 520 0012 E400     		lsls	r4, r4, #3
 521              	.LVL44:
 522 0014 0134     		adds	r4, r4, #1
 523 0016 E040     		lsrs	r0, r0, r4
 524 0018 0123     		movs	r3, #1
 525 001a 1840     		ands	r0, r3
1021:C:\Program Files (x86)\Cypress\PSoC Creator\4.4\PSoC Creator\1\LWO2.cydsn\Generated_Source\PSoC4\CyLFClk.c ****     }
 526              		.loc 1 1021 0
 527              		@ sp needed
 528 001c 10BD     		pop	{r4, pc}
 529              	.L42:
 530 001e C046     		.align	2
ARM GAS  C:\Users\taips\AppData\Local\Temp\cc8A2Ndf.s 			page 29


 531              	.L41:
 532 0020 10020B40 		.word	1074463248
 533              		.cfi_endproc
 534              	.LFE9:
 535              		.size	CySysWdtGetEnabledStatus, .-CySysWdtGetEnabledStatus
 536              		.section	.text.CySysWdtSetMode,"ax",%progbits
 537              		.align	2
 538              		.global	CySysWdtSetMode
 539              		.code	16
 540              		.thumb_func
 541              		.type	CySysWdtSetMode, %function
 542              	CySysWdtSetMode:
 543              	.LFB10:
1022:C:\Program Files (x86)\Cypress\PSoC Creator\4.4\PSoC Creator\1\LWO2.cydsn\Generated_Source\PSoC4\CyLFClk.c **** 
1023:C:\Program Files (x86)\Cypress\PSoC Creator\4.4\PSoC Creator\1\LWO2.cydsn\Generated_Source\PSoC4\CyLFClk.c **** 
1024:C:\Program Files (x86)\Cypress\PSoC Creator\4.4\PSoC Creator\1\LWO2.cydsn\Generated_Source\PSoC4\CyLFClk.c ****     /*******************************************************************************
1025:C:\Program Files (x86)\Cypress\PSoC Creator\4.4\PSoC Creator\1\LWO2.cydsn\Generated_Source\PSoC4\CyLFClk.c ****     * Function Name: CySysWdtSetMode
1026:C:\Program Files (x86)\Cypress\PSoC Creator\4.4\PSoC Creator\1\LWO2.cydsn\Generated_Source\PSoC4\CyLFClk.c ****     ****************************************************************************//**
1027:C:\Program Files (x86)\Cypress\PSoC Creator\4.4\PSoC Creator\1\LWO2.cydsn\Generated_Source\PSoC4\CyLFClk.c ****     * \brief
1028:C:\Program Files (x86)\Cypress\PSoC Creator\4.4\PSoC Creator\1\LWO2.cydsn\Generated_Source\PSoC4\CyLFClk.c ****     * Writes the mode of one of the three WDT counters.
1029:C:\Program Files (x86)\Cypress\PSoC Creator\4.4\PSoC Creator\1\LWO2.cydsn\Generated_Source\PSoC4\CyLFClk.c ****     *
1030:C:\Program Files (x86)\Cypress\PSoC Creator\4.4\PSoC Creator\1\LWO2.cydsn\Generated_Source\PSoC4\CyLFClk.c ****     * \param counterNum: Valid range [0-2].  The number of the WDT counter.
1031:C:\Program Files (x86)\Cypress\PSoC Creator\4.4\PSoC Creator\1\LWO2.cydsn\Generated_Source\PSoC4\CyLFClk.c ****     *
1032:C:\Program Files (x86)\Cypress\PSoC Creator\4.4\PSoC Creator\1\LWO2.cydsn\Generated_Source\PSoC4\CyLFClk.c ****     * \param mode
1033:C:\Program Files (x86)\Cypress\PSoC Creator\4.4\PSoC Creator\1\LWO2.cydsn\Generated_Source\PSoC4\CyLFClk.c ****     *  CY_SYS_WDT_MODE_NONE - Free running.<br>
1034:C:\Program Files (x86)\Cypress\PSoC Creator\4.4\PSoC Creator\1\LWO2.cydsn\Generated_Source\PSoC4\CyLFClk.c ****     * CY_SYS_WDT_MODE_INT - The interrupt generated on match for counter 0
1035:C:\Program Files (x86)\Cypress\PSoC Creator\4.4\PSoC Creator\1\LWO2.cydsn\Generated_Source\PSoC4\CyLFClk.c ****     * and 1, and on bit toggle for counter 2.<br>
1036:C:\Program Files (x86)\Cypress\PSoC Creator\4.4\PSoC Creator\1\LWO2.cydsn\Generated_Source\PSoC4\CyLFClk.c ****     * CY_SYS_WDT_MODE_RESET - Reset on match (valid for counter 0 and 1 only).<br>
1037:C:\Program Files (x86)\Cypress\PSoC Creator\4.4\PSoC Creator\1\LWO2.cydsn\Generated_Source\PSoC4\CyLFClk.c ****     * CY_SYS_WDT_MODE_INT_RESET - Generate an interrupt.  Generate a reset on
1038:C:\Program Files (x86)\Cypress\PSoC Creator\4.4\PSoC Creator\1\LWO2.cydsn\Generated_Source\PSoC4\CyLFClk.c ****     * the 3rd non-handled interrupt (valid for counter 0 and counter 1 only).
1039:C:\Program Files (x86)\Cypress\PSoC Creator\4.4\PSoC Creator\1\LWO2.cydsn\Generated_Source\PSoC4\CyLFClk.c ****     *
1040:C:\Program Files (x86)\Cypress\PSoC Creator\4.4\PSoC Creator\1\LWO2.cydsn\Generated_Source\PSoC4\CyLFClk.c ****     * \details
1041:C:\Program Files (x86)\Cypress\PSoC Creator\4.4\PSoC Creator\1\LWO2.cydsn\Generated_Source\PSoC4\CyLFClk.c ****     * WDT counter counterNum should be disabled to set a mode. Otherwise, this
1042:C:\Program Files (x86)\Cypress\PSoC Creator\4.4\PSoC Creator\1\LWO2.cydsn\Generated_Source\PSoC4\CyLFClk.c ****     * function call has no effect. If the specified counter is enabled,
1043:C:\Program Files (x86)\Cypress\PSoC Creator\4.4\PSoC Creator\1\LWO2.cydsn\Generated_Source\PSoC4\CyLFClk.c ****     * call the CySysWdtDisable() function with the corresponding parameter to
1044:C:\Program Files (x86)\Cypress\PSoC Creator\4.4\PSoC Creator\1\LWO2.cydsn\Generated_Source\PSoC4\CyLFClk.c ****     * disable the specified counter and wait for it to stop.
1045:C:\Program Files (x86)\Cypress\PSoC Creator\4.4\PSoC Creator\1\LWO2.cydsn\Generated_Source\PSoC4\CyLFClk.c ****     *
1046:C:\Program Files (x86)\Cypress\PSoC Creator\4.4\PSoC Creator\1\LWO2.cydsn\Generated_Source\PSoC4\CyLFClk.c ****     *******************************************************************************/
1047:C:\Program Files (x86)\Cypress\PSoC Creator\4.4\PSoC Creator\1\LWO2.cydsn\Generated_Source\PSoC4\CyLFClk.c ****     void CySysWdtSetMode(uint32 counterNum, uint32 mode)
1048:C:\Program Files (x86)\Cypress\PSoC Creator\4.4\PSoC Creator\1\LWO2.cydsn\Generated_Source\PSoC4\CyLFClk.c ****     {
 544              		.loc 1 1048 0
 545              		.cfi_startproc
 546              		@ args = 0, pretend = 0, frame = 0
 547              		@ frame_needed = 0, uses_anonymous_args = 0
 548              	.LVL45:
 549 0000 70B5     		push	{r4, r5, r6, lr}
 550              		.cfi_def_cfa_offset 16
 551              		.cfi_offset 4, -16
 552              		.cfi_offset 5, -12
 553              		.cfi_offset 6, -8
 554              		.cfi_offset 14, -4
 555 0002 0400     		movs	r4, r0
 556 0004 0D00     		movs	r5, r1
1049:C:\Program Files (x86)\Cypress\PSoC Creator\4.4\PSoC Creator\1\LWO2.cydsn\Generated_Source\PSoC4\CyLFClk.c ****         uint32 configRegValue;
1050:C:\Program Files (x86)\Cypress\PSoC Creator\4.4\PSoC Creator\1\LWO2.cydsn\Generated_Source\PSoC4\CyLFClk.c **** 
1051:C:\Program Files (x86)\Cypress\PSoC Creator\4.4\PSoC Creator\1\LWO2.cydsn\Generated_Source\PSoC4\CyLFClk.c ****         CYASSERT(counterNum < CY_SYS_WDT_COUNTERS_MAX);
 557              		.loc 1 1051 0
ARM GAS  C:\Users\taips\AppData\Local\Temp\cc8A2Ndf.s 			page 30


 558 0006 0228     		cmp	r0, #2
 559 0008 02D9     		bls	.L44
 560              		.loc 1 1051 0 is_stmt 0 discriminator 1
 561 000a 0020     		movs	r0, #0
 562              	.LVL46:
 563 000c FFF7FEFF 		bl	CyHalt
 564              	.LVL47:
 565              	.L44:
1052:C:\Program Files (x86)\Cypress\PSoC Creator\4.4\PSoC Creator\1\LWO2.cydsn\Generated_Source\PSoC4\CyLFClk.c **** 
1053:C:\Program Files (x86)\Cypress\PSoC Creator\4.4\PSoC Creator\1\LWO2.cydsn\Generated_Source\PSoC4\CyLFClk.c ****         if(0u == CySysWdtGetEnabledStatus(counterNum))
 566              		.loc 1 1053 0 is_stmt 1
 567 0010 2000     		movs	r0, r4
 568 0012 FFF7FEFF 		bl	CySysWdtGetEnabledStatus
 569              	.LVL48:
 570 0016 0028     		cmp	r0, #0
 571 0018 0AD1     		bne	.L43
1054:C:\Program Files (x86)\Cypress\PSoC Creator\4.4\PSoC Creator\1\LWO2.cydsn\Generated_Source\PSoC4\CyLFClk.c ****         {
1055:C:\Program Files (x86)\Cypress\PSoC Creator\4.4\PSoC Creator\1\LWO2.cydsn\Generated_Source\PSoC4\CyLFClk.c ****             configRegValue = CY_SYS_WDT_CONFIG_REG &
 572              		.loc 1 1055 0
 573 001a 064A     		ldr	r2, .L46
 574 001c 1368     		ldr	r3, [r2]
1056:C:\Program Files (x86)\Cypress\PSoC Creator\4.4\PSoC Creator\1\LWO2.cydsn\Generated_Source\PSoC4\CyLFClk.c ****                                 (uint32)~((uint32)(CY_SYS_WDT_MODE_MASK << (counterNum * CY_SYS_WDT
 575              		.loc 1 1056 0
 576 001e E400     		lsls	r4, r4, #3
 577              	.LVL49:
 578 0020 0321     		movs	r1, #3
 579 0022 0800     		movs	r0, r1
 580 0024 A040     		lsls	r0, r0, r4
1055:C:\Program Files (x86)\Cypress\PSoC Creator\4.4\PSoC Creator\1\LWO2.cydsn\Generated_Source\PSoC4\CyLFClk.c ****                                 (uint32)~((uint32)(CY_SYS_WDT_MODE_MASK << (counterNum * CY_SYS_WDT
 581              		.loc 1 1055 0
 582 0026 8343     		bics	r3, r0
 583              	.LVL50:
1057:C:\Program Files (x86)\Cypress\PSoC Creator\4.4\PSoC Creator\1\LWO2.cydsn\Generated_Source\PSoC4\CyLFClk.c ****             configRegValue |= (uint32)((mode & CY_SYS_WDT_MODE_MASK) << (counterNum * CY_SYS_WDT_CN
 584              		.loc 1 1057 0
 585 0028 0D40     		ands	r5, r1
 586              	.LVL51:
 587 002a A540     		lsls	r5, r5, r4
 588 002c 1D43     		orrs	r5, r3
 589              	.LVL52:
1058:C:\Program Files (x86)\Cypress\PSoC Creator\4.4\PSoC Creator\1\LWO2.cydsn\Generated_Source\PSoC4\CyLFClk.c ****             CY_SYS_WDT_CONFIG_REG = configRegValue;
 590              		.loc 1 1058 0
 591 002e 1560     		str	r5, [r2]
 592              	.LVL53:
 593              	.L43:
1059:C:\Program Files (x86)\Cypress\PSoC Creator\4.4\PSoC Creator\1\LWO2.cydsn\Generated_Source\PSoC4\CyLFClk.c ****         }
1060:C:\Program Files (x86)\Cypress\PSoC Creator\4.4\PSoC Creator\1\LWO2.cydsn\Generated_Source\PSoC4\CyLFClk.c ****     }
 594              		.loc 1 1060 0
 595              		@ sp needed
 596 0030 70BD     		pop	{r4, r5, r6, pc}
 597              	.L47:
 598 0032 C046     		.align	2
 599              	.L46:
 600 0034 0C020B40 		.word	1074463244
 601              		.cfi_endproc
 602              	.LFE10:
 603              		.size	CySysWdtSetMode, .-CySysWdtSetMode
 604              		.section	.text.CySysClkLfclkPosedgeRestore,"ax",%progbits
ARM GAS  C:\Users\taips\AppData\Local\Temp\cc8A2Ndf.s 			page 31


 605              		.align	2
 606              		.code	16
 607              		.thumb_func
 608              		.type	CySysClkLfclkPosedgeRestore, %function
 609              	CySysClkLfclkPosedgeRestore:
 610              	.LFB33:
1061:C:\Program Files (x86)\Cypress\PSoC Creator\4.4\PSoC Creator\1\LWO2.cydsn\Generated_Source\PSoC4\CyLFClk.c **** 
1062:C:\Program Files (x86)\Cypress\PSoC Creator\4.4\PSoC Creator\1\LWO2.cydsn\Generated_Source\PSoC4\CyLFClk.c **** 
1063:C:\Program Files (x86)\Cypress\PSoC Creator\4.4\PSoC Creator\1\LWO2.cydsn\Generated_Source\PSoC4\CyLFClk.c ****     /*******************************************************************************
1064:C:\Program Files (x86)\Cypress\PSoC Creator\4.4\PSoC Creator\1\LWO2.cydsn\Generated_Source\PSoC4\CyLFClk.c ****     * Function Name: CySysWdtGetMode
1065:C:\Program Files (x86)\Cypress\PSoC Creator\4.4\PSoC Creator\1\LWO2.cydsn\Generated_Source\PSoC4\CyLFClk.c ****     ****************************************************************************//**
1066:C:\Program Files (x86)\Cypress\PSoC Creator\4.4\PSoC Creator\1\LWO2.cydsn\Generated_Source\PSoC4\CyLFClk.c ****     * 
1067:C:\Program Files (x86)\Cypress\PSoC Creator\4.4\PSoC Creator\1\LWO2.cydsn\Generated_Source\PSoC4\CyLFClk.c ****     * \brief Reads the mode of one of the three WDT counters.
1068:C:\Program Files (x86)\Cypress\PSoC Creator\4.4\PSoC Creator\1\LWO2.cydsn\Generated_Source\PSoC4\CyLFClk.c ****     *
1069:C:\Program Files (x86)\Cypress\PSoC Creator\4.4\PSoC Creator\1\LWO2.cydsn\Generated_Source\PSoC4\CyLFClk.c ****     * \param counterNum Valid range [0-2]. The number of the WDT counter.
1070:C:\Program Files (x86)\Cypress\PSoC Creator\4.4\PSoC Creator\1\LWO2.cydsn\Generated_Source\PSoC4\CyLFClk.c ****     *
1071:C:\Program Files (x86)\Cypress\PSoC Creator\4.4\PSoC Creator\1\LWO2.cydsn\Generated_Source\PSoC4\CyLFClk.c ****     * \return The mode of the counter. The same enumerated values as the mode 
1072:C:\Program Files (x86)\Cypress\PSoC Creator\4.4\PSoC Creator\1\LWO2.cydsn\Generated_Source\PSoC4\CyLFClk.c ****     * parameter used in CySysWdtSetMode().
1073:C:\Program Files (x86)\Cypress\PSoC Creator\4.4\PSoC Creator\1\LWO2.cydsn\Generated_Source\PSoC4\CyLFClk.c ****     *
1074:C:\Program Files (x86)\Cypress\PSoC Creator\4.4\PSoC Creator\1\LWO2.cydsn\Generated_Source\PSoC4\CyLFClk.c ****     *******************************************************************************/
1075:C:\Program Files (x86)\Cypress\PSoC Creator\4.4\PSoC Creator\1\LWO2.cydsn\Generated_Source\PSoC4\CyLFClk.c ****     uint32 CySysWdtGetMode(uint32 counterNum)
1076:C:\Program Files (x86)\Cypress\PSoC Creator\4.4\PSoC Creator\1\LWO2.cydsn\Generated_Source\PSoC4\CyLFClk.c ****     {
1077:C:\Program Files (x86)\Cypress\PSoC Creator\4.4\PSoC Creator\1\LWO2.cydsn\Generated_Source\PSoC4\CyLFClk.c ****         return ((CY_SYS_WDT_CONFIG_REG >> (counterNum * CY_SYS_WDT_CNT_SHIFT)) & CY_SYS_WDT_MODE_MA
1078:C:\Program Files (x86)\Cypress\PSoC Creator\4.4\PSoC Creator\1\LWO2.cydsn\Generated_Source\PSoC4\CyLFClk.c ****     }
1079:C:\Program Files (x86)\Cypress\PSoC Creator\4.4\PSoC Creator\1\LWO2.cydsn\Generated_Source\PSoC4\CyLFClk.c **** 
1080:C:\Program Files (x86)\Cypress\PSoC Creator\4.4\PSoC Creator\1\LWO2.cydsn\Generated_Source\PSoC4\CyLFClk.c **** 
1081:C:\Program Files (x86)\Cypress\PSoC Creator\4.4\PSoC Creator\1\LWO2.cydsn\Generated_Source\PSoC4\CyLFClk.c ****     /*******************************************************************************
1082:C:\Program Files (x86)\Cypress\PSoC Creator\4.4\PSoC Creator\1\LWO2.cydsn\Generated_Source\PSoC4\CyLFClk.c ****     * Function Name: CySysWdtSetClearOnMatch
1083:C:\Program Files (x86)\Cypress\PSoC Creator\4.4\PSoC Creator\1\LWO2.cydsn\Generated_Source\PSoC4\CyLFClk.c ****     ****************************************************************************//**
1084:C:\Program Files (x86)\Cypress\PSoC Creator\4.4\PSoC Creator\1\LWO2.cydsn\Generated_Source\PSoC4\CyLFClk.c ****     * 
1085:C:\Program Files (x86)\Cypress\PSoC Creator\4.4\PSoC Creator\1\LWO2.cydsn\Generated_Source\PSoC4\CyLFClk.c ****     * \brief Configures the WDT counter "clear on match" setting.
1086:C:\Program Files (x86)\Cypress\PSoC Creator\4.4\PSoC Creator\1\LWO2.cydsn\Generated_Source\PSoC4\CyLFClk.c ****     *
1087:C:\Program Files (x86)\Cypress\PSoC Creator\4.4\PSoC Creator\1\LWO2.cydsn\Generated_Source\PSoC4\CyLFClk.c ****     * If configured to "clear on match", the counter counts from 0 to MatchValue
1088:C:\Program Files (x86)\Cypress\PSoC Creator\4.4\PSoC Creator\1\LWO2.cydsn\Generated_Source\PSoC4\CyLFClk.c ****     * giving it a period of (MatchValue + 1).
1089:C:\Program Files (x86)\Cypress\PSoC Creator\4.4\PSoC Creator\1\LWO2.cydsn\Generated_Source\PSoC4\CyLFClk.c ****     *
1090:C:\Program Files (x86)\Cypress\PSoC Creator\4.4\PSoC Creator\1\LWO2.cydsn\Generated_Source\PSoC4\CyLFClk.c ****     * \param counterNum
1091:C:\Program Files (x86)\Cypress\PSoC Creator\4.4\PSoC Creator\1\LWO2.cydsn\Generated_Source\PSoC4\CyLFClk.c ****     * Valid range [0-1]. The number of the WDT counter. The match values are not
1092:C:\Program Files (x86)\Cypress\PSoC Creator\4.4\PSoC Creator\1\LWO2.cydsn\Generated_Source\PSoC4\CyLFClk.c ****     * supported by counter 2.
1093:C:\Program Files (x86)\Cypress\PSoC Creator\4.4\PSoC Creator\1\LWO2.cydsn\Generated_Source\PSoC4\CyLFClk.c ****     *
1094:C:\Program Files (x86)\Cypress\PSoC Creator\4.4\PSoC Creator\1\LWO2.cydsn\Generated_Source\PSoC4\CyLFClk.c ****     * \param enable 0 to disable appropriate counter <br>
1095:C:\Program Files (x86)\Cypress\PSoC Creator\4.4\PSoC Creator\1\LWO2.cydsn\Generated_Source\PSoC4\CyLFClk.c ****     *  1 to enable appropriate counter
1096:C:\Program Files (x86)\Cypress\PSoC Creator\4.4\PSoC Creator\1\LWO2.cydsn\Generated_Source\PSoC4\CyLFClk.c ****     *
1097:C:\Program Files (x86)\Cypress\PSoC Creator\4.4\PSoC Creator\1\LWO2.cydsn\Generated_Source\PSoC4\CyLFClk.c ****     * \details
1098:C:\Program Files (x86)\Cypress\PSoC Creator\4.4\PSoC Creator\1\LWO2.cydsn\Generated_Source\PSoC4\CyLFClk.c ****     * WDT counter counterNum should be disabled. Otherwise this function call
1099:C:\Program Files (x86)\Cypress\PSoC Creator\4.4\PSoC Creator\1\LWO2.cydsn\Generated_Source\PSoC4\CyLFClk.c ****     * has no effect. If the specified counter is enabled, call the CySysWdtDisable()
1100:C:\Program Files (x86)\Cypress\PSoC Creator\4.4\PSoC Creator\1\LWO2.cydsn\Generated_Source\PSoC4\CyLFClk.c ****     * function with the corresponding parameter to disable the specified counter and
1101:C:\Program Files (x86)\Cypress\PSoC Creator\4.4\PSoC Creator\1\LWO2.cydsn\Generated_Source\PSoC4\CyLFClk.c ****     * wait for it to stop. This may take up to three LFCLK cycles.
1102:C:\Program Files (x86)\Cypress\PSoC Creator\4.4\PSoC Creator\1\LWO2.cydsn\Generated_Source\PSoC4\CyLFClk.c ****     *
1103:C:\Program Files (x86)\Cypress\PSoC Creator\4.4\PSoC Creator\1\LWO2.cydsn\Generated_Source\PSoC4\CyLFClk.c ****     *******************************************************************************/
1104:C:\Program Files (x86)\Cypress\PSoC Creator\4.4\PSoC Creator\1\LWO2.cydsn\Generated_Source\PSoC4\CyLFClk.c ****     void CySysWdtSetClearOnMatch(uint32 counterNum, uint32 enable)
1105:C:\Program Files (x86)\Cypress\PSoC Creator\4.4\PSoC Creator\1\LWO2.cydsn\Generated_Source\PSoC4\CyLFClk.c ****     {
1106:C:\Program Files (x86)\Cypress\PSoC Creator\4.4\PSoC Creator\1\LWO2.cydsn\Generated_Source\PSoC4\CyLFClk.c ****         uint32 configRegValue;
1107:C:\Program Files (x86)\Cypress\PSoC Creator\4.4\PSoC Creator\1\LWO2.cydsn\Generated_Source\PSoC4\CyLFClk.c **** 
1108:C:\Program Files (x86)\Cypress\PSoC Creator\4.4\PSoC Creator\1\LWO2.cydsn\Generated_Source\PSoC4\CyLFClk.c ****         CYASSERT((counterNum == CY_SYS_WDT_COUNTER0) ||
1109:C:\Program Files (x86)\Cypress\PSoC Creator\4.4\PSoC Creator\1\LWO2.cydsn\Generated_Source\PSoC4\CyLFClk.c ****                  (counterNum == CY_SYS_WDT_COUNTER1));
1110:C:\Program Files (x86)\Cypress\PSoC Creator\4.4\PSoC Creator\1\LWO2.cydsn\Generated_Source\PSoC4\CyLFClk.c **** 
1111:C:\Program Files (x86)\Cypress\PSoC Creator\4.4\PSoC Creator\1\LWO2.cydsn\Generated_Source\PSoC4\CyLFClk.c ****         if(0u == CySysWdtGetEnabledStatus(counterNum))
ARM GAS  C:\Users\taips\AppData\Local\Temp\cc8A2Ndf.s 			page 32


1112:C:\Program Files (x86)\Cypress\PSoC Creator\4.4\PSoC Creator\1\LWO2.cydsn\Generated_Source\PSoC4\CyLFClk.c ****         {
1113:C:\Program Files (x86)\Cypress\PSoC Creator\4.4\PSoC Creator\1\LWO2.cydsn\Generated_Source\PSoC4\CyLFClk.c ****             configRegValue = CY_SYS_WDT_CONFIG_REG & (uint32)~((uint32)((uint32)1u << 
1114:C:\Program Files (x86)\Cypress\PSoC Creator\4.4\PSoC Creator\1\LWO2.cydsn\Generated_Source\PSoC4\CyLFClk.c ****                                      ((counterNum * CY_SYS_WDT_CNT_SHIFT) + CY_SYS_WDT_CNT_MATCH_CL
1115:C:\Program Files (x86)\Cypress\PSoC Creator\4.4\PSoC Creator\1\LWO2.cydsn\Generated_Source\PSoC4\CyLFClk.c **** 
1116:C:\Program Files (x86)\Cypress\PSoC Creator\4.4\PSoC Creator\1\LWO2.cydsn\Generated_Source\PSoC4\CyLFClk.c ****             configRegValue
1117:C:\Program Files (x86)\Cypress\PSoC Creator\4.4\PSoC Creator\1\LWO2.cydsn\Generated_Source\PSoC4\CyLFClk.c ****                 |= (uint32)(enable << ((counterNum * CY_SYS_WDT_CNT_SHIFT) + CY_SYS_WDT_CNT_MATCH_C
1118:C:\Program Files (x86)\Cypress\PSoC Creator\4.4\PSoC Creator\1\LWO2.cydsn\Generated_Source\PSoC4\CyLFClk.c **** 
1119:C:\Program Files (x86)\Cypress\PSoC Creator\4.4\PSoC Creator\1\LWO2.cydsn\Generated_Source\PSoC4\CyLFClk.c ****             CY_SYS_WDT_CONFIG_REG = configRegValue;
1120:C:\Program Files (x86)\Cypress\PSoC Creator\4.4\PSoC Creator\1\LWO2.cydsn\Generated_Source\PSoC4\CyLFClk.c ****         }
1121:C:\Program Files (x86)\Cypress\PSoC Creator\4.4\PSoC Creator\1\LWO2.cydsn\Generated_Source\PSoC4\CyLFClk.c ****     }
1122:C:\Program Files (x86)\Cypress\PSoC Creator\4.4\PSoC Creator\1\LWO2.cydsn\Generated_Source\PSoC4\CyLFClk.c **** 
1123:C:\Program Files (x86)\Cypress\PSoC Creator\4.4\PSoC Creator\1\LWO2.cydsn\Generated_Source\PSoC4\CyLFClk.c **** 
1124:C:\Program Files (x86)\Cypress\PSoC Creator\4.4\PSoC Creator\1\LWO2.cydsn\Generated_Source\PSoC4\CyLFClk.c ****     /*******************************************************************************
1125:C:\Program Files (x86)\Cypress\PSoC Creator\4.4\PSoC Creator\1\LWO2.cydsn\Generated_Source\PSoC4\CyLFClk.c ****     * Function Name: CySysWdtGetClearOnMatch
1126:C:\Program Files (x86)\Cypress\PSoC Creator\4.4\PSoC Creator\1\LWO2.cydsn\Generated_Source\PSoC4\CyLFClk.c ****     ****************************************************************************//**
1127:C:\Program Files (x86)\Cypress\PSoC Creator\4.4\PSoC Creator\1\LWO2.cydsn\Generated_Source\PSoC4\CyLFClk.c ****     * \brief
1128:C:\Program Files (x86)\Cypress\PSoC Creator\4.4\PSoC Creator\1\LWO2.cydsn\Generated_Source\PSoC4\CyLFClk.c ****     * Reads the "clear on match" setting for the specified counter.
1129:C:\Program Files (x86)\Cypress\PSoC Creator\4.4\PSoC Creator\1\LWO2.cydsn\Generated_Source\PSoC4\CyLFClk.c ****     *
1130:C:\Program Files (x86)\Cypress\PSoC Creator\4.4\PSoC Creator\1\LWO2.cydsn\Generated_Source\PSoC4\CyLFClk.c ****     * \param
1131:C:\Program Files (x86)\Cypress\PSoC Creator\4.4\PSoC Creator\1\LWO2.cydsn\Generated_Source\PSoC4\CyLFClk.c ****     * counterNum Valid range [0-1]. The number of the WDT counter. The match values
1132:C:\Program Files (x86)\Cypress\PSoC Creator\4.4\PSoC Creator\1\LWO2.cydsn\Generated_Source\PSoC4\CyLFClk.c ****     * are not supported by counter 2.
1133:C:\Program Files (x86)\Cypress\PSoC Creator\4.4\PSoC Creator\1\LWO2.cydsn\Generated_Source\PSoC4\CyLFClk.c ****     *
1134:C:\Program Files (x86)\Cypress\PSoC Creator\4.4\PSoC Creator\1\LWO2.cydsn\Generated_Source\PSoC4\CyLFClk.c ****     * \return The "clear on match" status: <br>1 if enabled <br>0 if disabled
1135:C:\Program Files (x86)\Cypress\PSoC Creator\4.4\PSoC Creator\1\LWO2.cydsn\Generated_Source\PSoC4\CyLFClk.c ****     *
1136:C:\Program Files (x86)\Cypress\PSoC Creator\4.4\PSoC Creator\1\LWO2.cydsn\Generated_Source\PSoC4\CyLFClk.c ****     *******************************************************************************/
1137:C:\Program Files (x86)\Cypress\PSoC Creator\4.4\PSoC Creator\1\LWO2.cydsn\Generated_Source\PSoC4\CyLFClk.c ****     uint32 CySysWdtGetClearOnMatch(uint32 counterNum)
1138:C:\Program Files (x86)\Cypress\PSoC Creator\4.4\PSoC Creator\1\LWO2.cydsn\Generated_Source\PSoC4\CyLFClk.c ****     {
1139:C:\Program Files (x86)\Cypress\PSoC Creator\4.4\PSoC Creator\1\LWO2.cydsn\Generated_Source\PSoC4\CyLFClk.c ****         CYASSERT((counterNum == CY_SYS_WDT_COUNTER0) ||
1140:C:\Program Files (x86)\Cypress\PSoC Creator\4.4\PSoC Creator\1\LWO2.cydsn\Generated_Source\PSoC4\CyLFClk.c ****                  (counterNum == CY_SYS_WDT_COUNTER1));
1141:C:\Program Files (x86)\Cypress\PSoC Creator\4.4\PSoC Creator\1\LWO2.cydsn\Generated_Source\PSoC4\CyLFClk.c **** 
1142:C:\Program Files (x86)\Cypress\PSoC Creator\4.4\PSoC Creator\1\LWO2.cydsn\Generated_Source\PSoC4\CyLFClk.c ****         return (uint32)((CY_SYS_WDT_CONFIG_REG >>
1143:C:\Program Files (x86)\Cypress\PSoC Creator\4.4\PSoC Creator\1\LWO2.cydsn\Generated_Source\PSoC4\CyLFClk.c ****                         ((counterNum * CY_SYS_WDT_CNT_SHIFT) + CY_SYS_WDT_CNT_MATCH_CLR_SHIFT)) & 0
1144:C:\Program Files (x86)\Cypress\PSoC Creator\4.4\PSoC Creator\1\LWO2.cydsn\Generated_Source\PSoC4\CyLFClk.c ****     }
1145:C:\Program Files (x86)\Cypress\PSoC Creator\4.4\PSoC Creator\1\LWO2.cydsn\Generated_Source\PSoC4\CyLFClk.c **** 
1146:C:\Program Files (x86)\Cypress\PSoC Creator\4.4\PSoC Creator\1\LWO2.cydsn\Generated_Source\PSoC4\CyLFClk.c **** 
1147:C:\Program Files (x86)\Cypress\PSoC Creator\4.4\PSoC Creator\1\LWO2.cydsn\Generated_Source\PSoC4\CyLFClk.c ****     /*******************************************************************************
1148:C:\Program Files (x86)\Cypress\PSoC Creator\4.4\PSoC Creator\1\LWO2.cydsn\Generated_Source\PSoC4\CyLFClk.c ****     * Function Name: CySysWdtEnable
1149:C:\Program Files (x86)\Cypress\PSoC Creator\4.4\PSoC Creator\1\LWO2.cydsn\Generated_Source\PSoC4\CyLFClk.c ****     ****************************************************************************//**
1150:C:\Program Files (x86)\Cypress\PSoC Creator\4.4\PSoC Creator\1\LWO2.cydsn\Generated_Source\PSoC4\CyLFClk.c ****     *
1151:C:\Program Files (x86)\Cypress\PSoC Creator\4.4\PSoC Creator\1\LWO2.cydsn\Generated_Source\PSoC4\CyLFClk.c ****     * \brief Enables the specified WDT counters.
1152:C:\Program Files (x86)\Cypress\PSoC Creator\4.4\PSoC Creator\1\LWO2.cydsn\Generated_Source\PSoC4\CyLFClk.c ****     *
1153:C:\Program Files (x86)\Cypress\PSoC Creator\4.4\PSoC Creator\1\LWO2.cydsn\Generated_Source\PSoC4\CyLFClk.c ****     * All the counters specified in the mask are enabled.
1154:C:\Program Files (x86)\Cypress\PSoC Creator\4.4\PSoC Creator\1\LWO2.cydsn\Generated_Source\PSoC4\CyLFClk.c ****     *
1155:C:\Program Files (x86)\Cypress\PSoC Creator\4.4\PSoC Creator\1\LWO2.cydsn\Generated_Source\PSoC4\CyLFClk.c ****     * \param counterMask
1156:C:\Program Files (x86)\Cypress\PSoC Creator\4.4\PSoC Creator\1\LWO2.cydsn\Generated_Source\PSoC4\CyLFClk.c ****     *  CY_SYS_WDT_COUNTER0_MASK - The mask for counter 0 to enable.<br>
1157:C:\Program Files (x86)\Cypress\PSoC Creator\4.4\PSoC Creator\1\LWO2.cydsn\Generated_Source\PSoC4\CyLFClk.c ****     * CY_SYS_WDT_COUNTER1_MASK - The mask for counter 1 to enable.<br>
1158:C:\Program Files (x86)\Cypress\PSoC Creator\4.4\PSoC Creator\1\LWO2.cydsn\Generated_Source\PSoC4\CyLFClk.c ****     * CY_SYS_WDT_COUNTER2_MASK - The mask for counter 2 to enable.
1159:C:\Program Files (x86)\Cypress\PSoC Creator\4.4\PSoC Creator\1\LWO2.cydsn\Generated_Source\PSoC4\CyLFClk.c ****     *
1160:C:\Program Files (x86)\Cypress\PSoC Creator\4.4\PSoC Creator\1\LWO2.cydsn\Generated_Source\PSoC4\CyLFClk.c ****     * \details
1161:C:\Program Files (x86)\Cypress\PSoC Creator\4.4\PSoC Creator\1\LWO2.cydsn\Generated_Source\PSoC4\CyLFClk.c ****     * Enabling or disabling WDT requires 3 LFCLK cycles to come into effect.
1162:C:\Program Files (x86)\Cypress\PSoC Creator\4.4\PSoC Creator\1\LWO2.cydsn\Generated_Source\PSoC4\CyLFClk.c ****     * Therefore, the WDT enable state must not be changed more than once in
1163:C:\Program Files (x86)\Cypress\PSoC Creator\4.4\PSoC Creator\1\LWO2.cydsn\Generated_Source\PSoC4\CyLFClk.c ****     * that period.
1164:C:\Program Files (x86)\Cypress\PSoC Creator\4.4\PSoC Creator\1\LWO2.cydsn\Generated_Source\PSoC4\CyLFClk.c ****     *
1165:C:\Program Files (x86)\Cypress\PSoC Creator\4.4\PSoC Creator\1\LWO2.cydsn\Generated_Source\PSoC4\CyLFClk.c ****     * After WDT is enabled, it is illegal to write WDT configuration (WDT_CONFIG)
1166:C:\Program Files (x86)\Cypress\PSoC Creator\4.4\PSoC Creator\1\LWO2.cydsn\Generated_Source\PSoC4\CyLFClk.c ****     * and control (WDT_CONTROL) registers. This means that all WDT functions that
1167:C:\Program Files (x86)\Cypress\PSoC Creator\4.4\PSoC Creator\1\LWO2.cydsn\Generated_Source\PSoC4\CyLFClk.c ****     * contain 'write' in the name (with the exception of CySysWdtSetMatch()
1168:C:\Program Files (x86)\Cypress\PSoC Creator\4.4\PSoC Creator\1\LWO2.cydsn\Generated_Source\PSoC4\CyLFClk.c ****     * function) are illegal to call if WDT is enabled.
ARM GAS  C:\Users\taips\AppData\Local\Temp\cc8A2Ndf.s 			page 33


1169:C:\Program Files (x86)\Cypress\PSoC Creator\4.4\PSoC Creator\1\LWO2.cydsn\Generated_Source\PSoC4\CyLFClk.c ****     *
1170:C:\Program Files (x86)\Cypress\PSoC Creator\4.4\PSoC Creator\1\LWO2.cydsn\Generated_Source\PSoC4\CyLFClk.c ****     * PSoC 4100 / PSoC 4200: This function enables ILO.
1171:C:\Program Files (x86)\Cypress\PSoC Creator\4.4\PSoC Creator\1\LWO2.cydsn\Generated_Source\PSoC4\CyLFClk.c ****     *
1172:C:\Program Files (x86)\Cypress\PSoC Creator\4.4\PSoC Creator\1\LWO2.cydsn\Generated_Source\PSoC4\CyLFClk.c ****     * PSoC 4100 BLE / PSoC 4200 BLE / PSoC4200L / PSoC 4100M 
1173:C:\Program Files (x86)\Cypress\PSoC Creator\4.4\PSoC Creator\1\LWO2.cydsn\Generated_Source\PSoC4\CyLFClk.c ****     * / PSoC 4200M:
1174:C:\Program Files (x86)\Cypress\PSoC Creator\4.4\PSoC Creator\1\LWO2.cydsn\Generated_Source\PSoC4\CyLFClk.c ****     * LFLCK should be configured before calling this function. The desired
1175:C:\Program Files (x86)\Cypress\PSoC Creator\4.4\PSoC Creator\1\LWO2.cydsn\Generated_Source\PSoC4\CyLFClk.c ****     * source should be enabled and configured to be the source for LFCLK.
1176:C:\Program Files (x86)\Cypress\PSoC Creator\4.4\PSoC Creator\1\LWO2.cydsn\Generated_Source\PSoC4\CyLFClk.c ****     *
1177:C:\Program Files (x86)\Cypress\PSoC Creator\4.4\PSoC Creator\1\LWO2.cydsn\Generated_Source\PSoC4\CyLFClk.c ****     *******************************************************************************/
1178:C:\Program Files (x86)\Cypress\PSoC Creator\4.4\PSoC Creator\1\LWO2.cydsn\Generated_Source\PSoC4\CyLFClk.c ****     void CySysWdtEnable(uint32 counterMask)
1179:C:\Program Files (x86)\Cypress\PSoC Creator\4.4\PSoC Creator\1\LWO2.cydsn\Generated_Source\PSoC4\CyLFClk.c ****     {
1180:C:\Program Files (x86)\Cypress\PSoC Creator\4.4\PSoC Creator\1\LWO2.cydsn\Generated_Source\PSoC4\CyLFClk.c ****         #if (!CY_IP_WCO)
1181:C:\Program Files (x86)\Cypress\PSoC Creator\4.4\PSoC Creator\1\LWO2.cydsn\Generated_Source\PSoC4\CyLFClk.c ****             CySysClkIloStart();
1182:C:\Program Files (x86)\Cypress\PSoC Creator\4.4\PSoC Creator\1\LWO2.cydsn\Generated_Source\PSoC4\CyLFClk.c ****         #endif /* (!CY_IP_WCO) */
1183:C:\Program Files (x86)\Cypress\PSoC Creator\4.4\PSoC Creator\1\LWO2.cydsn\Generated_Source\PSoC4\CyLFClk.c **** 
1184:C:\Program Files (x86)\Cypress\PSoC Creator\4.4\PSoC Creator\1\LWO2.cydsn\Generated_Source\PSoC4\CyLFClk.c ****         CY_SYS_WDT_CONTROL_REG |= counterMask;
1185:C:\Program Files (x86)\Cypress\PSoC Creator\4.4\PSoC Creator\1\LWO2.cydsn\Generated_Source\PSoC4\CyLFClk.c **** 
1186:C:\Program Files (x86)\Cypress\PSoC Creator\4.4\PSoC Creator\1\LWO2.cydsn\Generated_Source\PSoC4\CyLFClk.c ****         if(0u != (counterMask & CY_SYS_WDT_COUNTER0_MASK))
1187:C:\Program Files (x86)\Cypress\PSoC Creator\4.4\PSoC Creator\1\LWO2.cydsn\Generated_Source\PSoC4\CyLFClk.c ****         {
1188:C:\Program Files (x86)\Cypress\PSoC Creator\4.4\PSoC Creator\1\LWO2.cydsn\Generated_Source\PSoC4\CyLFClk.c ****             while (0u == CySysWdtGetEnabledStatus(CY_SYS_WDT_COUNTER0))
1189:C:\Program Files (x86)\Cypress\PSoC Creator\4.4\PSoC Creator\1\LWO2.cydsn\Generated_Source\PSoC4\CyLFClk.c ****             {
1190:C:\Program Files (x86)\Cypress\PSoC Creator\4.4\PSoC Creator\1\LWO2.cydsn\Generated_Source\PSoC4\CyLFClk.c ****                 /* Wait for changes to come into effect */
1191:C:\Program Files (x86)\Cypress\PSoC Creator\4.4\PSoC Creator\1\LWO2.cydsn\Generated_Source\PSoC4\CyLFClk.c ****             }
1192:C:\Program Files (x86)\Cypress\PSoC Creator\4.4\PSoC Creator\1\LWO2.cydsn\Generated_Source\PSoC4\CyLFClk.c ****         }
1193:C:\Program Files (x86)\Cypress\PSoC Creator\4.4\PSoC Creator\1\LWO2.cydsn\Generated_Source\PSoC4\CyLFClk.c **** 
1194:C:\Program Files (x86)\Cypress\PSoC Creator\4.4\PSoC Creator\1\LWO2.cydsn\Generated_Source\PSoC4\CyLFClk.c ****         if(0u != (counterMask & CY_SYS_WDT_COUNTER1_MASK))
1195:C:\Program Files (x86)\Cypress\PSoC Creator\4.4\PSoC Creator\1\LWO2.cydsn\Generated_Source\PSoC4\CyLFClk.c ****         {
1196:C:\Program Files (x86)\Cypress\PSoC Creator\4.4\PSoC Creator\1\LWO2.cydsn\Generated_Source\PSoC4\CyLFClk.c ****             while (0u == CySysWdtGetEnabledStatus(CY_SYS_WDT_COUNTER1))
1197:C:\Program Files (x86)\Cypress\PSoC Creator\4.4\PSoC Creator\1\LWO2.cydsn\Generated_Source\PSoC4\CyLFClk.c ****             {
1198:C:\Program Files (x86)\Cypress\PSoC Creator\4.4\PSoC Creator\1\LWO2.cydsn\Generated_Source\PSoC4\CyLFClk.c ****                 /* Wait for changes to come into effect */
1199:C:\Program Files (x86)\Cypress\PSoC Creator\4.4\PSoC Creator\1\LWO2.cydsn\Generated_Source\PSoC4\CyLFClk.c ****             }
1200:C:\Program Files (x86)\Cypress\PSoC Creator\4.4\PSoC Creator\1\LWO2.cydsn\Generated_Source\PSoC4\CyLFClk.c ****         }
1201:C:\Program Files (x86)\Cypress\PSoC Creator\4.4\PSoC Creator\1\LWO2.cydsn\Generated_Source\PSoC4\CyLFClk.c **** 
1202:C:\Program Files (x86)\Cypress\PSoC Creator\4.4\PSoC Creator\1\LWO2.cydsn\Generated_Source\PSoC4\CyLFClk.c ****         if(0u != (counterMask & CY_SYS_WDT_COUNTER2_MASK))
1203:C:\Program Files (x86)\Cypress\PSoC Creator\4.4\PSoC Creator\1\LWO2.cydsn\Generated_Source\PSoC4\CyLFClk.c ****         {
1204:C:\Program Files (x86)\Cypress\PSoC Creator\4.4\PSoC Creator\1\LWO2.cydsn\Generated_Source\PSoC4\CyLFClk.c ****             while (0u == CySysWdtGetEnabledStatus(CY_SYS_WDT_COUNTER2))
1205:C:\Program Files (x86)\Cypress\PSoC Creator\4.4\PSoC Creator\1\LWO2.cydsn\Generated_Source\PSoC4\CyLFClk.c ****             {
1206:C:\Program Files (x86)\Cypress\PSoC Creator\4.4\PSoC Creator\1\LWO2.cydsn\Generated_Source\PSoC4\CyLFClk.c ****                 /* Wait for changes to come into effect */
1207:C:\Program Files (x86)\Cypress\PSoC Creator\4.4\PSoC Creator\1\LWO2.cydsn\Generated_Source\PSoC4\CyLFClk.c ****             }
1208:C:\Program Files (x86)\Cypress\PSoC Creator\4.4\PSoC Creator\1\LWO2.cydsn\Generated_Source\PSoC4\CyLFClk.c ****         }
1209:C:\Program Files (x86)\Cypress\PSoC Creator\4.4\PSoC Creator\1\LWO2.cydsn\Generated_Source\PSoC4\CyLFClk.c ****     }
1210:C:\Program Files (x86)\Cypress\PSoC Creator\4.4\PSoC Creator\1\LWO2.cydsn\Generated_Source\PSoC4\CyLFClk.c **** 
1211:C:\Program Files (x86)\Cypress\PSoC Creator\4.4\PSoC Creator\1\LWO2.cydsn\Generated_Source\PSoC4\CyLFClk.c **** 
1212:C:\Program Files (x86)\Cypress\PSoC Creator\4.4\PSoC Creator\1\LWO2.cydsn\Generated_Source\PSoC4\CyLFClk.c ****     /*******************************************************************************
1213:C:\Program Files (x86)\Cypress\PSoC Creator\4.4\PSoC Creator\1\LWO2.cydsn\Generated_Source\PSoC4\CyLFClk.c ****     * Function Name: CySysWdtDisable
1214:C:\Program Files (x86)\Cypress\PSoC Creator\4.4\PSoC Creator\1\LWO2.cydsn\Generated_Source\PSoC4\CyLFClk.c ****     ****************************************************************************//**
1215:C:\Program Files (x86)\Cypress\PSoC Creator\4.4\PSoC Creator\1\LWO2.cydsn\Generated_Source\PSoC4\CyLFClk.c ****     *
1216:C:\Program Files (x86)\Cypress\PSoC Creator\4.4\PSoC Creator\1\LWO2.cydsn\Generated_Source\PSoC4\CyLFClk.c ****     * \brief Disables the specified WDT counters.
1217:C:\Program Files (x86)\Cypress\PSoC Creator\4.4\PSoC Creator\1\LWO2.cydsn\Generated_Source\PSoC4\CyLFClk.c ****     * All the counters specified in the mask are disabled. The function waits for 
1218:C:\Program Files (x86)\Cypress\PSoC Creator\4.4\PSoC Creator\1\LWO2.cydsn\Generated_Source\PSoC4\CyLFClk.c ****     * the changes to come into effect.
1219:C:\Program Files (x86)\Cypress\PSoC Creator\4.4\PSoC Creator\1\LWO2.cydsn\Generated_Source\PSoC4\CyLFClk.c ****     *
1220:C:\Program Files (x86)\Cypress\PSoC Creator\4.4\PSoC Creator\1\LWO2.cydsn\Generated_Source\PSoC4\CyLFClk.c ****     * \param counterMask
1221:C:\Program Files (x86)\Cypress\PSoC Creator\4.4\PSoC Creator\1\LWO2.cydsn\Generated_Source\PSoC4\CyLFClk.c ****     * CY_SYS_WDT_COUNTER0_MASK - The mask for counter 0 to disable. <br>
1222:C:\Program Files (x86)\Cypress\PSoC Creator\4.4\PSoC Creator\1\LWO2.cydsn\Generated_Source\PSoC4\CyLFClk.c ****     * CY_SYS_WDT_COUNTER1_MASK - The mask for counter 1 to disable. <br>
1223:C:\Program Files (x86)\Cypress\PSoC Creator\4.4\PSoC Creator\1\LWO2.cydsn\Generated_Source\PSoC4\CyLFClk.c ****     * CY_SYS_WDT_COUNTER2_MASK - The mask for counter 2 to disable.
1224:C:\Program Files (x86)\Cypress\PSoC Creator\4.4\PSoC Creator\1\LWO2.cydsn\Generated_Source\PSoC4\CyLFClk.c ****     *
1225:C:\Program Files (x86)\Cypress\PSoC Creator\4.4\PSoC Creator\1\LWO2.cydsn\Generated_Source\PSoC4\CyLFClk.c ****     *******************************************************************************/
ARM GAS  C:\Users\taips\AppData\Local\Temp\cc8A2Ndf.s 			page 34


1226:C:\Program Files (x86)\Cypress\PSoC Creator\4.4\PSoC Creator\1\LWO2.cydsn\Generated_Source\PSoC4\CyLFClk.c ****     void CySysWdtDisable(uint32 counterMask)
1227:C:\Program Files (x86)\Cypress\PSoC Creator\4.4\PSoC Creator\1\LWO2.cydsn\Generated_Source\PSoC4\CyLFClk.c ****     {
1228:C:\Program Files (x86)\Cypress\PSoC Creator\4.4\PSoC Creator\1\LWO2.cydsn\Generated_Source\PSoC4\CyLFClk.c ****         if (0uL == CySysWdtLocked())
1229:C:\Program Files (x86)\Cypress\PSoC Creator\4.4\PSoC Creator\1\LWO2.cydsn\Generated_Source\PSoC4\CyLFClk.c ****         {
1230:C:\Program Files (x86)\Cypress\PSoC Creator\4.4\PSoC Creator\1\LWO2.cydsn\Generated_Source\PSoC4\CyLFClk.c ****             CY_SYS_WDT_CONTROL_REG &= ~counterMask;
1231:C:\Program Files (x86)\Cypress\PSoC Creator\4.4\PSoC Creator\1\LWO2.cydsn\Generated_Source\PSoC4\CyLFClk.c **** 
1232:C:\Program Files (x86)\Cypress\PSoC Creator\4.4\PSoC Creator\1\LWO2.cydsn\Generated_Source\PSoC4\CyLFClk.c ****             if(0u != (counterMask & CY_SYS_WDT_COUNTER0_MASK))
1233:C:\Program Files (x86)\Cypress\PSoC Creator\4.4\PSoC Creator\1\LWO2.cydsn\Generated_Source\PSoC4\CyLFClk.c ****             {
1234:C:\Program Files (x86)\Cypress\PSoC Creator\4.4\PSoC Creator\1\LWO2.cydsn\Generated_Source\PSoC4\CyLFClk.c ****                 while (0u != CySysWdtGetEnabledStatus(CY_SYS_WDT_COUNTER0))
1235:C:\Program Files (x86)\Cypress\PSoC Creator\4.4\PSoC Creator\1\LWO2.cydsn\Generated_Source\PSoC4\CyLFClk.c ****                 {
1236:C:\Program Files (x86)\Cypress\PSoC Creator\4.4\PSoC Creator\1\LWO2.cydsn\Generated_Source\PSoC4\CyLFClk.c ****                     /* Wait for changes to come into effect */
1237:C:\Program Files (x86)\Cypress\PSoC Creator\4.4\PSoC Creator\1\LWO2.cydsn\Generated_Source\PSoC4\CyLFClk.c ****                 }
1238:C:\Program Files (x86)\Cypress\PSoC Creator\4.4\PSoC Creator\1\LWO2.cydsn\Generated_Source\PSoC4\CyLFClk.c ****             }
1239:C:\Program Files (x86)\Cypress\PSoC Creator\4.4\PSoC Creator\1\LWO2.cydsn\Generated_Source\PSoC4\CyLFClk.c **** 
1240:C:\Program Files (x86)\Cypress\PSoC Creator\4.4\PSoC Creator\1\LWO2.cydsn\Generated_Source\PSoC4\CyLFClk.c ****             if(0u != (counterMask & CY_SYS_WDT_COUNTER1_MASK))
1241:C:\Program Files (x86)\Cypress\PSoC Creator\4.4\PSoC Creator\1\LWO2.cydsn\Generated_Source\PSoC4\CyLFClk.c ****             {
1242:C:\Program Files (x86)\Cypress\PSoC Creator\4.4\PSoC Creator\1\LWO2.cydsn\Generated_Source\PSoC4\CyLFClk.c ****                 while (0u != CySysWdtGetEnabledStatus(CY_SYS_WDT_COUNTER1))
1243:C:\Program Files (x86)\Cypress\PSoC Creator\4.4\PSoC Creator\1\LWO2.cydsn\Generated_Source\PSoC4\CyLFClk.c ****                 {
1244:C:\Program Files (x86)\Cypress\PSoC Creator\4.4\PSoC Creator\1\LWO2.cydsn\Generated_Source\PSoC4\CyLFClk.c ****                     /* Wait for changes to come into effect */
1245:C:\Program Files (x86)\Cypress\PSoC Creator\4.4\PSoC Creator\1\LWO2.cydsn\Generated_Source\PSoC4\CyLFClk.c ****                 }
1246:C:\Program Files (x86)\Cypress\PSoC Creator\4.4\PSoC Creator\1\LWO2.cydsn\Generated_Source\PSoC4\CyLFClk.c ****             }
1247:C:\Program Files (x86)\Cypress\PSoC Creator\4.4\PSoC Creator\1\LWO2.cydsn\Generated_Source\PSoC4\CyLFClk.c **** 
1248:C:\Program Files (x86)\Cypress\PSoC Creator\4.4\PSoC Creator\1\LWO2.cydsn\Generated_Source\PSoC4\CyLFClk.c ****             if(0u != (counterMask & CY_SYS_WDT_COUNTER2_MASK))
1249:C:\Program Files (x86)\Cypress\PSoC Creator\4.4\PSoC Creator\1\LWO2.cydsn\Generated_Source\PSoC4\CyLFClk.c ****             {
1250:C:\Program Files (x86)\Cypress\PSoC Creator\4.4\PSoC Creator\1\LWO2.cydsn\Generated_Source\PSoC4\CyLFClk.c ****                 while (0u != CySysWdtGetEnabledStatus(CY_SYS_WDT_COUNTER2))
1251:C:\Program Files (x86)\Cypress\PSoC Creator\4.4\PSoC Creator\1\LWO2.cydsn\Generated_Source\PSoC4\CyLFClk.c ****                 {
1252:C:\Program Files (x86)\Cypress\PSoC Creator\4.4\PSoC Creator\1\LWO2.cydsn\Generated_Source\PSoC4\CyLFClk.c ****                     /* Wait for changes to come into effect */
1253:C:\Program Files (x86)\Cypress\PSoC Creator\4.4\PSoC Creator\1\LWO2.cydsn\Generated_Source\PSoC4\CyLFClk.c ****                 }
1254:C:\Program Files (x86)\Cypress\PSoC Creator\4.4\PSoC Creator\1\LWO2.cydsn\Generated_Source\PSoC4\CyLFClk.c ****             }
1255:C:\Program Files (x86)\Cypress\PSoC Creator\4.4\PSoC Creator\1\LWO2.cydsn\Generated_Source\PSoC4\CyLFClk.c ****         }
1256:C:\Program Files (x86)\Cypress\PSoC Creator\4.4\PSoC Creator\1\LWO2.cydsn\Generated_Source\PSoC4\CyLFClk.c ****     }
1257:C:\Program Files (x86)\Cypress\PSoC Creator\4.4\PSoC Creator\1\LWO2.cydsn\Generated_Source\PSoC4\CyLFClk.c **** 
1258:C:\Program Files (x86)\Cypress\PSoC Creator\4.4\PSoC Creator\1\LWO2.cydsn\Generated_Source\PSoC4\CyLFClk.c **** 
1259:C:\Program Files (x86)\Cypress\PSoC Creator\4.4\PSoC Creator\1\LWO2.cydsn\Generated_Source\PSoC4\CyLFClk.c ****     /*******************************************************************************
1260:C:\Program Files (x86)\Cypress\PSoC Creator\4.4\PSoC Creator\1\LWO2.cydsn\Generated_Source\PSoC4\CyLFClk.c ****     * Function Name: CySysWdtSetCascade
1261:C:\Program Files (x86)\Cypress\PSoC Creator\4.4\PSoC Creator\1\LWO2.cydsn\Generated_Source\PSoC4\CyLFClk.c ****     ****************************************************************************//**
1262:C:\Program Files (x86)\Cypress\PSoC Creator\4.4\PSoC Creator\1\LWO2.cydsn\Generated_Source\PSoC4\CyLFClk.c ****     * \brief
1263:C:\Program Files (x86)\Cypress\PSoC Creator\4.4\PSoC Creator\1\LWO2.cydsn\Generated_Source\PSoC4\CyLFClk.c ****     * Writes the two WDT cascade values based on the combination of mask values
1264:C:\Program Files (x86)\Cypress\PSoC Creator\4.4\PSoC Creator\1\LWO2.cydsn\Generated_Source\PSoC4\CyLFClk.c ****     * specified.
1265:C:\Program Files (x86)\Cypress\PSoC Creator\4.4\PSoC Creator\1\LWO2.cydsn\Generated_Source\PSoC4\CyLFClk.c ****     *
1266:C:\Program Files (x86)\Cypress\PSoC Creator\4.4\PSoC Creator\1\LWO2.cydsn\Generated_Source\PSoC4\CyLFClk.c ****     * \param cascadeMask The mask value used to set or clear the cascade values:
1267:C:\Program Files (x86)\Cypress\PSoC Creator\4.4\PSoC Creator\1\LWO2.cydsn\Generated_Source\PSoC4\CyLFClk.c ****     * CY_SYS_WDT_CASCADE_NONE - Neither <br>
1268:C:\Program Files (x86)\Cypress\PSoC Creator\4.4\PSoC Creator\1\LWO2.cydsn\Generated_Source\PSoC4\CyLFClk.c ****     * CY_SYS_WDT_CASCADE_01 - Cascade 01 <br>
1269:C:\Program Files (x86)\Cypress\PSoC Creator\4.4\PSoC Creator\1\LWO2.cydsn\Generated_Source\PSoC4\CyLFClk.c ****     * CY_SYS_WDT_CASCADE_12 - Cascade 12
1270:C:\Program Files (x86)\Cypress\PSoC Creator\4.4\PSoC Creator\1\LWO2.cydsn\Generated_Source\PSoC4\CyLFClk.c ****     *
1271:C:\Program Files (x86)\Cypress\PSoC Creator\4.4\PSoC Creator\1\LWO2.cydsn\Generated_Source\PSoC4\CyLFClk.c ****     * If only one cascade mask is specified, the second cascade is disabled.
1272:C:\Program Files (x86)\Cypress\PSoC Creator\4.4\PSoC Creator\1\LWO2.cydsn\Generated_Source\PSoC4\CyLFClk.c ****     * To set both cascade modes, two defines should be ORed:
1273:C:\Program Files (x86)\Cypress\PSoC Creator\4.4\PSoC Creator\1\LWO2.cydsn\Generated_Source\PSoC4\CyLFClk.c ****     * (CY_SYS_TIMER_CASCADE_01 | CY_SYS_TIMER_CASCADE_12).
1274:C:\Program Files (x86)\Cypress\PSoC Creator\4.4\PSoC Creator\1\LWO2.cydsn\Generated_Source\PSoC4\CyLFClk.c ****     * \note If CySysWdtSetCascade() was called with ORed defines it is necessary 
1275:C:\Program Files (x86)\Cypress\PSoC Creator\4.4\PSoC Creator\1\LWO2.cydsn\Generated_Source\PSoC4\CyLFClk.c ****     * to call CySysWdtSetClearOnMatch(1,1). It is needed to make sure that 
1276:C:\Program Files (x86)\Cypress\PSoC Creator\4.4\PSoC Creator\1\LWO2.cydsn\Generated_Source\PSoC4\CyLFClk.c ****     * Counter 2 will be updated in the expected way.
1277:C:\Program Files (x86)\Cypress\PSoC Creator\4.4\PSoC Creator\1\LWO2.cydsn\Generated_Source\PSoC4\CyLFClk.c ****     *
1278:C:\Program Files (x86)\Cypress\PSoC Creator\4.4\PSoC Creator\1\LWO2.cydsn\Generated_Source\PSoC4\CyLFClk.c ****     * WDT counters that are part of the specified cascade should be disabled.
1279:C:\Program Files (x86)\Cypress\PSoC Creator\4.4\PSoC Creator\1\LWO2.cydsn\Generated_Source\PSoC4\CyLFClk.c ****     * Otherwise this function call has no effect. If the specified
1280:C:\Program Files (x86)\Cypress\PSoC Creator\4.4\PSoC Creator\1\LWO2.cydsn\Generated_Source\PSoC4\CyLFClk.c ****     * counter is enabled, call CySysWdtDisable() function with the corresponding
1281:C:\Program Files (x86)\Cypress\PSoC Creator\4.4\PSoC Creator\1\LWO2.cydsn\Generated_Source\PSoC4\CyLFClk.c ****     * parameter to disable the specified counter and wait for it to stop. This may
1282:C:\Program Files (x86)\Cypress\PSoC Creator\4.4\PSoC Creator\1\LWO2.cydsn\Generated_Source\PSoC4\CyLFClk.c ****     * take up to 3 LFCLK cycles.
ARM GAS  C:\Users\taips\AppData\Local\Temp\cc8A2Ndf.s 			page 35


1283:C:\Program Files (x86)\Cypress\PSoC Creator\4.4\PSoC Creator\1\LWO2.cydsn\Generated_Source\PSoC4\CyLFClk.c ****     *
1284:C:\Program Files (x86)\Cypress\PSoC Creator\4.4\PSoC Creator\1\LWO2.cydsn\Generated_Source\PSoC4\CyLFClk.c ****     *******************************************************************************/
1285:C:\Program Files (x86)\Cypress\PSoC Creator\4.4\PSoC Creator\1\LWO2.cydsn\Generated_Source\PSoC4\CyLFClk.c ****     void CySysWdtSetCascade(uint32 cascadeMask)
1286:C:\Program Files (x86)\Cypress\PSoC Creator\4.4\PSoC Creator\1\LWO2.cydsn\Generated_Source\PSoC4\CyLFClk.c ****     {
1287:C:\Program Files (x86)\Cypress\PSoC Creator\4.4\PSoC Creator\1\LWO2.cydsn\Generated_Source\PSoC4\CyLFClk.c ****         uint32 configRegValue;
1288:C:\Program Files (x86)\Cypress\PSoC Creator\4.4\PSoC Creator\1\LWO2.cydsn\Generated_Source\PSoC4\CyLFClk.c ****         uint32 countersEnableStatus;
1289:C:\Program Files (x86)\Cypress\PSoC Creator\4.4\PSoC Creator\1\LWO2.cydsn\Generated_Source\PSoC4\CyLFClk.c **** 
1290:C:\Program Files (x86)\Cypress\PSoC Creator\4.4\PSoC Creator\1\LWO2.cydsn\Generated_Source\PSoC4\CyLFClk.c ****         countersEnableStatus = CySysWdtGetEnabledStatus(CY_SYS_WDT_COUNTER0) |
1291:C:\Program Files (x86)\Cypress\PSoC Creator\4.4\PSoC Creator\1\LWO2.cydsn\Generated_Source\PSoC4\CyLFClk.c ****                             CySysWdtGetEnabledStatus(CY_SYS_WDT_COUNTER1) |
1292:C:\Program Files (x86)\Cypress\PSoC Creator\4.4\PSoC Creator\1\LWO2.cydsn\Generated_Source\PSoC4\CyLFClk.c ****                             CySysWdtGetEnabledStatus(CY_SYS_WDT_COUNTER2);
1293:C:\Program Files (x86)\Cypress\PSoC Creator\4.4\PSoC Creator\1\LWO2.cydsn\Generated_Source\PSoC4\CyLFClk.c **** 
1294:C:\Program Files (x86)\Cypress\PSoC Creator\4.4\PSoC Creator\1\LWO2.cydsn\Generated_Source\PSoC4\CyLFClk.c ****         if (0u == countersEnableStatus)
1295:C:\Program Files (x86)\Cypress\PSoC Creator\4.4\PSoC Creator\1\LWO2.cydsn\Generated_Source\PSoC4\CyLFClk.c ****         {
1296:C:\Program Files (x86)\Cypress\PSoC Creator\4.4\PSoC Creator\1\LWO2.cydsn\Generated_Source\PSoC4\CyLFClk.c ****             configRegValue = CY_SYS_WDT_CONFIG_REG;
1297:C:\Program Files (x86)\Cypress\PSoC Creator\4.4\PSoC Creator\1\LWO2.cydsn\Generated_Source\PSoC4\CyLFClk.c ****             configRegValue &= ((uint32)(~(CY_SYS_WDT_CASCADE_01|CY_SYS_WDT_CASCADE_12)));
1298:C:\Program Files (x86)\Cypress\PSoC Creator\4.4\PSoC Creator\1\LWO2.cydsn\Generated_Source\PSoC4\CyLFClk.c ****             configRegValue |= cascadeMask;
1299:C:\Program Files (x86)\Cypress\PSoC Creator\4.4\PSoC Creator\1\LWO2.cydsn\Generated_Source\PSoC4\CyLFClk.c ****             CY_SYS_WDT_CONFIG_REG = configRegValue;
1300:C:\Program Files (x86)\Cypress\PSoC Creator\4.4\PSoC Creator\1\LWO2.cydsn\Generated_Source\PSoC4\CyLFClk.c ****         }
1301:C:\Program Files (x86)\Cypress\PSoC Creator\4.4\PSoC Creator\1\LWO2.cydsn\Generated_Source\PSoC4\CyLFClk.c ****     }
1302:C:\Program Files (x86)\Cypress\PSoC Creator\4.4\PSoC Creator\1\LWO2.cydsn\Generated_Source\PSoC4\CyLFClk.c **** 
1303:C:\Program Files (x86)\Cypress\PSoC Creator\4.4\PSoC Creator\1\LWO2.cydsn\Generated_Source\PSoC4\CyLFClk.c **** 
1304:C:\Program Files (x86)\Cypress\PSoC Creator\4.4\PSoC Creator\1\LWO2.cydsn\Generated_Source\PSoC4\CyLFClk.c ****     /*******************************************************************************
1305:C:\Program Files (x86)\Cypress\PSoC Creator\4.4\PSoC Creator\1\LWO2.cydsn\Generated_Source\PSoC4\CyLFClk.c ****     * Function Name: CySysWdtGetCascade
1306:C:\Program Files (x86)\Cypress\PSoC Creator\4.4\PSoC Creator\1\LWO2.cydsn\Generated_Source\PSoC4\CyLFClk.c ****     ****************************************************************************//**
1307:C:\Program Files (x86)\Cypress\PSoC Creator\4.4\PSoC Creator\1\LWO2.cydsn\Generated_Source\PSoC4\CyLFClk.c ****     *
1308:C:\Program Files (x86)\Cypress\PSoC Creator\4.4\PSoC Creator\1\LWO2.cydsn\Generated_Source\PSoC4\CyLFClk.c ****     * \brief Reads the two WDT cascade values returning a mask of the bits set.
1309:C:\Program Files (x86)\Cypress\PSoC Creator\4.4\PSoC Creator\1\LWO2.cydsn\Generated_Source\PSoC4\CyLFClk.c ****     *
1310:C:\Program Files (x86)\Cypress\PSoC Creator\4.4\PSoC Creator\1\LWO2.cydsn\Generated_Source\PSoC4\CyLFClk.c ****     * \return The mask of the cascade values set.
1311:C:\Program Files (x86)\Cypress\PSoC Creator\4.4\PSoC Creator\1\LWO2.cydsn\Generated_Source\PSoC4\CyLFClk.c ****     * \return CY_SYS_WDT_CASCADE_NONE - Neither
1312:C:\Program Files (x86)\Cypress\PSoC Creator\4.4\PSoC Creator\1\LWO2.cydsn\Generated_Source\PSoC4\CyLFClk.c ****     * \return CY_SYS_WDT_CASCADE_01 - Cascade 01
1313:C:\Program Files (x86)\Cypress\PSoC Creator\4.4\PSoC Creator\1\LWO2.cydsn\Generated_Source\PSoC4\CyLFClk.c ****     * \return CY_SYS_WDT_CASCADE_12 - Cascade 12
1314:C:\Program Files (x86)\Cypress\PSoC Creator\4.4\PSoC Creator\1\LWO2.cydsn\Generated_Source\PSoC4\CyLFClk.c ****     *
1315:C:\Program Files (x86)\Cypress\PSoC Creator\4.4\PSoC Creator\1\LWO2.cydsn\Generated_Source\PSoC4\CyLFClk.c ****     *******************************************************************************/
1316:C:\Program Files (x86)\Cypress\PSoC Creator\4.4\PSoC Creator\1\LWO2.cydsn\Generated_Source\PSoC4\CyLFClk.c ****     uint32 CySysWdtGetCascade(void)
1317:C:\Program Files (x86)\Cypress\PSoC Creator\4.4\PSoC Creator\1\LWO2.cydsn\Generated_Source\PSoC4\CyLFClk.c ****     {
1318:C:\Program Files (x86)\Cypress\PSoC Creator\4.4\PSoC Creator\1\LWO2.cydsn\Generated_Source\PSoC4\CyLFClk.c ****         return (CY_SYS_WDT_CONFIG_REG & (CY_SYS_WDT_CASCADE_01 | CY_SYS_WDT_CASCADE_12));
1319:C:\Program Files (x86)\Cypress\PSoC Creator\4.4\PSoC Creator\1\LWO2.cydsn\Generated_Source\PSoC4\CyLFClk.c ****     }
1320:C:\Program Files (x86)\Cypress\PSoC Creator\4.4\PSoC Creator\1\LWO2.cydsn\Generated_Source\PSoC4\CyLFClk.c **** 
1321:C:\Program Files (x86)\Cypress\PSoC Creator\4.4\PSoC Creator\1\LWO2.cydsn\Generated_Source\PSoC4\CyLFClk.c **** 
1322:C:\Program Files (x86)\Cypress\PSoC Creator\4.4\PSoC Creator\1\LWO2.cydsn\Generated_Source\PSoC4\CyLFClk.c ****     /*******************************************************************************
1323:C:\Program Files (x86)\Cypress\PSoC Creator\4.4\PSoC Creator\1\LWO2.cydsn\Generated_Source\PSoC4\CyLFClk.c ****     * Function Name: CySysWdtSetMatch
1324:C:\Program Files (x86)\Cypress\PSoC Creator\4.4\PSoC Creator\1\LWO2.cydsn\Generated_Source\PSoC4\CyLFClk.c ****     ****************************************************************************//**
1325:C:\Program Files (x86)\Cypress\PSoC Creator\4.4\PSoC Creator\1\LWO2.cydsn\Generated_Source\PSoC4\CyLFClk.c ****     *
1326:C:\Program Files (x86)\Cypress\PSoC Creator\4.4\PSoC Creator\1\LWO2.cydsn\Generated_Source\PSoC4\CyLFClk.c ****     * \brief Configures the WDT counter match comparison value.
1327:C:\Program Files (x86)\Cypress\PSoC Creator\4.4\PSoC Creator\1\LWO2.cydsn\Generated_Source\PSoC4\CyLFClk.c ****     *
1328:C:\Program Files (x86)\Cypress\PSoC Creator\4.4\PSoC Creator\1\LWO2.cydsn\Generated_Source\PSoC4\CyLFClk.c ****     * \param counterNum
1329:C:\Program Files (x86)\Cypress\PSoC Creator\4.4\PSoC Creator\1\LWO2.cydsn\Generated_Source\PSoC4\CyLFClk.c ****     * Valid range [0-1]. The number of the WDT counter. The match values are not
1330:C:\Program Files (x86)\Cypress\PSoC Creator\4.4\PSoC Creator\1\LWO2.cydsn\Generated_Source\PSoC4\CyLFClk.c ****     * supported by counter 2.
1331:C:\Program Files (x86)\Cypress\PSoC Creator\4.4\PSoC Creator\1\LWO2.cydsn\Generated_Source\PSoC4\CyLFClk.c ****     *
1332:C:\Program Files (x86)\Cypress\PSoC Creator\4.4\PSoC Creator\1\LWO2.cydsn\Generated_Source\PSoC4\CyLFClk.c ****     * \param match
1333:C:\Program Files (x86)\Cypress\PSoC Creator\4.4\PSoC Creator\1\LWO2.cydsn\Generated_Source\PSoC4\CyLFClk.c ****     * Valid range [0-65535]. The value to be used to match against the counter.
1334:C:\Program Files (x86)\Cypress\PSoC Creator\4.4\PSoC Creator\1\LWO2.cydsn\Generated_Source\PSoC4\CyLFClk.c ****     *
1335:C:\Program Files (x86)\Cypress\PSoC Creator\4.4\PSoC Creator\1\LWO2.cydsn\Generated_Source\PSoC4\CyLFClk.c ****     *******************************************************************************/
1336:C:\Program Files (x86)\Cypress\PSoC Creator\4.4\PSoC Creator\1\LWO2.cydsn\Generated_Source\PSoC4\CyLFClk.c ****     void CySysWdtSetMatch(uint32 counterNum, uint32 match)
1337:C:\Program Files (x86)\Cypress\PSoC Creator\4.4\PSoC Creator\1\LWO2.cydsn\Generated_Source\PSoC4\CyLFClk.c ****     {
1338:C:\Program Files (x86)\Cypress\PSoC Creator\4.4\PSoC Creator\1\LWO2.cydsn\Generated_Source\PSoC4\CyLFClk.c ****         uint32 regValue;
1339:C:\Program Files (x86)\Cypress\PSoC Creator\4.4\PSoC Creator\1\LWO2.cydsn\Generated_Source\PSoC4\CyLFClk.c **** 
ARM GAS  C:\Users\taips\AppData\Local\Temp\cc8A2Ndf.s 			page 36


1340:C:\Program Files (x86)\Cypress\PSoC Creator\4.4\PSoC Creator\1\LWO2.cydsn\Generated_Source\PSoC4\CyLFClk.c ****         CYASSERT((counterNum == CY_SYS_WDT_COUNTER0) ||
1341:C:\Program Files (x86)\Cypress\PSoC Creator\4.4\PSoC Creator\1\LWO2.cydsn\Generated_Source\PSoC4\CyLFClk.c ****                  (counterNum == CY_SYS_WDT_COUNTER1));
1342:C:\Program Files (x86)\Cypress\PSoC Creator\4.4\PSoC Creator\1\LWO2.cydsn\Generated_Source\PSoC4\CyLFClk.c **** 
1343:C:\Program Files (x86)\Cypress\PSoC Creator\4.4\PSoC Creator\1\LWO2.cydsn\Generated_Source\PSoC4\CyLFClk.c ****         /* Wait for previous changes to come into effect */
1344:C:\Program Files (x86)\Cypress\PSoC Creator\4.4\PSoC Creator\1\LWO2.cydsn\Generated_Source\PSoC4\CyLFClk.c ****         CyDelayUs(CY_SYS_WDT_3LFCLK_DELAY_US);
1345:C:\Program Files (x86)\Cypress\PSoC Creator\4.4\PSoC Creator\1\LWO2.cydsn\Generated_Source\PSoC4\CyLFClk.c **** 
1346:C:\Program Files (x86)\Cypress\PSoC Creator\4.4\PSoC Creator\1\LWO2.cydsn\Generated_Source\PSoC4\CyLFClk.c ****         regValue = CY_SYS_WDT_MATCH_REG;
1347:C:\Program Files (x86)\Cypress\PSoC Creator\4.4\PSoC Creator\1\LWO2.cydsn\Generated_Source\PSoC4\CyLFClk.c ****         regValue &= (uint32)~((uint32)(CY_SYS_WDT_LOWER_16BITS_MASK << (counterNum * CY_SYS_WDT_CNT
1348:C:\Program Files (x86)\Cypress\PSoC Creator\4.4\PSoC Creator\1\LWO2.cydsn\Generated_Source\PSoC4\CyLFClk.c ****         CY_SYS_WDT_MATCH_REG = (regValue | (match << (counterNum * CY_SYS_WDT_CNT_MATCH_SHIFT)));
1349:C:\Program Files (x86)\Cypress\PSoC Creator\4.4\PSoC Creator\1\LWO2.cydsn\Generated_Source\PSoC4\CyLFClk.c **** 
1350:C:\Program Files (x86)\Cypress\PSoC Creator\4.4\PSoC Creator\1\LWO2.cydsn\Generated_Source\PSoC4\CyLFClk.c ****         /* Make sure match synchronization has started */
1351:C:\Program Files (x86)\Cypress\PSoC Creator\4.4\PSoC Creator\1\LWO2.cydsn\Generated_Source\PSoC4\CyLFClk.c ****         CyDelayUs(CY_SYS_WDT_1LFCLK_DELAY_US);
1352:C:\Program Files (x86)\Cypress\PSoC Creator\4.4\PSoC Creator\1\LWO2.cydsn\Generated_Source\PSoC4\CyLFClk.c ****     }
1353:C:\Program Files (x86)\Cypress\PSoC Creator\4.4\PSoC Creator\1\LWO2.cydsn\Generated_Source\PSoC4\CyLFClk.c **** 
1354:C:\Program Files (x86)\Cypress\PSoC Creator\4.4\PSoC Creator\1\LWO2.cydsn\Generated_Source\PSoC4\CyLFClk.c **** 
1355:C:\Program Files (x86)\Cypress\PSoC Creator\4.4\PSoC Creator\1\LWO2.cydsn\Generated_Source\PSoC4\CyLFClk.c ****     /*******************************************************************************
1356:C:\Program Files (x86)\Cypress\PSoC Creator\4.4\PSoC Creator\1\LWO2.cydsn\Generated_Source\PSoC4\CyLFClk.c ****     * Function Name: CySysWdtSetToggleBit
1357:C:\Program Files (x86)\Cypress\PSoC Creator\4.4\PSoC Creator\1\LWO2.cydsn\Generated_Source\PSoC4\CyLFClk.c ****     ****************************************************************************//**
1358:C:\Program Files (x86)\Cypress\PSoC Creator\4.4\PSoC Creator\1\LWO2.cydsn\Generated_Source\PSoC4\CyLFClk.c ****     * \brief
1359:C:\Program Files (x86)\Cypress\PSoC Creator\4.4\PSoC Creator\1\LWO2.cydsn\Generated_Source\PSoC4\CyLFClk.c ****     * Configures which bit in WDT counter 2 to monitor for a toggle.
1360:C:\Program Files (x86)\Cypress\PSoC Creator\4.4\PSoC Creator\1\LWO2.cydsn\Generated_Source\PSoC4\CyLFClk.c ****     *
1361:C:\Program Files (x86)\Cypress\PSoC Creator\4.4\PSoC Creator\1\LWO2.cydsn\Generated_Source\PSoC4\CyLFClk.c ****     * When that bit toggles, an interrupt is generated if the mode for counter 2 has
1362:C:\Program Files (x86)\Cypress\PSoC Creator\4.4\PSoC Creator\1\LWO2.cydsn\Generated_Source\PSoC4\CyLFClk.c ****     * enabled interrupts.
1363:C:\Program Files (x86)\Cypress\PSoC Creator\4.4\PSoC Creator\1\LWO2.cydsn\Generated_Source\PSoC4\CyLFClk.c ****     *
1364:C:\Program Files (x86)\Cypress\PSoC Creator\4.4\PSoC Creator\1\LWO2.cydsn\Generated_Source\PSoC4\CyLFClk.c ****     * \param bits Valid range [0-31].  Counter 2 bit to monitor for a toggle.
1365:C:\Program Files (x86)\Cypress\PSoC Creator\4.4\PSoC Creator\1\LWO2.cydsn\Generated_Source\PSoC4\CyLFClk.c ****     *
1366:C:\Program Files (x86)\Cypress\PSoC Creator\4.4\PSoC Creator\1\LWO2.cydsn\Generated_Source\PSoC4\CyLFClk.c ****     * \details
1367:C:\Program Files (x86)\Cypress\PSoC Creator\4.4\PSoC Creator\1\LWO2.cydsn\Generated_Source\PSoC4\CyLFClk.c ****     * WDT Counter 2 should be disabled. Otherwise this function call has no
1368:C:\Program Files (x86)\Cypress\PSoC Creator\4.4\PSoC Creator\1\LWO2.cydsn\Generated_Source\PSoC4\CyLFClk.c ****     * effect.
1369:C:\Program Files (x86)\Cypress\PSoC Creator\4.4\PSoC Creator\1\LWO2.cydsn\Generated_Source\PSoC4\CyLFClk.c ****     *
1370:C:\Program Files (x86)\Cypress\PSoC Creator\4.4\PSoC Creator\1\LWO2.cydsn\Generated_Source\PSoC4\CyLFClk.c ****     * If the specified counter is enabled, call the CySysWdtDisable() function with
1371:C:\Program Files (x86)\Cypress\PSoC Creator\4.4\PSoC Creator\1\LWO2.cydsn\Generated_Source\PSoC4\CyLFClk.c ****     * the corresponding parameter to disable the specified counter and wait for it to
1372:C:\Program Files (x86)\Cypress\PSoC Creator\4.4\PSoC Creator\1\LWO2.cydsn\Generated_Source\PSoC4\CyLFClk.c ****     * stop. This may take up to 3 LFCLK cycles.
1373:C:\Program Files (x86)\Cypress\PSoC Creator\4.4\PSoC Creator\1\LWO2.cydsn\Generated_Source\PSoC4\CyLFClk.c ****     *
1374:C:\Program Files (x86)\Cypress\PSoC Creator\4.4\PSoC Creator\1\LWO2.cydsn\Generated_Source\PSoC4\CyLFClk.c ****     *******************************************************************************/
1375:C:\Program Files (x86)\Cypress\PSoC Creator\4.4\PSoC Creator\1\LWO2.cydsn\Generated_Source\PSoC4\CyLFClk.c ****     void CySysWdtSetToggleBit(uint32 bits)
1376:C:\Program Files (x86)\Cypress\PSoC Creator\4.4\PSoC Creator\1\LWO2.cydsn\Generated_Source\PSoC4\CyLFClk.c ****     {
1377:C:\Program Files (x86)\Cypress\PSoC Creator\4.4\PSoC Creator\1\LWO2.cydsn\Generated_Source\PSoC4\CyLFClk.c ****         uint32 configRegValue;
1378:C:\Program Files (x86)\Cypress\PSoC Creator\4.4\PSoC Creator\1\LWO2.cydsn\Generated_Source\PSoC4\CyLFClk.c **** 
1379:C:\Program Files (x86)\Cypress\PSoC Creator\4.4\PSoC Creator\1\LWO2.cydsn\Generated_Source\PSoC4\CyLFClk.c ****         if (0u == CySysWdtGetEnabledStatus(CY_SYS_WDT_COUNTER2))
1380:C:\Program Files (x86)\Cypress\PSoC Creator\4.4\PSoC Creator\1\LWO2.cydsn\Generated_Source\PSoC4\CyLFClk.c ****         {
1381:C:\Program Files (x86)\Cypress\PSoC Creator\4.4\PSoC Creator\1\LWO2.cydsn\Generated_Source\PSoC4\CyLFClk.c ****             configRegValue = CY_SYS_WDT_CONFIG_REG;
1382:C:\Program Files (x86)\Cypress\PSoC Creator\4.4\PSoC Creator\1\LWO2.cydsn\Generated_Source\PSoC4\CyLFClk.c ****             configRegValue &= (uint32)(~((uint32)(CY_SYS_WDT_CONFIG_BITS2_MASK << CY_SYS_WDT_CONFIG
1383:C:\Program Files (x86)\Cypress\PSoC Creator\4.4\PSoC Creator\1\LWO2.cydsn\Generated_Source\PSoC4\CyLFClk.c ****             configRegValue |= ((bits & CY_SYS_WDT_CONFIG_BITS2_MASK) << CY_SYS_WDT_CONFIG_BITS2_POS
1384:C:\Program Files (x86)\Cypress\PSoC Creator\4.4\PSoC Creator\1\LWO2.cydsn\Generated_Source\PSoC4\CyLFClk.c ****             CY_SYS_WDT_CONFIG_REG = configRegValue;
1385:C:\Program Files (x86)\Cypress\PSoC Creator\4.4\PSoC Creator\1\LWO2.cydsn\Generated_Source\PSoC4\CyLFClk.c ****         }
1386:C:\Program Files (x86)\Cypress\PSoC Creator\4.4\PSoC Creator\1\LWO2.cydsn\Generated_Source\PSoC4\CyLFClk.c ****     }
1387:C:\Program Files (x86)\Cypress\PSoC Creator\4.4\PSoC Creator\1\LWO2.cydsn\Generated_Source\PSoC4\CyLFClk.c **** 
1388:C:\Program Files (x86)\Cypress\PSoC Creator\4.4\PSoC Creator\1\LWO2.cydsn\Generated_Source\PSoC4\CyLFClk.c **** 
1389:C:\Program Files (x86)\Cypress\PSoC Creator\4.4\PSoC Creator\1\LWO2.cydsn\Generated_Source\PSoC4\CyLFClk.c ****     /*******************************************************************************
1390:C:\Program Files (x86)\Cypress\PSoC Creator\4.4\PSoC Creator\1\LWO2.cydsn\Generated_Source\PSoC4\CyLFClk.c ****     * Function Name: CySysWdtGetToggleBit
1391:C:\Program Files (x86)\Cypress\PSoC Creator\4.4\PSoC Creator\1\LWO2.cydsn\Generated_Source\PSoC4\CyLFClk.c ****     ****************************************************************************//**
1392:C:\Program Files (x86)\Cypress\PSoC Creator\4.4\PSoC Creator\1\LWO2.cydsn\Generated_Source\PSoC4\CyLFClk.c ****     * \brief
1393:C:\Program Files (x86)\Cypress\PSoC Creator\4.4\PSoC Creator\1\LWO2.cydsn\Generated_Source\PSoC4\CyLFClk.c ****     * Reads which bit in WDT counter 2 is monitored for a toggle.
1394:C:\Program Files (x86)\Cypress\PSoC Creator\4.4\PSoC Creator\1\LWO2.cydsn\Generated_Source\PSoC4\CyLFClk.c ****     *
1395:C:\Program Files (x86)\Cypress\PSoC Creator\4.4\PSoC Creator\1\LWO2.cydsn\Generated_Source\PSoC4\CyLFClk.c ****     * \return The bit that is monitored (range of 0 to 31)
1396:C:\Program Files (x86)\Cypress\PSoC Creator\4.4\PSoC Creator\1\LWO2.cydsn\Generated_Source\PSoC4\CyLFClk.c ****     *
ARM GAS  C:\Users\taips\AppData\Local\Temp\cc8A2Ndf.s 			page 37


1397:C:\Program Files (x86)\Cypress\PSoC Creator\4.4\PSoC Creator\1\LWO2.cydsn\Generated_Source\PSoC4\CyLFClk.c ****     *******************************************************************************/
1398:C:\Program Files (x86)\Cypress\PSoC Creator\4.4\PSoC Creator\1\LWO2.cydsn\Generated_Source\PSoC4\CyLFClk.c ****     uint32 CySysWdtGetToggleBit(void)
1399:C:\Program Files (x86)\Cypress\PSoC Creator\4.4\PSoC Creator\1\LWO2.cydsn\Generated_Source\PSoC4\CyLFClk.c ****     {
1400:C:\Program Files (x86)\Cypress\PSoC Creator\4.4\PSoC Creator\1\LWO2.cydsn\Generated_Source\PSoC4\CyLFClk.c ****         return ((CY_SYS_WDT_CONFIG_REG >> CY_SYS_WDT_CONFIG_BITS2_POS) & CY_SYS_WDT_CONFIG_BITS2_MA
1401:C:\Program Files (x86)\Cypress\PSoC Creator\4.4\PSoC Creator\1\LWO2.cydsn\Generated_Source\PSoC4\CyLFClk.c ****     }
1402:C:\Program Files (x86)\Cypress\PSoC Creator\4.4\PSoC Creator\1\LWO2.cydsn\Generated_Source\PSoC4\CyLFClk.c **** 
1403:C:\Program Files (x86)\Cypress\PSoC Creator\4.4\PSoC Creator\1\LWO2.cydsn\Generated_Source\PSoC4\CyLFClk.c **** 
1404:C:\Program Files (x86)\Cypress\PSoC Creator\4.4\PSoC Creator\1\LWO2.cydsn\Generated_Source\PSoC4\CyLFClk.c ****     /*******************************************************************************
1405:C:\Program Files (x86)\Cypress\PSoC Creator\4.4\PSoC Creator\1\LWO2.cydsn\Generated_Source\PSoC4\CyLFClk.c ****     * Function Name: CySysWdtGetMatch
1406:C:\Program Files (x86)\Cypress\PSoC Creator\4.4\PSoC Creator\1\LWO2.cydsn\Generated_Source\PSoC4\CyLFClk.c ****     ****************************************************************************//**
1407:C:\Program Files (x86)\Cypress\PSoC Creator\4.4\PSoC Creator\1\LWO2.cydsn\Generated_Source\PSoC4\CyLFClk.c ****     *
1408:C:\Program Files (x86)\Cypress\PSoC Creator\4.4\PSoC Creator\1\LWO2.cydsn\Generated_Source\PSoC4\CyLFClk.c ****     * \brief Reads the WDT counter match comparison value.
1409:C:\Program Files (x86)\Cypress\PSoC Creator\4.4\PSoC Creator\1\LWO2.cydsn\Generated_Source\PSoC4\CyLFClk.c ****     *
1410:C:\Program Files (x86)\Cypress\PSoC Creator\4.4\PSoC Creator\1\LWO2.cydsn\Generated_Source\PSoC4\CyLFClk.c ****     * \param counterNum Valid range [0-1].  The number of the WDT counter. The match
1411:C:\Program Files (x86)\Cypress\PSoC Creator\4.4\PSoC Creator\1\LWO2.cydsn\Generated_Source\PSoC4\CyLFClk.c ****     * values are not supported by counter 2.
1412:C:\Program Files (x86)\Cypress\PSoC Creator\4.4\PSoC Creator\1\LWO2.cydsn\Generated_Source\PSoC4\CyLFClk.c ****     *
1413:C:\Program Files (x86)\Cypress\PSoC Creator\4.4\PSoC Creator\1\LWO2.cydsn\Generated_Source\PSoC4\CyLFClk.c ****     * \return A 16-bit match value.
1414:C:\Program Files (x86)\Cypress\PSoC Creator\4.4\PSoC Creator\1\LWO2.cydsn\Generated_Source\PSoC4\CyLFClk.c ****     *
1415:C:\Program Files (x86)\Cypress\PSoC Creator\4.4\PSoC Creator\1\LWO2.cydsn\Generated_Source\PSoC4\CyLFClk.c ****     *******************************************************************************/
1416:C:\Program Files (x86)\Cypress\PSoC Creator\4.4\PSoC Creator\1\LWO2.cydsn\Generated_Source\PSoC4\CyLFClk.c ****     uint32 CySysWdtGetMatch(uint32 counterNum)
1417:C:\Program Files (x86)\Cypress\PSoC Creator\4.4\PSoC Creator\1\LWO2.cydsn\Generated_Source\PSoC4\CyLFClk.c ****     {
1418:C:\Program Files (x86)\Cypress\PSoC Creator\4.4\PSoC Creator\1\LWO2.cydsn\Generated_Source\PSoC4\CyLFClk.c ****         CYASSERT((counterNum == CY_SYS_WDT_COUNTER0) ||
1419:C:\Program Files (x86)\Cypress\PSoC Creator\4.4\PSoC Creator\1\LWO2.cydsn\Generated_Source\PSoC4\CyLFClk.c ****                  (counterNum == CY_SYS_WDT_COUNTER1));
1420:C:\Program Files (x86)\Cypress\PSoC Creator\4.4\PSoC Creator\1\LWO2.cydsn\Generated_Source\PSoC4\CyLFClk.c **** 
1421:C:\Program Files (x86)\Cypress\PSoC Creator\4.4\PSoC Creator\1\LWO2.cydsn\Generated_Source\PSoC4\CyLFClk.c ****         return ((uint32)(CY_SYS_WDT_MATCH_REG >> 
1422:C:\Program Files (x86)\Cypress\PSoC Creator\4.4\PSoC Creator\1\LWO2.cydsn\Generated_Source\PSoC4\CyLFClk.c ****                                             (counterNum * CY_SYS_WDT_CNT_MATCH_SHIFT)) & CY_SYS_WDT
1423:C:\Program Files (x86)\Cypress\PSoC Creator\4.4\PSoC Creator\1\LWO2.cydsn\Generated_Source\PSoC4\CyLFClk.c ****     }
1424:C:\Program Files (x86)\Cypress\PSoC Creator\4.4\PSoC Creator\1\LWO2.cydsn\Generated_Source\PSoC4\CyLFClk.c **** 
1425:C:\Program Files (x86)\Cypress\PSoC Creator\4.4\PSoC Creator\1\LWO2.cydsn\Generated_Source\PSoC4\CyLFClk.c **** 
1426:C:\Program Files (x86)\Cypress\PSoC Creator\4.4\PSoC Creator\1\LWO2.cydsn\Generated_Source\PSoC4\CyLFClk.c ****     /*******************************************************************************
1427:C:\Program Files (x86)\Cypress\PSoC Creator\4.4\PSoC Creator\1\LWO2.cydsn\Generated_Source\PSoC4\CyLFClk.c ****     * Function Name: CySysWdtGetCount
1428:C:\Program Files (x86)\Cypress\PSoC Creator\4.4\PSoC Creator\1\LWO2.cydsn\Generated_Source\PSoC4\CyLFClk.c ****     ****************************************************************************//**
1429:C:\Program Files (x86)\Cypress\PSoC Creator\4.4\PSoC Creator\1\LWO2.cydsn\Generated_Source\PSoC4\CyLFClk.c ****     *
1430:C:\Program Files (x86)\Cypress\PSoC Creator\4.4\PSoC Creator\1\LWO2.cydsn\Generated_Source\PSoC4\CyLFClk.c ****     * \brief Reads the current WDT counter value.
1431:C:\Program Files (x86)\Cypress\PSoC Creator\4.4\PSoC Creator\1\LWO2.cydsn\Generated_Source\PSoC4\CyLFClk.c ****     *
1432:C:\Program Files (x86)\Cypress\PSoC Creator\4.4\PSoC Creator\1\LWO2.cydsn\Generated_Source\PSoC4\CyLFClk.c ****     * \param counterNum: Valid range [0-2]. The number of the WDT counter.
1433:C:\Program Files (x86)\Cypress\PSoC Creator\4.4\PSoC Creator\1\LWO2.cydsn\Generated_Source\PSoC4\CyLFClk.c ****     *
1434:C:\Program Files (x86)\Cypress\PSoC Creator\4.4\PSoC Creator\1\LWO2.cydsn\Generated_Source\PSoC4\CyLFClk.c ****     * \return A live counter value.  Counter 0 and Counter 1 are 16 bit counters 
1435:C:\Program Files (x86)\Cypress\PSoC Creator\4.4\PSoC Creator\1\LWO2.cydsn\Generated_Source\PSoC4\CyLFClk.c ****     * and counter 2 is a 32 bit counter.
1436:C:\Program Files (x86)\Cypress\PSoC Creator\4.4\PSoC Creator\1\LWO2.cydsn\Generated_Source\PSoC4\CyLFClk.c ****     *
1437:C:\Program Files (x86)\Cypress\PSoC Creator\4.4\PSoC Creator\1\LWO2.cydsn\Generated_Source\PSoC4\CyLFClk.c ****     *******************************************************************************/
1438:C:\Program Files (x86)\Cypress\PSoC Creator\4.4\PSoC Creator\1\LWO2.cydsn\Generated_Source\PSoC4\CyLFClk.c ****     uint32 CySysWdtGetCount(uint32 counterNum)
1439:C:\Program Files (x86)\Cypress\PSoC Creator\4.4\PSoC Creator\1\LWO2.cydsn\Generated_Source\PSoC4\CyLFClk.c ****     {
1440:C:\Program Files (x86)\Cypress\PSoC Creator\4.4\PSoC Creator\1\LWO2.cydsn\Generated_Source\PSoC4\CyLFClk.c ****         uint32 regValue = 0u;
1441:C:\Program Files (x86)\Cypress\PSoC Creator\4.4\PSoC Creator\1\LWO2.cydsn\Generated_Source\PSoC4\CyLFClk.c **** 
1442:C:\Program Files (x86)\Cypress\PSoC Creator\4.4\PSoC Creator\1\LWO2.cydsn\Generated_Source\PSoC4\CyLFClk.c ****         switch(counterNum)
1443:C:\Program Files (x86)\Cypress\PSoC Creator\4.4\PSoC Creator\1\LWO2.cydsn\Generated_Source\PSoC4\CyLFClk.c ****         {
1444:C:\Program Files (x86)\Cypress\PSoC Creator\4.4\PSoC Creator\1\LWO2.cydsn\Generated_Source\PSoC4\CyLFClk.c ****             /* WDT Counter 0 */
1445:C:\Program Files (x86)\Cypress\PSoC Creator\4.4\PSoC Creator\1\LWO2.cydsn\Generated_Source\PSoC4\CyLFClk.c ****             case 0u:
1446:C:\Program Files (x86)\Cypress\PSoC Creator\4.4\PSoC Creator\1\LWO2.cydsn\Generated_Source\PSoC4\CyLFClk.c ****                 regValue = CY_SYS_WDT_CTRLOW_REG & CY_SYS_WDT_LOWER_16BITS_MASK;
1447:C:\Program Files (x86)\Cypress\PSoC Creator\4.4\PSoC Creator\1\LWO2.cydsn\Generated_Source\PSoC4\CyLFClk.c ****             break;
1448:C:\Program Files (x86)\Cypress\PSoC Creator\4.4\PSoC Creator\1\LWO2.cydsn\Generated_Source\PSoC4\CyLFClk.c **** 
1449:C:\Program Files (x86)\Cypress\PSoC Creator\4.4\PSoC Creator\1\LWO2.cydsn\Generated_Source\PSoC4\CyLFClk.c ****             /* WDT Counter 1 */
1450:C:\Program Files (x86)\Cypress\PSoC Creator\4.4\PSoC Creator\1\LWO2.cydsn\Generated_Source\PSoC4\CyLFClk.c ****             case 1u:
1451:C:\Program Files (x86)\Cypress\PSoC Creator\4.4\PSoC Creator\1\LWO2.cydsn\Generated_Source\PSoC4\CyLFClk.c ****                 regValue = (CY_SYS_WDT_CTRLOW_REG >> CY_SYS_WDT_CNT_MATCH_SHIFT) & CY_SYS_WDT_LOWER
1452:C:\Program Files (x86)\Cypress\PSoC Creator\4.4\PSoC Creator\1\LWO2.cydsn\Generated_Source\PSoC4\CyLFClk.c ****             break;
1453:C:\Program Files (x86)\Cypress\PSoC Creator\4.4\PSoC Creator\1\LWO2.cydsn\Generated_Source\PSoC4\CyLFClk.c **** 
ARM GAS  C:\Users\taips\AppData\Local\Temp\cc8A2Ndf.s 			page 38


1454:C:\Program Files (x86)\Cypress\PSoC Creator\4.4\PSoC Creator\1\LWO2.cydsn\Generated_Source\PSoC4\CyLFClk.c ****             /* WDT Counter 2 */
1455:C:\Program Files (x86)\Cypress\PSoC Creator\4.4\PSoC Creator\1\LWO2.cydsn\Generated_Source\PSoC4\CyLFClk.c ****             case 2u:
1456:C:\Program Files (x86)\Cypress\PSoC Creator\4.4\PSoC Creator\1\LWO2.cydsn\Generated_Source\PSoC4\CyLFClk.c ****                 regValue = CY_SYS_WDT_CTRHIGH_REG;
1457:C:\Program Files (x86)\Cypress\PSoC Creator\4.4\PSoC Creator\1\LWO2.cydsn\Generated_Source\PSoC4\CyLFClk.c ****             break;
1458:C:\Program Files (x86)\Cypress\PSoC Creator\4.4\PSoC Creator\1\LWO2.cydsn\Generated_Source\PSoC4\CyLFClk.c **** 
1459:C:\Program Files (x86)\Cypress\PSoC Creator\4.4\PSoC Creator\1\LWO2.cydsn\Generated_Source\PSoC4\CyLFClk.c ****             default:
1460:C:\Program Files (x86)\Cypress\PSoC Creator\4.4\PSoC Creator\1\LWO2.cydsn\Generated_Source\PSoC4\CyLFClk.c ****                 CYASSERT(0u != 0u);
1461:C:\Program Files (x86)\Cypress\PSoC Creator\4.4\PSoC Creator\1\LWO2.cydsn\Generated_Source\PSoC4\CyLFClk.c ****             break;
1462:C:\Program Files (x86)\Cypress\PSoC Creator\4.4\PSoC Creator\1\LWO2.cydsn\Generated_Source\PSoC4\CyLFClk.c ****         }
1463:C:\Program Files (x86)\Cypress\PSoC Creator\4.4\PSoC Creator\1\LWO2.cydsn\Generated_Source\PSoC4\CyLFClk.c **** 
1464:C:\Program Files (x86)\Cypress\PSoC Creator\4.4\PSoC Creator\1\LWO2.cydsn\Generated_Source\PSoC4\CyLFClk.c ****         return (regValue);
1465:C:\Program Files (x86)\Cypress\PSoC Creator\4.4\PSoC Creator\1\LWO2.cydsn\Generated_Source\PSoC4\CyLFClk.c ****     }
1466:C:\Program Files (x86)\Cypress\PSoC Creator\4.4\PSoC Creator\1\LWO2.cydsn\Generated_Source\PSoC4\CyLFClk.c **** 
1467:C:\Program Files (x86)\Cypress\PSoC Creator\4.4\PSoC Creator\1\LWO2.cydsn\Generated_Source\PSoC4\CyLFClk.c **** 
1468:C:\Program Files (x86)\Cypress\PSoC Creator\4.4\PSoC Creator\1\LWO2.cydsn\Generated_Source\PSoC4\CyLFClk.c ****     /*******************************************************************************
1469:C:\Program Files (x86)\Cypress\PSoC Creator\4.4\PSoC Creator\1\LWO2.cydsn\Generated_Source\PSoC4\CyLFClk.c ****     * Function Name: CySysWdtGetInterruptSource
1470:C:\Program Files (x86)\Cypress\PSoC Creator\4.4\PSoC Creator\1\LWO2.cydsn\Generated_Source\PSoC4\CyLFClk.c ****     ****************************************************************************//**
1471:C:\Program Files (x86)\Cypress\PSoC Creator\4.4\PSoC Creator\1\LWO2.cydsn\Generated_Source\PSoC4\CyLFClk.c ****     * \brief
1472:C:\Program Files (x86)\Cypress\PSoC Creator\4.4\PSoC Creator\1\LWO2.cydsn\Generated_Source\PSoC4\CyLFClk.c ****     * Reads a mask containing all the WDT counters interrupts that are currently
1473:C:\Program Files (x86)\Cypress\PSoC Creator\4.4\PSoC Creator\1\LWO2.cydsn\Generated_Source\PSoC4\CyLFClk.c ****     * set by the hardware, if a corresponding mode is selected.
1474:C:\Program Files (x86)\Cypress\PSoC Creator\4.4\PSoC Creator\1\LWO2.cydsn\Generated_Source\PSoC4\CyLFClk.c ****     *
1475:C:\Program Files (x86)\Cypress\PSoC Creator\4.4\PSoC Creator\1\LWO2.cydsn\Generated_Source\PSoC4\CyLFClk.c ****     * \return The mask of interrupts set
1476:C:\Program Files (x86)\Cypress\PSoC Creator\4.4\PSoC Creator\1\LWO2.cydsn\Generated_Source\PSoC4\CyLFClk.c ****     * \return CY_SYS_WDT_COUNTER0_INT - Counter 0
1477:C:\Program Files (x86)\Cypress\PSoC Creator\4.4\PSoC Creator\1\LWO2.cydsn\Generated_Source\PSoC4\CyLFClk.c ****     * \return CY_SYS_WDT_COUNTER1_INT - Counter 1
1478:C:\Program Files (x86)\Cypress\PSoC Creator\4.4\PSoC Creator\1\LWO2.cydsn\Generated_Source\PSoC4\CyLFClk.c ****     * \return CY_SYS_WDT_COUNTER2_INT - Counter 2
1479:C:\Program Files (x86)\Cypress\PSoC Creator\4.4\PSoC Creator\1\LWO2.cydsn\Generated_Source\PSoC4\CyLFClk.c ****     *
1480:C:\Program Files (x86)\Cypress\PSoC Creator\4.4\PSoC Creator\1\LWO2.cydsn\Generated_Source\PSoC4\CyLFClk.c ****     *******************************************************************************/
1481:C:\Program Files (x86)\Cypress\PSoC Creator\4.4\PSoC Creator\1\LWO2.cydsn\Generated_Source\PSoC4\CyLFClk.c ****     uint32 CySysWdtGetInterruptSource(void)
1482:C:\Program Files (x86)\Cypress\PSoC Creator\4.4\PSoC Creator\1\LWO2.cydsn\Generated_Source\PSoC4\CyLFClk.c ****     {
1483:C:\Program Files (x86)\Cypress\PSoC Creator\4.4\PSoC Creator\1\LWO2.cydsn\Generated_Source\PSoC4\CyLFClk.c ****         return (CY_SYS_WDT_CONTROL_REG & (CY_SYS_WDT_COUNTER0_INT | CY_SYS_WDT_COUNTER1_INT | CY_SY
1484:C:\Program Files (x86)\Cypress\PSoC Creator\4.4\PSoC Creator\1\LWO2.cydsn\Generated_Source\PSoC4\CyLFClk.c ****     }
1485:C:\Program Files (x86)\Cypress\PSoC Creator\4.4\PSoC Creator\1\LWO2.cydsn\Generated_Source\PSoC4\CyLFClk.c **** 
1486:C:\Program Files (x86)\Cypress\PSoC Creator\4.4\PSoC Creator\1\LWO2.cydsn\Generated_Source\PSoC4\CyLFClk.c **** 
1487:C:\Program Files (x86)\Cypress\PSoC Creator\4.4\PSoC Creator\1\LWO2.cydsn\Generated_Source\PSoC4\CyLFClk.c ****     /*******************************************************************************
1488:C:\Program Files (x86)\Cypress\PSoC Creator\4.4\PSoC Creator\1\LWO2.cydsn\Generated_Source\PSoC4\CyLFClk.c ****     * Function Name: CySysWdtClearInterrupt
1489:C:\Program Files (x86)\Cypress\PSoC Creator\4.4\PSoC Creator\1\LWO2.cydsn\Generated_Source\PSoC4\CyLFClk.c ****     ****************************************************************************//**
1490:C:\Program Files (x86)\Cypress\PSoC Creator\4.4\PSoC Creator\1\LWO2.cydsn\Generated_Source\PSoC4\CyLFClk.c ****     * \brief
1491:C:\Program Files (x86)\Cypress\PSoC Creator\4.4\PSoC Creator\1\LWO2.cydsn\Generated_Source\PSoC4\CyLFClk.c ****     * Clears all the WDT counter interrupts set in the mask.
1492:C:\Program Files (x86)\Cypress\PSoC Creator\4.4\PSoC Creator\1\LWO2.cydsn\Generated_Source\PSoC4\CyLFClk.c ****     *
1493:C:\Program Files (x86)\Cypress\PSoC Creator\4.4\PSoC Creator\1\LWO2.cydsn\Generated_Source\PSoC4\CyLFClk.c ****     * Calling this function also prevents from Reset when the counter mode is set 
1494:C:\Program Files (x86)\Cypress\PSoC Creator\4.4\PSoC Creator\1\LWO2.cydsn\Generated_Source\PSoC4\CyLFClk.c ****     * to generate 3 interrupts and then the device resets.
1495:C:\Program Files (x86)\Cypress\PSoC Creator\4.4\PSoC Creator\1\LWO2.cydsn\Generated_Source\PSoC4\CyLFClk.c ****     *
1496:C:\Program Files (x86)\Cypress\PSoC Creator\4.4\PSoC Creator\1\LWO2.cydsn\Generated_Source\PSoC4\CyLFClk.c ****     * All the WDT interrupts are to be cleared by the firmware, otherwise
1497:C:\Program Files (x86)\Cypress\PSoC Creator\4.4\PSoC Creator\1\LWO2.cydsn\Generated_Source\PSoC4\CyLFClk.c ****     * interrupts are generated continuously.
1498:C:\Program Files (x86)\Cypress\PSoC Creator\4.4\PSoC Creator\1\LWO2.cydsn\Generated_Source\PSoC4\CyLFClk.c ****     *
1499:C:\Program Files (x86)\Cypress\PSoC Creator\4.4\PSoC Creator\1\LWO2.cydsn\Generated_Source\PSoC4\CyLFClk.c ****     * \param counterMask
1500:C:\Program Files (x86)\Cypress\PSoC Creator\4.4\PSoC Creator\1\LWO2.cydsn\Generated_Source\PSoC4\CyLFClk.c ****     * CY_SYS_WDT_COUNTER0_INT - Clears counter 0 interrupts <br>
1501:C:\Program Files (x86)\Cypress\PSoC Creator\4.4\PSoC Creator\1\LWO2.cydsn\Generated_Source\PSoC4\CyLFClk.c ****     * CY_SYS_WDT_COUNTER1_INT - Clears counter 1 interrupts <br>
1502:C:\Program Files (x86)\Cypress\PSoC Creator\4.4\PSoC Creator\1\LWO2.cydsn\Generated_Source\PSoC4\CyLFClk.c ****     * CY_SYS_WDT_COUNTER2_INT - Clears counter 2 interrupts
1503:C:\Program Files (x86)\Cypress\PSoC Creator\4.4\PSoC Creator\1\LWO2.cydsn\Generated_Source\PSoC4\CyLFClk.c ****     *
1504:C:\Program Files (x86)\Cypress\PSoC Creator\4.4\PSoC Creator\1\LWO2.cydsn\Generated_Source\PSoC4\CyLFClk.c ****     * \details
1505:C:\Program Files (x86)\Cypress\PSoC Creator\4.4\PSoC Creator\1\LWO2.cydsn\Generated_Source\PSoC4\CyLFClk.c ****     * This function temporary removes the watchdog lock, if it was set, and
1506:C:\Program Files (x86)\Cypress\PSoC Creator\4.4\PSoC Creator\1\LWO2.cydsn\Generated_Source\PSoC4\CyLFClk.c ****     * restores the lock state after cleaning the WDT interrupts that are set in
1507:C:\Program Files (x86)\Cypress\PSoC Creator\4.4\PSoC Creator\1\LWO2.cydsn\Generated_Source\PSoC4\CyLFClk.c ****     * a mask.
1508:C:\Program Files (x86)\Cypress\PSoC Creator\4.4\PSoC Creator\1\LWO2.cydsn\Generated_Source\PSoC4\CyLFClk.c ****     *
1509:C:\Program Files (x86)\Cypress\PSoC Creator\4.4\PSoC Creator\1\LWO2.cydsn\Generated_Source\PSoC4\CyLFClk.c ****     *******************************************************************************/
1510:C:\Program Files (x86)\Cypress\PSoC Creator\4.4\PSoC Creator\1\LWO2.cydsn\Generated_Source\PSoC4\CyLFClk.c ****     void CySysWdtClearInterrupt(uint32 counterMask)
ARM GAS  C:\Users\taips\AppData\Local\Temp\cc8A2Ndf.s 			page 39


1511:C:\Program Files (x86)\Cypress\PSoC Creator\4.4\PSoC Creator\1\LWO2.cydsn\Generated_Source\PSoC4\CyLFClk.c ****     {
1512:C:\Program Files (x86)\Cypress\PSoC Creator\4.4\PSoC Creator\1\LWO2.cydsn\Generated_Source\PSoC4\CyLFClk.c ****         uint8 interruptState;
1513:C:\Program Files (x86)\Cypress\PSoC Creator\4.4\PSoC Creator\1\LWO2.cydsn\Generated_Source\PSoC4\CyLFClk.c ****         uint32 wdtLockState;
1514:C:\Program Files (x86)\Cypress\PSoC Creator\4.4\PSoC Creator\1\LWO2.cydsn\Generated_Source\PSoC4\CyLFClk.c **** 
1515:C:\Program Files (x86)\Cypress\PSoC Creator\4.4\PSoC Creator\1\LWO2.cydsn\Generated_Source\PSoC4\CyLFClk.c ****         interruptState = CyEnterCriticalSection();
1516:C:\Program Files (x86)\Cypress\PSoC Creator\4.4\PSoC Creator\1\LWO2.cydsn\Generated_Source\PSoC4\CyLFClk.c **** 
1517:C:\Program Files (x86)\Cypress\PSoC Creator\4.4\PSoC Creator\1\LWO2.cydsn\Generated_Source\PSoC4\CyLFClk.c ****         if (0u != CySysWdtLocked())
1518:C:\Program Files (x86)\Cypress\PSoC Creator\4.4\PSoC Creator\1\LWO2.cydsn\Generated_Source\PSoC4\CyLFClk.c ****         {
1519:C:\Program Files (x86)\Cypress\PSoC Creator\4.4\PSoC Creator\1\LWO2.cydsn\Generated_Source\PSoC4\CyLFClk.c ****             wdtLockState = 1u;
1520:C:\Program Files (x86)\Cypress\PSoC Creator\4.4\PSoC Creator\1\LWO2.cydsn\Generated_Source\PSoC4\CyLFClk.c ****             CySysWdtUnlock();
1521:C:\Program Files (x86)\Cypress\PSoC Creator\4.4\PSoC Creator\1\LWO2.cydsn\Generated_Source\PSoC4\CyLFClk.c ****         }
1522:C:\Program Files (x86)\Cypress\PSoC Creator\4.4\PSoC Creator\1\LWO2.cydsn\Generated_Source\PSoC4\CyLFClk.c ****         else
1523:C:\Program Files (x86)\Cypress\PSoC Creator\4.4\PSoC Creator\1\LWO2.cydsn\Generated_Source\PSoC4\CyLFClk.c ****         {
1524:C:\Program Files (x86)\Cypress\PSoC Creator\4.4\PSoC Creator\1\LWO2.cydsn\Generated_Source\PSoC4\CyLFClk.c ****             wdtLockState = 0u;
1525:C:\Program Files (x86)\Cypress\PSoC Creator\4.4\PSoC Creator\1\LWO2.cydsn\Generated_Source\PSoC4\CyLFClk.c ****         }
1526:C:\Program Files (x86)\Cypress\PSoC Creator\4.4\PSoC Creator\1\LWO2.cydsn\Generated_Source\PSoC4\CyLFClk.c **** 
1527:C:\Program Files (x86)\Cypress\PSoC Creator\4.4\PSoC Creator\1\LWO2.cydsn\Generated_Source\PSoC4\CyLFClk.c ****         /* Set new WDT control register value */
1528:C:\Program Files (x86)\Cypress\PSoC Creator\4.4\PSoC Creator\1\LWO2.cydsn\Generated_Source\PSoC4\CyLFClk.c ****         counterMask &= (CY_SYS_WDT_COUNTER0_INT |
1529:C:\Program Files (x86)\Cypress\PSoC Creator\4.4\PSoC Creator\1\LWO2.cydsn\Generated_Source\PSoC4\CyLFClk.c ****                         CY_SYS_WDT_COUNTER1_INT |
1530:C:\Program Files (x86)\Cypress\PSoC Creator\4.4\PSoC Creator\1\LWO2.cydsn\Generated_Source\PSoC4\CyLFClk.c ****                         CY_SYS_WDT_COUNTER2_INT);
1531:C:\Program Files (x86)\Cypress\PSoC Creator\4.4\PSoC Creator\1\LWO2.cydsn\Generated_Source\PSoC4\CyLFClk.c **** 
1532:C:\Program Files (x86)\Cypress\PSoC Creator\4.4\PSoC Creator\1\LWO2.cydsn\Generated_Source\PSoC4\CyLFClk.c ****         CY_SYS_WDT_CONTROL_REG = counterMask | (CY_SYS_WDT_CONTROL_REG & ~(CY_SYS_WDT_COUNTER0_INT 
1533:C:\Program Files (x86)\Cypress\PSoC Creator\4.4\PSoC Creator\1\LWO2.cydsn\Generated_Source\PSoC4\CyLFClk.c ****                                                                            CY_SYS_WDT_COUNTER1_INT 
1534:C:\Program Files (x86)\Cypress\PSoC Creator\4.4\PSoC Creator\1\LWO2.cydsn\Generated_Source\PSoC4\CyLFClk.c ****                                                                            CY_SYS_WDT_COUNTER2_INT)
1535:C:\Program Files (x86)\Cypress\PSoC Creator\4.4\PSoC Creator\1\LWO2.cydsn\Generated_Source\PSoC4\CyLFClk.c **** 
1536:C:\Program Files (x86)\Cypress\PSoC Creator\4.4\PSoC Creator\1\LWO2.cydsn\Generated_Source\PSoC4\CyLFClk.c ****         /* Read the CY_SYS_WDT_CONTROL_REG to clear the interrupt request.
1537:C:\Program Files (x86)\Cypress\PSoC Creator\4.4\PSoC Creator\1\LWO2.cydsn\Generated_Source\PSoC4\CyLFClk.c ****          * Cypress ID #207093, #206231
1538:C:\Program Files (x86)\Cypress\PSoC Creator\4.4\PSoC Creator\1\LWO2.cydsn\Generated_Source\PSoC4\CyLFClk.c ****         */
1539:C:\Program Files (x86)\Cypress\PSoC Creator\4.4\PSoC Creator\1\LWO2.cydsn\Generated_Source\PSoC4\CyLFClk.c ****         (void)CY_SYS_WDT_CONTROL_REG;
1540:C:\Program Files (x86)\Cypress\PSoC Creator\4.4\PSoC Creator\1\LWO2.cydsn\Generated_Source\PSoC4\CyLFClk.c **** 
1541:C:\Program Files (x86)\Cypress\PSoC Creator\4.4\PSoC Creator\1\LWO2.cydsn\Generated_Source\PSoC4\CyLFClk.c ****         if (1u == wdtLockState)
1542:C:\Program Files (x86)\Cypress\PSoC Creator\4.4\PSoC Creator\1\LWO2.cydsn\Generated_Source\PSoC4\CyLFClk.c ****         {
1543:C:\Program Files (x86)\Cypress\PSoC Creator\4.4\PSoC Creator\1\LWO2.cydsn\Generated_Source\PSoC4\CyLFClk.c ****             CySysWdtLock();
1544:C:\Program Files (x86)\Cypress\PSoC Creator\4.4\PSoC Creator\1\LWO2.cydsn\Generated_Source\PSoC4\CyLFClk.c ****         }
1545:C:\Program Files (x86)\Cypress\PSoC Creator\4.4\PSoC Creator\1\LWO2.cydsn\Generated_Source\PSoC4\CyLFClk.c **** 
1546:C:\Program Files (x86)\Cypress\PSoC Creator\4.4\PSoC Creator\1\LWO2.cydsn\Generated_Source\PSoC4\CyLFClk.c ****         CyExitCriticalSection(interruptState);
1547:C:\Program Files (x86)\Cypress\PSoC Creator\4.4\PSoC Creator\1\LWO2.cydsn\Generated_Source\PSoC4\CyLFClk.c ****     }
1548:C:\Program Files (x86)\Cypress\PSoC Creator\4.4\PSoC Creator\1\LWO2.cydsn\Generated_Source\PSoC4\CyLFClk.c **** 
1549:C:\Program Files (x86)\Cypress\PSoC Creator\4.4\PSoC Creator\1\LWO2.cydsn\Generated_Source\PSoC4\CyLFClk.c **** 
1550:C:\Program Files (x86)\Cypress\PSoC Creator\4.4\PSoC Creator\1\LWO2.cydsn\Generated_Source\PSoC4\CyLFClk.c ****     /*******************************************************************************
1551:C:\Program Files (x86)\Cypress\PSoC Creator\4.4\PSoC Creator\1\LWO2.cydsn\Generated_Source\PSoC4\CyLFClk.c ****     * Function Name: CySysWdtResetCounters
1552:C:\Program Files (x86)\Cypress\PSoC Creator\4.4\PSoC Creator\1\LWO2.cydsn\Generated_Source\PSoC4\CyLFClk.c ****     ****************************************************************************//**
1553:C:\Program Files (x86)\Cypress\PSoC Creator\4.4\PSoC Creator\1\LWO2.cydsn\Generated_Source\PSoC4\CyLFClk.c ****     * \brief
1554:C:\Program Files (x86)\Cypress\PSoC Creator\4.4\PSoC Creator\1\LWO2.cydsn\Generated_Source\PSoC4\CyLFClk.c ****     * Resets all the WDT counters set in the mask.
1555:C:\Program Files (x86)\Cypress\PSoC Creator\4.4\PSoC Creator\1\LWO2.cydsn\Generated_Source\PSoC4\CyLFClk.c ****     *
1556:C:\Program Files (x86)\Cypress\PSoC Creator\4.4\PSoC Creator\1\LWO2.cydsn\Generated_Source\PSoC4\CyLFClk.c ****     * \param countersMask
1557:C:\Program Files (x86)\Cypress\PSoC Creator\4.4\PSoC Creator\1\LWO2.cydsn\Generated_Source\PSoC4\CyLFClk.c ****     * CY_SYS_WDT_COUNTER0_RESET - Reset counter 0 <br>
1558:C:\Program Files (x86)\Cypress\PSoC Creator\4.4\PSoC Creator\1\LWO2.cydsn\Generated_Source\PSoC4\CyLFClk.c ****     * CY_SYS_WDT_COUNTER1_RESET - Reset counter 1 <br>
1559:C:\Program Files (x86)\Cypress\PSoC Creator\4.4\PSoC Creator\1\LWO2.cydsn\Generated_Source\PSoC4\CyLFClk.c ****     * CY_SYS_WDT_COUNTER2_RESET - Reset counter 2
1560:C:\Program Files (x86)\Cypress\PSoC Creator\4.4\PSoC Creator\1\LWO2.cydsn\Generated_Source\PSoC4\CyLFClk.c ****     *
1561:C:\Program Files (x86)\Cypress\PSoC Creator\4.4\PSoC Creator\1\LWO2.cydsn\Generated_Source\PSoC4\CyLFClk.c ****     * \details
1562:C:\Program Files (x86)\Cypress\PSoC Creator\4.4\PSoC Creator\1\LWO2.cydsn\Generated_Source\PSoC4\CyLFClk.c ****     * This function does not reset counter values if the Watchdog is locked.
1563:C:\Program Files (x86)\Cypress\PSoC Creator\4.4\PSoC Creator\1\LWO2.cydsn\Generated_Source\PSoC4\CyLFClk.c ****     * This function waits while corresponding counters will be reset. This may
1564:C:\Program Files (x86)\Cypress\PSoC Creator\4.4\PSoC Creator\1\LWO2.cydsn\Generated_Source\PSoC4\CyLFClk.c ****     * take up to 3 LFCLK cycles.
1565:C:\Program Files (x86)\Cypress\PSoC Creator\4.4\PSoC Creator\1\LWO2.cydsn\Generated_Source\PSoC4\CyLFClk.c ****     * The LFCLK source must be enabled. Otherwise, the function will never exit.
1566:C:\Program Files (x86)\Cypress\PSoC Creator\4.4\PSoC Creator\1\LWO2.cydsn\Generated_Source\PSoC4\CyLFClk.c ****     *
1567:C:\Program Files (x86)\Cypress\PSoC Creator\4.4\PSoC Creator\1\LWO2.cydsn\Generated_Source\PSoC4\CyLFClk.c ****     *******************************************************************************/
ARM GAS  C:\Users\taips\AppData\Local\Temp\cc8A2Ndf.s 			page 40


1568:C:\Program Files (x86)\Cypress\PSoC Creator\4.4\PSoC Creator\1\LWO2.cydsn\Generated_Source\PSoC4\CyLFClk.c ****     void CySysWdtResetCounters(uint32 countersMask)
1569:C:\Program Files (x86)\Cypress\PSoC Creator\4.4\PSoC Creator\1\LWO2.cydsn\Generated_Source\PSoC4\CyLFClk.c ****     {
1570:C:\Program Files (x86)\Cypress\PSoC Creator\4.4\PSoC Creator\1\LWO2.cydsn\Generated_Source\PSoC4\CyLFClk.c ****         /* Set new WDT reset value */
1571:C:\Program Files (x86)\Cypress\PSoC Creator\4.4\PSoC Creator\1\LWO2.cydsn\Generated_Source\PSoC4\CyLFClk.c ****         CY_SYS_WDT_CONTROL_REG |= (countersMask & CY_SYS_WDT_COUNTERS_RESET);
1572:C:\Program Files (x86)\Cypress\PSoC Creator\4.4\PSoC Creator\1\LWO2.cydsn\Generated_Source\PSoC4\CyLFClk.c **** 
1573:C:\Program Files (x86)\Cypress\PSoC Creator\4.4\PSoC Creator\1\LWO2.cydsn\Generated_Source\PSoC4\CyLFClk.c ****         while (0uL != (CY_SYS_WDT_CONTROL_REG & CY_SYS_WDT_COUNTERS_RESET))
1574:C:\Program Files (x86)\Cypress\PSoC Creator\4.4\PSoC Creator\1\LWO2.cydsn\Generated_Source\PSoC4\CyLFClk.c ****         {
1575:C:\Program Files (x86)\Cypress\PSoC Creator\4.4\PSoC Creator\1\LWO2.cydsn\Generated_Source\PSoC4\CyLFClk.c ****             /* Wait for reset to come into effect */
1576:C:\Program Files (x86)\Cypress\PSoC Creator\4.4\PSoC Creator\1\LWO2.cydsn\Generated_Source\PSoC4\CyLFClk.c ****         }
1577:C:\Program Files (x86)\Cypress\PSoC Creator\4.4\PSoC Creator\1\LWO2.cydsn\Generated_Source\PSoC4\CyLFClk.c ****     }
1578:C:\Program Files (x86)\Cypress\PSoC Creator\4.4\PSoC Creator\1\LWO2.cydsn\Generated_Source\PSoC4\CyLFClk.c **** 
1579:C:\Program Files (x86)\Cypress\PSoC Creator\4.4\PSoC Creator\1\LWO2.cydsn\Generated_Source\PSoC4\CyLFClk.c **** 
1580:C:\Program Files (x86)\Cypress\PSoC Creator\4.4\PSoC Creator\1\LWO2.cydsn\Generated_Source\PSoC4\CyLFClk.c ****     /*******************************************************************************
1581:C:\Program Files (x86)\Cypress\PSoC Creator\4.4\PSoC Creator\1\LWO2.cydsn\Generated_Source\PSoC4\CyLFClk.c ****     * Function Name: CySysWdtSetInterruptCallback
1582:C:\Program Files (x86)\Cypress\PSoC Creator\4.4\PSoC Creator\1\LWO2.cydsn\Generated_Source\PSoC4\CyLFClk.c ****     ****************************************************************************//**
1583:C:\Program Files (x86)\Cypress\PSoC Creator\4.4\PSoC Creator\1\LWO2.cydsn\Generated_Source\PSoC4\CyLFClk.c ****     * \brief
1584:C:\Program Files (x86)\Cypress\PSoC Creator\4.4\PSoC Creator\1\LWO2.cydsn\Generated_Source\PSoC4\CyLFClk.c ****     * Sets the ISR callback function for the particular WDT counter.
1585:C:\Program Files (x86)\Cypress\PSoC Creator\4.4\PSoC Creator\1\LWO2.cydsn\Generated_Source\PSoC4\CyLFClk.c ****     * These functions are called on the WDT interrupt.
1586:C:\Program Files (x86)\Cypress\PSoC Creator\4.4\PSoC Creator\1\LWO2.cydsn\Generated_Source\PSoC4\CyLFClk.c ****     *
1587:C:\Program Files (x86)\Cypress\PSoC Creator\4.4\PSoC Creator\1\LWO2.cydsn\Generated_Source\PSoC4\CyLFClk.c ****     * \param counterNum The number of the WDT counter.
1588:C:\Program Files (x86)\Cypress\PSoC Creator\4.4\PSoC Creator\1\LWO2.cydsn\Generated_Source\PSoC4\CyLFClk.c ****     * \param function The pointer to the callback function.
1589:C:\Program Files (x86)\Cypress\PSoC Creator\4.4\PSoC Creator\1\LWO2.cydsn\Generated_Source\PSoC4\CyLFClk.c ****     *
1590:C:\Program Files (x86)\Cypress\PSoC Creator\4.4\PSoC Creator\1\LWO2.cydsn\Generated_Source\PSoC4\CyLFClk.c ****     * \return The pointer to the previous callback function.
1591:C:\Program Files (x86)\Cypress\PSoC Creator\4.4\PSoC Creator\1\LWO2.cydsn\Generated_Source\PSoC4\CyLFClk.c ****     * \return NULL is returned if the specified address is not set.
1592:C:\Program Files (x86)\Cypress\PSoC Creator\4.4\PSoC Creator\1\LWO2.cydsn\Generated_Source\PSoC4\CyLFClk.c ****     *
1593:C:\Program Files (x86)\Cypress\PSoC Creator\4.4\PSoC Creator\1\LWO2.cydsn\Generated_Source\PSoC4\CyLFClk.c ****     *******************************************************************************/
1594:C:\Program Files (x86)\Cypress\PSoC Creator\4.4\PSoC Creator\1\LWO2.cydsn\Generated_Source\PSoC4\CyLFClk.c ****     cyWdtCallback CySysWdtSetInterruptCallback(uint32 counterNum, cyWdtCallback function)
1595:C:\Program Files (x86)\Cypress\PSoC Creator\4.4\PSoC Creator\1\LWO2.cydsn\Generated_Source\PSoC4\CyLFClk.c ****     {
1596:C:\Program Files (x86)\Cypress\PSoC Creator\4.4\PSoC Creator\1\LWO2.cydsn\Generated_Source\PSoC4\CyLFClk.c ****         cyWdtCallback prevCallback = (void *)0;
1597:C:\Program Files (x86)\Cypress\PSoC Creator\4.4\PSoC Creator\1\LWO2.cydsn\Generated_Source\PSoC4\CyLFClk.c **** 
1598:C:\Program Files (x86)\Cypress\PSoC Creator\4.4\PSoC Creator\1\LWO2.cydsn\Generated_Source\PSoC4\CyLFClk.c ****         if(counterNum < CY_WDT_NUM_OF_WDT)
1599:C:\Program Files (x86)\Cypress\PSoC Creator\4.4\PSoC Creator\1\LWO2.cydsn\Generated_Source\PSoC4\CyLFClk.c ****         {
1600:C:\Program Files (x86)\Cypress\PSoC Creator\4.4\PSoC Creator\1\LWO2.cydsn\Generated_Source\PSoC4\CyLFClk.c ****             prevCallback = cySysWdtCallback[counterNum];
1601:C:\Program Files (x86)\Cypress\PSoC Creator\4.4\PSoC Creator\1\LWO2.cydsn\Generated_Source\PSoC4\CyLFClk.c ****             cySysWdtCallback[counterNum] = function;
1602:C:\Program Files (x86)\Cypress\PSoC Creator\4.4\PSoC Creator\1\LWO2.cydsn\Generated_Source\PSoC4\CyLFClk.c ****         }
1603:C:\Program Files (x86)\Cypress\PSoC Creator\4.4\PSoC Creator\1\LWO2.cydsn\Generated_Source\PSoC4\CyLFClk.c ****         else
1604:C:\Program Files (x86)\Cypress\PSoC Creator\4.4\PSoC Creator\1\LWO2.cydsn\Generated_Source\PSoC4\CyLFClk.c ****         {
1605:C:\Program Files (x86)\Cypress\PSoC Creator\4.4\PSoC Creator\1\LWO2.cydsn\Generated_Source\PSoC4\CyLFClk.c ****             CYASSERT(0u != 0u);
1606:C:\Program Files (x86)\Cypress\PSoC Creator\4.4\PSoC Creator\1\LWO2.cydsn\Generated_Source\PSoC4\CyLFClk.c ****         }
1607:C:\Program Files (x86)\Cypress\PSoC Creator\4.4\PSoC Creator\1\LWO2.cydsn\Generated_Source\PSoC4\CyLFClk.c **** 
1608:C:\Program Files (x86)\Cypress\PSoC Creator\4.4\PSoC Creator\1\LWO2.cydsn\Generated_Source\PSoC4\CyLFClk.c ****         return((cyWdtCallback)prevCallback);
1609:C:\Program Files (x86)\Cypress\PSoC Creator\4.4\PSoC Creator\1\LWO2.cydsn\Generated_Source\PSoC4\CyLFClk.c ****     }
1610:C:\Program Files (x86)\Cypress\PSoC Creator\4.4\PSoC Creator\1\LWO2.cydsn\Generated_Source\PSoC4\CyLFClk.c **** 
1611:C:\Program Files (x86)\Cypress\PSoC Creator\4.4\PSoC Creator\1\LWO2.cydsn\Generated_Source\PSoC4\CyLFClk.c **** 
1612:C:\Program Files (x86)\Cypress\PSoC Creator\4.4\PSoC Creator\1\LWO2.cydsn\Generated_Source\PSoC4\CyLFClk.c ****     /*******************************************************************************
1613:C:\Program Files (x86)\Cypress\PSoC Creator\4.4\PSoC Creator\1\LWO2.cydsn\Generated_Source\PSoC4\CyLFClk.c ****     * Function Name: CySysWdtGetInterruptCallback
1614:C:\Program Files (x86)\Cypress\PSoC Creator\4.4\PSoC Creator\1\LWO2.cydsn\Generated_Source\PSoC4\CyLFClk.c ****     ****************************************************************************//**
1615:C:\Program Files (x86)\Cypress\PSoC Creator\4.4\PSoC Creator\1\LWO2.cydsn\Generated_Source\PSoC4\CyLFClk.c ****     * \brief
1616:C:\Program Files (x86)\Cypress\PSoC Creator\4.4\PSoC Creator\1\LWO2.cydsn\Generated_Source\PSoC4\CyLFClk.c ****     * Gets the ISR callback function for the particular WDT counter.
1617:C:\Program Files (x86)\Cypress\PSoC Creator\4.4\PSoC Creator\1\LWO2.cydsn\Generated_Source\PSoC4\CyLFClk.c ****     *
1618:C:\Program Files (x86)\Cypress\PSoC Creator\4.4\PSoC Creator\1\LWO2.cydsn\Generated_Source\PSoC4\CyLFClk.c ****     * \param counterNum The number of the WDT counter.
1619:C:\Program Files (x86)\Cypress\PSoC Creator\4.4\PSoC Creator\1\LWO2.cydsn\Generated_Source\PSoC4\CyLFClk.c ****     *
1620:C:\Program Files (x86)\Cypress\PSoC Creator\4.4\PSoC Creator\1\LWO2.cydsn\Generated_Source\PSoC4\CyLFClk.c ****     * \return The pointer to the callback function registered for a particular WDT by
1621:C:\Program Files (x86)\Cypress\PSoC Creator\4.4\PSoC Creator\1\LWO2.cydsn\Generated_Source\PSoC4\CyLFClk.c ****     * a particular address that are passed through arguments.
1622:C:\Program Files (x86)\Cypress\PSoC Creator\4.4\PSoC Creator\1\LWO2.cydsn\Generated_Source\PSoC4\CyLFClk.c ****     *
1623:C:\Program Files (x86)\Cypress\PSoC Creator\4.4\PSoC Creator\1\LWO2.cydsn\Generated_Source\PSoC4\CyLFClk.c ****     *******************************************************************************/
1624:C:\Program Files (x86)\Cypress\PSoC Creator\4.4\PSoC Creator\1\LWO2.cydsn\Generated_Source\PSoC4\CyLFClk.c ****     cyWdtCallback CySysWdtGetInterruptCallback(uint32 counterNum)
ARM GAS  C:\Users\taips\AppData\Local\Temp\cc8A2Ndf.s 			page 41


1625:C:\Program Files (x86)\Cypress\PSoC Creator\4.4\PSoC Creator\1\LWO2.cydsn\Generated_Source\PSoC4\CyLFClk.c ****     {
1626:C:\Program Files (x86)\Cypress\PSoC Creator\4.4\PSoC Creator\1\LWO2.cydsn\Generated_Source\PSoC4\CyLFClk.c ****         cyWdtCallback retCallback = (void *)0;
1627:C:\Program Files (x86)\Cypress\PSoC Creator\4.4\PSoC Creator\1\LWO2.cydsn\Generated_Source\PSoC4\CyLFClk.c **** 
1628:C:\Program Files (x86)\Cypress\PSoC Creator\4.4\PSoC Creator\1\LWO2.cydsn\Generated_Source\PSoC4\CyLFClk.c ****         if(counterNum < CY_WDT_NUM_OF_WDT)
1629:C:\Program Files (x86)\Cypress\PSoC Creator\4.4\PSoC Creator\1\LWO2.cydsn\Generated_Source\PSoC4\CyLFClk.c ****         {
1630:C:\Program Files (x86)\Cypress\PSoC Creator\4.4\PSoC Creator\1\LWO2.cydsn\Generated_Source\PSoC4\CyLFClk.c ****             retCallback = (cyWdtCallback)cySysWdtCallback[counterNum];
1631:C:\Program Files (x86)\Cypress\PSoC Creator\4.4\PSoC Creator\1\LWO2.cydsn\Generated_Source\PSoC4\CyLFClk.c ****         }
1632:C:\Program Files (x86)\Cypress\PSoC Creator\4.4\PSoC Creator\1\LWO2.cydsn\Generated_Source\PSoC4\CyLFClk.c ****         else
1633:C:\Program Files (x86)\Cypress\PSoC Creator\4.4\PSoC Creator\1\LWO2.cydsn\Generated_Source\PSoC4\CyLFClk.c ****         {
1634:C:\Program Files (x86)\Cypress\PSoC Creator\4.4\PSoC Creator\1\LWO2.cydsn\Generated_Source\PSoC4\CyLFClk.c ****             CYASSERT(0u != 0u);
1635:C:\Program Files (x86)\Cypress\PSoC Creator\4.4\PSoC Creator\1\LWO2.cydsn\Generated_Source\PSoC4\CyLFClk.c ****         }
1636:C:\Program Files (x86)\Cypress\PSoC Creator\4.4\PSoC Creator\1\LWO2.cydsn\Generated_Source\PSoC4\CyLFClk.c **** 
1637:C:\Program Files (x86)\Cypress\PSoC Creator\4.4\PSoC Creator\1\LWO2.cydsn\Generated_Source\PSoC4\CyLFClk.c ****         return(retCallback);
1638:C:\Program Files (x86)\Cypress\PSoC Creator\4.4\PSoC Creator\1\LWO2.cydsn\Generated_Source\PSoC4\CyLFClk.c ****     }
1639:C:\Program Files (x86)\Cypress\PSoC Creator\4.4\PSoC Creator\1\LWO2.cydsn\Generated_Source\PSoC4\CyLFClk.c **** 
1640:C:\Program Files (x86)\Cypress\PSoC Creator\4.4\PSoC Creator\1\LWO2.cydsn\Generated_Source\PSoC4\CyLFClk.c **** 
1641:C:\Program Files (x86)\Cypress\PSoC Creator\4.4\PSoC Creator\1\LWO2.cydsn\Generated_Source\PSoC4\CyLFClk.c ****     /*******************************************************************************
1642:C:\Program Files (x86)\Cypress\PSoC Creator\4.4\PSoC Creator\1\LWO2.cydsn\Generated_Source\PSoC4\CyLFClk.c ****     * Function Name: CySysWdtEnableCounterIsr
1643:C:\Program Files (x86)\Cypress\PSoC Creator\4.4\PSoC Creator\1\LWO2.cydsn\Generated_Source\PSoC4\CyLFClk.c ****     ****************************************************************************//**
1644:C:\Program Files (x86)\Cypress\PSoC Creator\4.4\PSoC Creator\1\LWO2.cydsn\Generated_Source\PSoC4\CyLFClk.c ****     * \brief
1645:C:\Program Files (x86)\Cypress\PSoC Creator\4.4\PSoC Creator\1\LWO2.cydsn\Generated_Source\PSoC4\CyLFClk.c ****     * Enables the ISR callback servicing for the particular WDT counter
1646:C:\Program Files (x86)\Cypress\PSoC Creator\4.4\PSoC Creator\1\LWO2.cydsn\Generated_Source\PSoC4\CyLFClk.c ****     *
1647:C:\Program Files (x86)\Cypress\PSoC Creator\4.4\PSoC Creator\1\LWO2.cydsn\Generated_Source\PSoC4\CyLFClk.c ****     * \param counterNum Valid range [0-2]. The number of the WDT counter.
1648:C:\Program Files (x86)\Cypress\PSoC Creator\4.4\PSoC Creator\1\LWO2.cydsn\Generated_Source\PSoC4\CyLFClk.c ****     *
1649:C:\Program Files (x86)\Cypress\PSoC Creator\4.4\PSoC Creator\1\LWO2.cydsn\Generated_Source\PSoC4\CyLFClk.c ****     * Value corresponds to appropriate WDT counter. For example value 1 
1650:C:\Program Files (x86)\Cypress\PSoC Creator\4.4\PSoC Creator\1\LWO2.cydsn\Generated_Source\PSoC4\CyLFClk.c ****     * corresponds to second WDT counter.
1651:C:\Program Files (x86)\Cypress\PSoC Creator\4.4\PSoC Creator\1\LWO2.cydsn\Generated_Source\PSoC4\CyLFClk.c ****     *
1652:C:\Program Files (x86)\Cypress\PSoC Creator\4.4\PSoC Creator\1\LWO2.cydsn\Generated_Source\PSoC4\CyLFClk.c ****     *******************************************************************************/
1653:C:\Program Files (x86)\Cypress\PSoC Creator\4.4\PSoC Creator\1\LWO2.cydsn\Generated_Source\PSoC4\CyLFClk.c ****     void CySysWdtEnableCounterIsr(uint32 counterNum)
1654:C:\Program Files (x86)\Cypress\PSoC Creator\4.4\PSoC Creator\1\LWO2.cydsn\Generated_Source\PSoC4\CyLFClk.c ****     {
1655:C:\Program Files (x86)\Cypress\PSoC Creator\4.4\PSoC Creator\1\LWO2.cydsn\Generated_Source\PSoC4\CyLFClk.c ****         if(counterNum <= CY_SYS_WDT_COUNTER2)
1656:C:\Program Files (x86)\Cypress\PSoC Creator\4.4\PSoC Creator\1\LWO2.cydsn\Generated_Source\PSoC4\CyLFClk.c ****         {
1657:C:\Program Files (x86)\Cypress\PSoC Creator\4.4\PSoC Creator\1\LWO2.cydsn\Generated_Source\PSoC4\CyLFClk.c ****             disableServicedIsr &= ~counterIntMaskTbl[counterNum];
1658:C:\Program Files (x86)\Cypress\PSoC Creator\4.4\PSoC Creator\1\LWO2.cydsn\Generated_Source\PSoC4\CyLFClk.c ****             wdtIsrMask |= counterIntMaskTbl[counterNum];
1659:C:\Program Files (x86)\Cypress\PSoC Creator\4.4\PSoC Creator\1\LWO2.cydsn\Generated_Source\PSoC4\CyLFClk.c ****         }
1660:C:\Program Files (x86)\Cypress\PSoC Creator\4.4\PSoC Creator\1\LWO2.cydsn\Generated_Source\PSoC4\CyLFClk.c ****         else
1661:C:\Program Files (x86)\Cypress\PSoC Creator\4.4\PSoC Creator\1\LWO2.cydsn\Generated_Source\PSoC4\CyLFClk.c ****         {
1662:C:\Program Files (x86)\Cypress\PSoC Creator\4.4\PSoC Creator\1\LWO2.cydsn\Generated_Source\PSoC4\CyLFClk.c ****             CYASSERT(0u != 0u);
1663:C:\Program Files (x86)\Cypress\PSoC Creator\4.4\PSoC Creator\1\LWO2.cydsn\Generated_Source\PSoC4\CyLFClk.c ****         }
1664:C:\Program Files (x86)\Cypress\PSoC Creator\4.4\PSoC Creator\1\LWO2.cydsn\Generated_Source\PSoC4\CyLFClk.c ****     }
1665:C:\Program Files (x86)\Cypress\PSoC Creator\4.4\PSoC Creator\1\LWO2.cydsn\Generated_Source\PSoC4\CyLFClk.c **** 
1666:C:\Program Files (x86)\Cypress\PSoC Creator\4.4\PSoC Creator\1\LWO2.cydsn\Generated_Source\PSoC4\CyLFClk.c **** 
1667:C:\Program Files (x86)\Cypress\PSoC Creator\4.4\PSoC Creator\1\LWO2.cydsn\Generated_Source\PSoC4\CyLFClk.c ****     /*******************************************************************************
1668:C:\Program Files (x86)\Cypress\PSoC Creator\4.4\PSoC Creator\1\LWO2.cydsn\Generated_Source\PSoC4\CyLFClk.c ****     * Function Name: CySysWdtDisableCounterIsr
1669:C:\Program Files (x86)\Cypress\PSoC Creator\4.4\PSoC Creator\1\LWO2.cydsn\Generated_Source\PSoC4\CyLFClk.c ****     ****************************************************************************//**
1670:C:\Program Files (x86)\Cypress\PSoC Creator\4.4\PSoC Creator\1\LWO2.cydsn\Generated_Source\PSoC4\CyLFClk.c ****     * \brief
1671:C:\Program Files (x86)\Cypress\PSoC Creator\4.4\PSoC Creator\1\LWO2.cydsn\Generated_Source\PSoC4\CyLFClk.c ****     * Disables the ISR callback servicing for the particular WDT counter
1672:C:\Program Files (x86)\Cypress\PSoC Creator\4.4\PSoC Creator\1\LWO2.cydsn\Generated_Source\PSoC4\CyLFClk.c ****     *
1673:C:\Program Files (x86)\Cypress\PSoC Creator\4.4\PSoC Creator\1\LWO2.cydsn\Generated_Source\PSoC4\CyLFClk.c ****     * \param counterNum Valid range [0-2]. The number of the WDT counter.
1674:C:\Program Files (x86)\Cypress\PSoC Creator\4.4\PSoC Creator\1\LWO2.cydsn\Generated_Source\PSoC4\CyLFClk.c ****     *
1675:C:\Program Files (x86)\Cypress\PSoC Creator\4.4\PSoC Creator\1\LWO2.cydsn\Generated_Source\PSoC4\CyLFClk.c ****     *******************************************************************************/
1676:C:\Program Files (x86)\Cypress\PSoC Creator\4.4\PSoC Creator\1\LWO2.cydsn\Generated_Source\PSoC4\CyLFClk.c ****     void CySysWdtDisableCounterIsr(uint32 counterNum)
1677:C:\Program Files (x86)\Cypress\PSoC Creator\4.4\PSoC Creator\1\LWO2.cydsn\Generated_Source\PSoC4\CyLFClk.c ****     {
1678:C:\Program Files (x86)\Cypress\PSoC Creator\4.4\PSoC Creator\1\LWO2.cydsn\Generated_Source\PSoC4\CyLFClk.c ****         if(counterNum <= CY_SYS_WDT_COUNTER2)
1679:C:\Program Files (x86)\Cypress\PSoC Creator\4.4\PSoC Creator\1\LWO2.cydsn\Generated_Source\PSoC4\CyLFClk.c ****         {
1680:C:\Program Files (x86)\Cypress\PSoC Creator\4.4\PSoC Creator\1\LWO2.cydsn\Generated_Source\PSoC4\CyLFClk.c ****             wdtIsrMask &= ~counterIntMaskTbl[counterNum];
1681:C:\Program Files (x86)\Cypress\PSoC Creator\4.4\PSoC Creator\1\LWO2.cydsn\Generated_Source\PSoC4\CyLFClk.c ****         }
ARM GAS  C:\Users\taips\AppData\Local\Temp\cc8A2Ndf.s 			page 42


1682:C:\Program Files (x86)\Cypress\PSoC Creator\4.4\PSoC Creator\1\LWO2.cydsn\Generated_Source\PSoC4\CyLFClk.c ****         else
1683:C:\Program Files (x86)\Cypress\PSoC Creator\4.4\PSoC Creator\1\LWO2.cydsn\Generated_Source\PSoC4\CyLFClk.c ****         {
1684:C:\Program Files (x86)\Cypress\PSoC Creator\4.4\PSoC Creator\1\LWO2.cydsn\Generated_Source\PSoC4\CyLFClk.c ****             CYASSERT(0u != 0u);
1685:C:\Program Files (x86)\Cypress\PSoC Creator\4.4\PSoC Creator\1\LWO2.cydsn\Generated_Source\PSoC4\CyLFClk.c ****         }
1686:C:\Program Files (x86)\Cypress\PSoC Creator\4.4\PSoC Creator\1\LWO2.cydsn\Generated_Source\PSoC4\CyLFClk.c ****     }
1687:C:\Program Files (x86)\Cypress\PSoC Creator\4.4\PSoC Creator\1\LWO2.cydsn\Generated_Source\PSoC4\CyLFClk.c **** 
1688:C:\Program Files (x86)\Cypress\PSoC Creator\4.4\PSoC Creator\1\LWO2.cydsn\Generated_Source\PSoC4\CyLFClk.c **** 
1689:C:\Program Files (x86)\Cypress\PSoC Creator\4.4\PSoC Creator\1\LWO2.cydsn\Generated_Source\PSoC4\CyLFClk.c ****     /*******************************************************************************
1690:C:\Program Files (x86)\Cypress\PSoC Creator\4.4\PSoC Creator\1\LWO2.cydsn\Generated_Source\PSoC4\CyLFClk.c ****     * Function Name: CySysWdtIsr
1691:C:\Program Files (x86)\Cypress\PSoC Creator\4.4\PSoC Creator\1\LWO2.cydsn\Generated_Source\PSoC4\CyLFClk.c ****     ****************************************************************************//**
1692:C:\Program Files (x86)\Cypress\PSoC Creator\4.4\PSoC Creator\1\LWO2.cydsn\Generated_Source\PSoC4\CyLFClk.c ****     * \brief
1693:C:\Program Files (x86)\Cypress\PSoC Creator\4.4\PSoC Creator\1\LWO2.cydsn\Generated_Source\PSoC4\CyLFClk.c ****     * This is the handler of the WDT interrupt in CPU NVIC.
1694:C:\Program Files (x86)\Cypress\PSoC Creator\4.4\PSoC Creator\1\LWO2.cydsn\Generated_Source\PSoC4\CyLFClk.c ****     *
1695:C:\Program Files (x86)\Cypress\PSoC Creator\4.4\PSoC Creator\1\LWO2.cydsn\Generated_Source\PSoC4\CyLFClk.c ****     * The handler checks which WDT triggered in the interrupt and calls the 
1696:C:\Program Files (x86)\Cypress\PSoC Creator\4.4\PSoC Creator\1\LWO2.cydsn\Generated_Source\PSoC4\CyLFClk.c ****     * respective callback functions configured by the user by using 
1697:C:\Program Files (x86)\Cypress\PSoC Creator\4.4\PSoC Creator\1\LWO2.cydsn\Generated_Source\PSoC4\CyLFClk.c ****     * CySysWdtSetIsrCallback() API.
1698:C:\Program Files (x86)\Cypress\PSoC Creator\4.4\PSoC Creator\1\LWO2.cydsn\Generated_Source\PSoC4\CyLFClk.c ****     *
1699:C:\Program Files (x86)\Cypress\PSoC Creator\4.4\PSoC Creator\1\LWO2.cydsn\Generated_Source\PSoC4\CyLFClk.c ****     * The order of the callback execution is incremental. Callback-0 is
1700:C:\Program Files (x86)\Cypress\PSoC Creator\4.4\PSoC Creator\1\LWO2.cydsn\Generated_Source\PSoC4\CyLFClk.c ****     * run as the first one and callback-2 is called as the last one.
1701:C:\Program Files (x86)\Cypress\PSoC Creator\4.4\PSoC Creator\1\LWO2.cydsn\Generated_Source\PSoC4\CyLFClk.c ****     *
1702:C:\Program Files (x86)\Cypress\PSoC Creator\4.4\PSoC Creator\1\LWO2.cydsn\Generated_Source\PSoC4\CyLFClk.c ****     * \details
1703:C:\Program Files (x86)\Cypress\PSoC Creator\4.4\PSoC Creator\1\LWO2.cydsn\Generated_Source\PSoC4\CyLFClk.c ****     * This function clears the WDT interrupt every time when it is called.
1704:C:\Program Files (x86)\Cypress\PSoC Creator\4.4\PSoC Creator\1\LWO2.cydsn\Generated_Source\PSoC4\CyLFClk.c ****     * Reset after the 3rd interrupt does not happen if this function is registered
1705:C:\Program Files (x86)\Cypress\PSoC Creator\4.4\PSoC Creator\1\LWO2.cydsn\Generated_Source\PSoC4\CyLFClk.c ****     * as the interrupt handler even if the "Watchdog with Interrupt" mode is
1706:C:\Program Files (x86)\Cypress\PSoC Creator\4.4\PSoC Creator\1\LWO2.cydsn\Generated_Source\PSoC4\CyLFClk.c ****     * selected on the "Low Frequency Clocks" tab.
1707:C:\Program Files (x86)\Cypress\PSoC Creator\4.4\PSoC Creator\1\LWO2.cydsn\Generated_Source\PSoC4\CyLFClk.c ****     *
1708:C:\Program Files (x86)\Cypress\PSoC Creator\4.4\PSoC Creator\1\LWO2.cydsn\Generated_Source\PSoC4\CyLFClk.c ****     *******************************************************************************/
1709:C:\Program Files (x86)\Cypress\PSoC Creator\4.4\PSoC Creator\1\LWO2.cydsn\Generated_Source\PSoC4\CyLFClk.c ****     void CySysWdtIsr(void)
1710:C:\Program Files (x86)\Cypress\PSoC Creator\4.4\PSoC Creator\1\LWO2.cydsn\Generated_Source\PSoC4\CyLFClk.c ****     {
1711:C:\Program Files (x86)\Cypress\PSoC Creator\4.4\PSoC Creator\1\LWO2.cydsn\Generated_Source\PSoC4\CyLFClk.c ****         if(0u != (CY_SYS_WDT_COUNTER0_INT & CY_SYS_WDT_CONTROL_REG))
1712:C:\Program Files (x86)\Cypress\PSoC Creator\4.4\PSoC Creator\1\LWO2.cydsn\Generated_Source\PSoC4\CyLFClk.c ****         {
1713:C:\Program Files (x86)\Cypress\PSoC Creator\4.4\PSoC Creator\1\LWO2.cydsn\Generated_Source\PSoC4\CyLFClk.c ****             if(0u != (CY_SYS_WDT_COUNTER0_INT & wdtIsrMask))
1714:C:\Program Files (x86)\Cypress\PSoC Creator\4.4\PSoC Creator\1\LWO2.cydsn\Generated_Source\PSoC4\CyLFClk.c ****             {
1715:C:\Program Files (x86)\Cypress\PSoC Creator\4.4\PSoC Creator\1\LWO2.cydsn\Generated_Source\PSoC4\CyLFClk.c ****                 wdtIsrMask &= ~(disableServicedIsr & CY_SYS_WDT_COUNTER0_INT);
1716:C:\Program Files (x86)\Cypress\PSoC Creator\4.4\PSoC Creator\1\LWO2.cydsn\Generated_Source\PSoC4\CyLFClk.c ****                 disableServicedIsr  &= ~CY_SYS_WDT_COUNTER0_INT;
1717:C:\Program Files (x86)\Cypress\PSoC Creator\4.4\PSoC Creator\1\LWO2.cydsn\Generated_Source\PSoC4\CyLFClk.c ****                 if(cySysWdtCallback[CY_SYS_WDT_COUNTER0] != (void *) 0)
1718:C:\Program Files (x86)\Cypress\PSoC Creator\4.4\PSoC Creator\1\LWO2.cydsn\Generated_Source\PSoC4\CyLFClk.c ****                 {
1719:C:\Program Files (x86)\Cypress\PSoC Creator\4.4\PSoC Creator\1\LWO2.cydsn\Generated_Source\PSoC4\CyLFClk.c ****                     (void)(cySysWdtCallback[CY_SYS_WDT_COUNTER0])();
1720:C:\Program Files (x86)\Cypress\PSoC Creator\4.4\PSoC Creator\1\LWO2.cydsn\Generated_Source\PSoC4\CyLFClk.c ****                 }
1721:C:\Program Files (x86)\Cypress\PSoC Creator\4.4\PSoC Creator\1\LWO2.cydsn\Generated_Source\PSoC4\CyLFClk.c ****             }
1722:C:\Program Files (x86)\Cypress\PSoC Creator\4.4\PSoC Creator\1\LWO2.cydsn\Generated_Source\PSoC4\CyLFClk.c ****             CySysWdtClearInterrupt(CY_SYS_WDT_COUNTER0_INT);
1723:C:\Program Files (x86)\Cypress\PSoC Creator\4.4\PSoC Creator\1\LWO2.cydsn\Generated_Source\PSoC4\CyLFClk.c ****         }
1724:C:\Program Files (x86)\Cypress\PSoC Creator\4.4\PSoC Creator\1\LWO2.cydsn\Generated_Source\PSoC4\CyLFClk.c **** 
1725:C:\Program Files (x86)\Cypress\PSoC Creator\4.4\PSoC Creator\1\LWO2.cydsn\Generated_Source\PSoC4\CyLFClk.c ****         if(0u != (CY_SYS_WDT_COUNTER1_INT & CY_SYS_WDT_CONTROL_REG))
1726:C:\Program Files (x86)\Cypress\PSoC Creator\4.4\PSoC Creator\1\LWO2.cydsn\Generated_Source\PSoC4\CyLFClk.c ****         {
1727:C:\Program Files (x86)\Cypress\PSoC Creator\4.4\PSoC Creator\1\LWO2.cydsn\Generated_Source\PSoC4\CyLFClk.c ****             if(0u != (CY_SYS_WDT_COUNTER1_INT & wdtIsrMask))
1728:C:\Program Files (x86)\Cypress\PSoC Creator\4.4\PSoC Creator\1\LWO2.cydsn\Generated_Source\PSoC4\CyLFClk.c ****             {
1729:C:\Program Files (x86)\Cypress\PSoC Creator\4.4\PSoC Creator\1\LWO2.cydsn\Generated_Source\PSoC4\CyLFClk.c ****                 wdtIsrMask &= ~(disableServicedIsr & CY_SYS_WDT_COUNTER1_INT);
1730:C:\Program Files (x86)\Cypress\PSoC Creator\4.4\PSoC Creator\1\LWO2.cydsn\Generated_Source\PSoC4\CyLFClk.c ****                 disableServicedIsr  &= ~CY_SYS_WDT_COUNTER1_INT;
1731:C:\Program Files (x86)\Cypress\PSoC Creator\4.4\PSoC Creator\1\LWO2.cydsn\Generated_Source\PSoC4\CyLFClk.c ****                 if(cySysWdtCallback[CY_SYS_WDT_COUNTER1] != (void *) 0)
1732:C:\Program Files (x86)\Cypress\PSoC Creator\4.4\PSoC Creator\1\LWO2.cydsn\Generated_Source\PSoC4\CyLFClk.c ****                 {
1733:C:\Program Files (x86)\Cypress\PSoC Creator\4.4\PSoC Creator\1\LWO2.cydsn\Generated_Source\PSoC4\CyLFClk.c ****                     (void)(cySysWdtCallback[CY_SYS_WDT_COUNTER1])();
1734:C:\Program Files (x86)\Cypress\PSoC Creator\4.4\PSoC Creator\1\LWO2.cydsn\Generated_Source\PSoC4\CyLFClk.c ****                 }
1735:C:\Program Files (x86)\Cypress\PSoC Creator\4.4\PSoC Creator\1\LWO2.cydsn\Generated_Source\PSoC4\CyLFClk.c ****             }
1736:C:\Program Files (x86)\Cypress\PSoC Creator\4.4\PSoC Creator\1\LWO2.cydsn\Generated_Source\PSoC4\CyLFClk.c ****             CySysWdtClearInterrupt(CY_SYS_WDT_COUNTER1_INT);
1737:C:\Program Files (x86)\Cypress\PSoC Creator\4.4\PSoC Creator\1\LWO2.cydsn\Generated_Source\PSoC4\CyLFClk.c ****         }
1738:C:\Program Files (x86)\Cypress\PSoC Creator\4.4\PSoC Creator\1\LWO2.cydsn\Generated_Source\PSoC4\CyLFClk.c **** 
ARM GAS  C:\Users\taips\AppData\Local\Temp\cc8A2Ndf.s 			page 43


1739:C:\Program Files (x86)\Cypress\PSoC Creator\4.4\PSoC Creator\1\LWO2.cydsn\Generated_Source\PSoC4\CyLFClk.c ****         if(0u != (CY_SYS_WDT_COUNTER2_INT & CY_SYS_WDT_CONTROL_REG))
1740:C:\Program Files (x86)\Cypress\PSoC Creator\4.4\PSoC Creator\1\LWO2.cydsn\Generated_Source\PSoC4\CyLFClk.c ****         {
1741:C:\Program Files (x86)\Cypress\PSoC Creator\4.4\PSoC Creator\1\LWO2.cydsn\Generated_Source\PSoC4\CyLFClk.c ****             if(0u != (CY_SYS_WDT_COUNTER2_INT & wdtIsrMask))
1742:C:\Program Files (x86)\Cypress\PSoC Creator\4.4\PSoC Creator\1\LWO2.cydsn\Generated_Source\PSoC4\CyLFClk.c ****             {
1743:C:\Program Files (x86)\Cypress\PSoC Creator\4.4\PSoC Creator\1\LWO2.cydsn\Generated_Source\PSoC4\CyLFClk.c ****                 if(cySysWdtCallback[CY_SYS_WDT_COUNTER2] != (void *) 0)
1744:C:\Program Files (x86)\Cypress\PSoC Creator\4.4\PSoC Creator\1\LWO2.cydsn\Generated_Source\PSoC4\CyLFClk.c ****                 {
1745:C:\Program Files (x86)\Cypress\PSoC Creator\4.4\PSoC Creator\1\LWO2.cydsn\Generated_Source\PSoC4\CyLFClk.c ****                     (void)(cySysWdtCallback[CY_SYS_WDT_COUNTER2])();
1746:C:\Program Files (x86)\Cypress\PSoC Creator\4.4\PSoC Creator\1\LWO2.cydsn\Generated_Source\PSoC4\CyLFClk.c ****                 }
1747:C:\Program Files (x86)\Cypress\PSoC Creator\4.4\PSoC Creator\1\LWO2.cydsn\Generated_Source\PSoC4\CyLFClk.c ****             }
1748:C:\Program Files (x86)\Cypress\PSoC Creator\4.4\PSoC Creator\1\LWO2.cydsn\Generated_Source\PSoC4\CyLFClk.c ****             CySysWdtClearInterrupt(CY_SYS_WDT_COUNTER2_INT);
1749:C:\Program Files (x86)\Cypress\PSoC Creator\4.4\PSoC Creator\1\LWO2.cydsn\Generated_Source\PSoC4\CyLFClk.c ****         }
1750:C:\Program Files (x86)\Cypress\PSoC Creator\4.4\PSoC Creator\1\LWO2.cydsn\Generated_Source\PSoC4\CyLFClk.c ****     }
1751:C:\Program Files (x86)\Cypress\PSoC Creator\4.4\PSoC Creator\1\LWO2.cydsn\Generated_Source\PSoC4\CyLFClk.c **** 
1752:C:\Program Files (x86)\Cypress\PSoC Creator\4.4\PSoC Creator\1\LWO2.cydsn\Generated_Source\PSoC4\CyLFClk.c **** 
1753:C:\Program Files (x86)\Cypress\PSoC Creator\4.4\PSoC Creator\1\LWO2.cydsn\Generated_Source\PSoC4\CyLFClk.c ****     /*******************************************************************************
1754:C:\Program Files (x86)\Cypress\PSoC Creator\4.4\PSoC Creator\1\LWO2.cydsn\Generated_Source\PSoC4\CyLFClk.c ****     * Function Name: CySysWatchdogFeed
1755:C:\Program Files (x86)\Cypress\PSoC Creator\4.4\PSoC Creator\1\LWO2.cydsn\Generated_Source\PSoC4\CyLFClk.c ****     ****************************************************************************//**
1756:C:\Program Files (x86)\Cypress\PSoC Creator\4.4\PSoC Creator\1\LWO2.cydsn\Generated_Source\PSoC4\CyLFClk.c ****     * \brief
1757:C:\Program Files (x86)\Cypress\PSoC Creator\4.4\PSoC Creator\1\LWO2.cydsn\Generated_Source\PSoC4\CyLFClk.c ****     * Feeds the corresponded Watchdog Counter before it causes the device reset.
1758:C:\Program Files (x86)\Cypress\PSoC Creator\4.4\PSoC Creator\1\LWO2.cydsn\Generated_Source\PSoC4\CyLFClk.c ****     *
1759:C:\Program Files (x86)\Cypress\PSoC Creator\4.4\PSoC Creator\1\LWO2.cydsn\Generated_Source\PSoC4\CyLFClk.c ****     * Supported only for first WDT0 and second WDT1 counters in the "Watchdog" or 
1760:C:\Program Files (x86)\Cypress\PSoC Creator\4.4\PSoC Creator\1\LWO2.cydsn\Generated_Source\PSoC4\CyLFClk.c ****     * "Watchdog w/ Interrupts" modes.
1761:C:\Program Files (x86)\Cypress\PSoC Creator\4.4\PSoC Creator\1\LWO2.cydsn\Generated_Source\PSoC4\CyLFClk.c ****     *
1762:C:\Program Files (x86)\Cypress\PSoC Creator\4.4\PSoC Creator\1\LWO2.cydsn\Generated_Source\PSoC4\CyLFClk.c ****     * \param counterNum
1763:C:\Program Files (x86)\Cypress\PSoC Creator\4.4\PSoC Creator\1\LWO2.cydsn\Generated_Source\PSoC4\CyLFClk.c ****     * CY_SYS_WDT_COUNTER0 - Feeds the Counter 0 <br>
1764:C:\Program Files (x86)\Cypress\PSoC Creator\4.4\PSoC Creator\1\LWO2.cydsn\Generated_Source\PSoC4\CyLFClk.c ****     * CY_SYS_WDT_COUNTER1 - Feeds the Counter 1
1765:C:\Program Files (x86)\Cypress\PSoC Creator\4.4\PSoC Creator\1\LWO2.cydsn\Generated_Source\PSoC4\CyLFClk.c ****     *
1766:C:\Program Files (x86)\Cypress\PSoC Creator\4.4\PSoC Creator\1\LWO2.cydsn\Generated_Source\PSoC4\CyLFClk.c ****     * Value of counterNum corresponds to appropriate counter. For example value 1 
1767:C:\Program Files (x86)\Cypress\PSoC Creator\4.4\PSoC Creator\1\LWO2.cydsn\Generated_Source\PSoC4\CyLFClk.c ****     * corresponds to second WDT1 Counter.
1768:C:\Program Files (x86)\Cypress\PSoC Creator\4.4\PSoC Creator\1\LWO2.cydsn\Generated_Source\PSoC4\CyLFClk.c ****     *
1769:C:\Program Files (x86)\Cypress\PSoC Creator\4.4\PSoC Creator\1\LWO2.cydsn\Generated_Source\PSoC4\CyLFClk.c ****     * \details
1770:C:\Program Files (x86)\Cypress\PSoC Creator\4.4\PSoC Creator\1\LWO2.cydsn\Generated_Source\PSoC4\CyLFClk.c ****     * Clears the WDT counter in the "Watchdog" mode or clears the WDT interrupt in
1771:C:\Program Files (x86)\Cypress\PSoC Creator\4.4\PSoC Creator\1\LWO2.cydsn\Generated_Source\PSoC4\CyLFClk.c ****     * "Watchdog w/ Interrupts" mode. Does nothing in other modes.
1772:C:\Program Files (x86)\Cypress\PSoC Creator\4.4\PSoC Creator\1\LWO2.cydsn\Generated_Source\PSoC4\CyLFClk.c ****     *
1773:C:\Program Files (x86)\Cypress\PSoC Creator\4.4\PSoC Creator\1\LWO2.cydsn\Generated_Source\PSoC4\CyLFClk.c ****     *******************************************************************************/
1774:C:\Program Files (x86)\Cypress\PSoC Creator\4.4\PSoC Creator\1\LWO2.cydsn\Generated_Source\PSoC4\CyLFClk.c ****     void CySysWatchdogFeed(uint32 counterNum)
1775:C:\Program Files (x86)\Cypress\PSoC Creator\4.4\PSoC Creator\1\LWO2.cydsn\Generated_Source\PSoC4\CyLFClk.c ****     {
1776:C:\Program Files (x86)\Cypress\PSoC Creator\4.4\PSoC Creator\1\LWO2.cydsn\Generated_Source\PSoC4\CyLFClk.c ****         if(counterNum == CY_SYS_WDT_COUNTER0)
1777:C:\Program Files (x86)\Cypress\PSoC Creator\4.4\PSoC Creator\1\LWO2.cydsn\Generated_Source\PSoC4\CyLFClk.c ****         {
1778:C:\Program Files (x86)\Cypress\PSoC Creator\4.4\PSoC Creator\1\LWO2.cydsn\Generated_Source\PSoC4\CyLFClk.c ****             if(CY_SYS_WDT_MODE_INT_RESET == CySysWdtGetMode(counterNum))
1779:C:\Program Files (x86)\Cypress\PSoC Creator\4.4\PSoC Creator\1\LWO2.cydsn\Generated_Source\PSoC4\CyLFClk.c ****             {
1780:C:\Program Files (x86)\Cypress\PSoC Creator\4.4\PSoC Creator\1\LWO2.cydsn\Generated_Source\PSoC4\CyLFClk.c ****                 CySysWdtClearInterrupt(CY_SYS_WDT_COUNTER0_INT);
1781:C:\Program Files (x86)\Cypress\PSoC Creator\4.4\PSoC Creator\1\LWO2.cydsn\Generated_Source\PSoC4\CyLFClk.c ****             }
1782:C:\Program Files (x86)\Cypress\PSoC Creator\4.4\PSoC Creator\1\LWO2.cydsn\Generated_Source\PSoC4\CyLFClk.c ****             else if(CY_SYS_WDT_MODE_RESET == CySysWdtGetMode(counterNum))
1783:C:\Program Files (x86)\Cypress\PSoC Creator\4.4\PSoC Creator\1\LWO2.cydsn\Generated_Source\PSoC4\CyLFClk.c ****             {
1784:C:\Program Files (x86)\Cypress\PSoC Creator\4.4\PSoC Creator\1\LWO2.cydsn\Generated_Source\PSoC4\CyLFClk.c ****                 CySysWdtResetCounters(CY_SYS_WDT_COUNTER0_RESET);
1785:C:\Program Files (x86)\Cypress\PSoC Creator\4.4\PSoC Creator\1\LWO2.cydsn\Generated_Source\PSoC4\CyLFClk.c ****                 CySysWdtClearInterrupt(CY_SYS_WDT_COUNTER0_INT);
1786:C:\Program Files (x86)\Cypress\PSoC Creator\4.4\PSoC Creator\1\LWO2.cydsn\Generated_Source\PSoC4\CyLFClk.c ****             }
1787:C:\Program Files (x86)\Cypress\PSoC Creator\4.4\PSoC Creator\1\LWO2.cydsn\Generated_Source\PSoC4\CyLFClk.c ****             else
1788:C:\Program Files (x86)\Cypress\PSoC Creator\4.4\PSoC Creator\1\LWO2.cydsn\Generated_Source\PSoC4\CyLFClk.c ****             {
1789:C:\Program Files (x86)\Cypress\PSoC Creator\4.4\PSoC Creator\1\LWO2.cydsn\Generated_Source\PSoC4\CyLFClk.c ****                 /* Do nothing. */
1790:C:\Program Files (x86)\Cypress\PSoC Creator\4.4\PSoC Creator\1\LWO2.cydsn\Generated_Source\PSoC4\CyLFClk.c ****             }
1791:C:\Program Files (x86)\Cypress\PSoC Creator\4.4\PSoC Creator\1\LWO2.cydsn\Generated_Source\PSoC4\CyLFClk.c ****         }
1792:C:\Program Files (x86)\Cypress\PSoC Creator\4.4\PSoC Creator\1\LWO2.cydsn\Generated_Source\PSoC4\CyLFClk.c ****         else if(counterNum == CY_SYS_WDT_COUNTER1)
1793:C:\Program Files (x86)\Cypress\PSoC Creator\4.4\PSoC Creator\1\LWO2.cydsn\Generated_Source\PSoC4\CyLFClk.c ****         {
1794:C:\Program Files (x86)\Cypress\PSoC Creator\4.4\PSoC Creator\1\LWO2.cydsn\Generated_Source\PSoC4\CyLFClk.c ****             if(CY_SYS_WDT_MODE_INT_RESET == CySysWdtGetMode(counterNum))
1795:C:\Program Files (x86)\Cypress\PSoC Creator\4.4\PSoC Creator\1\LWO2.cydsn\Generated_Source\PSoC4\CyLFClk.c ****             {
ARM GAS  C:\Users\taips\AppData\Local\Temp\cc8A2Ndf.s 			page 44


1796:C:\Program Files (x86)\Cypress\PSoC Creator\4.4\PSoC Creator\1\LWO2.cydsn\Generated_Source\PSoC4\CyLFClk.c ****                 CySysWdtClearInterrupt(CY_SYS_WDT_COUNTER1_INT);
1797:C:\Program Files (x86)\Cypress\PSoC Creator\4.4\PSoC Creator\1\LWO2.cydsn\Generated_Source\PSoC4\CyLFClk.c ****             }
1798:C:\Program Files (x86)\Cypress\PSoC Creator\4.4\PSoC Creator\1\LWO2.cydsn\Generated_Source\PSoC4\CyLFClk.c ****             else if(CY_SYS_WDT_MODE_RESET == CySysWdtGetMode(counterNum))
1799:C:\Program Files (x86)\Cypress\PSoC Creator\4.4\PSoC Creator\1\LWO2.cydsn\Generated_Source\PSoC4\CyLFClk.c ****             {
1800:C:\Program Files (x86)\Cypress\PSoC Creator\4.4\PSoC Creator\1\LWO2.cydsn\Generated_Source\PSoC4\CyLFClk.c ****                 CySysWdtResetCounters(CY_SYS_WDT_COUNTER1_RESET);
1801:C:\Program Files (x86)\Cypress\PSoC Creator\4.4\PSoC Creator\1\LWO2.cydsn\Generated_Source\PSoC4\CyLFClk.c ****                 CySysWdtClearInterrupt(CY_SYS_WDT_COUNTER1_INT);
1802:C:\Program Files (x86)\Cypress\PSoC Creator\4.4\PSoC Creator\1\LWO2.cydsn\Generated_Source\PSoC4\CyLFClk.c ****             }
1803:C:\Program Files (x86)\Cypress\PSoC Creator\4.4\PSoC Creator\1\LWO2.cydsn\Generated_Source\PSoC4\CyLFClk.c ****             else
1804:C:\Program Files (x86)\Cypress\PSoC Creator\4.4\PSoC Creator\1\LWO2.cydsn\Generated_Source\PSoC4\CyLFClk.c ****             {
1805:C:\Program Files (x86)\Cypress\PSoC Creator\4.4\PSoC Creator\1\LWO2.cydsn\Generated_Source\PSoC4\CyLFClk.c ****                 /* Do nothing. */
1806:C:\Program Files (x86)\Cypress\PSoC Creator\4.4\PSoC Creator\1\LWO2.cydsn\Generated_Source\PSoC4\CyLFClk.c ****             }
1807:C:\Program Files (x86)\Cypress\PSoC Creator\4.4\PSoC Creator\1\LWO2.cydsn\Generated_Source\PSoC4\CyLFClk.c ****         }
1808:C:\Program Files (x86)\Cypress\PSoC Creator\4.4\PSoC Creator\1\LWO2.cydsn\Generated_Source\PSoC4\CyLFClk.c ****         else
1809:C:\Program Files (x86)\Cypress\PSoC Creator\4.4\PSoC Creator\1\LWO2.cydsn\Generated_Source\PSoC4\CyLFClk.c ****         {
1810:C:\Program Files (x86)\Cypress\PSoC Creator\4.4\PSoC Creator\1\LWO2.cydsn\Generated_Source\PSoC4\CyLFClk.c ****             /* Do nothing. */
1811:C:\Program Files (x86)\Cypress\PSoC Creator\4.4\PSoC Creator\1\LWO2.cydsn\Generated_Source\PSoC4\CyLFClk.c ****         }
1812:C:\Program Files (x86)\Cypress\PSoC Creator\4.4\PSoC Creator\1\LWO2.cydsn\Generated_Source\PSoC4\CyLFClk.c ****     }
1813:C:\Program Files (x86)\Cypress\PSoC Creator\4.4\PSoC Creator\1\LWO2.cydsn\Generated_Source\PSoC4\CyLFClk.c **** 
1814:C:\Program Files (x86)\Cypress\PSoC Creator\4.4\PSoC Creator\1\LWO2.cydsn\Generated_Source\PSoC4\CyLFClk.c **** 
1815:C:\Program Files (x86)\Cypress\PSoC Creator\4.4\PSoC Creator\1\LWO2.cydsn\Generated_Source\PSoC4\CyLFClk.c ****     /*******************************************************************************
1816:C:\Program Files (x86)\Cypress\PSoC Creator\4.4\PSoC Creator\1\LWO2.cydsn\Generated_Source\PSoC4\CyLFClk.c ****     * Function Name: CySysClkLfclkPosedgeCatch
1817:C:\Program Files (x86)\Cypress\PSoC Creator\4.4\PSoC Creator\1\LWO2.cydsn\Generated_Source\PSoC4\CyLFClk.c ****     ****************************************************************************//**
1818:C:\Program Files (x86)\Cypress\PSoC Creator\4.4\PSoC Creator\1\LWO2.cydsn\Generated_Source\PSoC4\CyLFClk.c ****     * \internal
1819:C:\Program Files (x86)\Cypress\PSoC Creator\4.4\PSoC Creator\1\LWO2.cydsn\Generated_Source\PSoC4\CyLFClk.c ****     * Returns once the LFCLK positive edge occurred.
1820:C:\Program Files (x86)\Cypress\PSoC Creator\4.4\PSoC Creator\1\LWO2.cydsn\Generated_Source\PSoC4\CyLFClk.c ****     *
1821:C:\Program Files (x86)\Cypress\PSoC Creator\4.4\PSoC Creator\1\LWO2.cydsn\Generated_Source\PSoC4\CyLFClk.c ****     * CySysClkLfclkPosedgeRestore() should be called after this function
1822:C:\Program Files (x86)\Cypress\PSoC Creator\4.4\PSoC Creator\1\LWO2.cydsn\Generated_Source\PSoC4\CyLFClk.c ****     * to restore the WDT configuration.
1823:C:\Program Files (x86)\Cypress\PSoC Creator\4.4\PSoC Creator\1\LWO2.cydsn\Generated_Source\PSoC4\CyLFClk.c ****     *
1824:C:\Program Files (x86)\Cypress\PSoC Creator\4.4\PSoC Creator\1\LWO2.cydsn\Generated_Source\PSoC4\CyLFClk.c ****     * A pair of the CySysClkLfclkPosedgeCatch() and CySysClkLfclkPosedgeRestore()
1825:C:\Program Files (x86)\Cypress\PSoC Creator\4.4\PSoC Creator\1\LWO2.cydsn\Generated_Source\PSoC4\CyLFClk.c ****     * functions is expected to be called inside a critical section.
1826:C:\Program Files (x86)\Cypress\PSoC Creator\4.4\PSoC Creator\1\LWO2.cydsn\Generated_Source\PSoC4\CyLFClk.c ****     *
1827:C:\Program Files (x86)\Cypress\PSoC Creator\4.4\PSoC Creator\1\LWO2.cydsn\Generated_Source\PSoC4\CyLFClk.c ****     * To ensure that the WDT counter value is read until it changes, the enabled
1828:C:\Program Files (x86)\Cypress\PSoC Creator\4.4\PSoC Creator\1\LWO2.cydsn\Generated_Source\PSoC4\CyLFClk.c ****     * WDT counter is used. If no counter is enabled, counter 0 is enabled.
1829:C:\Program Files (x86)\Cypress\PSoC Creator\4.4\PSoC Creator\1\LWO2.cydsn\Generated_Source\PSoC4\CyLFClk.c ****     * And after the LFCLK source is switched, the counter 0 configuration
1830:C:\Program Files (x86)\Cypress\PSoC Creator\4.4\PSoC Creator\1\LWO2.cydsn\Generated_Source\PSoC4\CyLFClk.c ****     * is restored.
1831:C:\Program Files (x86)\Cypress\PSoC Creator\4.4\PSoC Creator\1\LWO2.cydsn\Generated_Source\PSoC4\CyLFClk.c ****     *
1832:C:\Program Files (x86)\Cypress\PSoC Creator\4.4\PSoC Creator\1\LWO2.cydsn\Generated_Source\PSoC4\CyLFClk.c ****     * Not applicable for the PSoC 4000 / PSoC 4000S / PSoC 4100S / PSoC Analog 
1833:C:\Program Files (x86)\Cypress\PSoC Creator\4.4\PSoC Creator\1\LWO2.cydsn\Generated_Source\PSoC4\CyLFClk.c ****     * Coprocessor devices.
1834:C:\Program Files (x86)\Cypress\PSoC Creator\4.4\PSoC Creator\1\LWO2.cydsn\Generated_Source\PSoC4\CyLFClk.c ****     *
1835:C:\Program Files (x86)\Cypress\PSoC Creator\4.4\PSoC Creator\1\LWO2.cydsn\Generated_Source\PSoC4\CyLFClk.c ****     * \details
1836:C:\Program Files (x86)\Cypress\PSoC Creator\4.4\PSoC Creator\1\LWO2.cydsn\Generated_Source\PSoC4\CyLFClk.c ****     * This function has no effect if WDT is locked (CySysWdtLock() is
1837:C:\Program Files (x86)\Cypress\PSoC Creator\4.4\PSoC Creator\1\LWO2.cydsn\Generated_Source\PSoC4\CyLFClk.c ****     * called). Call CySysWdtUnlock() to unlock WDT.
1838:C:\Program Files (x86)\Cypress\PSoC Creator\4.4\PSoC Creator\1\LWO2.cydsn\Generated_Source\PSoC4\CyLFClk.c ****     * \endinternal
1839:C:\Program Files (x86)\Cypress\PSoC Creator\4.4\PSoC Creator\1\LWO2.cydsn\Generated_Source\PSoC4\CyLFClk.c ****     *******************************************************************************/
1840:C:\Program Files (x86)\Cypress\PSoC Creator\4.4\PSoC Creator\1\LWO2.cydsn\Generated_Source\PSoC4\CyLFClk.c ****     static void CySysClkLfclkPosedgeCatch(void)
1841:C:\Program Files (x86)\Cypress\PSoC Creator\4.4\PSoC Creator\1\LWO2.cydsn\Generated_Source\PSoC4\CyLFClk.c ****     {
1842:C:\Program Files (x86)\Cypress\PSoC Creator\4.4\PSoC Creator\1\LWO2.cydsn\Generated_Source\PSoC4\CyLFClk.c ****         uint32 firstCount;
1843:C:\Program Files (x86)\Cypress\PSoC Creator\4.4\PSoC Creator\1\LWO2.cydsn\Generated_Source\PSoC4\CyLFClk.c ****         static uint32 lfclkPosedgeEnabledWdtCounter = 0u;
1844:C:\Program Files (x86)\Cypress\PSoC Creator\4.4\PSoC Creator\1\LWO2.cydsn\Generated_Source\PSoC4\CyLFClk.c **** 
1845:C:\Program Files (x86)\Cypress\PSoC Creator\4.4\PSoC Creator\1\LWO2.cydsn\Generated_Source\PSoC4\CyLFClk.c ****         if (0u != CySysWdtGetEnabledStatus(CY_SYS_WDT_COUNTER0))
1846:C:\Program Files (x86)\Cypress\PSoC Creator\4.4\PSoC Creator\1\LWO2.cydsn\Generated_Source\PSoC4\CyLFClk.c ****         {
1847:C:\Program Files (x86)\Cypress\PSoC Creator\4.4\PSoC Creator\1\LWO2.cydsn\Generated_Source\PSoC4\CyLFClk.c ****             lfclkPosedgeEnabledWdtCounter = CY_SYS_WDT_COUNTER0;
1848:C:\Program Files (x86)\Cypress\PSoC Creator\4.4\PSoC Creator\1\LWO2.cydsn\Generated_Source\PSoC4\CyLFClk.c ****         }
1849:C:\Program Files (x86)\Cypress\PSoC Creator\4.4\PSoC Creator\1\LWO2.cydsn\Generated_Source\PSoC4\CyLFClk.c ****         else if (0u != CySysWdtGetEnabledStatus(CY_SYS_WDT_COUNTER1))
1850:C:\Program Files (x86)\Cypress\PSoC Creator\4.4\PSoC Creator\1\LWO2.cydsn\Generated_Source\PSoC4\CyLFClk.c ****         {
1851:C:\Program Files (x86)\Cypress\PSoC Creator\4.4\PSoC Creator\1\LWO2.cydsn\Generated_Source\PSoC4\CyLFClk.c ****             lfclkPosedgeEnabledWdtCounter = CY_SYS_WDT_COUNTER1;
1852:C:\Program Files (x86)\Cypress\PSoC Creator\4.4\PSoC Creator\1\LWO2.cydsn\Generated_Source\PSoC4\CyLFClk.c ****         }
ARM GAS  C:\Users\taips\AppData\Local\Temp\cc8A2Ndf.s 			page 45


1853:C:\Program Files (x86)\Cypress\PSoC Creator\4.4\PSoC Creator\1\LWO2.cydsn\Generated_Source\PSoC4\CyLFClk.c ****         else if (0u != CySysWdtGetEnabledStatus(CY_SYS_WDT_COUNTER2))
1854:C:\Program Files (x86)\Cypress\PSoC Creator\4.4\PSoC Creator\1\LWO2.cydsn\Generated_Source\PSoC4\CyLFClk.c ****         {
1855:C:\Program Files (x86)\Cypress\PSoC Creator\4.4\PSoC Creator\1\LWO2.cydsn\Generated_Source\PSoC4\CyLFClk.c ****             lfclkPosedgeEnabledWdtCounter = CY_SYS_WDT_COUNTER2;
1856:C:\Program Files (x86)\Cypress\PSoC Creator\4.4\PSoC Creator\1\LWO2.cydsn\Generated_Source\PSoC4\CyLFClk.c ****         }
1857:C:\Program Files (x86)\Cypress\PSoC Creator\4.4\PSoC Creator\1\LWO2.cydsn\Generated_Source\PSoC4\CyLFClk.c ****         else /* All WDT counters are disabled */
1858:C:\Program Files (x86)\Cypress\PSoC Creator\4.4\PSoC Creator\1\LWO2.cydsn\Generated_Source\PSoC4\CyLFClk.c ****         {
1859:C:\Program Files (x86)\Cypress\PSoC Creator\4.4\PSoC Creator\1\LWO2.cydsn\Generated_Source\PSoC4\CyLFClk.c ****             /* Configure WDT counter # 0 */
1860:C:\Program Files (x86)\Cypress\PSoC Creator\4.4\PSoC Creator\1\LWO2.cydsn\Generated_Source\PSoC4\CyLFClk.c ****             lfclkPosedgeWdtCounter0Enabled = 1u;
1861:C:\Program Files (x86)\Cypress\PSoC Creator\4.4\PSoC Creator\1\LWO2.cydsn\Generated_Source\PSoC4\CyLFClk.c ****             lfclkPosedgeEnabledWdtCounter = CY_SYS_WDT_COUNTER0;
1862:C:\Program Files (x86)\Cypress\PSoC Creator\4.4\PSoC Creator\1\LWO2.cydsn\Generated_Source\PSoC4\CyLFClk.c **** 
1863:C:\Program Files (x86)\Cypress\PSoC Creator\4.4\PSoC Creator\1\LWO2.cydsn\Generated_Source\PSoC4\CyLFClk.c ****             lfclkPosedgeWdtCounter0Mode = CySysWdtGetMode(CY_SYS_WDT_COUNTER0);
1864:C:\Program Files (x86)\Cypress\PSoC Creator\4.4\PSoC Creator\1\LWO2.cydsn\Generated_Source\PSoC4\CyLFClk.c ****             CySysWdtSetMode(CY_SYS_WDT_COUNTER0, CY_SYS_WDT_MODE_NONE);
1865:C:\Program Files (x86)\Cypress\PSoC Creator\4.4\PSoC Creator\1\LWO2.cydsn\Generated_Source\PSoC4\CyLFClk.c ****             CySysWdtEnable(CY_SYS_WDT_COUNTER0_MASK);
1866:C:\Program Files (x86)\Cypress\PSoC Creator\4.4\PSoC Creator\1\LWO2.cydsn\Generated_Source\PSoC4\CyLFClk.c ****         }
1867:C:\Program Files (x86)\Cypress\PSoC Creator\4.4\PSoC Creator\1\LWO2.cydsn\Generated_Source\PSoC4\CyLFClk.c **** 
1868:C:\Program Files (x86)\Cypress\PSoC Creator\4.4\PSoC Creator\1\LWO2.cydsn\Generated_Source\PSoC4\CyLFClk.c ****         firstCount = CySysWdtGetCount(lfclkPosedgeEnabledWdtCounter);
1869:C:\Program Files (x86)\Cypress\PSoC Creator\4.4\PSoC Creator\1\LWO2.cydsn\Generated_Source\PSoC4\CyLFClk.c ****         while (CySysWdtGetCount(lfclkPosedgeEnabledWdtCounter) == firstCount)
1870:C:\Program Files (x86)\Cypress\PSoC Creator\4.4\PSoC Creator\1\LWO2.cydsn\Generated_Source\PSoC4\CyLFClk.c ****         {
1871:C:\Program Files (x86)\Cypress\PSoC Creator\4.4\PSoC Creator\1\LWO2.cydsn\Generated_Source\PSoC4\CyLFClk.c ****             /* Wait for counter to increment */
1872:C:\Program Files (x86)\Cypress\PSoC Creator\4.4\PSoC Creator\1\LWO2.cydsn\Generated_Source\PSoC4\CyLFClk.c ****         }
1873:C:\Program Files (x86)\Cypress\PSoC Creator\4.4\PSoC Creator\1\LWO2.cydsn\Generated_Source\PSoC4\CyLFClk.c ****     }
1874:C:\Program Files (x86)\Cypress\PSoC Creator\4.4\PSoC Creator\1\LWO2.cydsn\Generated_Source\PSoC4\CyLFClk.c **** 
1875:C:\Program Files (x86)\Cypress\PSoC Creator\4.4\PSoC Creator\1\LWO2.cydsn\Generated_Source\PSoC4\CyLFClk.c **** 
1876:C:\Program Files (x86)\Cypress\PSoC Creator\4.4\PSoC Creator\1\LWO2.cydsn\Generated_Source\PSoC4\CyLFClk.c ****     /*******************************************************************************
1877:C:\Program Files (x86)\Cypress\PSoC Creator\4.4\PSoC Creator\1\LWO2.cydsn\Generated_Source\PSoC4\CyLFClk.c ****     * Function Name: CySysClkLfclkPosedgeRestore
1878:C:\Program Files (x86)\Cypress\PSoC Creator\4.4\PSoC Creator\1\LWO2.cydsn\Generated_Source\PSoC4\CyLFClk.c ****     ****************************************************************************//**
1879:C:\Program Files (x86)\Cypress\PSoC Creator\4.4\PSoC Creator\1\LWO2.cydsn\Generated_Source\PSoC4\CyLFClk.c ****     * \internal
1880:C:\Program Files (x86)\Cypress\PSoC Creator\4.4\PSoC Creator\1\LWO2.cydsn\Generated_Source\PSoC4\CyLFClk.c ****     *  Restores the WDT configuration after a CySysClkLfclkPosedgeCatch() call.
1881:C:\Program Files (x86)\Cypress\PSoC Creator\4.4\PSoC Creator\1\LWO2.cydsn\Generated_Source\PSoC4\CyLFClk.c ****     *
1882:C:\Program Files (x86)\Cypress\PSoC Creator\4.4\PSoC Creator\1\LWO2.cydsn\Generated_Source\PSoC4\CyLFClk.c ****     *  A pair of the CySysClkLfclkPosedgeCatch() and CySysClkLfclkPosedgeRestore()
1883:C:\Program Files (x86)\Cypress\PSoC Creator\4.4\PSoC Creator\1\LWO2.cydsn\Generated_Source\PSoC4\CyLFClk.c ****     *  functions is expected to be called inside a critical section.
1884:C:\Program Files (x86)\Cypress\PSoC Creator\4.4\PSoC Creator\1\LWO2.cydsn\Generated_Source\PSoC4\CyLFClk.c ****     *
1885:C:\Program Files (x86)\Cypress\PSoC Creator\4.4\PSoC Creator\1\LWO2.cydsn\Generated_Source\PSoC4\CyLFClk.c ****     * Not applicable for the PSoC 4000/PSoC 4000S / PSoC 4100S / PSoC Analog 
1886:C:\Program Files (x86)\Cypress\PSoC Creator\4.4\PSoC Creator\1\LWO2.cydsn\Generated_Source\PSoC4\CyLFClk.c ****     * Coprocessor devices.
1887:C:\Program Files (x86)\Cypress\PSoC Creator\4.4\PSoC Creator\1\LWO2.cydsn\Generated_Source\PSoC4\CyLFClk.c ****     *
1888:C:\Program Files (x86)\Cypress\PSoC Creator\4.4\PSoC Creator\1\LWO2.cydsn\Generated_Source\PSoC4\CyLFClk.c ****     * \details
1889:C:\Program Files (x86)\Cypress\PSoC Creator\4.4\PSoC Creator\1\LWO2.cydsn\Generated_Source\PSoC4\CyLFClk.c ****     *  This function has no effect if WDT is locked (CySysWdtLock() is
1890:C:\Program Files (x86)\Cypress\PSoC Creator\4.4\PSoC Creator\1\LWO2.cydsn\Generated_Source\PSoC4\CyLFClk.c ****     *  called). Call CySysWdtUnlock() to unlock WDT.
1891:C:\Program Files (x86)\Cypress\PSoC Creator\4.4\PSoC Creator\1\LWO2.cydsn\Generated_Source\PSoC4\CyLFClk.c ****     *
1892:C:\Program Files (x86)\Cypress\PSoC Creator\4.4\PSoC Creator\1\LWO2.cydsn\Generated_Source\PSoC4\CyLFClk.c ****     * \endinternal
1893:C:\Program Files (x86)\Cypress\PSoC Creator\4.4\PSoC Creator\1\LWO2.cydsn\Generated_Source\PSoC4\CyLFClk.c ****     *******************************************************************************/
1894:C:\Program Files (x86)\Cypress\PSoC Creator\4.4\PSoC Creator\1\LWO2.cydsn\Generated_Source\PSoC4\CyLFClk.c ****     static void CySysClkLfclkPosedgeRestore(void)
1895:C:\Program Files (x86)\Cypress\PSoC Creator\4.4\PSoC Creator\1\LWO2.cydsn\Generated_Source\PSoC4\CyLFClk.c ****     {
 611              		.loc 1 1895 0
 612              		.cfi_startproc
 613              		@ args = 0, pretend = 0, frame = 0
 614              		@ frame_needed = 0, uses_anonymous_args = 0
 615 0000 10B5     		push	{r4, lr}
 616              		.cfi_def_cfa_offset 8
 617              		.cfi_offset 4, -8
 618              		.cfi_offset 14, -4
1896:C:\Program Files (x86)\Cypress\PSoC Creator\4.4\PSoC Creator\1\LWO2.cydsn\Generated_Source\PSoC4\CyLFClk.c ****         if (lfclkPosedgeWdtCounter0Enabled != 0u)
 619              		.loc 1 1896 0
 620 0002 084B     		ldr	r3, .L50
 621 0004 5B68     		ldr	r3, [r3, #4]
 622 0006 002B     		cmp	r3, #0
 623 0008 0BD0     		beq	.L48
ARM GAS  C:\Users\taips\AppData\Local\Temp\cc8A2Ndf.s 			page 46


1897:C:\Program Files (x86)\Cypress\PSoC Creator\4.4\PSoC Creator\1\LWO2.cydsn\Generated_Source\PSoC4\CyLFClk.c ****         {
1898:C:\Program Files (x86)\Cypress\PSoC Creator\4.4\PSoC Creator\1\LWO2.cydsn\Generated_Source\PSoC4\CyLFClk.c ****             /* Restore counter # 0 configuration and force its shutdown */
1899:C:\Program Files (x86)\Cypress\PSoC Creator\4.4\PSoC Creator\1\LWO2.cydsn\Generated_Source\PSoC4\CyLFClk.c ****             CY_SYS_WDT_CONTROL_REG &= (uint32)(~CY_SYS_WDT_COUNTER0_MASK);
 624              		.loc 1 1899 0
 625 000a 074A     		ldr	r2, .L50+4
 626 000c 1368     		ldr	r3, [r2]
 627 000e 0121     		movs	r1, #1
 628 0010 8B43     		bics	r3, r1
 629 0012 1360     		str	r3, [r2]
1900:C:\Program Files (x86)\Cypress\PSoC Creator\4.4\PSoC Creator\1\LWO2.cydsn\Generated_Source\PSoC4\CyLFClk.c ****             CySysWdtSetMode(CY_SYS_WDT_COUNTER0, lfclkPosedgeWdtCounter0Mode);
 630              		.loc 1 1900 0
 631 0014 034C     		ldr	r4, .L50
 632 0016 A168     		ldr	r1, [r4, #8]
 633 0018 0020     		movs	r0, #0
 634 001a FFF7FEFF 		bl	CySysWdtSetMode
 635              	.LVL54:
1901:C:\Program Files (x86)\Cypress\PSoC Creator\4.4\PSoC Creator\1\LWO2.cydsn\Generated_Source\PSoC4\CyLFClk.c ****             lfclkPosedgeWdtCounter0Enabled = 0u;
 636              		.loc 1 1901 0
 637 001e 0023     		movs	r3, #0
 638 0020 6360     		str	r3, [r4, #4]
 639              	.L48:
1902:C:\Program Files (x86)\Cypress\PSoC Creator\4.4\PSoC Creator\1\LWO2.cydsn\Generated_Source\PSoC4\CyLFClk.c ****         }
1903:C:\Program Files (x86)\Cypress\PSoC Creator\4.4\PSoC Creator\1\LWO2.cydsn\Generated_Source\PSoC4\CyLFClk.c ****     }
 640              		.loc 1 1903 0
 641              		@ sp needed
 642 0022 10BD     		pop	{r4, pc}
 643              	.L51:
 644              		.align	2
 645              	.L50:
 646 0024 00000000 		.word	.LANCHOR0
 647 0028 10020B40 		.word	1074463248
 648              		.cfi_endproc
 649              	.LFE33:
 650              		.size	CySysClkLfclkPosedgeRestore, .-CySysClkLfclkPosedgeRestore
 651              		.section	.text.CySysWdtGetMode,"ax",%progbits
 652              		.align	2
 653              		.global	CySysWdtGetMode
 654              		.code	16
 655              		.thumb_func
 656              		.type	CySysWdtGetMode, %function
 657              	CySysWdtGetMode:
 658              	.LFB11:
1076:C:\Program Files (x86)\Cypress\PSoC Creator\4.4\PSoC Creator\1\LWO2.cydsn\Generated_Source\PSoC4\CyLFClk.c ****         return ((CY_SYS_WDT_CONFIG_REG >> (counterNum * CY_SYS_WDT_CNT_SHIFT)) & CY_SYS_WDT_MODE_MA
 659              		.loc 1 1076 0
 660              		.cfi_startproc
 661              		@ args = 0, pretend = 0, frame = 0
 662              		@ frame_needed = 0, uses_anonymous_args = 0
 663              		@ link register save eliminated.
 664              	.LVL55:
 665 0000 0300     		movs	r3, r0
1077:C:\Program Files (x86)\Cypress\PSoC Creator\4.4\PSoC Creator\1\LWO2.cydsn\Generated_Source\PSoC4\CyLFClk.c ****     }
 666              		.loc 1 1077 0
 667 0002 034A     		ldr	r2, .L53
 668 0004 1068     		ldr	r0, [r2]
 669              	.LVL56:
 670 0006 DB00     		lsls	r3, r3, #3
 671              	.LVL57:
ARM GAS  C:\Users\taips\AppData\Local\Temp\cc8A2Ndf.s 			page 47


 672 0008 D840     		lsrs	r0, r0, r3
 673 000a 0323     		movs	r3, #3
 674 000c 1840     		ands	r0, r3
1078:C:\Program Files (x86)\Cypress\PSoC Creator\4.4\PSoC Creator\1\LWO2.cydsn\Generated_Source\PSoC4\CyLFClk.c **** 
 675              		.loc 1 1078 0
 676              		@ sp needed
 677 000e 7047     		bx	lr
 678              	.L54:
 679              		.align	2
 680              	.L53:
 681 0010 0C020B40 		.word	1074463244
 682              		.cfi_endproc
 683              	.LFE11:
 684              		.size	CySysWdtGetMode, .-CySysWdtGetMode
 685              		.section	.text.CySysWdtSetClearOnMatch,"ax",%progbits
 686              		.align	2
 687              		.global	CySysWdtSetClearOnMatch
 688              		.code	16
 689              		.thumb_func
 690              		.type	CySysWdtSetClearOnMatch, %function
 691              	CySysWdtSetClearOnMatch:
 692              	.LFB12:
1105:C:\Program Files (x86)\Cypress\PSoC Creator\4.4\PSoC Creator\1\LWO2.cydsn\Generated_Source\PSoC4\CyLFClk.c ****         uint32 configRegValue;
 693              		.loc 1 1105 0
 694              		.cfi_startproc
 695              		@ args = 0, pretend = 0, frame = 0
 696              		@ frame_needed = 0, uses_anonymous_args = 0
 697              	.LVL58:
 698 0000 70B5     		push	{r4, r5, r6, lr}
 699              		.cfi_def_cfa_offset 16
 700              		.cfi_offset 4, -16
 701              		.cfi_offset 5, -12
 702              		.cfi_offset 6, -8
 703              		.cfi_offset 14, -4
 704 0002 0400     		movs	r4, r0
 705 0004 0D00     		movs	r5, r1
1108:C:\Program Files (x86)\Cypress\PSoC Creator\4.4\PSoC Creator\1\LWO2.cydsn\Generated_Source\PSoC4\CyLFClk.c ****                  (counterNum == CY_SYS_WDT_COUNTER1));
 706              		.loc 1 1108 0
 707 0006 0128     		cmp	r0, #1
 708 0008 02D9     		bls	.L56
1108:C:\Program Files (x86)\Cypress\PSoC Creator\4.4\PSoC Creator\1\LWO2.cydsn\Generated_Source\PSoC4\CyLFClk.c ****                  (counterNum == CY_SYS_WDT_COUNTER1));
 709              		.loc 1 1108 0 is_stmt 0 discriminator 1
 710 000a 0020     		movs	r0, #0
 711              	.LVL59:
 712 000c FFF7FEFF 		bl	CyHalt
 713              	.LVL60:
 714              	.L56:
1111:C:\Program Files (x86)\Cypress\PSoC Creator\4.4\PSoC Creator\1\LWO2.cydsn\Generated_Source\PSoC4\CyLFClk.c ****         {
 715              		.loc 1 1111 0 is_stmt 1
 716 0010 2000     		movs	r0, r4
 717 0012 FFF7FEFF 		bl	CySysWdtGetEnabledStatus
 718              	.LVL61:
 719 0016 0028     		cmp	r0, #0
 720 0018 09D1     		bne	.L55
1113:C:\Program Files (x86)\Cypress\PSoC Creator\4.4\PSoC Creator\1\LWO2.cydsn\Generated_Source\PSoC4\CyLFClk.c ****                                      ((counterNum * CY_SYS_WDT_CNT_SHIFT) + CY_SYS_WDT_CNT_MATCH_CL
 721              		.loc 1 1113 0
 722 001a 0549     		ldr	r1, .L58
ARM GAS  C:\Users\taips\AppData\Local\Temp\cc8A2Ndf.s 			page 48


 723 001c 0B68     		ldr	r3, [r1]
1114:C:\Program Files (x86)\Cypress\PSoC Creator\4.4\PSoC Creator\1\LWO2.cydsn\Generated_Source\PSoC4\CyLFClk.c **** 
 724              		.loc 1 1114 0
 725 001e E400     		lsls	r4, r4, #3
 726              	.LVL62:
 727 0020 0234     		adds	r4, r4, #2
1113:C:\Program Files (x86)\Cypress\PSoC Creator\4.4\PSoC Creator\1\LWO2.cydsn\Generated_Source\PSoC4\CyLFClk.c ****                                      ((counterNum * CY_SYS_WDT_CNT_SHIFT) + CY_SYS_WDT_CNT_MATCH_CL
 728              		.loc 1 1113 0
 729 0022 0122     		movs	r2, #1
 730 0024 A240     		lsls	r2, r2, r4
 731 0026 9343     		bics	r3, r2
 732              	.LVL63:
1117:C:\Program Files (x86)\Cypress\PSoC Creator\4.4\PSoC Creator\1\LWO2.cydsn\Generated_Source\PSoC4\CyLFClk.c **** 
 733              		.loc 1 1117 0
 734 0028 A540     		lsls	r5, r5, r4
 735              	.LVL64:
 736 002a 1D43     		orrs	r5, r3
 737              	.LVL65:
1119:C:\Program Files (x86)\Cypress\PSoC Creator\4.4\PSoC Creator\1\LWO2.cydsn\Generated_Source\PSoC4\CyLFClk.c ****         }
 738              		.loc 1 1119 0
 739 002c 0D60     		str	r5, [r1]
 740              	.LVL66:
 741              	.L55:
1121:C:\Program Files (x86)\Cypress\PSoC Creator\4.4\PSoC Creator\1\LWO2.cydsn\Generated_Source\PSoC4\CyLFClk.c **** 
 742              		.loc 1 1121 0
 743              		@ sp needed
 744 002e 70BD     		pop	{r4, r5, r6, pc}
 745              	.L59:
 746              		.align	2
 747              	.L58:
 748 0030 0C020B40 		.word	1074463244
 749              		.cfi_endproc
 750              	.LFE12:
 751              		.size	CySysWdtSetClearOnMatch, .-CySysWdtSetClearOnMatch
 752              		.section	.text.CySysWdtGetClearOnMatch,"ax",%progbits
 753              		.align	2
 754              		.global	CySysWdtGetClearOnMatch
 755              		.code	16
 756              		.thumb_func
 757              		.type	CySysWdtGetClearOnMatch, %function
 758              	CySysWdtGetClearOnMatch:
 759              	.LFB13:
1138:C:\Program Files (x86)\Cypress\PSoC Creator\4.4\PSoC Creator\1\LWO2.cydsn\Generated_Source\PSoC4\CyLFClk.c ****         CYASSERT((counterNum == CY_SYS_WDT_COUNTER0) ||
 760              		.loc 1 1138 0
 761              		.cfi_startproc
 762              		@ args = 0, pretend = 0, frame = 0
 763              		@ frame_needed = 0, uses_anonymous_args = 0
 764              	.LVL67:
 765 0000 10B5     		push	{r4, lr}
 766              		.cfi_def_cfa_offset 8
 767              		.cfi_offset 4, -8
 768              		.cfi_offset 14, -4
 769 0002 0400     		movs	r4, r0
1139:C:\Program Files (x86)\Cypress\PSoC Creator\4.4\PSoC Creator\1\LWO2.cydsn\Generated_Source\PSoC4\CyLFClk.c ****                  (counterNum == CY_SYS_WDT_COUNTER1));
 770              		.loc 1 1139 0
 771 0004 0128     		cmp	r0, #1
 772 0006 02D9     		bls	.L61
ARM GAS  C:\Users\taips\AppData\Local\Temp\cc8A2Ndf.s 			page 49


1139:C:\Program Files (x86)\Cypress\PSoC Creator\4.4\PSoC Creator\1\LWO2.cydsn\Generated_Source\PSoC4\CyLFClk.c ****                  (counterNum == CY_SYS_WDT_COUNTER1));
 773              		.loc 1 1139 0 is_stmt 0 discriminator 1
 774 0008 0020     		movs	r0, #0
 775              	.LVL68:
 776 000a FFF7FEFF 		bl	CyHalt
 777              	.LVL69:
 778              	.L61:
1142:C:\Program Files (x86)\Cypress\PSoC Creator\4.4\PSoC Creator\1\LWO2.cydsn\Generated_Source\PSoC4\CyLFClk.c ****                         ((counterNum * CY_SYS_WDT_CNT_SHIFT) + CY_SYS_WDT_CNT_MATCH_CLR_SHIFT)) & 0
 779              		.loc 1 1142 0 is_stmt 1
 780 000e 044B     		ldr	r3, .L62
 781 0010 1868     		ldr	r0, [r3]
1143:C:\Program Files (x86)\Cypress\PSoC Creator\4.4\PSoC Creator\1\LWO2.cydsn\Generated_Source\PSoC4\CyLFClk.c ****     }
 782              		.loc 1 1143 0
 783 0012 E400     		lsls	r4, r4, #3
 784              	.LVL70:
 785 0014 0234     		adds	r4, r4, #2
1142:C:\Program Files (x86)\Cypress\PSoC Creator\4.4\PSoC Creator\1\LWO2.cydsn\Generated_Source\PSoC4\CyLFClk.c ****                         ((counterNum * CY_SYS_WDT_CNT_SHIFT) + CY_SYS_WDT_CNT_MATCH_CLR_SHIFT)) & 0
 786              		.loc 1 1142 0
 787 0016 E040     		lsrs	r0, r0, r4
 788 0018 0123     		movs	r3, #1
 789 001a 1840     		ands	r0, r3
1144:C:\Program Files (x86)\Cypress\PSoC Creator\4.4\PSoC Creator\1\LWO2.cydsn\Generated_Source\PSoC4\CyLFClk.c **** 
 790              		.loc 1 1144 0
 791              		@ sp needed
 792 001c 10BD     		pop	{r4, pc}
 793              	.L63:
 794 001e C046     		.align	2
 795              	.L62:
 796 0020 0C020B40 		.word	1074463244
 797              		.cfi_endproc
 798              	.LFE13:
 799              		.size	CySysWdtGetClearOnMatch, .-CySysWdtGetClearOnMatch
 800              		.section	.text.CySysWdtEnable,"ax",%progbits
 801              		.align	2
 802              		.global	CySysWdtEnable
 803              		.code	16
 804              		.thumb_func
 805              		.type	CySysWdtEnable, %function
 806              	CySysWdtEnable:
 807              	.LFB14:
1179:C:\Program Files (x86)\Cypress\PSoC Creator\4.4\PSoC Creator\1\LWO2.cydsn\Generated_Source\PSoC4\CyLFClk.c ****         #if (!CY_IP_WCO)
 808              		.loc 1 1179 0
 809              		.cfi_startproc
 810              		@ args = 0, pretend = 0, frame = 0
 811              		@ frame_needed = 0, uses_anonymous_args = 0
 812              	.LVL71:
 813 0000 10B5     		push	{r4, lr}
 814              		.cfi_def_cfa_offset 8
 815              		.cfi_offset 4, -8
 816              		.cfi_offset 14, -4
 817 0002 0400     		movs	r4, r0
1181:C:\Program Files (x86)\Cypress\PSoC Creator\4.4\PSoC Creator\1\LWO2.cydsn\Generated_Source\PSoC4\CyLFClk.c ****         #endif /* (!CY_IP_WCO) */
 818              		.loc 1 1181 0
 819 0004 FFF7FEFF 		bl	CySysClkIloStart
 820              	.LVL72:
1184:C:\Program Files (x86)\Cypress\PSoC Creator\4.4\PSoC Creator\1\LWO2.cydsn\Generated_Source\PSoC4\CyLFClk.c **** 
 821              		.loc 1 1184 0
ARM GAS  C:\Users\taips\AppData\Local\Temp\cc8A2Ndf.s 			page 50


 822 0008 0C4A     		ldr	r2, .L71
 823 000a 1368     		ldr	r3, [r2]
 824 000c 2343     		orrs	r3, r4
 825 000e 1360     		str	r3, [r2]
1186:C:\Program Files (x86)\Cypress\PSoC Creator\4.4\PSoC Creator\1\LWO2.cydsn\Generated_Source\PSoC4\CyLFClk.c ****         {
 826              		.loc 1 1186 0
 827 0010 E307     		lsls	r3, r4, #31
 828 0012 04D5     		bpl	.L65
 829              	.L66:
1188:C:\Program Files (x86)\Cypress\PSoC Creator\4.4\PSoC Creator\1\LWO2.cydsn\Generated_Source\PSoC4\CyLFClk.c ****             {
 830              		.loc 1 1188 0 discriminator 1
 831 0014 0020     		movs	r0, #0
 832 0016 FFF7FEFF 		bl	CySysWdtGetEnabledStatus
 833              	.LVL73:
 834 001a 0028     		cmp	r0, #0
 835 001c FAD0     		beq	.L66
 836              	.L65:
1194:C:\Program Files (x86)\Cypress\PSoC Creator\4.4\PSoC Creator\1\LWO2.cydsn\Generated_Source\PSoC4\CyLFClk.c ****         {
 837              		.loc 1 1194 0
 838 001e E305     		lsls	r3, r4, #23
 839 0020 04D5     		bpl	.L67
 840              	.L68:
1196:C:\Program Files (x86)\Cypress\PSoC Creator\4.4\PSoC Creator\1\LWO2.cydsn\Generated_Source\PSoC4\CyLFClk.c ****             {
 841              		.loc 1 1196 0 discriminator 1
 842 0022 0120     		movs	r0, #1
 843 0024 FFF7FEFF 		bl	CySysWdtGetEnabledStatus
 844              	.LVL74:
 845 0028 0028     		cmp	r0, #0
 846 002a FAD0     		beq	.L68
 847              	.L67:
1202:C:\Program Files (x86)\Cypress\PSoC Creator\4.4\PSoC Creator\1\LWO2.cydsn\Generated_Source\PSoC4\CyLFClk.c ****         {
 848              		.loc 1 1202 0
 849 002c E303     		lsls	r3, r4, #15
 850 002e 04D5     		bpl	.L64
 851              	.L70:
1204:C:\Program Files (x86)\Cypress\PSoC Creator\4.4\PSoC Creator\1\LWO2.cydsn\Generated_Source\PSoC4\CyLFClk.c ****             {
 852              		.loc 1 1204 0 discriminator 1
 853 0030 0220     		movs	r0, #2
 854 0032 FFF7FEFF 		bl	CySysWdtGetEnabledStatus
 855              	.LVL75:
 856 0036 0028     		cmp	r0, #0
 857 0038 FAD0     		beq	.L70
 858              	.L64:
1209:C:\Program Files (x86)\Cypress\PSoC Creator\4.4\PSoC Creator\1\LWO2.cydsn\Generated_Source\PSoC4\CyLFClk.c **** 
 859              		.loc 1 1209 0
 860              		@ sp needed
 861              	.LVL76:
 862 003a 10BD     		pop	{r4, pc}
 863              	.L72:
 864              		.align	2
 865              	.L71:
 866 003c 10020B40 		.word	1074463248
 867              		.cfi_endproc
 868              	.LFE14:
 869              		.size	CySysWdtEnable, .-CySysWdtEnable
 870              		.section	.text.CySysWdtDisable,"ax",%progbits
 871              		.align	2
ARM GAS  C:\Users\taips\AppData\Local\Temp\cc8A2Ndf.s 			page 51


 872              		.global	CySysWdtDisable
 873              		.code	16
 874              		.thumb_func
 875              		.type	CySysWdtDisable, %function
 876              	CySysWdtDisable:
 877              	.LFB15:
1227:C:\Program Files (x86)\Cypress\PSoC Creator\4.4\PSoC Creator\1\LWO2.cydsn\Generated_Source\PSoC4\CyLFClk.c ****         if (0uL == CySysWdtLocked())
 878              		.loc 1 1227 0
 879              		.cfi_startproc
 880              		@ args = 0, pretend = 0, frame = 0
 881              		@ frame_needed = 0, uses_anonymous_args = 0
 882              	.LVL77:
 883 0000 10B5     		push	{r4, lr}
 884              		.cfi_def_cfa_offset 8
 885              		.cfi_offset 4, -8
 886              		.cfi_offset 14, -4
 887 0002 0400     		movs	r4, r0
1228:C:\Program Files (x86)\Cypress\PSoC Creator\4.4\PSoC Creator\1\LWO2.cydsn\Generated_Source\PSoC4\CyLFClk.c ****         {
 888              		.loc 1 1228 0
 889 0004 FFF7FEFF 		bl	CySysWdtLocked
 890              	.LVL78:
 891 0008 0028     		cmp	r0, #0
 892 000a 18D1     		bne	.L73
1230:C:\Program Files (x86)\Cypress\PSoC Creator\4.4\PSoC Creator\1\LWO2.cydsn\Generated_Source\PSoC4\CyLFClk.c **** 
 893              		.loc 1 1230 0
 894 000c 0C4A     		ldr	r2, .L80
 895 000e 1368     		ldr	r3, [r2]
 896 0010 A343     		bics	r3, r4
 897 0012 1360     		str	r3, [r2]
1232:C:\Program Files (x86)\Cypress\PSoC Creator\4.4\PSoC Creator\1\LWO2.cydsn\Generated_Source\PSoC4\CyLFClk.c ****             {
 898              		.loc 1 1232 0
 899 0014 E307     		lsls	r3, r4, #31
 900 0016 04D5     		bpl	.L75
 901              	.L76:
1234:C:\Program Files (x86)\Cypress\PSoC Creator\4.4\PSoC Creator\1\LWO2.cydsn\Generated_Source\PSoC4\CyLFClk.c ****                 {
 902              		.loc 1 1234 0 discriminator 1
 903 0018 0020     		movs	r0, #0
 904 001a FFF7FEFF 		bl	CySysWdtGetEnabledStatus
 905              	.LVL79:
 906 001e 0028     		cmp	r0, #0
 907 0020 FAD1     		bne	.L76
 908              	.L75:
1240:C:\Program Files (x86)\Cypress\PSoC Creator\4.4\PSoC Creator\1\LWO2.cydsn\Generated_Source\PSoC4\CyLFClk.c ****             {
 909              		.loc 1 1240 0
 910 0022 E305     		lsls	r3, r4, #23
 911 0024 04D5     		bpl	.L77
 912              	.L78:
1242:C:\Program Files (x86)\Cypress\PSoC Creator\4.4\PSoC Creator\1\LWO2.cydsn\Generated_Source\PSoC4\CyLFClk.c ****                 {
 913              		.loc 1 1242 0 discriminator 1
 914 0026 0120     		movs	r0, #1
 915 0028 FFF7FEFF 		bl	CySysWdtGetEnabledStatus
 916              	.LVL80:
 917 002c 0028     		cmp	r0, #0
 918 002e FAD1     		bne	.L78
 919              	.L77:
1248:C:\Program Files (x86)\Cypress\PSoC Creator\4.4\PSoC Creator\1\LWO2.cydsn\Generated_Source\PSoC4\CyLFClk.c ****             {
 920              		.loc 1 1248 0
ARM GAS  C:\Users\taips\AppData\Local\Temp\cc8A2Ndf.s 			page 52


 921 0030 E303     		lsls	r3, r4, #15
 922 0032 04D5     		bpl	.L73
 923              	.L79:
1250:C:\Program Files (x86)\Cypress\PSoC Creator\4.4\PSoC Creator\1\LWO2.cydsn\Generated_Source\PSoC4\CyLFClk.c ****                 {
 924              		.loc 1 1250 0 discriminator 1
 925 0034 0220     		movs	r0, #2
 926 0036 FFF7FEFF 		bl	CySysWdtGetEnabledStatus
 927              	.LVL81:
 928 003a 0028     		cmp	r0, #0
 929 003c FAD1     		bne	.L79
 930              	.L73:
1256:C:\Program Files (x86)\Cypress\PSoC Creator\4.4\PSoC Creator\1\LWO2.cydsn\Generated_Source\PSoC4\CyLFClk.c **** 
 931              		.loc 1 1256 0
 932              		@ sp needed
 933              	.LVL82:
 934 003e 10BD     		pop	{r4, pc}
 935              	.L81:
 936              		.align	2
 937              	.L80:
 938 0040 10020B40 		.word	1074463248
 939              		.cfi_endproc
 940              	.LFE15:
 941              		.size	CySysWdtDisable, .-CySysWdtDisable
 942              		.section	.text.CySysWdtSetCascade,"ax",%progbits
 943              		.align	2
 944              		.global	CySysWdtSetCascade
 945              		.code	16
 946              		.thumb_func
 947              		.type	CySysWdtSetCascade, %function
 948              	CySysWdtSetCascade:
 949              	.LFB16:
1286:C:\Program Files (x86)\Cypress\PSoC Creator\4.4\PSoC Creator\1\LWO2.cydsn\Generated_Source\PSoC4\CyLFClk.c ****         uint32 configRegValue;
 950              		.loc 1 1286 0
 951              		.cfi_startproc
 952              		@ args = 0, pretend = 0, frame = 0
 953              		@ frame_needed = 0, uses_anonymous_args = 0
 954              	.LVL83:
 955 0000 70B5     		push	{r4, r5, r6, lr}
 956              		.cfi_def_cfa_offset 16
 957              		.cfi_offset 4, -16
 958              		.cfi_offset 5, -12
 959              		.cfi_offset 6, -8
 960              		.cfi_offset 14, -4
 961 0002 0500     		movs	r5, r0
1290:C:\Program Files (x86)\Cypress\PSoC Creator\4.4\PSoC Creator\1\LWO2.cydsn\Generated_Source\PSoC4\CyLFClk.c ****                             CySysWdtGetEnabledStatus(CY_SYS_WDT_COUNTER1) |
 962              		.loc 1 1290 0
 963 0004 0020     		movs	r0, #0
 964              	.LVL84:
 965 0006 FFF7FEFF 		bl	CySysWdtGetEnabledStatus
 966              	.LVL85:
 967 000a 0400     		movs	r4, r0
1291:C:\Program Files (x86)\Cypress\PSoC Creator\4.4\PSoC Creator\1\LWO2.cydsn\Generated_Source\PSoC4\CyLFClk.c ****                             CySysWdtGetEnabledStatus(CY_SYS_WDT_COUNTER2);
 968              		.loc 1 1291 0
 969 000c 0120     		movs	r0, #1
 970 000e FFF7FEFF 		bl	CySysWdtGetEnabledStatus
 971              	.LVL86:
1290:C:\Program Files (x86)\Cypress\PSoC Creator\4.4\PSoC Creator\1\LWO2.cydsn\Generated_Source\PSoC4\CyLFClk.c ****                             CySysWdtGetEnabledStatus(CY_SYS_WDT_COUNTER1) |
ARM GAS  C:\Users\taips\AppData\Local\Temp\cc8A2Ndf.s 			page 53


 972              		.loc 1 1290 0
 973 0012 0443     		orrs	r4, r0
1292:C:\Program Files (x86)\Cypress\PSoC Creator\4.4\PSoC Creator\1\LWO2.cydsn\Generated_Source\PSoC4\CyLFClk.c **** 
 974              		.loc 1 1292 0
 975 0014 0220     		movs	r0, #2
 976 0016 FFF7FEFF 		bl	CySysWdtGetEnabledStatus
 977              	.LVL87:
1290:C:\Program Files (x86)\Cypress\PSoC Creator\4.4\PSoC Creator\1\LWO2.cydsn\Generated_Source\PSoC4\CyLFClk.c ****                             CySysWdtGetEnabledStatus(CY_SYS_WDT_COUNTER1) |
 978              		.loc 1 1290 0
 979 001a 2043     		orrs	r0, r4
 980              	.LVL88:
1294:C:\Program Files (x86)\Cypress\PSoC Creator\4.4\PSoC Creator\1\LWO2.cydsn\Generated_Source\PSoC4\CyLFClk.c ****         {
 981              		.loc 1 1294 0
 982 001c 05D1     		bne	.L82
1296:C:\Program Files (x86)\Cypress\PSoC Creator\4.4\PSoC Creator\1\LWO2.cydsn\Generated_Source\PSoC4\CyLFClk.c ****             configRegValue &= ((uint32)(~(CY_SYS_WDT_CASCADE_01|CY_SYS_WDT_CASCADE_12)));
 983              		.loc 1 1296 0
 984 001e 034A     		ldr	r2, .L84
 985 0020 1168     		ldr	r1, [r2]
 986              	.LVL89:
1297:C:\Program Files (x86)\Cypress\PSoC Creator\4.4\PSoC Creator\1\LWO2.cydsn\Generated_Source\PSoC4\CyLFClk.c ****             configRegValue |= cascadeMask;
 987              		.loc 1 1297 0
 988 0022 034B     		ldr	r3, .L84+4
 989 0024 0B40     		ands	r3, r1
 990              	.LVL90:
1298:C:\Program Files (x86)\Cypress\PSoC Creator\4.4\PSoC Creator\1\LWO2.cydsn\Generated_Source\PSoC4\CyLFClk.c ****             CY_SYS_WDT_CONFIG_REG = configRegValue;
 991              		.loc 1 1298 0
 992 0026 1D43     		orrs	r5, r3
 993              	.LVL91:
1299:C:\Program Files (x86)\Cypress\PSoC Creator\4.4\PSoC Creator\1\LWO2.cydsn\Generated_Source\PSoC4\CyLFClk.c ****         }
 994              		.loc 1 1299 0
 995 0028 1560     		str	r5, [r2]
 996              	.LVL92:
 997              	.L82:
1301:C:\Program Files (x86)\Cypress\PSoC Creator\4.4\PSoC Creator\1\LWO2.cydsn\Generated_Source\PSoC4\CyLFClk.c **** 
 998              		.loc 1 1301 0
 999              		@ sp needed
 1000 002a 70BD     		pop	{r4, r5, r6, pc}
 1001              	.L85:
 1002              		.align	2
 1003              	.L84:
 1004 002c 0C020B40 		.word	1074463244
 1005 0030 F7F7FFFF 		.word	-2057
 1006              		.cfi_endproc
 1007              	.LFE16:
 1008              		.size	CySysWdtSetCascade, .-CySysWdtSetCascade
 1009              		.section	.text.CySysWdtGetCascade,"ax",%progbits
 1010              		.align	2
 1011              		.global	CySysWdtGetCascade
 1012              		.code	16
 1013              		.thumb_func
 1014              		.type	CySysWdtGetCascade, %function
 1015              	CySysWdtGetCascade:
 1016              	.LFB17:
1317:C:\Program Files (x86)\Cypress\PSoC Creator\4.4\PSoC Creator\1\LWO2.cydsn\Generated_Source\PSoC4\CyLFClk.c ****         return (CY_SYS_WDT_CONFIG_REG & (CY_SYS_WDT_CASCADE_01 | CY_SYS_WDT_CASCADE_12));
 1017              		.loc 1 1317 0
 1018              		.cfi_startproc
 1019              		@ args = 0, pretend = 0, frame = 0
ARM GAS  C:\Users\taips\AppData\Local\Temp\cc8A2Ndf.s 			page 54


 1020              		@ frame_needed = 0, uses_anonymous_args = 0
 1021              		@ link register save eliminated.
1318:C:\Program Files (x86)\Cypress\PSoC Creator\4.4\PSoC Creator\1\LWO2.cydsn\Generated_Source\PSoC4\CyLFClk.c ****     }
 1022              		.loc 1 1318 0
 1023 0000 024B     		ldr	r3, .L87
 1024 0002 1868     		ldr	r0, [r3]
 1025 0004 024B     		ldr	r3, .L87+4
 1026 0006 1840     		ands	r0, r3
1319:C:\Program Files (x86)\Cypress\PSoC Creator\4.4\PSoC Creator\1\LWO2.cydsn\Generated_Source\PSoC4\CyLFClk.c **** 
 1027              		.loc 1 1319 0
 1028              		@ sp needed
 1029 0008 7047     		bx	lr
 1030              	.L88:
 1031 000a C046     		.align	2
 1032              	.L87:
 1033 000c 0C020B40 		.word	1074463244
 1034 0010 08080000 		.word	2056
 1035              		.cfi_endproc
 1036              	.LFE17:
 1037              		.size	CySysWdtGetCascade, .-CySysWdtGetCascade
 1038              		.section	.text.CySysWdtSetMatch,"ax",%progbits
 1039              		.align	2
 1040              		.global	CySysWdtSetMatch
 1041              		.code	16
 1042              		.thumb_func
 1043              		.type	CySysWdtSetMatch, %function
 1044              	CySysWdtSetMatch:
 1045              	.LFB18:
1337:C:\Program Files (x86)\Cypress\PSoC Creator\4.4\PSoC Creator\1\LWO2.cydsn\Generated_Source\PSoC4\CyLFClk.c ****         uint32 regValue;
 1046              		.loc 1 1337 0
 1047              		.cfi_startproc
 1048              		@ args = 0, pretend = 0, frame = 0
 1049              		@ frame_needed = 0, uses_anonymous_args = 0
 1050              	.LVL93:
 1051 0000 70B5     		push	{r4, r5, r6, lr}
 1052              		.cfi_def_cfa_offset 16
 1053              		.cfi_offset 4, -16
 1054              		.cfi_offset 5, -12
 1055              		.cfi_offset 6, -8
 1056              		.cfi_offset 14, -4
 1057 0002 0500     		movs	r5, r0
 1058 0004 0C00     		movs	r4, r1
1340:C:\Program Files (x86)\Cypress\PSoC Creator\4.4\PSoC Creator\1\LWO2.cydsn\Generated_Source\PSoC4\CyLFClk.c ****                  (counterNum == CY_SYS_WDT_COUNTER1));
 1059              		.loc 1 1340 0
 1060 0006 0128     		cmp	r0, #1
 1061 0008 02D9     		bls	.L90
1340:C:\Program Files (x86)\Cypress\PSoC Creator\4.4\PSoC Creator\1\LWO2.cydsn\Generated_Source\PSoC4\CyLFClk.c ****                  (counterNum == CY_SYS_WDT_COUNTER1));
 1062              		.loc 1 1340 0 is_stmt 0 discriminator 1
 1063 000a 0020     		movs	r0, #0
 1064              	.LVL94:
 1065 000c FFF7FEFF 		bl	CyHalt
 1066              	.LVL95:
 1067              	.L90:
1344:C:\Program Files (x86)\Cypress\PSoC Creator\4.4\PSoC Creator\1\LWO2.cydsn\Generated_Source\PSoC4\CyLFClk.c **** 
 1068              		.loc 1 1344 0 is_stmt 1
 1069 0010 C920     		movs	r0, #201
 1070 0012 FFF7FEFF 		bl	CyDelayUs
ARM GAS  C:\Users\taips\AppData\Local\Temp\cc8A2Ndf.s 			page 55


 1071              	.LVL96:
1346:C:\Program Files (x86)\Cypress\PSoC Creator\4.4\PSoC Creator\1\LWO2.cydsn\Generated_Source\PSoC4\CyLFClk.c ****         regValue &= (uint32)~((uint32)(CY_SYS_WDT_LOWER_16BITS_MASK << (counterNum * CY_SYS_WDT_CNT
 1072              		.loc 1 1346 0
 1073 0016 0649     		ldr	r1, .L91
 1074 0018 0B68     		ldr	r3, [r1]
 1075              	.LVL97:
1347:C:\Program Files (x86)\Cypress\PSoC Creator\4.4\PSoC Creator\1\LWO2.cydsn\Generated_Source\PSoC4\CyLFClk.c ****         CY_SYS_WDT_MATCH_REG = (regValue | (match << (counterNum * CY_SYS_WDT_CNT_MATCH_SHIFT)));
 1076              		.loc 1 1347 0
 1077 001a 2D01     		lsls	r5, r5, #4
 1078              	.LVL98:
 1079 001c 054A     		ldr	r2, .L91+4
 1080 001e AA40     		lsls	r2, r2, r5
 1081 0020 9343     		bics	r3, r2
 1082              	.LVL99:
1348:C:\Program Files (x86)\Cypress\PSoC Creator\4.4\PSoC Creator\1\LWO2.cydsn\Generated_Source\PSoC4\CyLFClk.c **** 
 1083              		.loc 1 1348 0
 1084 0022 AC40     		lsls	r4, r4, r5
 1085              	.LVL100:
 1086 0024 1C43     		orrs	r4, r3
 1087 0026 0C60     		str	r4, [r1]
1351:C:\Program Files (x86)\Cypress\PSoC Creator\4.4\PSoC Creator\1\LWO2.cydsn\Generated_Source\PSoC4\CyLFClk.c ****     }
 1088              		.loc 1 1351 0
 1089 0028 4320     		movs	r0, #67
 1090 002a FFF7FEFF 		bl	CyDelayUs
 1091              	.LVL101:
1352:C:\Program Files (x86)\Cypress\PSoC Creator\4.4\PSoC Creator\1\LWO2.cydsn\Generated_Source\PSoC4\CyLFClk.c **** 
 1092              		.loc 1 1352 0
 1093              		@ sp needed
 1094 002e 70BD     		pop	{r4, r5, r6, pc}
 1095              	.L92:
 1096              		.align	2
 1097              	.L91:
 1098 0030 08020B40 		.word	1074463240
 1099 0034 FFFF0000 		.word	65535
 1100              		.cfi_endproc
 1101              	.LFE18:
 1102              		.size	CySysWdtSetMatch, .-CySysWdtSetMatch
 1103              		.section	.text.CySysWdtSetToggleBit,"ax",%progbits
 1104              		.align	2
 1105              		.global	CySysWdtSetToggleBit
 1106              		.code	16
 1107              		.thumb_func
 1108              		.type	CySysWdtSetToggleBit, %function
 1109              	CySysWdtSetToggleBit:
 1110              	.LFB19:
1376:C:\Program Files (x86)\Cypress\PSoC Creator\4.4\PSoC Creator\1\LWO2.cydsn\Generated_Source\PSoC4\CyLFClk.c ****         uint32 configRegValue;
 1111              		.loc 1 1376 0
 1112              		.cfi_startproc
 1113              		@ args = 0, pretend = 0, frame = 0
 1114              		@ frame_needed = 0, uses_anonymous_args = 0
 1115              	.LVL102:
 1116 0000 10B5     		push	{r4, lr}
 1117              		.cfi_def_cfa_offset 8
 1118              		.cfi_offset 4, -8
 1119              		.cfi_offset 14, -4
 1120 0002 0400     		movs	r4, r0
1379:C:\Program Files (x86)\Cypress\PSoC Creator\4.4\PSoC Creator\1\LWO2.cydsn\Generated_Source\PSoC4\CyLFClk.c ****         {
ARM GAS  C:\Users\taips\AppData\Local\Temp\cc8A2Ndf.s 			page 56


 1121              		.loc 1 1379 0
 1122 0004 0220     		movs	r0, #2
 1123              	.LVL103:
 1124 0006 FFF7FEFF 		bl	CySysWdtGetEnabledStatus
 1125              	.LVL104:
 1126 000a 0028     		cmp	r0, #0
 1127 000c 0AD1     		bne	.L93
1381:C:\Program Files (x86)\Cypress\PSoC Creator\4.4\PSoC Creator\1\LWO2.cydsn\Generated_Source\PSoC4\CyLFClk.c ****             configRegValue &= (uint32)(~((uint32)(CY_SYS_WDT_CONFIG_BITS2_MASK << CY_SYS_WDT_CONFIG
 1128              		.loc 1 1381 0
 1129 000e 0649     		ldr	r1, .L95
 1130 0010 0868     		ldr	r0, [r1]
 1131              	.LVL105:
1382:C:\Program Files (x86)\Cypress\PSoC Creator\4.4\PSoC Creator\1\LWO2.cydsn\Generated_Source\PSoC4\CyLFClk.c ****             configRegValue |= ((bits & CY_SYS_WDT_CONFIG_BITS2_MASK) << CY_SYS_WDT_CONFIG_BITS2_POS
 1132              		.loc 1 1382 0
 1133 0012 064B     		ldr	r3, .L95+4
 1134 0014 0200     		movs	r2, r0
 1135 0016 1A40     		ands	r2, r3
 1136              	.LVL106:
1383:C:\Program Files (x86)\Cypress\PSoC Creator\4.4\PSoC Creator\1\LWO2.cydsn\Generated_Source\PSoC4\CyLFClk.c ****             CY_SYS_WDT_CONFIG_REG = configRegValue;
 1137              		.loc 1 1383 0
 1138 0018 2006     		lsls	r0, r4, #24
 1139 001a F823     		movs	r3, #248
 1140 001c 5B05     		lsls	r3, r3, #21
 1141 001e 1840     		ands	r0, r3
 1142 0020 1043     		orrs	r0, r2
 1143              	.LVL107:
1384:C:\Program Files (x86)\Cypress\PSoC Creator\4.4\PSoC Creator\1\LWO2.cydsn\Generated_Source\PSoC4\CyLFClk.c ****         }
 1144              		.loc 1 1384 0
 1145 0022 0860     		str	r0, [r1]
 1146              	.LVL108:
 1147              	.L93:
1386:C:\Program Files (x86)\Cypress\PSoC Creator\4.4\PSoC Creator\1\LWO2.cydsn\Generated_Source\PSoC4\CyLFClk.c **** 
 1148              		.loc 1 1386 0
 1149              		@ sp needed
 1150              	.LVL109:
 1151 0024 10BD     		pop	{r4, pc}
 1152              	.L96:
 1153 0026 C046     		.align	2
 1154              	.L95:
 1155 0028 0C020B40 		.word	1074463244
 1156 002c FFFFFFE0 		.word	-520093697
 1157              		.cfi_endproc
 1158              	.LFE19:
 1159              		.size	CySysWdtSetToggleBit, .-CySysWdtSetToggleBit
 1160              		.section	.text.CySysWdtGetToggleBit,"ax",%progbits
 1161              		.align	2
 1162              		.global	CySysWdtGetToggleBit
 1163              		.code	16
 1164              		.thumb_func
 1165              		.type	CySysWdtGetToggleBit, %function
 1166              	CySysWdtGetToggleBit:
 1167              	.LFB20:
1399:C:\Program Files (x86)\Cypress\PSoC Creator\4.4\PSoC Creator\1\LWO2.cydsn\Generated_Source\PSoC4\CyLFClk.c ****         return ((CY_SYS_WDT_CONFIG_REG >> CY_SYS_WDT_CONFIG_BITS2_POS) & CY_SYS_WDT_CONFIG_BITS2_MA
 1168              		.loc 1 1399 0
 1169              		.cfi_startproc
 1170              		@ args = 0, pretend = 0, frame = 0
 1171              		@ frame_needed = 0, uses_anonymous_args = 0
ARM GAS  C:\Users\taips\AppData\Local\Temp\cc8A2Ndf.s 			page 57


 1172              		@ link register save eliminated.
1400:C:\Program Files (x86)\Cypress\PSoC Creator\4.4\PSoC Creator\1\LWO2.cydsn\Generated_Source\PSoC4\CyLFClk.c ****     }
 1173              		.loc 1 1400 0
 1174 0000 024B     		ldr	r3, .L98
 1175 0002 1868     		ldr	r0, [r3]
 1176 0004 000E     		lsrs	r0, r0, #24
 1177 0006 1F23     		movs	r3, #31
 1178 0008 1840     		ands	r0, r3
1401:C:\Program Files (x86)\Cypress\PSoC Creator\4.4\PSoC Creator\1\LWO2.cydsn\Generated_Source\PSoC4\CyLFClk.c **** 
 1179              		.loc 1 1401 0
 1180              		@ sp needed
 1181 000a 7047     		bx	lr
 1182              	.L99:
 1183              		.align	2
 1184              	.L98:
 1185 000c 0C020B40 		.word	1074463244
 1186              		.cfi_endproc
 1187              	.LFE20:
 1188              		.size	CySysWdtGetToggleBit, .-CySysWdtGetToggleBit
 1189              		.section	.text.CySysWdtGetMatch,"ax",%progbits
 1190              		.align	2
 1191              		.global	CySysWdtGetMatch
 1192              		.code	16
 1193              		.thumb_func
 1194              		.type	CySysWdtGetMatch, %function
 1195              	CySysWdtGetMatch:
 1196              	.LFB21:
1417:C:\Program Files (x86)\Cypress\PSoC Creator\4.4\PSoC Creator\1\LWO2.cydsn\Generated_Source\PSoC4\CyLFClk.c ****         CYASSERT((counterNum == CY_SYS_WDT_COUNTER0) ||
 1197              		.loc 1 1417 0
 1198              		.cfi_startproc
 1199              		@ args = 0, pretend = 0, frame = 0
 1200              		@ frame_needed = 0, uses_anonymous_args = 0
 1201              	.LVL110:
 1202 0000 10B5     		push	{r4, lr}
 1203              		.cfi_def_cfa_offset 8
 1204              		.cfi_offset 4, -8
 1205              		.cfi_offset 14, -4
 1206 0002 0400     		movs	r4, r0
1418:C:\Program Files (x86)\Cypress\PSoC Creator\4.4\PSoC Creator\1\LWO2.cydsn\Generated_Source\PSoC4\CyLFClk.c ****                  (counterNum == CY_SYS_WDT_COUNTER1));
 1207              		.loc 1 1418 0
 1208 0004 0128     		cmp	r0, #1
 1209 0006 02D9     		bls	.L101
1418:C:\Program Files (x86)\Cypress\PSoC Creator\4.4\PSoC Creator\1\LWO2.cydsn\Generated_Source\PSoC4\CyLFClk.c ****                  (counterNum == CY_SYS_WDT_COUNTER1));
 1210              		.loc 1 1418 0 is_stmt 0 discriminator 1
 1211 0008 0020     		movs	r0, #0
 1212              	.LVL111:
 1213 000a FFF7FEFF 		bl	CyHalt
 1214              	.LVL112:
 1215              	.L101:
1421:C:\Program Files (x86)\Cypress\PSoC Creator\4.4\PSoC Creator\1\LWO2.cydsn\Generated_Source\PSoC4\CyLFClk.c ****                                             (counterNum * CY_SYS_WDT_CNT_MATCH_SHIFT)) & CY_SYS_WDT
 1216              		.loc 1 1421 0 is_stmt 1
 1217 000e 034B     		ldr	r3, .L102
 1218 0010 1868     		ldr	r0, [r3]
1422:C:\Program Files (x86)\Cypress\PSoC Creator\4.4\PSoC Creator\1\LWO2.cydsn\Generated_Source\PSoC4\CyLFClk.c ****     }
 1219              		.loc 1 1422 0
 1220 0012 2401     		lsls	r4, r4, #4
 1221              	.LVL113:
ARM GAS  C:\Users\taips\AppData\Local\Temp\cc8A2Ndf.s 			page 58


1421:C:\Program Files (x86)\Cypress\PSoC Creator\4.4\PSoC Creator\1\LWO2.cydsn\Generated_Source\PSoC4\CyLFClk.c ****                                             (counterNum * CY_SYS_WDT_CNT_MATCH_SHIFT)) & CY_SYS_WDT
 1222              		.loc 1 1421 0
 1223 0014 E040     		lsrs	r0, r0, r4
 1224 0016 0004     		lsls	r0, r0, #16
 1225 0018 000C     		lsrs	r0, r0, #16
1423:C:\Program Files (x86)\Cypress\PSoC Creator\4.4\PSoC Creator\1\LWO2.cydsn\Generated_Source\PSoC4\CyLFClk.c **** 
 1226              		.loc 1 1423 0
 1227              		@ sp needed
 1228 001a 10BD     		pop	{r4, pc}
 1229              	.L103:
 1230              		.align	2
 1231              	.L102:
 1232 001c 08020B40 		.word	1074463240
 1233              		.cfi_endproc
 1234              	.LFE21:
 1235              		.size	CySysWdtGetMatch, .-CySysWdtGetMatch
 1236              		.section	.text.CySysWdtGetCount,"ax",%progbits
 1237              		.align	2
 1238              		.global	CySysWdtGetCount
 1239              		.code	16
 1240              		.thumb_func
 1241              		.type	CySysWdtGetCount, %function
 1242              	CySysWdtGetCount:
 1243              	.LFB22:
1439:C:\Program Files (x86)\Cypress\PSoC Creator\4.4\PSoC Creator\1\LWO2.cydsn\Generated_Source\PSoC4\CyLFClk.c ****         uint32 regValue = 0u;
 1244              		.loc 1 1439 0
 1245              		.cfi_startproc
 1246              		@ args = 0, pretend = 0, frame = 0
 1247              		@ frame_needed = 0, uses_anonymous_args = 0
 1248              	.LVL114:
 1249 0000 10B5     		push	{r4, lr}
 1250              		.cfi_def_cfa_offset 8
 1251              		.cfi_offset 4, -8
 1252              		.cfi_offset 14, -4
 1253              	.LVL115:
1442:C:\Program Files (x86)\Cypress\PSoC Creator\4.4\PSoC Creator\1\LWO2.cydsn\Generated_Source\PSoC4\CyLFClk.c ****         {
 1254              		.loc 1 1442 0
 1255 0002 0128     		cmp	r0, #1
 1256 0004 09D0     		beq	.L106
 1257 0006 0028     		cmp	r0, #0
 1258 0008 02D0     		beq	.L107
 1259 000a 0228     		cmp	r0, #2
 1260 000c 09D0     		beq	.L108
 1261 000e 0BE0     		b	.L110
 1262              	.L107:
1446:C:\Program Files (x86)\Cypress\PSoC Creator\4.4\PSoC Creator\1\LWO2.cydsn\Generated_Source\PSoC4\CyLFClk.c ****             break;
 1263              		.loc 1 1446 0
 1264 0010 084B     		ldr	r3, .L111
 1265 0012 1868     		ldr	r0, [r3]
 1266              	.LVL116:
 1267 0014 0004     		lsls	r0, r0, #16
 1268 0016 000C     		lsrs	r0, r0, #16
 1269              	.LVL117:
1447:C:\Program Files (x86)\Cypress\PSoC Creator\4.4\PSoC Creator\1\LWO2.cydsn\Generated_Source\PSoC4\CyLFClk.c **** 
 1270              		.loc 1 1447 0
 1271 0018 0AE0     		b	.L109
 1272              	.LVL118:
ARM GAS  C:\Users\taips\AppData\Local\Temp\cc8A2Ndf.s 			page 59


 1273              	.L106:
1451:C:\Program Files (x86)\Cypress\PSoC Creator\4.4\PSoC Creator\1\LWO2.cydsn\Generated_Source\PSoC4\CyLFClk.c ****             break;
 1274              		.loc 1 1451 0
 1275 001a 064B     		ldr	r3, .L111
 1276 001c 1868     		ldr	r0, [r3]
 1277              	.LVL119:
 1278 001e 000C     		lsrs	r0, r0, #16
 1279              	.LVL120:
1452:C:\Program Files (x86)\Cypress\PSoC Creator\4.4\PSoC Creator\1\LWO2.cydsn\Generated_Source\PSoC4\CyLFClk.c **** 
 1280              		.loc 1 1452 0
 1281 0020 06E0     		b	.L109
 1282              	.LVL121:
 1283              	.L108:
1456:C:\Program Files (x86)\Cypress\PSoC Creator\4.4\PSoC Creator\1\LWO2.cydsn\Generated_Source\PSoC4\CyLFClk.c ****             break;
 1284              		.loc 1 1456 0
 1285 0022 054B     		ldr	r3, .L111+4
 1286 0024 1868     		ldr	r0, [r3]
 1287              	.LVL122:
1457:C:\Program Files (x86)\Cypress\PSoC Creator\4.4\PSoC Creator\1\LWO2.cydsn\Generated_Source\PSoC4\CyLFClk.c **** 
 1288              		.loc 1 1457 0
 1289 0026 03E0     		b	.L109
 1290              	.LVL123:
 1291              	.L110:
1460:C:\Program Files (x86)\Cypress\PSoC Creator\4.4\PSoC Creator\1\LWO2.cydsn\Generated_Source\PSoC4\CyLFClk.c ****             break;
 1292              		.loc 1 1460 0 discriminator 1
 1293 0028 0020     		movs	r0, #0
 1294              	.LVL124:
 1295 002a FFF7FEFF 		bl	CyHalt
 1296              	.LVL125:
1440:C:\Program Files (x86)\Cypress\PSoC Creator\4.4\PSoC Creator\1\LWO2.cydsn\Generated_Source\PSoC4\CyLFClk.c **** 
 1297              		.loc 1 1440 0 discriminator 1
 1298 002e 0020     		movs	r0, #0
 1299              	.LVL126:
 1300              	.L109:
1465:C:\Program Files (x86)\Cypress\PSoC Creator\4.4\PSoC Creator\1\LWO2.cydsn\Generated_Source\PSoC4\CyLFClk.c **** 
 1301              		.loc 1 1465 0
 1302              		@ sp needed
 1303 0030 10BD     		pop	{r4, pc}
 1304              	.L112:
 1305 0032 C046     		.align	2
 1306              	.L111:
 1307 0034 00020B40 		.word	1074463232
 1308 0038 04020B40 		.word	1074463236
 1309              		.cfi_endproc
 1310              	.LFE22:
 1311              		.size	CySysWdtGetCount, .-CySysWdtGetCount
 1312              		.section	.text.CySysClkLfclkPosedgeCatch,"ax",%progbits
 1313              		.align	2
 1314              		.code	16
 1315              		.thumb_func
 1316              		.type	CySysClkLfclkPosedgeCatch, %function
 1317              	CySysClkLfclkPosedgeCatch:
 1318              	.LFB32:
1841:C:\Program Files (x86)\Cypress\PSoC Creator\4.4\PSoC Creator\1\LWO2.cydsn\Generated_Source\PSoC4\CyLFClk.c ****         uint32 firstCount;
 1319              		.loc 1 1841 0
 1320              		.cfi_startproc
 1321              		@ args = 0, pretend = 0, frame = 0
ARM GAS  C:\Users\taips\AppData\Local\Temp\cc8A2Ndf.s 			page 60


 1322              		@ frame_needed = 0, uses_anonymous_args = 0
 1323 0000 10B5     		push	{r4, lr}
 1324              		.cfi_def_cfa_offset 8
 1325              		.cfi_offset 4, -8
 1326              		.cfi_offset 14, -4
1845:C:\Program Files (x86)\Cypress\PSoC Creator\4.4\PSoC Creator\1\LWO2.cydsn\Generated_Source\PSoC4\CyLFClk.c ****         {
 1327              		.loc 1 1845 0
 1328 0002 0020     		movs	r0, #0
 1329 0004 FFF7FEFF 		bl	CySysWdtGetEnabledStatus
 1330              	.LVL127:
 1331 0008 0028     		cmp	r0, #0
 1332 000a 03D0     		beq	.L114
1847:C:\Program Files (x86)\Cypress\PSoC Creator\4.4\PSoC Creator\1\LWO2.cydsn\Generated_Source\PSoC4\CyLFClk.c ****         }
 1333              		.loc 1 1847 0
 1334 000c 0022     		movs	r2, #0
 1335 000e 184B     		ldr	r3, .L119
 1336 0010 DA60     		str	r2, [r3, #12]
 1337 0012 21E0     		b	.L115
 1338              	.L114:
1849:C:\Program Files (x86)\Cypress\PSoC Creator\4.4\PSoC Creator\1\LWO2.cydsn\Generated_Source\PSoC4\CyLFClk.c ****         {
 1339              		.loc 1 1849 0
 1340 0014 0120     		movs	r0, #1
 1341 0016 FFF7FEFF 		bl	CySysWdtGetEnabledStatus
 1342              	.LVL128:
 1343 001a 0028     		cmp	r0, #0
 1344 001c 03D0     		beq	.L116
1851:C:\Program Files (x86)\Cypress\PSoC Creator\4.4\PSoC Creator\1\LWO2.cydsn\Generated_Source\PSoC4\CyLFClk.c ****         }
 1345              		.loc 1 1851 0
 1346 001e 0122     		movs	r2, #1
 1347 0020 134B     		ldr	r3, .L119
 1348 0022 DA60     		str	r2, [r3, #12]
 1349 0024 18E0     		b	.L115
 1350              	.L116:
1853:C:\Program Files (x86)\Cypress\PSoC Creator\4.4\PSoC Creator\1\LWO2.cydsn\Generated_Source\PSoC4\CyLFClk.c ****         {
 1351              		.loc 1 1853 0
 1352 0026 0220     		movs	r0, #2
 1353 0028 FFF7FEFF 		bl	CySysWdtGetEnabledStatus
 1354              	.LVL129:
 1355 002c 0028     		cmp	r0, #0
 1356 002e 03D0     		beq	.L117
1855:C:\Program Files (x86)\Cypress\PSoC Creator\4.4\PSoC Creator\1\LWO2.cydsn\Generated_Source\PSoC4\CyLFClk.c ****         }
 1357              		.loc 1 1855 0
 1358 0030 0222     		movs	r2, #2
 1359 0032 0F4B     		ldr	r3, .L119
 1360 0034 DA60     		str	r2, [r3, #12]
 1361 0036 0FE0     		b	.L115
 1362              	.L117:
1860:C:\Program Files (x86)\Cypress\PSoC Creator\4.4\PSoC Creator\1\LWO2.cydsn\Generated_Source\PSoC4\CyLFClk.c ****             lfclkPosedgeEnabledWdtCounter = CY_SYS_WDT_COUNTER0;
 1363              		.loc 1 1860 0
 1364 0038 0D4C     		ldr	r4, .L119
 1365 003a 0123     		movs	r3, #1
 1366 003c 6360     		str	r3, [r4, #4]
1861:C:\Program Files (x86)\Cypress\PSoC Creator\4.4\PSoC Creator\1\LWO2.cydsn\Generated_Source\PSoC4\CyLFClk.c **** 
 1367              		.loc 1 1861 0
 1368 003e 0023     		movs	r3, #0
 1369 0040 E360     		str	r3, [r4, #12]
1863:C:\Program Files (x86)\Cypress\PSoC Creator\4.4\PSoC Creator\1\LWO2.cydsn\Generated_Source\PSoC4\CyLFClk.c ****             CySysWdtSetMode(CY_SYS_WDT_COUNTER0, CY_SYS_WDT_MODE_NONE);
ARM GAS  C:\Users\taips\AppData\Local\Temp\cc8A2Ndf.s 			page 61


 1370              		.loc 1 1863 0
 1371 0042 0020     		movs	r0, #0
 1372 0044 FFF7FEFF 		bl	CySysWdtGetMode
 1373              	.LVL130:
 1374 0048 A060     		str	r0, [r4, #8]
1864:C:\Program Files (x86)\Cypress\PSoC Creator\4.4\PSoC Creator\1\LWO2.cydsn\Generated_Source\PSoC4\CyLFClk.c ****             CySysWdtEnable(CY_SYS_WDT_COUNTER0_MASK);
 1375              		.loc 1 1864 0
 1376 004a 0021     		movs	r1, #0
 1377 004c 0020     		movs	r0, #0
 1378 004e FFF7FEFF 		bl	CySysWdtSetMode
 1379              	.LVL131:
1865:C:\Program Files (x86)\Cypress\PSoC Creator\4.4\PSoC Creator\1\LWO2.cydsn\Generated_Source\PSoC4\CyLFClk.c ****         }
 1380              		.loc 1 1865 0
 1381 0052 0120     		movs	r0, #1
 1382 0054 FFF7FEFF 		bl	CySysWdtEnable
 1383              	.LVL132:
 1384              	.L115:
1868:C:\Program Files (x86)\Cypress\PSoC Creator\4.4\PSoC Creator\1\LWO2.cydsn\Generated_Source\PSoC4\CyLFClk.c ****         while (CySysWdtGetCount(lfclkPosedgeEnabledWdtCounter) == firstCount)
 1385              		.loc 1 1868 0
 1386 0058 054B     		ldr	r3, .L119
 1387 005a D868     		ldr	r0, [r3, #12]
 1388 005c FFF7FEFF 		bl	CySysWdtGetCount
 1389              	.LVL133:
 1390 0060 0400     		movs	r4, r0
 1391              	.LVL134:
 1392              	.L118:
1869:C:\Program Files (x86)\Cypress\PSoC Creator\4.4\PSoC Creator\1\LWO2.cydsn\Generated_Source\PSoC4\CyLFClk.c ****         {
 1393              		.loc 1 1869 0 discriminator 1
 1394 0062 034B     		ldr	r3, .L119
 1395 0064 D868     		ldr	r0, [r3, #12]
 1396 0066 FFF7FEFF 		bl	CySysWdtGetCount
 1397              	.LVL135:
 1398 006a 8442     		cmp	r4, r0
 1399 006c F9D0     		beq	.L118
1873:C:\Program Files (x86)\Cypress\PSoC Creator\4.4\PSoC Creator\1\LWO2.cydsn\Generated_Source\PSoC4\CyLFClk.c **** 
 1400              		.loc 1 1873 0
 1401              		@ sp needed
 1402              	.LVL136:
 1403 006e 10BD     		pop	{r4, pc}
 1404              	.L120:
 1405              		.align	2
 1406              	.L119:
 1407 0070 00000000 		.word	.LANCHOR0
 1408              		.cfi_endproc
 1409              	.LFE32:
 1410              		.size	CySysClkLfclkPosedgeCatch, .-CySysClkLfclkPosedgeCatch
 1411              		.section	.text.CySysClkIloStop,"ax",%progbits
 1412              		.align	2
 1413              		.global	CySysClkIloStop
 1414              		.code	16
 1415              		.thumb_func
 1416              		.type	CySysClkIloStop, %function
 1417              	CySysClkIloStop:
 1418              	.LFB1:
 109:C:\Program Files (x86)\Cypress\PSoC Creator\4.4\PSoC Creator\1\LWO2.cydsn\Generated_Source\PSoC4\CyLFClk.c ****     #if(CY_IP_SRSSV2)
 1419              		.loc 1 109 0
 1420              		.cfi_startproc
ARM GAS  C:\Users\taips\AppData\Local\Temp\cc8A2Ndf.s 			page 62


 1421              		@ args = 0, pretend = 0, frame = 0
 1422              		@ frame_needed = 0, uses_anonymous_args = 0
 1423 0000 10B5     		push	{r4, lr}
 1424              		.cfi_def_cfa_offset 8
 1425              		.cfi_offset 4, -8
 1426              		.cfi_offset 14, -4
 114:C:\Program Files (x86)\Cypress\PSoC Creator\4.4\PSoC Creator\1\LWO2.cydsn\Generated_Source\PSoC4\CyLFClk.c ****         {
 1427              		.loc 1 114 0
 1428 0002 FFF7FEFF 		bl	CySysWdtLocked
 1429              	.LVL137:
 1430 0006 0028     		cmp	r0, #0
 1431 0008 12D1     		bne	.L121
 116:C:\Program Files (x86)\Cypress\PSoC Creator\4.4\PSoC Creator\1\LWO2.cydsn\Generated_Source\PSoC4\CyLFClk.c ****             {
 1432              		.loc 1 116 0
 1433 000a FFF7FEFF 		bl	CySysClkIloEnabled
 1434              	.LVL138:
 1435 000e 0028     		cmp	r0, #0
 1436 0010 0ED0     		beq	.L121
 124:C:\Program Files (x86)\Cypress\PSoC Creator\4.4\PSoC Creator\1\LWO2.cydsn\Generated_Source\PSoC4\CyLFClk.c ****                 CySysClkLfclkPosedgeCatch();
 1437              		.loc 1 124 0
 1438 0012 FFF7FEFF 		bl	CyEnterCriticalSection
 1439              	.LVL139:
 1440 0016 0400     		movs	r4, r0
 1441              	.LVL140:
 125:C:\Program Files (x86)\Cypress\PSoC Creator\4.4\PSoC Creator\1\LWO2.cydsn\Generated_Source\PSoC4\CyLFClk.c ****                 CY_SYS_CLK_ILO_CONFIG_REG &= (uint32) ( ~(uint32)CY_SYS_CLK_ILO_CONFIG_ENABLE);
 1442              		.loc 1 125 0
 1443 0018 FFF7FEFF 		bl	CySysClkLfclkPosedgeCatch
 1444              	.LVL141:
 126:C:\Program Files (x86)\Cypress\PSoC Creator\4.4\PSoC Creator\1\LWO2.cydsn\Generated_Source\PSoC4\CyLFClk.c ****                 CySysClkLfclkPosedgeRestore();
 1445              		.loc 1 126 0
 1446 001c 054A     		ldr	r2, .L123
 1447 001e 1368     		ldr	r3, [r2]
 1448 0020 5B00     		lsls	r3, r3, #1
 1449 0022 5B08     		lsrs	r3, r3, #1
 1450 0024 1360     		str	r3, [r2]
 127:C:\Program Files (x86)\Cypress\PSoC Creator\4.4\PSoC Creator\1\LWO2.cydsn\Generated_Source\PSoC4\CyLFClk.c ****                 CyExitCriticalSection(interruptState);
 1451              		.loc 1 127 0
 1452 0026 FFF7FEFF 		bl	CySysClkLfclkPosedgeRestore
 1453              	.LVL142:
 128:C:\Program Files (x86)\Cypress\PSoC Creator\4.4\PSoC Creator\1\LWO2.cydsn\Generated_Source\PSoC4\CyLFClk.c **** 
 1454              		.loc 1 128 0
 1455 002a 2000     		movs	r0, r4
 1456 002c FFF7FEFF 		bl	CyExitCriticalSection
 1457              	.LVL143:
 1458              	.L121:
 143:C:\Program Files (x86)\Cypress\PSoC Creator\4.4\PSoC Creator\1\LWO2.cydsn\Generated_Source\PSoC4\CyLFClk.c **** 
 1459              		.loc 1 143 0
 1460              		@ sp needed
 1461 0030 10BD     		pop	{r4, pc}
 1462              	.L124:
 1463 0032 C046     		.align	2
 1464              	.L123:
 1465 0034 04010B40 		.word	1074462980
 1466              		.cfi_endproc
 1467              	.LFE1:
 1468              		.size	CySysClkIloStop, .-CySysClkIloStop
 1469              		.section	.text.CySysWdtGetInterruptSource,"ax",%progbits
ARM GAS  C:\Users\taips\AppData\Local\Temp\cc8A2Ndf.s 			page 63


 1470              		.align	2
 1471              		.global	CySysWdtGetInterruptSource
 1472              		.code	16
 1473              		.thumb_func
 1474              		.type	CySysWdtGetInterruptSource, %function
 1475              	CySysWdtGetInterruptSource:
 1476              	.LFB23:
1482:C:\Program Files (x86)\Cypress\PSoC Creator\4.4\PSoC Creator\1\LWO2.cydsn\Generated_Source\PSoC4\CyLFClk.c ****         return (CY_SYS_WDT_CONTROL_REG & (CY_SYS_WDT_COUNTER0_INT | CY_SYS_WDT_COUNTER1_INT | CY_SY
 1477              		.loc 1 1482 0
 1478              		.cfi_startproc
 1479              		@ args = 0, pretend = 0, frame = 0
 1480              		@ frame_needed = 0, uses_anonymous_args = 0
 1481              		@ link register save eliminated.
1483:C:\Program Files (x86)\Cypress\PSoC Creator\4.4\PSoC Creator\1\LWO2.cydsn\Generated_Source\PSoC4\CyLFClk.c ****     }
 1482              		.loc 1 1483 0
 1483 0000 024B     		ldr	r3, .L126
 1484 0002 1868     		ldr	r0, [r3]
 1485 0004 024B     		ldr	r3, .L126+4
 1486 0006 1840     		ands	r0, r3
1484:C:\Program Files (x86)\Cypress\PSoC Creator\4.4\PSoC Creator\1\LWO2.cydsn\Generated_Source\PSoC4\CyLFClk.c **** 
 1487              		.loc 1 1484 0
 1488              		@ sp needed
 1489 0008 7047     		bx	lr
 1490              	.L127:
 1491 000a C046     		.align	2
 1492              	.L126:
 1493 000c 10020B40 		.word	1074463248
 1494 0010 04040400 		.word	263172
 1495              		.cfi_endproc
 1496              	.LFE23:
 1497              		.size	CySysWdtGetInterruptSource, .-CySysWdtGetInterruptSource
 1498              		.section	.text.CySysWdtClearInterrupt,"ax",%progbits
 1499              		.align	2
 1500              		.global	CySysWdtClearInterrupt
 1501              		.code	16
 1502              		.thumb_func
 1503              		.type	CySysWdtClearInterrupt, %function
 1504              	CySysWdtClearInterrupt:
 1505              	.LFB24:
1511:C:\Program Files (x86)\Cypress\PSoC Creator\4.4\PSoC Creator\1\LWO2.cydsn\Generated_Source\PSoC4\CyLFClk.c ****         uint8 interruptState;
 1506              		.loc 1 1511 0
 1507              		.cfi_startproc
 1508              		@ args = 0, pretend = 0, frame = 0
 1509              		@ frame_needed = 0, uses_anonymous_args = 0
 1510              	.LVL144:
 1511 0000 70B5     		push	{r4, r5, r6, lr}
 1512              		.cfi_def_cfa_offset 16
 1513              		.cfi_offset 4, -16
 1514              		.cfi_offset 5, -12
 1515              		.cfi_offset 6, -8
 1516              		.cfi_offset 14, -4
 1517 0002 0500     		movs	r5, r0
1515:C:\Program Files (x86)\Cypress\PSoC Creator\4.4\PSoC Creator\1\LWO2.cydsn\Generated_Source\PSoC4\CyLFClk.c **** 
 1518              		.loc 1 1515 0
 1519 0004 FFF7FEFF 		bl	CyEnterCriticalSection
 1520              	.LVL145:
 1521 0008 0400     		movs	r4, r0
ARM GAS  C:\Users\taips\AppData\Local\Temp\cc8A2Ndf.s 			page 64


 1522              	.LVL146:
1517:C:\Program Files (x86)\Cypress\PSoC Creator\4.4\PSoC Creator\1\LWO2.cydsn\Generated_Source\PSoC4\CyLFClk.c ****         {
 1523              		.loc 1 1517 0
 1524 000a FFF7FEFF 		bl	CySysWdtLocked
 1525              	.LVL147:
 1526 000e 0028     		cmp	r0, #0
 1527 0010 03D0     		beq	.L131
 1528              	.LVL148:
1520:C:\Program Files (x86)\Cypress\PSoC Creator\4.4\PSoC Creator\1\LWO2.cydsn\Generated_Source\PSoC4\CyLFClk.c ****         }
 1529              		.loc 1 1520 0
 1530 0012 FFF7FEFF 		bl	CySysWdtUnlock
 1531              	.LVL149:
1519:C:\Program Files (x86)\Cypress\PSoC Creator\4.4\PSoC Creator\1\LWO2.cydsn\Generated_Source\PSoC4\CyLFClk.c ****             CySysWdtUnlock();
 1532              		.loc 1 1519 0
 1533 0016 0121     		movs	r1, #1
 1534 0018 00E0     		b	.L129
 1535              	.LVL150:
 1536              	.L131:
1524:C:\Program Files (x86)\Cypress\PSoC Creator\4.4\PSoC Creator\1\LWO2.cydsn\Generated_Source\PSoC4\CyLFClk.c ****         }
 1537              		.loc 1 1524 0
 1538 001a 0021     		movs	r1, #0
 1539              	.L129:
 1540              	.LVL151:
1528:C:\Program Files (x86)\Cypress\PSoC Creator\4.4\PSoC Creator\1\LWO2.cydsn\Generated_Source\PSoC4\CyLFClk.c ****                         CY_SYS_WDT_COUNTER1_INT |
 1541              		.loc 1 1528 0
 1542 001c 0848     		ldr	r0, .L132
 1543 001e 2840     		ands	r0, r5
 1544              	.LVL152:
1532:C:\Program Files (x86)\Cypress\PSoC Creator\4.4\PSoC Creator\1\LWO2.cydsn\Generated_Source\PSoC4\CyLFClk.c ****                                                                            CY_SYS_WDT_COUNTER1_INT 
 1545              		.loc 1 1532 0
 1546 0020 084A     		ldr	r2, .L132+4
 1547 0022 1568     		ldr	r5, [r2]
 1548 0024 084B     		ldr	r3, .L132+8
 1549 0026 2B40     		ands	r3, r5
 1550 0028 1843     		orrs	r0, r3
 1551              	.LVL153:
 1552 002a 1060     		str	r0, [r2]
1539:C:\Program Files (x86)\Cypress\PSoC Creator\4.4\PSoC Creator\1\LWO2.cydsn\Generated_Source\PSoC4\CyLFClk.c **** 
 1553              		.loc 1 1539 0
 1554 002c 1368     		ldr	r3, [r2]
1541:C:\Program Files (x86)\Cypress\PSoC Creator\4.4\PSoC Creator\1\LWO2.cydsn\Generated_Source\PSoC4\CyLFClk.c ****         {
 1555              		.loc 1 1541 0
 1556 002e 0129     		cmp	r1, #1
 1557 0030 01D1     		bne	.L130
1543:C:\Program Files (x86)\Cypress\PSoC Creator\4.4\PSoC Creator\1\LWO2.cydsn\Generated_Source\PSoC4\CyLFClk.c ****         }
 1558              		.loc 1 1543 0
 1559 0032 FFF7FEFF 		bl	CySysWdtLock
 1560              	.LVL154:
 1561              	.L130:
1546:C:\Program Files (x86)\Cypress\PSoC Creator\4.4\PSoC Creator\1\LWO2.cydsn\Generated_Source\PSoC4\CyLFClk.c ****     }
 1562              		.loc 1 1546 0
 1563 0036 2000     		movs	r0, r4
 1564 0038 FFF7FEFF 		bl	CyExitCriticalSection
 1565              	.LVL155:
1547:C:\Program Files (x86)\Cypress\PSoC Creator\4.4\PSoC Creator\1\LWO2.cydsn\Generated_Source\PSoC4\CyLFClk.c **** 
 1566              		.loc 1 1547 0
 1567              		@ sp needed
ARM GAS  C:\Users\taips\AppData\Local\Temp\cc8A2Ndf.s 			page 65


 1568              	.LVL156:
 1569 003c 70BD     		pop	{r4, r5, r6, pc}
 1570              	.L133:
 1571 003e C046     		.align	2
 1572              	.L132:
 1573 0040 04040400 		.word	263172
 1574 0044 10020B40 		.word	1074463248
 1575 0048 FBFBFBFF 		.word	-263173
 1576              		.cfi_endproc
 1577              	.LFE24:
 1578              		.size	CySysWdtClearInterrupt, .-CySysWdtClearInterrupt
 1579              		.section	.text.CySysWdtResetCounters,"ax",%progbits
 1580              		.align	2
 1581              		.global	CySysWdtResetCounters
 1582              		.code	16
 1583              		.thumb_func
 1584              		.type	CySysWdtResetCounters, %function
 1585              	CySysWdtResetCounters:
 1586              	.LFB25:
1569:C:\Program Files (x86)\Cypress\PSoC Creator\4.4\PSoC Creator\1\LWO2.cydsn\Generated_Source\PSoC4\CyLFClk.c ****         /* Set new WDT reset value */
 1587              		.loc 1 1569 0
 1588              		.cfi_startproc
 1589              		@ args = 0, pretend = 0, frame = 0
 1590              		@ frame_needed = 0, uses_anonymous_args = 0
 1591              		@ link register save eliminated.
 1592              	.LVL157:
1571:C:\Program Files (x86)\Cypress\PSoC Creator\4.4\PSoC Creator\1\LWO2.cydsn\Generated_Source\PSoC4\CyLFClk.c **** 
 1593              		.loc 1 1571 0
 1594 0000 054A     		ldr	r2, .L136
 1595 0002 1168     		ldr	r1, [r2]
 1596 0004 054B     		ldr	r3, .L136+4
 1597 0006 1840     		ands	r0, r3
 1598              	.LVL158:
 1599 0008 0843     		orrs	r0, r1
 1600 000a 1060     		str	r0, [r2]
 1601              	.L135:
1573:C:\Program Files (x86)\Cypress\PSoC Creator\4.4\PSoC Creator\1\LWO2.cydsn\Generated_Source\PSoC4\CyLFClk.c ****         {
 1602              		.loc 1 1573 0 discriminator 1
 1603 000c 024B     		ldr	r3, .L136
 1604 000e 1A68     		ldr	r2, [r3]
 1605 0010 024B     		ldr	r3, .L136+4
 1606 0012 1A42     		tst	r2, r3
 1607 0014 FAD1     		bne	.L135
1577:C:\Program Files (x86)\Cypress\PSoC Creator\4.4\PSoC Creator\1\LWO2.cydsn\Generated_Source\PSoC4\CyLFClk.c **** 
 1608              		.loc 1 1577 0
 1609              		@ sp needed
 1610 0016 7047     		bx	lr
 1611              	.L137:
 1612              		.align	2
 1613              	.L136:
 1614 0018 10020B40 		.word	1074463248
 1615 001c 08080800 		.word	526344
 1616              		.cfi_endproc
 1617              	.LFE25:
 1618              		.size	CySysWdtResetCounters, .-CySysWdtResetCounters
 1619              		.section	.text.CySysWdtSetInterruptCallback,"ax",%progbits
 1620              		.align	2
ARM GAS  C:\Users\taips\AppData\Local\Temp\cc8A2Ndf.s 			page 66


 1621              		.global	CySysWdtSetInterruptCallback
 1622              		.code	16
 1623              		.thumb_func
 1624              		.type	CySysWdtSetInterruptCallback, %function
 1625              	CySysWdtSetInterruptCallback:
 1626              	.LFB26:
1595:C:\Program Files (x86)\Cypress\PSoC Creator\4.4\PSoC Creator\1\LWO2.cydsn\Generated_Source\PSoC4\CyLFClk.c ****         cyWdtCallback prevCallback = (void *)0;
 1627              		.loc 1 1595 0
 1628              		.cfi_startproc
 1629              		@ args = 0, pretend = 0, frame = 0
 1630              		@ frame_needed = 0, uses_anonymous_args = 0
 1631              	.LVL159:
 1632 0000 10B5     		push	{r4, lr}
 1633              		.cfi_def_cfa_offset 8
 1634              		.cfi_offset 4, -8
 1635              		.cfi_offset 14, -4
 1636              	.LVL160:
1598:C:\Program Files (x86)\Cypress\PSoC Creator\4.4\PSoC Creator\1\LWO2.cydsn\Generated_Source\PSoC4\CyLFClk.c ****         {
 1637              		.loc 1 1598 0
 1638 0002 0228     		cmp	r0, #2
 1639 0004 05D8     		bhi	.L139
1600:C:\Program Files (x86)\Cypress\PSoC Creator\4.4\PSoC Creator\1\LWO2.cydsn\Generated_Source\PSoC4\CyLFClk.c ****             cySysWdtCallback[counterNum] = function;
 1640              		.loc 1 1600 0
 1641 0006 8000     		lsls	r0, r0, #2
 1642              	.LVL161:
 1643 0008 044B     		ldr	r3, .L141
 1644 000a 1B18     		adds	r3, r3, r0
 1645 000c 1869     		ldr	r0, [r3, #16]
 1646              	.LVL162:
1601:C:\Program Files (x86)\Cypress\PSoC Creator\4.4\PSoC Creator\1\LWO2.cydsn\Generated_Source\PSoC4\CyLFClk.c ****         }
 1647              		.loc 1 1601 0
 1648 000e 1961     		str	r1, [r3, #16]
 1649 0010 03E0     		b	.L140
 1650              	.LVL163:
 1651              	.L139:
1605:C:\Program Files (x86)\Cypress\PSoC Creator\4.4\PSoC Creator\1\LWO2.cydsn\Generated_Source\PSoC4\CyLFClk.c ****         }
 1652              		.loc 1 1605 0 discriminator 1
 1653 0012 0020     		movs	r0, #0
 1654              	.LVL164:
 1655 0014 FFF7FEFF 		bl	CyHalt
 1656              	.LVL165:
1596:C:\Program Files (x86)\Cypress\PSoC Creator\4.4\PSoC Creator\1\LWO2.cydsn\Generated_Source\PSoC4\CyLFClk.c **** 
 1657              		.loc 1 1596 0 discriminator 1
 1658 0018 0020     		movs	r0, #0
 1659              	.LVL166:
 1660              	.L140:
1609:C:\Program Files (x86)\Cypress\PSoC Creator\4.4\PSoC Creator\1\LWO2.cydsn\Generated_Source\PSoC4\CyLFClk.c **** 
 1661              		.loc 1 1609 0
 1662              		@ sp needed
 1663 001a 10BD     		pop	{r4, pc}
 1664              	.L142:
 1665              		.align	2
 1666              	.L141:
 1667 001c 00000000 		.word	.LANCHOR0
 1668              		.cfi_endproc
 1669              	.LFE26:
 1670              		.size	CySysWdtSetInterruptCallback, .-CySysWdtSetInterruptCallback
ARM GAS  C:\Users\taips\AppData\Local\Temp\cc8A2Ndf.s 			page 67


 1671              		.section	.text.CySysWdtGetInterruptCallback,"ax",%progbits
 1672              		.align	2
 1673              		.global	CySysWdtGetInterruptCallback
 1674              		.code	16
 1675              		.thumb_func
 1676              		.type	CySysWdtGetInterruptCallback, %function
 1677              	CySysWdtGetInterruptCallback:
 1678              	.LFB27:
1625:C:\Program Files (x86)\Cypress\PSoC Creator\4.4\PSoC Creator\1\LWO2.cydsn\Generated_Source\PSoC4\CyLFClk.c ****         cyWdtCallback retCallback = (void *)0;
 1679              		.loc 1 1625 0
 1680              		.cfi_startproc
 1681              		@ args = 0, pretend = 0, frame = 0
 1682              		@ frame_needed = 0, uses_anonymous_args = 0
 1683              	.LVL167:
 1684 0000 10B5     		push	{r4, lr}
 1685              		.cfi_def_cfa_offset 8
 1686              		.cfi_offset 4, -8
 1687              		.cfi_offset 14, -4
 1688              	.LVL168:
1628:C:\Program Files (x86)\Cypress\PSoC Creator\4.4\PSoC Creator\1\LWO2.cydsn\Generated_Source\PSoC4\CyLFClk.c ****         {
 1689              		.loc 1 1628 0
 1690 0002 0228     		cmp	r0, #2
 1691 0004 04D8     		bhi	.L144
1630:C:\Program Files (x86)\Cypress\PSoC Creator\4.4\PSoC Creator\1\LWO2.cydsn\Generated_Source\PSoC4\CyLFClk.c ****         }
 1692              		.loc 1 1630 0
 1693 0006 8000     		lsls	r0, r0, #2
 1694              	.LVL169:
 1695 0008 044B     		ldr	r3, .L146
 1696 000a 1818     		adds	r0, r3, r0
 1697 000c 0069     		ldr	r0, [r0, #16]
 1698              	.LVL170:
 1699 000e 03E0     		b	.L145
 1700              	.LVL171:
 1701              	.L144:
1634:C:\Program Files (x86)\Cypress\PSoC Creator\4.4\PSoC Creator\1\LWO2.cydsn\Generated_Source\PSoC4\CyLFClk.c ****         }
 1702              		.loc 1 1634 0 discriminator 1
 1703 0010 0020     		movs	r0, #0
 1704              	.LVL172:
 1705 0012 FFF7FEFF 		bl	CyHalt
 1706              	.LVL173:
1626:C:\Program Files (x86)\Cypress\PSoC Creator\4.4\PSoC Creator\1\LWO2.cydsn\Generated_Source\PSoC4\CyLFClk.c **** 
 1707              		.loc 1 1626 0 discriminator 1
 1708 0016 0020     		movs	r0, #0
 1709              	.LVL174:
 1710              	.L145:
1638:C:\Program Files (x86)\Cypress\PSoC Creator\4.4\PSoC Creator\1\LWO2.cydsn\Generated_Source\PSoC4\CyLFClk.c **** 
 1711              		.loc 1 1638 0
 1712              		@ sp needed
 1713 0018 10BD     		pop	{r4, pc}
 1714              	.L147:
 1715 001a C046     		.align	2
 1716              	.L146:
 1717 001c 00000000 		.word	.LANCHOR0
 1718              		.cfi_endproc
 1719              	.LFE27:
 1720              		.size	CySysWdtGetInterruptCallback, .-CySysWdtGetInterruptCallback
 1721              		.section	.text.CySysWdtEnableCounterIsr,"ax",%progbits
ARM GAS  C:\Users\taips\AppData\Local\Temp\cc8A2Ndf.s 			page 68


 1722              		.align	2
 1723              		.global	CySysWdtEnableCounterIsr
 1724              		.code	16
 1725              		.thumb_func
 1726              		.type	CySysWdtEnableCounterIsr, %function
 1727              	CySysWdtEnableCounterIsr:
 1728              	.LFB28:
1654:C:\Program Files (x86)\Cypress\PSoC Creator\4.4\PSoC Creator\1\LWO2.cydsn\Generated_Source\PSoC4\CyLFClk.c ****         if(counterNum <= CY_SYS_WDT_COUNTER2)
 1729              		.loc 1 1654 0
 1730              		.cfi_startproc
 1731              		@ args = 0, pretend = 0, frame = 0
 1732              		@ frame_needed = 0, uses_anonymous_args = 0
 1733              	.LVL175:
 1734 0000 10B5     		push	{r4, lr}
 1735              		.cfi_def_cfa_offset 8
 1736              		.cfi_offset 4, -8
 1737              		.cfi_offset 14, -4
1655:C:\Program Files (x86)\Cypress\PSoC Creator\4.4\PSoC Creator\1\LWO2.cydsn\Generated_Source\PSoC4\CyLFClk.c ****         {
 1738              		.loc 1 1655 0
 1739 0002 0228     		cmp	r0, #2
 1740 0004 0BD8     		bhi	.L149
1657:C:\Program Files (x86)\Cypress\PSoC Creator\4.4\PSoC Creator\1\LWO2.cydsn\Generated_Source\PSoC4\CyLFClk.c ****             wdtIsrMask |= counterIntMaskTbl[counterNum];
 1741              		.loc 1 1657 0
 1742 0006 8000     		lsls	r0, r0, #2
 1743              	.LVL176:
 1744 0008 074B     		ldr	r3, .L151
 1745 000a C158     		ldr	r1, [r0, r3]
 1746 000c 074B     		ldr	r3, .L151+4
 1747 000e DA69     		ldr	r2, [r3, #28]
 1748 0010 8A43     		bics	r2, r1
 1749 0012 DA61     		str	r2, [r3, #28]
1658:C:\Program Files (x86)\Cypress\PSoC Creator\4.4\PSoC Creator\1\LWO2.cydsn\Generated_Source\PSoC4\CyLFClk.c ****         }
 1750              		.loc 1 1658 0
 1751 0014 064A     		ldr	r2, .L151+8
 1752 0016 1368     		ldr	r3, [r2]
 1753 0018 0B43     		orrs	r3, r1
 1754 001a 1360     		str	r3, [r2]
 1755 001c 02E0     		b	.L148
 1756              	.LVL177:
 1757              	.L149:
1662:C:\Program Files (x86)\Cypress\PSoC Creator\4.4\PSoC Creator\1\LWO2.cydsn\Generated_Source\PSoC4\CyLFClk.c ****         }
 1758              		.loc 1 1662 0 discriminator 1
 1759 001e 0020     		movs	r0, #0
 1760              	.LVL178:
 1761 0020 FFF7FEFF 		bl	CyHalt
 1762              	.LVL179:
 1763              	.L148:
1664:C:\Program Files (x86)\Cypress\PSoC Creator\4.4\PSoC Creator\1\LWO2.cydsn\Generated_Source\PSoC4\CyLFClk.c **** 
 1764              		.loc 1 1664 0
 1765              		@ sp needed
 1766 0024 10BD     		pop	{r4, pc}
 1767              	.L152:
 1768 0026 C046     		.align	2
 1769              	.L151:
 1770 0028 00000000 		.word	.LANCHOR1
 1771 002c 00000000 		.word	.LANCHOR0
 1772 0030 00000000 		.word	.LANCHOR2
ARM GAS  C:\Users\taips\AppData\Local\Temp\cc8A2Ndf.s 			page 69


 1773              		.cfi_endproc
 1774              	.LFE28:
 1775              		.size	CySysWdtEnableCounterIsr, .-CySysWdtEnableCounterIsr
 1776              		.section	.text.CySysWdtDisableCounterIsr,"ax",%progbits
 1777              		.align	2
 1778              		.global	CySysWdtDisableCounterIsr
 1779              		.code	16
 1780              		.thumb_func
 1781              		.type	CySysWdtDisableCounterIsr, %function
 1782              	CySysWdtDisableCounterIsr:
 1783              	.LFB29:
1677:C:\Program Files (x86)\Cypress\PSoC Creator\4.4\PSoC Creator\1\LWO2.cydsn\Generated_Source\PSoC4\CyLFClk.c ****         if(counterNum <= CY_SYS_WDT_COUNTER2)
 1784              		.loc 1 1677 0
 1785              		.cfi_startproc
 1786              		@ args = 0, pretend = 0, frame = 0
 1787              		@ frame_needed = 0, uses_anonymous_args = 0
 1788              	.LVL180:
 1789 0000 10B5     		push	{r4, lr}
 1790              		.cfi_def_cfa_offset 8
 1791              		.cfi_offset 4, -8
 1792              		.cfi_offset 14, -4
1678:C:\Program Files (x86)\Cypress\PSoC Creator\4.4\PSoC Creator\1\LWO2.cydsn\Generated_Source\PSoC4\CyLFClk.c ****         {
 1793              		.loc 1 1678 0
 1794 0002 0228     		cmp	r0, #2
 1795 0004 07D8     		bhi	.L154
1680:C:\Program Files (x86)\Cypress\PSoC Creator\4.4\PSoC Creator\1\LWO2.cydsn\Generated_Source\PSoC4\CyLFClk.c ****         }
 1796              		.loc 1 1680 0
 1797 0006 8000     		lsls	r0, r0, #2
 1798              	.LVL181:
 1799 0008 054B     		ldr	r3, .L156
 1800 000a C158     		ldr	r1, [r0, r3]
 1801 000c 054A     		ldr	r2, .L156+4
 1802 000e 1368     		ldr	r3, [r2]
 1803 0010 8B43     		bics	r3, r1
 1804 0012 1360     		str	r3, [r2]
 1805 0014 02E0     		b	.L153
 1806              	.LVL182:
 1807              	.L154:
1684:C:\Program Files (x86)\Cypress\PSoC Creator\4.4\PSoC Creator\1\LWO2.cydsn\Generated_Source\PSoC4\CyLFClk.c ****         }
 1808              		.loc 1 1684 0 discriminator 1
 1809 0016 0020     		movs	r0, #0
 1810              	.LVL183:
 1811 0018 FFF7FEFF 		bl	CyHalt
 1812              	.LVL184:
 1813              	.L153:
1686:C:\Program Files (x86)\Cypress\PSoC Creator\4.4\PSoC Creator\1\LWO2.cydsn\Generated_Source\PSoC4\CyLFClk.c **** 
 1814              		.loc 1 1686 0
 1815              		@ sp needed
 1816 001c 10BD     		pop	{r4, pc}
 1817              	.L157:
 1818 001e C046     		.align	2
 1819              	.L156:
 1820 0020 00000000 		.word	.LANCHOR1
 1821 0024 00000000 		.word	.LANCHOR2
 1822              		.cfi_endproc
 1823              	.LFE29:
 1824              		.size	CySysWdtDisableCounterIsr, .-CySysWdtDisableCounterIsr
ARM GAS  C:\Users\taips\AppData\Local\Temp\cc8A2Ndf.s 			page 70


 1825              		.section	.text.CySysWdtIsr,"ax",%progbits
 1826              		.align	2
 1827              		.global	CySysWdtIsr
 1828              		.code	16
 1829              		.thumb_func
 1830              		.type	CySysWdtIsr, %function
 1831              	CySysWdtIsr:
 1832              	.LFB30:
1710:C:\Program Files (x86)\Cypress\PSoC Creator\4.4\PSoC Creator\1\LWO2.cydsn\Generated_Source\PSoC4\CyLFClk.c ****         if(0u != (CY_SYS_WDT_COUNTER0_INT & CY_SYS_WDT_CONTROL_REG))
 1833              		.loc 1 1710 0
 1834              		.cfi_startproc
 1835              		@ args = 0, pretend = 0, frame = 0
 1836              		@ frame_needed = 0, uses_anonymous_args = 0
 1837 0000 10B5     		push	{r4, lr}
 1838              		.cfi_def_cfa_offset 8
 1839              		.cfi_offset 4, -8
 1840              		.cfi_offset 14, -4
1711:C:\Program Files (x86)\Cypress\PSoC Creator\4.4\PSoC Creator\1\LWO2.cydsn\Generated_Source\PSoC4\CyLFClk.c ****         {
 1841              		.loc 1 1711 0
 1842 0002 244B     		ldr	r3, .L165
 1843 0004 1B68     		ldr	r3, [r3]
 1844 0006 5B07     		lsls	r3, r3, #29
 1845 0008 15D5     		bpl	.L159
1713:C:\Program Files (x86)\Cypress\PSoC Creator\4.4\PSoC Creator\1\LWO2.cydsn\Generated_Source\PSoC4\CyLFClk.c ****             {
 1846              		.loc 1 1713 0
 1847 000a 234B     		ldr	r3, .L165+4
 1848 000c 1B68     		ldr	r3, [r3]
 1849 000e 5B07     		lsls	r3, r3, #29
 1850 0010 0ED5     		bpl	.L160
1715:C:\Program Files (x86)\Cypress\PSoC Creator\4.4\PSoC Creator\1\LWO2.cydsn\Generated_Source\PSoC4\CyLFClk.c ****                 disableServicedIsr  &= ~CY_SYS_WDT_COUNTER0_INT;
 1851              		.loc 1 1715 0
 1852 0012 224B     		ldr	r3, .L165+8
 1853 0014 D969     		ldr	r1, [r3, #28]
 1854 0016 0420     		movs	r0, #4
 1855 0018 0140     		ands	r1, r0
 1856 001a 1F4C     		ldr	r4, .L165+4
 1857 001c 2268     		ldr	r2, [r4]
 1858 001e 8A43     		bics	r2, r1
 1859 0020 2260     		str	r2, [r4]
1716:C:\Program Files (x86)\Cypress\PSoC Creator\4.4\PSoC Creator\1\LWO2.cydsn\Generated_Source\PSoC4\CyLFClk.c ****                 if(cySysWdtCallback[CY_SYS_WDT_COUNTER0] != (void *) 0)
 1860              		.loc 1 1716 0
 1861 0022 DA69     		ldr	r2, [r3, #28]
 1862 0024 8243     		bics	r2, r0
 1863 0026 DA61     		str	r2, [r3, #28]
1717:C:\Program Files (x86)\Cypress\PSoC Creator\4.4\PSoC Creator\1\LWO2.cydsn\Generated_Source\PSoC4\CyLFClk.c ****                 {
 1864              		.loc 1 1717 0
 1865 0028 1B69     		ldr	r3, [r3, #16]
 1866 002a 002B     		cmp	r3, #0
 1867 002c 00D0     		beq	.L160
1719:C:\Program Files (x86)\Cypress\PSoC Creator\4.4\PSoC Creator\1\LWO2.cydsn\Generated_Source\PSoC4\CyLFClk.c ****                 }
 1868              		.loc 1 1719 0
 1869 002e 9847     		blx	r3
 1870              	.LVL185:
 1871              	.L160:
1722:C:\Program Files (x86)\Cypress\PSoC Creator\4.4\PSoC Creator\1\LWO2.cydsn\Generated_Source\PSoC4\CyLFClk.c ****         }
 1872              		.loc 1 1722 0
 1873 0030 0420     		movs	r0, #4
ARM GAS  C:\Users\taips\AppData\Local\Temp\cc8A2Ndf.s 			page 71


 1874 0032 FFF7FEFF 		bl	CySysWdtClearInterrupt
 1875              	.LVL186:
 1876              	.L159:
1725:C:\Program Files (x86)\Cypress\PSoC Creator\4.4\PSoC Creator\1\LWO2.cydsn\Generated_Source\PSoC4\CyLFClk.c ****         {
 1877              		.loc 1 1725 0
 1878 0036 174B     		ldr	r3, .L165
 1879 0038 1B68     		ldr	r3, [r3]
 1880 003a 5B05     		lsls	r3, r3, #21
 1881 003c 18D5     		bpl	.L161
1727:C:\Program Files (x86)\Cypress\PSoC Creator\4.4\PSoC Creator\1\LWO2.cydsn\Generated_Source\PSoC4\CyLFClk.c ****             {
 1882              		.loc 1 1727 0
 1883 003e 164B     		ldr	r3, .L165+4
 1884 0040 1B68     		ldr	r3, [r3]
 1885 0042 5B05     		lsls	r3, r3, #21
 1886 0044 10D5     		bpl	.L162
1729:C:\Program Files (x86)\Cypress\PSoC Creator\4.4\PSoC Creator\1\LWO2.cydsn\Generated_Source\PSoC4\CyLFClk.c ****                 disableServicedIsr  &= ~CY_SYS_WDT_COUNTER1_INT;
 1887              		.loc 1 1729 0
 1888 0046 154B     		ldr	r3, .L165+8
 1889 0048 D969     		ldr	r1, [r3, #28]
 1890 004a 8022     		movs	r2, #128
 1891 004c D200     		lsls	r2, r2, #3
 1892 004e 1140     		ands	r1, r2
 1893 0050 1148     		ldr	r0, .L165+4
 1894 0052 0268     		ldr	r2, [r0]
 1895 0054 8A43     		bics	r2, r1
 1896 0056 0260     		str	r2, [r0]
1730:C:\Program Files (x86)\Cypress\PSoC Creator\4.4\PSoC Creator\1\LWO2.cydsn\Generated_Source\PSoC4\CyLFClk.c ****                 if(cySysWdtCallback[CY_SYS_WDT_COUNTER1] != (void *) 0)
 1897              		.loc 1 1730 0
 1898 0058 D969     		ldr	r1, [r3, #28]
 1899 005a 114A     		ldr	r2, .L165+12
 1900 005c 0A40     		ands	r2, r1
 1901 005e DA61     		str	r2, [r3, #28]
1731:C:\Program Files (x86)\Cypress\PSoC Creator\4.4\PSoC Creator\1\LWO2.cydsn\Generated_Source\PSoC4\CyLFClk.c ****                 {
 1902              		.loc 1 1731 0
 1903 0060 5B69     		ldr	r3, [r3, #20]
 1904 0062 002B     		cmp	r3, #0
 1905 0064 00D0     		beq	.L162
1733:C:\Program Files (x86)\Cypress\PSoC Creator\4.4\PSoC Creator\1\LWO2.cydsn\Generated_Source\PSoC4\CyLFClk.c ****                 }
 1906              		.loc 1 1733 0
 1907 0066 9847     		blx	r3
 1908              	.LVL187:
 1909              	.L162:
1736:C:\Program Files (x86)\Cypress\PSoC Creator\4.4\PSoC Creator\1\LWO2.cydsn\Generated_Source\PSoC4\CyLFClk.c ****         }
 1910              		.loc 1 1736 0
 1911 0068 8020     		movs	r0, #128
 1912 006a C000     		lsls	r0, r0, #3
 1913 006c FFF7FEFF 		bl	CySysWdtClearInterrupt
 1914              	.LVL188:
 1915              	.L161:
1739:C:\Program Files (x86)\Cypress\PSoC Creator\4.4\PSoC Creator\1\LWO2.cydsn\Generated_Source\PSoC4\CyLFClk.c ****         {
 1916              		.loc 1 1739 0
 1917 0070 084B     		ldr	r3, .L165
 1918 0072 1B68     		ldr	r3, [r3]
 1919 0074 5B03     		lsls	r3, r3, #13
 1920 0076 0CD5     		bpl	.L158
1741:C:\Program Files (x86)\Cypress\PSoC Creator\4.4\PSoC Creator\1\LWO2.cydsn\Generated_Source\PSoC4\CyLFClk.c ****             {
 1921              		.loc 1 1741 0
ARM GAS  C:\Users\taips\AppData\Local\Temp\cc8A2Ndf.s 			page 72


 1922 0078 074B     		ldr	r3, .L165+4
 1923 007a 1B68     		ldr	r3, [r3]
 1924 007c 5B03     		lsls	r3, r3, #13
 1925 007e 04D5     		bpl	.L164
1743:C:\Program Files (x86)\Cypress\PSoC Creator\4.4\PSoC Creator\1\LWO2.cydsn\Generated_Source\PSoC4\CyLFClk.c ****                 {
 1926              		.loc 1 1743 0
 1927 0080 064B     		ldr	r3, .L165+8
 1928 0082 9B69     		ldr	r3, [r3, #24]
 1929 0084 002B     		cmp	r3, #0
 1930 0086 00D0     		beq	.L164
1745:C:\Program Files (x86)\Cypress\PSoC Creator\4.4\PSoC Creator\1\LWO2.cydsn\Generated_Source\PSoC4\CyLFClk.c ****                 }
 1931              		.loc 1 1745 0
 1932 0088 9847     		blx	r3
 1933              	.LVL189:
 1934              	.L164:
1748:C:\Program Files (x86)\Cypress\PSoC Creator\4.4\PSoC Creator\1\LWO2.cydsn\Generated_Source\PSoC4\CyLFClk.c ****         }
 1935              		.loc 1 1748 0
 1936 008a 8020     		movs	r0, #128
 1937 008c C002     		lsls	r0, r0, #11
 1938 008e FFF7FEFF 		bl	CySysWdtClearInterrupt
 1939              	.LVL190:
 1940              	.L158:
1750:C:\Program Files (x86)\Cypress\PSoC Creator\4.4\PSoC Creator\1\LWO2.cydsn\Generated_Source\PSoC4\CyLFClk.c **** 
 1941              		.loc 1 1750 0
 1942              		@ sp needed
 1943 0092 10BD     		pop	{r4, pc}
 1944              	.L166:
 1945              		.align	2
 1946              	.L165:
 1947 0094 10020B40 		.word	1074463248
 1948 0098 00000000 		.word	.LANCHOR2
 1949 009c 00000000 		.word	.LANCHOR0
 1950 00a0 FFFBFFFF 		.word	-1025
 1951              		.cfi_endproc
 1952              	.LFE30:
 1953              		.size	CySysWdtIsr, .-CySysWdtIsr
 1954              		.section	.text.CySysWatchdogFeed,"ax",%progbits
 1955              		.align	2
 1956              		.global	CySysWatchdogFeed
 1957              		.code	16
 1958              		.thumb_func
 1959              		.type	CySysWatchdogFeed, %function
 1960              	CySysWatchdogFeed:
 1961              	.LFB31:
1775:C:\Program Files (x86)\Cypress\PSoC Creator\4.4\PSoC Creator\1\LWO2.cydsn\Generated_Source\PSoC4\CyLFClk.c ****         if(counterNum == CY_SYS_WDT_COUNTER0)
 1962              		.loc 1 1775 0
 1963              		.cfi_startproc
 1964              		@ args = 0, pretend = 0, frame = 0
 1965              		@ frame_needed = 0, uses_anonymous_args = 0
 1966              	.LVL191:
 1967 0000 10B5     		push	{r4, lr}
 1968              		.cfi_def_cfa_offset 8
 1969              		.cfi_offset 4, -8
 1970              		.cfi_offset 14, -4
 1971 0002 041E     		subs	r4, r0, #0
1776:C:\Program Files (x86)\Cypress\PSoC Creator\4.4\PSoC Creator\1\LWO2.cydsn\Generated_Source\PSoC4\CyLFClk.c ****         {
 1972              		.loc 1 1776 0
ARM GAS  C:\Users\taips\AppData\Local\Temp\cc8A2Ndf.s 			page 73


 1973 0004 13D1     		bne	.L168
1778:C:\Program Files (x86)\Cypress\PSoC Creator\4.4\PSoC Creator\1\LWO2.cydsn\Generated_Source\PSoC4\CyLFClk.c ****             {
 1974              		.loc 1 1778 0
 1975 0006 FFF7FEFF 		bl	CySysWdtGetMode
 1976              	.LVL192:
 1977 000a 0328     		cmp	r0, #3
 1978 000c 03D1     		bne	.L169
1780:C:\Program Files (x86)\Cypress\PSoC Creator\4.4\PSoC Creator\1\LWO2.cydsn\Generated_Source\PSoC4\CyLFClk.c ****             }
 1979              		.loc 1 1780 0
 1980 000e 0130     		adds	r0, r0, #1
 1981 0010 FFF7FEFF 		bl	CySysWdtClearInterrupt
 1982              	.LVL193:
 1983 0014 23E0     		b	.L167
 1984              	.L169:
1782:C:\Program Files (x86)\Cypress\PSoC Creator\4.4\PSoC Creator\1\LWO2.cydsn\Generated_Source\PSoC4\CyLFClk.c ****             {
 1985              		.loc 1 1782 0
 1986 0016 2000     		movs	r0, r4
 1987 0018 FFF7FEFF 		bl	CySysWdtGetMode
 1988              	.LVL194:
 1989 001c 0228     		cmp	r0, #2
 1990 001e 1ED1     		bne	.L167
1784:C:\Program Files (x86)\Cypress\PSoC Creator\4.4\PSoC Creator\1\LWO2.cydsn\Generated_Source\PSoC4\CyLFClk.c ****                 CySysWdtClearInterrupt(CY_SYS_WDT_COUNTER0_INT);
 1991              		.loc 1 1784 0
 1992 0020 0630     		adds	r0, r0, #6
 1993 0022 FFF7FEFF 		bl	CySysWdtResetCounters
 1994              	.LVL195:
1785:C:\Program Files (x86)\Cypress\PSoC Creator\4.4\PSoC Creator\1\LWO2.cydsn\Generated_Source\PSoC4\CyLFClk.c ****             }
 1995              		.loc 1 1785 0
 1996 0026 0420     		movs	r0, #4
 1997 0028 FFF7FEFF 		bl	CySysWdtClearInterrupt
 1998              	.LVL196:
 1999 002c 17E0     		b	.L167
 2000              	.LVL197:
 2001              	.L168:
1792:C:\Program Files (x86)\Cypress\PSoC Creator\4.4\PSoC Creator\1\LWO2.cydsn\Generated_Source\PSoC4\CyLFClk.c ****         {
 2002              		.loc 1 1792 0
 2003 002e 0128     		cmp	r0, #1
 2004 0030 15D1     		bne	.L167
1794:C:\Program Files (x86)\Cypress\PSoC Creator\4.4\PSoC Creator\1\LWO2.cydsn\Generated_Source\PSoC4\CyLFClk.c ****             {
 2005              		.loc 1 1794 0
 2006 0032 FFF7FEFF 		bl	CySysWdtGetMode
 2007              	.LVL198:
 2008 0036 0328     		cmp	r0, #3
 2009 0038 04D1     		bne	.L171
1796:C:\Program Files (x86)\Cypress\PSoC Creator\4.4\PSoC Creator\1\LWO2.cydsn\Generated_Source\PSoC4\CyLFClk.c ****             }
 2010              		.loc 1 1796 0
 2011 003a 8020     		movs	r0, #128
 2012 003c C000     		lsls	r0, r0, #3
 2013 003e FFF7FEFF 		bl	CySysWdtClearInterrupt
 2014              	.LVL199:
 2015 0042 0CE0     		b	.L167
 2016              	.L171:
1798:C:\Program Files (x86)\Cypress\PSoC Creator\4.4\PSoC Creator\1\LWO2.cydsn\Generated_Source\PSoC4\CyLFClk.c ****             {
 2017              		.loc 1 1798 0
 2018 0044 2000     		movs	r0, r4
 2019 0046 FFF7FEFF 		bl	CySysWdtGetMode
 2020              	.LVL200:
ARM GAS  C:\Users\taips\AppData\Local\Temp\cc8A2Ndf.s 			page 74


 2021 004a 0228     		cmp	r0, #2
 2022 004c 07D1     		bne	.L167
1800:C:\Program Files (x86)\Cypress\PSoC Creator\4.4\PSoC Creator\1\LWO2.cydsn\Generated_Source\PSoC4\CyLFClk.c ****                 CySysWdtClearInterrupt(CY_SYS_WDT_COUNTER1_INT);
 2023              		.loc 1 1800 0
 2024 004e 8020     		movs	r0, #128
 2025 0050 0001     		lsls	r0, r0, #4
 2026 0052 FFF7FEFF 		bl	CySysWdtResetCounters
 2027              	.LVL201:
1801:C:\Program Files (x86)\Cypress\PSoC Creator\4.4\PSoC Creator\1\LWO2.cydsn\Generated_Source\PSoC4\CyLFClk.c ****             }
 2028              		.loc 1 1801 0
 2029 0056 8020     		movs	r0, #128
 2030 0058 C000     		lsls	r0, r0, #3
 2031 005a FFF7FEFF 		bl	CySysWdtClearInterrupt
 2032              	.LVL202:
 2033              	.L167:
1812:C:\Program Files (x86)\Cypress\PSoC Creator\4.4\PSoC Creator\1\LWO2.cydsn\Generated_Source\PSoC4\CyLFClk.c **** 
 2034              		.loc 1 1812 0
 2035              		@ sp needed
 2036              	.LVL203:
 2037 005e 10BD     		pop	{r4, pc}
 2038              		.cfi_endproc
 2039              	.LFE31:
 2040              		.size	CySysWatchdogFeed, .-CySysWatchdogFeed
 2041              		.section	.text.CySysTimerDelayUntilMatch,"ax",%progbits
 2042              		.align	2
 2043              		.global	CySysTimerDelayUntilMatch
 2044              		.code	16
 2045              		.thumb_func
 2046              		.type	CySysTimerDelayUntilMatch, %function
 2047              	CySysTimerDelayUntilMatch:
 2048              	.LFB35:
1904:C:\Program Files (x86)\Cypress\PSoC Creator\4.4\PSoC Creator\1\LWO2.cydsn\Generated_Source\PSoC4\CyLFClk.c **** 
1905:C:\Program Files (x86)\Cypress\PSoC Creator\4.4\PSoC Creator\1\LWO2.cydsn\Generated_Source\PSoC4\CyLFClk.c **** #else
1906:C:\Program Files (x86)\Cypress\PSoC Creator\4.4\PSoC Creator\1\LWO2.cydsn\Generated_Source\PSoC4\CyLFClk.c **** 
1907:C:\Program Files (x86)\Cypress\PSoC Creator\4.4\PSoC Creator\1\LWO2.cydsn\Generated_Source\PSoC4\CyLFClk.c ****     /*******************************************************************************
1908:C:\Program Files (x86)\Cypress\PSoC Creator\4.4\PSoC Creator\1\LWO2.cydsn\Generated_Source\PSoC4\CyLFClk.c ****     * Function Name: CySysWdtGetEnabledStatus
1909:C:\Program Files (x86)\Cypress\PSoC Creator\4.4\PSoC Creator\1\LWO2.cydsn\Generated_Source\PSoC4\CyLFClk.c ****     ****************************************************************************//**
1910:C:\Program Files (x86)\Cypress\PSoC Creator\4.4\PSoC Creator\1\LWO2.cydsn\Generated_Source\PSoC4\CyLFClk.c ****     *
1911:C:\Program Files (x86)\Cypress\PSoC Creator\4.4\PSoC Creator\1\LWO2.cydsn\Generated_Source\PSoC4\CyLFClk.c ****     * \brief Reads the enabled status of the WDT counter.
1912:C:\Program Files (x86)\Cypress\PSoC Creator\4.4\PSoC Creator\1\LWO2.cydsn\Generated_Source\PSoC4\CyLFClk.c ****     *
1913:C:\Program Files (x86)\Cypress\PSoC Creator\4.4\PSoC Creator\1\LWO2.cydsn\Generated_Source\PSoC4\CyLFClk.c ****     * \return The status of the WDT counter:
1914:C:\Program Files (x86)\Cypress\PSoC Creator\4.4\PSoC Creator\1\LWO2.cydsn\Generated_Source\PSoC4\CyLFClk.c ****     * \return 0 - Counter is disabled
1915:C:\Program Files (x86)\Cypress\PSoC Creator\4.4\PSoC Creator\1\LWO2.cydsn\Generated_Source\PSoC4\CyLFClk.c ****     * \return 1 - Counter is enabled
1916:C:\Program Files (x86)\Cypress\PSoC Creator\4.4\PSoC Creator\1\LWO2.cydsn\Generated_Source\PSoC4\CyLFClk.c ****     *
1917:C:\Program Files (x86)\Cypress\PSoC Creator\4.4\PSoC Creator\1\LWO2.cydsn\Generated_Source\PSoC4\CyLFClk.c ****     *******************************************************************************/
1918:C:\Program Files (x86)\Cypress\PSoC Creator\4.4\PSoC Creator\1\LWO2.cydsn\Generated_Source\PSoC4\CyLFClk.c ****     uint32 CySysWdtGetEnabledStatus(void)
1919:C:\Program Files (x86)\Cypress\PSoC Creator\4.4\PSoC Creator\1\LWO2.cydsn\Generated_Source\PSoC4\CyLFClk.c ****     {
1920:C:\Program Files (x86)\Cypress\PSoC Creator\4.4\PSoC Creator\1\LWO2.cydsn\Generated_Source\PSoC4\CyLFClk.c ****         return ((CY_SYS_WDT_DISABLE_KEY_REG == CY_SYS_WDT_KEY) ? (uint32) 0u : (uint32) 1u);
1921:C:\Program Files (x86)\Cypress\PSoC Creator\4.4\PSoC Creator\1\LWO2.cydsn\Generated_Source\PSoC4\CyLFClk.c ****     }
1922:C:\Program Files (x86)\Cypress\PSoC Creator\4.4\PSoC Creator\1\LWO2.cydsn\Generated_Source\PSoC4\CyLFClk.c **** 
1923:C:\Program Files (x86)\Cypress\PSoC Creator\4.4\PSoC Creator\1\LWO2.cydsn\Generated_Source\PSoC4\CyLFClk.c **** 
1924:C:\Program Files (x86)\Cypress\PSoC Creator\4.4\PSoC Creator\1\LWO2.cydsn\Generated_Source\PSoC4\CyLFClk.c ****     /*******************************************************************************
1925:C:\Program Files (x86)\Cypress\PSoC Creator\4.4\PSoC Creator\1\LWO2.cydsn\Generated_Source\PSoC4\CyLFClk.c ****     * Function Name: CySysWdtEnable
1926:C:\Program Files (x86)\Cypress\PSoC Creator\4.4\PSoC Creator\1\LWO2.cydsn\Generated_Source\PSoC4\CyLFClk.c ****     ****************************************************************************//**
1927:C:\Program Files (x86)\Cypress\PSoC Creator\4.4\PSoC Creator\1\LWO2.cydsn\Generated_Source\PSoC4\CyLFClk.c ****     *
1928:C:\Program Files (x86)\Cypress\PSoC Creator\4.4\PSoC Creator\1\LWO2.cydsn\Generated_Source\PSoC4\CyLFClk.c ****     * \brief
1929:C:\Program Files (x86)\Cypress\PSoC Creator\4.4\PSoC Creator\1\LWO2.cydsn\Generated_Source\PSoC4\CyLFClk.c ****     * Enables watchdog timer reset generation.
ARM GAS  C:\Users\taips\AppData\Local\Temp\cc8A2Ndf.s 			page 75


1930:C:\Program Files (x86)\Cypress\PSoC Creator\4.4\PSoC Creator\1\LWO2.cydsn\Generated_Source\PSoC4\CyLFClk.c ****     *
1931:C:\Program Files (x86)\Cypress\PSoC Creator\4.4\PSoC Creator\1\LWO2.cydsn\Generated_Source\PSoC4\CyLFClk.c ****     * CySysWdtClearInterrupt() feeds the watchdog. Two unserviced interrupts lead 
1932:C:\Program Files (x86)\Cypress\PSoC Creator\4.4\PSoC Creator\1\LWO2.cydsn\Generated_Source\PSoC4\CyLFClk.c ****     * to a system reset (i.e. at the third match).
1933:C:\Program Files (x86)\Cypress\PSoC Creator\4.4\PSoC Creator\1\LWO2.cydsn\Generated_Source\PSoC4\CyLFClk.c ****     *
1934:C:\Program Files (x86)\Cypress\PSoC Creator\4.4\PSoC Creator\1\LWO2.cydsn\Generated_Source\PSoC4\CyLFClk.c ****     * ILO is enabled by the hardware once WDT is started.
1935:C:\Program Files (x86)\Cypress\PSoC Creator\4.4\PSoC Creator\1\LWO2.cydsn\Generated_Source\PSoC4\CyLFClk.c ****     *
1936:C:\Program Files (x86)\Cypress\PSoC Creator\4.4\PSoC Creator\1\LWO2.cydsn\Generated_Source\PSoC4\CyLFClk.c ****     *******************************************************************************/
1937:C:\Program Files (x86)\Cypress\PSoC Creator\4.4\PSoC Creator\1\LWO2.cydsn\Generated_Source\PSoC4\CyLFClk.c ****     void CySysWdtEnable(void)
1938:C:\Program Files (x86)\Cypress\PSoC Creator\4.4\PSoC Creator\1\LWO2.cydsn\Generated_Source\PSoC4\CyLFClk.c ****     {
1939:C:\Program Files (x86)\Cypress\PSoC Creator\4.4\PSoC Creator\1\LWO2.cydsn\Generated_Source\PSoC4\CyLFClk.c ****         CY_SYS_WDT_DISABLE_KEY_REG = 0u;
1940:C:\Program Files (x86)\Cypress\PSoC Creator\4.4\PSoC Creator\1\LWO2.cydsn\Generated_Source\PSoC4\CyLFClk.c ****     }
1941:C:\Program Files (x86)\Cypress\PSoC Creator\4.4\PSoC Creator\1\LWO2.cydsn\Generated_Source\PSoC4\CyLFClk.c **** 
1942:C:\Program Files (x86)\Cypress\PSoC Creator\4.4\PSoC Creator\1\LWO2.cydsn\Generated_Source\PSoC4\CyLFClk.c **** 
1943:C:\Program Files (x86)\Cypress\PSoC Creator\4.4\PSoC Creator\1\LWO2.cydsn\Generated_Source\PSoC4\CyLFClk.c ****     /*******************************************************************************
1944:C:\Program Files (x86)\Cypress\PSoC Creator\4.4\PSoC Creator\1\LWO2.cydsn\Generated_Source\PSoC4\CyLFClk.c ****     * Function Name: CySysWdtDisable
1945:C:\Program Files (x86)\Cypress\PSoC Creator\4.4\PSoC Creator\1\LWO2.cydsn\Generated_Source\PSoC4\CyLFClk.c ****     ****************************************************************************//**
1946:C:\Program Files (x86)\Cypress\PSoC Creator\4.4\PSoC Creator\1\LWO2.cydsn\Generated_Source\PSoC4\CyLFClk.c ****     *
1947:C:\Program Files (x86)\Cypress\PSoC Creator\4.4\PSoC Creator\1\LWO2.cydsn\Generated_Source\PSoC4\CyLFClk.c ****     * \brief Disables the WDT reset generation.
1948:C:\Program Files (x86)\Cypress\PSoC Creator\4.4\PSoC Creator\1\LWO2.cydsn\Generated_Source\PSoC4\CyLFClk.c ****     *
1949:C:\Program Files (x86)\Cypress\PSoC Creator\4.4\PSoC Creator\1\LWO2.cydsn\Generated_Source\PSoC4\CyLFClk.c ****     * This function unlocks the ENABLE bit in the CLK_ILO_CONFIG registers and
1950:C:\Program Files (x86)\Cypress\PSoC Creator\4.4\PSoC Creator\1\LWO2.cydsn\Generated_Source\PSoC4\CyLFClk.c ****     * enables the user to disable ILO.
1951:C:\Program Files (x86)\Cypress\PSoC Creator\4.4\PSoC Creator\1\LWO2.cydsn\Generated_Source\PSoC4\CyLFClk.c ****     *
1952:C:\Program Files (x86)\Cypress\PSoC Creator\4.4\PSoC Creator\1\LWO2.cydsn\Generated_Source\PSoC4\CyLFClk.c ****     *******************************************************************************/
1953:C:\Program Files (x86)\Cypress\PSoC Creator\4.4\PSoC Creator\1\LWO2.cydsn\Generated_Source\PSoC4\CyLFClk.c ****     void CySysWdtDisable(void)
1954:C:\Program Files (x86)\Cypress\PSoC Creator\4.4\PSoC Creator\1\LWO2.cydsn\Generated_Source\PSoC4\CyLFClk.c ****     {
1955:C:\Program Files (x86)\Cypress\PSoC Creator\4.4\PSoC Creator\1\LWO2.cydsn\Generated_Source\PSoC4\CyLFClk.c ****         CY_SYS_WDT_DISABLE_KEY_REG = CY_SYS_WDT_KEY;
1956:C:\Program Files (x86)\Cypress\PSoC Creator\4.4\PSoC Creator\1\LWO2.cydsn\Generated_Source\PSoC4\CyLFClk.c ****     }
1957:C:\Program Files (x86)\Cypress\PSoC Creator\4.4\PSoC Creator\1\LWO2.cydsn\Generated_Source\PSoC4\CyLFClk.c **** 
1958:C:\Program Files (x86)\Cypress\PSoC Creator\4.4\PSoC Creator\1\LWO2.cydsn\Generated_Source\PSoC4\CyLFClk.c **** 
1959:C:\Program Files (x86)\Cypress\PSoC Creator\4.4\PSoC Creator\1\LWO2.cydsn\Generated_Source\PSoC4\CyLFClk.c ****     /*******************************************************************************
1960:C:\Program Files (x86)\Cypress\PSoC Creator\4.4\PSoC Creator\1\LWO2.cydsn\Generated_Source\PSoC4\CyLFClk.c ****     * Function Name: CySysWdtSetMatch
1961:C:\Program Files (x86)\Cypress\PSoC Creator\4.4\PSoC Creator\1\LWO2.cydsn\Generated_Source\PSoC4\CyLFClk.c ****     ****************************************************************************//**
1962:C:\Program Files (x86)\Cypress\PSoC Creator\4.4\PSoC Creator\1\LWO2.cydsn\Generated_Source\PSoC4\CyLFClk.c ****     *
1963:C:\Program Files (x86)\Cypress\PSoC Creator\4.4\PSoC Creator\1\LWO2.cydsn\Generated_Source\PSoC4\CyLFClk.c ****     * \brief Configures the WDT counter match comparison value.
1964:C:\Program Files (x86)\Cypress\PSoC Creator\4.4\PSoC Creator\1\LWO2.cydsn\Generated_Source\PSoC4\CyLFClk.c ****     *
1965:C:\Program Files (x86)\Cypress\PSoC Creator\4.4\PSoC Creator\1\LWO2.cydsn\Generated_Source\PSoC4\CyLFClk.c ****     * \param match Valid range [0-65535]. The value to be used to match against 
1966:C:\Program Files (x86)\Cypress\PSoC Creator\4.4\PSoC Creator\1\LWO2.cydsn\Generated_Source\PSoC4\CyLFClk.c ****     * the counter.
1967:C:\Program Files (x86)\Cypress\PSoC Creator\4.4\PSoC Creator\1\LWO2.cydsn\Generated_Source\PSoC4\CyLFClk.c ****     *
1968:C:\Program Files (x86)\Cypress\PSoC Creator\4.4\PSoC Creator\1\LWO2.cydsn\Generated_Source\PSoC4\CyLFClk.c ****     *******************************************************************************/
1969:C:\Program Files (x86)\Cypress\PSoC Creator\4.4\PSoC Creator\1\LWO2.cydsn\Generated_Source\PSoC4\CyLFClk.c ****     void CySysWdtSetMatch(uint32 match)
1970:C:\Program Files (x86)\Cypress\PSoC Creator\4.4\PSoC Creator\1\LWO2.cydsn\Generated_Source\PSoC4\CyLFClk.c ****     {
1971:C:\Program Files (x86)\Cypress\PSoC Creator\4.4\PSoC Creator\1\LWO2.cydsn\Generated_Source\PSoC4\CyLFClk.c ****         match &= CY_SYS_WDT_MATCH_MASK;
1972:C:\Program Files (x86)\Cypress\PSoC Creator\4.4\PSoC Creator\1\LWO2.cydsn\Generated_Source\PSoC4\CyLFClk.c ****         CY_SYS_WDT_MATCH_REG = (CY_SYS_WDT_MATCH_REG & (uint32)(~CY_SYS_WDT_MATCH_MASK)) | match;
1973:C:\Program Files (x86)\Cypress\PSoC Creator\4.4\PSoC Creator\1\LWO2.cydsn\Generated_Source\PSoC4\CyLFClk.c ****     }
1974:C:\Program Files (x86)\Cypress\PSoC Creator\4.4\PSoC Creator\1\LWO2.cydsn\Generated_Source\PSoC4\CyLFClk.c **** 
1975:C:\Program Files (x86)\Cypress\PSoC Creator\4.4\PSoC Creator\1\LWO2.cydsn\Generated_Source\PSoC4\CyLFClk.c **** 
1976:C:\Program Files (x86)\Cypress\PSoC Creator\4.4\PSoC Creator\1\LWO2.cydsn\Generated_Source\PSoC4\CyLFClk.c ****     /*******************************************************************************
1977:C:\Program Files (x86)\Cypress\PSoC Creator\4.4\PSoC Creator\1\LWO2.cydsn\Generated_Source\PSoC4\CyLFClk.c ****     * Function Name: CySysWdtGetMatch
1978:C:\Program Files (x86)\Cypress\PSoC Creator\4.4\PSoC Creator\1\LWO2.cydsn\Generated_Source\PSoC4\CyLFClk.c ****     ****************************************************************************//**
1979:C:\Program Files (x86)\Cypress\PSoC Creator\4.4\PSoC Creator\1\LWO2.cydsn\Generated_Source\PSoC4\CyLFClk.c ****     *
1980:C:\Program Files (x86)\Cypress\PSoC Creator\4.4\PSoC Creator\1\LWO2.cydsn\Generated_Source\PSoC4\CyLFClk.c ****     * \brief Reads the WDT counter match comparison value.
1981:C:\Program Files (x86)\Cypress\PSoC Creator\4.4\PSoC Creator\1\LWO2.cydsn\Generated_Source\PSoC4\CyLFClk.c ****     *
1982:C:\Program Files (x86)\Cypress\PSoC Creator\4.4\PSoC Creator\1\LWO2.cydsn\Generated_Source\PSoC4\CyLFClk.c ****     * \return The counter match value.
1983:C:\Program Files (x86)\Cypress\PSoC Creator\4.4\PSoC Creator\1\LWO2.cydsn\Generated_Source\PSoC4\CyLFClk.c ****     *
1984:C:\Program Files (x86)\Cypress\PSoC Creator\4.4\PSoC Creator\1\LWO2.cydsn\Generated_Source\PSoC4\CyLFClk.c ****     *******************************************************************************/
1985:C:\Program Files (x86)\Cypress\PSoC Creator\4.4\PSoC Creator\1\LWO2.cydsn\Generated_Source\PSoC4\CyLFClk.c ****     uint32 CySysWdtGetMatch(void)
1986:C:\Program Files (x86)\Cypress\PSoC Creator\4.4\PSoC Creator\1\LWO2.cydsn\Generated_Source\PSoC4\CyLFClk.c ****     {
ARM GAS  C:\Users\taips\AppData\Local\Temp\cc8A2Ndf.s 			page 76


1987:C:\Program Files (x86)\Cypress\PSoC Creator\4.4\PSoC Creator\1\LWO2.cydsn\Generated_Source\PSoC4\CyLFClk.c ****         return (CY_SYS_WDT_MATCH_REG & CY_SYS_WDT_MATCH_MASK);
1988:C:\Program Files (x86)\Cypress\PSoC Creator\4.4\PSoC Creator\1\LWO2.cydsn\Generated_Source\PSoC4\CyLFClk.c ****     }
1989:C:\Program Files (x86)\Cypress\PSoC Creator\4.4\PSoC Creator\1\LWO2.cydsn\Generated_Source\PSoC4\CyLFClk.c **** 
1990:C:\Program Files (x86)\Cypress\PSoC Creator\4.4\PSoC Creator\1\LWO2.cydsn\Generated_Source\PSoC4\CyLFClk.c **** 
1991:C:\Program Files (x86)\Cypress\PSoC Creator\4.4\PSoC Creator\1\LWO2.cydsn\Generated_Source\PSoC4\CyLFClk.c ****     /*******************************************************************************
1992:C:\Program Files (x86)\Cypress\PSoC Creator\4.4\PSoC Creator\1\LWO2.cydsn\Generated_Source\PSoC4\CyLFClk.c ****     * Function Name: CySysWdtGetCount
1993:C:\Program Files (x86)\Cypress\PSoC Creator\4.4\PSoC Creator\1\LWO2.cydsn\Generated_Source\PSoC4\CyLFClk.c ****     ****************************************************************************//**
1994:C:\Program Files (x86)\Cypress\PSoC Creator\4.4\PSoC Creator\1\LWO2.cydsn\Generated_Source\PSoC4\CyLFClk.c ****     *
1995:C:\Program Files (x86)\Cypress\PSoC Creator\4.4\PSoC Creator\1\LWO2.cydsn\Generated_Source\PSoC4\CyLFClk.c ****     * \brief Reads the current WDT counter value.
1996:C:\Program Files (x86)\Cypress\PSoC Creator\4.4\PSoC Creator\1\LWO2.cydsn\Generated_Source\PSoC4\CyLFClk.c ****     *
1997:C:\Program Files (x86)\Cypress\PSoC Creator\4.4\PSoC Creator\1\LWO2.cydsn\Generated_Source\PSoC4\CyLFClk.c ****     * \return A live counter value.
1998:C:\Program Files (x86)\Cypress\PSoC Creator\4.4\PSoC Creator\1\LWO2.cydsn\Generated_Source\PSoC4\CyLFClk.c ****     *
1999:C:\Program Files (x86)\Cypress\PSoC Creator\4.4\PSoC Creator\1\LWO2.cydsn\Generated_Source\PSoC4\CyLFClk.c ****     *******************************************************************************/
2000:C:\Program Files (x86)\Cypress\PSoC Creator\4.4\PSoC Creator\1\LWO2.cydsn\Generated_Source\PSoC4\CyLFClk.c ****     uint32 CySysWdtGetCount(void)
2001:C:\Program Files (x86)\Cypress\PSoC Creator\4.4\PSoC Creator\1\LWO2.cydsn\Generated_Source\PSoC4\CyLFClk.c ****     {
2002:C:\Program Files (x86)\Cypress\PSoC Creator\4.4\PSoC Creator\1\LWO2.cydsn\Generated_Source\PSoC4\CyLFClk.c ****         return ((uint32)CY_SYS_WDT_COUNTER_REG);
2003:C:\Program Files (x86)\Cypress\PSoC Creator\4.4\PSoC Creator\1\LWO2.cydsn\Generated_Source\PSoC4\CyLFClk.c ****     }
2004:C:\Program Files (x86)\Cypress\PSoC Creator\4.4\PSoC Creator\1\LWO2.cydsn\Generated_Source\PSoC4\CyLFClk.c **** 
2005:C:\Program Files (x86)\Cypress\PSoC Creator\4.4\PSoC Creator\1\LWO2.cydsn\Generated_Source\PSoC4\CyLFClk.c **** 
2006:C:\Program Files (x86)\Cypress\PSoC Creator\4.4\PSoC Creator\1\LWO2.cydsn\Generated_Source\PSoC4\CyLFClk.c ****     /*******************************************************************************
2007:C:\Program Files (x86)\Cypress\PSoC Creator\4.4\PSoC Creator\1\LWO2.cydsn\Generated_Source\PSoC4\CyLFClk.c ****     * Function Name: CySysWdtSetIgnoreBits
2008:C:\Program Files (x86)\Cypress\PSoC Creator\4.4\PSoC Creator\1\LWO2.cydsn\Generated_Source\PSoC4\CyLFClk.c ****     ****************************************************************************//**
2009:C:\Program Files (x86)\Cypress\PSoC Creator\4.4\PSoC Creator\1\LWO2.cydsn\Generated_Source\PSoC4\CyLFClk.c ****     *
2010:C:\Program Files (x86)\Cypress\PSoC Creator\4.4\PSoC Creator\1\LWO2.cydsn\Generated_Source\PSoC4\CyLFClk.c ****     * \brief
2011:C:\Program Files (x86)\Cypress\PSoC Creator\4.4\PSoC Creator\1\LWO2.cydsn\Generated_Source\PSoC4\CyLFClk.c ****     * Configures the number of the MSB bits of the watchdog timer that are not
2012:C:\Program Files (x86)\Cypress\PSoC Creator\4.4\PSoC Creator\1\LWO2.cydsn\Generated_Source\PSoC4\CyLFClk.c ****     * checked against the match.
2013:C:\Program Files (x86)\Cypress\PSoC Creator\4.4\PSoC Creator\1\LWO2.cydsn\Generated_Source\PSoC4\CyLFClk.c ****     *
2014:C:\Program Files (x86)\Cypress\PSoC Creator\4.4\PSoC Creator\1\LWO2.cydsn\Generated_Source\PSoC4\CyLFClk.c ****     * \param bitsNum Valid range [0-15]. The number of the MSB bits.
2015:C:\Program Files (x86)\Cypress\PSoC Creator\4.4\PSoC Creator\1\LWO2.cydsn\Generated_Source\PSoC4\CyLFClk.c ****     *
2016:C:\Program Files (x86)\Cypress\PSoC Creator\4.4\PSoC Creator\1\LWO2.cydsn\Generated_Source\PSoC4\CyLFClk.c ****     * \details The value of bitsNum controls the time-to-reset of the watchdog
2017:C:\Program Files (x86)\Cypress\PSoC Creator\4.4\PSoC Creator\1\LWO2.cydsn\Generated_Source\PSoC4\CyLFClk.c ****     * (which happens after 3 successive matches).
2018:C:\Program Files (x86)\Cypress\PSoC Creator\4.4\PSoC Creator\1\LWO2.cydsn\Generated_Source\PSoC4\CyLFClk.c ****     *
2019:C:\Program Files (x86)\Cypress\PSoC Creator\4.4\PSoC Creator\1\LWO2.cydsn\Generated_Source\PSoC4\CyLFClk.c ****     *******************************************************************************/
2020:C:\Program Files (x86)\Cypress\PSoC Creator\4.4\PSoC Creator\1\LWO2.cydsn\Generated_Source\PSoC4\CyLFClk.c ****     void CySysWdtSetIgnoreBits(uint32 bitsNum)
2021:C:\Program Files (x86)\Cypress\PSoC Creator\4.4\PSoC Creator\1\LWO2.cydsn\Generated_Source\PSoC4\CyLFClk.c ****     {
2022:C:\Program Files (x86)\Cypress\PSoC Creator\4.4\PSoC Creator\1\LWO2.cydsn\Generated_Source\PSoC4\CyLFClk.c ****         bitsNum = ((uint32)(bitsNum << CY_SYS_WDT_IGNORE_BITS_SHIFT) & CY_SYS_WDT_IGNORE_BITS_MASK)
2023:C:\Program Files (x86)\Cypress\PSoC Creator\4.4\PSoC Creator\1\LWO2.cydsn\Generated_Source\PSoC4\CyLFClk.c ****         CY_SYS_WDT_MATCH_REG = (CY_SYS_WDT_MATCH_REG & (uint32)(~CY_SYS_WDT_IGNORE_BITS_MASK)) | bi
2024:C:\Program Files (x86)\Cypress\PSoC Creator\4.4\PSoC Creator\1\LWO2.cydsn\Generated_Source\PSoC4\CyLFClk.c ****     }
2025:C:\Program Files (x86)\Cypress\PSoC Creator\4.4\PSoC Creator\1\LWO2.cydsn\Generated_Source\PSoC4\CyLFClk.c **** 
2026:C:\Program Files (x86)\Cypress\PSoC Creator\4.4\PSoC Creator\1\LWO2.cydsn\Generated_Source\PSoC4\CyLFClk.c **** 
2027:C:\Program Files (x86)\Cypress\PSoC Creator\4.4\PSoC Creator\1\LWO2.cydsn\Generated_Source\PSoC4\CyLFClk.c ****     /*******************************************************************************
2028:C:\Program Files (x86)\Cypress\PSoC Creator\4.4\PSoC Creator\1\LWO2.cydsn\Generated_Source\PSoC4\CyLFClk.c ****     * Function Name: CySysWdtGetIgnoreBits
2029:C:\Program Files (x86)\Cypress\PSoC Creator\4.4\PSoC Creator\1\LWO2.cydsn\Generated_Source\PSoC4\CyLFClk.c ****     ****************************************************************************//**
2030:C:\Program Files (x86)\Cypress\PSoC Creator\4.4\PSoC Creator\1\LWO2.cydsn\Generated_Source\PSoC4\CyLFClk.c ****     *
2031:C:\Program Files (x86)\Cypress\PSoC Creator\4.4\PSoC Creator\1\LWO2.cydsn\Generated_Source\PSoC4\CyLFClk.c ****     * \brief
2032:C:\Program Files (x86)\Cypress\PSoC Creator\4.4\PSoC Creator\1\LWO2.cydsn\Generated_Source\PSoC4\CyLFClk.c ****     * Reads the number of the  MSB bits of the watchdog timer that are not
2033:C:\Program Files (x86)\Cypress\PSoC Creator\4.4\PSoC Creator\1\LWO2.cydsn\Generated_Source\PSoC4\CyLFClk.c ****     * checked against the match.
2034:C:\Program Files (x86)\Cypress\PSoC Creator\4.4\PSoC Creator\1\LWO2.cydsn\Generated_Source\PSoC4\CyLFClk.c ****     *
2035:C:\Program Files (x86)\Cypress\PSoC Creator\4.4\PSoC Creator\1\LWO2.cydsn\Generated_Source\PSoC4\CyLFClk.c ****     * \return The number of the MSB bits.
2036:C:\Program Files (x86)\Cypress\PSoC Creator\4.4\PSoC Creator\1\LWO2.cydsn\Generated_Source\PSoC4\CyLFClk.c ****     *
2037:C:\Program Files (x86)\Cypress\PSoC Creator\4.4\PSoC Creator\1\LWO2.cydsn\Generated_Source\PSoC4\CyLFClk.c ****     *******************************************************************************/
2038:C:\Program Files (x86)\Cypress\PSoC Creator\4.4\PSoC Creator\1\LWO2.cydsn\Generated_Source\PSoC4\CyLFClk.c ****     uint32 CySysWdtGetIgnoreBits(void)
2039:C:\Program Files (x86)\Cypress\PSoC Creator\4.4\PSoC Creator\1\LWO2.cydsn\Generated_Source\PSoC4\CyLFClk.c ****     {
2040:C:\Program Files (x86)\Cypress\PSoC Creator\4.4\PSoC Creator\1\LWO2.cydsn\Generated_Source\PSoC4\CyLFClk.c ****         return((uint32)((CY_SYS_WDT_MATCH_REG & CY_SYS_WDT_IGNORE_BITS_MASK) >> CY_SYS_WDT_IGNORE_B
2041:C:\Program Files (x86)\Cypress\PSoC Creator\4.4\PSoC Creator\1\LWO2.cydsn\Generated_Source\PSoC4\CyLFClk.c ****     }
2042:C:\Program Files (x86)\Cypress\PSoC Creator\4.4\PSoC Creator\1\LWO2.cydsn\Generated_Source\PSoC4\CyLFClk.c **** 
2043:C:\Program Files (x86)\Cypress\PSoC Creator\4.4\PSoC Creator\1\LWO2.cydsn\Generated_Source\PSoC4\CyLFClk.c **** 
ARM GAS  C:\Users\taips\AppData\Local\Temp\cc8A2Ndf.s 			page 77


2044:C:\Program Files (x86)\Cypress\PSoC Creator\4.4\PSoC Creator\1\LWO2.cydsn\Generated_Source\PSoC4\CyLFClk.c ****     /*******************************************************************************
2045:C:\Program Files (x86)\Cypress\PSoC Creator\4.4\PSoC Creator\1\LWO2.cydsn\Generated_Source\PSoC4\CyLFClk.c ****     * Function Name: CySysWdtClearInterrupt
2046:C:\Program Files (x86)\Cypress\PSoC Creator\4.4\PSoC Creator\1\LWO2.cydsn\Generated_Source\PSoC4\CyLFClk.c ****     ****************************************************************************//**
2047:C:\Program Files (x86)\Cypress\PSoC Creator\4.4\PSoC Creator\1\LWO2.cydsn\Generated_Source\PSoC4\CyLFClk.c ****     *
2048:C:\Program Files (x86)\Cypress\PSoC Creator\4.4\PSoC Creator\1\LWO2.cydsn\Generated_Source\PSoC4\CyLFClk.c ****     * \brief
2049:C:\Program Files (x86)\Cypress\PSoC Creator\4.4\PSoC Creator\1\LWO2.cydsn\Generated_Source\PSoC4\CyLFClk.c ****     * Feeds the watchdog.
2050:C:\Program Files (x86)\Cypress\PSoC Creator\4.4\PSoC Creator\1\LWO2.cydsn\Generated_Source\PSoC4\CyLFClk.c ****     * Cleans the WDT match flag which is set every time the WDT counter reaches a 
2051:C:\Program Files (x86)\Cypress\PSoC Creator\4.4\PSoC Creator\1\LWO2.cydsn\Generated_Source\PSoC4\CyLFClk.c ****     * WDT match value. Two unserviced interrupts lead to a system reset 
2052:C:\Program Files (x86)\Cypress\PSoC Creator\4.4\PSoC Creator\1\LWO2.cydsn\Generated_Source\PSoC4\CyLFClk.c ****     * (i.e. at the third match).
2053:C:\Program Files (x86)\Cypress\PSoC Creator\4.4\PSoC Creator\1\LWO2.cydsn\Generated_Source\PSoC4\CyLFClk.c ****     *
2054:C:\Program Files (x86)\Cypress\PSoC Creator\4.4\PSoC Creator\1\LWO2.cydsn\Generated_Source\PSoC4\CyLFClk.c ****     *******************************************************************************/
2055:C:\Program Files (x86)\Cypress\PSoC Creator\4.4\PSoC Creator\1\LWO2.cydsn\Generated_Source\PSoC4\CyLFClk.c ****     void CySysWdtClearInterrupt(void)
2056:C:\Program Files (x86)\Cypress\PSoC Creator\4.4\PSoC Creator\1\LWO2.cydsn\Generated_Source\PSoC4\CyLFClk.c ****     {
2057:C:\Program Files (x86)\Cypress\PSoC Creator\4.4\PSoC Creator\1\LWO2.cydsn\Generated_Source\PSoC4\CyLFClk.c ****         CY_SYS_SRSS_INTR_REG |= CY_SYS_WDT_LOWER_BIT_MASK;
2058:C:\Program Files (x86)\Cypress\PSoC Creator\4.4\PSoC Creator\1\LWO2.cydsn\Generated_Source\PSoC4\CyLFClk.c ****     }
2059:C:\Program Files (x86)\Cypress\PSoC Creator\4.4\PSoC Creator\1\LWO2.cydsn\Generated_Source\PSoC4\CyLFClk.c **** 
2060:C:\Program Files (x86)\Cypress\PSoC Creator\4.4\PSoC Creator\1\LWO2.cydsn\Generated_Source\PSoC4\CyLFClk.c **** 
2061:C:\Program Files (x86)\Cypress\PSoC Creator\4.4\PSoC Creator\1\LWO2.cydsn\Generated_Source\PSoC4\CyLFClk.c ****     /*******************************************************************************
2062:C:\Program Files (x86)\Cypress\PSoC Creator\4.4\PSoC Creator\1\LWO2.cydsn\Generated_Source\PSoC4\CyLFClk.c ****     * Function Name: CySysWdtMaskInterrupt
2063:C:\Program Files (x86)\Cypress\PSoC Creator\4.4\PSoC Creator\1\LWO2.cydsn\Generated_Source\PSoC4\CyLFClk.c ****     ****************************************************************************//**
2064:C:\Program Files (x86)\Cypress\PSoC Creator\4.4\PSoC Creator\1\LWO2.cydsn\Generated_Source\PSoC4\CyLFClk.c ****     *
2065:C:\Program Files (x86)\Cypress\PSoC Creator\4.4\PSoC Creator\1\LWO2.cydsn\Generated_Source\PSoC4\CyLFClk.c ****     * \brief
2066:C:\Program Files (x86)\Cypress\PSoC Creator\4.4\PSoC Creator\1\LWO2.cydsn\Generated_Source\PSoC4\CyLFClk.c ****     * After masking interrupts from WDT, they are not passed to CPU.
2067:C:\Program Files (x86)\Cypress\PSoC Creator\4.4\PSoC Creator\1\LWO2.cydsn\Generated_Source\PSoC4\CyLFClk.c ****     * This function does not disable WDT reset generation.
2068:C:\Program Files (x86)\Cypress\PSoC Creator\4.4\PSoC Creator\1\LWO2.cydsn\Generated_Source\PSoC4\CyLFClk.c ****     *
2069:C:\Program Files (x86)\Cypress\PSoC Creator\4.4\PSoC Creator\1\LWO2.cydsn\Generated_Source\PSoC4\CyLFClk.c ****     *******************************************************************************/
2070:C:\Program Files (x86)\Cypress\PSoC Creator\4.4\PSoC Creator\1\LWO2.cydsn\Generated_Source\PSoC4\CyLFClk.c ****     void CySysWdtMaskInterrupt(void)
2071:C:\Program Files (x86)\Cypress\PSoC Creator\4.4\PSoC Creator\1\LWO2.cydsn\Generated_Source\PSoC4\CyLFClk.c ****     {
2072:C:\Program Files (x86)\Cypress\PSoC Creator\4.4\PSoC Creator\1\LWO2.cydsn\Generated_Source\PSoC4\CyLFClk.c ****         CY_SYS_SRSS_INTR_MASK_REG &= (uint32)(~ (uint32)CY_SYS_WDT_LOWER_BIT_MASK);
2073:C:\Program Files (x86)\Cypress\PSoC Creator\4.4\PSoC Creator\1\LWO2.cydsn\Generated_Source\PSoC4\CyLFClk.c ****     }
2074:C:\Program Files (x86)\Cypress\PSoC Creator\4.4\PSoC Creator\1\LWO2.cydsn\Generated_Source\PSoC4\CyLFClk.c **** 
2075:C:\Program Files (x86)\Cypress\PSoC Creator\4.4\PSoC Creator\1\LWO2.cydsn\Generated_Source\PSoC4\CyLFClk.c **** 
2076:C:\Program Files (x86)\Cypress\PSoC Creator\4.4\PSoC Creator\1\LWO2.cydsn\Generated_Source\PSoC4\CyLFClk.c ****     /*******************************************************************************
2077:C:\Program Files (x86)\Cypress\PSoC Creator\4.4\PSoC Creator\1\LWO2.cydsn\Generated_Source\PSoC4\CyLFClk.c ****     * Function Name: CySysWdtUnmaskInterrupt
2078:C:\Program Files (x86)\Cypress\PSoC Creator\4.4\PSoC Creator\1\LWO2.cydsn\Generated_Source\PSoC4\CyLFClk.c ****     ****************************************************************************//**
2079:C:\Program Files (x86)\Cypress\PSoC Creator\4.4\PSoC Creator\1\LWO2.cydsn\Generated_Source\PSoC4\CyLFClk.c ****     *
2080:C:\Program Files (x86)\Cypress\PSoC Creator\4.4\PSoC Creator\1\LWO2.cydsn\Generated_Source\PSoC4\CyLFClk.c ****     * \brief
2081:C:\Program Files (x86)\Cypress\PSoC Creator\4.4\PSoC Creator\1\LWO2.cydsn\Generated_Source\PSoC4\CyLFClk.c ****     * After unmasking interrupts from WDT, they are passed to CPU.
2082:C:\Program Files (x86)\Cypress\PSoC Creator\4.4\PSoC Creator\1\LWO2.cydsn\Generated_Source\PSoC4\CyLFClk.c ****     * This function does not impact the reset generation.
2083:C:\Program Files (x86)\Cypress\PSoC Creator\4.4\PSoC Creator\1\LWO2.cydsn\Generated_Source\PSoC4\CyLFClk.c ****     *
2084:C:\Program Files (x86)\Cypress\PSoC Creator\4.4\PSoC Creator\1\LWO2.cydsn\Generated_Source\PSoC4\CyLFClk.c ****     *******************************************************************************/
2085:C:\Program Files (x86)\Cypress\PSoC Creator\4.4\PSoC Creator\1\LWO2.cydsn\Generated_Source\PSoC4\CyLFClk.c ****     void CySysWdtUnmaskInterrupt(void)
2086:C:\Program Files (x86)\Cypress\PSoC Creator\4.4\PSoC Creator\1\LWO2.cydsn\Generated_Source\PSoC4\CyLFClk.c ****     {
2087:C:\Program Files (x86)\Cypress\PSoC Creator\4.4\PSoC Creator\1\LWO2.cydsn\Generated_Source\PSoC4\CyLFClk.c ****         CY_SYS_SRSS_INTR_MASK_REG |= CY_SYS_WDT_LOWER_BIT_MASK;
2088:C:\Program Files (x86)\Cypress\PSoC Creator\4.4\PSoC Creator\1\LWO2.cydsn\Generated_Source\PSoC4\CyLFClk.c ****     }
2089:C:\Program Files (x86)\Cypress\PSoC Creator\4.4\PSoC Creator\1\LWO2.cydsn\Generated_Source\PSoC4\CyLFClk.c **** 
2090:C:\Program Files (x86)\Cypress\PSoC Creator\4.4\PSoC Creator\1\LWO2.cydsn\Generated_Source\PSoC4\CyLFClk.c **** 
2091:C:\Program Files (x86)\Cypress\PSoC Creator\4.4\PSoC Creator\1\LWO2.cydsn\Generated_Source\PSoC4\CyLFClk.c ****     /*******************************************************************************
2092:C:\Program Files (x86)\Cypress\PSoC Creator\4.4\PSoC Creator\1\LWO2.cydsn\Generated_Source\PSoC4\CyLFClk.c ****     * Function Name: CySysWdtSetIsrCallback
2093:C:\Program Files (x86)\Cypress\PSoC Creator\4.4\PSoC Creator\1\LWO2.cydsn\Generated_Source\PSoC4\CyLFClk.c ****     ****************************************************************************//**
2094:C:\Program Files (x86)\Cypress\PSoC Creator\4.4\PSoC Creator\1\LWO2.cydsn\Generated_Source\PSoC4\CyLFClk.c ****     *
2095:C:\Program Files (x86)\Cypress\PSoC Creator\4.4\PSoC Creator\1\LWO2.cydsn\Generated_Source\PSoC4\CyLFClk.c ****     * \brief
2096:C:\Program Files (x86)\Cypress\PSoC Creator\4.4\PSoC Creator\1\LWO2.cydsn\Generated_Source\PSoC4\CyLFClk.c ****     * Sets the ISR callback function for the WDT counter
2097:C:\Program Files (x86)\Cypress\PSoC Creator\4.4\PSoC Creator\1\LWO2.cydsn\Generated_Source\PSoC4\CyLFClk.c ****     *
2098:C:\Program Files (x86)\Cypress\PSoC Creator\4.4\PSoC Creator\1\LWO2.cydsn\Generated_Source\PSoC4\CyLFClk.c ****     * \param function The pointer to the callback function.
2099:C:\Program Files (x86)\Cypress\PSoC Creator\4.4\PSoC Creator\1\LWO2.cydsn\Generated_Source\PSoC4\CyLFClk.c ****     *
2100:C:\Program Files (x86)\Cypress\PSoC Creator\4.4\PSoC Creator\1\LWO2.cydsn\Generated_Source\PSoC4\CyLFClk.c ****     * \return The pointer to a previous callback function.
ARM GAS  C:\Users\taips\AppData\Local\Temp\cc8A2Ndf.s 			page 78


2101:C:\Program Files (x86)\Cypress\PSoC Creator\4.4\PSoC Creator\1\LWO2.cydsn\Generated_Source\PSoC4\CyLFClk.c ****     *
2102:C:\Program Files (x86)\Cypress\PSoC Creator\4.4\PSoC Creator\1\LWO2.cydsn\Generated_Source\PSoC4\CyLFClk.c ****     *******************************************************************************/
2103:C:\Program Files (x86)\Cypress\PSoC Creator\4.4\PSoC Creator\1\LWO2.cydsn\Generated_Source\PSoC4\CyLFClk.c ****     cyWdtCallback CySysWdtSetInterruptCallback(cyWdtCallback function)
2104:C:\Program Files (x86)\Cypress\PSoC Creator\4.4\PSoC Creator\1\LWO2.cydsn\Generated_Source\PSoC4\CyLFClk.c ****     {
2105:C:\Program Files (x86)\Cypress\PSoC Creator\4.4\PSoC Creator\1\LWO2.cydsn\Generated_Source\PSoC4\CyLFClk.c ****         cyWdtCallback prevCallback = (void *)0;
2106:C:\Program Files (x86)\Cypress\PSoC Creator\4.4\PSoC Creator\1\LWO2.cydsn\Generated_Source\PSoC4\CyLFClk.c **** 
2107:C:\Program Files (x86)\Cypress\PSoC Creator\4.4\PSoC Creator\1\LWO2.cydsn\Generated_Source\PSoC4\CyLFClk.c ****         prevCallback = cySysWdtCallback;
2108:C:\Program Files (x86)\Cypress\PSoC Creator\4.4\PSoC Creator\1\LWO2.cydsn\Generated_Source\PSoC4\CyLFClk.c ****         cySysWdtCallback = function;
2109:C:\Program Files (x86)\Cypress\PSoC Creator\4.4\PSoC Creator\1\LWO2.cydsn\Generated_Source\PSoC4\CyLFClk.c **** 
2110:C:\Program Files (x86)\Cypress\PSoC Creator\4.4\PSoC Creator\1\LWO2.cydsn\Generated_Source\PSoC4\CyLFClk.c ****         return(prevCallback);
2111:C:\Program Files (x86)\Cypress\PSoC Creator\4.4\PSoC Creator\1\LWO2.cydsn\Generated_Source\PSoC4\CyLFClk.c ****     }
2112:C:\Program Files (x86)\Cypress\PSoC Creator\4.4\PSoC Creator\1\LWO2.cydsn\Generated_Source\PSoC4\CyLFClk.c **** 
2113:C:\Program Files (x86)\Cypress\PSoC Creator\4.4\PSoC Creator\1\LWO2.cydsn\Generated_Source\PSoC4\CyLFClk.c **** 
2114:C:\Program Files (x86)\Cypress\PSoC Creator\4.4\PSoC Creator\1\LWO2.cydsn\Generated_Source\PSoC4\CyLFClk.c ****     /*******************************************************************************
2115:C:\Program Files (x86)\Cypress\PSoC Creator\4.4\PSoC Creator\1\LWO2.cydsn\Generated_Source\PSoC4\CyLFClk.c ****     * Function Name: CySysWdtGetIsrCallback
2116:C:\Program Files (x86)\Cypress\PSoC Creator\4.4\PSoC Creator\1\LWO2.cydsn\Generated_Source\PSoC4\CyLFClk.c ****     ****************************************************************************//**
2117:C:\Program Files (x86)\Cypress\PSoC Creator\4.4\PSoC Creator\1\LWO2.cydsn\Generated_Source\PSoC4\CyLFClk.c ****     *
2118:C:\Program Files (x86)\Cypress\PSoC Creator\4.4\PSoC Creator\1\LWO2.cydsn\Generated_Source\PSoC4\CyLFClk.c ****     * \brief
2119:C:\Program Files (x86)\Cypress\PSoC Creator\4.4\PSoC Creator\1\LWO2.cydsn\Generated_Source\PSoC4\CyLFClk.c ****     * Gets the ISR callback function for the WDT counter
2120:C:\Program Files (x86)\Cypress\PSoC Creator\4.4\PSoC Creator\1\LWO2.cydsn\Generated_Source\PSoC4\CyLFClk.c ****     *
2121:C:\Program Files (x86)\Cypress\PSoC Creator\4.4\PSoC Creator\1\LWO2.cydsn\Generated_Source\PSoC4\CyLFClk.c ****     * \return The pointer to the callback function registered for WDT.
2122:C:\Program Files (x86)\Cypress\PSoC Creator\4.4\PSoC Creator\1\LWO2.cydsn\Generated_Source\PSoC4\CyLFClk.c ****     *
2123:C:\Program Files (x86)\Cypress\PSoC Creator\4.4\PSoC Creator\1\LWO2.cydsn\Generated_Source\PSoC4\CyLFClk.c ****     *******************************************************************************/
2124:C:\Program Files (x86)\Cypress\PSoC Creator\4.4\PSoC Creator\1\LWO2.cydsn\Generated_Source\PSoC4\CyLFClk.c ****     cyWdtCallback CySysWdtGetInterruptCallback(void)
2125:C:\Program Files (x86)\Cypress\PSoC Creator\4.4\PSoC Creator\1\LWO2.cydsn\Generated_Source\PSoC4\CyLFClk.c ****     {
2126:C:\Program Files (x86)\Cypress\PSoC Creator\4.4\PSoC Creator\1\LWO2.cydsn\Generated_Source\PSoC4\CyLFClk.c ****         return(cySysWdtCallback);
2127:C:\Program Files (x86)\Cypress\PSoC Creator\4.4\PSoC Creator\1\LWO2.cydsn\Generated_Source\PSoC4\CyLFClk.c ****     }
2128:C:\Program Files (x86)\Cypress\PSoC Creator\4.4\PSoC Creator\1\LWO2.cydsn\Generated_Source\PSoC4\CyLFClk.c **** 
2129:C:\Program Files (x86)\Cypress\PSoC Creator\4.4\PSoC Creator\1\LWO2.cydsn\Generated_Source\PSoC4\CyLFClk.c **** 
2130:C:\Program Files (x86)\Cypress\PSoC Creator\4.4\PSoC Creator\1\LWO2.cydsn\Generated_Source\PSoC4\CyLFClk.c ****     /*******************************************************************************
2131:C:\Program Files (x86)\Cypress\PSoC Creator\4.4\PSoC Creator\1\LWO2.cydsn\Generated_Source\PSoC4\CyLFClk.c ****     * Function Name: CySysWdtIsr
2132:C:\Program Files (x86)\Cypress\PSoC Creator\4.4\PSoC Creator\1\LWO2.cydsn\Generated_Source\PSoC4\CyLFClk.c ****     ****************************************************************************//**
2133:C:\Program Files (x86)\Cypress\PSoC Creator\4.4\PSoC Creator\1\LWO2.cydsn\Generated_Source\PSoC4\CyLFClk.c ****     *
2134:C:\Program Files (x86)\Cypress\PSoC Creator\4.4\PSoC Creator\1\LWO2.cydsn\Generated_Source\PSoC4\CyLFClk.c ****     * \brief
2135:C:\Program Files (x86)\Cypress\PSoC Creator\4.4\PSoC Creator\1\LWO2.cydsn\Generated_Source\PSoC4\CyLFClk.c ****     * This is the handler of the WDT interrupt in CPU NVIC.
2136:C:\Program Files (x86)\Cypress\PSoC Creator\4.4\PSoC Creator\1\LWO2.cydsn\Generated_Source\PSoC4\CyLFClk.c ****     *
2137:C:\Program Files (x86)\Cypress\PSoC Creator\4.4\PSoC Creator\1\LWO2.cydsn\Generated_Source\PSoC4\CyLFClk.c ****     * The handler calls the respective callback functions configured by the user 
2138:C:\Program Files (x86)\Cypress\PSoC Creator\4.4\PSoC Creator\1\LWO2.cydsn\Generated_Source\PSoC4\CyLFClk.c ****     * by using CySysWdtSetIsrCallback() API.
2139:C:\Program Files (x86)\Cypress\PSoC Creator\4.4\PSoC Creator\1\LWO2.cydsn\Generated_Source\PSoC4\CyLFClk.c ****     *
2140:C:\Program Files (x86)\Cypress\PSoC Creator\4.4\PSoC Creator\1\LWO2.cydsn\Generated_Source\PSoC4\CyLFClk.c ****     *
2141:C:\Program Files (x86)\Cypress\PSoC Creator\4.4\PSoC Creator\1\LWO2.cydsn\Generated_Source\PSoC4\CyLFClk.c ****     * \details
2142:C:\Program Files (x86)\Cypress\PSoC Creator\4.4\PSoC Creator\1\LWO2.cydsn\Generated_Source\PSoC4\CyLFClk.c ****     * This function clears the WDT interrupt every time when it is called.
2143:C:\Program Files (x86)\Cypress\PSoC Creator\4.4\PSoC Creator\1\LWO2.cydsn\Generated_Source\PSoC4\CyLFClk.c ****     * Reset after the 3rd interrupt does not happen if this function is registered
2144:C:\Program Files (x86)\Cypress\PSoC Creator\4.4\PSoC Creator\1\LWO2.cydsn\Generated_Source\PSoC4\CyLFClk.c ****     * as the interrupt handler even if the "Watchdog with Interrupt" mode is
2145:C:\Program Files (x86)\Cypress\PSoC Creator\4.4\PSoC Creator\1\LWO2.cydsn\Generated_Source\PSoC4\CyLFClk.c ****     * selected on the "Low Frequency Clocks" tab.
2146:C:\Program Files (x86)\Cypress\PSoC Creator\4.4\PSoC Creator\1\LWO2.cydsn\Generated_Source\PSoC4\CyLFClk.c ****     *
2147:C:\Program Files (x86)\Cypress\PSoC Creator\4.4\PSoC Creator\1\LWO2.cydsn\Generated_Source\PSoC4\CyLFClk.c ****     *******************************************************************************/
2148:C:\Program Files (x86)\Cypress\PSoC Creator\4.4\PSoC Creator\1\LWO2.cydsn\Generated_Source\PSoC4\CyLFClk.c ****     void CySysWdtIsr(void)
2149:C:\Program Files (x86)\Cypress\PSoC Creator\4.4\PSoC Creator\1\LWO2.cydsn\Generated_Source\PSoC4\CyLFClk.c ****     {
2150:C:\Program Files (x86)\Cypress\PSoC Creator\4.4\PSoC Creator\1\LWO2.cydsn\Generated_Source\PSoC4\CyLFClk.c ****         if(cySysWdtCallback != (void *) 0)
2151:C:\Program Files (x86)\Cypress\PSoC Creator\4.4\PSoC Creator\1\LWO2.cydsn\Generated_Source\PSoC4\CyLFClk.c ****         {
2152:C:\Program Files (x86)\Cypress\PSoC Creator\4.4\PSoC Creator\1\LWO2.cydsn\Generated_Source\PSoC4\CyLFClk.c ****             (void)(cySysWdtCallback)();
2153:C:\Program Files (x86)\Cypress\PSoC Creator\4.4\PSoC Creator\1\LWO2.cydsn\Generated_Source\PSoC4\CyLFClk.c ****         }
2154:C:\Program Files (x86)\Cypress\PSoC Creator\4.4\PSoC Creator\1\LWO2.cydsn\Generated_Source\PSoC4\CyLFClk.c **** 
2155:C:\Program Files (x86)\Cypress\PSoC Creator\4.4\PSoC Creator\1\LWO2.cydsn\Generated_Source\PSoC4\CyLFClk.c ****         CySysWdtClearInterrupt();
2156:C:\Program Files (x86)\Cypress\PSoC Creator\4.4\PSoC Creator\1\LWO2.cydsn\Generated_Source\PSoC4\CyLFClk.c ****     }
2157:C:\Program Files (x86)\Cypress\PSoC Creator\4.4\PSoC Creator\1\LWO2.cydsn\Generated_Source\PSoC4\CyLFClk.c **** 
ARM GAS  C:\Users\taips\AppData\Local\Temp\cc8A2Ndf.s 			page 79


2158:C:\Program Files (x86)\Cypress\PSoC Creator\4.4\PSoC Creator\1\LWO2.cydsn\Generated_Source\PSoC4\CyLFClk.c **** #endif /* (CY_IP_SRSSV2) */
2159:C:\Program Files (x86)\Cypress\PSoC Creator\4.4\PSoC Creator\1\LWO2.cydsn\Generated_Source\PSoC4\CyLFClk.c **** 
2160:C:\Program Files (x86)\Cypress\PSoC Creator\4.4\PSoC Creator\1\LWO2.cydsn\Generated_Source\PSoC4\CyLFClk.c **** 
2161:C:\Program Files (x86)\Cypress\PSoC Creator\4.4\PSoC Creator\1\LWO2.cydsn\Generated_Source\PSoC4\CyLFClk.c **** #if(CY_IP_SRSSLT && CY_IP_WCO && CY_IP_WCO_WDT_EN)
2162:C:\Program Files (x86)\Cypress\PSoC Creator\4.4\PSoC Creator\1\LWO2.cydsn\Generated_Source\PSoC4\CyLFClk.c **** 
2163:C:\Program Files (x86)\Cypress\PSoC Creator\4.4\PSoC Creator\1\LWO2.cydsn\Generated_Source\PSoC4\CyLFClk.c **** /*******************************************************************************
2164:C:\Program Files (x86)\Cypress\PSoC Creator\4.4\PSoC Creator\1\LWO2.cydsn\Generated_Source\PSoC4\CyLFClk.c **** * Function Name: CySysClkGetTimerSource
2165:C:\Program Files (x86)\Cypress\PSoC Creator\4.4\PSoC Creator\1\LWO2.cydsn\Generated_Source\PSoC4\CyLFClk.c **** ********************************************************************************
2166:C:\Program Files (x86)\Cypress\PSoC Creator\4.4\PSoC Creator\1\LWO2.cydsn\Generated_Source\PSoC4\CyLFClk.c **** *
2167:C:\Program Files (x86)\Cypress\PSoC Creator\4.4\PSoC Creator\1\LWO2.cydsn\Generated_Source\PSoC4\CyLFClk.c **** * \brief Gets the clock source for the DeepSleep Timers.
2168:C:\Program Files (x86)\Cypress\PSoC Creator\4.4\PSoC Creator\1\LWO2.cydsn\Generated_Source\PSoC4\CyLFClk.c **** *
2169:C:\Program Files (x86)\Cypress\PSoC Creator\4.4\PSoC Creator\1\LWO2.cydsn\Generated_Source\PSoC4\CyLFClk.c **** * The function is applicable only for PSoC 4100S / PSoC Analog Coprocessor.
2170:C:\Program Files (x86)\Cypress\PSoC Creator\4.4\PSoC Creator\1\LWO2.cydsn\Generated_Source\PSoC4\CyLFClk.c **** *
2171:C:\Program Files (x86)\Cypress\PSoC Creator\4.4\PSoC Creator\1\LWO2.cydsn\Generated_Source\PSoC4\CyLFClk.c **** * \return The DeepSleep Timer source
2172:C:\Program Files (x86)\Cypress\PSoC Creator\4.4\PSoC Creator\1\LWO2.cydsn\Generated_Source\PSoC4\CyLFClk.c **** * CY_SYS_CLK_TIMER_SRC_ILO Internal Low Frequency (32 kHz) Oscillator (ILO)
2173:C:\Program Files (x86)\Cypress\PSoC Creator\4.4\PSoC Creator\1\LWO2.cydsn\Generated_Source\PSoC4\CyLFClk.c **** * CY_SYS_CLK_TIMER_SRC_WCO Low Frequency Watch Crystal Oscillator (WCO)
2174:C:\Program Files (x86)\Cypress\PSoC Creator\4.4\PSoC Creator\1\LWO2.cydsn\Generated_Source\PSoC4\CyLFClk.c **** *
2175:C:\Program Files (x86)\Cypress\PSoC Creator\4.4\PSoC Creator\1\LWO2.cydsn\Generated_Source\PSoC4\CyLFClk.c **** *******************************************************************************/
2176:C:\Program Files (x86)\Cypress\PSoC Creator\4.4\PSoC Creator\1\LWO2.cydsn\Generated_Source\PSoC4\CyLFClk.c ****     static uint32 CySysClkGetTimerSource(void)
2177:C:\Program Files (x86)\Cypress\PSoC Creator\4.4\PSoC Creator\1\LWO2.cydsn\Generated_Source\PSoC4\CyLFClk.c ****     {
2178:C:\Program Files (x86)\Cypress\PSoC Creator\4.4\PSoC Creator\1\LWO2.cydsn\Generated_Source\PSoC4\CyLFClk.c ****         uint32 timerSource;
2179:C:\Program Files (x86)\Cypress\PSoC Creator\4.4\PSoC Creator\1\LWO2.cydsn\Generated_Source\PSoC4\CyLFClk.c ****         timerSource = CY_SYS_WCO_WDT_CONFIG_REG & CY_SYS_CLK_TIMER_SEL_MASK;
2180:C:\Program Files (x86)\Cypress\PSoC Creator\4.4\PSoC Creator\1\LWO2.cydsn\Generated_Source\PSoC4\CyLFClk.c ****         return (timerSource);
2181:C:\Program Files (x86)\Cypress\PSoC Creator\4.4\PSoC Creator\1\LWO2.cydsn\Generated_Source\PSoC4\CyLFClk.c ****     }    
2182:C:\Program Files (x86)\Cypress\PSoC Creator\4.4\PSoC Creator\1\LWO2.cydsn\Generated_Source\PSoC4\CyLFClk.c **** 
2183:C:\Program Files (x86)\Cypress\PSoC Creator\4.4\PSoC Creator\1\LWO2.cydsn\Generated_Source\PSoC4\CyLFClk.c **** 
2184:C:\Program Files (x86)\Cypress\PSoC Creator\4.4\PSoC Creator\1\LWO2.cydsn\Generated_Source\PSoC4\CyLFClk.c **** /*******************************************************************************
2185:C:\Program Files (x86)\Cypress\PSoC Creator\4.4\PSoC Creator\1\LWO2.cydsn\Generated_Source\PSoC4\CyLFClk.c **** * Function Name: CySysClkSetTimerSource
2186:C:\Program Files (x86)\Cypress\PSoC Creator\4.4\PSoC Creator\1\LWO2.cydsn\Generated_Source\PSoC4\CyLFClk.c **** ****************************************************************************//**
2187:C:\Program Files (x86)\Cypress\PSoC Creator\4.4\PSoC Creator\1\LWO2.cydsn\Generated_Source\PSoC4\CyLFClk.c **** *
2188:C:\Program Files (x86)\Cypress\PSoC Creator\4.4\PSoC Creator\1\LWO2.cydsn\Generated_Source\PSoC4\CyLFClk.c **** * \brief Sets the clock source for the DeepSleep Timers.
2189:C:\Program Files (x86)\Cypress\PSoC Creator\4.4\PSoC Creator\1\LWO2.cydsn\Generated_Source\PSoC4\CyLFClk.c **** *
2190:C:\Program Files (x86)\Cypress\PSoC Creator\4.4\PSoC Creator\1\LWO2.cydsn\Generated_Source\PSoC4\CyLFClk.c **** * The function is applicable only for PSoC 4100S / PSoC Analog Coprocessor 
2191:C:\Program Files (x86)\Cypress\PSoC Creator\4.4\PSoC Creator\1\LWO2.cydsn\Generated_Source\PSoC4\CyLFClk.c **** * devices.
2192:C:\Program Files (x86)\Cypress\PSoC Creator\4.4\PSoC Creator\1\LWO2.cydsn\Generated_Source\PSoC4\CyLFClk.c **** *
2193:C:\Program Files (x86)\Cypress\PSoC Creator\4.4\PSoC Creator\1\LWO2.cydsn\Generated_Source\PSoC4\CyLFClk.c **** * \param source
2194:C:\Program Files (x86)\Cypress\PSoC Creator\4.4\PSoC Creator\1\LWO2.cydsn\Generated_Source\PSoC4\CyLFClk.c **** *  CY_SYS_CLK_TIMER_SRC_ILO - Internal Low Frequency (32 kHz) Oscillator 
2195:C:\Program Files (x86)\Cypress\PSoC Creator\4.4\PSoC Creator\1\LWO2.cydsn\Generated_Source\PSoC4\CyLFClk.c **** * (ILO).<br>
2196:C:\Program Files (x86)\Cypress\PSoC Creator\4.4\PSoC Creator\1\LWO2.cydsn\Generated_Source\PSoC4\CyLFClk.c **** * CY_SYS_CLK_TIMER_SRC_WCO - Low Frequency Watch Crystal Oscillator 
2197:C:\Program Files (x86)\Cypress\PSoC Creator\4.4\PSoC Creator\1\LWO2.cydsn\Generated_Source\PSoC4\CyLFClk.c **** * (WCO).
2198:C:\Program Files (x86)\Cypress\PSoC Creator\4.4\PSoC Creator\1\LWO2.cydsn\Generated_Source\PSoC4\CyLFClk.c **** *
2199:C:\Program Files (x86)\Cypress\PSoC Creator\4.4\PSoC Creator\1\LWO2.cydsn\Generated_Source\PSoC4\CyLFClk.c **** * \details Both the current source and the new source must be running and stable 
2200:C:\Program Files (x86)\Cypress\PSoC Creator\4.4\PSoC Creator\1\LWO2.cydsn\Generated_Source\PSoC4\CyLFClk.c **** * before calling this function.
2201:C:\Program Files (x86)\Cypress\PSoC Creator\4.4\PSoC Creator\1\LWO2.cydsn\Generated_Source\PSoC4\CyLFClk.c **** *
2202:C:\Program Files (x86)\Cypress\PSoC Creator\4.4\PSoC Creator\1\LWO2.cydsn\Generated_Source\PSoC4\CyLFClk.c **** * \warning DeepSleep Timer reset is required if Timer source was switched while 
2203:C:\Program Files (x86)\Cypress\PSoC Creator\4.4\PSoC Creator\1\LWO2.cydsn\Generated_Source\PSoC4\CyLFClk.c **** * DeepSleep Timers were running. Call CySysTimerResetCounters() API after 
2204:C:\Program Files (x86)\Cypress\PSoC Creator\4.4\PSoC Creator\1\LWO2.cydsn\Generated_Source\PSoC4\CyLFClk.c **** * Timer source switching.
2205:C:\Program Files (x86)\Cypress\PSoC Creator\4.4\PSoC Creator\1\LWO2.cydsn\Generated_Source\PSoC4\CyLFClk.c **** * It is highly recommended to disable DeepSleep Timers before Timer source 
2206:C:\Program Files (x86)\Cypress\PSoC Creator\4.4\PSoC Creator\1\LWO2.cydsn\Generated_Source\PSoC4\CyLFClk.c **** * switching. Changing the Timer source may change the functionality that uses 
2207:C:\Program Files (x86)\Cypress\PSoC Creator\4.4\PSoC Creator\1\LWO2.cydsn\Generated_Source\PSoC4\CyLFClk.c **** * this Timers as clock source.
2208:C:\Program Files (x86)\Cypress\PSoC Creator\4.4\PSoC Creator\1\LWO2.cydsn\Generated_Source\PSoC4\CyLFClk.c **** *******************************************************************************/
2209:C:\Program Files (x86)\Cypress\PSoC Creator\4.4\PSoC Creator\1\LWO2.cydsn\Generated_Source\PSoC4\CyLFClk.c ****     void CySysClkSetTimerSource(uint32 source)
2210:C:\Program Files (x86)\Cypress\PSoC Creator\4.4\PSoC Creator\1\LWO2.cydsn\Generated_Source\PSoC4\CyLFClk.c ****     {
2211:C:\Program Files (x86)\Cypress\PSoC Creator\4.4\PSoC Creator\1\LWO2.cydsn\Generated_Source\PSoC4\CyLFClk.c ****         uint8  interruptState;
2212:C:\Program Files (x86)\Cypress\PSoC Creator\4.4\PSoC Creator\1\LWO2.cydsn\Generated_Source\PSoC4\CyLFClk.c **** 
2213:C:\Program Files (x86)\Cypress\PSoC Creator\4.4\PSoC Creator\1\LWO2.cydsn\Generated_Source\PSoC4\CyLFClk.c ****         if (CySysClkGetTimerSource() != source)
2214:C:\Program Files (x86)\Cypress\PSoC Creator\4.4\PSoC Creator\1\LWO2.cydsn\Generated_Source\PSoC4\CyLFClk.c ****         {
ARM GAS  C:\Users\taips\AppData\Local\Temp\cc8A2Ndf.s 			page 80


2215:C:\Program Files (x86)\Cypress\PSoC Creator\4.4\PSoC Creator\1\LWO2.cydsn\Generated_Source\PSoC4\CyLFClk.c **** 
2216:C:\Program Files (x86)\Cypress\PSoC Creator\4.4\PSoC Creator\1\LWO2.cydsn\Generated_Source\PSoC4\CyLFClk.c ****             /* Reset both _EN bits in WCO_WDT_CLKEN register */
2217:C:\Program Files (x86)\Cypress\PSoC Creator\4.4\PSoC Creator\1\LWO2.cydsn\Generated_Source\PSoC4\CyLFClk.c ****             CY_SYS_WCO_WDT_CLKEN_REG &= ~CY_SYS_WCO_WDT_CLKEN_RESET_MASK;
2218:C:\Program Files (x86)\Cypress\PSoC Creator\4.4\PSoC Creator\1\LWO2.cydsn\Generated_Source\PSoC4\CyLFClk.c ****             
2219:C:\Program Files (x86)\Cypress\PSoC Creator\4.4\PSoC Creator\1\LWO2.cydsn\Generated_Source\PSoC4\CyLFClk.c ****             /* Wait 4 new clock source-cycles for change to come into effect */
2220:C:\Program Files (x86)\Cypress\PSoC Creator\4.4\PSoC Creator\1\LWO2.cydsn\Generated_Source\PSoC4\CyLFClk.c ****             CyDelayUs(CY_SYS_4TIMER_DELAY_US);
2221:C:\Program Files (x86)\Cypress\PSoC Creator\4.4\PSoC Creator\1\LWO2.cydsn\Generated_Source\PSoC4\CyLFClk.c **** 
2222:C:\Program Files (x86)\Cypress\PSoC Creator\4.4\PSoC Creator\1\LWO2.cydsn\Generated_Source\PSoC4\CyLFClk.c ****             interruptState = CyEnterCriticalSection();
2223:C:\Program Files (x86)\Cypress\PSoC Creator\4.4\PSoC Creator\1\LWO2.cydsn\Generated_Source\PSoC4\CyLFClk.c ****             CY_SYS_WCO_WDT_CONFIG_REG = (CY_SYS_WCO_WDT_CONFIG_REG & (uint32)(~CY_SYS_CLK_TIMER_SEL
2224:C:\Program Files (x86)\Cypress\PSoC Creator\4.4\PSoC Creator\1\LWO2.cydsn\Generated_Source\PSoC4\CyLFClk.c ****                                     (source & CY_SYS_CLK_TIMER_SEL_MASK);
2225:C:\Program Files (x86)\Cypress\PSoC Creator\4.4\PSoC Creator\1\LWO2.cydsn\Generated_Source\PSoC4\CyLFClk.c ****             CyExitCriticalSection(interruptState);
2226:C:\Program Files (x86)\Cypress\PSoC Creator\4.4\PSoC Creator\1\LWO2.cydsn\Generated_Source\PSoC4\CyLFClk.c ****         }
2227:C:\Program Files (x86)\Cypress\PSoC Creator\4.4\PSoC Creator\1\LWO2.cydsn\Generated_Source\PSoC4\CyLFClk.c **** 
2228:C:\Program Files (x86)\Cypress\PSoC Creator\4.4\PSoC Creator\1\LWO2.cydsn\Generated_Source\PSoC4\CyLFClk.c ****         CY_SYS_WCO_WDT_CLKEN_REG = (CY_SYS_WCO_WDT_CLKEN_REG & (uint32)(~CY_SYS_WCO_WDT_CLKEN_RESET
2229:C:\Program Files (x86)\Cypress\PSoC Creator\4.4\PSoC Creator\1\LWO2.cydsn\Generated_Source\PSoC4\CyLFClk.c ****                                     CY_SYS_SET_CURRENT_TIMER_SOURCE_BIT;
2230:C:\Program Files (x86)\Cypress\PSoC Creator\4.4\PSoC Creator\1\LWO2.cydsn\Generated_Source\PSoC4\CyLFClk.c ****     }
2231:C:\Program Files (x86)\Cypress\PSoC Creator\4.4\PSoC Creator\1\LWO2.cydsn\Generated_Source\PSoC4\CyLFClk.c **** 
2232:C:\Program Files (x86)\Cypress\PSoC Creator\4.4\PSoC Creator\1\LWO2.cydsn\Generated_Source\PSoC4\CyLFClk.c **** 
2233:C:\Program Files (x86)\Cypress\PSoC Creator\4.4\PSoC Creator\1\LWO2.cydsn\Generated_Source\PSoC4\CyLFClk.c ****     /*******************************************************************************
2234:C:\Program Files (x86)\Cypress\PSoC Creator\4.4\PSoC Creator\1\LWO2.cydsn\Generated_Source\PSoC4\CyLFClk.c ****     * Function Name: CySysTimerGetEnabledStatus
2235:C:\Program Files (x86)\Cypress\PSoC Creator\4.4\PSoC Creator\1\LWO2.cydsn\Generated_Source\PSoC4\CyLFClk.c ****     ****************************************************************************//**
2236:C:\Program Files (x86)\Cypress\PSoC Creator\4.4\PSoC Creator\1\LWO2.cydsn\Generated_Source\PSoC4\CyLFClk.c ****     *
2237:C:\Program Files (x86)\Cypress\PSoC Creator\4.4\PSoC Creator\1\LWO2.cydsn\Generated_Source\PSoC4\CyLFClk.c ****     * \brief Reads the enabled status of one of the three DeepSleep Timer 
2238:C:\Program Files (x86)\Cypress\PSoC Creator\4.4\PSoC Creator\1\LWO2.cydsn\Generated_Source\PSoC4\CyLFClk.c ****     * counters.
2239:C:\Program Files (x86)\Cypress\PSoC Creator\4.4\PSoC Creator\1\LWO2.cydsn\Generated_Source\PSoC4\CyLFClk.c ****     *
2240:C:\Program Files (x86)\Cypress\PSoC Creator\4.4\PSoC Creator\1\LWO2.cydsn\Generated_Source\PSoC4\CyLFClk.c ****     * \param counterNum: Valid range [0-2]. The number of the DeepSleep Timer 
2241:C:\Program Files (x86)\Cypress\PSoC Creator\4.4\PSoC Creator\1\LWO2.cydsn\Generated_Source\PSoC4\CyLFClk.c ****     * counter.
2242:C:\Program Files (x86)\Cypress\PSoC Creator\4.4\PSoC Creator\1\LWO2.cydsn\Generated_Source\PSoC4\CyLFClk.c ****     *
2243:C:\Program Files (x86)\Cypress\PSoC Creator\4.4\PSoC Creator\1\LWO2.cydsn\Generated_Source\PSoC4\CyLFClk.c ****     * \return The status of the Timers counter:
2244:C:\Program Files (x86)\Cypress\PSoC Creator\4.4\PSoC Creator\1\LWO2.cydsn\Generated_Source\PSoC4\CyLFClk.c ****     * \return 0 - If the Counter is disabled.
2245:C:\Program Files (x86)\Cypress\PSoC Creator\4.4\PSoC Creator\1\LWO2.cydsn\Generated_Source\PSoC4\CyLFClk.c ****     * \return 1 - If the Counter is enabled.
2246:C:\Program Files (x86)\Cypress\PSoC Creator\4.4\PSoC Creator\1\LWO2.cydsn\Generated_Source\PSoC4\CyLFClk.c ****     *
2247:C:\Program Files (x86)\Cypress\PSoC Creator\4.4\PSoC Creator\1\LWO2.cydsn\Generated_Source\PSoC4\CyLFClk.c ****     * \details
2248:C:\Program Files (x86)\Cypress\PSoC Creator\4.4\PSoC Creator\1\LWO2.cydsn\Generated_Source\PSoC4\CyLFClk.c ****     * This function returns an actual DeepSleep Timer counter status from the 
2249:C:\Program Files (x86)\Cypress\PSoC Creator\4.4\PSoC Creator\1\LWO2.cydsn\Generated_Source\PSoC4\CyLFClk.c ****     * status register. It may take up to 3 LFCLK cycles for the Timer status 
2250:C:\Program Files (x86)\Cypress\PSoC Creator\4.4\PSoC Creator\1\LWO2.cydsn\Generated_Source\PSoC4\CyLFClk.c ****     * register to contain actual data after the Timer counter is enabled.
2251:C:\Program Files (x86)\Cypress\PSoC Creator\4.4\PSoC Creator\1\LWO2.cydsn\Generated_Source\PSoC4\CyLFClk.c ****     *
2252:C:\Program Files (x86)\Cypress\PSoC Creator\4.4\PSoC Creator\1\LWO2.cydsn\Generated_Source\PSoC4\CyLFClk.c ****     *******************************************************************************/
2253:C:\Program Files (x86)\Cypress\PSoC Creator\4.4\PSoC Creator\1\LWO2.cydsn\Generated_Source\PSoC4\CyLFClk.c ****     uint32 CySysTimerGetEnabledStatus(uint32 counterNum)
2254:C:\Program Files (x86)\Cypress\PSoC Creator\4.4\PSoC Creator\1\LWO2.cydsn\Generated_Source\PSoC4\CyLFClk.c ****     {
2255:C:\Program Files (x86)\Cypress\PSoC Creator\4.4\PSoC Creator\1\LWO2.cydsn\Generated_Source\PSoC4\CyLFClk.c ****         CYASSERT(counterNum < CY_SYS_TIMER_COUNTERS_MAX);
2256:C:\Program Files (x86)\Cypress\PSoC Creator\4.4\PSoC Creator\1\LWO2.cydsn\Generated_Source\PSoC4\CyLFClk.c ****         return ((CY_SYS_WCO_WDT_CONTROL_REG >> ((CY_SYS_TIMER_CNT_SHIFT * counterNum) + 
2257:C:\Program Files (x86)\Cypress\PSoC Creator\4.4\PSoC Creator\1\LWO2.cydsn\Generated_Source\PSoC4\CyLFClk.c ****                                                  CY_SYS_TIMER_CNT_STTS_SHIFT)) & 0x01u);
2258:C:\Program Files (x86)\Cypress\PSoC Creator\4.4\PSoC Creator\1\LWO2.cydsn\Generated_Source\PSoC4\CyLFClk.c ****     }
2259:C:\Program Files (x86)\Cypress\PSoC Creator\4.4\PSoC Creator\1\LWO2.cydsn\Generated_Source\PSoC4\CyLFClk.c **** 
2260:C:\Program Files (x86)\Cypress\PSoC Creator\4.4\PSoC Creator\1\LWO2.cydsn\Generated_Source\PSoC4\CyLFClk.c **** 
2261:C:\Program Files (x86)\Cypress\PSoC Creator\4.4\PSoC Creator\1\LWO2.cydsn\Generated_Source\PSoC4\CyLFClk.c ****     /*******************************************************************************
2262:C:\Program Files (x86)\Cypress\PSoC Creator\4.4\PSoC Creator\1\LWO2.cydsn\Generated_Source\PSoC4\CyLFClk.c ****     * Function Name: CySysTimerSetMode
2263:C:\Program Files (x86)\Cypress\PSoC Creator\4.4\PSoC Creator\1\LWO2.cydsn\Generated_Source\PSoC4\CyLFClk.c ****     ****************************************************************************//**
2264:C:\Program Files (x86)\Cypress\PSoC Creator\4.4\PSoC Creator\1\LWO2.cydsn\Generated_Source\PSoC4\CyLFClk.c ****     *
2265:C:\Program Files (x86)\Cypress\PSoC Creator\4.4\PSoC Creator\1\LWO2.cydsn\Generated_Source\PSoC4\CyLFClk.c ****     * \brief Writes the mode of one of the three DeepSleep Timer counters.
2266:C:\Program Files (x86)\Cypress\PSoC Creator\4.4\PSoC Creator\1\LWO2.cydsn\Generated_Source\PSoC4\CyLFClk.c ****     *
2267:C:\Program Files (x86)\Cypress\PSoC Creator\4.4\PSoC Creator\1\LWO2.cydsn\Generated_Source\PSoC4\CyLFClk.c ****     * \param counterNum: Valid range [0-2]. The number of the DeepSleep Timer 
2268:C:\Program Files (x86)\Cypress\PSoC Creator\4.4\PSoC Creator\1\LWO2.cydsn\Generated_Source\PSoC4\CyLFClk.c ****     * counter.
2269:C:\Program Files (x86)\Cypress\PSoC Creator\4.4\PSoC Creator\1\LWO2.cydsn\Generated_Source\PSoC4\CyLFClk.c ****     *
2270:C:\Program Files (x86)\Cypress\PSoC Creator\4.4\PSoC Creator\1\LWO2.cydsn\Generated_Source\PSoC4\CyLFClk.c ****     * \param mode
2271:C:\Program Files (x86)\Cypress\PSoC Creator\4.4\PSoC Creator\1\LWO2.cydsn\Generated_Source\PSoC4\CyLFClk.c ****     *  CY_SYS_TIMER_MODE_NONE - Free running.<br>
ARM GAS  C:\Users\taips\AppData\Local\Temp\cc8A2Ndf.s 			page 81


2272:C:\Program Files (x86)\Cypress\PSoC Creator\4.4\PSoC Creator\1\LWO2.cydsn\Generated_Source\PSoC4\CyLFClk.c ****     * CY_SYS_TIMER_MODE_INT - The interrupt generated on match for counter 0
2273:C:\Program Files (x86)\Cypress\PSoC Creator\4.4\PSoC Creator\1\LWO2.cydsn\Generated_Source\PSoC4\CyLFClk.c ****     * and 1, and on bit toggle for counter 2.
2274:C:\Program Files (x86)\Cypress\PSoC Creator\4.4\PSoC Creator\1\LWO2.cydsn\Generated_Source\PSoC4\CyLFClk.c ****     *
2275:C:\Program Files (x86)\Cypress\PSoC Creator\4.4\PSoC Creator\1\LWO2.cydsn\Generated_Source\PSoC4\CyLFClk.c ****     * \details
2276:C:\Program Files (x86)\Cypress\PSoC Creator\4.4\PSoC Creator\1\LWO2.cydsn\Generated_Source\PSoC4\CyLFClk.c ****     * DeepSleep Timer counter counterNum should be disabled to set a mode. 
2277:C:\Program Files (x86)\Cypress\PSoC Creator\4.4\PSoC Creator\1\LWO2.cydsn\Generated_Source\PSoC4\CyLFClk.c ****     * Otherwise, this function call has no effect. If the specified counter is 
2278:C:\Program Files (x86)\Cypress\PSoC Creator\4.4\PSoC Creator\1\LWO2.cydsn\Generated_Source\PSoC4\CyLFClk.c ****     * enabled, call the CySysTimerDisable() function with the corresponding 
2279:C:\Program Files (x86)\Cypress\PSoC Creator\4.4\PSoC Creator\1\LWO2.cydsn\Generated_Source\PSoC4\CyLFClk.c ****     * parameter to disable the specified counter and wait for it to stop.
2280:C:\Program Files (x86)\Cypress\PSoC Creator\4.4\PSoC Creator\1\LWO2.cydsn\Generated_Source\PSoC4\CyLFClk.c ****     *
2281:C:\Program Files (x86)\Cypress\PSoC Creator\4.4\PSoC Creator\1\LWO2.cydsn\Generated_Source\PSoC4\CyLFClk.c ****     *******************************************************************************/
2282:C:\Program Files (x86)\Cypress\PSoC Creator\4.4\PSoC Creator\1\LWO2.cydsn\Generated_Source\PSoC4\CyLFClk.c ****     void CySysTimerSetMode(uint32 counterNum, uint32 mode)
2283:C:\Program Files (x86)\Cypress\PSoC Creator\4.4\PSoC Creator\1\LWO2.cydsn\Generated_Source\PSoC4\CyLFClk.c ****     {
2284:C:\Program Files (x86)\Cypress\PSoC Creator\4.4\PSoC Creator\1\LWO2.cydsn\Generated_Source\PSoC4\CyLFClk.c ****         uint32 configRegValue;
2285:C:\Program Files (x86)\Cypress\PSoC Creator\4.4\PSoC Creator\1\LWO2.cydsn\Generated_Source\PSoC4\CyLFClk.c **** 
2286:C:\Program Files (x86)\Cypress\PSoC Creator\4.4\PSoC Creator\1\LWO2.cydsn\Generated_Source\PSoC4\CyLFClk.c ****         CYASSERT(counterNum < CY_SYS_TIMER_COUNTERS_MAX);
2287:C:\Program Files (x86)\Cypress\PSoC Creator\4.4\PSoC Creator\1\LWO2.cydsn\Generated_Source\PSoC4\CyLFClk.c **** 
2288:C:\Program Files (x86)\Cypress\PSoC Creator\4.4\PSoC Creator\1\LWO2.cydsn\Generated_Source\PSoC4\CyLFClk.c ****         CYASSERT(mode <= CY_SYS_TIMER_MODE_MASK);
2289:C:\Program Files (x86)\Cypress\PSoC Creator\4.4\PSoC Creator\1\LWO2.cydsn\Generated_Source\PSoC4\CyLFClk.c **** 
2290:C:\Program Files (x86)\Cypress\PSoC Creator\4.4\PSoC Creator\1\LWO2.cydsn\Generated_Source\PSoC4\CyLFClk.c ****         if(0u == CySysTimerGetEnabledStatus(counterNum))
2291:C:\Program Files (x86)\Cypress\PSoC Creator\4.4\PSoC Creator\1\LWO2.cydsn\Generated_Source\PSoC4\CyLFClk.c ****         {
2292:C:\Program Files (x86)\Cypress\PSoC Creator\4.4\PSoC Creator\1\LWO2.cydsn\Generated_Source\PSoC4\CyLFClk.c ****             configRegValue = CY_SYS_WCO_WDT_CONFIG_REG &
2293:C:\Program Files (x86)\Cypress\PSoC Creator\4.4\PSoC Creator\1\LWO2.cydsn\Generated_Source\PSoC4\CyLFClk.c ****                                 (uint32)~((uint32)(CY_SYS_TIMER_MODE_MASK << (counterNum * CY_SYS_T
2294:C:\Program Files (x86)\Cypress\PSoC Creator\4.4\PSoC Creator\1\LWO2.cydsn\Generated_Source\PSoC4\CyLFClk.c ****             configRegValue |= (uint32)((mode & CY_SYS_TIMER_MODE_MASK) << (counterNum * CY_SYS_TIME
2295:C:\Program Files (x86)\Cypress\PSoC Creator\4.4\PSoC Creator\1\LWO2.cydsn\Generated_Source\PSoC4\CyLFClk.c ****             CY_SYS_WCO_WDT_CONFIG_REG = configRegValue;
2296:C:\Program Files (x86)\Cypress\PSoC Creator\4.4\PSoC Creator\1\LWO2.cydsn\Generated_Source\PSoC4\CyLFClk.c ****         }
2297:C:\Program Files (x86)\Cypress\PSoC Creator\4.4\PSoC Creator\1\LWO2.cydsn\Generated_Source\PSoC4\CyLFClk.c ****     }
2298:C:\Program Files (x86)\Cypress\PSoC Creator\4.4\PSoC Creator\1\LWO2.cydsn\Generated_Source\PSoC4\CyLFClk.c **** 
2299:C:\Program Files (x86)\Cypress\PSoC Creator\4.4\PSoC Creator\1\LWO2.cydsn\Generated_Source\PSoC4\CyLFClk.c **** 
2300:C:\Program Files (x86)\Cypress\PSoC Creator\4.4\PSoC Creator\1\LWO2.cydsn\Generated_Source\PSoC4\CyLFClk.c ****     /*******************************************************************************
2301:C:\Program Files (x86)\Cypress\PSoC Creator\4.4\PSoC Creator\1\LWO2.cydsn\Generated_Source\PSoC4\CyLFClk.c ****     * Function Name: CySysTimerGetMode
2302:C:\Program Files (x86)\Cypress\PSoC Creator\4.4\PSoC Creator\1\LWO2.cydsn\Generated_Source\PSoC4\CyLFClk.c ****     ****************************************************************************//**
2303:C:\Program Files (x86)\Cypress\PSoC Creator\4.4\PSoC Creator\1\LWO2.cydsn\Generated_Source\PSoC4\CyLFClk.c ****     *
2304:C:\Program Files (x86)\Cypress\PSoC Creator\4.4\PSoC Creator\1\LWO2.cydsn\Generated_Source\PSoC4\CyLFClk.c ****     * \brief Reads the mode of one of the three DeepSleep Timer counters.
2305:C:\Program Files (x86)\Cypress\PSoC Creator\4.4\PSoC Creator\1\LWO2.cydsn\Generated_Source\PSoC4\CyLFClk.c ****     *
2306:C:\Program Files (x86)\Cypress\PSoC Creator\4.4\PSoC Creator\1\LWO2.cydsn\Generated_Source\PSoC4\CyLFClk.c ****     * \param counterNum Valid range [0-2]. The number of the Timer counter.
2307:C:\Program Files (x86)\Cypress\PSoC Creator\4.4\PSoC Creator\1\LWO2.cydsn\Generated_Source\PSoC4\CyLFClk.c ****     *
2308:C:\Program Files (x86)\Cypress\PSoC Creator\4.4\PSoC Creator\1\LWO2.cydsn\Generated_Source\PSoC4\CyLFClk.c ****     * \return The mode of the counter. The same enumerated values as the mode 
2309:C:\Program Files (x86)\Cypress\PSoC Creator\4.4\PSoC Creator\1\LWO2.cydsn\Generated_Source\PSoC4\CyLFClk.c ****     * parameter used in CySysTimerSetMode().
2310:C:\Program Files (x86)\Cypress\PSoC Creator\4.4\PSoC Creator\1\LWO2.cydsn\Generated_Source\PSoC4\CyLFClk.c ****     *
2311:C:\Program Files (x86)\Cypress\PSoC Creator\4.4\PSoC Creator\1\LWO2.cydsn\Generated_Source\PSoC4\CyLFClk.c ****     *******************************************************************************/
2312:C:\Program Files (x86)\Cypress\PSoC Creator\4.4\PSoC Creator\1\LWO2.cydsn\Generated_Source\PSoC4\CyLFClk.c ****     uint32 CySysTimerGetMode(uint32 counterNum)
2313:C:\Program Files (x86)\Cypress\PSoC Creator\4.4\PSoC Creator\1\LWO2.cydsn\Generated_Source\PSoC4\CyLFClk.c ****     {
2314:C:\Program Files (x86)\Cypress\PSoC Creator\4.4\PSoC Creator\1\LWO2.cydsn\Generated_Source\PSoC4\CyLFClk.c ****         return ((CY_SYS_WCO_WDT_CONFIG_REG >> (counterNum * CY_SYS_TIMER_CNT_SHIFT)) & CY_SYS_TIMER
2315:C:\Program Files (x86)\Cypress\PSoC Creator\4.4\PSoC Creator\1\LWO2.cydsn\Generated_Source\PSoC4\CyLFClk.c ****     }
2316:C:\Program Files (x86)\Cypress\PSoC Creator\4.4\PSoC Creator\1\LWO2.cydsn\Generated_Source\PSoC4\CyLFClk.c **** 
2317:C:\Program Files (x86)\Cypress\PSoC Creator\4.4\PSoC Creator\1\LWO2.cydsn\Generated_Source\PSoC4\CyLFClk.c **** 
2318:C:\Program Files (x86)\Cypress\PSoC Creator\4.4\PSoC Creator\1\LWO2.cydsn\Generated_Source\PSoC4\CyLFClk.c ****     /*******************************************************************************
2319:C:\Program Files (x86)\Cypress\PSoC Creator\4.4\PSoC Creator\1\LWO2.cydsn\Generated_Source\PSoC4\CyLFClk.c ****     * Function Name: CySysTimerSetClearOnMatch
2320:C:\Program Files (x86)\Cypress\PSoC Creator\4.4\PSoC Creator\1\LWO2.cydsn\Generated_Source\PSoC4\CyLFClk.c ****     ****************************************************************************//**
2321:C:\Program Files (x86)\Cypress\PSoC Creator\4.4\PSoC Creator\1\LWO2.cydsn\Generated_Source\PSoC4\CyLFClk.c ****     *
2322:C:\Program Files (x86)\Cypress\PSoC Creator\4.4\PSoC Creator\1\LWO2.cydsn\Generated_Source\PSoC4\CyLFClk.c ****     * \brief Configures the DeepSleep Timer counter "clear on match" setting.
2323:C:\Program Files (x86)\Cypress\PSoC Creator\4.4\PSoC Creator\1\LWO2.cydsn\Generated_Source\PSoC4\CyLFClk.c ****     *
2324:C:\Program Files (x86)\Cypress\PSoC Creator\4.4\PSoC Creator\1\LWO2.cydsn\Generated_Source\PSoC4\CyLFClk.c ****     * If configured to "clear on match", the counter counts from 0 to MatchValue 
2325:C:\Program Files (x86)\Cypress\PSoC Creator\4.4\PSoC Creator\1\LWO2.cydsn\Generated_Source\PSoC4\CyLFClk.c ****     * giving it a period of (MatchValue + 1).
2326:C:\Program Files (x86)\Cypress\PSoC Creator\4.4\PSoC Creator\1\LWO2.cydsn\Generated_Source\PSoC4\CyLFClk.c ****     *
2327:C:\Program Files (x86)\Cypress\PSoC Creator\4.4\PSoC Creator\1\LWO2.cydsn\Generated_Source\PSoC4\CyLFClk.c ****     * \param counterNum
2328:C:\Program Files (x86)\Cypress\PSoC Creator\4.4\PSoC Creator\1\LWO2.cydsn\Generated_Source\PSoC4\CyLFClk.c ****     * Valid range [0-1]. The number of the Timer counter. The match values are not
ARM GAS  C:\Users\taips\AppData\Local\Temp\cc8A2Ndf.s 			page 82


2329:C:\Program Files (x86)\Cypress\PSoC Creator\4.4\PSoC Creator\1\LWO2.cydsn\Generated_Source\PSoC4\CyLFClk.c ****     * supported by counter 2.
2330:C:\Program Files (x86)\Cypress\PSoC Creator\4.4\PSoC Creator\1\LWO2.cydsn\Generated_Source\PSoC4\CyLFClk.c ****     * \param enable 0 to disable appropriate counter <br>
2331:C:\Program Files (x86)\Cypress\PSoC Creator\4.4\PSoC Creator\1\LWO2.cydsn\Generated_Source\PSoC4\CyLFClk.c ****     * 1 to enable appropriate counter
2332:C:\Program Files (x86)\Cypress\PSoC Creator\4.4\PSoC Creator\1\LWO2.cydsn\Generated_Source\PSoC4\CyLFClk.c ****     *
2333:C:\Program Files (x86)\Cypress\PSoC Creator\4.4\PSoC Creator\1\LWO2.cydsn\Generated_Source\PSoC4\CyLFClk.c ****     * \details
2334:C:\Program Files (x86)\Cypress\PSoC Creator\4.4\PSoC Creator\1\LWO2.cydsn\Generated_Source\PSoC4\CyLFClk.c ****     * Timer counter counterNum should be disabled. Otherwise this function call
2335:C:\Program Files (x86)\Cypress\PSoC Creator\4.4\PSoC Creator\1\LWO2.cydsn\Generated_Source\PSoC4\CyLFClk.c ****     * has no effect. If the specified counter is enabled, call the CySysTimerDisable()
2336:C:\Program Files (x86)\Cypress\PSoC Creator\4.4\PSoC Creator\1\LWO2.cydsn\Generated_Source\PSoC4\CyLFClk.c ****     * function with the corresponding parameter to disable the specified counter and
2337:C:\Program Files (x86)\Cypress\PSoC Creator\4.4\PSoC Creator\1\LWO2.cydsn\Generated_Source\PSoC4\CyLFClk.c ****     * wait for it to stop. This may take up to three Timer source-cycles.
2338:C:\Program Files (x86)\Cypress\PSoC Creator\4.4\PSoC Creator\1\LWO2.cydsn\Generated_Source\PSoC4\CyLFClk.c ****     *
2339:C:\Program Files (x86)\Cypress\PSoC Creator\4.4\PSoC Creator\1\LWO2.cydsn\Generated_Source\PSoC4\CyLFClk.c ****     *******************************************************************************/
2340:C:\Program Files (x86)\Cypress\PSoC Creator\4.4\PSoC Creator\1\LWO2.cydsn\Generated_Source\PSoC4\CyLFClk.c ****     void CySysTimerSetClearOnMatch(uint32 counterNum, uint32 enable)
2341:C:\Program Files (x86)\Cypress\PSoC Creator\4.4\PSoC Creator\1\LWO2.cydsn\Generated_Source\PSoC4\CyLFClk.c ****     {
2342:C:\Program Files (x86)\Cypress\PSoC Creator\4.4\PSoC Creator\1\LWO2.cydsn\Generated_Source\PSoC4\CyLFClk.c ****         uint32 configRegValue;
2343:C:\Program Files (x86)\Cypress\PSoC Creator\4.4\PSoC Creator\1\LWO2.cydsn\Generated_Source\PSoC4\CyLFClk.c **** 
2344:C:\Program Files (x86)\Cypress\PSoC Creator\4.4\PSoC Creator\1\LWO2.cydsn\Generated_Source\PSoC4\CyLFClk.c ****         CYASSERT((counterNum == CY_SYS_TIMER0) ||
2345:C:\Program Files (x86)\Cypress\PSoC Creator\4.4\PSoC Creator\1\LWO2.cydsn\Generated_Source\PSoC4\CyLFClk.c ****                  (counterNum == CY_SYS_TIMER1));
2346:C:\Program Files (x86)\Cypress\PSoC Creator\4.4\PSoC Creator\1\LWO2.cydsn\Generated_Source\PSoC4\CyLFClk.c **** 
2347:C:\Program Files (x86)\Cypress\PSoC Creator\4.4\PSoC Creator\1\LWO2.cydsn\Generated_Source\PSoC4\CyLFClk.c ****         if(0u == CySysTimerGetEnabledStatus(counterNum))
2348:C:\Program Files (x86)\Cypress\PSoC Creator\4.4\PSoC Creator\1\LWO2.cydsn\Generated_Source\PSoC4\CyLFClk.c ****         {
2349:C:\Program Files (x86)\Cypress\PSoC Creator\4.4\PSoC Creator\1\LWO2.cydsn\Generated_Source\PSoC4\CyLFClk.c ****             configRegValue = CY_SYS_WCO_WDT_CONFIG_REG & (uint32)~((uint32)((uint32)1u << 
2350:C:\Program Files (x86)\Cypress\PSoC Creator\4.4\PSoC Creator\1\LWO2.cydsn\Generated_Source\PSoC4\CyLFClk.c ****              ((counterNum * CY_SYS_TIMER_CNT_SHIFT) + CY_SYS_TIMER_CNT_MATCH_CLR_SHIFT)));
2351:C:\Program Files (x86)\Cypress\PSoC Creator\4.4\PSoC Creator\1\LWO2.cydsn\Generated_Source\PSoC4\CyLFClk.c **** 
2352:C:\Program Files (x86)\Cypress\PSoC Creator\4.4\PSoC Creator\1\LWO2.cydsn\Generated_Source\PSoC4\CyLFClk.c ****             configRegValue
2353:C:\Program Files (x86)\Cypress\PSoC Creator\4.4\PSoC Creator\1\LWO2.cydsn\Generated_Source\PSoC4\CyLFClk.c ****                 |= (uint32)(enable << ((counterNum * CY_SYS_TIMER_CNT_SHIFT) + CY_SYS_TIMER_CNT_MAT
2354:C:\Program Files (x86)\Cypress\PSoC Creator\4.4\PSoC Creator\1\LWO2.cydsn\Generated_Source\PSoC4\CyLFClk.c **** 
2355:C:\Program Files (x86)\Cypress\PSoC Creator\4.4\PSoC Creator\1\LWO2.cydsn\Generated_Source\PSoC4\CyLFClk.c ****             CY_SYS_WCO_WDT_CONFIG_REG = configRegValue;
2356:C:\Program Files (x86)\Cypress\PSoC Creator\4.4\PSoC Creator\1\LWO2.cydsn\Generated_Source\PSoC4\CyLFClk.c ****         }
2357:C:\Program Files (x86)\Cypress\PSoC Creator\4.4\PSoC Creator\1\LWO2.cydsn\Generated_Source\PSoC4\CyLFClk.c ****     }
2358:C:\Program Files (x86)\Cypress\PSoC Creator\4.4\PSoC Creator\1\LWO2.cydsn\Generated_Source\PSoC4\CyLFClk.c **** 
2359:C:\Program Files (x86)\Cypress\PSoC Creator\4.4\PSoC Creator\1\LWO2.cydsn\Generated_Source\PSoC4\CyLFClk.c **** 
2360:C:\Program Files (x86)\Cypress\PSoC Creator\4.4\PSoC Creator\1\LWO2.cydsn\Generated_Source\PSoC4\CyLFClk.c ****     /*******************************************************************************
2361:C:\Program Files (x86)\Cypress\PSoC Creator\4.4\PSoC Creator\1\LWO2.cydsn\Generated_Source\PSoC4\CyLFClk.c ****     * Function Name: CySysTimerGetClearOnMatch
2362:C:\Program Files (x86)\Cypress\PSoC Creator\4.4\PSoC Creator\1\LWO2.cydsn\Generated_Source\PSoC4\CyLFClk.c ****     ****************************************************************************//**
2363:C:\Program Files (x86)\Cypress\PSoC Creator\4.4\PSoC Creator\1\LWO2.cydsn\Generated_Source\PSoC4\CyLFClk.c ****     *
2364:C:\Program Files (x86)\Cypress\PSoC Creator\4.4\PSoC Creator\1\LWO2.cydsn\Generated_Source\PSoC4\CyLFClk.c ****     * \brief Reads the "clear on match" setting for the specified DeepSleep Timer 
2365:C:\Program Files (x86)\Cypress\PSoC Creator\4.4\PSoC Creator\1\LWO2.cydsn\Generated_Source\PSoC4\CyLFClk.c ****     * counter.
2366:C:\Program Files (x86)\Cypress\PSoC Creator\4.4\PSoC Creator\1\LWO2.cydsn\Generated_Source\PSoC4\CyLFClk.c ****     *
2367:C:\Program Files (x86)\Cypress\PSoC Creator\4.4\PSoC Creator\1\LWO2.cydsn\Generated_Source\PSoC4\CyLFClk.c ****     * \param counterNum Valid range [0-1].  The number of the Timer counter. The 
2368:C:\Program Files (x86)\Cypress\PSoC Creator\4.4\PSoC Creator\1\LWO2.cydsn\Generated_Source\PSoC4\CyLFClk.c ****     * match values are not supported by counter 2.
2369:C:\Program Files (x86)\Cypress\PSoC Creator\4.4\PSoC Creator\1\LWO2.cydsn\Generated_Source\PSoC4\CyLFClk.c ****     *
2370:C:\Program Files (x86)\Cypress\PSoC Creator\4.4\PSoC Creator\1\LWO2.cydsn\Generated_Source\PSoC4\CyLFClk.c ****     * \return The "clear on match" status: <br>1 if enabled <br>0 if disabled
2371:C:\Program Files (x86)\Cypress\PSoC Creator\4.4\PSoC Creator\1\LWO2.cydsn\Generated_Source\PSoC4\CyLFClk.c ****     *
2372:C:\Program Files (x86)\Cypress\PSoC Creator\4.4\PSoC Creator\1\LWO2.cydsn\Generated_Source\PSoC4\CyLFClk.c ****     *******************************************************************************/
2373:C:\Program Files (x86)\Cypress\PSoC Creator\4.4\PSoC Creator\1\LWO2.cydsn\Generated_Source\PSoC4\CyLFClk.c ****     uint32 CySysTimerGetClearOnMatch(uint32 counterNum)
2374:C:\Program Files (x86)\Cypress\PSoC Creator\4.4\PSoC Creator\1\LWO2.cydsn\Generated_Source\PSoC4\CyLFClk.c ****     {
2375:C:\Program Files (x86)\Cypress\PSoC Creator\4.4\PSoC Creator\1\LWO2.cydsn\Generated_Source\PSoC4\CyLFClk.c ****         CYASSERT((counterNum == CY_SYS_TIMER0) ||
2376:C:\Program Files (x86)\Cypress\PSoC Creator\4.4\PSoC Creator\1\LWO2.cydsn\Generated_Source\PSoC4\CyLFClk.c ****                  (counterNum == CY_SYS_TIMER1));
2377:C:\Program Files (x86)\Cypress\PSoC Creator\4.4\PSoC Creator\1\LWO2.cydsn\Generated_Source\PSoC4\CyLFClk.c **** 
2378:C:\Program Files (x86)\Cypress\PSoC Creator\4.4\PSoC Creator\1\LWO2.cydsn\Generated_Source\PSoC4\CyLFClk.c ****         return (uint32)((CY_SYS_WCO_WDT_CONFIG_REG >>
2379:C:\Program Files (x86)\Cypress\PSoC Creator\4.4\PSoC Creator\1\LWO2.cydsn\Generated_Source\PSoC4\CyLFClk.c ****                         ((counterNum * CY_SYS_TIMER_CNT_SHIFT) + CY_SYS_TIMER_CNT_MATCH_CLR_SHIFT))
2380:C:\Program Files (x86)\Cypress\PSoC Creator\4.4\PSoC Creator\1\LWO2.cydsn\Generated_Source\PSoC4\CyLFClk.c ****     }
2381:C:\Program Files (x86)\Cypress\PSoC Creator\4.4\PSoC Creator\1\LWO2.cydsn\Generated_Source\PSoC4\CyLFClk.c **** 
2382:C:\Program Files (x86)\Cypress\PSoC Creator\4.4\PSoC Creator\1\LWO2.cydsn\Generated_Source\PSoC4\CyLFClk.c **** 
2383:C:\Program Files (x86)\Cypress\PSoC Creator\4.4\PSoC Creator\1\LWO2.cydsn\Generated_Source\PSoC4\CyLFClk.c ****     /*******************************************************************************
2384:C:\Program Files (x86)\Cypress\PSoC Creator\4.4\PSoC Creator\1\LWO2.cydsn\Generated_Source\PSoC4\CyLFClk.c ****     * Function Name: CySysTimerEnable
2385:C:\Program Files (x86)\Cypress\PSoC Creator\4.4\PSoC Creator\1\LWO2.cydsn\Generated_Source\PSoC4\CyLFClk.c ****     ****************************************************************************//**
ARM GAS  C:\Users\taips\AppData\Local\Temp\cc8A2Ndf.s 			page 83


2386:C:\Program Files (x86)\Cypress\PSoC Creator\4.4\PSoC Creator\1\LWO2.cydsn\Generated_Source\PSoC4\CyLFClk.c ****     *
2387:C:\Program Files (x86)\Cypress\PSoC Creator\4.4\PSoC Creator\1\LWO2.cydsn\Generated_Source\PSoC4\CyLFClk.c ****     * \brief Enables the specified DeepSleep Timer counters. All the counters 
2388:C:\Program Files (x86)\Cypress\PSoC Creator\4.4\PSoC Creator\1\LWO2.cydsn\Generated_Source\PSoC4\CyLFClk.c ****     * specified in the mask are enabled.
2389:C:\Program Files (x86)\Cypress\PSoC Creator\4.4\PSoC Creator\1\LWO2.cydsn\Generated_Source\PSoC4\CyLFClk.c ****     *
2390:C:\Program Files (x86)\Cypress\PSoC Creator\4.4\PSoC Creator\1\LWO2.cydsn\Generated_Source\PSoC4\CyLFClk.c ****     * \param counterMask  CY_SYS_TIMER0_MASK - The mask for counter 0 to enable.<br>
2391:C:\Program Files (x86)\Cypress\PSoC Creator\4.4\PSoC Creator\1\LWO2.cydsn\Generated_Source\PSoC4\CyLFClk.c ****     * CY_SYS_TIMER1_MASK - The mask for counter 1 to enable.<br>
2392:C:\Program Files (x86)\Cypress\PSoC Creator\4.4\PSoC Creator\1\LWO2.cydsn\Generated_Source\PSoC4\CyLFClk.c ****     * CY_SYS_TIMER2_MASK - The mask for counter 2 to enable.
2393:C:\Program Files (x86)\Cypress\PSoC Creator\4.4\PSoC Creator\1\LWO2.cydsn\Generated_Source\PSoC4\CyLFClk.c ****     *
2394:C:\Program Files (x86)\Cypress\PSoC Creator\4.4\PSoC Creator\1\LWO2.cydsn\Generated_Source\PSoC4\CyLFClk.c ****     * \details
2395:C:\Program Files (x86)\Cypress\PSoC Creator\4.4\PSoC Creator\1\LWO2.cydsn\Generated_Source\PSoC4\CyLFClk.c ****     * Enabling or disabling Timer requires 3 Timer source-cycles to come into effect.
2396:C:\Program Files (x86)\Cypress\PSoC Creator\4.4\PSoC Creator\1\LWO2.cydsn\Generated_Source\PSoC4\CyLFClk.c ****     * Therefore, the Timer enable state must not be changed more than once in
2397:C:\Program Files (x86)\Cypress\PSoC Creator\4.4\PSoC Creator\1\LWO2.cydsn\Generated_Source\PSoC4\CyLFClk.c ****     * that period.
2398:C:\Program Files (x86)\Cypress\PSoC Creator\4.4\PSoC Creator\1\LWO2.cydsn\Generated_Source\PSoC4\CyLFClk.c ****     *
2399:C:\Program Files (x86)\Cypress\PSoC Creator\4.4\PSoC Creator\1\LWO2.cydsn\Generated_Source\PSoC4\CyLFClk.c ****     * After Timer is enabled, it is illegal to write Timer configuration 
2400:C:\Program Files (x86)\Cypress\PSoC Creator\4.4\PSoC Creator\1\LWO2.cydsn\Generated_Source\PSoC4\CyLFClk.c ****     * (WCO_WDT_CONFIG) and control (WCO_WDT_CONTROL) registers. This means that all
2401:C:\Program Files (x86)\Cypress\PSoC Creator\4.4\PSoC Creator\1\LWO2.cydsn\Generated_Source\PSoC4\CyLFClk.c ****     * Timer functions that contain 'write' in the name (with the exception of 
2402:C:\Program Files (x86)\Cypress\PSoC Creator\4.4\PSoC Creator\1\LWO2.cydsn\Generated_Source\PSoC4\CyLFClk.c ****     * CySysTimerSetMatch() function) are illegal to call once Timer enabled.
2403:C:\Program Files (x86)\Cypress\PSoC Creator\4.4\PSoC Creator\1\LWO2.cydsn\Generated_Source\PSoC4\CyLFClk.c ****     *
2404:C:\Program Files (x86)\Cypress\PSoC Creator\4.4\PSoC Creator\1\LWO2.cydsn\Generated_Source\PSoC4\CyLFClk.c ****     * Timer current source must be running and stable before calling this 
2405:C:\Program Files (x86)\Cypress\PSoC Creator\4.4\PSoC Creator\1\LWO2.cydsn\Generated_Source\PSoC4\CyLFClk.c ****     * function.
2406:C:\Program Files (x86)\Cypress\PSoC Creator\4.4\PSoC Creator\1\LWO2.cydsn\Generated_Source\PSoC4\CyLFClk.c ****     *
2407:C:\Program Files (x86)\Cypress\PSoC Creator\4.4\PSoC Creator\1\LWO2.cydsn\Generated_Source\PSoC4\CyLFClk.c ****     *******************************************************************************/
2408:C:\Program Files (x86)\Cypress\PSoC Creator\4.4\PSoC Creator\1\LWO2.cydsn\Generated_Source\PSoC4\CyLFClk.c ****     void CySysTimerEnable(uint32 counterMask)
2409:C:\Program Files (x86)\Cypress\PSoC Creator\4.4\PSoC Creator\1\LWO2.cydsn\Generated_Source\PSoC4\CyLFClk.c ****     {
2410:C:\Program Files (x86)\Cypress\PSoC Creator\4.4\PSoC Creator\1\LWO2.cydsn\Generated_Source\PSoC4\CyLFClk.c ****         CY_SYS_WCO_WDT_CONTROL_REG |= counterMask;
2411:C:\Program Files (x86)\Cypress\PSoC Creator\4.4\PSoC Creator\1\LWO2.cydsn\Generated_Source\PSoC4\CyLFClk.c **** 
2412:C:\Program Files (x86)\Cypress\PSoC Creator\4.4\PSoC Creator\1\LWO2.cydsn\Generated_Source\PSoC4\CyLFClk.c ****         if(0u != (counterMask & CY_SYS_TIMER0_MASK))
2413:C:\Program Files (x86)\Cypress\PSoC Creator\4.4\PSoC Creator\1\LWO2.cydsn\Generated_Source\PSoC4\CyLFClk.c ****         {
2414:C:\Program Files (x86)\Cypress\PSoC Creator\4.4\PSoC Creator\1\LWO2.cydsn\Generated_Source\PSoC4\CyLFClk.c ****             while (0u == CySysTimerGetEnabledStatus(CY_SYS_TIMER0))
2415:C:\Program Files (x86)\Cypress\PSoC Creator\4.4\PSoC Creator\1\LWO2.cydsn\Generated_Source\PSoC4\CyLFClk.c ****             {
2416:C:\Program Files (x86)\Cypress\PSoC Creator\4.4\PSoC Creator\1\LWO2.cydsn\Generated_Source\PSoC4\CyLFClk.c ****                 /* Wait for changes to come into effect */
2417:C:\Program Files (x86)\Cypress\PSoC Creator\4.4\PSoC Creator\1\LWO2.cydsn\Generated_Source\PSoC4\CyLFClk.c ****             }
2418:C:\Program Files (x86)\Cypress\PSoC Creator\4.4\PSoC Creator\1\LWO2.cydsn\Generated_Source\PSoC4\CyLFClk.c ****         }
2419:C:\Program Files (x86)\Cypress\PSoC Creator\4.4\PSoC Creator\1\LWO2.cydsn\Generated_Source\PSoC4\CyLFClk.c **** 
2420:C:\Program Files (x86)\Cypress\PSoC Creator\4.4\PSoC Creator\1\LWO2.cydsn\Generated_Source\PSoC4\CyLFClk.c ****         if(0u != (counterMask & CY_SYS_TIMER1_MASK))
2421:C:\Program Files (x86)\Cypress\PSoC Creator\4.4\PSoC Creator\1\LWO2.cydsn\Generated_Source\PSoC4\CyLFClk.c ****         {
2422:C:\Program Files (x86)\Cypress\PSoC Creator\4.4\PSoC Creator\1\LWO2.cydsn\Generated_Source\PSoC4\CyLFClk.c ****             while (0u == CySysTimerGetEnabledStatus(CY_SYS_TIMER1))
2423:C:\Program Files (x86)\Cypress\PSoC Creator\4.4\PSoC Creator\1\LWO2.cydsn\Generated_Source\PSoC4\CyLFClk.c ****             {
2424:C:\Program Files (x86)\Cypress\PSoC Creator\4.4\PSoC Creator\1\LWO2.cydsn\Generated_Source\PSoC4\CyLFClk.c ****                 /* Wait for changes to come into effect */
2425:C:\Program Files (x86)\Cypress\PSoC Creator\4.4\PSoC Creator\1\LWO2.cydsn\Generated_Source\PSoC4\CyLFClk.c ****             }
2426:C:\Program Files (x86)\Cypress\PSoC Creator\4.4\PSoC Creator\1\LWO2.cydsn\Generated_Source\PSoC4\CyLFClk.c ****         }
2427:C:\Program Files (x86)\Cypress\PSoC Creator\4.4\PSoC Creator\1\LWO2.cydsn\Generated_Source\PSoC4\CyLFClk.c **** 
2428:C:\Program Files (x86)\Cypress\PSoC Creator\4.4\PSoC Creator\1\LWO2.cydsn\Generated_Source\PSoC4\CyLFClk.c ****         if(0u != (counterMask & CY_SYS_TIMER2_MASK))
2429:C:\Program Files (x86)\Cypress\PSoC Creator\4.4\PSoC Creator\1\LWO2.cydsn\Generated_Source\PSoC4\CyLFClk.c ****         {
2430:C:\Program Files (x86)\Cypress\PSoC Creator\4.4\PSoC Creator\1\LWO2.cydsn\Generated_Source\PSoC4\CyLFClk.c ****             while (0u == CySysTimerGetEnabledStatus(CY_SYS_TIMER2))
2431:C:\Program Files (x86)\Cypress\PSoC Creator\4.4\PSoC Creator\1\LWO2.cydsn\Generated_Source\PSoC4\CyLFClk.c ****             {
2432:C:\Program Files (x86)\Cypress\PSoC Creator\4.4\PSoC Creator\1\LWO2.cydsn\Generated_Source\PSoC4\CyLFClk.c ****                 /* Wait for changes to come into effect */
2433:C:\Program Files (x86)\Cypress\PSoC Creator\4.4\PSoC Creator\1\LWO2.cydsn\Generated_Source\PSoC4\CyLFClk.c ****             }
2434:C:\Program Files (x86)\Cypress\PSoC Creator\4.4\PSoC Creator\1\LWO2.cydsn\Generated_Source\PSoC4\CyLFClk.c ****         }
2435:C:\Program Files (x86)\Cypress\PSoC Creator\4.4\PSoC Creator\1\LWO2.cydsn\Generated_Source\PSoC4\CyLFClk.c ****     }
2436:C:\Program Files (x86)\Cypress\PSoC Creator\4.4\PSoC Creator\1\LWO2.cydsn\Generated_Source\PSoC4\CyLFClk.c **** 
2437:C:\Program Files (x86)\Cypress\PSoC Creator\4.4\PSoC Creator\1\LWO2.cydsn\Generated_Source\PSoC4\CyLFClk.c **** 
2438:C:\Program Files (x86)\Cypress\PSoC Creator\4.4\PSoC Creator\1\LWO2.cydsn\Generated_Source\PSoC4\CyLFClk.c ****     /*******************************************************************************
2439:C:\Program Files (x86)\Cypress\PSoC Creator\4.4\PSoC Creator\1\LWO2.cydsn\Generated_Source\PSoC4\CyLFClk.c ****     * Function Name: CySysTimerDisable
2440:C:\Program Files (x86)\Cypress\PSoC Creator\4.4\PSoC Creator\1\LWO2.cydsn\Generated_Source\PSoC4\CyLFClk.c ****     ****************************************************************************//**
2441:C:\Program Files (x86)\Cypress\PSoC Creator\4.4\PSoC Creator\1\LWO2.cydsn\Generated_Source\PSoC4\CyLFClk.c ****     *
2442:C:\Program Files (x86)\Cypress\PSoC Creator\4.4\PSoC Creator\1\LWO2.cydsn\Generated_Source\PSoC4\CyLFClk.c ****     * \brief Disables the specified DeepSleep Timer counters.
ARM GAS  C:\Users\taips\AppData\Local\Temp\cc8A2Ndf.s 			page 84


2443:C:\Program Files (x86)\Cypress\PSoC Creator\4.4\PSoC Creator\1\LWO2.cydsn\Generated_Source\PSoC4\CyLFClk.c ****     *
2444:C:\Program Files (x86)\Cypress\PSoC Creator\4.4\PSoC Creator\1\LWO2.cydsn\Generated_Source\PSoC4\CyLFClk.c ****     * All the counters specified in the mask are disabled. The function waits for 
2445:C:\Program Files (x86)\Cypress\PSoC Creator\4.4\PSoC Creator\1\LWO2.cydsn\Generated_Source\PSoC4\CyLFClk.c ****     * the changes to come into effect.
2446:C:\Program Files (x86)\Cypress\PSoC Creator\4.4\PSoC Creator\1\LWO2.cydsn\Generated_Source\PSoC4\CyLFClk.c ****     *
2447:C:\Program Files (x86)\Cypress\PSoC Creator\4.4\PSoC Creator\1\LWO2.cydsn\Generated_Source\PSoC4\CyLFClk.c ****     * \param counterMask
2448:C:\Program Files (x86)\Cypress\PSoC Creator\4.4\PSoC Creator\1\LWO2.cydsn\Generated_Source\PSoC4\CyLFClk.c ****     *  CY_SYS_TIMER0_MASK - The mask for Counter 0 to disable.<br>
2449:C:\Program Files (x86)\Cypress\PSoC Creator\4.4\PSoC Creator\1\LWO2.cydsn\Generated_Source\PSoC4\CyLFClk.c ****     * CY_SYS_TIMER1_MASK - The mask for Counter 1 to disable.<br>
2450:C:\Program Files (x86)\Cypress\PSoC Creator\4.4\PSoC Creator\1\LWO2.cydsn\Generated_Source\PSoC4\CyLFClk.c ****     * CY_SYS_TIMER2_MASK - The mask for Counter 2 to disable.
2451:C:\Program Files (x86)\Cypress\PSoC Creator\4.4\PSoC Creator\1\LWO2.cydsn\Generated_Source\PSoC4\CyLFClk.c ****     *
2452:C:\Program Files (x86)\Cypress\PSoC Creator\4.4\PSoC Creator\1\LWO2.cydsn\Generated_Source\PSoC4\CyLFClk.c ****     *******************************************************************************/
2453:C:\Program Files (x86)\Cypress\PSoC Creator\4.4\PSoC Creator\1\LWO2.cydsn\Generated_Source\PSoC4\CyLFClk.c ****     void CySysTimerDisable(uint32 counterMask)
2454:C:\Program Files (x86)\Cypress\PSoC Creator\4.4\PSoC Creator\1\LWO2.cydsn\Generated_Source\PSoC4\CyLFClk.c ****     {
2455:C:\Program Files (x86)\Cypress\PSoC Creator\4.4\PSoC Creator\1\LWO2.cydsn\Generated_Source\PSoC4\CyLFClk.c **** 
2456:C:\Program Files (x86)\Cypress\PSoC Creator\4.4\PSoC Creator\1\LWO2.cydsn\Generated_Source\PSoC4\CyLFClk.c ****         CY_SYS_WCO_WDT_CONTROL_REG &= ~counterMask;
2457:C:\Program Files (x86)\Cypress\PSoC Creator\4.4\PSoC Creator\1\LWO2.cydsn\Generated_Source\PSoC4\CyLFClk.c **** 
2458:C:\Program Files (x86)\Cypress\PSoC Creator\4.4\PSoC Creator\1\LWO2.cydsn\Generated_Source\PSoC4\CyLFClk.c ****         if(0u != (counterMask & CY_SYS_TIMER0_MASK))
2459:C:\Program Files (x86)\Cypress\PSoC Creator\4.4\PSoC Creator\1\LWO2.cydsn\Generated_Source\PSoC4\CyLFClk.c ****         {
2460:C:\Program Files (x86)\Cypress\PSoC Creator\4.4\PSoC Creator\1\LWO2.cydsn\Generated_Source\PSoC4\CyLFClk.c ****             while (0u != CySysTimerGetEnabledStatus(CY_SYS_TIMER0))
2461:C:\Program Files (x86)\Cypress\PSoC Creator\4.4\PSoC Creator\1\LWO2.cydsn\Generated_Source\PSoC4\CyLFClk.c ****             {
2462:C:\Program Files (x86)\Cypress\PSoC Creator\4.4\PSoC Creator\1\LWO2.cydsn\Generated_Source\PSoC4\CyLFClk.c ****                 /* Wait for changes to come into effect */
2463:C:\Program Files (x86)\Cypress\PSoC Creator\4.4\PSoC Creator\1\LWO2.cydsn\Generated_Source\PSoC4\CyLFClk.c ****             }
2464:C:\Program Files (x86)\Cypress\PSoC Creator\4.4\PSoC Creator\1\LWO2.cydsn\Generated_Source\PSoC4\CyLFClk.c ****         }
2465:C:\Program Files (x86)\Cypress\PSoC Creator\4.4\PSoC Creator\1\LWO2.cydsn\Generated_Source\PSoC4\CyLFClk.c **** 
2466:C:\Program Files (x86)\Cypress\PSoC Creator\4.4\PSoC Creator\1\LWO2.cydsn\Generated_Source\PSoC4\CyLFClk.c ****         if(0u != (counterMask & CY_SYS_TIMER1_MASK))
2467:C:\Program Files (x86)\Cypress\PSoC Creator\4.4\PSoC Creator\1\LWO2.cydsn\Generated_Source\PSoC4\CyLFClk.c ****         {
2468:C:\Program Files (x86)\Cypress\PSoC Creator\4.4\PSoC Creator\1\LWO2.cydsn\Generated_Source\PSoC4\CyLFClk.c ****             while (0u != CySysTimerGetEnabledStatus(CY_SYS_TIMER1))
2469:C:\Program Files (x86)\Cypress\PSoC Creator\4.4\PSoC Creator\1\LWO2.cydsn\Generated_Source\PSoC4\CyLFClk.c ****             {
2470:C:\Program Files (x86)\Cypress\PSoC Creator\4.4\PSoC Creator\1\LWO2.cydsn\Generated_Source\PSoC4\CyLFClk.c ****                 /* Wait for changes to come into effect */
2471:C:\Program Files (x86)\Cypress\PSoC Creator\4.4\PSoC Creator\1\LWO2.cydsn\Generated_Source\PSoC4\CyLFClk.c ****             }
2472:C:\Program Files (x86)\Cypress\PSoC Creator\4.4\PSoC Creator\1\LWO2.cydsn\Generated_Source\PSoC4\CyLFClk.c ****         }
2473:C:\Program Files (x86)\Cypress\PSoC Creator\4.4\PSoC Creator\1\LWO2.cydsn\Generated_Source\PSoC4\CyLFClk.c **** 
2474:C:\Program Files (x86)\Cypress\PSoC Creator\4.4\PSoC Creator\1\LWO2.cydsn\Generated_Source\PSoC4\CyLFClk.c ****         if(0u != (counterMask & CY_SYS_TIMER2_MASK))
2475:C:\Program Files (x86)\Cypress\PSoC Creator\4.4\PSoC Creator\1\LWO2.cydsn\Generated_Source\PSoC4\CyLFClk.c ****         {
2476:C:\Program Files (x86)\Cypress\PSoC Creator\4.4\PSoC Creator\1\LWO2.cydsn\Generated_Source\PSoC4\CyLFClk.c ****             while (0u != CySysTimerGetEnabledStatus(CY_SYS_TIMER2))
2477:C:\Program Files (x86)\Cypress\PSoC Creator\4.4\PSoC Creator\1\LWO2.cydsn\Generated_Source\PSoC4\CyLFClk.c ****             {
2478:C:\Program Files (x86)\Cypress\PSoC Creator\4.4\PSoC Creator\1\LWO2.cydsn\Generated_Source\PSoC4\CyLFClk.c ****                 /* Wait for changes to come into effect */
2479:C:\Program Files (x86)\Cypress\PSoC Creator\4.4\PSoC Creator\1\LWO2.cydsn\Generated_Source\PSoC4\CyLFClk.c ****             }
2480:C:\Program Files (x86)\Cypress\PSoC Creator\4.4\PSoC Creator\1\LWO2.cydsn\Generated_Source\PSoC4\CyLFClk.c ****         }
2481:C:\Program Files (x86)\Cypress\PSoC Creator\4.4\PSoC Creator\1\LWO2.cydsn\Generated_Source\PSoC4\CyLFClk.c **** 
2482:C:\Program Files (x86)\Cypress\PSoC Creator\4.4\PSoC Creator\1\LWO2.cydsn\Generated_Source\PSoC4\CyLFClk.c ****     }
2483:C:\Program Files (x86)\Cypress\PSoC Creator\4.4\PSoC Creator\1\LWO2.cydsn\Generated_Source\PSoC4\CyLFClk.c **** 
2484:C:\Program Files (x86)\Cypress\PSoC Creator\4.4\PSoC Creator\1\LWO2.cydsn\Generated_Source\PSoC4\CyLFClk.c **** 
2485:C:\Program Files (x86)\Cypress\PSoC Creator\4.4\PSoC Creator\1\LWO2.cydsn\Generated_Source\PSoC4\CyLFClk.c ****     /*******************************************************************************
2486:C:\Program Files (x86)\Cypress\PSoC Creator\4.4\PSoC Creator\1\LWO2.cydsn\Generated_Source\PSoC4\CyLFClk.c ****     * Function Name: CySysTimerSetCascade
2487:C:\Program Files (x86)\Cypress\PSoC Creator\4.4\PSoC Creator\1\LWO2.cydsn\Generated_Source\PSoC4\CyLFClk.c ****     ****************************************************************************//**
2488:C:\Program Files (x86)\Cypress\PSoC Creator\4.4\PSoC Creator\1\LWO2.cydsn\Generated_Source\PSoC4\CyLFClk.c ****     *
2489:C:\Program Files (x86)\Cypress\PSoC Creator\4.4\PSoC Creator\1\LWO2.cydsn\Generated_Source\PSoC4\CyLFClk.c ****     * \brief
2490:C:\Program Files (x86)\Cypress\PSoC Creator\4.4\PSoC Creator\1\LWO2.cydsn\Generated_Source\PSoC4\CyLFClk.c ****     * Writes the two DeepSleep Timers cascade values based on the combination of 
2491:C:\Program Files (x86)\Cypress\PSoC Creator\4.4\PSoC Creator\1\LWO2.cydsn\Generated_Source\PSoC4\CyLFClk.c ****     * mask values specified.
2492:C:\Program Files (x86)\Cypress\PSoC Creator\4.4\PSoC Creator\1\LWO2.cydsn\Generated_Source\PSoC4\CyLFClk.c ****     *
2493:C:\Program Files (x86)\Cypress\PSoC Creator\4.4\PSoC Creator\1\LWO2.cydsn\Generated_Source\PSoC4\CyLFClk.c ****     * \param cascadeMask The mask value used to set or clear the cascade values:
2494:C:\Program Files (x86)\Cypress\PSoC Creator\4.4\PSoC Creator\1\LWO2.cydsn\Generated_Source\PSoC4\CyLFClk.c ****     * CY_SYS_TIMER_CASCADE_NONE - Neither<br>
2495:C:\Program Files (x86)\Cypress\PSoC Creator\4.4\PSoC Creator\1\LWO2.cydsn\Generated_Source\PSoC4\CyLFClk.c ****     * CY_SYS_TIMER_CASCADE_01 - Cascade 01<br>
2496:C:\Program Files (x86)\Cypress\PSoC Creator\4.4\PSoC Creator\1\LWO2.cydsn\Generated_Source\PSoC4\CyLFClk.c ****     * CY_SYS_TIMER_CASCADE_12 - Cascade 12
2497:C:\Program Files (x86)\Cypress\PSoC Creator\4.4\PSoC Creator\1\LWO2.cydsn\Generated_Source\PSoC4\CyLFClk.c ****     *
2498:C:\Program Files (x86)\Cypress\PSoC Creator\4.4\PSoC Creator\1\LWO2.cydsn\Generated_Source\PSoC4\CyLFClk.c ****     * If only one cascade mask is specified, the second cascade is disabled.
2499:C:\Program Files (x86)\Cypress\PSoC Creator\4.4\PSoC Creator\1\LWO2.cydsn\Generated_Source\PSoC4\CyLFClk.c ****     * To set both cascade modes, two defines should be ORed:
ARM GAS  C:\Users\taips\AppData\Local\Temp\cc8A2Ndf.s 			page 85


2500:C:\Program Files (x86)\Cypress\PSoC Creator\4.4\PSoC Creator\1\LWO2.cydsn\Generated_Source\PSoC4\CyLFClk.c ****     * (CY_SYS_TIMER_CASCADE_01 | CY_SYS_TIMER_CASCADE_12).
2501:C:\Program Files (x86)\Cypress\PSoC Creator\4.4\PSoC Creator\1\LWO2.cydsn\Generated_Source\PSoC4\CyLFClk.c ****     * \note If CySysTimerSetCascade() was called with ORed defines it is necessary 
2502:C:\Program Files (x86)\Cypress\PSoC Creator\4.4\PSoC Creator\1\LWO2.cydsn\Generated_Source\PSoC4\CyLFClk.c ****     * to call CySysTimeSetClearOnMatch(1,1). It is needed to make sure that 
2503:C:\Program Files (x86)\Cypress\PSoC Creator\4.4\PSoC Creator\1\LWO2.cydsn\Generated_Source\PSoC4\CyLFClk.c ****     * Counter 2 will be updated in the expected way.
2504:C:\Program Files (x86)\Cypress\PSoC Creator\4.4\PSoC Creator\1\LWO2.cydsn\Generated_Source\PSoC4\CyLFClk.c ****     *
2505:C:\Program Files (x86)\Cypress\PSoC Creator\4.4\PSoC Creator\1\LWO2.cydsn\Generated_Source\PSoC4\CyLFClk.c ****     * Timer counters that are part of the specified cascade should be disabled.
2506:C:\Program Files (x86)\Cypress\PSoC Creator\4.4\PSoC Creator\1\LWO2.cydsn\Generated_Source\PSoC4\CyLFClk.c ****     * Otherwise this function call has no effect. If the specified
2507:C:\Program Files (x86)\Cypress\PSoC Creator\4.4\PSoC Creator\1\LWO2.cydsn\Generated_Source\PSoC4\CyLFClk.c ****     * counter is enabled, call CySysTimerDisable() function with the corresponding
2508:C:\Program Files (x86)\Cypress\PSoC Creator\4.4\PSoC Creator\1\LWO2.cydsn\Generated_Source\PSoC4\CyLFClk.c ****     * parameter to disable the specified counter and wait for it to stop. This may
2509:C:\Program Files (x86)\Cypress\PSoC Creator\4.4\PSoC Creator\1\LWO2.cydsn\Generated_Source\PSoC4\CyLFClk.c ****     * take up to 3 Timers source-cycles.
2510:C:\Program Files (x86)\Cypress\PSoC Creator\4.4\PSoC Creator\1\LWO2.cydsn\Generated_Source\PSoC4\CyLFClk.c ****     *
2511:C:\Program Files (x86)\Cypress\PSoC Creator\4.4\PSoC Creator\1\LWO2.cydsn\Generated_Source\PSoC4\CyLFClk.c ****     *******************************************************************************/
2512:C:\Program Files (x86)\Cypress\PSoC Creator\4.4\PSoC Creator\1\LWO2.cydsn\Generated_Source\PSoC4\CyLFClk.c ****     void CySysTimerSetCascade(uint32 cascadeMask)
2513:C:\Program Files (x86)\Cypress\PSoC Creator\4.4\PSoC Creator\1\LWO2.cydsn\Generated_Source\PSoC4\CyLFClk.c ****     {
2514:C:\Program Files (x86)\Cypress\PSoC Creator\4.4\PSoC Creator\1\LWO2.cydsn\Generated_Source\PSoC4\CyLFClk.c ****         uint32 configRegValue;
2515:C:\Program Files (x86)\Cypress\PSoC Creator\4.4\PSoC Creator\1\LWO2.cydsn\Generated_Source\PSoC4\CyLFClk.c ****         uint32 countersEnableStatus;
2516:C:\Program Files (x86)\Cypress\PSoC Creator\4.4\PSoC Creator\1\LWO2.cydsn\Generated_Source\PSoC4\CyLFClk.c **** 
2517:C:\Program Files (x86)\Cypress\PSoC Creator\4.4\PSoC Creator\1\LWO2.cydsn\Generated_Source\PSoC4\CyLFClk.c ****         countersEnableStatus = CySysTimerGetEnabledStatus(CY_SYS_TIMER0) |
2518:C:\Program Files (x86)\Cypress\PSoC Creator\4.4\PSoC Creator\1\LWO2.cydsn\Generated_Source\PSoC4\CyLFClk.c ****                             CySysTimerGetEnabledStatus(CY_SYS_TIMER1) |
2519:C:\Program Files (x86)\Cypress\PSoC Creator\4.4\PSoC Creator\1\LWO2.cydsn\Generated_Source\PSoC4\CyLFClk.c ****                             CySysTimerGetEnabledStatus(CY_SYS_TIMER2);
2520:C:\Program Files (x86)\Cypress\PSoC Creator\4.4\PSoC Creator\1\LWO2.cydsn\Generated_Source\PSoC4\CyLFClk.c **** 
2521:C:\Program Files (x86)\Cypress\PSoC Creator\4.4\PSoC Creator\1\LWO2.cydsn\Generated_Source\PSoC4\CyLFClk.c ****         if (0u == countersEnableStatus)
2522:C:\Program Files (x86)\Cypress\PSoC Creator\4.4\PSoC Creator\1\LWO2.cydsn\Generated_Source\PSoC4\CyLFClk.c ****         {
2523:C:\Program Files (x86)\Cypress\PSoC Creator\4.4\PSoC Creator\1\LWO2.cydsn\Generated_Source\PSoC4\CyLFClk.c ****             configRegValue = CY_SYS_WCO_WDT_CONFIG_REG;
2524:C:\Program Files (x86)\Cypress\PSoC Creator\4.4\PSoC Creator\1\LWO2.cydsn\Generated_Source\PSoC4\CyLFClk.c ****             configRegValue &= ((uint32)(~(CY_SYS_TIMER_CASCADE_01|CY_SYS_TIMER_CASCADE_12)));
2525:C:\Program Files (x86)\Cypress\PSoC Creator\4.4\PSoC Creator\1\LWO2.cydsn\Generated_Source\PSoC4\CyLFClk.c ****             configRegValue |= cascadeMask;
2526:C:\Program Files (x86)\Cypress\PSoC Creator\4.4\PSoC Creator\1\LWO2.cydsn\Generated_Source\PSoC4\CyLFClk.c ****             CY_SYS_WCO_WDT_CONFIG_REG = configRegValue;
2527:C:\Program Files (x86)\Cypress\PSoC Creator\4.4\PSoC Creator\1\LWO2.cydsn\Generated_Source\PSoC4\CyLFClk.c ****         }
2528:C:\Program Files (x86)\Cypress\PSoC Creator\4.4\PSoC Creator\1\LWO2.cydsn\Generated_Source\PSoC4\CyLFClk.c ****     }
2529:C:\Program Files (x86)\Cypress\PSoC Creator\4.4\PSoC Creator\1\LWO2.cydsn\Generated_Source\PSoC4\CyLFClk.c **** 
2530:C:\Program Files (x86)\Cypress\PSoC Creator\4.4\PSoC Creator\1\LWO2.cydsn\Generated_Source\PSoC4\CyLFClk.c **** 
2531:C:\Program Files (x86)\Cypress\PSoC Creator\4.4\PSoC Creator\1\LWO2.cydsn\Generated_Source\PSoC4\CyLFClk.c ****     /*******************************************************************************
2532:C:\Program Files (x86)\Cypress\PSoC Creator\4.4\PSoC Creator\1\LWO2.cydsn\Generated_Source\PSoC4\CyLFClk.c ****     * Function Name: CySysTimerGetCascade
2533:C:\Program Files (x86)\Cypress\PSoC Creator\4.4\PSoC Creator\1\LWO2.cydsn\Generated_Source\PSoC4\CyLFClk.c ****     ****************************************************************************//**
2534:C:\Program Files (x86)\Cypress\PSoC Creator\4.4\PSoC Creator\1\LWO2.cydsn\Generated_Source\PSoC4\CyLFClk.c ****     *
2535:C:\Program Files (x86)\Cypress\PSoC Creator\4.4\PSoC Creator\1\LWO2.cydsn\Generated_Source\PSoC4\CyLFClk.c ****     * \brief Reads the two DeepSleep Timer cascade values returning a mask of the 
2536:C:\Program Files (x86)\Cypress\PSoC Creator\4.4\PSoC Creator\1\LWO2.cydsn\Generated_Source\PSoC4\CyLFClk.c ****     * bits set.
2537:C:\Program Files (x86)\Cypress\PSoC Creator\4.4\PSoC Creator\1\LWO2.cydsn\Generated_Source\PSoC4\CyLFClk.c ****     *
2538:C:\Program Files (x86)\Cypress\PSoC Creator\4.4\PSoC Creator\1\LWO2.cydsn\Generated_Source\PSoC4\CyLFClk.c ****     * \return The mask of the cascade values set.
2539:C:\Program Files (x86)\Cypress\PSoC Creator\4.4\PSoC Creator\1\LWO2.cydsn\Generated_Source\PSoC4\CyLFClk.c ****     * \return CY_SYS_TIMER_CASCADE_NONE - Neither
2540:C:\Program Files (x86)\Cypress\PSoC Creator\4.4\PSoC Creator\1\LWO2.cydsn\Generated_Source\PSoC4\CyLFClk.c ****     * \return CY_SYS_TIMER_CASCADE_01 - Cascade 01
2541:C:\Program Files (x86)\Cypress\PSoC Creator\4.4\PSoC Creator\1\LWO2.cydsn\Generated_Source\PSoC4\CyLFClk.c ****     * \return CY_SYS_TIMER_CASCADE_12 - Cascade 12
2542:C:\Program Files (x86)\Cypress\PSoC Creator\4.4\PSoC Creator\1\LWO2.cydsn\Generated_Source\PSoC4\CyLFClk.c ****     *
2543:C:\Program Files (x86)\Cypress\PSoC Creator\4.4\PSoC Creator\1\LWO2.cydsn\Generated_Source\PSoC4\CyLFClk.c ****     *******************************************************************************/
2544:C:\Program Files (x86)\Cypress\PSoC Creator\4.4\PSoC Creator\1\LWO2.cydsn\Generated_Source\PSoC4\CyLFClk.c ****     uint32 CySysTimerGetCascade(void)
2545:C:\Program Files (x86)\Cypress\PSoC Creator\4.4\PSoC Creator\1\LWO2.cydsn\Generated_Source\PSoC4\CyLFClk.c ****     {
2546:C:\Program Files (x86)\Cypress\PSoC Creator\4.4\PSoC Creator\1\LWO2.cydsn\Generated_Source\PSoC4\CyLFClk.c ****         return (CY_SYS_WCO_WDT_CONFIG_REG & (CY_SYS_TIMER_CASCADE_01 | CY_SYS_TIMER_CASCADE_12));
2547:C:\Program Files (x86)\Cypress\PSoC Creator\4.4\PSoC Creator\1\LWO2.cydsn\Generated_Source\PSoC4\CyLFClk.c ****     }
2548:C:\Program Files (x86)\Cypress\PSoC Creator\4.4\PSoC Creator\1\LWO2.cydsn\Generated_Source\PSoC4\CyLFClk.c **** 
2549:C:\Program Files (x86)\Cypress\PSoC Creator\4.4\PSoC Creator\1\LWO2.cydsn\Generated_Source\PSoC4\CyLFClk.c **** 
2550:C:\Program Files (x86)\Cypress\PSoC Creator\4.4\PSoC Creator\1\LWO2.cydsn\Generated_Source\PSoC4\CyLFClk.c ****     /*******************************************************************************
2551:C:\Program Files (x86)\Cypress\PSoC Creator\4.4\PSoC Creator\1\LWO2.cydsn\Generated_Source\PSoC4\CyLFClk.c ****     * Function Name: CySysTimerSetMatch
2552:C:\Program Files (x86)\Cypress\PSoC Creator\4.4\PSoC Creator\1\LWO2.cydsn\Generated_Source\PSoC4\CyLFClk.c ****     ****************************************************************************//**
2553:C:\Program Files (x86)\Cypress\PSoC Creator\4.4\PSoC Creator\1\LWO2.cydsn\Generated_Source\PSoC4\CyLFClk.c ****     *
2554:C:\Program Files (x86)\Cypress\PSoC Creator\4.4\PSoC Creator\1\LWO2.cydsn\Generated_Source\PSoC4\CyLFClk.c ****     * \brief Configures the Timer counter match comparison value.
2555:C:\Program Files (x86)\Cypress\PSoC Creator\4.4\PSoC Creator\1\LWO2.cydsn\Generated_Source\PSoC4\CyLFClk.c ****     *
2556:C:\Program Files (x86)\Cypress\PSoC Creator\4.4\PSoC Creator\1\LWO2.cydsn\Generated_Source\PSoC4\CyLFClk.c ****     * \param counterNum Valid range [0-1]. The number of the Timer counter. The 
ARM GAS  C:\Users\taips\AppData\Local\Temp\cc8A2Ndf.s 			page 86


2557:C:\Program Files (x86)\Cypress\PSoC Creator\4.4\PSoC Creator\1\LWO2.cydsn\Generated_Source\PSoC4\CyLFClk.c ****     * match values are not supported by counter 2.
2558:C:\Program Files (x86)\Cypress\PSoC Creator\4.4\PSoC Creator\1\LWO2.cydsn\Generated_Source\PSoC4\CyLFClk.c ****     *
2559:C:\Program Files (x86)\Cypress\PSoC Creator\4.4\PSoC Creator\1\LWO2.cydsn\Generated_Source\PSoC4\CyLFClk.c ****     * \param match Valid range [0-65535]. The value to be used to match against 
2560:C:\Program Files (x86)\Cypress\PSoC Creator\4.4\PSoC Creator\1\LWO2.cydsn\Generated_Source\PSoC4\CyLFClk.c ****     * the counter.
2561:C:\Program Files (x86)\Cypress\PSoC Creator\4.4\PSoC Creator\1\LWO2.cydsn\Generated_Source\PSoC4\CyLFClk.c ****     *
2562:C:\Program Files (x86)\Cypress\PSoC Creator\4.4\PSoC Creator\1\LWO2.cydsn\Generated_Source\PSoC4\CyLFClk.c ****     *******************************************************************************/
2563:C:\Program Files (x86)\Cypress\PSoC Creator\4.4\PSoC Creator\1\LWO2.cydsn\Generated_Source\PSoC4\CyLFClk.c ****     void CySysTimerSetMatch(uint32 counterNum, uint32 match)
2564:C:\Program Files (x86)\Cypress\PSoC Creator\4.4\PSoC Creator\1\LWO2.cydsn\Generated_Source\PSoC4\CyLFClk.c ****     {
2565:C:\Program Files (x86)\Cypress\PSoC Creator\4.4\PSoC Creator\1\LWO2.cydsn\Generated_Source\PSoC4\CyLFClk.c ****         uint32 regValue;
2566:C:\Program Files (x86)\Cypress\PSoC Creator\4.4\PSoC Creator\1\LWO2.cydsn\Generated_Source\PSoC4\CyLFClk.c **** 
2567:C:\Program Files (x86)\Cypress\PSoC Creator\4.4\PSoC Creator\1\LWO2.cydsn\Generated_Source\PSoC4\CyLFClk.c ****         CYASSERT((counterNum == CY_SYS_TIMER0) ||
2568:C:\Program Files (x86)\Cypress\PSoC Creator\4.4\PSoC Creator\1\LWO2.cydsn\Generated_Source\PSoC4\CyLFClk.c ****                  (counterNum == CY_SYS_TIMER1));
2569:C:\Program Files (x86)\Cypress\PSoC Creator\4.4\PSoC Creator\1\LWO2.cydsn\Generated_Source\PSoC4\CyLFClk.c **** 
2570:C:\Program Files (x86)\Cypress\PSoC Creator\4.4\PSoC Creator\1\LWO2.cydsn\Generated_Source\PSoC4\CyLFClk.c ****         /* Wait for previous changes to come into effect */
2571:C:\Program Files (x86)\Cypress\PSoC Creator\4.4\PSoC Creator\1\LWO2.cydsn\Generated_Source\PSoC4\CyLFClk.c ****         CyDelayUs(CY_SYS_3TIMER_DELAY_US);
2572:C:\Program Files (x86)\Cypress\PSoC Creator\4.4\PSoC Creator\1\LWO2.cydsn\Generated_Source\PSoC4\CyLFClk.c **** 
2573:C:\Program Files (x86)\Cypress\PSoC Creator\4.4\PSoC Creator\1\LWO2.cydsn\Generated_Source\PSoC4\CyLFClk.c ****         regValue = CY_SYS_WCO_WDT_MATCH_REG;
2574:C:\Program Files (x86)\Cypress\PSoC Creator\4.4\PSoC Creator\1\LWO2.cydsn\Generated_Source\PSoC4\CyLFClk.c ****         regValue &= (uint32)~((uint32)(CY_SYS_TIMER_LOWER_16BITS_MASK << (counterNum * CY_SYS_TIMER
2575:C:\Program Files (x86)\Cypress\PSoC Creator\4.4\PSoC Creator\1\LWO2.cydsn\Generated_Source\PSoC4\CyLFClk.c ****         CY_SYS_WCO_WDT_MATCH_REG = (regValue | (match << (counterNum * CY_SYS_TIMER_CNT_MATCH_SHIFT
2576:C:\Program Files (x86)\Cypress\PSoC Creator\4.4\PSoC Creator\1\LWO2.cydsn\Generated_Source\PSoC4\CyLFClk.c **** 
2577:C:\Program Files (x86)\Cypress\PSoC Creator\4.4\PSoC Creator\1\LWO2.cydsn\Generated_Source\PSoC4\CyLFClk.c ****         /* Make sure match synchronization has started */
2578:C:\Program Files (x86)\Cypress\PSoC Creator\4.4\PSoC Creator\1\LWO2.cydsn\Generated_Source\PSoC4\CyLFClk.c ****         CyDelayUs(CY_SYS_1TIMER_DELAY_US);
2579:C:\Program Files (x86)\Cypress\PSoC Creator\4.4\PSoC Creator\1\LWO2.cydsn\Generated_Source\PSoC4\CyLFClk.c ****     }
2580:C:\Program Files (x86)\Cypress\PSoC Creator\4.4\PSoC Creator\1\LWO2.cydsn\Generated_Source\PSoC4\CyLFClk.c **** 
2581:C:\Program Files (x86)\Cypress\PSoC Creator\4.4\PSoC Creator\1\LWO2.cydsn\Generated_Source\PSoC4\CyLFClk.c **** 
2582:C:\Program Files (x86)\Cypress\PSoC Creator\4.4\PSoC Creator\1\LWO2.cydsn\Generated_Source\PSoC4\CyLFClk.c ****     /*******************************************************************************
2583:C:\Program Files (x86)\Cypress\PSoC Creator\4.4\PSoC Creator\1\LWO2.cydsn\Generated_Source\PSoC4\CyLFClk.c ****     * Function Name: CySysTimerSetToggleBit
2584:C:\Program Files (x86)\Cypress\PSoC Creator\4.4\PSoC Creator\1\LWO2.cydsn\Generated_Source\PSoC4\CyLFClk.c ****     ****************************************************************************//**
2585:C:\Program Files (x86)\Cypress\PSoC Creator\4.4\PSoC Creator\1\LWO2.cydsn\Generated_Source\PSoC4\CyLFClk.c ****     *
2586:C:\Program Files (x86)\Cypress\PSoC Creator\4.4\PSoC Creator\1\LWO2.cydsn\Generated_Source\PSoC4\CyLFClk.c ****     * \brief Configures which bit in Timer counter 2 to monitor for a toggle.
2587:C:\Program Files (x86)\Cypress\PSoC Creator\4.4\PSoC Creator\1\LWO2.cydsn\Generated_Source\PSoC4\CyLFClk.c ****     *
2588:C:\Program Files (x86)\Cypress\PSoC Creator\4.4\PSoC Creator\1\LWO2.cydsn\Generated_Source\PSoC4\CyLFClk.c ****     * When that bit toggles, an interrupt is generated if mode for counter 2 has
2589:C:\Program Files (x86)\Cypress\PSoC Creator\4.4\PSoC Creator\1\LWO2.cydsn\Generated_Source\PSoC4\CyLFClk.c ****     * enabled interrupts.
2590:C:\Program Files (x86)\Cypress\PSoC Creator\4.4\PSoC Creator\1\LWO2.cydsn\Generated_Source\PSoC4\CyLFClk.c ****     *
2591:C:\Program Files (x86)\Cypress\PSoC Creator\4.4\PSoC Creator\1\LWO2.cydsn\Generated_Source\PSoC4\CyLFClk.c ****     * \param bits Valid range [0-31]. Counter 2 bit to monitor for a toggle.
2592:C:\Program Files (x86)\Cypress\PSoC Creator\4.4\PSoC Creator\1\LWO2.cydsn\Generated_Source\PSoC4\CyLFClk.c ****     *
2593:C:\Program Files (x86)\Cypress\PSoC Creator\4.4\PSoC Creator\1\LWO2.cydsn\Generated_Source\PSoC4\CyLFClk.c ****     * \details Timer counter 2 should be disabled. Otherwise this function call has
2594:C:\Program Files (x86)\Cypress\PSoC Creator\4.4\PSoC Creator\1\LWO2.cydsn\Generated_Source\PSoC4\CyLFClk.c ****     * no effect.
2595:C:\Program Files (x86)\Cypress\PSoC Creator\4.4\PSoC Creator\1\LWO2.cydsn\Generated_Source\PSoC4\CyLFClk.c ****     *
2596:C:\Program Files (x86)\Cypress\PSoC Creator\4.4\PSoC Creator\1\LWO2.cydsn\Generated_Source\PSoC4\CyLFClk.c ****     * If the specified counter is enabled, call the CySysTimerDisable() function with
2597:C:\Program Files (x86)\Cypress\PSoC Creator\4.4\PSoC Creator\1\LWO2.cydsn\Generated_Source\PSoC4\CyLFClk.c ****     * the corresponding parameter to disable the specified counter and wait for it to
2598:C:\Program Files (x86)\Cypress\PSoC Creator\4.4\PSoC Creator\1\LWO2.cydsn\Generated_Source\PSoC4\CyLFClk.c ****     * stop. This may take up to three Timer source-cycles.
2599:C:\Program Files (x86)\Cypress\PSoC Creator\4.4\PSoC Creator\1\LWO2.cydsn\Generated_Source\PSoC4\CyLFClk.c ****     *
2600:C:\Program Files (x86)\Cypress\PSoC Creator\4.4\PSoC Creator\1\LWO2.cydsn\Generated_Source\PSoC4\CyLFClk.c ****     *******************************************************************************/
2601:C:\Program Files (x86)\Cypress\PSoC Creator\4.4\PSoC Creator\1\LWO2.cydsn\Generated_Source\PSoC4\CyLFClk.c ****     void CySysTimerSetToggleBit(uint32 bits)
2602:C:\Program Files (x86)\Cypress\PSoC Creator\4.4\PSoC Creator\1\LWO2.cydsn\Generated_Source\PSoC4\CyLFClk.c ****     {
2603:C:\Program Files (x86)\Cypress\PSoC Creator\4.4\PSoC Creator\1\LWO2.cydsn\Generated_Source\PSoC4\CyLFClk.c ****         uint32 configRegValue;
2604:C:\Program Files (x86)\Cypress\PSoC Creator\4.4\PSoC Creator\1\LWO2.cydsn\Generated_Source\PSoC4\CyLFClk.c **** 
2605:C:\Program Files (x86)\Cypress\PSoC Creator\4.4\PSoC Creator\1\LWO2.cydsn\Generated_Source\PSoC4\CyLFClk.c ****         if (0u == CySysTimerGetEnabledStatus(CY_SYS_TIMER2))
2606:C:\Program Files (x86)\Cypress\PSoC Creator\4.4\PSoC Creator\1\LWO2.cydsn\Generated_Source\PSoC4\CyLFClk.c ****         {
2607:C:\Program Files (x86)\Cypress\PSoC Creator\4.4\PSoC Creator\1\LWO2.cydsn\Generated_Source\PSoC4\CyLFClk.c ****             configRegValue = CY_SYS_WCO_WDT_CONFIG_REG;
2608:C:\Program Files (x86)\Cypress\PSoC Creator\4.4\PSoC Creator\1\LWO2.cydsn\Generated_Source\PSoC4\CyLFClk.c ****             configRegValue &= (uint32)(~((uint32)(CY_SYS_TIMER_CONFIG_BITS2_MASK << CY_SYS_TIMER_CO
2609:C:\Program Files (x86)\Cypress\PSoC Creator\4.4\PSoC Creator\1\LWO2.cydsn\Generated_Source\PSoC4\CyLFClk.c ****             configRegValue |= ((bits & CY_SYS_TIMER_CONFIG_BITS2_MASK) << CY_SYS_TIMER_CONFIG_BITS2
2610:C:\Program Files (x86)\Cypress\PSoC Creator\4.4\PSoC Creator\1\LWO2.cydsn\Generated_Source\PSoC4\CyLFClk.c ****             CY_SYS_WCO_WDT_CONFIG_REG = configRegValue;
2611:C:\Program Files (x86)\Cypress\PSoC Creator\4.4\PSoC Creator\1\LWO2.cydsn\Generated_Source\PSoC4\CyLFClk.c ****         }
2612:C:\Program Files (x86)\Cypress\PSoC Creator\4.4\PSoC Creator\1\LWO2.cydsn\Generated_Source\PSoC4\CyLFClk.c ****     }
2613:C:\Program Files (x86)\Cypress\PSoC Creator\4.4\PSoC Creator\1\LWO2.cydsn\Generated_Source\PSoC4\CyLFClk.c **** 
ARM GAS  C:\Users\taips\AppData\Local\Temp\cc8A2Ndf.s 			page 87


2614:C:\Program Files (x86)\Cypress\PSoC Creator\4.4\PSoC Creator\1\LWO2.cydsn\Generated_Source\PSoC4\CyLFClk.c **** 
2615:C:\Program Files (x86)\Cypress\PSoC Creator\4.4\PSoC Creator\1\LWO2.cydsn\Generated_Source\PSoC4\CyLFClk.c ****     /*******************************************************************************
2616:C:\Program Files (x86)\Cypress\PSoC Creator\4.4\PSoC Creator\1\LWO2.cydsn\Generated_Source\PSoC4\CyLFClk.c ****     * Function Name: CySysTimerGetToggleBit
2617:C:\Program Files (x86)\Cypress\PSoC Creator\4.4\PSoC Creator\1\LWO2.cydsn\Generated_Source\PSoC4\CyLFClk.c ****     ****************************************************************************//**
2618:C:\Program Files (x86)\Cypress\PSoC Creator\4.4\PSoC Creator\1\LWO2.cydsn\Generated_Source\PSoC4\CyLFClk.c ****     *
2619:C:\Program Files (x86)\Cypress\PSoC Creator\4.4\PSoC Creator\1\LWO2.cydsn\Generated_Source\PSoC4\CyLFClk.c ****     * \brief Reads which bit in Timer counter 2 is monitored for a toggle.
2620:C:\Program Files (x86)\Cypress\PSoC Creator\4.4\PSoC Creator\1\LWO2.cydsn\Generated_Source\PSoC4\CyLFClk.c ****     *
2621:C:\Program Files (x86)\Cypress\PSoC Creator\4.4\PSoC Creator\1\LWO2.cydsn\Generated_Source\PSoC4\CyLFClk.c ****     * \return The bit that is monitored (range of 0 to 31)
2622:C:\Program Files (x86)\Cypress\PSoC Creator\4.4\PSoC Creator\1\LWO2.cydsn\Generated_Source\PSoC4\CyLFClk.c ****     *
2623:C:\Program Files (x86)\Cypress\PSoC Creator\4.4\PSoC Creator\1\LWO2.cydsn\Generated_Source\PSoC4\CyLFClk.c ****     *******************************************************************************/
2624:C:\Program Files (x86)\Cypress\PSoC Creator\4.4\PSoC Creator\1\LWO2.cydsn\Generated_Source\PSoC4\CyLFClk.c ****     uint32 CySysTimerGetToggleBit(void)
2625:C:\Program Files (x86)\Cypress\PSoC Creator\4.4\PSoC Creator\1\LWO2.cydsn\Generated_Source\PSoC4\CyLFClk.c ****     {
2626:C:\Program Files (x86)\Cypress\PSoC Creator\4.4\PSoC Creator\1\LWO2.cydsn\Generated_Source\PSoC4\CyLFClk.c ****         return ((CY_SYS_WCO_WDT_CONFIG_REG >> CY_SYS_TIMER_CONFIG_BITS2_POS) & CY_SYS_TIMER_CONFIG_
2627:C:\Program Files (x86)\Cypress\PSoC Creator\4.4\PSoC Creator\1\LWO2.cydsn\Generated_Source\PSoC4\CyLFClk.c ****     }
2628:C:\Program Files (x86)\Cypress\PSoC Creator\4.4\PSoC Creator\1\LWO2.cydsn\Generated_Source\PSoC4\CyLFClk.c **** 
2629:C:\Program Files (x86)\Cypress\PSoC Creator\4.4\PSoC Creator\1\LWO2.cydsn\Generated_Source\PSoC4\CyLFClk.c **** 
2630:C:\Program Files (x86)\Cypress\PSoC Creator\4.4\PSoC Creator\1\LWO2.cydsn\Generated_Source\PSoC4\CyLFClk.c ****     /*******************************************************************************
2631:C:\Program Files (x86)\Cypress\PSoC Creator\4.4\PSoC Creator\1\LWO2.cydsn\Generated_Source\PSoC4\CyLFClk.c ****     * Function Name: CySysTimerGetMatch
2632:C:\Program Files (x86)\Cypress\PSoC Creator\4.4\PSoC Creator\1\LWO2.cydsn\Generated_Source\PSoC4\CyLFClk.c ****     ****************************************************************************//**
2633:C:\Program Files (x86)\Cypress\PSoC Creator\4.4\PSoC Creator\1\LWO2.cydsn\Generated_Source\PSoC4\CyLFClk.c ****     *
2634:C:\Program Files (x86)\Cypress\PSoC Creator\4.4\PSoC Creator\1\LWO2.cydsn\Generated_Source\PSoC4\CyLFClk.c ****     * \brief Reads the Timer counter match comparison value.
2635:C:\Program Files (x86)\Cypress\PSoC Creator\4.4\PSoC Creator\1\LWO2.cydsn\Generated_Source\PSoC4\CyLFClk.c ****     *
2636:C:\Program Files (x86)\Cypress\PSoC Creator\4.4\PSoC Creator\1\LWO2.cydsn\Generated_Source\PSoC4\CyLFClk.c ****     * \param counterNum Valid range [0-1]. The number of the DeepSleep Timer 
2637:C:\Program Files (x86)\Cypress\PSoC Creator\4.4\PSoC Creator\1\LWO2.cydsn\Generated_Source\PSoC4\CyLFClk.c ****     * counter. The match values are not supported by counter 2.
2638:C:\Program Files (x86)\Cypress\PSoC Creator\4.4\PSoC Creator\1\LWO2.cydsn\Generated_Source\PSoC4\CyLFClk.c ****     *
2639:C:\Program Files (x86)\Cypress\PSoC Creator\4.4\PSoC Creator\1\LWO2.cydsn\Generated_Source\PSoC4\CyLFClk.c ****     * \return A 16-bit match value.
2640:C:\Program Files (x86)\Cypress\PSoC Creator\4.4\PSoC Creator\1\LWO2.cydsn\Generated_Source\PSoC4\CyLFClk.c ****     *
2641:C:\Program Files (x86)\Cypress\PSoC Creator\4.4\PSoC Creator\1\LWO2.cydsn\Generated_Source\PSoC4\CyLFClk.c ****     *******************************************************************************/
2642:C:\Program Files (x86)\Cypress\PSoC Creator\4.4\PSoC Creator\1\LWO2.cydsn\Generated_Source\PSoC4\CyLFClk.c ****     uint32 CySysTimerGetMatch(uint32 counterNum)
2643:C:\Program Files (x86)\Cypress\PSoC Creator\4.4\PSoC Creator\1\LWO2.cydsn\Generated_Source\PSoC4\CyLFClk.c ****     {
2644:C:\Program Files (x86)\Cypress\PSoC Creator\4.4\PSoC Creator\1\LWO2.cydsn\Generated_Source\PSoC4\CyLFClk.c ****         CYASSERT((counterNum == CY_SYS_TIMER0) ||
2645:C:\Program Files (x86)\Cypress\PSoC Creator\4.4\PSoC Creator\1\LWO2.cydsn\Generated_Source\PSoC4\CyLFClk.c ****                  (counterNum == CY_SYS_TIMER1));
2646:C:\Program Files (x86)\Cypress\PSoC Creator\4.4\PSoC Creator\1\LWO2.cydsn\Generated_Source\PSoC4\CyLFClk.c **** 
2647:C:\Program Files (x86)\Cypress\PSoC Creator\4.4\PSoC Creator\1\LWO2.cydsn\Generated_Source\PSoC4\CyLFClk.c ****         return ((uint32)(CY_SYS_WCO_WDT_MATCH_REG >> (counterNum * CY_SYS_TIMER_CNT_MATCH_SHIFT)) &
2648:C:\Program Files (x86)\Cypress\PSoC Creator\4.4\PSoC Creator\1\LWO2.cydsn\Generated_Source\PSoC4\CyLFClk.c ****                                                                   CY_SYS_TIMER_LOWER_16BITS_MASK);
2649:C:\Program Files (x86)\Cypress\PSoC Creator\4.4\PSoC Creator\1\LWO2.cydsn\Generated_Source\PSoC4\CyLFClk.c ****     }
2650:C:\Program Files (x86)\Cypress\PSoC Creator\4.4\PSoC Creator\1\LWO2.cydsn\Generated_Source\PSoC4\CyLFClk.c **** 
2651:C:\Program Files (x86)\Cypress\PSoC Creator\4.4\PSoC Creator\1\LWO2.cydsn\Generated_Source\PSoC4\CyLFClk.c **** 
2652:C:\Program Files (x86)\Cypress\PSoC Creator\4.4\PSoC Creator\1\LWO2.cydsn\Generated_Source\PSoC4\CyLFClk.c ****     /*******************************************************************************
2653:C:\Program Files (x86)\Cypress\PSoC Creator\4.4\PSoC Creator\1\LWO2.cydsn\Generated_Source\PSoC4\CyLFClk.c ****     * Function Name: CySysTimerGetCount
2654:C:\Program Files (x86)\Cypress\PSoC Creator\4.4\PSoC Creator\1\LWO2.cydsn\Generated_Source\PSoC4\CyLFClk.c ****     ****************************************************************************//**
2655:C:\Program Files (x86)\Cypress\PSoC Creator\4.4\PSoC Creator\1\LWO2.cydsn\Generated_Source\PSoC4\CyLFClk.c ****     *
2656:C:\Program Files (x86)\Cypress\PSoC Creator\4.4\PSoC Creator\1\LWO2.cydsn\Generated_Source\PSoC4\CyLFClk.c ****     * \brief Reads the current DeepSleep Timer counter value.
2657:C:\Program Files (x86)\Cypress\PSoC Creator\4.4\PSoC Creator\1\LWO2.cydsn\Generated_Source\PSoC4\CyLFClk.c ****     *
2658:C:\Program Files (x86)\Cypress\PSoC Creator\4.4\PSoC Creator\1\LWO2.cydsn\Generated_Source\PSoC4\CyLFClk.c ****     * \param counterNum Valid range [0-2]. The number of the Timer counter.
2659:C:\Program Files (x86)\Cypress\PSoC Creator\4.4\PSoC Creator\1\LWO2.cydsn\Generated_Source\PSoC4\CyLFClk.c ****     *
2660:C:\Program Files (x86)\Cypress\PSoC Creator\4.4\PSoC Creator\1\LWO2.cydsn\Generated_Source\PSoC4\CyLFClk.c ****     * \return A live counter value. Counter 0 and Counter 1 are 16 bit counters 
2661:C:\Program Files (x86)\Cypress\PSoC Creator\4.4\PSoC Creator\1\LWO2.cydsn\Generated_Source\PSoC4\CyLFClk.c ****     * and counter 2 is a 32 bit counter.
2662:C:\Program Files (x86)\Cypress\PSoC Creator\4.4\PSoC Creator\1\LWO2.cydsn\Generated_Source\PSoC4\CyLFClk.c ****     *
2663:C:\Program Files (x86)\Cypress\PSoC Creator\4.4\PSoC Creator\1\LWO2.cydsn\Generated_Source\PSoC4\CyLFClk.c ****     *******************************************************************************/
2664:C:\Program Files (x86)\Cypress\PSoC Creator\4.4\PSoC Creator\1\LWO2.cydsn\Generated_Source\PSoC4\CyLFClk.c ****     uint32 CySysTimerGetCount(uint32 counterNum)
2665:C:\Program Files (x86)\Cypress\PSoC Creator\4.4\PSoC Creator\1\LWO2.cydsn\Generated_Source\PSoC4\CyLFClk.c ****     {
2666:C:\Program Files (x86)\Cypress\PSoC Creator\4.4\PSoC Creator\1\LWO2.cydsn\Generated_Source\PSoC4\CyLFClk.c ****         uint32 regValue = 0u;
2667:C:\Program Files (x86)\Cypress\PSoC Creator\4.4\PSoC Creator\1\LWO2.cydsn\Generated_Source\PSoC4\CyLFClk.c **** 
2668:C:\Program Files (x86)\Cypress\PSoC Creator\4.4\PSoC Creator\1\LWO2.cydsn\Generated_Source\PSoC4\CyLFClk.c ****         switch(counterNum)
2669:C:\Program Files (x86)\Cypress\PSoC Creator\4.4\PSoC Creator\1\LWO2.cydsn\Generated_Source\PSoC4\CyLFClk.c ****         {
2670:C:\Program Files (x86)\Cypress\PSoC Creator\4.4\PSoC Creator\1\LWO2.cydsn\Generated_Source\PSoC4\CyLFClk.c ****             /* Timer Counter 0 */
ARM GAS  C:\Users\taips\AppData\Local\Temp\cc8A2Ndf.s 			page 88


2671:C:\Program Files (x86)\Cypress\PSoC Creator\4.4\PSoC Creator\1\LWO2.cydsn\Generated_Source\PSoC4\CyLFClk.c ****             case 0u:
2672:C:\Program Files (x86)\Cypress\PSoC Creator\4.4\PSoC Creator\1\LWO2.cydsn\Generated_Source\PSoC4\CyLFClk.c ****                 regValue = CY_SYS_WCO_WDT_CTRLOW_REG & CY_SYS_TIMER_LOWER_16BITS_MASK;
2673:C:\Program Files (x86)\Cypress\PSoC Creator\4.4\PSoC Creator\1\LWO2.cydsn\Generated_Source\PSoC4\CyLFClk.c ****             break;
2674:C:\Program Files (x86)\Cypress\PSoC Creator\4.4\PSoC Creator\1\LWO2.cydsn\Generated_Source\PSoC4\CyLFClk.c **** 
2675:C:\Program Files (x86)\Cypress\PSoC Creator\4.4\PSoC Creator\1\LWO2.cydsn\Generated_Source\PSoC4\CyLFClk.c ****             /* Timer Counter 1 */
2676:C:\Program Files (x86)\Cypress\PSoC Creator\4.4\PSoC Creator\1\LWO2.cydsn\Generated_Source\PSoC4\CyLFClk.c ****             case 1u:
2677:C:\Program Files (x86)\Cypress\PSoC Creator\4.4\PSoC Creator\1\LWO2.cydsn\Generated_Source\PSoC4\CyLFClk.c ****                 regValue = (CY_SYS_WCO_WDT_CTRLOW_REG >> CY_SYS_TIMER_CNT_MATCH_SHIFT) & CY_SYS_TIM
2678:C:\Program Files (x86)\Cypress\PSoC Creator\4.4\PSoC Creator\1\LWO2.cydsn\Generated_Source\PSoC4\CyLFClk.c ****             break;
2679:C:\Program Files (x86)\Cypress\PSoC Creator\4.4\PSoC Creator\1\LWO2.cydsn\Generated_Source\PSoC4\CyLFClk.c **** 
2680:C:\Program Files (x86)\Cypress\PSoC Creator\4.4\PSoC Creator\1\LWO2.cydsn\Generated_Source\PSoC4\CyLFClk.c ****             /* Timer Counter 2 */
2681:C:\Program Files (x86)\Cypress\PSoC Creator\4.4\PSoC Creator\1\LWO2.cydsn\Generated_Source\PSoC4\CyLFClk.c ****             case 2u:
2682:C:\Program Files (x86)\Cypress\PSoC Creator\4.4\PSoC Creator\1\LWO2.cydsn\Generated_Source\PSoC4\CyLFClk.c ****                 regValue = CY_SYS_WCO_WDT_CTRHIGH_REG;
2683:C:\Program Files (x86)\Cypress\PSoC Creator\4.4\PSoC Creator\1\LWO2.cydsn\Generated_Source\PSoC4\CyLFClk.c ****             break;
2684:C:\Program Files (x86)\Cypress\PSoC Creator\4.4\PSoC Creator\1\LWO2.cydsn\Generated_Source\PSoC4\CyLFClk.c **** 
2685:C:\Program Files (x86)\Cypress\PSoC Creator\4.4\PSoC Creator\1\LWO2.cydsn\Generated_Source\PSoC4\CyLFClk.c ****             default:
2686:C:\Program Files (x86)\Cypress\PSoC Creator\4.4\PSoC Creator\1\LWO2.cydsn\Generated_Source\PSoC4\CyLFClk.c ****                 CYASSERT(0u != 0u);
2687:C:\Program Files (x86)\Cypress\PSoC Creator\4.4\PSoC Creator\1\LWO2.cydsn\Generated_Source\PSoC4\CyLFClk.c ****             break;
2688:C:\Program Files (x86)\Cypress\PSoC Creator\4.4\PSoC Creator\1\LWO2.cydsn\Generated_Source\PSoC4\CyLFClk.c ****         }
2689:C:\Program Files (x86)\Cypress\PSoC Creator\4.4\PSoC Creator\1\LWO2.cydsn\Generated_Source\PSoC4\CyLFClk.c **** 
2690:C:\Program Files (x86)\Cypress\PSoC Creator\4.4\PSoC Creator\1\LWO2.cydsn\Generated_Source\PSoC4\CyLFClk.c ****         return (regValue);
2691:C:\Program Files (x86)\Cypress\PSoC Creator\4.4\PSoC Creator\1\LWO2.cydsn\Generated_Source\PSoC4\CyLFClk.c ****     }
2692:C:\Program Files (x86)\Cypress\PSoC Creator\4.4\PSoC Creator\1\LWO2.cydsn\Generated_Source\PSoC4\CyLFClk.c **** 
2693:C:\Program Files (x86)\Cypress\PSoC Creator\4.4\PSoC Creator\1\LWO2.cydsn\Generated_Source\PSoC4\CyLFClk.c **** 
2694:C:\Program Files (x86)\Cypress\PSoC Creator\4.4\PSoC Creator\1\LWO2.cydsn\Generated_Source\PSoC4\CyLFClk.c ****     /*******************************************************************************
2695:C:\Program Files (x86)\Cypress\PSoC Creator\4.4\PSoC Creator\1\LWO2.cydsn\Generated_Source\PSoC4\CyLFClk.c ****     * Function Name: CySysTimerGetInterruptSource
2696:C:\Program Files (x86)\Cypress\PSoC Creator\4.4\PSoC Creator\1\LWO2.cydsn\Generated_Source\PSoC4\CyLFClk.c ****     ****************************************************************************//**
2697:C:\Program Files (x86)\Cypress\PSoC Creator\4.4\PSoC Creator\1\LWO2.cydsn\Generated_Source\PSoC4\CyLFClk.c ****     *
2698:C:\Program Files (x86)\Cypress\PSoC Creator\4.4\PSoC Creator\1\LWO2.cydsn\Generated_Source\PSoC4\CyLFClk.c ****     * \brief
2699:C:\Program Files (x86)\Cypress\PSoC Creator\4.4\PSoC Creator\1\LWO2.cydsn\Generated_Source\PSoC4\CyLFClk.c ****     * Reads a mask containing all the DeepSleep Timer counters interrupts that are 
2700:C:\Program Files (x86)\Cypress\PSoC Creator\4.4\PSoC Creator\1\LWO2.cydsn\Generated_Source\PSoC4\CyLFClk.c ****     * currently set by the hardware, if a corresponding mode is selected.
2701:C:\Program Files (x86)\Cypress\PSoC Creator\4.4\PSoC Creator\1\LWO2.cydsn\Generated_Source\PSoC4\CyLFClk.c ****     *
2702:C:\Program Files (x86)\Cypress\PSoC Creator\4.4\PSoC Creator\1\LWO2.cydsn\Generated_Source\PSoC4\CyLFClk.c ****     * \return The mask of interrupts set
2703:C:\Program Files (x86)\Cypress\PSoC Creator\4.4\PSoC Creator\1\LWO2.cydsn\Generated_Source\PSoC4\CyLFClk.c ****     * \return CY_SYS_TIMER0_INT - Set interrupt for Counter 0
2704:C:\Program Files (x86)\Cypress\PSoC Creator\4.4\PSoC Creator\1\LWO2.cydsn\Generated_Source\PSoC4\CyLFClk.c ****     * \return CY_SYS_TIMER1_INT - Set interrupt for Counter 1
2705:C:\Program Files (x86)\Cypress\PSoC Creator\4.4\PSoC Creator\1\LWO2.cydsn\Generated_Source\PSoC4\CyLFClk.c ****     * \return CY_SYS_TIMER2_INT - Set interrupt for Counter 2
2706:C:\Program Files (x86)\Cypress\PSoC Creator\4.4\PSoC Creator\1\LWO2.cydsn\Generated_Source\PSoC4\CyLFClk.c ****     *
2707:C:\Program Files (x86)\Cypress\PSoC Creator\4.4\PSoC Creator\1\LWO2.cydsn\Generated_Source\PSoC4\CyLFClk.c ****     *******************************************************************************/
2708:C:\Program Files (x86)\Cypress\PSoC Creator\4.4\PSoC Creator\1\LWO2.cydsn\Generated_Source\PSoC4\CyLFClk.c ****     uint32 CySysTimerGetInterruptSource(void)
2709:C:\Program Files (x86)\Cypress\PSoC Creator\4.4\PSoC Creator\1\LWO2.cydsn\Generated_Source\PSoC4\CyLFClk.c ****     {
2710:C:\Program Files (x86)\Cypress\PSoC Creator\4.4\PSoC Creator\1\LWO2.cydsn\Generated_Source\PSoC4\CyLFClk.c ****         return (CY_SYS_WCO_WDT_CONTROL_REG & (CY_SYS_TIMER0_INT | CY_SYS_TIMER1_INT | CY_SYS_TIMER2
2711:C:\Program Files (x86)\Cypress\PSoC Creator\4.4\PSoC Creator\1\LWO2.cydsn\Generated_Source\PSoC4\CyLFClk.c ****     }
2712:C:\Program Files (x86)\Cypress\PSoC Creator\4.4\PSoC Creator\1\LWO2.cydsn\Generated_Source\PSoC4\CyLFClk.c **** 
2713:C:\Program Files (x86)\Cypress\PSoC Creator\4.4\PSoC Creator\1\LWO2.cydsn\Generated_Source\PSoC4\CyLFClk.c **** 
2714:C:\Program Files (x86)\Cypress\PSoC Creator\4.4\PSoC Creator\1\LWO2.cydsn\Generated_Source\PSoC4\CyLFClk.c ****     /*******************************************************************************
2715:C:\Program Files (x86)\Cypress\PSoC Creator\4.4\PSoC Creator\1\LWO2.cydsn\Generated_Source\PSoC4\CyLFClk.c ****     * Function Name: CySysTimerClearInterrupt
2716:C:\Program Files (x86)\Cypress\PSoC Creator\4.4\PSoC Creator\1\LWO2.cydsn\Generated_Source\PSoC4\CyLFClk.c ****     ****************************************************************************//**
2717:C:\Program Files (x86)\Cypress\PSoC Creator\4.4\PSoC Creator\1\LWO2.cydsn\Generated_Source\PSoC4\CyLFClk.c ****     *
2718:C:\Program Files (x86)\Cypress\PSoC Creator\4.4\PSoC Creator\1\LWO2.cydsn\Generated_Source\PSoC4\CyLFClk.c ****     * \brief Clears all the DeepSleep Timer counter interrupts set in the mask.
2719:C:\Program Files (x86)\Cypress\PSoC Creator\4.4\PSoC Creator\1\LWO2.cydsn\Generated_Source\PSoC4\CyLFClk.c ****     *
2720:C:\Program Files (x86)\Cypress\PSoC Creator\4.4\PSoC Creator\1\LWO2.cydsn\Generated_Source\PSoC4\CyLFClk.c ****     * All the Timer interrupts are to be cleared by the firmware, otherwise
2721:C:\Program Files (x86)\Cypress\PSoC Creator\4.4\PSoC Creator\1\LWO2.cydsn\Generated_Source\PSoC4\CyLFClk.c ****     * interrupts are generated continuously.
2722:C:\Program Files (x86)\Cypress\PSoC Creator\4.4\PSoC Creator\1\LWO2.cydsn\Generated_Source\PSoC4\CyLFClk.c ****     *
2723:C:\Program Files (x86)\Cypress\PSoC Creator\4.4\PSoC Creator\1\LWO2.cydsn\Generated_Source\PSoC4\CyLFClk.c ****     * \param counterMask
2724:C:\Program Files (x86)\Cypress\PSoC Creator\4.4\PSoC Creator\1\LWO2.cydsn\Generated_Source\PSoC4\CyLFClk.c ****     *  CY_SYS_TIMER0_INT - Clear counter 0<br>
2725:C:\Program Files (x86)\Cypress\PSoC Creator\4.4\PSoC Creator\1\LWO2.cydsn\Generated_Source\PSoC4\CyLFClk.c ****     * CY_SYS_TIMER1_INT - Clear counter 1<br>
2726:C:\Program Files (x86)\Cypress\PSoC Creator\4.4\PSoC Creator\1\LWO2.cydsn\Generated_Source\PSoC4\CyLFClk.c ****     * CY_SYS_TIMER2_INT - Clear counter 2
2727:C:\Program Files (x86)\Cypress\PSoC Creator\4.4\PSoC Creator\1\LWO2.cydsn\Generated_Source\PSoC4\CyLFClk.c ****     *
ARM GAS  C:\Users\taips\AppData\Local\Temp\cc8A2Ndf.s 			page 89


2728:C:\Program Files (x86)\Cypress\PSoC Creator\4.4\PSoC Creator\1\LWO2.cydsn\Generated_Source\PSoC4\CyLFClk.c ****     *******************************************************************************/
2729:C:\Program Files (x86)\Cypress\PSoC Creator\4.4\PSoC Creator\1\LWO2.cydsn\Generated_Source\PSoC4\CyLFClk.c ****     void CySysTimerClearInterrupt(uint32 counterMask)
2730:C:\Program Files (x86)\Cypress\PSoC Creator\4.4\PSoC Creator\1\LWO2.cydsn\Generated_Source\PSoC4\CyLFClk.c ****     {
2731:C:\Program Files (x86)\Cypress\PSoC Creator\4.4\PSoC Creator\1\LWO2.cydsn\Generated_Source\PSoC4\CyLFClk.c ****         uint8 interruptState;
2732:C:\Program Files (x86)\Cypress\PSoC Creator\4.4\PSoC Creator\1\LWO2.cydsn\Generated_Source\PSoC4\CyLFClk.c ****         interruptState = CyEnterCriticalSection();
2733:C:\Program Files (x86)\Cypress\PSoC Creator\4.4\PSoC Creator\1\LWO2.cydsn\Generated_Source\PSoC4\CyLFClk.c **** 
2734:C:\Program Files (x86)\Cypress\PSoC Creator\4.4\PSoC Creator\1\LWO2.cydsn\Generated_Source\PSoC4\CyLFClk.c ****         /* Set new WCO_TIMER control register value */
2735:C:\Program Files (x86)\Cypress\PSoC Creator\4.4\PSoC Creator\1\LWO2.cydsn\Generated_Source\PSoC4\CyLFClk.c ****         counterMask &= (CY_SYS_TIMER0_INT |
2736:C:\Program Files (x86)\Cypress\PSoC Creator\4.4\PSoC Creator\1\LWO2.cydsn\Generated_Source\PSoC4\CyLFClk.c ****                         CY_SYS_TIMER1_INT |
2737:C:\Program Files (x86)\Cypress\PSoC Creator\4.4\PSoC Creator\1\LWO2.cydsn\Generated_Source\PSoC4\CyLFClk.c ****                         CY_SYS_TIMER2_INT);
2738:C:\Program Files (x86)\Cypress\PSoC Creator\4.4\PSoC Creator\1\LWO2.cydsn\Generated_Source\PSoC4\CyLFClk.c **** 
2739:C:\Program Files (x86)\Cypress\PSoC Creator\4.4\PSoC Creator\1\LWO2.cydsn\Generated_Source\PSoC4\CyLFClk.c ****         CY_SYS_WCO_WDT_CONTROL_REG = counterMask | (CY_SYS_WCO_WDT_CONTROL_REG & ~(CY_SYS_TIMER0_IN
2740:C:\Program Files (x86)\Cypress\PSoC Creator\4.4\PSoC Creator\1\LWO2.cydsn\Generated_Source\PSoC4\CyLFClk.c ****                                                                            CY_SYS_TIMER1_INT |
2741:C:\Program Files (x86)\Cypress\PSoC Creator\4.4\PSoC Creator\1\LWO2.cydsn\Generated_Source\PSoC4\CyLFClk.c ****                                                                            CY_SYS_TIMER2_INT));
2742:C:\Program Files (x86)\Cypress\PSoC Creator\4.4\PSoC Creator\1\LWO2.cydsn\Generated_Source\PSoC4\CyLFClk.c **** 
2743:C:\Program Files (x86)\Cypress\PSoC Creator\4.4\PSoC Creator\1\LWO2.cydsn\Generated_Source\PSoC4\CyLFClk.c ****         /* Read the CY_SYS_WDT_CONTROL_REG to clear the interrupt request.
2744:C:\Program Files (x86)\Cypress\PSoC Creator\4.4\PSoC Creator\1\LWO2.cydsn\Generated_Source\PSoC4\CyLFClk.c ****          * Cypress ID #207093, #206231
2745:C:\Program Files (x86)\Cypress\PSoC Creator\4.4\PSoC Creator\1\LWO2.cydsn\Generated_Source\PSoC4\CyLFClk.c ****         */
2746:C:\Program Files (x86)\Cypress\PSoC Creator\4.4\PSoC Creator\1\LWO2.cydsn\Generated_Source\PSoC4\CyLFClk.c ****         (void)CY_SYS_WCO_WDT_CONTROL_REG;
2747:C:\Program Files (x86)\Cypress\PSoC Creator\4.4\PSoC Creator\1\LWO2.cydsn\Generated_Source\PSoC4\CyLFClk.c **** 
2748:C:\Program Files (x86)\Cypress\PSoC Creator\4.4\PSoC Creator\1\LWO2.cydsn\Generated_Source\PSoC4\CyLFClk.c ****         CyExitCriticalSection(interruptState);
2749:C:\Program Files (x86)\Cypress\PSoC Creator\4.4\PSoC Creator\1\LWO2.cydsn\Generated_Source\PSoC4\CyLFClk.c ****     }
2750:C:\Program Files (x86)\Cypress\PSoC Creator\4.4\PSoC Creator\1\LWO2.cydsn\Generated_Source\PSoC4\CyLFClk.c **** 
2751:C:\Program Files (x86)\Cypress\PSoC Creator\4.4\PSoC Creator\1\LWO2.cydsn\Generated_Source\PSoC4\CyLFClk.c **** 
2752:C:\Program Files (x86)\Cypress\PSoC Creator\4.4\PSoC Creator\1\LWO2.cydsn\Generated_Source\PSoC4\CyLFClk.c ****     /*******************************************************************************
2753:C:\Program Files (x86)\Cypress\PSoC Creator\4.4\PSoC Creator\1\LWO2.cydsn\Generated_Source\PSoC4\CyLFClk.c ****     * Function Name: CySysTimerSetInterruptCallback
2754:C:\Program Files (x86)\Cypress\PSoC Creator\4.4\PSoC Creator\1\LWO2.cydsn\Generated_Source\PSoC4\CyLFClk.c ****     ****************************************************************************//**
2755:C:\Program Files (x86)\Cypress\PSoC Creator\4.4\PSoC Creator\1\LWO2.cydsn\Generated_Source\PSoC4\CyLFClk.c ****     *
2756:C:\Program Files (x86)\Cypress\PSoC Creator\4.4\PSoC Creator\1\LWO2.cydsn\Generated_Source\PSoC4\CyLFClk.c ****     * \brief
2757:C:\Program Files (x86)\Cypress\PSoC Creator\4.4\PSoC Creator\1\LWO2.cydsn\Generated_Source\PSoC4\CyLFClk.c ****     * Sets the ISR callback function for the particular DeepSleep Timer counter.
2758:C:\Program Files (x86)\Cypress\PSoC Creator\4.4\PSoC Creator\1\LWO2.cydsn\Generated_Source\PSoC4\CyLFClk.c ****     *
2759:C:\Program Files (x86)\Cypress\PSoC Creator\4.4\PSoC Creator\1\LWO2.cydsn\Generated_Source\PSoC4\CyLFClk.c ****     * These functions are called on the Timer interrupt.
2760:C:\Program Files (x86)\Cypress\PSoC Creator\4.4\PSoC Creator\1\LWO2.cydsn\Generated_Source\PSoC4\CyLFClk.c ****     *
2761:C:\Program Files (x86)\Cypress\PSoC Creator\4.4\PSoC Creator\1\LWO2.cydsn\Generated_Source\PSoC4\CyLFClk.c ****     * \param counterNum The number of the Timer counter.
2762:C:\Program Files (x86)\Cypress\PSoC Creator\4.4\PSoC Creator\1\LWO2.cydsn\Generated_Source\PSoC4\CyLFClk.c ****     * \param function The pointer to the callback function.
2763:C:\Program Files (x86)\Cypress\PSoC Creator\4.4\PSoC Creator\1\LWO2.cydsn\Generated_Source\PSoC4\CyLFClk.c ****     *
2764:C:\Program Files (x86)\Cypress\PSoC Creator\4.4\PSoC Creator\1\LWO2.cydsn\Generated_Source\PSoC4\CyLFClk.c ****     * \return  The pointer to the previous callback function. 
2765:C:\Program Files (x86)\Cypress\PSoC Creator\4.4\PSoC Creator\1\LWO2.cydsn\Generated_Source\PSoC4\CyLFClk.c ****     * \return NULL is returned if the specified address is not set.
2766:C:\Program Files (x86)\Cypress\PSoC Creator\4.4\PSoC Creator\1\LWO2.cydsn\Generated_Source\PSoC4\CyLFClk.c ****     *
2767:C:\Program Files (x86)\Cypress\PSoC Creator\4.4\PSoC Creator\1\LWO2.cydsn\Generated_Source\PSoC4\CyLFClk.c ****     *******************************************************************************/
2768:C:\Program Files (x86)\Cypress\PSoC Creator\4.4\PSoC Creator\1\LWO2.cydsn\Generated_Source\PSoC4\CyLFClk.c ****     cyTimerCallback CySysTimerSetInterruptCallback(uint32 counterNum, cyTimerCallback function)
2769:C:\Program Files (x86)\Cypress\PSoC Creator\4.4\PSoC Creator\1\LWO2.cydsn\Generated_Source\PSoC4\CyLFClk.c ****     {
2770:C:\Program Files (x86)\Cypress\PSoC Creator\4.4\PSoC Creator\1\LWO2.cydsn\Generated_Source\PSoC4\CyLFClk.c ****         cyTimerCallback prevCallback = (void *)0;
2771:C:\Program Files (x86)\Cypress\PSoC Creator\4.4\PSoC Creator\1\LWO2.cydsn\Generated_Source\PSoC4\CyLFClk.c **** 
2772:C:\Program Files (x86)\Cypress\PSoC Creator\4.4\PSoC Creator\1\LWO2.cydsn\Generated_Source\PSoC4\CyLFClk.c ****         if(counterNum < CY_SYS_NUM_OF_TIMERS)
2773:C:\Program Files (x86)\Cypress\PSoC Creator\4.4\PSoC Creator\1\LWO2.cydsn\Generated_Source\PSoC4\CyLFClk.c ****         {
2774:C:\Program Files (x86)\Cypress\PSoC Creator\4.4\PSoC Creator\1\LWO2.cydsn\Generated_Source\PSoC4\CyLFClk.c ****             prevCallback = cySysTimerCallback[counterNum];
2775:C:\Program Files (x86)\Cypress\PSoC Creator\4.4\PSoC Creator\1\LWO2.cydsn\Generated_Source\PSoC4\CyLFClk.c ****             cySysTimerCallback[counterNum] = function;
2776:C:\Program Files (x86)\Cypress\PSoC Creator\4.4\PSoC Creator\1\LWO2.cydsn\Generated_Source\PSoC4\CyLFClk.c ****         }
2777:C:\Program Files (x86)\Cypress\PSoC Creator\4.4\PSoC Creator\1\LWO2.cydsn\Generated_Source\PSoC4\CyLFClk.c ****         else
2778:C:\Program Files (x86)\Cypress\PSoC Creator\4.4\PSoC Creator\1\LWO2.cydsn\Generated_Source\PSoC4\CyLFClk.c ****         {
2779:C:\Program Files (x86)\Cypress\PSoC Creator\4.4\PSoC Creator\1\LWO2.cydsn\Generated_Source\PSoC4\CyLFClk.c ****             CYASSERT(0u != 0u);
2780:C:\Program Files (x86)\Cypress\PSoC Creator\4.4\PSoC Creator\1\LWO2.cydsn\Generated_Source\PSoC4\CyLFClk.c ****         }
2781:C:\Program Files (x86)\Cypress\PSoC Creator\4.4\PSoC Creator\1\LWO2.cydsn\Generated_Source\PSoC4\CyLFClk.c **** 
2782:C:\Program Files (x86)\Cypress\PSoC Creator\4.4\PSoC Creator\1\LWO2.cydsn\Generated_Source\PSoC4\CyLFClk.c ****         return((cyTimerCallback)prevCallback);
2783:C:\Program Files (x86)\Cypress\PSoC Creator\4.4\PSoC Creator\1\LWO2.cydsn\Generated_Source\PSoC4\CyLFClk.c ****     }
2784:C:\Program Files (x86)\Cypress\PSoC Creator\4.4\PSoC Creator\1\LWO2.cydsn\Generated_Source\PSoC4\CyLFClk.c **** 
ARM GAS  C:\Users\taips\AppData\Local\Temp\cc8A2Ndf.s 			page 90


2785:C:\Program Files (x86)\Cypress\PSoC Creator\4.4\PSoC Creator\1\LWO2.cydsn\Generated_Source\PSoC4\CyLFClk.c **** 
2786:C:\Program Files (x86)\Cypress\PSoC Creator\4.4\PSoC Creator\1\LWO2.cydsn\Generated_Source\PSoC4\CyLFClk.c ****     /*******************************************************************************
2787:C:\Program Files (x86)\Cypress\PSoC Creator\4.4\PSoC Creator\1\LWO2.cydsn\Generated_Source\PSoC4\CyLFClk.c ****     * Function Name: CySysTimerGetInterruptCallback
2788:C:\Program Files (x86)\Cypress\PSoC Creator\4.4\PSoC Creator\1\LWO2.cydsn\Generated_Source\PSoC4\CyLFClk.c ****     ****************************************************************************//**
2789:C:\Program Files (x86)\Cypress\PSoC Creator\4.4\PSoC Creator\1\LWO2.cydsn\Generated_Source\PSoC4\CyLFClk.c ****     *
2790:C:\Program Files (x86)\Cypress\PSoC Creator\4.4\PSoC Creator\1\LWO2.cydsn\Generated_Source\PSoC4\CyLFClk.c ****     * \brief Gets the ISR callback function for the particular DeepSleep Timer 
2791:C:\Program Files (x86)\Cypress\PSoC Creator\4.4\PSoC Creator\1\LWO2.cydsn\Generated_Source\PSoC4\CyLFClk.c ****     * counter.
2792:C:\Program Files (x86)\Cypress\PSoC Creator\4.4\PSoC Creator\1\LWO2.cydsn\Generated_Source\PSoC4\CyLFClk.c ****     *
2793:C:\Program Files (x86)\Cypress\PSoC Creator\4.4\PSoC Creator\1\LWO2.cydsn\Generated_Source\PSoC4\CyLFClk.c ****     * \param counterNum The number of the Timer counter.
2794:C:\Program Files (x86)\Cypress\PSoC Creator\4.4\PSoC Creator\1\LWO2.cydsn\Generated_Source\PSoC4\CyLFClk.c ****     *
2795:C:\Program Files (x86)\Cypress\PSoC Creator\4.4\PSoC Creator\1\LWO2.cydsn\Generated_Source\PSoC4\CyLFClk.c ****     * \return
2796:C:\Program Files (x86)\Cypress\PSoC Creator\4.4\PSoC Creator\1\LWO2.cydsn\Generated_Source\PSoC4\CyLFClk.c ****     * The pointer to the callback function registered for a particular Timer by
2797:C:\Program Files (x86)\Cypress\PSoC Creator\4.4\PSoC Creator\1\LWO2.cydsn\Generated_Source\PSoC4\CyLFClk.c ****     * a particular address that are passed through arguments.
2798:C:\Program Files (x86)\Cypress\PSoC Creator\4.4\PSoC Creator\1\LWO2.cydsn\Generated_Source\PSoC4\CyLFClk.c ****     *
2799:C:\Program Files (x86)\Cypress\PSoC Creator\4.4\PSoC Creator\1\LWO2.cydsn\Generated_Source\PSoC4\CyLFClk.c ****     *******************************************************************************/
2800:C:\Program Files (x86)\Cypress\PSoC Creator\4.4\PSoC Creator\1\LWO2.cydsn\Generated_Source\PSoC4\CyLFClk.c ****     cyTimerCallback CySysTimerGetInterruptCallback(uint32 counterNum)
2801:C:\Program Files (x86)\Cypress\PSoC Creator\4.4\PSoC Creator\1\LWO2.cydsn\Generated_Source\PSoC4\CyLFClk.c ****     {
2802:C:\Program Files (x86)\Cypress\PSoC Creator\4.4\PSoC Creator\1\LWO2.cydsn\Generated_Source\PSoC4\CyLFClk.c ****         cyTimerCallback retCallback = (void *)0;
2803:C:\Program Files (x86)\Cypress\PSoC Creator\4.4\PSoC Creator\1\LWO2.cydsn\Generated_Source\PSoC4\CyLFClk.c **** 
2804:C:\Program Files (x86)\Cypress\PSoC Creator\4.4\PSoC Creator\1\LWO2.cydsn\Generated_Source\PSoC4\CyLFClk.c ****         if(counterNum < CY_SYS_NUM_OF_TIMERS)
2805:C:\Program Files (x86)\Cypress\PSoC Creator\4.4\PSoC Creator\1\LWO2.cydsn\Generated_Source\PSoC4\CyLFClk.c ****         {
2806:C:\Program Files (x86)\Cypress\PSoC Creator\4.4\PSoC Creator\1\LWO2.cydsn\Generated_Source\PSoC4\CyLFClk.c ****             retCallback = (cyTimerCallback)cySysTimerCallback[counterNum];
2807:C:\Program Files (x86)\Cypress\PSoC Creator\4.4\PSoC Creator\1\LWO2.cydsn\Generated_Source\PSoC4\CyLFClk.c ****         }
2808:C:\Program Files (x86)\Cypress\PSoC Creator\4.4\PSoC Creator\1\LWO2.cydsn\Generated_Source\PSoC4\CyLFClk.c ****         else
2809:C:\Program Files (x86)\Cypress\PSoC Creator\4.4\PSoC Creator\1\LWO2.cydsn\Generated_Source\PSoC4\CyLFClk.c ****         {
2810:C:\Program Files (x86)\Cypress\PSoC Creator\4.4\PSoC Creator\1\LWO2.cydsn\Generated_Source\PSoC4\CyLFClk.c ****             CYASSERT(0u != 0u);
2811:C:\Program Files (x86)\Cypress\PSoC Creator\4.4\PSoC Creator\1\LWO2.cydsn\Generated_Source\PSoC4\CyLFClk.c ****         }
2812:C:\Program Files (x86)\Cypress\PSoC Creator\4.4\PSoC Creator\1\LWO2.cydsn\Generated_Source\PSoC4\CyLFClk.c **** 
2813:C:\Program Files (x86)\Cypress\PSoC Creator\4.4\PSoC Creator\1\LWO2.cydsn\Generated_Source\PSoC4\CyLFClk.c ****         return(retCallback);
2814:C:\Program Files (x86)\Cypress\PSoC Creator\4.4\PSoC Creator\1\LWO2.cydsn\Generated_Source\PSoC4\CyLFClk.c ****     }
2815:C:\Program Files (x86)\Cypress\PSoC Creator\4.4\PSoC Creator\1\LWO2.cydsn\Generated_Source\PSoC4\CyLFClk.c **** 
2816:C:\Program Files (x86)\Cypress\PSoC Creator\4.4\PSoC Creator\1\LWO2.cydsn\Generated_Source\PSoC4\CyLFClk.c **** 
2817:C:\Program Files (x86)\Cypress\PSoC Creator\4.4\PSoC Creator\1\LWO2.cydsn\Generated_Source\PSoC4\CyLFClk.c ****     /*******************************************************************************
2818:C:\Program Files (x86)\Cypress\PSoC Creator\4.4\PSoC Creator\1\LWO2.cydsn\Generated_Source\PSoC4\CyLFClk.c ****     * Function Name: CySysTimerEnableIsr
2819:C:\Program Files (x86)\Cypress\PSoC Creator\4.4\PSoC Creator\1\LWO2.cydsn\Generated_Source\PSoC4\CyLFClk.c ****     ****************************************************************************//**
2820:C:\Program Files (x86)\Cypress\PSoC Creator\4.4\PSoC Creator\1\LWO2.cydsn\Generated_Source\PSoC4\CyLFClk.c ****     *
2821:C:\Program Files (x86)\Cypress\PSoC Creator\4.4\PSoC Creator\1\LWO2.cydsn\Generated_Source\PSoC4\CyLFClk.c ****     * \brief Enables the ISR callback servicing for the particular Timer counter
2822:C:\Program Files (x86)\Cypress\PSoC Creator\4.4\PSoC Creator\1\LWO2.cydsn\Generated_Source\PSoC4\CyLFClk.c ****     *
2823:C:\Program Files (x86)\Cypress\PSoC Creator\4.4\PSoC Creator\1\LWO2.cydsn\Generated_Source\PSoC4\CyLFClk.c ****     * \param counterNum Valid range [0-2]. The number of the Timer counter.
2824:C:\Program Files (x86)\Cypress\PSoC Creator\4.4\PSoC Creator\1\LWO2.cydsn\Generated_Source\PSoC4\CyLFClk.c ****     *
2825:C:\Program Files (x86)\Cypress\PSoC Creator\4.4\PSoC Creator\1\LWO2.cydsn\Generated_Source\PSoC4\CyLFClk.c ****     * Value corresponds to appropriate Timer counter. For example value 1 
2826:C:\Program Files (x86)\Cypress\PSoC Creator\4.4\PSoC Creator\1\LWO2.cydsn\Generated_Source\PSoC4\CyLFClk.c ****     * corresponds to second Timer counter.
2827:C:\Program Files (x86)\Cypress\PSoC Creator\4.4\PSoC Creator\1\LWO2.cydsn\Generated_Source\PSoC4\CyLFClk.c ****     *
2828:C:\Program Files (x86)\Cypress\PSoC Creator\4.4\PSoC Creator\1\LWO2.cydsn\Generated_Source\PSoC4\CyLFClk.c ****     *******************************************************************************/
2829:C:\Program Files (x86)\Cypress\PSoC Creator\4.4\PSoC Creator\1\LWO2.cydsn\Generated_Source\PSoC4\CyLFClk.c ****     void CySysTimerEnableIsr(uint32 counterNum)
2830:C:\Program Files (x86)\Cypress\PSoC Creator\4.4\PSoC Creator\1\LWO2.cydsn\Generated_Source\PSoC4\CyLFClk.c ****     {
2831:C:\Program Files (x86)\Cypress\PSoC Creator\4.4\PSoC Creator\1\LWO2.cydsn\Generated_Source\PSoC4\CyLFClk.c ****         if(counterNum <= CY_SYS_TIMER2)
2832:C:\Program Files (x86)\Cypress\PSoC Creator\4.4\PSoC Creator\1\LWO2.cydsn\Generated_Source\PSoC4\CyLFClk.c ****         {
2833:C:\Program Files (x86)\Cypress\PSoC Creator\4.4\PSoC Creator\1\LWO2.cydsn\Generated_Source\PSoC4\CyLFClk.c ****             disableTimerServicedIsr &= ~counterTimerIntMaskTbl[counterNum];
2834:C:\Program Files (x86)\Cypress\PSoC Creator\4.4\PSoC Creator\1\LWO2.cydsn\Generated_Source\PSoC4\CyLFClk.c ****             timerIsrMask |= counterTimerIntMaskTbl[counterNum];
2835:C:\Program Files (x86)\Cypress\PSoC Creator\4.4\PSoC Creator\1\LWO2.cydsn\Generated_Source\PSoC4\CyLFClk.c ****         }
2836:C:\Program Files (x86)\Cypress\PSoC Creator\4.4\PSoC Creator\1\LWO2.cydsn\Generated_Source\PSoC4\CyLFClk.c ****         else
2837:C:\Program Files (x86)\Cypress\PSoC Creator\4.4\PSoC Creator\1\LWO2.cydsn\Generated_Source\PSoC4\CyLFClk.c ****         {
2838:C:\Program Files (x86)\Cypress\PSoC Creator\4.4\PSoC Creator\1\LWO2.cydsn\Generated_Source\PSoC4\CyLFClk.c ****             CYASSERT(0u != 0u);
2839:C:\Program Files (x86)\Cypress\PSoC Creator\4.4\PSoC Creator\1\LWO2.cydsn\Generated_Source\PSoC4\CyLFClk.c ****         }
2840:C:\Program Files (x86)\Cypress\PSoC Creator\4.4\PSoC Creator\1\LWO2.cydsn\Generated_Source\PSoC4\CyLFClk.c ****     }
2841:C:\Program Files (x86)\Cypress\PSoC Creator\4.4\PSoC Creator\1\LWO2.cydsn\Generated_Source\PSoC4\CyLFClk.c **** 
ARM GAS  C:\Users\taips\AppData\Local\Temp\cc8A2Ndf.s 			page 91


2842:C:\Program Files (x86)\Cypress\PSoC Creator\4.4\PSoC Creator\1\LWO2.cydsn\Generated_Source\PSoC4\CyLFClk.c **** 
2843:C:\Program Files (x86)\Cypress\PSoC Creator\4.4\PSoC Creator\1\LWO2.cydsn\Generated_Source\PSoC4\CyLFClk.c ****     /*******************************************************************************
2844:C:\Program Files (x86)\Cypress\PSoC Creator\4.4\PSoC Creator\1\LWO2.cydsn\Generated_Source\PSoC4\CyLFClk.c ****     * Function Name: CySysTimerDisableIsr
2845:C:\Program Files (x86)\Cypress\PSoC Creator\4.4\PSoC Creator\1\LWO2.cydsn\Generated_Source\PSoC4\CyLFClk.c ****     ****************************************************************************//**
2846:C:\Program Files (x86)\Cypress\PSoC Creator\4.4\PSoC Creator\1\LWO2.cydsn\Generated_Source\PSoC4\CyLFClk.c ****     *
2847:C:\Program Files (x86)\Cypress\PSoC Creator\4.4\PSoC Creator\1\LWO2.cydsn\Generated_Source\PSoC4\CyLFClk.c ****     * \brief Disables the ISR callback servicing for the particular Timer counter
2848:C:\Program Files (x86)\Cypress\PSoC Creator\4.4\PSoC Creator\1\LWO2.cydsn\Generated_Source\PSoC4\CyLFClk.c ****     *
2849:C:\Program Files (x86)\Cypress\PSoC Creator\4.4\PSoC Creator\1\LWO2.cydsn\Generated_Source\PSoC4\CyLFClk.c ****     * \param counterNum Valid range [0-2]. The number of the Timer counter.
2850:C:\Program Files (x86)\Cypress\PSoC Creator\4.4\PSoC Creator\1\LWO2.cydsn\Generated_Source\PSoC4\CyLFClk.c ****     *
2851:C:\Program Files (x86)\Cypress\PSoC Creator\4.4\PSoC Creator\1\LWO2.cydsn\Generated_Source\PSoC4\CyLFClk.c ****     *******************************************************************************/
2852:C:\Program Files (x86)\Cypress\PSoC Creator\4.4\PSoC Creator\1\LWO2.cydsn\Generated_Source\PSoC4\CyLFClk.c ****     void CySysTimerDisableIsr(uint32 counterNum)
2853:C:\Program Files (x86)\Cypress\PSoC Creator\4.4\PSoC Creator\1\LWO2.cydsn\Generated_Source\PSoC4\CyLFClk.c ****     {
2854:C:\Program Files (x86)\Cypress\PSoC Creator\4.4\PSoC Creator\1\LWO2.cydsn\Generated_Source\PSoC4\CyLFClk.c ****         if(counterNum <= CY_SYS_TIMER2)
2855:C:\Program Files (x86)\Cypress\PSoC Creator\4.4\PSoC Creator\1\LWO2.cydsn\Generated_Source\PSoC4\CyLFClk.c ****         {
2856:C:\Program Files (x86)\Cypress\PSoC Creator\4.4\PSoC Creator\1\LWO2.cydsn\Generated_Source\PSoC4\CyLFClk.c ****             timerIsrMask &= ~counterTimerIntMaskTbl[counterNum];
2857:C:\Program Files (x86)\Cypress\PSoC Creator\4.4\PSoC Creator\1\LWO2.cydsn\Generated_Source\PSoC4\CyLFClk.c ****         }
2858:C:\Program Files (x86)\Cypress\PSoC Creator\4.4\PSoC Creator\1\LWO2.cydsn\Generated_Source\PSoC4\CyLFClk.c ****         else
2859:C:\Program Files (x86)\Cypress\PSoC Creator\4.4\PSoC Creator\1\LWO2.cydsn\Generated_Source\PSoC4\CyLFClk.c ****         {
2860:C:\Program Files (x86)\Cypress\PSoC Creator\4.4\PSoC Creator\1\LWO2.cydsn\Generated_Source\PSoC4\CyLFClk.c ****             CYASSERT(0u != 0u);
2861:C:\Program Files (x86)\Cypress\PSoC Creator\4.4\PSoC Creator\1\LWO2.cydsn\Generated_Source\PSoC4\CyLFClk.c ****         }
2862:C:\Program Files (x86)\Cypress\PSoC Creator\4.4\PSoC Creator\1\LWO2.cydsn\Generated_Source\PSoC4\CyLFClk.c ****     }
2863:C:\Program Files (x86)\Cypress\PSoC Creator\4.4\PSoC Creator\1\LWO2.cydsn\Generated_Source\PSoC4\CyLFClk.c **** 
2864:C:\Program Files (x86)\Cypress\PSoC Creator\4.4\PSoC Creator\1\LWO2.cydsn\Generated_Source\PSoC4\CyLFClk.c **** 
2865:C:\Program Files (x86)\Cypress\PSoC Creator\4.4\PSoC Creator\1\LWO2.cydsn\Generated_Source\PSoC4\CyLFClk.c ****     /*******************************************************************************
2866:C:\Program Files (x86)\Cypress\PSoC Creator\4.4\PSoC Creator\1\LWO2.cydsn\Generated_Source\PSoC4\CyLFClk.c ****     * Function Name: CySysTimerIsr
2867:C:\Program Files (x86)\Cypress\PSoC Creator\4.4\PSoC Creator\1\LWO2.cydsn\Generated_Source\PSoC4\CyLFClk.c ****     ****************************************************************************//**
2868:C:\Program Files (x86)\Cypress\PSoC Creator\4.4\PSoC Creator\1\LWO2.cydsn\Generated_Source\PSoC4\CyLFClk.c ****     *
2869:C:\Program Files (x86)\Cypress\PSoC Creator\4.4\PSoC Creator\1\LWO2.cydsn\Generated_Source\PSoC4\CyLFClk.c ****     * \brief This is the handler of the DeepSleep Timer interrupt in CPU NVIC.
2870:C:\Program Files (x86)\Cypress\PSoC Creator\4.4\PSoC Creator\1\LWO2.cydsn\Generated_Source\PSoC4\CyLFClk.c ****     *
2871:C:\Program Files (x86)\Cypress\PSoC Creator\4.4\PSoC Creator\1\LWO2.cydsn\Generated_Source\PSoC4\CyLFClk.c ****     * The handler checks which Timer triggered in the interrupt and calls the 
2872:C:\Program Files (x86)\Cypress\PSoC Creator\4.4\PSoC Creator\1\LWO2.cydsn\Generated_Source\PSoC4\CyLFClk.c ****     * respective callback functions configured by the user by using 
2873:C:\Program Files (x86)\Cypress\PSoC Creator\4.4\PSoC Creator\1\LWO2.cydsn\Generated_Source\PSoC4\CyLFClk.c ****     * CySysTimerSetIsrCallback() API.
2874:C:\Program Files (x86)\Cypress\PSoC Creator\4.4\PSoC Creator\1\LWO2.cydsn\Generated_Source\PSoC4\CyLFClk.c ****     *
2875:C:\Program Files (x86)\Cypress\PSoC Creator\4.4\PSoC Creator\1\LWO2.cydsn\Generated_Source\PSoC4\CyLFClk.c ****     * The order of the callback execution is incremental. Callback-0 is
2876:C:\Program Files (x86)\Cypress\PSoC Creator\4.4\PSoC Creator\1\LWO2.cydsn\Generated_Source\PSoC4\CyLFClk.c ****     * run as the first one and callback-2 is called as the last one.
2877:C:\Program Files (x86)\Cypress\PSoC Creator\4.4\PSoC Creator\1\LWO2.cydsn\Generated_Source\PSoC4\CyLFClk.c ****     *
2878:C:\Program Files (x86)\Cypress\PSoC Creator\4.4\PSoC Creator\1\LWO2.cydsn\Generated_Source\PSoC4\CyLFClk.c ****     * \details This function clears the DeepSleep Timer interrupt every time when 
2879:C:\Program Files (x86)\Cypress\PSoC Creator\4.4\PSoC Creator\1\LWO2.cydsn\Generated_Source\PSoC4\CyLFClk.c ****     * it is called.
2880:C:\Program Files (x86)\Cypress\PSoC Creator\4.4\PSoC Creator\1\LWO2.cydsn\Generated_Source\PSoC4\CyLFClk.c ****     *
2881:C:\Program Files (x86)\Cypress\PSoC Creator\4.4\PSoC Creator\1\LWO2.cydsn\Generated_Source\PSoC4\CyLFClk.c ****     *******************************************************************************/
2882:C:\Program Files (x86)\Cypress\PSoC Creator\4.4\PSoC Creator\1\LWO2.cydsn\Generated_Source\PSoC4\CyLFClk.c ****     void CySysTimerIsr(void)
2883:C:\Program Files (x86)\Cypress\PSoC Creator\4.4\PSoC Creator\1\LWO2.cydsn\Generated_Source\PSoC4\CyLFClk.c ****     {
2884:C:\Program Files (x86)\Cypress\PSoC Creator\4.4\PSoC Creator\1\LWO2.cydsn\Generated_Source\PSoC4\CyLFClk.c ****         if(0u != (CY_SYS_TIMER0_INT & CY_SYS_WCO_WDT_CONTROL_REG))
2885:C:\Program Files (x86)\Cypress\PSoC Creator\4.4\PSoC Creator\1\LWO2.cydsn\Generated_Source\PSoC4\CyLFClk.c ****         {
2886:C:\Program Files (x86)\Cypress\PSoC Creator\4.4\PSoC Creator\1\LWO2.cydsn\Generated_Source\PSoC4\CyLFClk.c ****             if(0u != (CY_SYS_TIMER0_INT & timerIsrMask))
2887:C:\Program Files (x86)\Cypress\PSoC Creator\4.4\PSoC Creator\1\LWO2.cydsn\Generated_Source\PSoC4\CyLFClk.c ****             {
2888:C:\Program Files (x86)\Cypress\PSoC Creator\4.4\PSoC Creator\1\LWO2.cydsn\Generated_Source\PSoC4\CyLFClk.c ****                 timerIsrMask &= ~(disableTimerServicedIsr & CY_SYS_TIMER0_INT);
2889:C:\Program Files (x86)\Cypress\PSoC Creator\4.4\PSoC Creator\1\LWO2.cydsn\Generated_Source\PSoC4\CyLFClk.c ****                 disableTimerServicedIsr  &= ~CY_SYS_TIMER0_INT;
2890:C:\Program Files (x86)\Cypress\PSoC Creator\4.4\PSoC Creator\1\LWO2.cydsn\Generated_Source\PSoC4\CyLFClk.c ****                 if(cySysTimerCallback[CY_SYS_TIMER0] != (void *) 0)
2891:C:\Program Files (x86)\Cypress\PSoC Creator\4.4\PSoC Creator\1\LWO2.cydsn\Generated_Source\PSoC4\CyLFClk.c ****                 {
2892:C:\Program Files (x86)\Cypress\PSoC Creator\4.4\PSoC Creator\1\LWO2.cydsn\Generated_Source\PSoC4\CyLFClk.c ****                     (void)(cySysTimerCallback[CY_SYS_TIMER0])();
2893:C:\Program Files (x86)\Cypress\PSoC Creator\4.4\PSoC Creator\1\LWO2.cydsn\Generated_Source\PSoC4\CyLFClk.c ****                 }
2894:C:\Program Files (x86)\Cypress\PSoC Creator\4.4\PSoC Creator\1\LWO2.cydsn\Generated_Source\PSoC4\CyLFClk.c ****             }
2895:C:\Program Files (x86)\Cypress\PSoC Creator\4.4\PSoC Creator\1\LWO2.cydsn\Generated_Source\PSoC4\CyLFClk.c ****             CySysTimerClearInterrupt(CY_SYS_TIMER0_INT);
2896:C:\Program Files (x86)\Cypress\PSoC Creator\4.4\PSoC Creator\1\LWO2.cydsn\Generated_Source\PSoC4\CyLFClk.c ****         }
2897:C:\Program Files (x86)\Cypress\PSoC Creator\4.4\PSoC Creator\1\LWO2.cydsn\Generated_Source\PSoC4\CyLFClk.c **** 
2898:C:\Program Files (x86)\Cypress\PSoC Creator\4.4\PSoC Creator\1\LWO2.cydsn\Generated_Source\PSoC4\CyLFClk.c ****         if(0u != (CY_SYS_TIMER1_INT & CY_SYS_WCO_WDT_CONTROL_REG))
ARM GAS  C:\Users\taips\AppData\Local\Temp\cc8A2Ndf.s 			page 92


2899:C:\Program Files (x86)\Cypress\PSoC Creator\4.4\PSoC Creator\1\LWO2.cydsn\Generated_Source\PSoC4\CyLFClk.c ****         {
2900:C:\Program Files (x86)\Cypress\PSoC Creator\4.4\PSoC Creator\1\LWO2.cydsn\Generated_Source\PSoC4\CyLFClk.c ****             if(0u != (CY_SYS_TIMER1_INT & timerIsrMask))
2901:C:\Program Files (x86)\Cypress\PSoC Creator\4.4\PSoC Creator\1\LWO2.cydsn\Generated_Source\PSoC4\CyLFClk.c ****             {
2902:C:\Program Files (x86)\Cypress\PSoC Creator\4.4\PSoC Creator\1\LWO2.cydsn\Generated_Source\PSoC4\CyLFClk.c ****                 timerIsrMask &= ~(disableTimerServicedIsr & CY_SYS_TIMER1_INT);
2903:C:\Program Files (x86)\Cypress\PSoC Creator\4.4\PSoC Creator\1\LWO2.cydsn\Generated_Source\PSoC4\CyLFClk.c ****                 disableTimerServicedIsr  &= ~CY_SYS_TIMER1_INT;
2904:C:\Program Files (x86)\Cypress\PSoC Creator\4.4\PSoC Creator\1\LWO2.cydsn\Generated_Source\PSoC4\CyLFClk.c ****                 if(cySysTimerCallback[CY_SYS_TIMER1] != (void *) 0)
2905:C:\Program Files (x86)\Cypress\PSoC Creator\4.4\PSoC Creator\1\LWO2.cydsn\Generated_Source\PSoC4\CyLFClk.c ****                 {
2906:C:\Program Files (x86)\Cypress\PSoC Creator\4.4\PSoC Creator\1\LWO2.cydsn\Generated_Source\PSoC4\CyLFClk.c ****                     (void)(cySysTimerCallback[CY_SYS_TIMER1])();
2907:C:\Program Files (x86)\Cypress\PSoC Creator\4.4\PSoC Creator\1\LWO2.cydsn\Generated_Source\PSoC4\CyLFClk.c ****                 }
2908:C:\Program Files (x86)\Cypress\PSoC Creator\4.4\PSoC Creator\1\LWO2.cydsn\Generated_Source\PSoC4\CyLFClk.c ****             }
2909:C:\Program Files (x86)\Cypress\PSoC Creator\4.4\PSoC Creator\1\LWO2.cydsn\Generated_Source\PSoC4\CyLFClk.c ****             CySysTimerClearInterrupt(CY_SYS_TIMER1_INT);
2910:C:\Program Files (x86)\Cypress\PSoC Creator\4.4\PSoC Creator\1\LWO2.cydsn\Generated_Source\PSoC4\CyLFClk.c ****         }
2911:C:\Program Files (x86)\Cypress\PSoC Creator\4.4\PSoC Creator\1\LWO2.cydsn\Generated_Source\PSoC4\CyLFClk.c **** 
2912:C:\Program Files (x86)\Cypress\PSoC Creator\4.4\PSoC Creator\1\LWO2.cydsn\Generated_Source\PSoC4\CyLFClk.c ****         if(0u != (CY_SYS_TIMER2_INT & CY_SYS_WCO_WDT_CONTROL_REG))
2913:C:\Program Files (x86)\Cypress\PSoC Creator\4.4\PSoC Creator\1\LWO2.cydsn\Generated_Source\PSoC4\CyLFClk.c ****         {
2914:C:\Program Files (x86)\Cypress\PSoC Creator\4.4\PSoC Creator\1\LWO2.cydsn\Generated_Source\PSoC4\CyLFClk.c ****             if(0u != (CY_SYS_TIMER2_INT & timerIsrMask))
2915:C:\Program Files (x86)\Cypress\PSoC Creator\4.4\PSoC Creator\1\LWO2.cydsn\Generated_Source\PSoC4\CyLFClk.c ****             {
2916:C:\Program Files (x86)\Cypress\PSoC Creator\4.4\PSoC Creator\1\LWO2.cydsn\Generated_Source\PSoC4\CyLFClk.c ****                 if(cySysTimerCallback[CY_SYS_TIMER2] != (void *) 0)
2917:C:\Program Files (x86)\Cypress\PSoC Creator\4.4\PSoC Creator\1\LWO2.cydsn\Generated_Source\PSoC4\CyLFClk.c ****                 {
2918:C:\Program Files (x86)\Cypress\PSoC Creator\4.4\PSoC Creator\1\LWO2.cydsn\Generated_Source\PSoC4\CyLFClk.c ****                     (void)(cySysTimerCallback[CY_SYS_TIMER2])();
2919:C:\Program Files (x86)\Cypress\PSoC Creator\4.4\PSoC Creator\1\LWO2.cydsn\Generated_Source\PSoC4\CyLFClk.c ****                 }
2920:C:\Program Files (x86)\Cypress\PSoC Creator\4.4\PSoC Creator\1\LWO2.cydsn\Generated_Source\PSoC4\CyLFClk.c ****             }
2921:C:\Program Files (x86)\Cypress\PSoC Creator\4.4\PSoC Creator\1\LWO2.cydsn\Generated_Source\PSoC4\CyLFClk.c ****             CySysTimerClearInterrupt(CY_SYS_TIMER2_INT);
2922:C:\Program Files (x86)\Cypress\PSoC Creator\4.4\PSoC Creator\1\LWO2.cydsn\Generated_Source\PSoC4\CyLFClk.c ****         }
2923:C:\Program Files (x86)\Cypress\PSoC Creator\4.4\PSoC Creator\1\LWO2.cydsn\Generated_Source\PSoC4\CyLFClk.c ****     }
2924:C:\Program Files (x86)\Cypress\PSoC Creator\4.4\PSoC Creator\1\LWO2.cydsn\Generated_Source\PSoC4\CyLFClk.c **** 
2925:C:\Program Files (x86)\Cypress\PSoC Creator\4.4\PSoC Creator\1\LWO2.cydsn\Generated_Source\PSoC4\CyLFClk.c **** 
2926:C:\Program Files (x86)\Cypress\PSoC Creator\4.4\PSoC Creator\1\LWO2.cydsn\Generated_Source\PSoC4\CyLFClk.c ****     /*******************************************************************************
2927:C:\Program Files (x86)\Cypress\PSoC Creator\4.4\PSoC Creator\1\LWO2.cydsn\Generated_Source\PSoC4\CyLFClk.c ****     * Function Name: CySysTimerResetCounters
2928:C:\Program Files (x86)\Cypress\PSoC Creator\4.4\PSoC Creator\1\LWO2.cydsn\Generated_Source\PSoC4\CyLFClk.c ****     ****************************************************************************//**
2929:C:\Program Files (x86)\Cypress\PSoC Creator\4.4\PSoC Creator\1\LWO2.cydsn\Generated_Source\PSoC4\CyLFClk.c ****     *
2930:C:\Program Files (x86)\Cypress\PSoC Creator\4.4\PSoC Creator\1\LWO2.cydsn\Generated_Source\PSoC4\CyLFClk.c ****     * \brief Resets all the Timer counters set in the mask.
2931:C:\Program Files (x86)\Cypress\PSoC Creator\4.4\PSoC Creator\1\LWO2.cydsn\Generated_Source\PSoC4\CyLFClk.c ****     *
2932:C:\Program Files (x86)\Cypress\PSoC Creator\4.4\PSoC Creator\1\LWO2.cydsn\Generated_Source\PSoC4\CyLFClk.c ****     * \param countersMask
2933:C:\Program Files (x86)\Cypress\PSoC Creator\4.4\PSoC Creator\1\LWO2.cydsn\Generated_Source\PSoC4\CyLFClk.c ****     * CY_SYS_TIMER0_RESET - Reset the Counter 0<br>
2934:C:\Program Files (x86)\Cypress\PSoC Creator\4.4\PSoC Creator\1\LWO2.cydsn\Generated_Source\PSoC4\CyLFClk.c ****     * CY_SYS_TIMER1_RESET - Reset the Counter 1<br>
2935:C:\Program Files (x86)\Cypress\PSoC Creator\4.4\PSoC Creator\1\LWO2.cydsn\Generated_Source\PSoC4\CyLFClk.c ****     * CY_SYS_TIMER2_RESET - Reset the Counter 2
2936:C:\Program Files (x86)\Cypress\PSoC Creator\4.4\PSoC Creator\1\LWO2.cydsn\Generated_Source\PSoC4\CyLFClk.c ****     *
2937:C:\Program Files (x86)\Cypress\PSoC Creator\4.4\PSoC Creator\1\LWO2.cydsn\Generated_Source\PSoC4\CyLFClk.c ****     * \details
2938:C:\Program Files (x86)\Cypress\PSoC Creator\4.4\PSoC Creator\1\LWO2.cydsn\Generated_Source\PSoC4\CyLFClk.c ****     * This function waits while corresponding counters will be reset. This may
2939:C:\Program Files (x86)\Cypress\PSoC Creator\4.4\PSoC Creator\1\LWO2.cydsn\Generated_Source\PSoC4\CyLFClk.c ****     * take up to 3 DeepSleep Timer source-cycles. DeepSleep Timer source must be 
2940:C:\Program Files (x86)\Cypress\PSoC Creator\4.4\PSoC Creator\1\LWO2.cydsn\Generated_Source\PSoC4\CyLFClk.c ****     * enabled. Otherwise, the function will never exit.
2941:C:\Program Files (x86)\Cypress\PSoC Creator\4.4\PSoC Creator\1\LWO2.cydsn\Generated_Source\PSoC4\CyLFClk.c ****     *
2942:C:\Program Files (x86)\Cypress\PSoC Creator\4.4\PSoC Creator\1\LWO2.cydsn\Generated_Source\PSoC4\CyLFClk.c ****     *******************************************************************************/
2943:C:\Program Files (x86)\Cypress\PSoC Creator\4.4\PSoC Creator\1\LWO2.cydsn\Generated_Source\PSoC4\CyLFClk.c ****     void CySysTimerResetCounters(uint32 countersMask)
2944:C:\Program Files (x86)\Cypress\PSoC Creator\4.4\PSoC Creator\1\LWO2.cydsn\Generated_Source\PSoC4\CyLFClk.c ****     {
2945:C:\Program Files (x86)\Cypress\PSoC Creator\4.4\PSoC Creator\1\LWO2.cydsn\Generated_Source\PSoC4\CyLFClk.c ****         /* Set new Timer reset value */
2946:C:\Program Files (x86)\Cypress\PSoC Creator\4.4\PSoC Creator\1\LWO2.cydsn\Generated_Source\PSoC4\CyLFClk.c ****         CY_SYS_WCO_WDT_CONTROL_REG |= (countersMask & CY_SYS_TIMER_RESET);
2947:C:\Program Files (x86)\Cypress\PSoC Creator\4.4\PSoC Creator\1\LWO2.cydsn\Generated_Source\PSoC4\CyLFClk.c **** 
2948:C:\Program Files (x86)\Cypress\PSoC Creator\4.4\PSoC Creator\1\LWO2.cydsn\Generated_Source\PSoC4\CyLFClk.c ****         while (0uL != (CY_SYS_WCO_WDT_CONTROL_REG & CY_SYS_TIMER_RESET))
2949:C:\Program Files (x86)\Cypress\PSoC Creator\4.4\PSoC Creator\1\LWO2.cydsn\Generated_Source\PSoC4\CyLFClk.c ****         {
2950:C:\Program Files (x86)\Cypress\PSoC Creator\4.4\PSoC Creator\1\LWO2.cydsn\Generated_Source\PSoC4\CyLFClk.c ****             /* Wait for reset to come into effect */
2951:C:\Program Files (x86)\Cypress\PSoC Creator\4.4\PSoC Creator\1\LWO2.cydsn\Generated_Source\PSoC4\CyLFClk.c ****         }
2952:C:\Program Files (x86)\Cypress\PSoC Creator\4.4\PSoC Creator\1\LWO2.cydsn\Generated_Source\PSoC4\CyLFClk.c ****     }
2953:C:\Program Files (x86)\Cypress\PSoC Creator\4.4\PSoC Creator\1\LWO2.cydsn\Generated_Source\PSoC4\CyLFClk.c **** #endif /* (CY_IP_SRSSLT && CY_IP_WCO && CY_IP_WCO_WDT_EN) */
2954:C:\Program Files (x86)\Cypress\PSoC Creator\4.4\PSoC Creator\1\LWO2.cydsn\Generated_Source\PSoC4\CyLFClk.c **** 
2955:C:\Program Files (x86)\Cypress\PSoC Creator\4.4\PSoC Creator\1\LWO2.cydsn\Generated_Source\PSoC4\CyLFClk.c **** 
ARM GAS  C:\Users\taips\AppData\Local\Temp\cc8A2Ndf.s 			page 93


2956:C:\Program Files (x86)\Cypress\PSoC Creator\4.4\PSoC Creator\1\LWO2.cydsn\Generated_Source\PSoC4\CyLFClk.c **** #if(CY_IP_SRSSV2 || (CY_IP_WCO_WDT_EN && CY_IP_SRSSLT))
2957:C:\Program Files (x86)\Cypress\PSoC Creator\4.4\PSoC Creator\1\LWO2.cydsn\Generated_Source\PSoC4\CyLFClk.c ****     /*******************************************************************************
2958:C:\Program Files (x86)\Cypress\PSoC Creator\4.4\PSoC Creator\1\LWO2.cydsn\Generated_Source\PSoC4\CyLFClk.c ****     * Function Name: CySysTimerDelay
2959:C:\Program Files (x86)\Cypress\PSoC Creator\4.4\PSoC Creator\1\LWO2.cydsn\Generated_Source\PSoC4\CyLFClk.c ****     ****************************************************************************//**
2960:C:\Program Files (x86)\Cypress\PSoC Creator\4.4\PSoC Creator\1\LWO2.cydsn\Generated_Source\PSoC4\CyLFClk.c ****     *
2961:C:\Program Files (x86)\Cypress\PSoC Creator\4.4\PSoC Creator\1\LWO2.cydsn\Generated_Source\PSoC4\CyLFClk.c ****     * \brief
2962:C:\Program Files (x86)\Cypress\PSoC Creator\4.4\PSoC Creator\1\LWO2.cydsn\Generated_Source\PSoC4\CyLFClk.c ****     * The function implements the delay specified in the LFCLK clock ticks.
2963:C:\Program Files (x86)\Cypress\PSoC Creator\4.4\PSoC Creator\1\LWO2.cydsn\Generated_Source\PSoC4\CyLFClk.c ****     *
2964:C:\Program Files (x86)\Cypress\PSoC Creator\4.4\PSoC Creator\1\LWO2.cydsn\Generated_Source\PSoC4\CyLFClk.c ****     * This API is applicable for PSoC 4100 / PSoC 4200 / PSoC 4100 BLE / 
2965:C:\Program Files (x86)\Cypress\PSoC Creator\4.4\PSoC Creator\1\LWO2.cydsn\Generated_Source\PSoC4\CyLFClk.c ****     * PSoC 4200 BLE / PRoC BLE / PSoC 4200L / PSoC 4100M / PSoC 4200M devices to 
2966:C:\Program Files (x86)\Cypress\PSoC Creator\4.4\PSoC Creator\1\LWO2.cydsn\Generated_Source\PSoC4\CyLFClk.c ****     * use WDT. Also this API is available to use for PSoC4100S and / PSoC Analog 
2967:C:\Program Files (x86)\Cypress\PSoC Creator\4.4\PSoC Creator\1\LWO2.cydsn\Generated_Source\PSoC4\CyLFClk.c ****     * Coprocessor devices to use DeepSleep Timers.
2968:C:\Program Files (x86)\Cypress\PSoC Creator\4.4\PSoC Creator\1\LWO2.cydsn\Generated_Source\PSoC4\CyLFClk.c ****     *
2969:C:\Program Files (x86)\Cypress\PSoC Creator\4.4\PSoC Creator\1\LWO2.cydsn\Generated_Source\PSoC4\CyLFClk.c ****     * For PSoC 4100 / PSoC 4200 / PSoC 4100 BLE / PSoC 4200 BLE / PRoC BLE / PSoC 
2970:C:\Program Files (x86)\Cypress\PSoC Creator\4.4\PSoC Creator\1\LWO2.cydsn\Generated_Source\PSoC4\CyLFClk.c ****     * 4200L / PSoC 4100M / PSoC 4200M devices:
2971:C:\Program Files (x86)\Cypress\PSoC Creator\4.4\PSoC Creator\1\LWO2.cydsn\Generated_Source\PSoC4\CyLFClk.c ****     * The specified WDT counter should be configured as described below and started.
2972:C:\Program Files (x86)\Cypress\PSoC Creator\4.4\PSoC Creator\1\LWO2.cydsn\Generated_Source\PSoC4\CyLFClk.c ****     *
2973:C:\Program Files (x86)\Cypress\PSoC Creator\4.4\PSoC Creator\1\LWO2.cydsn\Generated_Source\PSoC4\CyLFClk.c ****     * For PSoC 4100S / PSoC Analog Coprocessor devices:
2974:C:\Program Files (x86)\Cypress\PSoC Creator\4.4\PSoC Creator\1\LWO2.cydsn\Generated_Source\PSoC4\CyLFClk.c ****     * The specified DeepSleep Timer counter should be configured as described below
2975:C:\Program Files (x86)\Cypress\PSoC Creator\4.4\PSoC Creator\1\LWO2.cydsn\Generated_Source\PSoC4\CyLFClk.c ****     * and started.
2976:C:\Program Files (x86)\Cypress\PSoC Creator\4.4\PSoC Creator\1\LWO2.cydsn\Generated_Source\PSoC4\CyLFClk.c ****     *
2977:C:\Program Files (x86)\Cypress\PSoC Creator\4.4\PSoC Creator\1\LWO2.cydsn\Generated_Source\PSoC4\CyLFClk.c ****     * This function can operate in two modes: the "WAIT" and "INTERRUPT" modes. In
2978:C:\Program Files (x86)\Cypress\PSoC Creator\4.4\PSoC Creator\1\LWO2.cydsn\Generated_Source\PSoC4\CyLFClk.c ****     * the "WAIT" mode, the function waits for the specified number of ticks. In the
2979:C:\Program Files (x86)\Cypress\PSoC Creator\4.4\PSoC Creator\1\LWO2.cydsn\Generated_Source\PSoC4\CyLFClk.c ****     * "INTERRUPT" mode, the interrupt is generated after the specified number of
2980:C:\Program Files (x86)\Cypress\PSoC Creator\4.4\PSoC Creator\1\LWO2.cydsn\Generated_Source\PSoC4\CyLFClk.c ****     * ticks.
2981:C:\Program Files (x86)\Cypress\PSoC Creator\4.4\PSoC Creator\1\LWO2.cydsn\Generated_Source\PSoC4\CyLFClk.c ****     *
2982:C:\Program Files (x86)\Cypress\PSoC Creator\4.4\PSoC Creator\1\LWO2.cydsn\Generated_Source\PSoC4\CyLFClk.c ****     * For the correct function operation, the "Clear On Match" option should be
2983:C:\Program Files (x86)\Cypress\PSoC Creator\4.4\PSoC Creator\1\LWO2.cydsn\Generated_Source\PSoC4\CyLFClk.c ****     * disabled for the specified WDT or DeepSleep Timer counter. Use 
2984:C:\Program Files (x86)\Cypress\PSoC Creator\4.4\PSoC Creator\1\LWO2.cydsn\Generated_Source\PSoC4\CyLFClk.c ****     * CySysWdtSetClearOnMatch() for WDT or CySysTimerSetClearOnMatch() for DeepSleep
2985:C:\Program Files (x86)\Cypress\PSoC Creator\4.4\PSoC Creator\1\LWO2.cydsn\Generated_Source\PSoC4\CyLFClk.c ****     * Timer function with the "enable" parameter equal to zero for the used WDT 
2986:C:\Program Files (x86)\Cypress\PSoC Creator\4.4\PSoC Creator\1\LWO2.cydsn\Generated_Source\PSoC4\CyLFClk.c ****     * counter or DeepSleep Timer counter.
2987:C:\Program Files (x86)\Cypress\PSoC Creator\4.4\PSoC Creator\1\LWO2.cydsn\Generated_Source\PSoC4\CyLFClk.c ****     *
2988:C:\Program Files (x86)\Cypress\PSoC Creator\4.4\PSoC Creator\1\LWO2.cydsn\Generated_Source\PSoC4\CyLFClk.c ****     * The corresponding WDT counter should be configured to match the selected
2989:C:\Program Files (x86)\Cypress\PSoC Creator\4.4\PSoC Creator\1\LWO2.cydsn\Generated_Source\PSoC4\CyLFClk.c ****     * mode: "Free running Timer" for the "WAIT" mode, and
2990:C:\Program Files (x86)\Cypress\PSoC Creator\4.4\PSoC Creator\1\LWO2.cydsn\Generated_Source\PSoC4\CyLFClk.c ****     * "Periodic Timer" / "Watchdog (w/Interrupt)" for the "INTERRUPT" mode.
2991:C:\Program Files (x86)\Cypress\PSoC Creator\4.4\PSoC Creator\1\LWO2.cydsn\Generated_Source\PSoC4\CyLFClk.c ****     *
2992:C:\Program Files (x86)\Cypress\PSoC Creator\4.4\PSoC Creator\1\LWO2.cydsn\Generated_Source\PSoC4\CyLFClk.c ****     * Or the corresponding DeepSleep Timer counter should be configured to match the
2993:C:\Program Files (x86)\Cypress\PSoC Creator\4.4\PSoC Creator\1\LWO2.cydsn\Generated_Source\PSoC4\CyLFClk.c ****     * selected mode: "Free running Timer" for the "WAIT" mode, and
2994:C:\Program Files (x86)\Cypress\PSoC Creator\4.4\PSoC Creator\1\LWO2.cydsn\Generated_Source\PSoC4\CyLFClk.c ****     * "Periodic Timer" for the "INTERRUPT" mode.
2995:C:\Program Files (x86)\Cypress\PSoC Creator\4.4\PSoC Creator\1\LWO2.cydsn\Generated_Source\PSoC4\CyLFClk.c ****     *
2996:C:\Program Files (x86)\Cypress\PSoC Creator\4.4\PSoC Creator\1\LWO2.cydsn\Generated_Source\PSoC4\CyLFClk.c ****     * This can be configured in two ways:
2997:C:\Program Files (x86)\Cypress\PSoC Creator\4.4\PSoC Creator\1\LWO2.cydsn\Generated_Source\PSoC4\CyLFClk.c ****     * - Through the DWR page. Open the "Clocks" tab, click the "Edit Clocks..."
2998:C:\Program Files (x86)\Cypress\PSoC Creator\4.4\PSoC Creator\1\LWO2.cydsn\Generated_Source\PSoC4\CyLFClk.c ****     * button, in the "Configure System Clocks" window click on the
2999:C:\Program Files (x86)\Cypress\PSoC Creator\4.4\PSoC Creator\1\LWO2.cydsn\Generated_Source\PSoC4\CyLFClk.c ****     * "Low Frequency Clocks" tab and choose the appropriate option for the used
3000:C:\Program Files (x86)\Cypress\PSoC Creator\4.4\PSoC Creator\1\LWO2.cydsn\Generated_Source\PSoC4\CyLFClk.c ****     * WDT or DeepSleep Timer counter.
3001:C:\Program Files (x86)\Cypress\PSoC Creator\4.4\PSoC Creator\1\LWO2.cydsn\Generated_Source\PSoC4\CyLFClk.c ****     *
3002:C:\Program Files (x86)\Cypress\PSoC Creator\4.4\PSoC Creator\1\LWO2.cydsn\Generated_Source\PSoC4\CyLFClk.c ****     * - Through the CySysWdtSetMode() for WDT or CySysTimerSetMode() for DeepSleep
3003:C:\Program Files (x86)\Cypress\PSoC Creator\4.4\PSoC Creator\1\LWO2.cydsn\Generated_Source\PSoC4\CyLFClk.c ****     * Timer function. Call it with the appropriate "mode" parameter for the 
3004:C:\Program Files (x86)\Cypress\PSoC Creator\4.4\PSoC Creator\1\LWO2.cydsn\Generated_Source\PSoC4\CyLFClk.c ****     * used WDT or DeepSleep Timer counter.
3005:C:\Program Files (x86)\Cypress\PSoC Creator\4.4\PSoC Creator\1\LWO2.cydsn\Generated_Source\PSoC4\CyLFClk.c ****     *
3006:C:\Program Files (x86)\Cypress\PSoC Creator\4.4\PSoC Creator\1\LWO2.cydsn\Generated_Source\PSoC4\CyLFClk.c ****     * For the "INTERRUPT" mode, the recommended sequence is the following:
3007:C:\Program Files (x86)\Cypress\PSoC Creator\4.4\PSoC Creator\1\LWO2.cydsn\Generated_Source\PSoC4\CyLFClk.c ****     * - Call the CySysWdtDisableCounterIsr() for WDT or 
3008:C:\Program Files (x86)\Cypress\PSoC Creator\4.4\PSoC Creator\1\LWO2.cydsn\Generated_Source\PSoC4\CyLFClk.c ****     * CySysTimerDisableIsr() for DeepSleep Timer function to disable servicing
3009:C:\Program Files (x86)\Cypress\PSoC Creator\4.4\PSoC Creator\1\LWO2.cydsn\Generated_Source\PSoC4\CyLFClk.c ****     * interrupts of the specified WDT or DeepSleep Timer counter.
3010:C:\Program Files (x86)\Cypress\PSoC Creator\4.4\PSoC Creator\1\LWO2.cydsn\Generated_Source\PSoC4\CyLFClk.c ****     *
3011:C:\Program Files (x86)\Cypress\PSoC Creator\4.4\PSoC Creator\1\LWO2.cydsn\Generated_Source\PSoC4\CyLFClk.c ****     * - Call the CySysWdtSetInterruptCallback() for WDT or 
3012:C:\Program Files (x86)\Cypress\PSoC Creator\4.4\PSoC Creator\1\LWO2.cydsn\Generated_Source\PSoC4\CyLFClk.c ****     * CySysTimerSetIsrCallback() for DeepSleep Timer function to register 
ARM GAS  C:\Users\taips\AppData\Local\Temp\cc8A2Ndf.s 			page 94


3013:C:\Program Files (x86)\Cypress\PSoC Creator\4.4\PSoC Creator\1\LWO2.cydsn\Generated_Source\PSoC4\CyLFClk.c ****     * the callback function for the corresponding WDT or DeepSleep Timer counter.
3014:C:\Program Files (x86)\Cypress\PSoC Creator\4.4\PSoC Creator\1\LWO2.cydsn\Generated_Source\PSoC4\CyLFClk.c ****     *
3015:C:\Program Files (x86)\Cypress\PSoC Creator\4.4\PSoC Creator\1\LWO2.cydsn\Generated_Source\PSoC4\CyLFClk.c ****     * - Call the CySysTimerDelay() function.
3016:C:\Program Files (x86)\Cypress\PSoC Creator\4.4\PSoC Creator\1\LWO2.cydsn\Generated_Source\PSoC4\CyLFClk.c ****     *
3017:C:\Program Files (x86)\Cypress\PSoC Creator\4.4\PSoC Creator\1\LWO2.cydsn\Generated_Source\PSoC4\CyLFClk.c ****     * \param counterNum Valid range [0-1]. The number of the counter 
3018:C:\Program Files (x86)\Cypress\PSoC Creator\4.4\PSoC Creator\1\LWO2.cydsn\Generated_Source\PSoC4\CyLFClk.c ****     * (Timer0 or Timer1).
3019:C:\Program Files (x86)\Cypress\PSoC Creator\4.4\PSoC Creator\1\LWO2.cydsn\Generated_Source\PSoC4\CyLFClk.c ****     * \param delayType
3020:C:\Program Files (x86)\Cypress\PSoC Creator\4.4\PSoC Creator\1\LWO2.cydsn\Generated_Source\PSoC4\CyLFClk.c ****     * CY_SYS_TIMER_WAIT - "WAIT" mode. <br>
3021:C:\Program Files (x86)\Cypress\PSoC Creator\4.4\PSoC Creator\1\LWO2.cydsn\Generated_Source\PSoC4\CyLFClk.c ****     * CY_SYS_TIMER_INTERRUPT - "INTERRUPT" mode.
3022:C:\Program Files (x86)\Cypress\PSoC Creator\4.4\PSoC Creator\1\LWO2.cydsn\Generated_Source\PSoC4\CyLFClk.c ****     * \param delay The delay value in the LFCLK ticks 
3023:C:\Program Files (x86)\Cypress\PSoC Creator\4.4\PSoC Creator\1\LWO2.cydsn\Generated_Source\PSoC4\CyLFClk.c ****     * (allowable range - 16-bit value).
3024:C:\Program Files (x86)\Cypress\PSoC Creator\4.4\PSoC Creator\1\LWO2.cydsn\Generated_Source\PSoC4\CyLFClk.c ****     *
3025:C:\Program Files (x86)\Cypress\PSoC Creator\4.4\PSoC Creator\1\LWO2.cydsn\Generated_Source\PSoC4\CyLFClk.c ****     * \details
3026:C:\Program Files (x86)\Cypress\PSoC Creator\4.4\PSoC Creator\1\LWO2.cydsn\Generated_Source\PSoC4\CyLFClk.c ****     * In the "INTERRUPT" mode, this function enables ISR callback servicing
3027:C:\Program Files (x86)\Cypress\PSoC Creator\4.4\PSoC Creator\1\LWO2.cydsn\Generated_Source\PSoC4\CyLFClk.c ****     * from the corresponding WDT or DeepSleep Timer counter. Servicing of this ISR 
3028:C:\Program Files (x86)\Cypress\PSoC Creator\4.4\PSoC Creator\1\LWO2.cydsn\Generated_Source\PSoC4\CyLFClk.c ****     * callback will be disabled after the expiration of the delay time.
3029:C:\Program Files (x86)\Cypress\PSoC Creator\4.4\PSoC Creator\1\LWO2.cydsn\Generated_Source\PSoC4\CyLFClk.c ****     *
3030:C:\Program Files (x86)\Cypress\PSoC Creator\4.4\PSoC Creator\1\LWO2.cydsn\Generated_Source\PSoC4\CyLFClk.c ****     *******************************************************************************/
3031:C:\Program Files (x86)\Cypress\PSoC Creator\4.4\PSoC Creator\1\LWO2.cydsn\Generated_Source\PSoC4\CyLFClk.c ****     void CySysTimerDelay(uint32 counterNum, cy_sys_timer_delaytype_enum delayType, uint32 delay)
3032:C:\Program Files (x86)\Cypress\PSoC Creator\4.4\PSoC Creator\1\LWO2.cydsn\Generated_Source\PSoC4\CyLFClk.c ****     {
3033:C:\Program Files (x86)\Cypress\PSoC Creator\4.4\PSoC Creator\1\LWO2.cydsn\Generated_Source\PSoC4\CyLFClk.c ****         uint32 regValue;
3034:C:\Program Files (x86)\Cypress\PSoC Creator\4.4\PSoC Creator\1\LWO2.cydsn\Generated_Source\PSoC4\CyLFClk.c ****         uint32 matchValue;
3035:C:\Program Files (x86)\Cypress\PSoC Creator\4.4\PSoC Creator\1\LWO2.cydsn\Generated_Source\PSoC4\CyLFClk.c **** 
3036:C:\Program Files (x86)\Cypress\PSoC Creator\4.4\PSoC Creator\1\LWO2.cydsn\Generated_Source\PSoC4\CyLFClk.c ****         #if(CY_IP_SRSSV2)
3037:C:\Program Files (x86)\Cypress\PSoC Creator\4.4\PSoC Creator\1\LWO2.cydsn\Generated_Source\PSoC4\CyLFClk.c ****             if((counterNum < CY_SYS_WDT_COUNTER2) && (0uL == CySysWdtGetClearOnMatch(counterNum)) &
3038:C:\Program Files (x86)\Cypress\PSoC Creator\4.4\PSoC Creator\1\LWO2.cydsn\Generated_Source\PSoC4\CyLFClk.c ****                                                                 (delay <= CY_SYS_UINT16_MAX_VAL))
3039:C:\Program Files (x86)\Cypress\PSoC Creator\4.4\PSoC Creator\1\LWO2.cydsn\Generated_Source\PSoC4\CyLFClk.c ****             {
3040:C:\Program Files (x86)\Cypress\PSoC Creator\4.4\PSoC Creator\1\LWO2.cydsn\Generated_Source\PSoC4\CyLFClk.c ****                 regValue   = CySysWdtGetCount(counterNum);
3041:C:\Program Files (x86)\Cypress\PSoC Creator\4.4\PSoC Creator\1\LWO2.cydsn\Generated_Source\PSoC4\CyLFClk.c ****                 matchValue = (regValue + delay) & (uint32)CY_SYS_UINT16_MAX_VAL;
3042:C:\Program Files (x86)\Cypress\PSoC Creator\4.4\PSoC Creator\1\LWO2.cydsn\Generated_Source\PSoC4\CyLFClk.c **** 
3043:C:\Program Files (x86)\Cypress\PSoC Creator\4.4\PSoC Creator\1\LWO2.cydsn\Generated_Source\PSoC4\CyLFClk.c ****                 CySysTimerDelayUntilMatch(counterNum, delayType, matchValue);
3044:C:\Program Files (x86)\Cypress\PSoC Creator\4.4\PSoC Creator\1\LWO2.cydsn\Generated_Source\PSoC4\CyLFClk.c ****             }
3045:C:\Program Files (x86)\Cypress\PSoC Creator\4.4\PSoC Creator\1\LWO2.cydsn\Generated_Source\PSoC4\CyLFClk.c ****             else
3046:C:\Program Files (x86)\Cypress\PSoC Creator\4.4\PSoC Creator\1\LWO2.cydsn\Generated_Source\PSoC4\CyLFClk.c ****             {
3047:C:\Program Files (x86)\Cypress\PSoC Creator\4.4\PSoC Creator\1\LWO2.cydsn\Generated_Source\PSoC4\CyLFClk.c ****                 CYASSERT(0u != 0u);
3048:C:\Program Files (x86)\Cypress\PSoC Creator\4.4\PSoC Creator\1\LWO2.cydsn\Generated_Source\PSoC4\CyLFClk.c ****             }
3049:C:\Program Files (x86)\Cypress\PSoC Creator\4.4\PSoC Creator\1\LWO2.cydsn\Generated_Source\PSoC4\CyLFClk.c ****         #endif /* (CY_IP_SRSSV2) */
3050:C:\Program Files (x86)\Cypress\PSoC Creator\4.4\PSoC Creator\1\LWO2.cydsn\Generated_Source\PSoC4\CyLFClk.c **** 
3051:C:\Program Files (x86)\Cypress\PSoC Creator\4.4\PSoC Creator\1\LWO2.cydsn\Generated_Source\PSoC4\CyLFClk.c ****         #if(CY_IP_WCO_WDT_EN && CY_IP_SRSSLT)
3052:C:\Program Files (x86)\Cypress\PSoC Creator\4.4\PSoC Creator\1\LWO2.cydsn\Generated_Source\PSoC4\CyLFClk.c ****             if((counterNum < CY_SYS_TIMER2) && (0uL == CySysTimerGetClearOnMatch(counterNum)) && 
3053:C:\Program Files (x86)\Cypress\PSoC Creator\4.4\PSoC Creator\1\LWO2.cydsn\Generated_Source\PSoC4\CyLFClk.c ****                                                             (delay <= CY_SYS_UINT16_MAX_VAL))
3054:C:\Program Files (x86)\Cypress\PSoC Creator\4.4\PSoC Creator\1\LWO2.cydsn\Generated_Source\PSoC4\CyLFClk.c ****             {
3055:C:\Program Files (x86)\Cypress\PSoC Creator\4.4\PSoC Creator\1\LWO2.cydsn\Generated_Source\PSoC4\CyLFClk.c ****                 regValue   = CySysTimerGetCount(counterNum);
3056:C:\Program Files (x86)\Cypress\PSoC Creator\4.4\PSoC Creator\1\LWO2.cydsn\Generated_Source\PSoC4\CyLFClk.c ****                 matchValue = (regValue + delay) & (uint32)CY_SYS_UINT16_MAX_VAL;
3057:C:\Program Files (x86)\Cypress\PSoC Creator\4.4\PSoC Creator\1\LWO2.cydsn\Generated_Source\PSoC4\CyLFClk.c **** 
3058:C:\Program Files (x86)\Cypress\PSoC Creator\4.4\PSoC Creator\1\LWO2.cydsn\Generated_Source\PSoC4\CyLFClk.c ****                 CySysTimerDelayUntilMatch(counterNum, delayType, matchValue);
3059:C:\Program Files (x86)\Cypress\PSoC Creator\4.4\PSoC Creator\1\LWO2.cydsn\Generated_Source\PSoC4\CyLFClk.c ****             }
3060:C:\Program Files (x86)\Cypress\PSoC Creator\4.4\PSoC Creator\1\LWO2.cydsn\Generated_Source\PSoC4\CyLFClk.c ****             else
3061:C:\Program Files (x86)\Cypress\PSoC Creator\4.4\PSoC Creator\1\LWO2.cydsn\Generated_Source\PSoC4\CyLFClk.c ****             {
3062:C:\Program Files (x86)\Cypress\PSoC Creator\4.4\PSoC Creator\1\LWO2.cydsn\Generated_Source\PSoC4\CyLFClk.c ****                 CYASSERT(0u != 0u);
3063:C:\Program Files (x86)\Cypress\PSoC Creator\4.4\PSoC Creator\1\LWO2.cydsn\Generated_Source\PSoC4\CyLFClk.c ****             }
3064:C:\Program Files (x86)\Cypress\PSoC Creator\4.4\PSoC Creator\1\LWO2.cydsn\Generated_Source\PSoC4\CyLFClk.c ****         #endif /* (CY_IP_WCO_WDT_EN) */
3065:C:\Program Files (x86)\Cypress\PSoC Creator\4.4\PSoC Creator\1\LWO2.cydsn\Generated_Source\PSoC4\CyLFClk.c ****     }
3066:C:\Program Files (x86)\Cypress\PSoC Creator\4.4\PSoC Creator\1\LWO2.cydsn\Generated_Source\PSoC4\CyLFClk.c **** 
3067:C:\Program Files (x86)\Cypress\PSoC Creator\4.4\PSoC Creator\1\LWO2.cydsn\Generated_Source\PSoC4\CyLFClk.c **** 
3068:C:\Program Files (x86)\Cypress\PSoC Creator\4.4\PSoC Creator\1\LWO2.cydsn\Generated_Source\PSoC4\CyLFClk.c ****     /*******************************************************************************
3069:C:\Program Files (x86)\Cypress\PSoC Creator\4.4\PSoC Creator\1\LWO2.cydsn\Generated_Source\PSoC4\CyLFClk.c ****     * Function Name: CySysTimerDelayUntilMatch
ARM GAS  C:\Users\taips\AppData\Local\Temp\cc8A2Ndf.s 			page 95


3070:C:\Program Files (x86)\Cypress\PSoC Creator\4.4\PSoC Creator\1\LWO2.cydsn\Generated_Source\PSoC4\CyLFClk.c ****     ****************************************************************************//**
3071:C:\Program Files (x86)\Cypress\PSoC Creator\4.4\PSoC Creator\1\LWO2.cydsn\Generated_Source\PSoC4\CyLFClk.c ****     *
3072:C:\Program Files (x86)\Cypress\PSoC Creator\4.4\PSoC Creator\1\LWO2.cydsn\Generated_Source\PSoC4\CyLFClk.c ****     * \brief
3073:C:\Program Files (x86)\Cypress\PSoC Creator\4.4\PSoC Creator\1\LWO2.cydsn\Generated_Source\PSoC4\CyLFClk.c ****     * The function implements the delay specified as the number of WDT or DeepSleep
3074:C:\Program Files (x86)\Cypress\PSoC Creator\4.4\PSoC Creator\1\LWO2.cydsn\Generated_Source\PSoC4\CyLFClk.c ****     * Timer clock source ticks between WDT or DeepSleep Timer current value and 
3075:C:\Program Files (x86)\Cypress\PSoC Creator\4.4\PSoC Creator\1\LWO2.cydsn\Generated_Source\PSoC4\CyLFClk.c ****     * match" value.
3076:C:\Program Files (x86)\Cypress\PSoC Creator\4.4\PSoC Creator\1\LWO2.cydsn\Generated_Source\PSoC4\CyLFClk.c ****     *
3077:C:\Program Files (x86)\Cypress\PSoC Creator\4.4\PSoC Creator\1\LWO2.cydsn\Generated_Source\PSoC4\CyLFClk.c ****     * This API is applicable for PSoC 4100 / PSoC 4200 / PRoC BLE / PSoC 4100 BLE /
3078:C:\Program Files (x86)\Cypress\PSoC Creator\4.4\PSoC Creator\1\LWO2.cydsn\Generated_Source\PSoC4\CyLFClk.c ****     * PSoC 4200 BLE / PSoC 4200L / PSoC 4100M / PSoC 4200M devices to use WDT.
3079:C:\Program Files (x86)\Cypress\PSoC Creator\4.4\PSoC Creator\1\LWO2.cydsn\Generated_Source\PSoC4\CyLFClk.c ****     * Also this API is available to use for PSoC4100S / Analog Coprocessor devices
3080:C:\Program Files (x86)\Cypress\PSoC Creator\4.4\PSoC Creator\1\LWO2.cydsn\Generated_Source\PSoC4\CyLFClk.c ****     * to use DeepSleep Timers.
3081:C:\Program Files (x86)\Cypress\PSoC Creator\4.4\PSoC Creator\1\LWO2.cydsn\Generated_Source\PSoC4\CyLFClk.c ****     * 
3082:C:\Program Files (x86)\Cypress\PSoC Creator\4.4\PSoC Creator\1\LWO2.cydsn\Generated_Source\PSoC4\CyLFClk.c ****     * For PSoC 4100 / PSoC 4200 / PSoC 4100 BLE / PSoC 4200 BLE / PRoC BLE / PSoC 
3083:C:\Program Files (x86)\Cypress\PSoC Creator\4.4\PSoC Creator\1\LWO2.cydsn\Generated_Source\PSoC4\CyLFClk.c ****     * 4200L / PSoC 4100M / PSoC 4200M devices:
3084:C:\Program Files (x86)\Cypress\PSoC Creator\4.4\PSoC Creator\1\LWO2.cydsn\Generated_Source\PSoC4\CyLFClk.c ****     * The function implements the delay specified as the number of LFCLK ticks
3085:C:\Program Files (x86)\Cypress\PSoC Creator\4.4\PSoC Creator\1\LWO2.cydsn\Generated_Source\PSoC4\CyLFClk.c ****     * between the specified WDT counter's current value and the "match"
3086:C:\Program Files (x86)\Cypress\PSoC Creator\4.4\PSoC Creator\1\LWO2.cydsn\Generated_Source\PSoC4\CyLFClk.c ****     * passed as the parameter to this function. The current WDT counter value can 
3087:C:\Program Files (x86)\Cypress\PSoC Creator\4.4\PSoC Creator\1\LWO2.cydsn\Generated_Source\PSoC4\CyLFClk.c ****     * be obtained using the CySysWdtGetCount() function.
3088:C:\Program Files (x86)\Cypress\PSoC Creator\4.4\PSoC Creator\1\LWO2.cydsn\Generated_Source\PSoC4\CyLFClk.c ****     *
3089:C:\Program Files (x86)\Cypress\PSoC Creator\4.4\PSoC Creator\1\LWO2.cydsn\Generated_Source\PSoC4\CyLFClk.c ****     * For PSoC4100 S and Analog Coprocessor devices:
3090:C:\Program Files (x86)\Cypress\PSoC Creator\4.4\PSoC Creator\1\LWO2.cydsn\Generated_Source\PSoC4\CyLFClk.c ****     * The function implements the delay specified as the number of DeepSleep Timer 
3091:C:\Program Files (x86)\Cypress\PSoC Creator\4.4\PSoC Creator\1\LWO2.cydsn\Generated_Source\PSoC4\CyLFClk.c ****     * input clock ticks for Timer0/Timer1 counter's current value and the "match" 
3092:C:\Program Files (x86)\Cypress\PSoC Creator\4.4\PSoC Creator\1\LWO2.cydsn\Generated_Source\PSoC4\CyLFClk.c ****     * passed as the parameter to this function. The current DeepSleep Timer counter
3093:C:\Program Files (x86)\Cypress\PSoC Creator\4.4\PSoC Creator\1\LWO2.cydsn\Generated_Source\PSoC4\CyLFClk.c ****     * value can be obtained using the CySysWdtGetCount() function.
3094:C:\Program Files (x86)\Cypress\PSoC Creator\4.4\PSoC Creator\1\LWO2.cydsn\Generated_Source\PSoC4\CyLFClk.c ****     *
3095:C:\Program Files (x86)\Cypress\PSoC Creator\4.4\PSoC Creator\1\LWO2.cydsn\Generated_Source\PSoC4\CyLFClk.c ****     * For PSoC 4100 / PSoC 4200 / PSoC 4100 BLE / PSoC 4200 BLE / PRoC BLE / PSoC 
3096:C:\Program Files (x86)\Cypress\PSoC Creator\4.4\PSoC Creator\1\LWO2.cydsn\Generated_Source\PSoC4\CyLFClk.c ****     * 4200L / PSoC 4100M / PSoC 4200M devices:
3097:C:\Program Files (x86)\Cypress\PSoC Creator\4.4\PSoC Creator\1\LWO2.cydsn\Generated_Source\PSoC4\CyLFClk.c ****     * The specified WDT counter should be configured as described below and started.
3098:C:\Program Files (x86)\Cypress\PSoC Creator\4.4\PSoC Creator\1\LWO2.cydsn\Generated_Source\PSoC4\CyLFClk.c ****     *
3099:C:\Program Files (x86)\Cypress\PSoC Creator\4.4\PSoC Creator\1\LWO2.cydsn\Generated_Source\PSoC4\CyLFClk.c ****     * For PSoC PSoC 4100S / PSoC Analog Coprocessor devices:
3100:C:\Program Files (x86)\Cypress\PSoC Creator\4.4\PSoC Creator\1\LWO2.cydsn\Generated_Source\PSoC4\CyLFClk.c ****     * The specified DeepSleep Timer counter should be configured as described below
3101:C:\Program Files (x86)\Cypress\PSoC Creator\4.4\PSoC Creator\1\LWO2.cydsn\Generated_Source\PSoC4\CyLFClk.c ****     * and started.
3102:C:\Program Files (x86)\Cypress\PSoC Creator\4.4\PSoC Creator\1\LWO2.cydsn\Generated_Source\PSoC4\CyLFClk.c ****     *
3103:C:\Program Files (x86)\Cypress\PSoC Creator\4.4\PSoC Creator\1\LWO2.cydsn\Generated_Source\PSoC4\CyLFClk.c ****     * This function can operate in two modes: the "WAIT" and "INTERRUPT" modes. In
3104:C:\Program Files (x86)\Cypress\PSoC Creator\4.4\PSoC Creator\1\LWO2.cydsn\Generated_Source\PSoC4\CyLFClk.c ****     * the "WAIT" mode, the function waits for the specified number of ticks. In the
3105:C:\Program Files (x86)\Cypress\PSoC Creator\4.4\PSoC Creator\1\LWO2.cydsn\Generated_Source\PSoC4\CyLFClk.c ****     * "INTERRUPT" mode, the interrupt is generated after the specified number of
3106:C:\Program Files (x86)\Cypress\PSoC Creator\4.4\PSoC Creator\1\LWO2.cydsn\Generated_Source\PSoC4\CyLFClk.c ****     * ticks.
3107:C:\Program Files (x86)\Cypress\PSoC Creator\4.4\PSoC Creator\1\LWO2.cydsn\Generated_Source\PSoC4\CyLFClk.c ****     *
3108:C:\Program Files (x86)\Cypress\PSoC Creator\4.4\PSoC Creator\1\LWO2.cydsn\Generated_Source\PSoC4\CyLFClk.c ****     * For the correct function operation, the "Clear On Match" option should be
3109:C:\Program Files (x86)\Cypress\PSoC Creator\4.4\PSoC Creator\1\LWO2.cydsn\Generated_Source\PSoC4\CyLFClk.c ****     * disabled for the specified WDT or DeepSleep Timer counter. Use 
3110:C:\Program Files (x86)\Cypress\PSoC Creator\4.4\PSoC Creator\1\LWO2.cydsn\Generated_Source\PSoC4\CyLFClk.c ****     * CySysWdtSetClearOnMatch() for WDT or CySysTimerSetClearOnMatch() for DeepSleep
3111:C:\Program Files (x86)\Cypress\PSoC Creator\4.4\PSoC Creator\1\LWO2.cydsn\Generated_Source\PSoC4\CyLFClk.c ****     * Timer function with the "enable" parameter equal to zero for the used WDT 
3112:C:\Program Files (x86)\Cypress\PSoC Creator\4.4\PSoC Creator\1\LWO2.cydsn\Generated_Source\PSoC4\CyLFClk.c ****     * or DeepSleep Timer counter.
3113:C:\Program Files (x86)\Cypress\PSoC Creator\4.4\PSoC Creator\1\LWO2.cydsn\Generated_Source\PSoC4\CyLFClk.c ****     *
3114:C:\Program Files (x86)\Cypress\PSoC Creator\4.4\PSoC Creator\1\LWO2.cydsn\Generated_Source\PSoC4\CyLFClk.c ****     * For PSoC 4100 / PSoC 4200 / PSoC 4100 BLE / PSoC 4200 BLE / PRoC BLE / PSoC 
3115:C:\Program Files (x86)\Cypress\PSoC Creator\4.4\PSoC Creator\1\LWO2.cydsn\Generated_Source\PSoC4\CyLFClk.c ****     * 4200L / PSoC 4100M/PSoC 4200M devices:
3116:C:\Program Files (x86)\Cypress\PSoC Creator\4.4\PSoC Creator\1\LWO2.cydsn\Generated_Source\PSoC4\CyLFClk.c ****     * The corresponding WDT counter should be configured to match the selected
3117:C:\Program Files (x86)\Cypress\PSoC Creator\4.4\PSoC Creator\1\LWO2.cydsn\Generated_Source\PSoC4\CyLFClk.c ****     * mode: "Free running Timer" for the "WAIT" mode, and
3118:C:\Program Files (x86)\Cypress\PSoC Creator\4.4\PSoC Creator\1\LWO2.cydsn\Generated_Source\PSoC4\CyLFClk.c ****     * "Periodic Timer" / "Watchdog (w/Interrupt)" for the "INTERRUPT" mode.
3119:C:\Program Files (x86)\Cypress\PSoC Creator\4.4\PSoC Creator\1\LWO2.cydsn\Generated_Source\PSoC4\CyLFClk.c ****     *
3120:C:\Program Files (x86)\Cypress\PSoC Creator\4.4\PSoC Creator\1\LWO2.cydsn\Generated_Source\PSoC4\CyLFClk.c ****     * For PSoC 4100S / PSoC Analog Coprocessor devices:
3121:C:\Program Files (x86)\Cypress\PSoC Creator\4.4\PSoC Creator\1\LWO2.cydsn\Generated_Source\PSoC4\CyLFClk.c ****     * Corresponding DeepSleep Timer counter should be configured to match the 
3122:C:\Program Files (x86)\Cypress\PSoC Creator\4.4\PSoC Creator\1\LWO2.cydsn\Generated_Source\PSoC4\CyLFClk.c ****     * selected mode: "Free running Timer" for the "WAIT" mode, and
3123:C:\Program Files (x86)\Cypress\PSoC Creator\4.4\PSoC Creator\1\LWO2.cydsn\Generated_Source\PSoC4\CyLFClk.c ****     * "Periodic Timer" for the "INTERRUPT" mode.
3124:C:\Program Files (x86)\Cypress\PSoC Creator\4.4\PSoC Creator\1\LWO2.cydsn\Generated_Source\PSoC4\CyLFClk.c ****     *
3125:C:\Program Files (x86)\Cypress\PSoC Creator\4.4\PSoC Creator\1\LWO2.cydsn\Generated_Source\PSoC4\CyLFClk.c ****     * This can be configured in two ways:
3126:C:\Program Files (x86)\Cypress\PSoC Creator\4.4\PSoC Creator\1\LWO2.cydsn\Generated_Source\PSoC4\CyLFClk.c ****     * - Through the DWR page. Open the "Clocks" tab, click the "Edit Clocks..."
ARM GAS  C:\Users\taips\AppData\Local\Temp\cc8A2Ndf.s 			page 96


3127:C:\Program Files (x86)\Cypress\PSoC Creator\4.4\PSoC Creator\1\LWO2.cydsn\Generated_Source\PSoC4\CyLFClk.c ****     * button, in the "Configure System Clocks" window click on the
3128:C:\Program Files (x86)\Cypress\PSoC Creator\4.4\PSoC Creator\1\LWO2.cydsn\Generated_Source\PSoC4\CyLFClk.c ****     * "Low Frequency Clocks" tab and choose the appropriate option for the used
3129:C:\Program Files (x86)\Cypress\PSoC Creator\4.4\PSoC Creator\1\LWO2.cydsn\Generated_Source\PSoC4\CyLFClk.c ****     * WDT or DeepSleep Timer counter.
3130:C:\Program Files (x86)\Cypress\PSoC Creator\4.4\PSoC Creator\1\LWO2.cydsn\Generated_Source\PSoC4\CyLFClk.c ****     *
3131:C:\Program Files (x86)\Cypress\PSoC Creator\4.4\PSoC Creator\1\LWO2.cydsn\Generated_Source\PSoC4\CyLFClk.c ****     * - Through the CySysWdtSetMode() for WDT or CySysTimerSetMode() for DeepSleep
3132:C:\Program Files (x86)\Cypress\PSoC Creator\4.4\PSoC Creator\1\LWO2.cydsn\Generated_Source\PSoC4\CyLFClk.c ****     * Timer function. Call it with the appropriate "mode" parameter for the 
3133:C:\Program Files (x86)\Cypress\PSoC Creator\4.4\PSoC Creator\1\LWO2.cydsn\Generated_Source\PSoC4\CyLFClk.c ****     * used WDT or DeepSleep Timer counter.
3134:C:\Program Files (x86)\Cypress\PSoC Creator\4.4\PSoC Creator\1\LWO2.cydsn\Generated_Source\PSoC4\CyLFClk.c ****     *
3135:C:\Program Files (x86)\Cypress\PSoC Creator\4.4\PSoC Creator\1\LWO2.cydsn\Generated_Source\PSoC4\CyLFClk.c ****     * For the "INTERRUPT" mode, the recommended sequence is the following:
3136:C:\Program Files (x86)\Cypress\PSoC Creator\4.4\PSoC Creator\1\LWO2.cydsn\Generated_Source\PSoC4\CyLFClk.c ****     * - Call the CySysWdtDisableCounterIsr() for WDT or 
3137:C:\Program Files (x86)\Cypress\PSoC Creator\4.4\PSoC Creator\1\LWO2.cydsn\Generated_Source\PSoC4\CyLFClk.c ****     * CySysTimerDisableIsr() for DeepSleep Timer function to disable servicing
3138:C:\Program Files (x86)\Cypress\PSoC Creator\4.4\PSoC Creator\1\LWO2.cydsn\Generated_Source\PSoC4\CyLFClk.c ****     * interrupts of the specified WDT or DeepSleep Timer counter.
3139:C:\Program Files (x86)\Cypress\PSoC Creator\4.4\PSoC Creator\1\LWO2.cydsn\Generated_Source\PSoC4\CyLFClk.c ****     *
3140:C:\Program Files (x86)\Cypress\PSoC Creator\4.4\PSoC Creator\1\LWO2.cydsn\Generated_Source\PSoC4\CyLFClk.c ****     * - Call the CySysWdtSetInterruptCallback() for WDT or 
3141:C:\Program Files (x86)\Cypress\PSoC Creator\4.4\PSoC Creator\1\LWO2.cydsn\Generated_Source\PSoC4\CyLFClk.c ****     * CySysTimerSetInterruptCallback() for DeepSleep Timer function to register 
3142:C:\Program Files (x86)\Cypress\PSoC Creator\4.4\PSoC Creator\1\LWO2.cydsn\Generated_Source\PSoC4\CyLFClk.c ****     * the callback function for the corresponding WDT or DeepSleep Timer counter.
3143:C:\Program Files (x86)\Cypress\PSoC Creator\4.4\PSoC Creator\1\LWO2.cydsn\Generated_Source\PSoC4\CyLFClk.c ****     *
3144:C:\Program Files (x86)\Cypress\PSoC Creator\4.4\PSoC Creator\1\LWO2.cydsn\Generated_Source\PSoC4\CyLFClk.c ****     * - Call the CySysTimerDelay() function.
3145:C:\Program Files (x86)\Cypress\PSoC Creator\4.4\PSoC Creator\1\LWO2.cydsn\Generated_Source\PSoC4\CyLFClk.c ****     *
3146:C:\Program Files (x86)\Cypress\PSoC Creator\4.4\PSoC Creator\1\LWO2.cydsn\Generated_Source\PSoC4\CyLFClk.c ****     * \param counterNum Valid range [0-1]. The number of the WDT or DeepSleep 
3147:C:\Program Files (x86)\Cypress\PSoC Creator\4.4\PSoC Creator\1\LWO2.cydsn\Generated_Source\PSoC4\CyLFClk.c ****     * Timer.
3148:C:\Program Files (x86)\Cypress\PSoC Creator\4.4\PSoC Creator\1\LWO2.cydsn\Generated_Source\PSoC4\CyLFClk.c ****     * counter (Timer0 or Timer1).
3149:C:\Program Files (x86)\Cypress\PSoC Creator\4.4\PSoC Creator\1\LWO2.cydsn\Generated_Source\PSoC4\CyLFClk.c ****     * \param delayType  CY_SYS_TIMER_WAIT - "WAIT" mode.<br>
3150:C:\Program Files (x86)\Cypress\PSoC Creator\4.4\PSoC Creator\1\LWO2.cydsn\Generated_Source\PSoC4\CyLFClk.c ****     * CY_SYS_TIMER_INTERRUPT - "INTERRUPT" mode.
3151:C:\Program Files (x86)\Cypress\PSoC Creator\4.4\PSoC Creator\1\LWO2.cydsn\Generated_Source\PSoC4\CyLFClk.c ****     * \param delay The delay value in the LFCLK ticks
3152:C:\Program Files (x86)\Cypress\PSoC Creator\4.4\PSoC Creator\1\LWO2.cydsn\Generated_Source\PSoC4\CyLFClk.c ****     * (allowable range - 16-bit value).
3153:C:\Program Files (x86)\Cypress\PSoC Creator\4.4\PSoC Creator\1\LWO2.cydsn\Generated_Source\PSoC4\CyLFClk.c ****     *
3154:C:\Program Files (x86)\Cypress\PSoC Creator\4.4\PSoC Creator\1\LWO2.cydsn\Generated_Source\PSoC4\CyLFClk.c ****     * \details
3155:C:\Program Files (x86)\Cypress\PSoC Creator\4.4\PSoC Creator\1\LWO2.cydsn\Generated_Source\PSoC4\CyLFClk.c ****     * In the "INTERRUPT" mode, this function enables ISR callback servicing
3156:C:\Program Files (x86)\Cypress\PSoC Creator\4.4\PSoC Creator\1\LWO2.cydsn\Generated_Source\PSoC4\CyLFClk.c ****     * from the corresponding WDT counter. Servicing of this ISR callback will be
3157:C:\Program Files (x86)\Cypress\PSoC Creator\4.4\PSoC Creator\1\LWO2.cydsn\Generated_Source\PSoC4\CyLFClk.c ****     * disabled after the expiration of the delay time.
3158:C:\Program Files (x86)\Cypress\PSoC Creator\4.4\PSoC Creator\1\LWO2.cydsn\Generated_Source\PSoC4\CyLFClk.c ****     *
3159:C:\Program Files (x86)\Cypress\PSoC Creator\4.4\PSoC Creator\1\LWO2.cydsn\Generated_Source\PSoC4\CyLFClk.c ****     *******************************************************************************/
3160:C:\Program Files (x86)\Cypress\PSoC Creator\4.4\PSoC Creator\1\LWO2.cydsn\Generated_Source\PSoC4\CyLFClk.c ****     void CySysTimerDelayUntilMatch(uint32 counterNum, cy_sys_timer_delaytype_enum delayType, uint32
3161:C:\Program Files (x86)\Cypress\PSoC Creator\4.4\PSoC Creator\1\LWO2.cydsn\Generated_Source\PSoC4\CyLFClk.c ****     {
 2049              		.loc 1 3161 0
 2050              		.cfi_startproc
 2051              		@ args = 0, pretend = 0, frame = 0
 2052              		@ frame_needed = 0, uses_anonymous_args = 0
 2053              	.LVL204:
 2054 0000 70B5     		push	{r4, r5, r6, lr}
 2055              		.cfi_def_cfa_offset 16
 2056              		.cfi_offset 4, -16
 2057              		.cfi_offset 5, -12
 2058              		.cfi_offset 6, -8
 2059              		.cfi_offset 14, -4
 2060 0002 0400     		movs	r4, r0
 2061 0004 0E00     		movs	r6, r1
 2062 0006 1500     		movs	r5, r2
3162:C:\Program Files (x86)\Cypress\PSoC Creator\4.4\PSoC Creator\1\LWO2.cydsn\Generated_Source\PSoC4\CyLFClk.c ****         uint32 tmpValue;
3163:C:\Program Files (x86)\Cypress\PSoC Creator\4.4\PSoC Creator\1\LWO2.cydsn\Generated_Source\PSoC4\CyLFClk.c **** 
3164:C:\Program Files (x86)\Cypress\PSoC Creator\4.4\PSoC Creator\1\LWO2.cydsn\Generated_Source\PSoC4\CyLFClk.c ****         #if(CY_IP_SRSSV2)
3165:C:\Program Files (x86)\Cypress\PSoC Creator\4.4\PSoC Creator\1\LWO2.cydsn\Generated_Source\PSoC4\CyLFClk.c ****             if((counterNum < CY_SYS_WDT_COUNTER2) && (0uL == CySysWdtGetClearOnMatch(counterNum)) &
 2063              		.loc 1 3165 0
 2064 0008 0128     		cmp	r0, #1
 2065 000a 23D8     		bhi	.L173
 2066              		.loc 1 3165 0 is_stmt 0 discriminator 1
ARM GAS  C:\Users\taips\AppData\Local\Temp\cc8A2Ndf.s 			page 97


 2067 000c FFF7FEFF 		bl	CySysWdtGetClearOnMatch
 2068              	.LVL205:
 2069 0010 0028     		cmp	r0, #0
 2070 0012 1FD1     		bne	.L173
 2071              		.loc 1 3165 0 discriminator 2
 2072 0014 114B     		ldr	r3, .L178
 2073 0016 9D42     		cmp	r5, r3
 2074 0018 1CD8     		bhi	.L173
3166:C:\Program Files (x86)\Cypress\PSoC Creator\4.4\PSoC Creator\1\LWO2.cydsn\Generated_Source\PSoC4\CyLFClk.c ****                                                                 (match <= CY_SYS_UINT16_MAX_VAL))
3167:C:\Program Files (x86)\Cypress\PSoC Creator\4.4\PSoC Creator\1\LWO2.cydsn\Generated_Source\PSoC4\CyLFClk.c ****             {
3168:C:\Program Files (x86)\Cypress\PSoC Creator\4.4\PSoC Creator\1\LWO2.cydsn\Generated_Source\PSoC4\CyLFClk.c ****                 if(delayType == CY_SYS_TIMER_WAIT)
 2075              		.loc 1 3168 0 is_stmt 1
 2076 001a 002E     		cmp	r6, #0
 2077 001c 0AD1     		bne	.L174
 2078              	.L175:
3169:C:\Program Files (x86)\Cypress\PSoC Creator\4.4\PSoC Creator\1\LWO2.cydsn\Generated_Source\PSoC4\CyLFClk.c ****                 {
3170:C:\Program Files (x86)\Cypress\PSoC Creator\4.4\PSoC Creator\1\LWO2.cydsn\Generated_Source\PSoC4\CyLFClk.c ****                     do
3171:C:\Program Files (x86)\Cypress\PSoC Creator\4.4\PSoC Creator\1\LWO2.cydsn\Generated_Source\PSoC4\CyLFClk.c ****                     {
3172:C:\Program Files (x86)\Cypress\PSoC Creator\4.4\PSoC Creator\1\LWO2.cydsn\Generated_Source\PSoC4\CyLFClk.c ****                         tmpValue = CySysWdtGetCount(counterNum);
 2079              		.loc 1 3172 0 discriminator 1
 2080 001e 2000     		movs	r0, r4
 2081 0020 FFF7FEFF 		bl	CySysWdtGetCount
 2082              	.LVL206:
3173:C:\Program Files (x86)\Cypress\PSoC Creator\4.4\PSoC Creator\1\LWO2.cydsn\Generated_Source\PSoC4\CyLFClk.c ****                     }while(tmpValue > match);
 2083              		.loc 1 3173 0 discriminator 1
 2084 0024 8542     		cmp	r5, r0
 2085 0026 FAD3     		bcc	.L175
 2086              	.L176:
3174:C:\Program Files (x86)\Cypress\PSoC Creator\4.4\PSoC Creator\1\LWO2.cydsn\Generated_Source\PSoC4\CyLFClk.c **** 
3175:C:\Program Files (x86)\Cypress\PSoC Creator\4.4\PSoC Creator\1\LWO2.cydsn\Generated_Source\PSoC4\CyLFClk.c ****                     do
3176:C:\Program Files (x86)\Cypress\PSoC Creator\4.4\PSoC Creator\1\LWO2.cydsn\Generated_Source\PSoC4\CyLFClk.c ****                     {
3177:C:\Program Files (x86)\Cypress\PSoC Creator\4.4\PSoC Creator\1\LWO2.cydsn\Generated_Source\PSoC4\CyLFClk.c ****                         tmpValue = CySysWdtGetCount(counterNum);
 2087              		.loc 1 3177 0 discriminator 1
 2088 0028 2000     		movs	r0, r4
 2089              	.LVL207:
 2090 002a FFF7FEFF 		bl	CySysWdtGetCount
 2091              	.LVL208:
3178:C:\Program Files (x86)\Cypress\PSoC Creator\4.4\PSoC Creator\1\LWO2.cydsn\Generated_Source\PSoC4\CyLFClk.c ****                     }while(tmpValue < match);
 2092              		.loc 1 3178 0 discriminator 1
 2093 002e 8542     		cmp	r5, r0
 2094 0030 FAD8     		bhi	.L176
 2095 0032 12E0     		b	.L172
 2096              	.LVL209:
 2097              	.L174:
3179:C:\Program Files (x86)\Cypress\PSoC Creator\4.4\PSoC Creator\1\LWO2.cydsn\Generated_Source\PSoC4\CyLFClk.c ****                 }
3180:C:\Program Files (x86)\Cypress\PSoC Creator\4.4\PSoC Creator\1\LWO2.cydsn\Generated_Source\PSoC4\CyLFClk.c ****                 else
3181:C:\Program Files (x86)\Cypress\PSoC Creator\4.4\PSoC Creator\1\LWO2.cydsn\Generated_Source\PSoC4\CyLFClk.c ****                 {
3182:C:\Program Files (x86)\Cypress\PSoC Creator\4.4\PSoC Creator\1\LWO2.cydsn\Generated_Source\PSoC4\CyLFClk.c ****                     tmpValue = counterIntMaskTbl[counterNum];
 2098              		.loc 1 3182 0
 2099 0034 A200     		lsls	r2, r4, #2
 2100 0036 0A4B     		ldr	r3, .L178+4
 2101 0038 D658     		ldr	r6, [r2, r3]
 2102              	.LVL210:
3183:C:\Program Files (x86)\Cypress\PSoC Creator\4.4\PSoC Creator\1\LWO2.cydsn\Generated_Source\PSoC4\CyLFClk.c ****                     CySysWdtSetMatch(counterNum, match);
 2103              		.loc 1 3183 0
 2104 003a 2900     		movs	r1, r5
 2105 003c 2000     		movs	r0, r4
ARM GAS  C:\Users\taips\AppData\Local\Temp\cc8A2Ndf.s 			page 98


 2106 003e FFF7FEFF 		bl	CySysWdtSetMatch
 2107              	.LVL211:
3184:C:\Program Files (x86)\Cypress\PSoC Creator\4.4\PSoC Creator\1\LWO2.cydsn\Generated_Source\PSoC4\CyLFClk.c **** 
3185:C:\Program Files (x86)\Cypress\PSoC Creator\4.4\PSoC Creator\1\LWO2.cydsn\Generated_Source\PSoC4\CyLFClk.c ****                     disableServicedIsr  |= tmpValue;
 2108              		.loc 1 3185 0
 2109 0042 084A     		ldr	r2, .L178+8
 2110 0044 D369     		ldr	r3, [r2, #28]
 2111 0046 3343     		orrs	r3, r6
 2112 0048 D361     		str	r3, [r2, #28]
3186:C:\Program Files (x86)\Cypress\PSoC Creator\4.4\PSoC Creator\1\LWO2.cydsn\Generated_Source\PSoC4\CyLFClk.c ****                     wdtIsrMask |= tmpValue;
 2113              		.loc 1 3186 0
 2114 004a 074A     		ldr	r2, .L178+12
 2115 004c 1368     		ldr	r3, [r2]
 2116 004e 3343     		orrs	r3, r6
 2117 0050 1360     		str	r3, [r2]
 2118 0052 02E0     		b	.L172
 2119              	.LVL212:
 2120              	.L173:
3187:C:\Program Files (x86)\Cypress\PSoC Creator\4.4\PSoC Creator\1\LWO2.cydsn\Generated_Source\PSoC4\CyLFClk.c ****                 }
3188:C:\Program Files (x86)\Cypress\PSoC Creator\4.4\PSoC Creator\1\LWO2.cydsn\Generated_Source\PSoC4\CyLFClk.c ****             }
3189:C:\Program Files (x86)\Cypress\PSoC Creator\4.4\PSoC Creator\1\LWO2.cydsn\Generated_Source\PSoC4\CyLFClk.c ****             else
3190:C:\Program Files (x86)\Cypress\PSoC Creator\4.4\PSoC Creator\1\LWO2.cydsn\Generated_Source\PSoC4\CyLFClk.c ****             {
3191:C:\Program Files (x86)\Cypress\PSoC Creator\4.4\PSoC Creator\1\LWO2.cydsn\Generated_Source\PSoC4\CyLFClk.c ****                 CYASSERT(0u != 0u);
 2121              		.loc 1 3191 0 discriminator 1
 2122 0054 0020     		movs	r0, #0
 2123 0056 FFF7FEFF 		bl	CyHalt
 2124              	.LVL213:
 2125              	.L172:
3192:C:\Program Files (x86)\Cypress\PSoC Creator\4.4\PSoC Creator\1\LWO2.cydsn\Generated_Source\PSoC4\CyLFClk.c ****             }
3193:C:\Program Files (x86)\Cypress\PSoC Creator\4.4\PSoC Creator\1\LWO2.cydsn\Generated_Source\PSoC4\CyLFClk.c **** 
3194:C:\Program Files (x86)\Cypress\PSoC Creator\4.4\PSoC Creator\1\LWO2.cydsn\Generated_Source\PSoC4\CyLFClk.c ****         #endif /* (CY_IP_SRSSV2) */  
3195:C:\Program Files (x86)\Cypress\PSoC Creator\4.4\PSoC Creator\1\LWO2.cydsn\Generated_Source\PSoC4\CyLFClk.c **** 
3196:C:\Program Files (x86)\Cypress\PSoC Creator\4.4\PSoC Creator\1\LWO2.cydsn\Generated_Source\PSoC4\CyLFClk.c ****         #if(CY_IP_WCO_WDT_EN && CY_IP_SRSSLT)
3197:C:\Program Files (x86)\Cypress\PSoC Creator\4.4\PSoC Creator\1\LWO2.cydsn\Generated_Source\PSoC4\CyLFClk.c ****         if((counterNum < CY_SYS_TIMER2) && (0uL == CySysTimerGetClearOnMatch(counterNum)) &&
3198:C:\Program Files (x86)\Cypress\PSoC Creator\4.4\PSoC Creator\1\LWO2.cydsn\Generated_Source\PSoC4\CyLFClk.c ****                                                         (match <= CY_SYS_UINT16_MAX_VAL))
3199:C:\Program Files (x86)\Cypress\PSoC Creator\4.4\PSoC Creator\1\LWO2.cydsn\Generated_Source\PSoC4\CyLFClk.c ****         {
3200:C:\Program Files (x86)\Cypress\PSoC Creator\4.4\PSoC Creator\1\LWO2.cydsn\Generated_Source\PSoC4\CyLFClk.c ****             if(delayType == CY_SYS_TIMER_WAIT)
3201:C:\Program Files (x86)\Cypress\PSoC Creator\4.4\PSoC Creator\1\LWO2.cydsn\Generated_Source\PSoC4\CyLFClk.c ****             {
3202:C:\Program Files (x86)\Cypress\PSoC Creator\4.4\PSoC Creator\1\LWO2.cydsn\Generated_Source\PSoC4\CyLFClk.c ****                 do
3203:C:\Program Files (x86)\Cypress\PSoC Creator\4.4\PSoC Creator\1\LWO2.cydsn\Generated_Source\PSoC4\CyLFClk.c ****                 {
3204:C:\Program Files (x86)\Cypress\PSoC Creator\4.4\PSoC Creator\1\LWO2.cydsn\Generated_Source\PSoC4\CyLFClk.c ****                     tmpValue = CySysTimerGetCount(counterNum);
3205:C:\Program Files (x86)\Cypress\PSoC Creator\4.4\PSoC Creator\1\LWO2.cydsn\Generated_Source\PSoC4\CyLFClk.c ****                 }while(tmpValue > match);
3206:C:\Program Files (x86)\Cypress\PSoC Creator\4.4\PSoC Creator\1\LWO2.cydsn\Generated_Source\PSoC4\CyLFClk.c **** 
3207:C:\Program Files (x86)\Cypress\PSoC Creator\4.4\PSoC Creator\1\LWO2.cydsn\Generated_Source\PSoC4\CyLFClk.c ****                 do
3208:C:\Program Files (x86)\Cypress\PSoC Creator\4.4\PSoC Creator\1\LWO2.cydsn\Generated_Source\PSoC4\CyLFClk.c ****                 {
3209:C:\Program Files (x86)\Cypress\PSoC Creator\4.4\PSoC Creator\1\LWO2.cydsn\Generated_Source\PSoC4\CyLFClk.c ****                     tmpValue = CySysTimerGetCount(counterNum);
3210:C:\Program Files (x86)\Cypress\PSoC Creator\4.4\PSoC Creator\1\LWO2.cydsn\Generated_Source\PSoC4\CyLFClk.c ****                 }while(tmpValue < match);
3211:C:\Program Files (x86)\Cypress\PSoC Creator\4.4\PSoC Creator\1\LWO2.cydsn\Generated_Source\PSoC4\CyLFClk.c ****             }
3212:C:\Program Files (x86)\Cypress\PSoC Creator\4.4\PSoC Creator\1\LWO2.cydsn\Generated_Source\PSoC4\CyLFClk.c ****             else
3213:C:\Program Files (x86)\Cypress\PSoC Creator\4.4\PSoC Creator\1\LWO2.cydsn\Generated_Source\PSoC4\CyLFClk.c ****             {
3214:C:\Program Files (x86)\Cypress\PSoC Creator\4.4\PSoC Creator\1\LWO2.cydsn\Generated_Source\PSoC4\CyLFClk.c ****                 tmpValue = counterTimerIntMaskTbl[counterNum];
3215:C:\Program Files (x86)\Cypress\PSoC Creator\4.4\PSoC Creator\1\LWO2.cydsn\Generated_Source\PSoC4\CyLFClk.c ****                 CySysTimerSetMatch(counterNum, match);
3216:C:\Program Files (x86)\Cypress\PSoC Creator\4.4\PSoC Creator\1\LWO2.cydsn\Generated_Source\PSoC4\CyLFClk.c **** 
3217:C:\Program Files (x86)\Cypress\PSoC Creator\4.4\PSoC Creator\1\LWO2.cydsn\Generated_Source\PSoC4\CyLFClk.c ****                 disableTimerServicedIsr  |= tmpValue;
3218:C:\Program Files (x86)\Cypress\PSoC Creator\4.4\PSoC Creator\1\LWO2.cydsn\Generated_Source\PSoC4\CyLFClk.c ****                 timerIsrMask |= tmpValue;
3219:C:\Program Files (x86)\Cypress\PSoC Creator\4.4\PSoC Creator\1\LWO2.cydsn\Generated_Source\PSoC4\CyLFClk.c ****             }
3220:C:\Program Files (x86)\Cypress\PSoC Creator\4.4\PSoC Creator\1\LWO2.cydsn\Generated_Source\PSoC4\CyLFClk.c ****         }
ARM GAS  C:\Users\taips\AppData\Local\Temp\cc8A2Ndf.s 			page 99


3221:C:\Program Files (x86)\Cypress\PSoC Creator\4.4\PSoC Creator\1\LWO2.cydsn\Generated_Source\PSoC4\CyLFClk.c ****         else
3222:C:\Program Files (x86)\Cypress\PSoC Creator\4.4\PSoC Creator\1\LWO2.cydsn\Generated_Source\PSoC4\CyLFClk.c ****         {
3223:C:\Program Files (x86)\Cypress\PSoC Creator\4.4\PSoC Creator\1\LWO2.cydsn\Generated_Source\PSoC4\CyLFClk.c ****             CYASSERT(0u != 0u);
3224:C:\Program Files (x86)\Cypress\PSoC Creator\4.4\PSoC Creator\1\LWO2.cydsn\Generated_Source\PSoC4\CyLFClk.c ****         }
3225:C:\Program Files (x86)\Cypress\PSoC Creator\4.4\PSoC Creator\1\LWO2.cydsn\Generated_Source\PSoC4\CyLFClk.c ****         #endif /* (CY_IP_WCO_WDT_EN && CY_IP_SRSSLT) */
3226:C:\Program Files (x86)\Cypress\PSoC Creator\4.4\PSoC Creator\1\LWO2.cydsn\Generated_Source\PSoC4\CyLFClk.c ****     }
 2126              		.loc 1 3226 0
 2127              		@ sp needed
 2128              	.LVL214:
 2129              	.LVL215:
 2130 005a 70BD     		pop	{r4, r5, r6, pc}
 2131              	.L179:
 2132              		.align	2
 2133              	.L178:
 2134 005c FFFF0000 		.word	65535
 2135 0060 00000000 		.word	.LANCHOR1
 2136 0064 00000000 		.word	.LANCHOR0
 2137 0068 00000000 		.word	.LANCHOR2
 2138              		.cfi_endproc
 2139              	.LFE35:
 2140              		.size	CySysTimerDelayUntilMatch, .-CySysTimerDelayUntilMatch
 2141              		.section	.text.CySysTimerDelay,"ax",%progbits
 2142              		.align	2
 2143              		.global	CySysTimerDelay
 2144              		.code	16
 2145              		.thumb_func
 2146              		.type	CySysTimerDelay, %function
 2147              	CySysTimerDelay:
 2148              	.LFB34:
3032:C:\Program Files (x86)\Cypress\PSoC Creator\4.4\PSoC Creator\1\LWO2.cydsn\Generated_Source\PSoC4\CyLFClk.c ****         uint32 regValue;
 2149              		.loc 1 3032 0
 2150              		.cfi_startproc
 2151              		@ args = 0, pretend = 0, frame = 0
 2152              		@ frame_needed = 0, uses_anonymous_args = 0
 2153              	.LVL216:
 2154 0000 70B5     		push	{r4, r5, r6, lr}
 2155              		.cfi_def_cfa_offset 16
 2156              		.cfi_offset 4, -16
 2157              		.cfi_offset 5, -12
 2158              		.cfi_offset 6, -8
 2159              		.cfi_offset 14, -4
 2160 0002 0400     		movs	r4, r0
 2161 0004 0E00     		movs	r6, r1
 2162 0006 1500     		movs	r5, r2
3037:C:\Program Files (x86)\Cypress\PSoC Creator\4.4\PSoC Creator\1\LWO2.cydsn\Generated_Source\PSoC4\CyLFClk.c ****                                                                 (delay <= CY_SYS_UINT16_MAX_VAL))
 2163              		.loc 1 3037 0
 2164 0008 0128     		cmp	r0, #1
 2165 000a 11D8     		bhi	.L181
3037:C:\Program Files (x86)\Cypress\PSoC Creator\4.4\PSoC Creator\1\LWO2.cydsn\Generated_Source\PSoC4\CyLFClk.c ****                                                                 (delay <= CY_SYS_UINT16_MAX_VAL))
 2166              		.loc 1 3037 0 is_stmt 0 discriminator 1
 2167 000c FFF7FEFF 		bl	CySysWdtGetClearOnMatch
 2168              	.LVL217:
 2169 0010 0028     		cmp	r0, #0
 2170 0012 0DD1     		bne	.L181
3037:C:\Program Files (x86)\Cypress\PSoC Creator\4.4\PSoC Creator\1\LWO2.cydsn\Generated_Source\PSoC4\CyLFClk.c ****                                                                 (delay <= CY_SYS_UINT16_MAX_VAL))
 2171              		.loc 1 3037 0 discriminator 2
 2172 0014 084B     		ldr	r3, .L183
ARM GAS  C:\Users\taips\AppData\Local\Temp\cc8A2Ndf.s 			page 100


 2173 0016 9D42     		cmp	r5, r3
 2174 0018 0AD8     		bhi	.L181
3040:C:\Program Files (x86)\Cypress\PSoC Creator\4.4\PSoC Creator\1\LWO2.cydsn\Generated_Source\PSoC4\CyLFClk.c ****                 matchValue = (regValue + delay) & (uint32)CY_SYS_UINT16_MAX_VAL;
 2175              		.loc 1 3040 0 is_stmt 1
 2176 001a 2000     		movs	r0, r4
 2177 001c FFF7FEFF 		bl	CySysWdtGetCount
 2178              	.LVL218:
3041:C:\Program Files (x86)\Cypress\PSoC Creator\4.4\PSoC Creator\1\LWO2.cydsn\Generated_Source\PSoC4\CyLFClk.c **** 
 2179              		.loc 1 3041 0
 2180 0020 2A18     		adds	r2, r5, r0
 2181 0022 1204     		lsls	r2, r2, #16
 2182 0024 120C     		lsrs	r2, r2, #16
 2183              	.LVL219:
3043:C:\Program Files (x86)\Cypress\PSoC Creator\4.4\PSoC Creator\1\LWO2.cydsn\Generated_Source\PSoC4\CyLFClk.c ****             }
 2184              		.loc 1 3043 0
 2185 0026 3100     		movs	r1, r6
 2186 0028 2000     		movs	r0, r4
 2187              	.LVL220:
 2188 002a FFF7FEFF 		bl	CySysTimerDelayUntilMatch
 2189              	.LVL221:
 2190 002e 02E0     		b	.L180
 2191              	.L181:
3047:C:\Program Files (x86)\Cypress\PSoC Creator\4.4\PSoC Creator\1\LWO2.cydsn\Generated_Source\PSoC4\CyLFClk.c ****             }
 2192              		.loc 1 3047 0 discriminator 1
 2193 0030 0020     		movs	r0, #0
 2194 0032 FFF7FEFF 		bl	CyHalt
 2195              	.LVL222:
 2196              	.L180:
3065:C:\Program Files (x86)\Cypress\PSoC Creator\4.4\PSoC Creator\1\LWO2.cydsn\Generated_Source\PSoC4\CyLFClk.c **** 
 2197              		.loc 1 3065 0
 2198              		@ sp needed
 2199              	.LVL223:
 2200              	.LVL224:
 2201 0036 70BD     		pop	{r4, r5, r6, pc}
 2202              	.L184:
 2203              		.align	2
 2204              	.L183:
 2205 0038 FFFF0000 		.word	65535
 2206              		.cfi_endproc
 2207              	.LFE34:
 2208              		.size	CySysTimerDelay, .-CySysTimerDelay
 2209              		.section	.rodata
 2210              		.align	2
 2211              		.set	.LANCHOR1,. + 0
 2212              		.type	counterIntMaskTbl, %object
 2213              		.size	counterIntMaskTbl, 12
 2214              	counterIntMaskTbl:
 2215 0000 04000000 		.word	4
 2216 0004 00040000 		.word	1024
 2217 0008 00000400 		.word	262144
 2218              		.data
 2219              		.align	2
 2220              		.set	.LANCHOR2,. + 0
 2221              		.type	wdtIsrMask, %object
 2222              		.size	wdtIsrMask, 4
 2223              	wdtIsrMask:
 2224 0000 04040400 		.word	263172
ARM GAS  C:\Users\taips\AppData\Local\Temp\cc8A2Ndf.s 			page 101


 2225              		.bss
 2226              		.align	2
 2227              		.set	.LANCHOR0,. + 0
 2228              		.type	compensateRunningStatus.4836, %object
 2229              		.size	compensateRunningStatus.4836, 4
 2230              	compensateRunningStatus.4836:
 2231 0000 00000000 		.space	4
 2232              		.type	lfclkPosedgeWdtCounter0Enabled, %object
 2233              		.size	lfclkPosedgeWdtCounter0Enabled, 4
 2234              	lfclkPosedgeWdtCounter0Enabled:
 2235 0004 00000000 		.space	4
 2236              		.type	lfclkPosedgeWdtCounter0Mode, %object
 2237              		.size	lfclkPosedgeWdtCounter0Mode, 4
 2238              	lfclkPosedgeWdtCounter0Mode:
 2239 0008 00000000 		.space	4
 2240              		.type	lfclkPosedgeEnabledWdtCounter.4967, %object
 2241              		.size	lfclkPosedgeEnabledWdtCounter.4967, 4
 2242              	lfclkPosedgeEnabledWdtCounter.4967:
 2243 000c 00000000 		.space	4
 2244              		.type	cySysWdtCallback, %object
 2245              		.size	cySysWdtCallback, 12
 2246              	cySysWdtCallback:
 2247 0010 00000000 		.space	12
 2247      00000000 
 2247      00000000 
 2248              		.type	disableServicedIsr, %object
 2249              		.size	disableServicedIsr, 4
 2250              	disableServicedIsr:
 2251 001c 00000000 		.space	4
 2252              		.text
 2253              	.Letext0:
 2254              		.file 2 "C:\\Program Files (x86)\\Cypress\\PSoC Creator\\4.4\\PSoC Creator\\1\\LWO2.cydsn\\Generat
 2255              		.file 3 "C:\\Program Files (x86)\\Cypress\\PSoC Creator\\4.4\\PSoC Creator\\1\\LWO2.cydsn\\Generat
 2256              		.file 4 "C:\\Program Files (x86)\\Cypress\\PSoC Creator\\4.4\\PSoC Creator\\1\\LWO2.cydsn\\Generat
 2257              		.section	.debug_info,"",%progbits
 2258              	.Ldebug_info0:
 2259 0000 F60C0000 		.4byte	0xcf6
 2260 0004 0400     		.2byte	0x4
 2261 0006 00000000 		.4byte	.Ldebug_abbrev0
 2262 000a 04       		.byte	0x4
 2263 000b 01       		.uleb128 0x1
 2264 000c A9000000 		.4byte	.LASF98
 2265 0010 0C       		.byte	0xc
 2266 0011 62020000 		.4byte	.LASF99
 2267 0015 00000000 		.4byte	.Ldebug_ranges0+0
 2268 0019 00000000 		.4byte	0
 2269 001d 00000000 		.4byte	.Ldebug_line0
 2270 0021 02       		.uleb128 0x2
 2271 0022 04       		.byte	0x4
 2272 0023 07       		.byte	0x7
 2273 0024 5B030000 		.4byte	.LASF0
 2274 0028 02       		.uleb128 0x2
 2275 0029 01       		.byte	0x1
 2276 002a 06       		.byte	0x6
 2277 002b 7B010000 		.4byte	.LASF1
 2278 002f 02       		.uleb128 0x2
 2279 0030 01       		.byte	0x1
ARM GAS  C:\Users\taips\AppData\Local\Temp\cc8A2Ndf.s 			page 102


 2280 0031 08       		.byte	0x8
 2281 0032 66050000 		.4byte	.LASF2
 2282 0036 02       		.uleb128 0x2
 2283 0037 02       		.byte	0x2
 2284 0038 05       		.byte	0x5
 2285 0039 B0050000 		.4byte	.LASF3
 2286 003d 02       		.uleb128 0x2
 2287 003e 02       		.byte	0x2
 2288 003f 07       		.byte	0x7
 2289 0040 ED030000 		.4byte	.LASF4
 2290 0044 02       		.uleb128 0x2
 2291 0045 04       		.byte	0x4
 2292 0046 05       		.byte	0x5
 2293 0047 D6010000 		.4byte	.LASF5
 2294 004b 02       		.uleb128 0x2
 2295 004c 04       		.byte	0x4
 2296 004d 07       		.byte	0x7
 2297 004e 8C030000 		.4byte	.LASF6
 2298 0052 02       		.uleb128 0x2
 2299 0053 08       		.byte	0x8
 2300 0054 05       		.byte	0x5
 2301 0055 6D010000 		.4byte	.LASF7
 2302 0059 02       		.uleb128 0x2
 2303 005a 08       		.byte	0x8
 2304 005b 07       		.byte	0x7
 2305 005c 56010000 		.4byte	.LASF8
 2306 0060 03       		.uleb128 0x3
 2307 0061 04       		.byte	0x4
 2308 0062 05       		.byte	0x5
 2309 0063 696E7400 		.ascii	"int\000"
 2310 0067 04       		.uleb128 0x4
 2311 0068 E8010000 		.4byte	.LASF9
 2312 006c 02       		.byte	0x2
 2313 006d FB01     		.2byte	0x1fb
 2314 006f 2F000000 		.4byte	0x2f
 2315 0073 04       		.uleb128 0x4
 2316 0074 00000000 		.4byte	.LASF10
 2317 0078 02       		.byte	0x2
 2318 0079 FC01     		.2byte	0x1fc
 2319 007b 3D000000 		.4byte	0x3d
 2320 007f 04       		.uleb128 0x4
 2321 0080 40020000 		.4byte	.LASF11
 2322 0084 02       		.byte	0x2
 2323 0085 FD01     		.2byte	0x1fd
 2324 0087 4B000000 		.4byte	0x4b
 2325 008b 02       		.uleb128 0x2
 2326 008c 04       		.byte	0x4
 2327 008d 04       		.byte	0x4
 2328 008e 20050000 		.4byte	.LASF12
 2329 0092 02       		.uleb128 0x2
 2330 0093 08       		.byte	0x8
 2331 0094 04       		.byte	0x4
 2332 0095 F5010000 		.4byte	.LASF13
 2333 0099 02       		.uleb128 0x2
 2334 009a 01       		.byte	0x1
 2335 009b 08       		.byte	0x8
 2336 009c 38060000 		.4byte	.LASF14
ARM GAS  C:\Users\taips\AppData\Local\Temp\cc8A2Ndf.s 			page 103


 2337 00a0 04       		.uleb128 0x4
 2338 00a1 FA060000 		.4byte	.LASF15
 2339 00a5 02       		.byte	0x2
 2340 00a6 9D02     		.2byte	0x29d
 2341 00a8 4B000000 		.4byte	0x4b
 2342 00ac 04       		.uleb128 0x4
 2343 00ad 68040000 		.4byte	.LASF16
 2344 00b1 02       		.byte	0x2
 2345 00b2 A702     		.2byte	0x2a7
 2346 00b4 B8000000 		.4byte	0xb8
 2347 00b8 05       		.uleb128 0x5
 2348 00b9 7F000000 		.4byte	0x7f
 2349 00bd 06       		.uleb128 0x6
 2350 00be 04       		.byte	0x4
 2351 00bf C3000000 		.4byte	0xc3
 2352 00c3 07       		.uleb128 0x7
 2353 00c4 08       		.uleb128 0x8
 2354 00c5 01       		.byte	0x1
 2355 00c6 2F000000 		.4byte	0x2f
 2356 00ca 03       		.byte	0x3
 2357 00cb 1A       		.byte	0x1a
 2358 00cc DD000000 		.4byte	0xdd
 2359 00d0 09       		.uleb128 0x9
 2360 00d1 C7040000 		.4byte	.LASF17
 2361 00d5 00       		.byte	0
 2362 00d6 09       		.uleb128 0x9
 2363 00d7 2E070000 		.4byte	.LASF18
 2364 00db 01       		.byte	0x1
 2365 00dc 00       		.byte	0
 2366 00dd 0A       		.uleb128 0xa
 2367 00de B5010000 		.4byte	.LASF19
 2368 00e2 03       		.byte	0x3
 2369 00e3 1D       		.byte	0x1d
 2370 00e4 C4000000 		.4byte	0xc4
 2371 00e8 0A       		.uleb128 0xa
 2372 00e9 9D010000 		.4byte	.LASF20
 2373 00ed 03       		.byte	0x3
 2374 00ee 58       		.byte	0x58
 2375 00ef BD000000 		.4byte	0xbd
 2376 00f3 02       		.uleb128 0x2
 2377 00f4 08       		.byte	0x8
 2378 00f5 04       		.byte	0x4
 2379 00f6 A4040000 		.4byte	.LASF21
 2380 00fa 02       		.uleb128 0x2
 2381 00fb 04       		.byte	0x4
 2382 00fc 07       		.byte	0x7
 2383 00fd 9B040000 		.4byte	.LASF22
 2384 0101 0B       		.uleb128 0xb
 2385 0102 F0050000 		.4byte	.LASF23
 2386 0106 01       		.byte	0x1
 2387 0107 7201     		.2byte	0x172
 2388 0109 7F000000 		.4byte	0x7f
 2389 010d 00000000 		.4byte	.LFB5
 2390 0111 14000000 		.4byte	.LFE5-.LFB5
 2391 0115 01       		.uleb128 0x1
 2392 0116 9C       		.byte	0x9c
 2393 0117 0B       		.uleb128 0xb
ARM GAS  C:\Users\taips\AppData\Local\Temp\cc8A2Ndf.s 			page 104


 2394 0118 50050000 		.4byte	.LASF24
 2395 011c 01       		.byte	0x1
 2396 011d C903     		.2byte	0x3c9
 2397 011f 7F000000 		.4byte	0x7f
 2398 0123 00000000 		.4byte	.LFB7
 2399 0127 14000000 		.4byte	.LFE7-.LFB7
 2400 012b 01       		.uleb128 0x1
 2401 012c 9C       		.byte	0x9c
 2402 012d 0C       		.uleb128 0xc
 2403 012e 42040000 		.4byte	.LASF25
 2404 0132 01       		.byte	0x1
 2405 0133 53       		.byte	0x53
 2406 0134 00000000 		.4byte	.LFB0
 2407 0138 14000000 		.4byte	.LFE0-.LFB0
 2408 013c 01       		.uleb128 0x1
 2409 013d 9C       		.byte	0x9c
 2410 013e 0C       		.uleb128 0xc
 2411 013f D4050000 		.4byte	.LASF26
 2412 0143 01       		.byte	0x1
 2413 0144 A8       		.byte	0xa8
 2414 0145 00000000 		.4byte	.LFB2
 2415 0149 34000000 		.4byte	.LFE2-.LFB2
 2416 014d 01       		.uleb128 0x1
 2417 014e 9C       		.byte	0x9c
 2418 014f 0C       		.uleb128 0xc
 2419 0150 47020000 		.4byte	.LASF27
 2420 0154 01       		.byte	0x1
 2421 0155 C9       		.byte	0xc9
 2422 0156 00000000 		.4byte	.LFB3
 2423 015a 14000000 		.4byte	.LFE3-.LFB3
 2424 015e 01       		.uleb128 0x1
 2425 015f 9C       		.byte	0x9c
 2426 0160 0D       		.uleb128 0xd
 2427 0161 18070000 		.4byte	.LASF38
 2428 0165 01       		.byte	0x1
 2429 0166 0B01     		.2byte	0x10b
 2430 0168 A0000000 		.4byte	0xa0
 2431 016c 00000000 		.4byte	.LFB4
 2432 0170 04010000 		.4byte	.LFE4-.LFB4
 2433 0174 01       		.uleb128 0x1
 2434 0175 9C       		.byte	0x9c
 2435 0176 ED010000 		.4byte	0x1ed
 2436 017a 0E       		.uleb128 0xe
 2437 017b 7F030000 		.4byte	.LASF28
 2438 017f 01       		.byte	0x1
 2439 0180 0B01     		.2byte	0x10b
 2440 0182 7F000000 		.4byte	0x7f
 2441 0186 00000000 		.4byte	.LLST0
 2442 018a 0E       		.uleb128 0xe
 2443 018b FC010000 		.4byte	.LASF29
 2444 018f 01       		.byte	0x1
 2445 0190 0B01     		.2byte	0x10b
 2446 0192 ED010000 		.4byte	0x1ed
 2447 0196 F5000000 		.4byte	.LLST1
 2448 019a 0F       		.uleb128 0xf
 2449 019b 1E020000 		.4byte	.LASF30
 2450 019f 01       		.byte	0x1
ARM GAS  C:\Users\taips\AppData\Local\Temp\cc8A2Ndf.s 			page 105


 2451 01a0 0D01     		.2byte	0x10d
 2452 01a2 7F000000 		.4byte	0x7f
 2453 01a6 4D010000 		.4byte	.LLST2
 2454 01aa 0F       		.uleb128 0xf
 2455 01ab A1060000 		.4byte	.LASF31
 2456 01af 01       		.byte	0x1
 2457 01b0 0E01     		.2byte	0x10e
 2458 01b2 7F000000 		.4byte	0x7f
 2459 01b6 77010000 		.4byte	.LLST3
 2460 01ba 10       		.uleb128 0x10
 2461 01bb 74050000 		.4byte	.LASF32
 2462 01bf 01       		.byte	0x1
 2463 01c0 0F01     		.2byte	0x10f
 2464 01c2 7F000000 		.4byte	0x7f
 2465 01c6 05       		.uleb128 0x5
 2466 01c7 03       		.byte	0x3
 2467 01c8 00000000 		.4byte	compensateRunningStatus.4836
 2468 01cc 0F       		.uleb128 0xf
 2469 01cd D9040000 		.4byte	.LASF33
 2470 01d1 01       		.byte	0x1
 2471 01d2 1001     		.2byte	0x110
 2472 01d4 7F000000 		.4byte	0x7f
 2473 01d8 BF010000 		.4byte	.LLST4
 2474 01dc 0F       		.uleb128 0xf
 2475 01dd 8E040000 		.4byte	.LASF34
 2476 01e1 01       		.byte	0x1
 2477 01e2 1101     		.2byte	0x111
 2478 01e4 A0000000 		.4byte	0xa0
 2479 01e8 DD010000 		.4byte	.LLST5
 2480 01ec 00       		.byte	0
 2481 01ed 06       		.uleb128 0x6
 2482 01ee 04       		.byte	0x4
 2483 01ef 7F000000 		.4byte	0x7f
 2484 01f3 11       		.uleb128 0x11
 2485 01f4 90010000 		.4byte	.LASF36
 2486 01f8 01       		.byte	0x1
 2487 01f9 B403     		.2byte	0x3b4
 2488 01fb 00000000 		.4byte	.LFB6
 2489 01ff 1C000000 		.4byte	.LFE6-.LFB6
 2490 0203 01       		.uleb128 0x1
 2491 0204 9C       		.byte	0x9c
 2492 0205 2C020000 		.4byte	0x22c
 2493 0209 0F       		.uleb128 0xf
 2494 020a 9E030000 		.4byte	.LASF35
 2495 020e 01       		.byte	0x1
 2496 020f B603     		.2byte	0x3b6
 2497 0211 67000000 		.4byte	0x67
 2498 0215 08020000 		.4byte	.LLST6
 2499 0219 12       		.uleb128 0x12
 2500 021a 06000000 		.4byte	.LVL37
 2501 021e CD0C0000 		.4byte	0xccd
 2502 0222 12       		.uleb128 0x12
 2503 0223 16000000 		.4byte	.LVL38
 2504 0227 D80C0000 		.4byte	0xcd8
 2505 022b 00       		.byte	0
 2506 022c 11       		.uleb128 0x11
 2507 022d 50000000 		.4byte	.LASF37
ARM GAS  C:\Users\taips\AppData\Local\Temp\cc8A2Ndf.s 			page 106


 2508 0231 01       		.byte	0x1
 2509 0232 D703     		.2byte	0x3d7
 2510 0234 00000000 		.4byte	.LFB8
 2511 0238 30000000 		.4byte	.LFE8-.LFB8
 2512 023c 01       		.uleb128 0x1
 2513 023d 9C       		.byte	0x9c
 2514 023e 65020000 		.4byte	0x265
 2515 0242 0F       		.uleb128 0xf
 2516 0243 9E030000 		.4byte	.LASF35
 2517 0247 01       		.byte	0x1
 2518 0248 D903     		.2byte	0x3d9
 2519 024a 67000000 		.4byte	0x67
 2520 024e 1B020000 		.4byte	.LLST7
 2521 0252 12       		.uleb128 0x12
 2522 0253 06000000 		.4byte	.LVL39
 2523 0257 CD0C0000 		.4byte	0xccd
 2524 025b 12       		.uleb128 0x12
 2525 025c 26000000 		.4byte	.LVL40
 2526 0260 D80C0000 		.4byte	0xcd8
 2527 0264 00       		.byte	0
 2528 0265 13       		.uleb128 0x13
 2529 0266 00040000 		.4byte	.LASF39
 2530 026a 01       		.byte	0x1
 2531 026b F903     		.2byte	0x3f9
 2532 026d 7F000000 		.4byte	0x7f
 2533 0271 00000000 		.4byte	.LFB9
 2534 0275 24000000 		.4byte	.LFE9-.LFB9
 2535 0279 01       		.uleb128 0x1
 2536 027a 9C       		.byte	0x9c
 2537 027b 9F020000 		.4byte	0x29f
 2538 027f 0E       		.uleb128 0xe
 2539 0280 71000000 		.4byte	.LASF40
 2540 0284 01       		.byte	0x1
 2541 0285 F903     		.2byte	0x3f9
 2542 0287 7F000000 		.4byte	0x7f
 2543 028b 2E020000 		.4byte	.LLST8
 2544 028f 14       		.uleb128 0x14
 2545 0290 0E000000 		.4byte	.LVL43
 2546 0294 E30C0000 		.4byte	0xce3
 2547 0298 15       		.uleb128 0x15
 2548 0299 01       		.uleb128 0x1
 2549 029a 50       		.byte	0x50
 2550 029b 01       		.uleb128 0x1
 2551 029c 30       		.byte	0x30
 2552 029d 00       		.byte	0
 2553 029e 00       		.byte	0
 2554 029f 11       		.uleb128 0x11
 2555 02a0 40000000 		.4byte	.LASF41
 2556 02a4 01       		.byte	0x1
 2557 02a5 1704     		.2byte	0x417
 2558 02a7 00000000 		.4byte	.LFB10
 2559 02ab 38000000 		.4byte	.LFE10-.LFB10
 2560 02af 01       		.uleb128 0x1
 2561 02b0 9C       		.byte	0x9c
 2562 02b1 09030000 		.4byte	0x309
 2563 02b5 0E       		.uleb128 0xe
 2564 02b6 71000000 		.4byte	.LASF40
ARM GAS  C:\Users\taips\AppData\Local\Temp\cc8A2Ndf.s 			page 107


 2565 02ba 01       		.byte	0x1
 2566 02bb 1704     		.2byte	0x417
 2567 02bd 7F000000 		.4byte	0x7f
 2568 02c1 5A020000 		.4byte	.LLST9
 2569 02c5 0E       		.uleb128 0xe
 2570 02c6 3D060000 		.4byte	.LASF42
 2571 02ca 01       		.byte	0x1
 2572 02cb 1704     		.2byte	0x417
 2573 02cd 7F000000 		.4byte	0x7f
 2574 02d1 86020000 		.4byte	.LLST10
 2575 02d5 0F       		.uleb128 0xf
 2576 02d6 B6060000 		.4byte	.LASF43
 2577 02da 01       		.byte	0x1
 2578 02db 1904     		.2byte	0x419
 2579 02dd 7F000000 		.4byte	0x7f
 2580 02e1 B2020000 		.4byte	.LLST11
 2581 02e5 16       		.uleb128 0x16
 2582 02e6 10000000 		.4byte	.LVL47
 2583 02ea E30C0000 		.4byte	0xce3
 2584 02ee F8020000 		.4byte	0x2f8
 2585 02f2 15       		.uleb128 0x15
 2586 02f3 01       		.uleb128 0x1
 2587 02f4 50       		.byte	0x50
 2588 02f5 01       		.uleb128 0x1
 2589 02f6 30       		.byte	0x30
 2590 02f7 00       		.byte	0
 2591 02f8 14       		.uleb128 0x14
 2592 02f9 16000000 		.4byte	.LVL48
 2593 02fd 65020000 		.4byte	0x265
 2594 0301 15       		.uleb128 0x15
 2595 0302 01       		.uleb128 0x1
 2596 0303 50       		.byte	0x50
 2597 0304 02       		.uleb128 0x2
 2598 0305 74       		.byte	0x74
 2599 0306 00       		.sleb128 0
 2600 0307 00       		.byte	0
 2601 0308 00       		.byte	0
 2602 0309 17       		.uleb128 0x17
 2603 030a B8030000 		.4byte	.LASF63
 2604 030e 01       		.byte	0x1
 2605 030f 6607     		.2byte	0x766
 2606 0311 00000000 		.4byte	.LFB33
 2607 0315 2C000000 		.4byte	.LFE33-.LFB33
 2608 0319 01       		.uleb128 0x1
 2609 031a 9C       		.byte	0x9c
 2610 031b 2F030000 		.4byte	0x32f
 2611 031f 14       		.uleb128 0x14
 2612 0320 1E000000 		.4byte	.LVL54
 2613 0324 9F020000 		.4byte	0x29f
 2614 0328 15       		.uleb128 0x15
 2615 0329 01       		.uleb128 0x1
 2616 032a 50       		.byte	0x50
 2617 032b 01       		.uleb128 0x1
 2618 032c 30       		.byte	0x30
 2619 032d 00       		.byte	0
 2620 032e 00       		.byte	0
 2621 032f 13       		.uleb128 0x13
ARM GAS  C:\Users\taips\AppData\Local\Temp\cc8A2Ndf.s 			page 108


 2622 0330 91060000 		.4byte	.LASF44
 2623 0334 01       		.byte	0x1
 2624 0335 3304     		.2byte	0x433
 2625 0337 7F000000 		.4byte	0x7f
 2626 033b 00000000 		.4byte	.LFB11
 2627 033f 14000000 		.4byte	.LFE11-.LFB11
 2628 0343 01       		.uleb128 0x1
 2629 0344 9C       		.byte	0x9c
 2630 0345 5A030000 		.4byte	0x35a
 2631 0349 0E       		.uleb128 0xe
 2632 034a 71000000 		.4byte	.LASF40
 2633 034e 01       		.byte	0x1
 2634 034f 3304     		.2byte	0x433
 2635 0351 7F000000 		.4byte	0x7f
 2636 0355 D0020000 		.4byte	.LLST12
 2637 0359 00       		.byte	0
 2638 035a 11       		.uleb128 0x11
 2639 035b 66060000 		.4byte	.LASF45
 2640 035f 01       		.byte	0x1
 2641 0360 5004     		.2byte	0x450
 2642 0362 00000000 		.4byte	.LFB12
 2643 0366 34000000 		.4byte	.LFE12-.LFB12
 2644 036a 01       		.uleb128 0x1
 2645 036b 9C       		.byte	0x9c
 2646 036c C4030000 		.4byte	0x3c4
 2647 0370 0E       		.uleb128 0xe
 2648 0371 71000000 		.4byte	.LASF40
 2649 0375 01       		.byte	0x1
 2650 0376 5004     		.2byte	0x450
 2651 0378 7F000000 		.4byte	0x7f
 2652 037c FC020000 		.4byte	.LLST13
 2653 0380 0E       		.uleb128 0xe
 2654 0381 EE010000 		.4byte	.LASF46
 2655 0385 01       		.byte	0x1
 2656 0386 5004     		.2byte	0x450
 2657 0388 7F000000 		.4byte	0x7f
 2658 038c 28030000 		.4byte	.LLST14
 2659 0390 0F       		.uleb128 0xf
 2660 0391 B6060000 		.4byte	.LASF43
 2661 0395 01       		.byte	0x1
 2662 0396 5204     		.2byte	0x452
 2663 0398 7F000000 		.4byte	0x7f
 2664 039c 54030000 		.4byte	.LLST15
 2665 03a0 16       		.uleb128 0x16
 2666 03a1 10000000 		.4byte	.LVL60
 2667 03a5 E30C0000 		.4byte	0xce3
 2668 03a9 B3030000 		.4byte	0x3b3
 2669 03ad 15       		.uleb128 0x15
 2670 03ae 01       		.uleb128 0x1
 2671 03af 50       		.byte	0x50
 2672 03b0 01       		.uleb128 0x1
 2673 03b1 30       		.byte	0x30
 2674 03b2 00       		.byte	0
 2675 03b3 14       		.uleb128 0x14
 2676 03b4 16000000 		.4byte	.LVL61
 2677 03b8 65020000 		.4byte	0x265
 2678 03bc 15       		.uleb128 0x15
ARM GAS  C:\Users\taips\AppData\Local\Temp\cc8A2Ndf.s 			page 109


 2679 03bd 01       		.uleb128 0x1
 2680 03be 50       		.byte	0x50
 2681 03bf 02       		.uleb128 0x2
 2682 03c0 74       		.byte	0x74
 2683 03c1 00       		.sleb128 0
 2684 03c2 00       		.byte	0
 2685 03c3 00       		.byte	0
 2686 03c4 13       		.uleb128 0x13
 2687 03c5 43030000 		.4byte	.LASF47
 2688 03c9 01       		.byte	0x1
 2689 03ca 7104     		.2byte	0x471
 2690 03cc 7F000000 		.4byte	0x7f
 2691 03d0 00000000 		.4byte	.LFB13
 2692 03d4 24000000 		.4byte	.LFE13-.LFB13
 2693 03d8 01       		.uleb128 0x1
 2694 03d9 9C       		.byte	0x9c
 2695 03da FE030000 		.4byte	0x3fe
 2696 03de 0E       		.uleb128 0xe
 2697 03df 71000000 		.4byte	.LASF40
 2698 03e3 01       		.byte	0x1
 2699 03e4 7104     		.2byte	0x471
 2700 03e6 7F000000 		.4byte	0x7f
 2701 03ea 72030000 		.4byte	.LLST16
 2702 03ee 14       		.uleb128 0x14
 2703 03ef 0E000000 		.4byte	.LVL69
 2704 03f3 E30C0000 		.4byte	0xce3
 2705 03f7 15       		.uleb128 0x15
 2706 03f8 01       		.uleb128 0x1
 2707 03f9 50       		.byte	0x50
 2708 03fa 01       		.uleb128 0x1
 2709 03fb 30       		.byte	0x30
 2710 03fc 00       		.byte	0
 2711 03fd 00       		.byte	0
 2712 03fe 11       		.uleb128 0x11
 2713 03ff 0B030000 		.4byte	.LASF48
 2714 0403 01       		.byte	0x1
 2715 0404 9A04     		.2byte	0x49a
 2716 0406 00000000 		.4byte	.LFB14
 2717 040a 40000000 		.4byte	.LFE14-.LFB14
 2718 040e 01       		.uleb128 0x1
 2719 040f 9C       		.byte	0x9c
 2720 0410 63040000 		.4byte	0x463
 2721 0414 0E       		.uleb128 0xe
 2722 0415 37030000 		.4byte	.LASF49
 2723 0419 01       		.byte	0x1
 2724 041a 9A04     		.2byte	0x49a
 2725 041c 7F000000 		.4byte	0x7f
 2726 0420 9E030000 		.4byte	.LLST17
 2727 0424 12       		.uleb128 0x12
 2728 0425 08000000 		.4byte	.LVL72
 2729 0429 2D010000 		.4byte	0x12d
 2730 042d 16       		.uleb128 0x16
 2731 042e 1A000000 		.4byte	.LVL73
 2732 0432 65020000 		.4byte	0x265
 2733 0436 40040000 		.4byte	0x440
 2734 043a 15       		.uleb128 0x15
 2735 043b 01       		.uleb128 0x1
ARM GAS  C:\Users\taips\AppData\Local\Temp\cc8A2Ndf.s 			page 110


 2736 043c 50       		.byte	0x50
 2737 043d 01       		.uleb128 0x1
 2738 043e 30       		.byte	0x30
 2739 043f 00       		.byte	0
 2740 0440 16       		.uleb128 0x16
 2741 0441 28000000 		.4byte	.LVL74
 2742 0445 65020000 		.4byte	0x265
 2743 0449 53040000 		.4byte	0x453
 2744 044d 15       		.uleb128 0x15
 2745 044e 01       		.uleb128 0x1
 2746 044f 50       		.byte	0x50
 2747 0450 01       		.uleb128 0x1
 2748 0451 31       		.byte	0x31
 2749 0452 00       		.byte	0
 2750 0453 14       		.uleb128 0x14
 2751 0454 36000000 		.4byte	.LVL75
 2752 0458 65020000 		.4byte	0x265
 2753 045c 15       		.uleb128 0x15
 2754 045d 01       		.uleb128 0x1
 2755 045e 50       		.byte	0x50
 2756 045f 01       		.uleb128 0x1
 2757 0460 32       		.byte	0x32
 2758 0461 00       		.byte	0
 2759 0462 00       		.byte	0
 2760 0463 11       		.uleb128 0x11
 2761 0464 C4050000 		.4byte	.LASF50
 2762 0468 01       		.byte	0x1
 2763 0469 CA04     		.2byte	0x4ca
 2764 046b 00000000 		.4byte	.LFB15
 2765 046f 44000000 		.4byte	.LFE15-.LFB15
 2766 0473 01       		.uleb128 0x1
 2767 0474 9C       		.byte	0x9c
 2768 0475 C8040000 		.4byte	0x4c8
 2769 0479 0E       		.uleb128 0xe
 2770 047a 37030000 		.4byte	.LASF49
 2771 047e 01       		.byte	0x1
 2772 047f CA04     		.2byte	0x4ca
 2773 0481 7F000000 		.4byte	0x7f
 2774 0485 CA030000 		.4byte	.LLST18
 2775 0489 12       		.uleb128 0x12
 2776 048a 08000000 		.4byte	.LVL78
 2777 048e 17010000 		.4byte	0x117
 2778 0492 16       		.uleb128 0x16
 2779 0493 1E000000 		.4byte	.LVL79
 2780 0497 65020000 		.4byte	0x265
 2781 049b A5040000 		.4byte	0x4a5
 2782 049f 15       		.uleb128 0x15
 2783 04a0 01       		.uleb128 0x1
 2784 04a1 50       		.byte	0x50
 2785 04a2 01       		.uleb128 0x1
 2786 04a3 30       		.byte	0x30
 2787 04a4 00       		.byte	0
 2788 04a5 16       		.uleb128 0x16
 2789 04a6 2C000000 		.4byte	.LVL80
 2790 04aa 65020000 		.4byte	0x265
 2791 04ae B8040000 		.4byte	0x4b8
 2792 04b2 15       		.uleb128 0x15
ARM GAS  C:\Users\taips\AppData\Local\Temp\cc8A2Ndf.s 			page 111


 2793 04b3 01       		.uleb128 0x1
 2794 04b4 50       		.byte	0x50
 2795 04b5 01       		.uleb128 0x1
 2796 04b6 31       		.byte	0x31
 2797 04b7 00       		.byte	0
 2798 04b8 14       		.uleb128 0x14
 2799 04b9 3A000000 		.4byte	.LVL81
 2800 04bd 65020000 		.4byte	0x265
 2801 04c1 15       		.uleb128 0x15
 2802 04c2 01       		.uleb128 0x1
 2803 04c3 50       		.byte	0x50
 2804 04c4 01       		.uleb128 0x1
 2805 04c5 32       		.byte	0x32
 2806 04c6 00       		.byte	0
 2807 04c7 00       		.byte	0
 2808 04c8 11       		.uleb128 0x11
 2809 04c9 7E060000 		.4byte	.LASF51
 2810 04cd 01       		.byte	0x1
 2811 04ce 0505     		.2byte	0x505
 2812 04d0 00000000 		.4byte	.LFB16
 2813 04d4 34000000 		.4byte	.LFE16-.LFB16
 2814 04d8 01       		.uleb128 0x1
 2815 04d9 9C       		.byte	0x9c
 2816 04da 42050000 		.4byte	0x542
 2817 04de 0E       		.uleb128 0xe
 2818 04df EE060000 		.4byte	.LASF52
 2819 04e3 01       		.byte	0x1
 2820 04e4 0505     		.2byte	0x505
 2821 04e6 7F000000 		.4byte	0x7f
 2822 04ea F6030000 		.4byte	.LLST19
 2823 04ee 0F       		.uleb128 0xf
 2824 04ef B6060000 		.4byte	.LASF43
 2825 04f3 01       		.byte	0x1
 2826 04f4 0705     		.2byte	0x507
 2827 04f6 7F000000 		.4byte	0x7f
 2828 04fa 22040000 		.4byte	.LLST20
 2829 04fe 10       		.uleb128 0x10
 2830 04ff EB020000 		.4byte	.LASF53
 2831 0503 01       		.byte	0x1
 2832 0504 0805     		.2byte	0x508
 2833 0506 7F000000 		.4byte	0x7f
 2834 050a 01       		.uleb128 0x1
 2835 050b 50       		.byte	0x50
 2836 050c 16       		.uleb128 0x16
 2837 050d 0A000000 		.4byte	.LVL85
 2838 0511 65020000 		.4byte	0x265
 2839 0515 1F050000 		.4byte	0x51f
 2840 0519 15       		.uleb128 0x15
 2841 051a 01       		.uleb128 0x1
 2842 051b 50       		.byte	0x50
 2843 051c 01       		.uleb128 0x1
 2844 051d 30       		.byte	0x30
 2845 051e 00       		.byte	0
 2846 051f 16       		.uleb128 0x16
 2847 0520 12000000 		.4byte	.LVL86
 2848 0524 65020000 		.4byte	0x265
 2849 0528 32050000 		.4byte	0x532
ARM GAS  C:\Users\taips\AppData\Local\Temp\cc8A2Ndf.s 			page 112


 2850 052c 15       		.uleb128 0x15
 2851 052d 01       		.uleb128 0x1
 2852 052e 50       		.byte	0x50
 2853 052f 01       		.uleb128 0x1
 2854 0530 31       		.byte	0x31
 2855 0531 00       		.byte	0
 2856 0532 14       		.uleb128 0x14
 2857 0533 1A000000 		.4byte	.LVL87
 2858 0537 65020000 		.4byte	0x265
 2859 053b 15       		.uleb128 0x15
 2860 053c 01       		.uleb128 0x1
 2861 053d 50       		.byte	0x50
 2862 053e 01       		.uleb128 0x1
 2863 053f 32       		.byte	0x32
 2864 0540 00       		.byte	0
 2865 0541 00       		.byte	0
 2866 0542 18       		.uleb128 0x18
 2867 0543 96000000 		.4byte	.LASF59
 2868 0547 01       		.byte	0x1
 2869 0548 2405     		.2byte	0x524
 2870 054a 7F000000 		.4byte	0x7f
 2871 054e 00000000 		.4byte	.LFB17
 2872 0552 14000000 		.4byte	.LFE17-.LFB17
 2873 0556 01       		.uleb128 0x1
 2874 0557 9C       		.byte	0x9c
 2875 0558 11       		.uleb128 0x11
 2876 0559 DA020000 		.4byte	.LASF54
 2877 055d 01       		.byte	0x1
 2878 055e 3805     		.2byte	0x538
 2879 0560 00000000 		.4byte	.LFB18
 2880 0564 38000000 		.4byte	.LFE18-.LFB18
 2881 0568 01       		.uleb128 0x1
 2882 0569 9C       		.byte	0x9c
 2883 056a D6050000 		.4byte	0x5d6
 2884 056e 0E       		.uleb128 0xe
 2885 056f 71000000 		.4byte	.LASF40
 2886 0573 01       		.byte	0x1
 2887 0574 3805     		.2byte	0x538
 2888 0576 7F000000 		.4byte	0x7f
 2889 057a 4B040000 		.4byte	.LLST21
 2890 057e 0E       		.uleb128 0xe
 2891 057f C1040000 		.4byte	.LASF55
 2892 0583 01       		.byte	0x1
 2893 0584 3805     		.2byte	0x538
 2894 0586 7F000000 		.4byte	0x7f
 2895 058a 77040000 		.4byte	.LLST22
 2896 058e 0F       		.uleb128 0xf
 2897 058f DF010000 		.4byte	.LASF56
 2898 0593 01       		.byte	0x1
 2899 0594 3A05     		.2byte	0x53a
 2900 0596 7F000000 		.4byte	0x7f
 2901 059a A3040000 		.4byte	.LLST23
 2902 059e 16       		.uleb128 0x16
 2903 059f 10000000 		.4byte	.LVL95
 2904 05a3 E30C0000 		.4byte	0xce3
 2905 05a7 B1050000 		.4byte	0x5b1
 2906 05ab 15       		.uleb128 0x15
ARM GAS  C:\Users\taips\AppData\Local\Temp\cc8A2Ndf.s 			page 113


 2907 05ac 01       		.uleb128 0x1
 2908 05ad 50       		.byte	0x50
 2909 05ae 01       		.uleb128 0x1
 2910 05af 30       		.byte	0x30
 2911 05b0 00       		.byte	0
 2912 05b1 16       		.uleb128 0x16
 2913 05b2 16000000 		.4byte	.LVL96
 2914 05b6 EE0C0000 		.4byte	0xcee
 2915 05ba C5050000 		.4byte	0x5c5
 2916 05be 15       		.uleb128 0x15
 2917 05bf 01       		.uleb128 0x1
 2918 05c0 50       		.byte	0x50
 2919 05c1 02       		.uleb128 0x2
 2920 05c2 08       		.byte	0x8
 2921 05c3 C9       		.byte	0xc9
 2922 05c4 00       		.byte	0
 2923 05c5 14       		.uleb128 0x14
 2924 05c6 2E000000 		.4byte	.LVL101
 2925 05ca EE0C0000 		.4byte	0xcee
 2926 05ce 15       		.uleb128 0x15
 2927 05cf 01       		.uleb128 0x1
 2928 05d0 50       		.byte	0x50
 2929 05d1 02       		.uleb128 0x2
 2930 05d2 08       		.byte	0x8
 2931 05d3 43       		.byte	0x43
 2932 05d4 00       		.byte	0
 2933 05d5 00       		.byte	0
 2934 05d6 11       		.uleb128 0x11
 2935 05d7 53040000 		.4byte	.LASF57
 2936 05db 01       		.byte	0x1
 2937 05dc 5F05     		.2byte	0x55f
 2938 05de 00000000 		.4byte	.LFB19
 2939 05e2 30000000 		.4byte	.LFE19-.LFB19
 2940 05e6 01       		.uleb128 0x1
 2941 05e7 9C       		.byte	0x9c
 2942 05e8 1C060000 		.4byte	0x61c
 2943 05ec 0E       		.uleb128 0xe
 2944 05ed D1010000 		.4byte	.LASF58
 2945 05f1 01       		.byte	0x1
 2946 05f2 5F05     		.2byte	0x55f
 2947 05f4 7F000000 		.4byte	0x7f
 2948 05f8 B6040000 		.4byte	.LLST24
 2949 05fc 0F       		.uleb128 0xf
 2950 05fd B6060000 		.4byte	.LASF43
 2951 0601 01       		.byte	0x1
 2952 0602 6105     		.2byte	0x561
 2953 0604 7F000000 		.4byte	0x7f
 2954 0608 E2040000 		.4byte	.LLST25
 2955 060c 14       		.uleb128 0x14
 2956 060d 0A000000 		.4byte	.LVL104
 2957 0611 65020000 		.4byte	0x265
 2958 0615 15       		.uleb128 0x15
 2959 0616 01       		.uleb128 0x1
 2960 0617 50       		.byte	0x50
 2961 0618 01       		.uleb128 0x1
 2962 0619 32       		.byte	0x32
 2963 061a 00       		.byte	0
ARM GAS  C:\Users\taips\AppData\Local\Temp\cc8A2Ndf.s 			page 114


 2964 061b 00       		.byte	0
 2965 061c 18       		.uleb128 0x18
 2966 061d 03070000 		.4byte	.LASF60
 2967 0621 01       		.byte	0x1
 2968 0622 7605     		.2byte	0x576
 2969 0624 7F000000 		.4byte	0x7f
 2970 0628 00000000 		.4byte	.LFB20
 2971 062c 10000000 		.4byte	.LFE20-.LFB20
 2972 0630 01       		.uleb128 0x1
 2973 0631 9C       		.byte	0x9c
 2974 0632 13       		.uleb128 0x13
 2975 0633 B0040000 		.4byte	.LASF61
 2976 0637 01       		.byte	0x1
 2977 0638 8805     		.2byte	0x588
 2978 063a 7F000000 		.4byte	0x7f
 2979 063e 00000000 		.4byte	.LFB21
 2980 0642 20000000 		.4byte	.LFE21-.LFB21
 2981 0646 01       		.uleb128 0x1
 2982 0647 9C       		.byte	0x9c
 2983 0648 6C060000 		.4byte	0x66c
 2984 064c 0E       		.uleb128 0xe
 2985 064d 71000000 		.4byte	.LASF40
 2986 0651 01       		.byte	0x1
 2987 0652 8805     		.2byte	0x588
 2988 0654 7F000000 		.4byte	0x7f
 2989 0658 0B050000 		.4byte	.LLST26
 2990 065c 14       		.uleb128 0x14
 2991 065d 0E000000 		.4byte	.LVL112
 2992 0661 E30C0000 		.4byte	0xce3
 2993 0665 15       		.uleb128 0x15
 2994 0666 01       		.uleb128 0x1
 2995 0667 50       		.byte	0x50
 2996 0668 01       		.uleb128 0x1
 2997 0669 30       		.byte	0x30
 2998 066a 00       		.byte	0
 2999 066b 00       		.byte	0
 3000 066c 13       		.uleb128 0x13
 3001 066d 42060000 		.4byte	.LASF62
 3002 0671 01       		.byte	0x1
 3003 0672 9E05     		.2byte	0x59e
 3004 0674 7F000000 		.4byte	0x7f
 3005 0678 00000000 		.4byte	.LFB22
 3006 067c 3C000000 		.4byte	.LFE22-.LFB22
 3007 0680 01       		.uleb128 0x1
 3008 0681 9C       		.byte	0x9c
 3009 0682 B6060000 		.4byte	0x6b6
 3010 0686 0E       		.uleb128 0xe
 3011 0687 71000000 		.4byte	.LASF40
 3012 068b 01       		.byte	0x1
 3013 068c 9E05     		.2byte	0x59e
 3014 068e 7F000000 		.4byte	0x7f
 3015 0692 37050000 		.4byte	.LLST27
 3016 0696 0F       		.uleb128 0xf
 3017 0697 DF010000 		.4byte	.LASF56
 3018 069b 01       		.byte	0x1
 3019 069c A005     		.2byte	0x5a0
 3020 069e 7F000000 		.4byte	0x7f
ARM GAS  C:\Users\taips\AppData\Local\Temp\cc8A2Ndf.s 			page 115


 3021 06a2 A3050000 		.4byte	.LLST28
 3022 06a6 14       		.uleb128 0x14
 3023 06a7 2E000000 		.4byte	.LVL125
 3024 06ab E30C0000 		.4byte	0xce3
 3025 06af 15       		.uleb128 0x15
 3026 06b0 01       		.uleb128 0x1
 3027 06b1 50       		.byte	0x50
 3028 06b2 01       		.uleb128 0x1
 3029 06b3 30       		.byte	0x30
 3030 06b4 00       		.byte	0
 3031 06b5 00       		.byte	0
 3032 06b6 17       		.uleb128 0x17
 3033 06b7 7C000000 		.4byte	.LASF64
 3034 06bb 01       		.byte	0x1
 3035 06bc 3007     		.2byte	0x730
 3036 06be 00000000 		.4byte	.LFB32
 3037 06c2 74000000 		.4byte	.LFE32-.LFB32
 3038 06c6 01       		.uleb128 0x1
 3039 06c7 9C       		.byte	0x9c
 3040 06c8 78070000 		.4byte	0x778
 3041 06cc 0F       		.uleb128 0xf
 3042 06cd 68030000 		.4byte	.LASF65
 3043 06d1 01       		.byte	0x1
 3044 06d2 3207     		.2byte	0x732
 3045 06d4 7F000000 		.4byte	0x7f
 3046 06d8 07060000 		.4byte	.LLST29
 3047 06dc 10       		.uleb128 0x10
 3048 06dd 8C050000 		.4byte	.LASF66
 3049 06e1 01       		.byte	0x1
 3050 06e2 3307     		.2byte	0x733
 3051 06e4 7F000000 		.4byte	0x7f
 3052 06e8 05       		.uleb128 0x5
 3053 06e9 03       		.byte	0x3
 3054 06ea 0C000000 		.4byte	lfclkPosedgeEnabledWdtCounter.4967
 3055 06ee 16       		.uleb128 0x16
 3056 06ef 08000000 		.4byte	.LVL127
 3057 06f3 65020000 		.4byte	0x265
 3058 06f7 01070000 		.4byte	0x701
 3059 06fb 15       		.uleb128 0x15
 3060 06fc 01       		.uleb128 0x1
 3061 06fd 50       		.byte	0x50
 3062 06fe 01       		.uleb128 0x1
 3063 06ff 30       		.byte	0x30
 3064 0700 00       		.byte	0
 3065 0701 16       		.uleb128 0x16
 3066 0702 1A000000 		.4byte	.LVL128
 3067 0706 65020000 		.4byte	0x265
 3068 070a 14070000 		.4byte	0x714
 3069 070e 15       		.uleb128 0x15
 3070 070f 01       		.uleb128 0x1
 3071 0710 50       		.byte	0x50
 3072 0711 01       		.uleb128 0x1
 3073 0712 31       		.byte	0x31
 3074 0713 00       		.byte	0
 3075 0714 16       		.uleb128 0x16
 3076 0715 2C000000 		.4byte	.LVL129
 3077 0719 65020000 		.4byte	0x265
ARM GAS  C:\Users\taips\AppData\Local\Temp\cc8A2Ndf.s 			page 116


 3078 071d 27070000 		.4byte	0x727
 3079 0721 15       		.uleb128 0x15
 3080 0722 01       		.uleb128 0x1
 3081 0723 50       		.byte	0x50
 3082 0724 01       		.uleb128 0x1
 3083 0725 32       		.byte	0x32
 3084 0726 00       		.byte	0
 3085 0727 16       		.uleb128 0x16
 3086 0728 48000000 		.4byte	.LVL130
 3087 072c 2F030000 		.4byte	0x32f
 3088 0730 3A070000 		.4byte	0x73a
 3089 0734 15       		.uleb128 0x15
 3090 0735 01       		.uleb128 0x1
 3091 0736 50       		.byte	0x50
 3092 0737 01       		.uleb128 0x1
 3093 0738 30       		.byte	0x30
 3094 0739 00       		.byte	0
 3095 073a 16       		.uleb128 0x16
 3096 073b 52000000 		.4byte	.LVL131
 3097 073f 9F020000 		.4byte	0x29f
 3098 0743 52070000 		.4byte	0x752
 3099 0747 15       		.uleb128 0x15
 3100 0748 01       		.uleb128 0x1
 3101 0749 50       		.byte	0x50
 3102 074a 01       		.uleb128 0x1
 3103 074b 30       		.byte	0x30
 3104 074c 15       		.uleb128 0x15
 3105 074d 01       		.uleb128 0x1
 3106 074e 51       		.byte	0x51
 3107 074f 01       		.uleb128 0x1
 3108 0750 30       		.byte	0x30
 3109 0751 00       		.byte	0
 3110 0752 16       		.uleb128 0x16
 3111 0753 58000000 		.4byte	.LVL132
 3112 0757 FE030000 		.4byte	0x3fe
 3113 075b 65070000 		.4byte	0x765
 3114 075f 15       		.uleb128 0x15
 3115 0760 01       		.uleb128 0x1
 3116 0761 50       		.byte	0x50
 3117 0762 01       		.uleb128 0x1
 3118 0763 31       		.byte	0x31
 3119 0764 00       		.byte	0
 3120 0765 12       		.uleb128 0x12
 3121 0766 60000000 		.4byte	.LVL133
 3122 076a 6C060000 		.4byte	0x66c
 3123 076e 12       		.uleb128 0x12
 3124 076f 6A000000 		.4byte	.LVL135
 3125 0773 6C060000 		.4byte	0x66c
 3126 0777 00       		.byte	0
 3127 0778 19       		.uleb128 0x19
 3128 0779 0E020000 		.4byte	.LASF67
 3129 077d 01       		.byte	0x1
 3130 077e 6C       		.byte	0x6c
 3131 077f 00000000 		.4byte	.LFB1
 3132 0783 38000000 		.4byte	.LFE1-.LFB1
 3133 0787 01       		.uleb128 0x1
 3134 0788 9C       		.byte	0x9c
ARM GAS  C:\Users\taips\AppData\Local\Temp\cc8A2Ndf.s 			page 117


 3135 0789 DA070000 		.4byte	0x7da
 3136 078d 1A       		.uleb128 0x1a
 3137 078e 9E030000 		.4byte	.LASF35
 3138 0792 01       		.byte	0x1
 3139 0793 6F       		.byte	0x6f
 3140 0794 67000000 		.4byte	0x67
 3141 0798 1A060000 		.4byte	.LLST30
 3142 079c 12       		.uleb128 0x12
 3143 079d 06000000 		.4byte	.LVL137
 3144 07a1 17010000 		.4byte	0x117
 3145 07a5 12       		.uleb128 0x12
 3146 07a6 0E000000 		.4byte	.LVL138
 3147 07aa 01010000 		.4byte	0x101
 3148 07ae 12       		.uleb128 0x12
 3149 07af 16000000 		.4byte	.LVL139
 3150 07b3 CD0C0000 		.4byte	0xccd
 3151 07b7 12       		.uleb128 0x12
 3152 07b8 1C000000 		.4byte	.LVL141
 3153 07bc B6060000 		.4byte	0x6b6
 3154 07c0 12       		.uleb128 0x12
 3155 07c1 2A000000 		.4byte	.LVL142
 3156 07c5 09030000 		.4byte	0x309
 3157 07c9 14       		.uleb128 0x14
 3158 07ca 30000000 		.4byte	.LVL143
 3159 07ce D80C0000 		.4byte	0xcd8
 3160 07d2 15       		.uleb128 0x15
 3161 07d3 01       		.uleb128 0x1
 3162 07d4 50       		.byte	0x50
 3163 07d5 02       		.uleb128 0x2
 3164 07d6 74       		.byte	0x74
 3165 07d7 00       		.sleb128 0
 3166 07d8 00       		.byte	0
 3167 07d9 00       		.byte	0
 3168 07da 18       		.uleb128 0x18
 3169 07db 03060000 		.4byte	.LASF68
 3170 07df 01       		.byte	0x1
 3171 07e0 C905     		.2byte	0x5c9
 3172 07e2 7F000000 		.4byte	0x7f
 3173 07e6 00000000 		.4byte	.LFB23
 3174 07ea 14000000 		.4byte	.LFE23-.LFB23
 3175 07ee 01       		.uleb128 0x1
 3176 07ef 9C       		.byte	0x9c
 3177 07f0 11       		.uleb128 0x11
 3178 07f1 09050000 		.4byte	.LASF69
 3179 07f5 01       		.byte	0x1
 3180 07f6 E605     		.2byte	0x5e6
 3181 07f8 00000000 		.4byte	.LFB24
 3182 07fc 4C000000 		.4byte	.LFE24-.LFB24
 3183 0800 01       		.uleb128 0x1
 3184 0801 9C       		.byte	0x9c
 3185 0802 6B080000 		.4byte	0x86b
 3186 0806 0E       		.uleb128 0xe
 3187 0807 37030000 		.4byte	.LASF49
 3188 080b 01       		.byte	0x1
 3189 080c E605     		.2byte	0x5e6
 3190 080e 7F000000 		.4byte	0x7f
 3191 0812 2D060000 		.4byte	.LLST31
ARM GAS  C:\Users\taips\AppData\Local\Temp\cc8A2Ndf.s 			page 118


 3192 0816 0F       		.uleb128 0xf
 3193 0817 9E030000 		.4byte	.LASF35
 3194 081b 01       		.byte	0x1
 3195 081c E805     		.2byte	0x5e8
 3196 081e 67000000 		.4byte	0x67
 3197 0822 6A060000 		.4byte	.LLST32
 3198 0826 0F       		.uleb128 0xf
 3199 0827 C5060000 		.4byte	.LASF70
 3200 082b 01       		.byte	0x1
 3201 082c E905     		.2byte	0x5e9
 3202 082e 7F000000 		.4byte	0x7f
 3203 0832 7D060000 		.4byte	.LLST33
 3204 0836 12       		.uleb128 0x12
 3205 0837 08000000 		.4byte	.LVL145
 3206 083b CD0C0000 		.4byte	0xccd
 3207 083f 12       		.uleb128 0x12
 3208 0840 0E000000 		.4byte	.LVL147
 3209 0844 17010000 		.4byte	0x117
 3210 0848 12       		.uleb128 0x12
 3211 0849 16000000 		.4byte	.LVL149
 3212 084d 2C020000 		.4byte	0x22c
 3213 0851 12       		.uleb128 0x12
 3214 0852 36000000 		.4byte	.LVL154
 3215 0856 F3010000 		.4byte	0x1f3
 3216 085a 14       		.uleb128 0x14
 3217 085b 3C000000 		.4byte	.LVL155
 3218 085f D80C0000 		.4byte	0xcd8
 3219 0863 15       		.uleb128 0x15
 3220 0864 01       		.uleb128 0x1
 3221 0865 50       		.byte	0x50
 3222 0866 02       		.uleb128 0x2
 3223 0867 74       		.byte	0x74
 3224 0868 00       		.sleb128 0
 3225 0869 00       		.byte	0
 3226 086a 00       		.byte	0
 3227 086b 11       		.uleb128 0x11
 3228 086c F3040000 		.4byte	.LASF71
 3229 0870 01       		.byte	0x1
 3230 0871 2006     		.2byte	0x620
 3231 0873 00000000 		.4byte	.LFB25
 3232 0877 20000000 		.4byte	.LFE25-.LFB25
 3233 087b 01       		.uleb128 0x1
 3234 087c 9C       		.byte	0x9c
 3235 087d 92080000 		.4byte	0x892
 3236 0881 0E       		.uleb128 0xe
 3237 0882 33020000 		.4byte	.LASF72
 3238 0886 01       		.byte	0x1
 3239 0887 2006     		.2byte	0x620
 3240 0889 7F000000 		.4byte	0x7f
 3241 088d 9C060000 		.4byte	.LLST34
 3242 0891 00       		.byte	0
 3243 0892 13       		.uleb128 0x13
 3244 0893 1A030000 		.4byte	.LASF73
 3245 0897 01       		.byte	0x1
 3246 0898 3A06     		.2byte	0x63a
 3247 089a E8000000 		.4byte	0xe8
 3248 089e 00000000 		.4byte	.LFB26
ARM GAS  C:\Users\taips\AppData\Local\Temp\cc8A2Ndf.s 			page 119


 3249 08a2 20000000 		.4byte	.LFE26-.LFB26
 3250 08a6 01       		.uleb128 0x1
 3251 08a7 9C       		.byte	0x9c
 3252 08a8 EC080000 		.4byte	0x8ec
 3253 08ac 0E       		.uleb128 0xe
 3254 08ad 71000000 		.4byte	.LASF40
 3255 08b1 01       		.byte	0x1
 3256 08b2 3A06     		.2byte	0x63a
 3257 08b4 7F000000 		.4byte	0x7f
 3258 08b8 BD060000 		.4byte	.LLST35
 3259 08bc 0E       		.uleb128 0xe
 3260 08bd 87010000 		.4byte	.LASF74
 3261 08c1 01       		.byte	0x1
 3262 08c2 3A06     		.2byte	0x63a
 3263 08c4 E8000000 		.4byte	0xe8
 3264 08c8 F7060000 		.4byte	.LLST36
 3265 08cc 0F       		.uleb128 0xf
 3266 08cd CD020000 		.4byte	.LASF75
 3267 08d1 01       		.byte	0x1
 3268 08d2 3C06     		.2byte	0x63c
 3269 08d4 E8000000 		.4byte	0xe8
 3270 08d8 18070000 		.4byte	.LLST37
 3271 08dc 14       		.uleb128 0x14
 3272 08dd 18000000 		.4byte	.LVL165
 3273 08e1 E30C0000 		.4byte	0xce3
 3274 08e5 15       		.uleb128 0x15
 3275 08e6 01       		.uleb128 0x1
 3276 08e7 50       		.byte	0x50
 3277 08e8 01       		.uleb128 0x1
 3278 08e9 30       		.byte	0x30
 3279 08ea 00       		.byte	0
 3280 08eb 00       		.byte	0
 3281 08ec 13       		.uleb128 0x13
 3282 08ed 19040000 		.4byte	.LASF76
 3283 08f1 01       		.byte	0x1
 3284 08f2 5806     		.2byte	0x658
 3285 08f4 E8000000 		.4byte	0xe8
 3286 08f8 00000000 		.4byte	.LFB27
 3287 08fc 20000000 		.4byte	.LFE27-.LFB27
 3288 0900 01       		.uleb128 0x1
 3289 0901 9C       		.byte	0x9c
 3290 0902 36090000 		.4byte	0x936
 3291 0906 0E       		.uleb128 0xe
 3292 0907 71000000 		.4byte	.LASF40
 3293 090b 01       		.byte	0x1
 3294 090c 5806     		.2byte	0x658
 3295 090e 7F000000 		.4byte	0x7f
 3296 0912 4E070000 		.4byte	.LLST38
 3297 0916 0F       		.uleb128 0xf
 3298 0917 73030000 		.4byte	.LASF77
 3299 091b 01       		.byte	0x1
 3300 091c 5A06     		.2byte	0x65a
 3301 091e E8000000 		.4byte	0xe8
 3302 0922 88070000 		.4byte	.LLST39
 3303 0926 14       		.uleb128 0x14
 3304 0927 16000000 		.4byte	.LVL173
 3305 092b E30C0000 		.4byte	0xce3
ARM GAS  C:\Users\taips\AppData\Local\Temp\cc8A2Ndf.s 			page 120


 3306 092f 15       		.uleb128 0x15
 3307 0930 01       		.uleb128 0x1
 3308 0931 50       		.byte	0x50
 3309 0932 01       		.uleb128 0x1
 3310 0933 30       		.byte	0x30
 3311 0934 00       		.byte	0
 3312 0935 00       		.byte	0
 3313 0936 11       		.uleb128 0x11
 3314 0937 D4030000 		.4byte	.LASF78
 3315 093b 01       		.byte	0x1
 3316 093c 7506     		.2byte	0x675
 3317 093e 00000000 		.4byte	.LFB28
 3318 0942 34000000 		.4byte	.LFE28-.LFB28
 3319 0946 01       		.uleb128 0x1
 3320 0947 9C       		.byte	0x9c
 3321 0948 6C090000 		.4byte	0x96c
 3322 094c 0E       		.uleb128 0xe
 3323 094d 71000000 		.4byte	.LASF40
 3324 0951 01       		.byte	0x1
 3325 0952 7506     		.2byte	0x675
 3326 0954 7F000000 		.4byte	0x7f
 3327 0958 BE070000 		.4byte	.LLST40
 3328 095c 14       		.uleb128 0x14
 3329 095d 24000000 		.4byte	.LVL179
 3330 0961 E30C0000 		.4byte	0xce3
 3331 0965 15       		.uleb128 0x15
 3332 0966 01       		.uleb128 0x1
 3333 0967 50       		.byte	0x50
 3334 0968 01       		.uleb128 0x1
 3335 0969 30       		.byte	0x30
 3336 096a 00       		.byte	0
 3337 096b 00       		.byte	0
 3338 096c 11       		.uleb128 0x11
 3339 096d 1E060000 		.4byte	.LASF79
 3340 0971 01       		.byte	0x1
 3341 0972 8C06     		.2byte	0x68c
 3342 0974 00000000 		.4byte	.LFB29
 3343 0978 28000000 		.4byte	.LFE29-.LFB29
 3344 097c 01       		.uleb128 0x1
 3345 097d 9C       		.byte	0x9c
 3346 097e A2090000 		.4byte	0x9a2
 3347 0982 0E       		.uleb128 0xe
 3348 0983 71000000 		.4byte	.LASF40
 3349 0987 01       		.byte	0x1
 3350 0988 8C06     		.2byte	0x68c
 3351 098a 7F000000 		.4byte	0x7f
 3352 098e F8070000 		.4byte	.LLST41
 3353 0992 14       		.uleb128 0x14
 3354 0993 1C000000 		.4byte	.LVL184
 3355 0997 E30C0000 		.4byte	0xce3
 3356 099b 15       		.uleb128 0x15
 3357 099c 01       		.uleb128 0x1
 3358 099d 50       		.byte	0x50
 3359 099e 01       		.uleb128 0x1
 3360 099f 30       		.byte	0x30
 3361 09a0 00       		.byte	0
 3362 09a1 00       		.byte	0
ARM GAS  C:\Users\taips\AppData\Local\Temp\cc8A2Ndf.s 			page 121


 3363 09a2 1B       		.uleb128 0x1b
 3364 09a3 36040000 		.4byte	.LASF80
 3365 09a7 01       		.byte	0x1
 3366 09a8 AD06     		.2byte	0x6ad
 3367 09aa 00000000 		.4byte	.LFB30
 3368 09ae A4000000 		.4byte	.LFE30-.LFB30
 3369 09b2 01       		.uleb128 0x1
 3370 09b3 9C       		.byte	0x9c
 3371 09b4 F2090000 		.4byte	0x9f2
 3372 09b8 16       		.uleb128 0x16
 3373 09b9 36000000 		.4byte	.LVL186
 3374 09bd F0070000 		.4byte	0x7f0
 3375 09c1 CB090000 		.4byte	0x9cb
 3376 09c5 15       		.uleb128 0x15
 3377 09c6 01       		.uleb128 0x1
 3378 09c7 50       		.byte	0x50
 3379 09c8 01       		.uleb128 0x1
 3380 09c9 34       		.byte	0x34
 3381 09ca 00       		.byte	0
 3382 09cb 16       		.uleb128 0x16
 3383 09cc 70000000 		.4byte	.LVL188
 3384 09d0 F0070000 		.4byte	0x7f0
 3385 09d4 E0090000 		.4byte	0x9e0
 3386 09d8 15       		.uleb128 0x15
 3387 09d9 01       		.uleb128 0x1
 3388 09da 50       		.byte	0x50
 3389 09db 03       		.uleb128 0x3
 3390 09dc 0A       		.byte	0xa
 3391 09dd 0004     		.2byte	0x400
 3392 09df 00       		.byte	0
 3393 09e0 14       		.uleb128 0x14
 3394 09e1 92000000 		.4byte	.LVL190
 3395 09e5 F0070000 		.4byte	0x7f0
 3396 09e9 15       		.uleb128 0x15
 3397 09ea 01       		.uleb128 0x1
 3398 09eb 50       		.byte	0x50
 3399 09ec 03       		.uleb128 0x3
 3400 09ed 40       		.byte	0x40
 3401 09ee 3E       		.byte	0x3e
 3402 09ef 24       		.byte	0x24
 3403 09f0 00       		.byte	0
 3404 09f1 00       		.byte	0
 3405 09f2 11       		.uleb128 0x11
 3406 09f3 5F000000 		.4byte	.LASF81
 3407 09f7 01       		.byte	0x1
 3408 09f8 EE06     		.2byte	0x6ee
 3409 09fa 00000000 		.4byte	.LFB31
 3410 09fe 60000000 		.4byte	.LFE31-.LFB31
 3411 0a02 01       		.uleb128 0x1
 3412 0a03 9C       		.byte	0x9c
 3413 0a04 BE0A0000 		.4byte	0xabe
 3414 0a08 0E       		.uleb128 0xe
 3415 0a09 71000000 		.4byte	.LASF40
 3416 0a0d 01       		.byte	0x1
 3417 0a0e EE06     		.2byte	0x6ee
 3418 0a10 7F000000 		.4byte	0x7f
 3419 0a14 32080000 		.4byte	.LLST42
ARM GAS  C:\Users\taips\AppData\Local\Temp\cc8A2Ndf.s 			page 122


 3420 0a18 16       		.uleb128 0x16
 3421 0a19 0A000000 		.4byte	.LVL192
 3422 0a1d 2F030000 		.4byte	0x32f
 3423 0a21 2C0A0000 		.4byte	0xa2c
 3424 0a25 15       		.uleb128 0x15
 3425 0a26 01       		.uleb128 0x1
 3426 0a27 50       		.byte	0x50
 3427 0a28 02       		.uleb128 0x2
 3428 0a29 74       		.byte	0x74
 3429 0a2a 00       		.sleb128 0
 3430 0a2b 00       		.byte	0
 3431 0a2c 12       		.uleb128 0x12
 3432 0a2d 14000000 		.4byte	.LVL193
 3433 0a31 F0070000 		.4byte	0x7f0
 3434 0a35 16       		.uleb128 0x16
 3435 0a36 1C000000 		.4byte	.LVL194
 3436 0a3a 2F030000 		.4byte	0x32f
 3437 0a3e 490A0000 		.4byte	0xa49
 3438 0a42 15       		.uleb128 0x15
 3439 0a43 01       		.uleb128 0x1
 3440 0a44 50       		.byte	0x50
 3441 0a45 02       		.uleb128 0x2
 3442 0a46 74       		.byte	0x74
 3443 0a47 00       		.sleb128 0
 3444 0a48 00       		.byte	0
 3445 0a49 12       		.uleb128 0x12
 3446 0a4a 26000000 		.4byte	.LVL195
 3447 0a4e 6B080000 		.4byte	0x86b
 3448 0a52 16       		.uleb128 0x16
 3449 0a53 2C000000 		.4byte	.LVL196
 3450 0a57 F0070000 		.4byte	0x7f0
 3451 0a5b 650A0000 		.4byte	0xa65
 3452 0a5f 15       		.uleb128 0x15
 3453 0a60 01       		.uleb128 0x1
 3454 0a61 50       		.byte	0x50
 3455 0a62 01       		.uleb128 0x1
 3456 0a63 34       		.byte	0x34
 3457 0a64 00       		.byte	0
 3458 0a65 12       		.uleb128 0x12
 3459 0a66 36000000 		.4byte	.LVL198
 3460 0a6a 2F030000 		.4byte	0x32f
 3461 0a6e 16       		.uleb128 0x16
 3462 0a6f 42000000 		.4byte	.LVL199
 3463 0a73 F0070000 		.4byte	0x7f0
 3464 0a77 830A0000 		.4byte	0xa83
 3465 0a7b 15       		.uleb128 0x15
 3466 0a7c 01       		.uleb128 0x1
 3467 0a7d 50       		.byte	0x50
 3468 0a7e 03       		.uleb128 0x3
 3469 0a7f 0A       		.byte	0xa
 3470 0a80 0004     		.2byte	0x400
 3471 0a82 00       		.byte	0
 3472 0a83 16       		.uleb128 0x16
 3473 0a84 4A000000 		.4byte	.LVL200
 3474 0a88 2F030000 		.4byte	0x32f
 3475 0a8c 970A0000 		.4byte	0xa97
 3476 0a90 15       		.uleb128 0x15
ARM GAS  C:\Users\taips\AppData\Local\Temp\cc8A2Ndf.s 			page 123


 3477 0a91 01       		.uleb128 0x1
 3478 0a92 50       		.byte	0x50
 3479 0a93 02       		.uleb128 0x2
 3480 0a94 74       		.byte	0x74
 3481 0a95 00       		.sleb128 0
 3482 0a96 00       		.byte	0
 3483 0a97 16       		.uleb128 0x16
 3484 0a98 56000000 		.4byte	.LVL201
 3485 0a9c 6B080000 		.4byte	0x86b
 3486 0aa0 AC0A0000 		.4byte	0xaac
 3487 0aa4 15       		.uleb128 0x15
 3488 0aa5 01       		.uleb128 0x1
 3489 0aa6 50       		.byte	0x50
 3490 0aa7 03       		.uleb128 0x3
 3491 0aa8 0A       		.byte	0xa
 3492 0aa9 0008     		.2byte	0x800
 3493 0aab 00       		.byte	0
 3494 0aac 14       		.uleb128 0x14
 3495 0aad 5E000000 		.4byte	.LVL202
 3496 0ab1 F0070000 		.4byte	0x7f0
 3497 0ab5 15       		.uleb128 0x15
 3498 0ab6 01       		.uleb128 0x1
 3499 0ab7 50       		.byte	0x50
 3500 0ab8 03       		.uleb128 0x3
 3501 0ab9 0A       		.byte	0xa
 3502 0aba 0004     		.2byte	0x400
 3503 0abc 00       		.byte	0
 3504 0abd 00       		.byte	0
 3505 0abe 11       		.uleb128 0x11
 3506 0abf 26050000 		.4byte	.LASF82
 3507 0ac3 01       		.byte	0x1
 3508 0ac4 580C     		.2byte	0xc58
 3509 0ac6 00000000 		.4byte	.LFB35
 3510 0aca 6C000000 		.4byte	.LFE35-.LFB35
 3511 0ace 01       		.uleb128 0x1
 3512 0acf 9C       		.byte	0x9c
 3513 0ad0 7A0B0000 		.4byte	0xb7a
 3514 0ad4 0E       		.uleb128 0xe
 3515 0ad5 71000000 		.4byte	.LASF40
 3516 0ad9 01       		.byte	0x1
 3517 0ada 580C     		.2byte	0xc58
 3518 0adc 7F000000 		.4byte	0x7f
 3519 0ae0 74080000 		.4byte	.LLST43
 3520 0ae4 0E       		.uleb128 0xe
 3521 0ae5 BA050000 		.4byte	.LASF83
 3522 0ae9 01       		.byte	0x1
 3523 0aea 580C     		.2byte	0xc58
 3524 0aec DD000000 		.4byte	0xdd
 3525 0af0 A0080000 		.4byte	.LLST44
 3526 0af4 0E       		.uleb128 0xe
 3527 0af5 C1040000 		.4byte	.LASF55
 3528 0af9 01       		.byte	0x1
 3529 0afa 580C     		.2byte	0xc58
 3530 0afc 7F000000 		.4byte	0x7f
 3531 0b00 C1080000 		.4byte	.LLST45
 3532 0b04 0F       		.uleb128 0xf
 3533 0b05 85040000 		.4byte	.LASF84
ARM GAS  C:\Users\taips\AppData\Local\Temp\cc8A2Ndf.s 			page 124


 3534 0b09 01       		.byte	0x1
 3535 0b0a 5A0C     		.2byte	0xc5a
 3536 0b0c 7F000000 		.4byte	0x7f
 3537 0b10 ED080000 		.4byte	.LLST46
 3538 0b14 16       		.uleb128 0x16
 3539 0b15 10000000 		.4byte	.LVL205
 3540 0b19 C4030000 		.4byte	0x3c4
 3541 0b1d 280B0000 		.4byte	0xb28
 3542 0b21 15       		.uleb128 0x15
 3543 0b22 01       		.uleb128 0x1
 3544 0b23 50       		.byte	0x50
 3545 0b24 02       		.uleb128 0x2
 3546 0b25 74       		.byte	0x74
 3547 0b26 00       		.sleb128 0
 3548 0b27 00       		.byte	0
 3549 0b28 16       		.uleb128 0x16
 3550 0b29 24000000 		.4byte	.LVL206
 3551 0b2d 6C060000 		.4byte	0x66c
 3552 0b31 3C0B0000 		.4byte	0xb3c
 3553 0b35 15       		.uleb128 0x15
 3554 0b36 01       		.uleb128 0x1
 3555 0b37 50       		.byte	0x50
 3556 0b38 02       		.uleb128 0x2
 3557 0b39 74       		.byte	0x74
 3558 0b3a 00       		.sleb128 0
 3559 0b3b 00       		.byte	0
 3560 0b3c 16       		.uleb128 0x16
 3561 0b3d 2E000000 		.4byte	.LVL208
 3562 0b41 6C060000 		.4byte	0x66c
 3563 0b45 500B0000 		.4byte	0xb50
 3564 0b49 15       		.uleb128 0x15
 3565 0b4a 01       		.uleb128 0x1
 3566 0b4b 50       		.byte	0x50
 3567 0b4c 02       		.uleb128 0x2
 3568 0b4d 74       		.byte	0x74
 3569 0b4e 00       		.sleb128 0
 3570 0b4f 00       		.byte	0
 3571 0b50 16       		.uleb128 0x16
 3572 0b51 42000000 		.4byte	.LVL211
 3573 0b55 58050000 		.4byte	0x558
 3574 0b59 6A0B0000 		.4byte	0xb6a
 3575 0b5d 15       		.uleb128 0x15
 3576 0b5e 01       		.uleb128 0x1
 3577 0b5f 50       		.byte	0x50
 3578 0b60 02       		.uleb128 0x2
 3579 0b61 74       		.byte	0x74
 3580 0b62 00       		.sleb128 0
 3581 0b63 15       		.uleb128 0x15
 3582 0b64 01       		.uleb128 0x1
 3583 0b65 51       		.byte	0x51
 3584 0b66 02       		.uleb128 0x2
 3585 0b67 75       		.byte	0x75
 3586 0b68 00       		.sleb128 0
 3587 0b69 00       		.byte	0
 3588 0b6a 14       		.uleb128 0x14
 3589 0b6b 5A000000 		.4byte	.LVL213
 3590 0b6f E30C0000 		.4byte	0xce3
ARM GAS  C:\Users\taips\AppData\Local\Temp\cc8A2Ndf.s 			page 125


 3591 0b73 15       		.uleb128 0x15
 3592 0b74 01       		.uleb128 0x1
 3593 0b75 50       		.byte	0x50
 3594 0b76 01       		.uleb128 0x1
 3595 0b77 30       		.byte	0x30
 3596 0b78 00       		.byte	0
 3597 0b79 00       		.byte	0
 3598 0b7a 11       		.uleb128 0x11
 3599 0b7b 40050000 		.4byte	.LASF85
 3600 0b7f 01       		.byte	0x1
 3601 0b80 D70B     		.2byte	0xbd7
 3602 0b82 00000000 		.4byte	.LFB34
 3603 0b86 3C000000 		.4byte	.LFE34-.LFB34
 3604 0b8a 01       		.uleb128 0x1
 3605 0b8b 9C       		.byte	0x9c
 3606 0b8c 320C0000 		.4byte	0xc32
 3607 0b90 0E       		.uleb128 0xe
 3608 0b91 71000000 		.4byte	.LASF40
 3609 0b95 01       		.byte	0x1
 3610 0b96 D70B     		.2byte	0xbd7
 3611 0b98 7F000000 		.4byte	0x7f
 3612 0b9c 16090000 		.4byte	.LLST47
 3613 0ba0 0E       		.uleb128 0xe
 3614 0ba1 BA050000 		.4byte	.LASF83
 3615 0ba5 01       		.byte	0x1
 3616 0ba6 D70B     		.2byte	0xbd7
 3617 0ba8 DD000000 		.4byte	0xdd
 3618 0bac 42090000 		.4byte	.LLST48
 3619 0bb0 0E       		.uleb128 0xe
 3620 0bb1 AA050000 		.4byte	.LASF86
 3621 0bb5 01       		.byte	0x1
 3622 0bb6 D70B     		.2byte	0xbd7
 3623 0bb8 7F000000 		.4byte	0x7f
 3624 0bbc 63090000 		.4byte	.LLST49
 3625 0bc0 0F       		.uleb128 0xf
 3626 0bc1 DF010000 		.4byte	.LASF56
 3627 0bc5 01       		.byte	0x1
 3628 0bc6 D90B     		.2byte	0xbd9
 3629 0bc8 7F000000 		.4byte	0x7f
 3630 0bcc 8F090000 		.4byte	.LLST50
 3631 0bd0 0F       		.uleb128 0xf
 3632 0bd1 AD030000 		.4byte	.LASF87
 3633 0bd5 01       		.byte	0x1
 3634 0bd6 DA0B     		.2byte	0xbda
 3635 0bd8 7F000000 		.4byte	0x7f
 3636 0bdc A2090000 		.4byte	.LLST51
 3637 0be0 16       		.uleb128 0x16
 3638 0be1 10000000 		.4byte	.LVL217
 3639 0be5 C4030000 		.4byte	0x3c4
 3640 0be9 F40B0000 		.4byte	0xbf4
 3641 0bed 15       		.uleb128 0x15
 3642 0bee 01       		.uleb128 0x1
 3643 0bef 50       		.byte	0x50
 3644 0bf0 02       		.uleb128 0x2
 3645 0bf1 74       		.byte	0x74
 3646 0bf2 00       		.sleb128 0
 3647 0bf3 00       		.byte	0
ARM GAS  C:\Users\taips\AppData\Local\Temp\cc8A2Ndf.s 			page 126


 3648 0bf4 16       		.uleb128 0x16
 3649 0bf5 20000000 		.4byte	.LVL218
 3650 0bf9 6C060000 		.4byte	0x66c
 3651 0bfd 080C0000 		.4byte	0xc08
 3652 0c01 15       		.uleb128 0x15
 3653 0c02 01       		.uleb128 0x1
 3654 0c03 50       		.byte	0x50
 3655 0c04 02       		.uleb128 0x2
 3656 0c05 74       		.byte	0x74
 3657 0c06 00       		.sleb128 0
 3658 0c07 00       		.byte	0
 3659 0c08 16       		.uleb128 0x16
 3660 0c09 2E000000 		.4byte	.LVL221
 3661 0c0d BE0A0000 		.4byte	0xabe
 3662 0c11 220C0000 		.4byte	0xc22
 3663 0c15 15       		.uleb128 0x15
 3664 0c16 01       		.uleb128 0x1
 3665 0c17 50       		.byte	0x50
 3666 0c18 02       		.uleb128 0x2
 3667 0c19 74       		.byte	0x74
 3668 0c1a 00       		.sleb128 0
 3669 0c1b 15       		.uleb128 0x15
 3670 0c1c 01       		.uleb128 0x1
 3671 0c1d 51       		.byte	0x51
 3672 0c1e 02       		.uleb128 0x2
 3673 0c1f 76       		.byte	0x76
 3674 0c20 00       		.sleb128 0
 3675 0c21 00       		.byte	0
 3676 0c22 14       		.uleb128 0x14
 3677 0c23 36000000 		.4byte	.LVL222
 3678 0c27 E30C0000 		.4byte	0xce3
 3679 0c2b 15       		.uleb128 0x15
 3680 0c2c 01       		.uleb128 0x1
 3681 0c2d 50       		.byte	0x50
 3682 0c2e 01       		.uleb128 0x1
 3683 0c2f 30       		.byte	0x30
 3684 0c30 00       		.byte	0
 3685 0c31 00       		.byte	0
 3686 0c32 1C       		.uleb128 0x1c
 3687 0c33 37010000 		.4byte	.LASF88
 3688 0c37 01       		.byte	0x1
 3689 0c38 22       		.byte	0x22
 3690 0c39 7F000000 		.4byte	0x7f
 3691 0c3d 05       		.uleb128 0x5
 3692 0c3e 03       		.byte	0x3
 3693 0c3f 04000000 		.4byte	lfclkPosedgeWdtCounter0Enabled
 3694 0c43 1C       		.uleb128 0x1c
 3695 0c44 D2060000 		.4byte	.LASF89
 3696 0c48 01       		.byte	0x1
 3697 0c49 23       		.byte	0x23
 3698 0c4a 7F000000 		.4byte	0x7f
 3699 0c4e 05       		.uleb128 0x5
 3700 0c4f 03       		.byte	0x3
 3701 0c50 08000000 		.4byte	lfclkPosedgeWdtCounter0Mode
 3702 0c54 1C       		.uleb128 0x1c
 3703 0c55 53060000 		.4byte	.LASF90
 3704 0c59 01       		.byte	0x1
ARM GAS  C:\Users\taips\AppData\Local\Temp\cc8A2Ndf.s 			page 127


 3705 0c5a 25       		.byte	0x25
 3706 0c5b B8000000 		.4byte	0xb8
 3707 0c5f 05       		.uleb128 0x5
 3708 0c60 03       		.byte	0x3
 3709 0c61 1C000000 		.4byte	disableServicedIsr
 3710 0c65 1C       		.uleb128 0x1c
 3711 0c66 00030000 		.4byte	.LASF91
 3712 0c6a 01       		.byte	0x1
 3713 0c6b 26       		.byte	0x26
 3714 0c6c B8000000 		.4byte	0xb8
 3715 0c70 05       		.uleb128 0x5
 3716 0c71 03       		.byte	0x3
 3717 0c72 00000000 		.4byte	wdtIsrMask
 3718 0c76 1D       		.uleb128 0x1d
 3719 0c77 860C0000 		.4byte	0xc86
 3720 0c7b 860C0000 		.4byte	0xc86
 3721 0c7f 1E       		.uleb128 0x1e
 3722 0c80 FA000000 		.4byte	0xfa
 3723 0c84 02       		.byte	0x2
 3724 0c85 00       		.byte	0
 3725 0c86 1F       		.uleb128 0x1f
 3726 0c87 7F000000 		.4byte	0x7f
 3727 0c8b 1C       		.uleb128 0x1c
 3728 0c8c 1D000000 		.4byte	.LASF92
 3729 0c90 01       		.byte	0x1
 3730 0c91 2A       		.byte	0x2a
 3731 0c92 9C0C0000 		.4byte	0xc9c
 3732 0c96 05       		.uleb128 0x5
 3733 0c97 03       		.byte	0x3
 3734 0c98 00000000 		.4byte	counterIntMaskTbl
 3735 0c9c 1F       		.uleb128 0x1f
 3736 0c9d 760C0000 		.4byte	0xc76
 3737 0ca1 1D       		.uleb128 0x1d
 3738 0ca2 E8000000 		.4byte	0xe8
 3739 0ca6 B10C0000 		.4byte	0xcb1
 3740 0caa 1E       		.uleb128 0x1e
 3741 0cab FA000000 		.4byte	0xfa
 3742 0caf 02       		.byte	0x2
 3743 0cb0 00       		.byte	0
 3744 0cb1 1C       		.uleb128 0x1c
 3745 0cb2 2F000000 		.4byte	.LASF93
 3746 0cb6 01       		.byte	0x1
 3747 0cb7 44       		.byte	0x44
 3748 0cb8 A10C0000 		.4byte	0xca1
 3749 0cbc 05       		.uleb128 0x5
 3750 0cbd 03       		.byte	0x3
 3751 0cbe 10000000 		.4byte	cySysWdtCallback
 3752 0cc2 20       		.uleb128 0x20
 3753 0cc3 E5040000 		.4byte	.LASF100
 3754 0cc7 04       		.byte	0x4
 3755 0cc8 E7       		.byte	0xe7
 3756 0cc9 7F000000 		.4byte	0x7f
 3757 0ccd 21       		.uleb128 0x21
 3758 0cce 6E040000 		.4byte	.LASF94
 3759 0cd2 6E040000 		.4byte	.LASF94
 3760 0cd6 04       		.byte	0x4
 3761 0cd7 F8       		.byte	0xf8
ARM GAS  C:\Users\taips\AppData\Local\Temp\cc8A2Ndf.s 			page 128


 3762 0cd8 21       		.uleb128 0x21
 3763 0cd9 07000000 		.4byte	.LASF95
 3764 0cdd 07000000 		.4byte	.LASF95
 3765 0ce1 04       		.byte	0x4
 3766 0ce2 F9       		.byte	0xf9
 3767 0ce3 21       		.uleb128 0x21
 3768 0ce4 5F050000 		.4byte	.LASF96
 3769 0ce8 5F050000 		.4byte	.LASF96
 3770 0cec 04       		.byte	0x4
 3771 0ced FA       		.byte	0xfa
 3772 0cee 21       		.uleb128 0x21
 3773 0cef AB010000 		.4byte	.LASF97
 3774 0cf3 AB010000 		.4byte	.LASF97
 3775 0cf7 04       		.byte	0x4
 3776 0cf8 ED       		.byte	0xed
 3777 0cf9 00       		.byte	0
 3778              		.section	.debug_abbrev,"",%progbits
 3779              	.Ldebug_abbrev0:
 3780 0000 01       		.uleb128 0x1
 3781 0001 11       		.uleb128 0x11
 3782 0002 01       		.byte	0x1
 3783 0003 25       		.uleb128 0x25
 3784 0004 0E       		.uleb128 0xe
 3785 0005 13       		.uleb128 0x13
 3786 0006 0B       		.uleb128 0xb
 3787 0007 03       		.uleb128 0x3
 3788 0008 0E       		.uleb128 0xe
 3789 0009 55       		.uleb128 0x55
 3790 000a 17       		.uleb128 0x17
 3791 000b 11       		.uleb128 0x11
 3792 000c 01       		.uleb128 0x1
 3793 000d 10       		.uleb128 0x10
 3794 000e 17       		.uleb128 0x17
 3795 000f 00       		.byte	0
 3796 0010 00       		.byte	0
 3797 0011 02       		.uleb128 0x2
 3798 0012 24       		.uleb128 0x24
 3799 0013 00       		.byte	0
 3800 0014 0B       		.uleb128 0xb
 3801 0015 0B       		.uleb128 0xb
 3802 0016 3E       		.uleb128 0x3e
 3803 0017 0B       		.uleb128 0xb
 3804 0018 03       		.uleb128 0x3
 3805 0019 0E       		.uleb128 0xe
 3806 001a 00       		.byte	0
 3807 001b 00       		.byte	0
 3808 001c 03       		.uleb128 0x3
 3809 001d 24       		.uleb128 0x24
 3810 001e 00       		.byte	0
 3811 001f 0B       		.uleb128 0xb
 3812 0020 0B       		.uleb128 0xb
 3813 0021 3E       		.uleb128 0x3e
 3814 0022 0B       		.uleb128 0xb
 3815 0023 03       		.uleb128 0x3
 3816 0024 08       		.uleb128 0x8
 3817 0025 00       		.byte	0
 3818 0026 00       		.byte	0
ARM GAS  C:\Users\taips\AppData\Local\Temp\cc8A2Ndf.s 			page 129


 3819 0027 04       		.uleb128 0x4
 3820 0028 16       		.uleb128 0x16
 3821 0029 00       		.byte	0
 3822 002a 03       		.uleb128 0x3
 3823 002b 0E       		.uleb128 0xe
 3824 002c 3A       		.uleb128 0x3a
 3825 002d 0B       		.uleb128 0xb
 3826 002e 3B       		.uleb128 0x3b
 3827 002f 05       		.uleb128 0x5
 3828 0030 49       		.uleb128 0x49
 3829 0031 13       		.uleb128 0x13
 3830 0032 00       		.byte	0
 3831 0033 00       		.byte	0
 3832 0034 05       		.uleb128 0x5
 3833 0035 35       		.uleb128 0x35
 3834 0036 00       		.byte	0
 3835 0037 49       		.uleb128 0x49
 3836 0038 13       		.uleb128 0x13
 3837 0039 00       		.byte	0
 3838 003a 00       		.byte	0
 3839 003b 06       		.uleb128 0x6
 3840 003c 0F       		.uleb128 0xf
 3841 003d 00       		.byte	0
 3842 003e 0B       		.uleb128 0xb
 3843 003f 0B       		.uleb128 0xb
 3844 0040 49       		.uleb128 0x49
 3845 0041 13       		.uleb128 0x13
 3846 0042 00       		.byte	0
 3847 0043 00       		.byte	0
 3848 0044 07       		.uleb128 0x7
 3849 0045 15       		.uleb128 0x15
 3850 0046 00       		.byte	0
 3851 0047 27       		.uleb128 0x27
 3852 0048 19       		.uleb128 0x19
 3853 0049 00       		.byte	0
 3854 004a 00       		.byte	0
 3855 004b 08       		.uleb128 0x8
 3856 004c 04       		.uleb128 0x4
 3857 004d 01       		.byte	0x1
 3858 004e 0B       		.uleb128 0xb
 3859 004f 0B       		.uleb128 0xb
 3860 0050 49       		.uleb128 0x49
 3861 0051 13       		.uleb128 0x13
 3862 0052 3A       		.uleb128 0x3a
 3863 0053 0B       		.uleb128 0xb
 3864 0054 3B       		.uleb128 0x3b
 3865 0055 0B       		.uleb128 0xb
 3866 0056 01       		.uleb128 0x1
 3867 0057 13       		.uleb128 0x13
 3868 0058 00       		.byte	0
 3869 0059 00       		.byte	0
 3870 005a 09       		.uleb128 0x9
 3871 005b 28       		.uleb128 0x28
 3872 005c 00       		.byte	0
 3873 005d 03       		.uleb128 0x3
 3874 005e 0E       		.uleb128 0xe
 3875 005f 1C       		.uleb128 0x1c
ARM GAS  C:\Users\taips\AppData\Local\Temp\cc8A2Ndf.s 			page 130


 3876 0060 0B       		.uleb128 0xb
 3877 0061 00       		.byte	0
 3878 0062 00       		.byte	0
 3879 0063 0A       		.uleb128 0xa
 3880 0064 16       		.uleb128 0x16
 3881 0065 00       		.byte	0
 3882 0066 03       		.uleb128 0x3
 3883 0067 0E       		.uleb128 0xe
 3884 0068 3A       		.uleb128 0x3a
 3885 0069 0B       		.uleb128 0xb
 3886 006a 3B       		.uleb128 0x3b
 3887 006b 0B       		.uleb128 0xb
 3888 006c 49       		.uleb128 0x49
 3889 006d 13       		.uleb128 0x13
 3890 006e 00       		.byte	0
 3891 006f 00       		.byte	0
 3892 0070 0B       		.uleb128 0xb
 3893 0071 2E       		.uleb128 0x2e
 3894 0072 00       		.byte	0
 3895 0073 03       		.uleb128 0x3
 3896 0074 0E       		.uleb128 0xe
 3897 0075 3A       		.uleb128 0x3a
 3898 0076 0B       		.uleb128 0xb
 3899 0077 3B       		.uleb128 0x3b
 3900 0078 05       		.uleb128 0x5
 3901 0079 27       		.uleb128 0x27
 3902 007a 19       		.uleb128 0x19
 3903 007b 49       		.uleb128 0x49
 3904 007c 13       		.uleb128 0x13
 3905 007d 11       		.uleb128 0x11
 3906 007e 01       		.uleb128 0x1
 3907 007f 12       		.uleb128 0x12
 3908 0080 06       		.uleb128 0x6
 3909 0081 40       		.uleb128 0x40
 3910 0082 18       		.uleb128 0x18
 3911 0083 9742     		.uleb128 0x2117
 3912 0085 19       		.uleb128 0x19
 3913 0086 00       		.byte	0
 3914 0087 00       		.byte	0
 3915 0088 0C       		.uleb128 0xc
 3916 0089 2E       		.uleb128 0x2e
 3917 008a 00       		.byte	0
 3918 008b 3F       		.uleb128 0x3f
 3919 008c 19       		.uleb128 0x19
 3920 008d 03       		.uleb128 0x3
 3921 008e 0E       		.uleb128 0xe
 3922 008f 3A       		.uleb128 0x3a
 3923 0090 0B       		.uleb128 0xb
 3924 0091 3B       		.uleb128 0x3b
 3925 0092 0B       		.uleb128 0xb
 3926 0093 27       		.uleb128 0x27
 3927 0094 19       		.uleb128 0x19
 3928 0095 11       		.uleb128 0x11
 3929 0096 01       		.uleb128 0x1
 3930 0097 12       		.uleb128 0x12
 3931 0098 06       		.uleb128 0x6
 3932 0099 40       		.uleb128 0x40
ARM GAS  C:\Users\taips\AppData\Local\Temp\cc8A2Ndf.s 			page 131


 3933 009a 18       		.uleb128 0x18
 3934 009b 9742     		.uleb128 0x2117
 3935 009d 19       		.uleb128 0x19
 3936 009e 00       		.byte	0
 3937 009f 00       		.byte	0
 3938 00a0 0D       		.uleb128 0xd
 3939 00a1 2E       		.uleb128 0x2e
 3940 00a2 01       		.byte	0x1
 3941 00a3 3F       		.uleb128 0x3f
 3942 00a4 19       		.uleb128 0x19
 3943 00a5 03       		.uleb128 0x3
 3944 00a6 0E       		.uleb128 0xe
 3945 00a7 3A       		.uleb128 0x3a
 3946 00a8 0B       		.uleb128 0xb
 3947 00a9 3B       		.uleb128 0x3b
 3948 00aa 05       		.uleb128 0x5
 3949 00ab 27       		.uleb128 0x27
 3950 00ac 19       		.uleb128 0x19
 3951 00ad 49       		.uleb128 0x49
 3952 00ae 13       		.uleb128 0x13
 3953 00af 11       		.uleb128 0x11
 3954 00b0 01       		.uleb128 0x1
 3955 00b1 12       		.uleb128 0x12
 3956 00b2 06       		.uleb128 0x6
 3957 00b3 40       		.uleb128 0x40
 3958 00b4 18       		.uleb128 0x18
 3959 00b5 9642     		.uleb128 0x2116
 3960 00b7 19       		.uleb128 0x19
 3961 00b8 01       		.uleb128 0x1
 3962 00b9 13       		.uleb128 0x13
 3963 00ba 00       		.byte	0
 3964 00bb 00       		.byte	0
 3965 00bc 0E       		.uleb128 0xe
 3966 00bd 05       		.uleb128 0x5
 3967 00be 00       		.byte	0
 3968 00bf 03       		.uleb128 0x3
 3969 00c0 0E       		.uleb128 0xe
 3970 00c1 3A       		.uleb128 0x3a
 3971 00c2 0B       		.uleb128 0xb
 3972 00c3 3B       		.uleb128 0x3b
 3973 00c4 05       		.uleb128 0x5
 3974 00c5 49       		.uleb128 0x49
 3975 00c6 13       		.uleb128 0x13
 3976 00c7 02       		.uleb128 0x2
 3977 00c8 17       		.uleb128 0x17
 3978 00c9 00       		.byte	0
 3979 00ca 00       		.byte	0
 3980 00cb 0F       		.uleb128 0xf
 3981 00cc 34       		.uleb128 0x34
 3982 00cd 00       		.byte	0
 3983 00ce 03       		.uleb128 0x3
 3984 00cf 0E       		.uleb128 0xe
 3985 00d0 3A       		.uleb128 0x3a
 3986 00d1 0B       		.uleb128 0xb
 3987 00d2 3B       		.uleb128 0x3b
 3988 00d3 05       		.uleb128 0x5
 3989 00d4 49       		.uleb128 0x49
ARM GAS  C:\Users\taips\AppData\Local\Temp\cc8A2Ndf.s 			page 132


 3990 00d5 13       		.uleb128 0x13
 3991 00d6 02       		.uleb128 0x2
 3992 00d7 17       		.uleb128 0x17
 3993 00d8 00       		.byte	0
 3994 00d9 00       		.byte	0
 3995 00da 10       		.uleb128 0x10
 3996 00db 34       		.uleb128 0x34
 3997 00dc 00       		.byte	0
 3998 00dd 03       		.uleb128 0x3
 3999 00de 0E       		.uleb128 0xe
 4000 00df 3A       		.uleb128 0x3a
 4001 00e0 0B       		.uleb128 0xb
 4002 00e1 3B       		.uleb128 0x3b
 4003 00e2 05       		.uleb128 0x5
 4004 00e3 49       		.uleb128 0x49
 4005 00e4 13       		.uleb128 0x13
 4006 00e5 02       		.uleb128 0x2
 4007 00e6 18       		.uleb128 0x18
 4008 00e7 00       		.byte	0
 4009 00e8 00       		.byte	0
 4010 00e9 11       		.uleb128 0x11
 4011 00ea 2E       		.uleb128 0x2e
 4012 00eb 01       		.byte	0x1
 4013 00ec 3F       		.uleb128 0x3f
 4014 00ed 19       		.uleb128 0x19
 4015 00ee 03       		.uleb128 0x3
 4016 00ef 0E       		.uleb128 0xe
 4017 00f0 3A       		.uleb128 0x3a
 4018 00f1 0B       		.uleb128 0xb
 4019 00f2 3B       		.uleb128 0x3b
 4020 00f3 05       		.uleb128 0x5
 4021 00f4 27       		.uleb128 0x27
 4022 00f5 19       		.uleb128 0x19
 4023 00f6 11       		.uleb128 0x11
 4024 00f7 01       		.uleb128 0x1
 4025 00f8 12       		.uleb128 0x12
 4026 00f9 06       		.uleb128 0x6
 4027 00fa 40       		.uleb128 0x40
 4028 00fb 18       		.uleb128 0x18
 4029 00fc 9742     		.uleb128 0x2117
 4030 00fe 19       		.uleb128 0x19
 4031 00ff 01       		.uleb128 0x1
 4032 0100 13       		.uleb128 0x13
 4033 0101 00       		.byte	0
 4034 0102 00       		.byte	0
 4035 0103 12       		.uleb128 0x12
 4036 0104 898201   		.uleb128 0x4109
 4037 0107 00       		.byte	0
 4038 0108 11       		.uleb128 0x11
 4039 0109 01       		.uleb128 0x1
 4040 010a 31       		.uleb128 0x31
 4041 010b 13       		.uleb128 0x13
 4042 010c 00       		.byte	0
 4043 010d 00       		.byte	0
 4044 010e 13       		.uleb128 0x13
 4045 010f 2E       		.uleb128 0x2e
 4046 0110 01       		.byte	0x1
ARM GAS  C:\Users\taips\AppData\Local\Temp\cc8A2Ndf.s 			page 133


 4047 0111 3F       		.uleb128 0x3f
 4048 0112 19       		.uleb128 0x19
 4049 0113 03       		.uleb128 0x3
 4050 0114 0E       		.uleb128 0xe
 4051 0115 3A       		.uleb128 0x3a
 4052 0116 0B       		.uleb128 0xb
 4053 0117 3B       		.uleb128 0x3b
 4054 0118 05       		.uleb128 0x5
 4055 0119 27       		.uleb128 0x27
 4056 011a 19       		.uleb128 0x19
 4057 011b 49       		.uleb128 0x49
 4058 011c 13       		.uleb128 0x13
 4059 011d 11       		.uleb128 0x11
 4060 011e 01       		.uleb128 0x1
 4061 011f 12       		.uleb128 0x12
 4062 0120 06       		.uleb128 0x6
 4063 0121 40       		.uleb128 0x40
 4064 0122 18       		.uleb128 0x18
 4065 0123 9742     		.uleb128 0x2117
 4066 0125 19       		.uleb128 0x19
 4067 0126 01       		.uleb128 0x1
 4068 0127 13       		.uleb128 0x13
 4069 0128 00       		.byte	0
 4070 0129 00       		.byte	0
 4071 012a 14       		.uleb128 0x14
 4072 012b 898201   		.uleb128 0x4109
 4073 012e 01       		.byte	0x1
 4074 012f 11       		.uleb128 0x11
 4075 0130 01       		.uleb128 0x1
 4076 0131 31       		.uleb128 0x31
 4077 0132 13       		.uleb128 0x13
 4078 0133 00       		.byte	0
 4079 0134 00       		.byte	0
 4080 0135 15       		.uleb128 0x15
 4081 0136 8A8201   		.uleb128 0x410a
 4082 0139 00       		.byte	0
 4083 013a 02       		.uleb128 0x2
 4084 013b 18       		.uleb128 0x18
 4085 013c 9142     		.uleb128 0x2111
 4086 013e 18       		.uleb128 0x18
 4087 013f 00       		.byte	0
 4088 0140 00       		.byte	0
 4089 0141 16       		.uleb128 0x16
 4090 0142 898201   		.uleb128 0x4109
 4091 0145 01       		.byte	0x1
 4092 0146 11       		.uleb128 0x11
 4093 0147 01       		.uleb128 0x1
 4094 0148 31       		.uleb128 0x31
 4095 0149 13       		.uleb128 0x13
 4096 014a 01       		.uleb128 0x1
 4097 014b 13       		.uleb128 0x13
 4098 014c 00       		.byte	0
 4099 014d 00       		.byte	0
 4100 014e 17       		.uleb128 0x17
 4101 014f 2E       		.uleb128 0x2e
 4102 0150 01       		.byte	0x1
 4103 0151 03       		.uleb128 0x3
ARM GAS  C:\Users\taips\AppData\Local\Temp\cc8A2Ndf.s 			page 134


 4104 0152 0E       		.uleb128 0xe
 4105 0153 3A       		.uleb128 0x3a
 4106 0154 0B       		.uleb128 0xb
 4107 0155 3B       		.uleb128 0x3b
 4108 0156 05       		.uleb128 0x5
 4109 0157 27       		.uleb128 0x27
 4110 0158 19       		.uleb128 0x19
 4111 0159 11       		.uleb128 0x11
 4112 015a 01       		.uleb128 0x1
 4113 015b 12       		.uleb128 0x12
 4114 015c 06       		.uleb128 0x6
 4115 015d 40       		.uleb128 0x40
 4116 015e 18       		.uleb128 0x18
 4117 015f 9742     		.uleb128 0x2117
 4118 0161 19       		.uleb128 0x19
 4119 0162 01       		.uleb128 0x1
 4120 0163 13       		.uleb128 0x13
 4121 0164 00       		.byte	0
 4122 0165 00       		.byte	0
 4123 0166 18       		.uleb128 0x18
 4124 0167 2E       		.uleb128 0x2e
 4125 0168 00       		.byte	0
 4126 0169 3F       		.uleb128 0x3f
 4127 016a 19       		.uleb128 0x19
 4128 016b 03       		.uleb128 0x3
 4129 016c 0E       		.uleb128 0xe
 4130 016d 3A       		.uleb128 0x3a
 4131 016e 0B       		.uleb128 0xb
 4132 016f 3B       		.uleb128 0x3b
 4133 0170 05       		.uleb128 0x5
 4134 0171 27       		.uleb128 0x27
 4135 0172 19       		.uleb128 0x19
 4136 0173 49       		.uleb128 0x49
 4137 0174 13       		.uleb128 0x13
 4138 0175 11       		.uleb128 0x11
 4139 0176 01       		.uleb128 0x1
 4140 0177 12       		.uleb128 0x12
 4141 0178 06       		.uleb128 0x6
 4142 0179 40       		.uleb128 0x40
 4143 017a 18       		.uleb128 0x18
 4144 017b 9742     		.uleb128 0x2117
 4145 017d 19       		.uleb128 0x19
 4146 017e 00       		.byte	0
 4147 017f 00       		.byte	0
 4148 0180 19       		.uleb128 0x19
 4149 0181 2E       		.uleb128 0x2e
 4150 0182 01       		.byte	0x1
 4151 0183 3F       		.uleb128 0x3f
 4152 0184 19       		.uleb128 0x19
 4153 0185 03       		.uleb128 0x3
 4154 0186 0E       		.uleb128 0xe
 4155 0187 3A       		.uleb128 0x3a
 4156 0188 0B       		.uleb128 0xb
 4157 0189 3B       		.uleb128 0x3b
 4158 018a 0B       		.uleb128 0xb
 4159 018b 27       		.uleb128 0x27
 4160 018c 19       		.uleb128 0x19
ARM GAS  C:\Users\taips\AppData\Local\Temp\cc8A2Ndf.s 			page 135


 4161 018d 11       		.uleb128 0x11
 4162 018e 01       		.uleb128 0x1
 4163 018f 12       		.uleb128 0x12
 4164 0190 06       		.uleb128 0x6
 4165 0191 40       		.uleb128 0x40
 4166 0192 18       		.uleb128 0x18
 4167 0193 9742     		.uleb128 0x2117
 4168 0195 19       		.uleb128 0x19
 4169 0196 01       		.uleb128 0x1
 4170 0197 13       		.uleb128 0x13
 4171 0198 00       		.byte	0
 4172 0199 00       		.byte	0
 4173 019a 1A       		.uleb128 0x1a
 4174 019b 34       		.uleb128 0x34
 4175 019c 00       		.byte	0
 4176 019d 03       		.uleb128 0x3
 4177 019e 0E       		.uleb128 0xe
 4178 019f 3A       		.uleb128 0x3a
 4179 01a0 0B       		.uleb128 0xb
 4180 01a1 3B       		.uleb128 0x3b
 4181 01a2 0B       		.uleb128 0xb
 4182 01a3 49       		.uleb128 0x49
 4183 01a4 13       		.uleb128 0x13
 4184 01a5 02       		.uleb128 0x2
 4185 01a6 17       		.uleb128 0x17
 4186 01a7 00       		.byte	0
 4187 01a8 00       		.byte	0
 4188 01a9 1B       		.uleb128 0x1b
 4189 01aa 2E       		.uleb128 0x2e
 4190 01ab 01       		.byte	0x1
 4191 01ac 3F       		.uleb128 0x3f
 4192 01ad 19       		.uleb128 0x19
 4193 01ae 03       		.uleb128 0x3
 4194 01af 0E       		.uleb128 0xe
 4195 01b0 3A       		.uleb128 0x3a
 4196 01b1 0B       		.uleb128 0xb
 4197 01b2 3B       		.uleb128 0x3b
 4198 01b3 05       		.uleb128 0x5
 4199 01b4 27       		.uleb128 0x27
 4200 01b5 19       		.uleb128 0x19
 4201 01b6 11       		.uleb128 0x11
 4202 01b7 01       		.uleb128 0x1
 4203 01b8 12       		.uleb128 0x12
 4204 01b9 06       		.uleb128 0x6
 4205 01ba 40       		.uleb128 0x40
 4206 01bb 18       		.uleb128 0x18
 4207 01bc 9642     		.uleb128 0x2116
 4208 01be 19       		.uleb128 0x19
 4209 01bf 01       		.uleb128 0x1
 4210 01c0 13       		.uleb128 0x13
 4211 01c1 00       		.byte	0
 4212 01c2 00       		.byte	0
 4213 01c3 1C       		.uleb128 0x1c
 4214 01c4 34       		.uleb128 0x34
 4215 01c5 00       		.byte	0
 4216 01c6 03       		.uleb128 0x3
 4217 01c7 0E       		.uleb128 0xe
ARM GAS  C:\Users\taips\AppData\Local\Temp\cc8A2Ndf.s 			page 136


 4218 01c8 3A       		.uleb128 0x3a
 4219 01c9 0B       		.uleb128 0xb
 4220 01ca 3B       		.uleb128 0x3b
 4221 01cb 0B       		.uleb128 0xb
 4222 01cc 49       		.uleb128 0x49
 4223 01cd 13       		.uleb128 0x13
 4224 01ce 02       		.uleb128 0x2
 4225 01cf 18       		.uleb128 0x18
 4226 01d0 00       		.byte	0
 4227 01d1 00       		.byte	0
 4228 01d2 1D       		.uleb128 0x1d
 4229 01d3 01       		.uleb128 0x1
 4230 01d4 01       		.byte	0x1
 4231 01d5 49       		.uleb128 0x49
 4232 01d6 13       		.uleb128 0x13
 4233 01d7 01       		.uleb128 0x1
 4234 01d8 13       		.uleb128 0x13
 4235 01d9 00       		.byte	0
 4236 01da 00       		.byte	0
 4237 01db 1E       		.uleb128 0x1e
 4238 01dc 21       		.uleb128 0x21
 4239 01dd 00       		.byte	0
 4240 01de 49       		.uleb128 0x49
 4241 01df 13       		.uleb128 0x13
 4242 01e0 2F       		.uleb128 0x2f
 4243 01e1 0B       		.uleb128 0xb
 4244 01e2 00       		.byte	0
 4245 01e3 00       		.byte	0
 4246 01e4 1F       		.uleb128 0x1f
 4247 01e5 26       		.uleb128 0x26
 4248 01e6 00       		.byte	0
 4249 01e7 49       		.uleb128 0x49
 4250 01e8 13       		.uleb128 0x13
 4251 01e9 00       		.byte	0
 4252 01ea 00       		.byte	0
 4253 01eb 20       		.uleb128 0x20
 4254 01ec 34       		.uleb128 0x34
 4255 01ed 00       		.byte	0
 4256 01ee 03       		.uleb128 0x3
 4257 01ef 0E       		.uleb128 0xe
 4258 01f0 3A       		.uleb128 0x3a
 4259 01f1 0B       		.uleb128 0xb
 4260 01f2 3B       		.uleb128 0x3b
 4261 01f3 0B       		.uleb128 0xb
 4262 01f4 49       		.uleb128 0x49
 4263 01f5 13       		.uleb128 0x13
 4264 01f6 3F       		.uleb128 0x3f
 4265 01f7 19       		.uleb128 0x19
 4266 01f8 3C       		.uleb128 0x3c
 4267 01f9 19       		.uleb128 0x19
 4268 01fa 00       		.byte	0
 4269 01fb 00       		.byte	0
 4270 01fc 21       		.uleb128 0x21
 4271 01fd 2E       		.uleb128 0x2e
 4272 01fe 00       		.byte	0
 4273 01ff 3F       		.uleb128 0x3f
 4274 0200 19       		.uleb128 0x19
ARM GAS  C:\Users\taips\AppData\Local\Temp\cc8A2Ndf.s 			page 137


 4275 0201 3C       		.uleb128 0x3c
 4276 0202 19       		.uleb128 0x19
 4277 0203 6E       		.uleb128 0x6e
 4278 0204 0E       		.uleb128 0xe
 4279 0205 03       		.uleb128 0x3
 4280 0206 0E       		.uleb128 0xe
 4281 0207 3A       		.uleb128 0x3a
 4282 0208 0B       		.uleb128 0xb
 4283 0209 3B       		.uleb128 0x3b
 4284 020a 0B       		.uleb128 0xb
 4285 020b 00       		.byte	0
 4286 020c 00       		.byte	0
 4287 020d 00       		.byte	0
 4288              		.section	.debug_loc,"",%progbits
 4289              	.Ldebug_loc0:
 4290              	.LLST0:
 4291 0000 00000000 		.4byte	.LVL0
 4292 0004 50000000 		.4byte	.LVL4
 4293 0008 0100     		.2byte	0x1
 4294 000a 50       		.byte	0x50
 4295 000b 50000000 		.4byte	.LVL4
 4296 000f 6A000000 		.4byte	.LVL9
 4297 0013 0100     		.2byte	0x1
 4298 0015 54       		.byte	0x54
 4299 0016 6A000000 		.4byte	.LVL9
 4300 001a 6C000000 		.4byte	.LVL10
 4301 001e 0100     		.2byte	0x1
 4302 0020 50       		.byte	0x50
 4303 0021 6C000000 		.4byte	.LVL10
 4304 0025 7C000000 		.4byte	.LVL13
 4305 0029 0100     		.2byte	0x1
 4306 002b 54       		.byte	0x54
 4307 002c 7C000000 		.4byte	.LVL13
 4308 0030 A0000000 		.4byte	.LVL19
 4309 0034 0400     		.2byte	0x4
 4310 0036 F3       		.byte	0xf3
 4311 0037 01       		.uleb128 0x1
 4312 0038 50       		.byte	0x50
 4313 0039 9F       		.byte	0x9f
 4314 003a A0000000 		.4byte	.LVL19
 4315 003e B2000000 		.4byte	.LVL21
 4316 0042 0100     		.2byte	0x1
 4317 0044 50       		.byte	0x50
 4318 0045 B2000000 		.4byte	.LVL21
 4319 0049 B4000000 		.4byte	.LVL22
 4320 004d 0100     		.2byte	0x1
 4321 004f 54       		.byte	0x54
 4322 0050 B4000000 		.4byte	.LVL22
 4323 0054 B6000000 		.4byte	.LVL23
 4324 0058 0100     		.2byte	0x1
 4325 005a 50       		.byte	0x50
 4326 005b B6000000 		.4byte	.LVL23
 4327 005f B8000000 		.4byte	.LVL24
 4328 0063 0100     		.2byte	0x1
 4329 0065 54       		.byte	0x54
 4330 0066 B8000000 		.4byte	.LVL24
 4331 006a BA000000 		.4byte	.LVL25
ARM GAS  C:\Users\taips\AppData\Local\Temp\cc8A2Ndf.s 			page 138


 4332 006e 0100     		.2byte	0x1
 4333 0070 50       		.byte	0x50
 4334 0071 BA000000 		.4byte	.LVL25
 4335 0075 BC000000 		.4byte	.LVL26
 4336 0079 0100     		.2byte	0x1
 4337 007b 54       		.byte	0x54
 4338 007c BC000000 		.4byte	.LVL26
 4339 0080 BE000000 		.4byte	.LVL27
 4340 0084 0100     		.2byte	0x1
 4341 0086 50       		.byte	0x50
 4342 0087 BE000000 		.4byte	.LVL27
 4343 008b C0000000 		.4byte	.LVL28
 4344 008f 0100     		.2byte	0x1
 4345 0091 54       		.byte	0x54
 4346 0092 C0000000 		.4byte	.LVL28
 4347 0096 C2000000 		.4byte	.LVL29
 4348 009a 0100     		.2byte	0x1
 4349 009c 50       		.byte	0x50
 4350 009d C2000000 		.4byte	.LVL29
 4351 00a1 C4000000 		.4byte	.LVL30
 4352 00a5 0100     		.2byte	0x1
 4353 00a7 54       		.byte	0x54
 4354 00a8 C4000000 		.4byte	.LVL30
 4355 00ac C6000000 		.4byte	.LVL31
 4356 00b0 0100     		.2byte	0x1
 4357 00b2 50       		.byte	0x50
 4358 00b3 C6000000 		.4byte	.LVL31
 4359 00b7 C8000000 		.4byte	.LVL32
 4360 00bb 0100     		.2byte	0x1
 4361 00bd 54       		.byte	0x54
 4362 00be C8000000 		.4byte	.LVL32
 4363 00c2 CA000000 		.4byte	.LVL33
 4364 00c6 0100     		.2byte	0x1
 4365 00c8 50       		.byte	0x50
 4366 00c9 CA000000 		.4byte	.LVL33
 4367 00cd CC000000 		.4byte	.LVL34
 4368 00d1 0100     		.2byte	0x1
 4369 00d3 54       		.byte	0x54
 4370 00d4 CC000000 		.4byte	.LVL34
 4371 00d8 CE000000 		.4byte	.LVL35
 4372 00dc 0100     		.2byte	0x1
 4373 00de 50       		.byte	0x50
 4374 00df CE000000 		.4byte	.LVL35
 4375 00e3 04010000 		.4byte	.LFE4
 4376 00e7 0400     		.2byte	0x4
 4377 00e9 F3       		.byte	0xf3
 4378 00ea 01       		.uleb128 0x1
 4379 00eb 50       		.byte	0x50
 4380 00ec 9F       		.byte	0x9f
 4381 00ed 00000000 		.4byte	0
 4382 00f1 00000000 		.4byte	0
 4383              	.LLST1:
 4384 00f5 00000000 		.4byte	.LVL0
 4385 00f9 54000000 		.4byte	.LVL5
 4386 00fd 0100     		.2byte	0x1
 4387 00ff 51       		.byte	0x51
 4388 0100 54000000 		.4byte	.LVL5
ARM GAS  C:\Users\taips\AppData\Local\Temp\cc8A2Ndf.s 			page 139


 4389 0104 6A000000 		.4byte	.LVL9
 4390 0108 0100     		.2byte	0x1
 4391 010a 55       		.byte	0x55
 4392 010b 6A000000 		.4byte	.LVL9
 4393 010f 76000000 		.4byte	.LVL11
 4394 0113 0100     		.2byte	0x1
 4395 0115 51       		.byte	0x51
 4396 0116 76000000 		.4byte	.LVL11
 4397 011a A0000000 		.4byte	.LVL19
 4398 011e 0100     		.2byte	0x1
 4399 0120 55       		.byte	0x55
 4400 0121 A0000000 		.4byte	.LVL19
 4401 0125 CE000000 		.4byte	.LVL35
 4402 0129 0100     		.2byte	0x1
 4403 012b 51       		.byte	0x51
 4404 012c CE000000 		.4byte	.LVL35
 4405 0130 CE000000 		.4byte	.LVL36
 4406 0134 0100     		.2byte	0x1
 4407 0136 55       		.byte	0x55
 4408 0137 CE000000 		.4byte	.LVL36
 4409 013b 04010000 		.4byte	.LFE4
 4410 013f 0400     		.2byte	0x4
 4411 0141 F3       		.byte	0xf3
 4412 0142 01       		.uleb128 0x1
 4413 0143 51       		.byte	0x51
 4414 0144 9F       		.byte	0x9f
 4415 0145 00000000 		.4byte	0
 4416 0149 00000000 		.4byte	0
 4417              	.LLST2:
 4418 014d 68000000 		.4byte	.LVL8
 4419 0151 6A000000 		.4byte	.LVL9
 4420 0155 0100     		.2byte	0x1
 4421 0157 50       		.byte	0x50
 4422 0158 96000000 		.4byte	.LVL16
 4423 015c 9A000000 		.4byte	.LVL17
 4424 0160 0100     		.2byte	0x1
 4425 0162 50       		.byte	0x50
 4426 0163 9A000000 		.4byte	.LVL17
 4427 0167 A0000000 		.4byte	.LVL19
 4428 016b 0200     		.2byte	0x2
 4429 016d 75       		.byte	0x75
 4430 016e 00       		.sleb128 0
 4431 016f 00000000 		.4byte	0
 4432 0173 00000000 		.4byte	0
 4433              	.LLST3:
 4434 0177 4C000000 		.4byte	.LVL3
 4435 017b 50000000 		.4byte	.LVL4
 4436 017f 0B00     		.2byte	0xb
 4437 0181 70       		.byte	0x70
 4438 0182 00       		.sleb128 0
 4439 0183 F7       		.byte	0xf7
 4440 0184 21       		.uleb128 0x21
 4441 0185 4F       		.byte	0x4f
 4442 0186 F7       		.byte	0xf7
 4443 0187 21       		.uleb128 0x21
 4444 0188 1B       		.byte	0x1b
 4445 0189 F7       		.byte	0xf7
ARM GAS  C:\Users\taips\AppData\Local\Temp\cc8A2Ndf.s 			page 140


 4446 018a 00       		.uleb128 0
 4447 018b 9F       		.byte	0x9f
 4448 018c 50000000 		.4byte	.LVL4
 4449 0190 6A000000 		.4byte	.LVL9
 4450 0194 0B00     		.2byte	0xb
 4451 0196 74       		.byte	0x74
 4452 0197 00       		.sleb128 0
 4453 0198 F7       		.byte	0xf7
 4454 0199 21       		.uleb128 0x21
 4455 019a 4F       		.byte	0x4f
 4456 019b F7       		.byte	0xf7
 4457 019c 21       		.uleb128 0x21
 4458 019d 1B       		.byte	0x1b
 4459 019e F7       		.byte	0xf7
 4460 019f 00       		.uleb128 0
 4461 01a0 9F       		.byte	0x9f
 4462 01a1 7C000000 		.4byte	.LVL13
 4463 01a5 80000000 		.4byte	.LVL14
 4464 01a9 0100     		.2byte	0x1
 4465 01ab 50       		.byte	0x50
 4466 01ac 80000000 		.4byte	.LVL14
 4467 01b0 96000000 		.4byte	.LVL16
 4468 01b4 0100     		.2byte	0x1
 4469 01b6 54       		.byte	0x54
 4470 01b7 00000000 		.4byte	0
 4471 01bb 00000000 		.4byte	0
 4472              	.LLST4:
 4473 01bf 0E000000 		.4byte	.LVL1
 4474 01c3 18000000 		.4byte	.LVL2
 4475 01c7 0100     		.2byte	0x1
 4476 01c9 53       		.byte	0x53
 4477 01ca B4000000 		.4byte	.LVL22
 4478 01ce B8000000 		.4byte	.LVL24
 4479 01d2 0100     		.2byte	0x1
 4480 01d4 53       		.byte	0x53
 4481 01d5 00000000 		.4byte	0
 4482 01d9 00000000 		.4byte	0
 4483              	.LLST5:
 4484 01dd 9E000000 		.4byte	.LVL18
 4485 01e1 A0000000 		.4byte	.LVL19
 4486 01e5 0200     		.2byte	0x2
 4487 01e7 30       		.byte	0x30
 4488 01e8 9F       		.byte	0x9f
 4489 01e9 B0000000 		.4byte	.LVL20
 4490 01ed B4000000 		.4byte	.LVL22
 4491 01f1 0200     		.2byte	0x2
 4492 01f3 37       		.byte	0x37
 4493 01f4 9F       		.byte	0x9f
 4494 01f5 CE000000 		.4byte	.LVL35
 4495 01f9 04010000 		.4byte	.LFE4
 4496 01fd 0100     		.2byte	0x1
 4497 01ff 50       		.byte	0x50
 4498 0200 00000000 		.4byte	0
 4499 0204 00000000 		.4byte	0
 4500              	.LLST6:
 4501 0208 06000000 		.4byte	.LVL37
 4502 020c 15000000 		.4byte	.LVL38-1
ARM GAS  C:\Users\taips\AppData\Local\Temp\cc8A2Ndf.s 			page 141


 4503 0210 0100     		.2byte	0x1
 4504 0212 50       		.byte	0x50
 4505 0213 00000000 		.4byte	0
 4506 0217 00000000 		.4byte	0
 4507              	.LLST7:
 4508 021b 06000000 		.4byte	.LVL39
 4509 021f 25000000 		.4byte	.LVL40-1
 4510 0223 0100     		.2byte	0x1
 4511 0225 50       		.byte	0x50
 4512 0226 00000000 		.4byte	0
 4513 022a 00000000 		.4byte	0
 4514              	.LLST8:
 4515 022e 00000000 		.4byte	.LVL41
 4516 0232 0A000000 		.4byte	.LVL42
 4517 0236 0100     		.2byte	0x1
 4518 0238 50       		.byte	0x50
 4519 0239 0A000000 		.4byte	.LVL42
 4520 023d 14000000 		.4byte	.LVL44
 4521 0241 0100     		.2byte	0x1
 4522 0243 54       		.byte	0x54
 4523 0244 14000000 		.4byte	.LVL44
 4524 0248 24000000 		.4byte	.LFE9
 4525 024c 0400     		.2byte	0x4
 4526 024e F3       		.byte	0xf3
 4527 024f 01       		.uleb128 0x1
 4528 0250 50       		.byte	0x50
 4529 0251 9F       		.byte	0x9f
 4530 0252 00000000 		.4byte	0
 4531 0256 00000000 		.4byte	0
 4532              	.LLST9:
 4533 025a 00000000 		.4byte	.LVL45
 4534 025e 0C000000 		.4byte	.LVL46
 4535 0262 0100     		.2byte	0x1
 4536 0264 50       		.byte	0x50
 4537 0265 0C000000 		.4byte	.LVL46
 4538 0269 20000000 		.4byte	.LVL49
 4539 026d 0100     		.2byte	0x1
 4540 026f 54       		.byte	0x54
 4541 0270 20000000 		.4byte	.LVL49
 4542 0274 38000000 		.4byte	.LFE10
 4543 0278 0400     		.2byte	0x4
 4544 027a F3       		.byte	0xf3
 4545 027b 01       		.uleb128 0x1
 4546 027c 50       		.byte	0x50
 4547 027d 9F       		.byte	0x9f
 4548 027e 00000000 		.4byte	0
 4549 0282 00000000 		.4byte	0
 4550              	.LLST10:
 4551 0286 00000000 		.4byte	.LVL45
 4552 028a 0F000000 		.4byte	.LVL47-1
 4553 028e 0100     		.2byte	0x1
 4554 0290 51       		.byte	0x51
 4555 0291 0F000000 		.4byte	.LVL47-1
 4556 0295 2A000000 		.4byte	.LVL51
 4557 0299 0100     		.2byte	0x1
 4558 029b 55       		.byte	0x55
 4559 029c 2A000000 		.4byte	.LVL51
ARM GAS  C:\Users\taips\AppData\Local\Temp\cc8A2Ndf.s 			page 142


 4560 02a0 38000000 		.4byte	.LFE10
 4561 02a4 0400     		.2byte	0x4
 4562 02a6 F3       		.byte	0xf3
 4563 02a7 01       		.uleb128 0x1
 4564 02a8 51       		.byte	0x51
 4565 02a9 9F       		.byte	0x9f
 4566 02aa 00000000 		.4byte	0
 4567 02ae 00000000 		.4byte	0
 4568              	.LLST11:
 4569 02b2 28000000 		.4byte	.LVL50
 4570 02b6 2E000000 		.4byte	.LVL52
 4571 02ba 0100     		.2byte	0x1
 4572 02bc 53       		.byte	0x53
 4573 02bd 2E000000 		.4byte	.LVL52
 4574 02c1 30000000 		.4byte	.LVL53
 4575 02c5 0100     		.2byte	0x1
 4576 02c7 55       		.byte	0x55
 4577 02c8 00000000 		.4byte	0
 4578 02cc 00000000 		.4byte	0
 4579              	.LLST12:
 4580 02d0 00000000 		.4byte	.LVL55
 4581 02d4 06000000 		.4byte	.LVL56
 4582 02d8 0100     		.2byte	0x1
 4583 02da 50       		.byte	0x50
 4584 02db 06000000 		.4byte	.LVL56
 4585 02df 08000000 		.4byte	.LVL57
 4586 02e3 0100     		.2byte	0x1
 4587 02e5 53       		.byte	0x53
 4588 02e6 08000000 		.4byte	.LVL57
 4589 02ea 14000000 		.4byte	.LFE11
 4590 02ee 0400     		.2byte	0x4
 4591 02f0 F3       		.byte	0xf3
 4592 02f1 01       		.uleb128 0x1
 4593 02f2 50       		.byte	0x50
 4594 02f3 9F       		.byte	0x9f
 4595 02f4 00000000 		.4byte	0
 4596 02f8 00000000 		.4byte	0
 4597              	.LLST13:
 4598 02fc 00000000 		.4byte	.LVL58
 4599 0300 0C000000 		.4byte	.LVL59
 4600 0304 0100     		.2byte	0x1
 4601 0306 50       		.byte	0x50
 4602 0307 0C000000 		.4byte	.LVL59
 4603 030b 20000000 		.4byte	.LVL62
 4604 030f 0100     		.2byte	0x1
 4605 0311 54       		.byte	0x54
 4606 0312 20000000 		.4byte	.LVL62
 4607 0316 34000000 		.4byte	.LFE12
 4608 031a 0400     		.2byte	0x4
 4609 031c F3       		.byte	0xf3
 4610 031d 01       		.uleb128 0x1
 4611 031e 50       		.byte	0x50
 4612 031f 9F       		.byte	0x9f
 4613 0320 00000000 		.4byte	0
 4614 0324 00000000 		.4byte	0
 4615              	.LLST14:
 4616 0328 00000000 		.4byte	.LVL58
ARM GAS  C:\Users\taips\AppData\Local\Temp\cc8A2Ndf.s 			page 143


 4617 032c 0F000000 		.4byte	.LVL60-1
 4618 0330 0100     		.2byte	0x1
 4619 0332 51       		.byte	0x51
 4620 0333 0F000000 		.4byte	.LVL60-1
 4621 0337 2A000000 		.4byte	.LVL64
 4622 033b 0100     		.2byte	0x1
 4623 033d 55       		.byte	0x55
 4624 033e 2A000000 		.4byte	.LVL64
 4625 0342 34000000 		.4byte	.LFE12
 4626 0346 0400     		.2byte	0x4
 4627 0348 F3       		.byte	0xf3
 4628 0349 01       		.uleb128 0x1
 4629 034a 51       		.byte	0x51
 4630 034b 9F       		.byte	0x9f
 4631 034c 00000000 		.4byte	0
 4632 0350 00000000 		.4byte	0
 4633              	.LLST15:
 4634 0354 28000000 		.4byte	.LVL63
 4635 0358 2C000000 		.4byte	.LVL65
 4636 035c 0100     		.2byte	0x1
 4637 035e 53       		.byte	0x53
 4638 035f 2C000000 		.4byte	.LVL65
 4639 0363 2E000000 		.4byte	.LVL66
 4640 0367 0100     		.2byte	0x1
 4641 0369 55       		.byte	0x55
 4642 036a 00000000 		.4byte	0
 4643 036e 00000000 		.4byte	0
 4644              	.LLST16:
 4645 0372 00000000 		.4byte	.LVL67
 4646 0376 0A000000 		.4byte	.LVL68
 4647 037a 0100     		.2byte	0x1
 4648 037c 50       		.byte	0x50
 4649 037d 0A000000 		.4byte	.LVL68
 4650 0381 14000000 		.4byte	.LVL70
 4651 0385 0100     		.2byte	0x1
 4652 0387 54       		.byte	0x54
 4653 0388 14000000 		.4byte	.LVL70
 4654 038c 24000000 		.4byte	.LFE13
 4655 0390 0400     		.2byte	0x4
 4656 0392 F3       		.byte	0xf3
 4657 0393 01       		.uleb128 0x1
 4658 0394 50       		.byte	0x50
 4659 0395 9F       		.byte	0x9f
 4660 0396 00000000 		.4byte	0
 4661 039a 00000000 		.4byte	0
 4662              	.LLST17:
 4663 039e 00000000 		.4byte	.LVL71
 4664 03a2 07000000 		.4byte	.LVL72-1
 4665 03a6 0100     		.2byte	0x1
 4666 03a8 50       		.byte	0x50
 4667 03a9 07000000 		.4byte	.LVL72-1
 4668 03ad 3A000000 		.4byte	.LVL76
 4669 03b1 0100     		.2byte	0x1
 4670 03b3 54       		.byte	0x54
 4671 03b4 3A000000 		.4byte	.LVL76
 4672 03b8 40000000 		.4byte	.LFE14
 4673 03bc 0400     		.2byte	0x4
ARM GAS  C:\Users\taips\AppData\Local\Temp\cc8A2Ndf.s 			page 144


 4674 03be F3       		.byte	0xf3
 4675 03bf 01       		.uleb128 0x1
 4676 03c0 50       		.byte	0x50
 4677 03c1 9F       		.byte	0x9f
 4678 03c2 00000000 		.4byte	0
 4679 03c6 00000000 		.4byte	0
 4680              	.LLST18:
 4681 03ca 00000000 		.4byte	.LVL77
 4682 03ce 07000000 		.4byte	.LVL78-1
 4683 03d2 0100     		.2byte	0x1
 4684 03d4 50       		.byte	0x50
 4685 03d5 07000000 		.4byte	.LVL78-1
 4686 03d9 3E000000 		.4byte	.LVL82
 4687 03dd 0100     		.2byte	0x1
 4688 03df 54       		.byte	0x54
 4689 03e0 3E000000 		.4byte	.LVL82
 4690 03e4 44000000 		.4byte	.LFE15
 4691 03e8 0400     		.2byte	0x4
 4692 03ea F3       		.byte	0xf3
 4693 03eb 01       		.uleb128 0x1
 4694 03ec 50       		.byte	0x50
 4695 03ed 9F       		.byte	0x9f
 4696 03ee 00000000 		.4byte	0
 4697 03f2 00000000 		.4byte	0
 4698              	.LLST19:
 4699 03f6 00000000 		.4byte	.LVL83
 4700 03fa 06000000 		.4byte	.LVL84
 4701 03fe 0100     		.2byte	0x1
 4702 0400 50       		.byte	0x50
 4703 0401 06000000 		.4byte	.LVL84
 4704 0405 28000000 		.4byte	.LVL91
 4705 0409 0100     		.2byte	0x1
 4706 040b 55       		.byte	0x55
 4707 040c 28000000 		.4byte	.LVL91
 4708 0410 34000000 		.4byte	.LFE16
 4709 0414 0400     		.2byte	0x4
 4710 0416 F3       		.byte	0xf3
 4711 0417 01       		.uleb128 0x1
 4712 0418 50       		.byte	0x50
 4713 0419 9F       		.byte	0x9f
 4714 041a 00000000 		.4byte	0
 4715 041e 00000000 		.4byte	0
 4716              	.LLST20:
 4717 0422 22000000 		.4byte	.LVL89
 4718 0426 26000000 		.4byte	.LVL90
 4719 042a 0100     		.2byte	0x1
 4720 042c 51       		.byte	0x51
 4721 042d 26000000 		.4byte	.LVL90
 4722 0431 28000000 		.4byte	.LVL91
 4723 0435 0100     		.2byte	0x1
 4724 0437 53       		.byte	0x53
 4725 0438 28000000 		.4byte	.LVL91
 4726 043c 2A000000 		.4byte	.LVL92
 4727 0440 0100     		.2byte	0x1
 4728 0442 55       		.byte	0x55
 4729 0443 00000000 		.4byte	0
 4730 0447 00000000 		.4byte	0
ARM GAS  C:\Users\taips\AppData\Local\Temp\cc8A2Ndf.s 			page 145


 4731              	.LLST21:
 4732 044b 00000000 		.4byte	.LVL93
 4733 044f 0C000000 		.4byte	.LVL94
 4734 0453 0100     		.2byte	0x1
 4735 0455 50       		.byte	0x50
 4736 0456 0C000000 		.4byte	.LVL94
 4737 045a 1C000000 		.4byte	.LVL98
 4738 045e 0100     		.2byte	0x1
 4739 0460 55       		.byte	0x55
 4740 0461 1C000000 		.4byte	.LVL98
 4741 0465 38000000 		.4byte	.LFE18
 4742 0469 0400     		.2byte	0x4
 4743 046b F3       		.byte	0xf3
 4744 046c 01       		.uleb128 0x1
 4745 046d 50       		.byte	0x50
 4746 046e 9F       		.byte	0x9f
 4747 046f 00000000 		.4byte	0
 4748 0473 00000000 		.4byte	0
 4749              	.LLST22:
 4750 0477 00000000 		.4byte	.LVL93
 4751 047b 0F000000 		.4byte	.LVL95-1
 4752 047f 0100     		.2byte	0x1
 4753 0481 51       		.byte	0x51
 4754 0482 0F000000 		.4byte	.LVL95-1
 4755 0486 24000000 		.4byte	.LVL100
 4756 048a 0100     		.2byte	0x1
 4757 048c 54       		.byte	0x54
 4758 048d 24000000 		.4byte	.LVL100
 4759 0491 38000000 		.4byte	.LFE18
 4760 0495 0400     		.2byte	0x4
 4761 0497 F3       		.byte	0xf3
 4762 0498 01       		.uleb128 0x1
 4763 0499 51       		.byte	0x51
 4764 049a 9F       		.byte	0x9f
 4765 049b 00000000 		.4byte	0
 4766 049f 00000000 		.4byte	0
 4767              	.LLST23:
 4768 04a3 1A000000 		.4byte	.LVL97
 4769 04a7 2D000000 		.4byte	.LVL101-1
 4770 04ab 0100     		.2byte	0x1
 4771 04ad 53       		.byte	0x53
 4772 04ae 00000000 		.4byte	0
 4773 04b2 00000000 		.4byte	0
 4774              	.LLST24:
 4775 04b6 00000000 		.4byte	.LVL102
 4776 04ba 06000000 		.4byte	.LVL103
 4777 04be 0100     		.2byte	0x1
 4778 04c0 50       		.byte	0x50
 4779 04c1 06000000 		.4byte	.LVL103
 4780 04c5 24000000 		.4byte	.LVL109
 4781 04c9 0100     		.2byte	0x1
 4782 04cb 54       		.byte	0x54
 4783 04cc 24000000 		.4byte	.LVL109
 4784 04d0 30000000 		.4byte	.LFE19
 4785 04d4 0400     		.2byte	0x4
 4786 04d6 F3       		.byte	0xf3
 4787 04d7 01       		.uleb128 0x1
ARM GAS  C:\Users\taips\AppData\Local\Temp\cc8A2Ndf.s 			page 146


 4788 04d8 50       		.byte	0x50
 4789 04d9 9F       		.byte	0x9f
 4790 04da 00000000 		.4byte	0
 4791 04de 00000000 		.4byte	0
 4792              	.LLST25:
 4793 04e2 12000000 		.4byte	.LVL105
 4794 04e6 18000000 		.4byte	.LVL106
 4795 04ea 0100     		.2byte	0x1
 4796 04ec 50       		.byte	0x50
 4797 04ed 18000000 		.4byte	.LVL106
 4798 04f1 22000000 		.4byte	.LVL107
 4799 04f5 0100     		.2byte	0x1
 4800 04f7 52       		.byte	0x52
 4801 04f8 22000000 		.4byte	.LVL107
 4802 04fc 24000000 		.4byte	.LVL108
 4803 0500 0100     		.2byte	0x1
 4804 0502 50       		.byte	0x50
 4805 0503 00000000 		.4byte	0
 4806 0507 00000000 		.4byte	0
 4807              	.LLST26:
 4808 050b 00000000 		.4byte	.LVL110
 4809 050f 0A000000 		.4byte	.LVL111
 4810 0513 0100     		.2byte	0x1
 4811 0515 50       		.byte	0x50
 4812 0516 0A000000 		.4byte	.LVL111
 4813 051a 14000000 		.4byte	.LVL113
 4814 051e 0100     		.2byte	0x1
 4815 0520 54       		.byte	0x54
 4816 0521 14000000 		.4byte	.LVL113
 4817 0525 20000000 		.4byte	.LFE21
 4818 0529 0400     		.2byte	0x4
 4819 052b F3       		.byte	0xf3
 4820 052c 01       		.uleb128 0x1
 4821 052d 50       		.byte	0x50
 4822 052e 9F       		.byte	0x9f
 4823 052f 00000000 		.4byte	0
 4824 0533 00000000 		.4byte	0
 4825              	.LLST27:
 4826 0537 00000000 		.4byte	.LVL114
 4827 053b 14000000 		.4byte	.LVL116
 4828 053f 0100     		.2byte	0x1
 4829 0541 50       		.byte	0x50
 4830 0542 14000000 		.4byte	.LVL116
 4831 0546 1A000000 		.4byte	.LVL118
 4832 054a 0400     		.2byte	0x4
 4833 054c F3       		.byte	0xf3
 4834 054d 01       		.uleb128 0x1
 4835 054e 50       		.byte	0x50
 4836 054f 9F       		.byte	0x9f
 4837 0550 1A000000 		.4byte	.LVL118
 4838 0554 1E000000 		.4byte	.LVL119
 4839 0558 0100     		.2byte	0x1
 4840 055a 50       		.byte	0x50
 4841 055b 1E000000 		.4byte	.LVL119
 4842 055f 22000000 		.4byte	.LVL121
 4843 0563 0400     		.2byte	0x4
 4844 0565 F3       		.byte	0xf3
ARM GAS  C:\Users\taips\AppData\Local\Temp\cc8A2Ndf.s 			page 147


 4845 0566 01       		.uleb128 0x1
 4846 0567 50       		.byte	0x50
 4847 0568 9F       		.byte	0x9f
 4848 0569 22000000 		.4byte	.LVL121
 4849 056d 26000000 		.4byte	.LVL122
 4850 0571 0100     		.2byte	0x1
 4851 0573 50       		.byte	0x50
 4852 0574 26000000 		.4byte	.LVL122
 4853 0578 28000000 		.4byte	.LVL123
 4854 057c 0400     		.2byte	0x4
 4855 057e F3       		.byte	0xf3
 4856 057f 01       		.uleb128 0x1
 4857 0580 50       		.byte	0x50
 4858 0581 9F       		.byte	0x9f
 4859 0582 28000000 		.4byte	.LVL123
 4860 0586 2A000000 		.4byte	.LVL124
 4861 058a 0100     		.2byte	0x1
 4862 058c 50       		.byte	0x50
 4863 058d 2A000000 		.4byte	.LVL124
 4864 0591 3C000000 		.4byte	.LFE22
 4865 0595 0400     		.2byte	0x4
 4866 0597 F3       		.byte	0xf3
 4867 0598 01       		.uleb128 0x1
 4868 0599 50       		.byte	0x50
 4869 059a 9F       		.byte	0x9f
 4870 059b 00000000 		.4byte	0
 4871 059f 00000000 		.4byte	0
 4872              	.LLST28:
 4873 05a3 02000000 		.4byte	.LVL115
 4874 05a7 18000000 		.4byte	.LVL117
 4875 05ab 0200     		.2byte	0x2
 4876 05ad 30       		.byte	0x30
 4877 05ae 9F       		.byte	0x9f
 4878 05af 18000000 		.4byte	.LVL117
 4879 05b3 1A000000 		.4byte	.LVL118
 4880 05b7 0100     		.2byte	0x1
 4881 05b9 50       		.byte	0x50
 4882 05ba 1A000000 		.4byte	.LVL118
 4883 05be 20000000 		.4byte	.LVL120
 4884 05c2 0200     		.2byte	0x2
 4885 05c4 30       		.byte	0x30
 4886 05c5 9F       		.byte	0x9f
 4887 05c6 20000000 		.4byte	.LVL120
 4888 05ca 22000000 		.4byte	.LVL121
 4889 05ce 0100     		.2byte	0x1
 4890 05d0 50       		.byte	0x50
 4891 05d1 22000000 		.4byte	.LVL121
 4892 05d5 26000000 		.4byte	.LVL122
 4893 05d9 0200     		.2byte	0x2
 4894 05db 30       		.byte	0x30
 4895 05dc 9F       		.byte	0x9f
 4896 05dd 26000000 		.4byte	.LVL122
 4897 05e1 28000000 		.4byte	.LVL123
 4898 05e5 0100     		.2byte	0x1
 4899 05e7 50       		.byte	0x50
 4900 05e8 28000000 		.4byte	.LVL123
 4901 05ec 30000000 		.4byte	.LVL126
ARM GAS  C:\Users\taips\AppData\Local\Temp\cc8A2Ndf.s 			page 148


 4902 05f0 0200     		.2byte	0x2
 4903 05f2 30       		.byte	0x30
 4904 05f3 9F       		.byte	0x9f
 4905 05f4 30000000 		.4byte	.LVL126
 4906 05f8 3C000000 		.4byte	.LFE22
 4907 05fc 0100     		.2byte	0x1
 4908 05fe 50       		.byte	0x50
 4909 05ff 00000000 		.4byte	0
 4910 0603 00000000 		.4byte	0
 4911              	.LLST29:
 4912 0607 62000000 		.4byte	.LVL134
 4913 060b 6E000000 		.4byte	.LVL136
 4914 060f 0100     		.2byte	0x1
 4915 0611 54       		.byte	0x54
 4916 0612 00000000 		.4byte	0
 4917 0616 00000000 		.4byte	0
 4918              	.LLST30:
 4919 061a 18000000 		.4byte	.LVL140
 4920 061e 30000000 		.4byte	.LVL143
 4921 0622 0100     		.2byte	0x1
 4922 0624 54       		.byte	0x54
 4923 0625 00000000 		.4byte	0
 4924 0629 00000000 		.4byte	0
 4925              	.LLST31:
 4926 062d 00000000 		.4byte	.LVL144
 4927 0631 07000000 		.4byte	.LVL145-1
 4928 0635 0100     		.2byte	0x1
 4929 0637 50       		.byte	0x50
 4930 0638 07000000 		.4byte	.LVL145-1
 4931 063c 20000000 		.4byte	.LVL152
 4932 0640 0100     		.2byte	0x1
 4933 0642 55       		.byte	0x55
 4934 0643 20000000 		.4byte	.LVL152
 4935 0647 2A000000 		.4byte	.LVL153
 4936 064b 0100     		.2byte	0x1
 4937 064d 50       		.byte	0x50
 4938 064e 2A000000 		.4byte	.LVL153
 4939 0652 4C000000 		.4byte	.LFE24
 4940 0656 0A00     		.2byte	0xa
 4941 0658 F3       		.byte	0xf3
 4942 0659 01       		.uleb128 0x1
 4943 065a 50       		.byte	0x50
 4944 065b 0C       		.byte	0xc
 4945 065c 04040400 		.4byte	0x40404
 4946 0660 1A       		.byte	0x1a
 4947 0661 9F       		.byte	0x9f
 4948 0662 00000000 		.4byte	0
 4949 0666 00000000 		.4byte	0
 4950              	.LLST32:
 4951 066a 0A000000 		.4byte	.LVL146
 4952 066e 3C000000 		.4byte	.LVL156
 4953 0672 0100     		.2byte	0x1
 4954 0674 54       		.byte	0x54
 4955 0675 00000000 		.4byte	0
 4956 0679 00000000 		.4byte	0
 4957              	.LLST33:
 4958 067d 12000000 		.4byte	.LVL148
ARM GAS  C:\Users\taips\AppData\Local\Temp\cc8A2Ndf.s 			page 149


 4959 0681 1A000000 		.4byte	.LVL150
 4960 0685 0200     		.2byte	0x2
 4961 0687 31       		.byte	0x31
 4962 0688 9F       		.byte	0x9f
 4963 0689 1C000000 		.4byte	.LVL151
 4964 068d 35000000 		.4byte	.LVL154-1
 4965 0691 0100     		.2byte	0x1
 4966 0693 51       		.byte	0x51
 4967 0694 00000000 		.4byte	0
 4968 0698 00000000 		.4byte	0
 4969              	.LLST34:
 4970 069c 00000000 		.4byte	.LVL157
 4971 06a0 08000000 		.4byte	.LVL158
 4972 06a4 0100     		.2byte	0x1
 4973 06a6 50       		.byte	0x50
 4974 06a7 08000000 		.4byte	.LVL158
 4975 06ab 20000000 		.4byte	.LFE25
 4976 06af 0400     		.2byte	0x4
 4977 06b1 F3       		.byte	0xf3
 4978 06b2 01       		.uleb128 0x1
 4979 06b3 50       		.byte	0x50
 4980 06b4 9F       		.byte	0x9f
 4981 06b5 00000000 		.4byte	0
 4982 06b9 00000000 		.4byte	0
 4983              	.LLST35:
 4984 06bd 00000000 		.4byte	.LVL159
 4985 06c1 08000000 		.4byte	.LVL161
 4986 06c5 0100     		.2byte	0x1
 4987 06c7 50       		.byte	0x50
 4988 06c8 08000000 		.4byte	.LVL161
 4989 06cc 12000000 		.4byte	.LVL163
 4990 06d0 0400     		.2byte	0x4
 4991 06d2 F3       		.byte	0xf3
 4992 06d3 01       		.uleb128 0x1
 4993 06d4 50       		.byte	0x50
 4994 06d5 9F       		.byte	0x9f
 4995 06d6 12000000 		.4byte	.LVL163
 4996 06da 14000000 		.4byte	.LVL164
 4997 06de 0100     		.2byte	0x1
 4998 06e0 50       		.byte	0x50
 4999 06e1 14000000 		.4byte	.LVL164
 5000 06e5 20000000 		.4byte	.LFE26
 5001 06e9 0400     		.2byte	0x4
 5002 06eb F3       		.byte	0xf3
 5003 06ec 01       		.uleb128 0x1
 5004 06ed 50       		.byte	0x50
 5005 06ee 9F       		.byte	0x9f
 5006 06ef 00000000 		.4byte	0
 5007 06f3 00000000 		.4byte	0
 5008              	.LLST36:
 5009 06f7 00000000 		.4byte	.LVL159
 5010 06fb 17000000 		.4byte	.LVL165-1
 5011 06ff 0100     		.2byte	0x1
 5012 0701 51       		.byte	0x51
 5013 0702 17000000 		.4byte	.LVL165-1
 5014 0706 20000000 		.4byte	.LFE26
 5015 070a 0400     		.2byte	0x4
ARM GAS  C:\Users\taips\AppData\Local\Temp\cc8A2Ndf.s 			page 150


 5016 070c F3       		.byte	0xf3
 5017 070d 01       		.uleb128 0x1
 5018 070e 51       		.byte	0x51
 5019 070f 9F       		.byte	0x9f
 5020 0710 00000000 		.4byte	0
 5021 0714 00000000 		.4byte	0
 5022              	.LLST37:
 5023 0718 02000000 		.4byte	.LVL160
 5024 071c 0E000000 		.4byte	.LVL162
 5025 0720 0200     		.2byte	0x2
 5026 0722 30       		.byte	0x30
 5027 0723 9F       		.byte	0x9f
 5028 0724 0E000000 		.4byte	.LVL162
 5029 0728 12000000 		.4byte	.LVL163
 5030 072c 0100     		.2byte	0x1
 5031 072e 50       		.byte	0x50
 5032 072f 12000000 		.4byte	.LVL163
 5033 0733 1A000000 		.4byte	.LVL166
 5034 0737 0200     		.2byte	0x2
 5035 0739 30       		.byte	0x30
 5036 073a 9F       		.byte	0x9f
 5037 073b 1A000000 		.4byte	.LVL166
 5038 073f 20000000 		.4byte	.LFE26
 5039 0743 0100     		.2byte	0x1
 5040 0745 50       		.byte	0x50
 5041 0746 00000000 		.4byte	0
 5042 074a 00000000 		.4byte	0
 5043              	.LLST38:
 5044 074e 00000000 		.4byte	.LVL167
 5045 0752 08000000 		.4byte	.LVL169
 5046 0756 0100     		.2byte	0x1
 5047 0758 50       		.byte	0x50
 5048 0759 08000000 		.4byte	.LVL169
 5049 075d 10000000 		.4byte	.LVL171
 5050 0761 0400     		.2byte	0x4
 5051 0763 F3       		.byte	0xf3
 5052 0764 01       		.uleb128 0x1
 5053 0765 50       		.byte	0x50
 5054 0766 9F       		.byte	0x9f
 5055 0767 10000000 		.4byte	.LVL171
 5056 076b 12000000 		.4byte	.LVL172
 5057 076f 0100     		.2byte	0x1
 5058 0771 50       		.byte	0x50
 5059 0772 12000000 		.4byte	.LVL172
 5060 0776 20000000 		.4byte	.LFE27
 5061 077a 0400     		.2byte	0x4
 5062 077c F3       		.byte	0xf3
 5063 077d 01       		.uleb128 0x1
 5064 077e 50       		.byte	0x50
 5065 077f 9F       		.byte	0x9f
 5066 0780 00000000 		.4byte	0
 5067 0784 00000000 		.4byte	0
 5068              	.LLST39:
 5069 0788 02000000 		.4byte	.LVL168
 5070 078c 0E000000 		.4byte	.LVL170
 5071 0790 0200     		.2byte	0x2
 5072 0792 30       		.byte	0x30
ARM GAS  C:\Users\taips\AppData\Local\Temp\cc8A2Ndf.s 			page 151


 5073 0793 9F       		.byte	0x9f
 5074 0794 0E000000 		.4byte	.LVL170
 5075 0798 10000000 		.4byte	.LVL171
 5076 079c 0100     		.2byte	0x1
 5077 079e 50       		.byte	0x50
 5078 079f 10000000 		.4byte	.LVL171
 5079 07a3 18000000 		.4byte	.LVL174
 5080 07a7 0200     		.2byte	0x2
 5081 07a9 30       		.byte	0x30
 5082 07aa 9F       		.byte	0x9f
 5083 07ab 18000000 		.4byte	.LVL174
 5084 07af 20000000 		.4byte	.LFE27
 5085 07b3 0100     		.2byte	0x1
 5086 07b5 50       		.byte	0x50
 5087 07b6 00000000 		.4byte	0
 5088 07ba 00000000 		.4byte	0
 5089              	.LLST40:
 5090 07be 00000000 		.4byte	.LVL175
 5091 07c2 08000000 		.4byte	.LVL176
 5092 07c6 0100     		.2byte	0x1
 5093 07c8 50       		.byte	0x50
 5094 07c9 08000000 		.4byte	.LVL176
 5095 07cd 1E000000 		.4byte	.LVL177
 5096 07d1 0400     		.2byte	0x4
 5097 07d3 F3       		.byte	0xf3
 5098 07d4 01       		.uleb128 0x1
 5099 07d5 50       		.byte	0x50
 5100 07d6 9F       		.byte	0x9f
 5101 07d7 1E000000 		.4byte	.LVL177
 5102 07db 20000000 		.4byte	.LVL178
 5103 07df 0100     		.2byte	0x1
 5104 07e1 50       		.byte	0x50
 5105 07e2 20000000 		.4byte	.LVL178
 5106 07e6 34000000 		.4byte	.LFE28
 5107 07ea 0400     		.2byte	0x4
 5108 07ec F3       		.byte	0xf3
 5109 07ed 01       		.uleb128 0x1
 5110 07ee 50       		.byte	0x50
 5111 07ef 9F       		.byte	0x9f
 5112 07f0 00000000 		.4byte	0
 5113 07f4 00000000 		.4byte	0
 5114              	.LLST41:
 5115 07f8 00000000 		.4byte	.LVL180
 5116 07fc 08000000 		.4byte	.LVL181
 5117 0800 0100     		.2byte	0x1
 5118 0802 50       		.byte	0x50
 5119 0803 08000000 		.4byte	.LVL181
 5120 0807 16000000 		.4byte	.LVL182
 5121 080b 0400     		.2byte	0x4
 5122 080d F3       		.byte	0xf3
 5123 080e 01       		.uleb128 0x1
 5124 080f 50       		.byte	0x50
 5125 0810 9F       		.byte	0x9f
 5126 0811 16000000 		.4byte	.LVL182
 5127 0815 18000000 		.4byte	.LVL183
 5128 0819 0100     		.2byte	0x1
 5129 081b 50       		.byte	0x50
ARM GAS  C:\Users\taips\AppData\Local\Temp\cc8A2Ndf.s 			page 152


 5130 081c 18000000 		.4byte	.LVL183
 5131 0820 28000000 		.4byte	.LFE29
 5132 0824 0400     		.2byte	0x4
 5133 0826 F3       		.byte	0xf3
 5134 0827 01       		.uleb128 0x1
 5135 0828 50       		.byte	0x50
 5136 0829 9F       		.byte	0x9f
 5137 082a 00000000 		.4byte	0
 5138 082e 00000000 		.4byte	0
 5139              	.LLST42:
 5140 0832 00000000 		.4byte	.LVL191
 5141 0836 09000000 		.4byte	.LVL192-1
 5142 083a 0100     		.2byte	0x1
 5143 083c 50       		.byte	0x50
 5144 083d 09000000 		.4byte	.LVL192-1
 5145 0841 2E000000 		.4byte	.LVL197
 5146 0845 0100     		.2byte	0x1
 5147 0847 54       		.byte	0x54
 5148 0848 2E000000 		.4byte	.LVL197
 5149 084c 35000000 		.4byte	.LVL198-1
 5150 0850 0100     		.2byte	0x1
 5151 0852 50       		.byte	0x50
 5152 0853 35000000 		.4byte	.LVL198-1
 5153 0857 5E000000 		.4byte	.LVL203
 5154 085b 0100     		.2byte	0x1
 5155 085d 54       		.byte	0x54
 5156 085e 5E000000 		.4byte	.LVL203
 5157 0862 60000000 		.4byte	.LFE31
 5158 0866 0400     		.2byte	0x4
 5159 0868 F3       		.byte	0xf3
 5160 0869 01       		.uleb128 0x1
 5161 086a 50       		.byte	0x50
 5162 086b 9F       		.byte	0x9f
 5163 086c 00000000 		.4byte	0
 5164 0870 00000000 		.4byte	0
 5165              	.LLST43:
 5166 0874 00000000 		.4byte	.LVL204
 5167 0878 0F000000 		.4byte	.LVL205-1
 5168 087c 0100     		.2byte	0x1
 5169 087e 50       		.byte	0x50
 5170 087f 0F000000 		.4byte	.LVL205-1
 5171 0883 5A000000 		.4byte	.LVL214
 5172 0887 0100     		.2byte	0x1
 5173 0889 54       		.byte	0x54
 5174 088a 5A000000 		.4byte	.LVL214
 5175 088e 6C000000 		.4byte	.LFE35
 5176 0892 0400     		.2byte	0x4
 5177 0894 F3       		.byte	0xf3
 5178 0895 01       		.uleb128 0x1
 5179 0896 50       		.byte	0x50
 5180 0897 9F       		.byte	0x9f
 5181 0898 00000000 		.4byte	0
 5182 089c 00000000 		.4byte	0
 5183              	.LLST44:
 5184 08a0 00000000 		.4byte	.LVL204
 5185 08a4 0F000000 		.4byte	.LVL205-1
 5186 08a8 0100     		.2byte	0x1
ARM GAS  C:\Users\taips\AppData\Local\Temp\cc8A2Ndf.s 			page 153


 5187 08aa 51       		.byte	0x51
 5188 08ab 0F000000 		.4byte	.LVL205-1
 5189 08af 6C000000 		.4byte	.LFE35
 5190 08b3 0400     		.2byte	0x4
 5191 08b5 F3       		.byte	0xf3
 5192 08b6 01       		.uleb128 0x1
 5193 08b7 51       		.byte	0x51
 5194 08b8 9F       		.byte	0x9f
 5195 08b9 00000000 		.4byte	0
 5196 08bd 00000000 		.4byte	0
 5197              	.LLST45:
 5198 08c1 00000000 		.4byte	.LVL204
 5199 08c5 0F000000 		.4byte	.LVL205-1
 5200 08c9 0100     		.2byte	0x1
 5201 08cb 52       		.byte	0x52
 5202 08cc 0F000000 		.4byte	.LVL205-1
 5203 08d0 5A000000 		.4byte	.LVL215
 5204 08d4 0100     		.2byte	0x1
 5205 08d6 55       		.byte	0x55
 5206 08d7 5A000000 		.4byte	.LVL215
 5207 08db 6C000000 		.4byte	.LFE35
 5208 08df 0400     		.2byte	0x4
 5209 08e1 F3       		.byte	0xf3
 5210 08e2 01       		.uleb128 0x1
 5211 08e3 52       		.byte	0x52
 5212 08e4 9F       		.byte	0x9f
 5213 08e5 00000000 		.4byte	0
 5214 08e9 00000000 		.4byte	0
 5215              	.LLST46:
 5216 08ed 24000000 		.4byte	.LVL206
 5217 08f1 2A000000 		.4byte	.LVL207
 5218 08f5 0100     		.2byte	0x1
 5219 08f7 50       		.byte	0x50
 5220 08f8 2E000000 		.4byte	.LVL208
 5221 08fc 34000000 		.4byte	.LVL209
 5222 0900 0100     		.2byte	0x1
 5223 0902 50       		.byte	0x50
 5224 0903 3A000000 		.4byte	.LVL210
 5225 0907 54000000 		.4byte	.LVL212
 5226 090b 0100     		.2byte	0x1
 5227 090d 56       		.byte	0x56
 5228 090e 00000000 		.4byte	0
 5229 0912 00000000 		.4byte	0
 5230              	.LLST47:
 5231 0916 00000000 		.4byte	.LVL216
 5232 091a 0F000000 		.4byte	.LVL217-1
 5233 091e 0100     		.2byte	0x1
 5234 0920 50       		.byte	0x50
 5235 0921 0F000000 		.4byte	.LVL217-1
 5236 0925 36000000 		.4byte	.LVL223
 5237 0929 0100     		.2byte	0x1
 5238 092b 54       		.byte	0x54
 5239 092c 36000000 		.4byte	.LVL223
 5240 0930 3C000000 		.4byte	.LFE34
 5241 0934 0400     		.2byte	0x4
 5242 0936 F3       		.byte	0xf3
 5243 0937 01       		.uleb128 0x1
ARM GAS  C:\Users\taips\AppData\Local\Temp\cc8A2Ndf.s 			page 154


 5244 0938 50       		.byte	0x50
 5245 0939 9F       		.byte	0x9f
 5246 093a 00000000 		.4byte	0
 5247 093e 00000000 		.4byte	0
 5248              	.LLST48:
 5249 0942 00000000 		.4byte	.LVL216
 5250 0946 0F000000 		.4byte	.LVL217-1
 5251 094a 0100     		.2byte	0x1
 5252 094c 51       		.byte	0x51
 5253 094d 0F000000 		.4byte	.LVL217-1
 5254 0951 3C000000 		.4byte	.LFE34
 5255 0955 0400     		.2byte	0x4
 5256 0957 F3       		.byte	0xf3
 5257 0958 01       		.uleb128 0x1
 5258 0959 51       		.byte	0x51
 5259 095a 9F       		.byte	0x9f
 5260 095b 00000000 		.4byte	0
 5261 095f 00000000 		.4byte	0
 5262              	.LLST49:
 5263 0963 00000000 		.4byte	.LVL216
 5264 0967 0F000000 		.4byte	.LVL217-1
 5265 096b 0100     		.2byte	0x1
 5266 096d 52       		.byte	0x52
 5267 096e 0F000000 		.4byte	.LVL217-1
 5268 0972 36000000 		.4byte	.LVL224
 5269 0976 0100     		.2byte	0x1
 5270 0978 55       		.byte	0x55
 5271 0979 36000000 		.4byte	.LVL224
 5272 097d 3C000000 		.4byte	.LFE34
 5273 0981 0400     		.2byte	0x4
 5274 0983 F3       		.byte	0xf3
 5275 0984 01       		.uleb128 0x1
 5276 0985 52       		.byte	0x52
 5277 0986 9F       		.byte	0x9f
 5278 0987 00000000 		.4byte	0
 5279 098b 00000000 		.4byte	0
 5280              	.LLST50:
 5281 098f 20000000 		.4byte	.LVL218
 5282 0993 2A000000 		.4byte	.LVL220
 5283 0997 0100     		.2byte	0x1
 5284 0999 50       		.byte	0x50
 5285 099a 00000000 		.4byte	0
 5286 099e 00000000 		.4byte	0
 5287              	.LLST51:
 5288 09a2 26000000 		.4byte	.LVL219
 5289 09a6 2D000000 		.4byte	.LVL221-1
 5290 09aa 0100     		.2byte	0x1
 5291 09ac 52       		.byte	0x52
 5292 09ad 00000000 		.4byte	0
 5293 09b1 00000000 		.4byte	0
 5294              		.section	.debug_aranges,"",%progbits
 5295 0000 34010000 		.4byte	0x134
 5296 0004 0200     		.2byte	0x2
 5297 0006 00000000 		.4byte	.Ldebug_info0
 5298 000a 04       		.byte	0x4
 5299 000b 00       		.byte	0
 5300 000c 0000     		.2byte	0
ARM GAS  C:\Users\taips\AppData\Local\Temp\cc8A2Ndf.s 			page 155


 5301 000e 0000     		.2byte	0
 5302 0010 00000000 		.4byte	.LFB5
 5303 0014 14000000 		.4byte	.LFE5-.LFB5
 5304 0018 00000000 		.4byte	.LFB7
 5305 001c 14000000 		.4byte	.LFE7-.LFB7
 5306 0020 00000000 		.4byte	.LFB0
 5307 0024 14000000 		.4byte	.LFE0-.LFB0
 5308 0028 00000000 		.4byte	.LFB2
 5309 002c 34000000 		.4byte	.LFE2-.LFB2
 5310 0030 00000000 		.4byte	.LFB3
 5311 0034 14000000 		.4byte	.LFE3-.LFB3
 5312 0038 00000000 		.4byte	.LFB4
 5313 003c 04010000 		.4byte	.LFE4-.LFB4
 5314 0040 00000000 		.4byte	.LFB6
 5315 0044 1C000000 		.4byte	.LFE6-.LFB6
 5316 0048 00000000 		.4byte	.LFB8
 5317 004c 30000000 		.4byte	.LFE8-.LFB8
 5318 0050 00000000 		.4byte	.LFB9
 5319 0054 24000000 		.4byte	.LFE9-.LFB9
 5320 0058 00000000 		.4byte	.LFB10
 5321 005c 38000000 		.4byte	.LFE10-.LFB10
 5322 0060 00000000 		.4byte	.LFB33
 5323 0064 2C000000 		.4byte	.LFE33-.LFB33
 5324 0068 00000000 		.4byte	.LFB11
 5325 006c 14000000 		.4byte	.LFE11-.LFB11
 5326 0070 00000000 		.4byte	.LFB12
 5327 0074 34000000 		.4byte	.LFE12-.LFB12
 5328 0078 00000000 		.4byte	.LFB13
 5329 007c 24000000 		.4byte	.LFE13-.LFB13
 5330 0080 00000000 		.4byte	.LFB14
 5331 0084 40000000 		.4byte	.LFE14-.LFB14
 5332 0088 00000000 		.4byte	.LFB15
 5333 008c 44000000 		.4byte	.LFE15-.LFB15
 5334 0090 00000000 		.4byte	.LFB16
 5335 0094 34000000 		.4byte	.LFE16-.LFB16
 5336 0098 00000000 		.4byte	.LFB17
 5337 009c 14000000 		.4byte	.LFE17-.LFB17
 5338 00a0 00000000 		.4byte	.LFB18
 5339 00a4 38000000 		.4byte	.LFE18-.LFB18
 5340 00a8 00000000 		.4byte	.LFB19
 5341 00ac 30000000 		.4byte	.LFE19-.LFB19
 5342 00b0 00000000 		.4byte	.LFB20
 5343 00b4 10000000 		.4byte	.LFE20-.LFB20
 5344 00b8 00000000 		.4byte	.LFB21
 5345 00bc 20000000 		.4byte	.LFE21-.LFB21
 5346 00c0 00000000 		.4byte	.LFB22
 5347 00c4 3C000000 		.4byte	.LFE22-.LFB22
 5348 00c8 00000000 		.4byte	.LFB32
 5349 00cc 74000000 		.4byte	.LFE32-.LFB32
 5350 00d0 00000000 		.4byte	.LFB1
 5351 00d4 38000000 		.4byte	.LFE1-.LFB1
 5352 00d8 00000000 		.4byte	.LFB23
 5353 00dc 14000000 		.4byte	.LFE23-.LFB23
 5354 00e0 00000000 		.4byte	.LFB24
 5355 00e4 4C000000 		.4byte	.LFE24-.LFB24
 5356 00e8 00000000 		.4byte	.LFB25
 5357 00ec 20000000 		.4byte	.LFE25-.LFB25
ARM GAS  C:\Users\taips\AppData\Local\Temp\cc8A2Ndf.s 			page 156


 5358 00f0 00000000 		.4byte	.LFB26
 5359 00f4 20000000 		.4byte	.LFE26-.LFB26
 5360 00f8 00000000 		.4byte	.LFB27
 5361 00fc 20000000 		.4byte	.LFE27-.LFB27
 5362 0100 00000000 		.4byte	.LFB28
 5363 0104 34000000 		.4byte	.LFE28-.LFB28
 5364 0108 00000000 		.4byte	.LFB29
 5365 010c 28000000 		.4byte	.LFE29-.LFB29
 5366 0110 00000000 		.4byte	.LFB30
 5367 0114 A4000000 		.4byte	.LFE30-.LFB30
 5368 0118 00000000 		.4byte	.LFB31
 5369 011c 60000000 		.4byte	.LFE31-.LFB31
 5370 0120 00000000 		.4byte	.LFB35
 5371 0124 6C000000 		.4byte	.LFE35-.LFB35
 5372 0128 00000000 		.4byte	.LFB34
 5373 012c 3C000000 		.4byte	.LFE34-.LFB34
 5374 0130 00000000 		.4byte	0
 5375 0134 00000000 		.4byte	0
 5376              		.section	.debug_ranges,"",%progbits
 5377              	.Ldebug_ranges0:
 5378 0000 00000000 		.4byte	.LFB5
 5379 0004 14000000 		.4byte	.LFE5
 5380 0008 00000000 		.4byte	.LFB7
 5381 000c 14000000 		.4byte	.LFE7
 5382 0010 00000000 		.4byte	.LFB0
 5383 0014 14000000 		.4byte	.LFE0
 5384 0018 00000000 		.4byte	.LFB2
 5385 001c 34000000 		.4byte	.LFE2
 5386 0020 00000000 		.4byte	.LFB3
 5387 0024 14000000 		.4byte	.LFE3
 5388 0028 00000000 		.4byte	.LFB4
 5389 002c 04010000 		.4byte	.LFE4
 5390 0030 00000000 		.4byte	.LFB6
 5391 0034 1C000000 		.4byte	.LFE6
 5392 0038 00000000 		.4byte	.LFB8
 5393 003c 30000000 		.4byte	.LFE8
 5394 0040 00000000 		.4byte	.LFB9
 5395 0044 24000000 		.4byte	.LFE9
 5396 0048 00000000 		.4byte	.LFB10
 5397 004c 38000000 		.4byte	.LFE10
 5398 0050 00000000 		.4byte	.LFB33
 5399 0054 2C000000 		.4byte	.LFE33
 5400 0058 00000000 		.4byte	.LFB11
 5401 005c 14000000 		.4byte	.LFE11
 5402 0060 00000000 		.4byte	.LFB12
 5403 0064 34000000 		.4byte	.LFE12
 5404 0068 00000000 		.4byte	.LFB13
 5405 006c 24000000 		.4byte	.LFE13
 5406 0070 00000000 		.4byte	.LFB14
 5407 0074 40000000 		.4byte	.LFE14
 5408 0078 00000000 		.4byte	.LFB15
 5409 007c 44000000 		.4byte	.LFE15
 5410 0080 00000000 		.4byte	.LFB16
 5411 0084 34000000 		.4byte	.LFE16
 5412 0088 00000000 		.4byte	.LFB17
 5413 008c 14000000 		.4byte	.LFE17
 5414 0090 00000000 		.4byte	.LFB18
ARM GAS  C:\Users\taips\AppData\Local\Temp\cc8A2Ndf.s 			page 157


 5415 0094 38000000 		.4byte	.LFE18
 5416 0098 00000000 		.4byte	.LFB19
 5417 009c 30000000 		.4byte	.LFE19
 5418 00a0 00000000 		.4byte	.LFB20
 5419 00a4 10000000 		.4byte	.LFE20
 5420 00a8 00000000 		.4byte	.LFB21
 5421 00ac 20000000 		.4byte	.LFE21
 5422 00b0 00000000 		.4byte	.LFB22
 5423 00b4 3C000000 		.4byte	.LFE22
 5424 00b8 00000000 		.4byte	.LFB32
 5425 00bc 74000000 		.4byte	.LFE32
 5426 00c0 00000000 		.4byte	.LFB1
 5427 00c4 38000000 		.4byte	.LFE1
 5428 00c8 00000000 		.4byte	.LFB23
 5429 00cc 14000000 		.4byte	.LFE23
 5430 00d0 00000000 		.4byte	.LFB24
 5431 00d4 4C000000 		.4byte	.LFE24
 5432 00d8 00000000 		.4byte	.LFB25
 5433 00dc 20000000 		.4byte	.LFE25
 5434 00e0 00000000 		.4byte	.LFB26
 5435 00e4 20000000 		.4byte	.LFE26
 5436 00e8 00000000 		.4byte	.LFB27
 5437 00ec 20000000 		.4byte	.LFE27
 5438 00f0 00000000 		.4byte	.LFB28
 5439 00f4 34000000 		.4byte	.LFE28
 5440 00f8 00000000 		.4byte	.LFB29
 5441 00fc 28000000 		.4byte	.LFE29
 5442 0100 00000000 		.4byte	.LFB30
 5443 0104 A4000000 		.4byte	.LFE30
 5444 0108 00000000 		.4byte	.LFB31
 5445 010c 60000000 		.4byte	.LFE31
 5446 0110 00000000 		.4byte	.LFB35
 5447 0114 6C000000 		.4byte	.LFE35
 5448 0118 00000000 		.4byte	.LFB34
 5449 011c 3C000000 		.4byte	.LFE34
 5450 0120 00000000 		.4byte	0
 5451 0124 00000000 		.4byte	0
 5452              		.section	.debug_line,"",%progbits
 5453              	.Ldebug_line0:
 5454 0000 AC040000 		.section	.debug_str,"MS",%progbits,1
 5454      0200A600 
 5454      00000201 
 5454      FB0E0D00 
 5454      01010101 
 5455              	.LASF10:
 5456 0000 75696E74 		.ascii	"uint16\000"
 5456      313600
 5457              	.LASF95:
 5458 0007 43794578 		.ascii	"CyExitCriticalSection\000"
 5458      69744372 
 5458      69746963 
 5458      616C5365 
 5458      6374696F 
 5459              	.LASF92:
 5460 001d 636F756E 		.ascii	"counterIntMaskTbl\000"
 5460      74657249 
 5460      6E744D61 
ARM GAS  C:\Users\taips\AppData\Local\Temp\cc8A2Ndf.s 			page 158


 5460      736B5462 
 5460      6C00
 5461              	.LASF93:
 5462 002f 63795379 		.ascii	"cySysWdtCallback\000"
 5462      73576474 
 5462      43616C6C 
 5462      6261636B 
 5462      00
 5463              	.LASF41:
 5464 0040 43795379 		.ascii	"CySysWdtSetMode\000"
 5464      73576474 
 5464      5365744D 
 5464      6F646500 
 5465              	.LASF37:
 5466 0050 43795379 		.ascii	"CySysWdtUnlock\000"
 5466      73576474 
 5466      556E6C6F 
 5466      636B00
 5467              	.LASF81:
 5468 005f 43795379 		.ascii	"CySysWatchdogFeed\000"
 5468      73576174 
 5468      6368646F 
 5468      67466565 
 5468      6400
 5469              	.LASF40:
 5470 0071 636F756E 		.ascii	"counterNum\000"
 5470      7465724E 
 5470      756D00
 5471              	.LASF64:
 5472 007c 43795379 		.ascii	"CySysClkLfclkPosedgeCatch\000"
 5472      73436C6B 
 5472      4C66636C 
 5472      6B506F73 
 5472      65646765 
 5473              	.LASF59:
 5474 0096 43795379 		.ascii	"CySysWdtGetCascade\000"
 5474      73576474 
 5474      47657443 
 5474      61736361 
 5474      646500
 5475              	.LASF98:
 5476 00a9 474E5520 		.ascii	"GNU C11 5.4.1 20160609 (release) [ARM/embedded-5-br"
 5476      43313120 
 5476      352E342E 
 5476      31203230 
 5476      31363036 
 5477 00dc 616E6368 		.ascii	"anch revision 237715] -mcpu=cortex-m0 -mthumb -g -O"
 5477      20726576 
 5477      6973696F 
 5477      6E203233 
 5477      37373135 
 5478 010f 67202D66 		.ascii	"g -ffunction-sections -ffat-lto-objects\000"
 5478      66756E63 
 5478      74696F6E 
 5478      2D736563 
 5478      74696F6E 
 5479              	.LASF88:
ARM GAS  C:\Users\taips\AppData\Local\Temp\cc8A2Ndf.s 			page 159


 5480 0137 6C66636C 		.ascii	"lfclkPosedgeWdtCounter0Enabled\000"
 5480      6B506F73 
 5480      65646765 
 5480      57647443 
 5480      6F756E74 
 5481              	.LASF8:
 5482 0156 6C6F6E67 		.ascii	"long long unsigned int\000"
 5482      206C6F6E 
 5482      6720756E 
 5482      7369676E 
 5482      65642069 
 5483              	.LASF7:
 5484 016d 6C6F6E67 		.ascii	"long long int\000"
 5484      206C6F6E 
 5484      6720696E 
 5484      7400
 5485              	.LASF1:
 5486 017b 7369676E 		.ascii	"signed char\000"
 5486      65642063 
 5486      68617200 
 5487              	.LASF74:
 5488 0187 66756E63 		.ascii	"function\000"
 5488      74696F6E 
 5488      00
 5489              	.LASF36:
 5490 0190 43795379 		.ascii	"CySysWdtLock\000"
 5490      73576474 
 5490      4C6F636B 
 5490      00
 5491              	.LASF20:
 5492 019d 63795764 		.ascii	"cyWdtCallback\000"
 5492      7443616C 
 5492      6C626163 
 5492      6B00
 5493              	.LASF97:
 5494 01ab 43794465 		.ascii	"CyDelayUs\000"
 5494      6C617955 
 5494      7300
 5495              	.LASF19:
 5496 01b5 63795F73 		.ascii	"cy_sys_timer_delaytype_enum\000"
 5496      79735F74 
 5496      696D6572 
 5496      5F64656C 
 5496      61797479 
 5497              	.LASF58:
 5498 01d1 62697473 		.ascii	"bits\000"
 5498      00
 5499              	.LASF5:
 5500 01d6 6C6F6E67 		.ascii	"long int\000"
 5500      20696E74 
 5500      00
 5501              	.LASF56:
 5502 01df 72656756 		.ascii	"regValue\000"
 5502      616C7565 
 5502      00
 5503              	.LASF9:
 5504 01e8 75696E74 		.ascii	"uint8\000"
ARM GAS  C:\Users\taips\AppData\Local\Temp\cc8A2Ndf.s 			page 160


 5504      3800
 5505              	.LASF46:
 5506 01ee 656E6162 		.ascii	"enable\000"
 5506      6C6500
 5507              	.LASF13:
 5508 01f5 646F7562 		.ascii	"double\000"
 5508      6C6500
 5509              	.LASF29:
 5510 01fc 636F6D70 		.ascii	"compensatedCycles\000"
 5510      656E7361 
 5510      74656443 
 5510      79636C65 
 5510      7300
 5511              	.LASF67:
 5512 020e 43795379 		.ascii	"CySysClkIloStop\000"
 5512      73436C6B 
 5512      496C6F53 
 5512      746F7000 
 5513              	.LASF30:
 5514 021e 696C6F43 		.ascii	"iloCompensatedCycles\000"
 5514      6F6D7065 
 5514      6E736174 
 5514      65644379 
 5514      636C6573 
 5515              	.LASF72:
 5516 0233 636F756E 		.ascii	"countersMask\000"
 5516      74657273 
 5516      4D61736B 
 5516      00
 5517              	.LASF11:
 5518 0240 75696E74 		.ascii	"uint32\000"
 5518      333200
 5519              	.LASF27:
 5520 0247 43795379 		.ascii	"CySysClkIloStopMeasurement\000"
 5520      73436C6B 
 5520      496C6F53 
 5520      746F704D 
 5520      65617375 
 5521              	.LASF99:
 5522 0262 433A5C50 		.ascii	"C:\\Program Files (x86)\\Cypress\\PSoC Creator\\4.4"
 5522      726F6772 
 5522      616D2046 
 5522      696C6573 
 5522      20287838 
 5523 0291 5C50536F 		.ascii	"\\PSoC Creator\\1\\LWO2.cydsn\\Generated_Source\\PS"
 5523      43204372 
 5523      6561746F 
 5523      725C315C 
 5523      4C574F32 
 5524 02bf 6F43345C 		.ascii	"oC4\\CyLFClk.c\000"
 5524      43794C46 
 5524      436C6B2E 
 5524      6300
 5525              	.LASF75:
 5526 02cd 70726576 		.ascii	"prevCallback\000"
 5526      43616C6C 
 5526      6261636B 
ARM GAS  C:\Users\taips\AppData\Local\Temp\cc8A2Ndf.s 			page 161


 5526      00
 5527              	.LASF54:
 5528 02da 43795379 		.ascii	"CySysWdtSetMatch\000"
 5528      73576474 
 5528      5365744D 
 5528      61746368 
 5528      00
 5529              	.LASF53:
 5530 02eb 636F756E 		.ascii	"countersEnableStatus\000"
 5530      74657273 
 5530      456E6162 
 5530      6C655374 
 5530      61747573 
 5531              	.LASF91:
 5532 0300 77647449 		.ascii	"wdtIsrMask\000"
 5532      73724D61 
 5532      736B00
 5533              	.LASF48:
 5534 030b 43795379 		.ascii	"CySysWdtEnable\000"
 5534      73576474 
 5534      456E6162 
 5534      6C6500
 5535              	.LASF73:
 5536 031a 43795379 		.ascii	"CySysWdtSetInterruptCallback\000"
 5536      73576474 
 5536      53657449 
 5536      6E746572 
 5536      72757074 
 5537              	.LASF49:
 5538 0337 636F756E 		.ascii	"counterMask\000"
 5538      7465724D 
 5538      61736B00 
 5539              	.LASF47:
 5540 0343 43795379 		.ascii	"CySysWdtGetClearOnMatch\000"
 5540      73576474 
 5540      47657443 
 5540      6C656172 
 5540      4F6E4D61 
 5541              	.LASF0:
 5542 035b 756E7369 		.ascii	"unsigned int\000"
 5542      676E6564 
 5542      20696E74 
 5542      00
 5543              	.LASF65:
 5544 0368 66697273 		.ascii	"firstCount\000"
 5544      74436F75 
 5544      6E7400
 5545              	.LASF77:
 5546 0373 72657443 		.ascii	"retCallback\000"
 5546      616C6C62 
 5546      61636B00 
 5547              	.LASF28:
 5548 037f 64657369 		.ascii	"desiredDelay\000"
 5548      72656444 
 5548      656C6179 
 5548      00
 5549              	.LASF6:
ARM GAS  C:\Users\taips\AppData\Local\Temp\cc8A2Ndf.s 			page 162


 5550 038c 6C6F6E67 		.ascii	"long unsigned int\000"
 5550      20756E73 
 5550      69676E65 
 5550      6420696E 
 5550      7400
 5551              	.LASF35:
 5552 039e 696E7465 		.ascii	"interruptState\000"
 5552      72727570 
 5552      74537461 
 5552      746500
 5553              	.LASF87:
 5554 03ad 6D617463 		.ascii	"matchValue\000"
 5554      6856616C 
 5554      756500
 5555              	.LASF63:
 5556 03b8 43795379 		.ascii	"CySysClkLfclkPosedgeRestore\000"
 5556      73436C6B 
 5556      4C66636C 
 5556      6B506F73 
 5556      65646765 
 5557              	.LASF78:
 5558 03d4 43795379 		.ascii	"CySysWdtEnableCounterIsr\000"
 5558      73576474 
 5558      456E6162 
 5558      6C65436F 
 5558      756E7465 
 5559              	.LASF4:
 5560 03ed 73686F72 		.ascii	"short unsigned int\000"
 5560      7420756E 
 5560      7369676E 
 5560      65642069 
 5560      6E7400
 5561              	.LASF39:
 5562 0400 43795379 		.ascii	"CySysWdtGetEnabledStatus\000"
 5562      73576474 
 5562      47657445 
 5562      6E61626C 
 5562      65645374 
 5563              	.LASF76:
 5564 0419 43795379 		.ascii	"CySysWdtGetInterruptCallback\000"
 5564      73576474 
 5564      47657449 
 5564      6E746572 
 5564      72757074 
 5565              	.LASF80:
 5566 0436 43795379 		.ascii	"CySysWdtIsr\000"
 5566      73576474 
 5566      49737200 
 5567              	.LASF25:
 5568 0442 43795379 		.ascii	"CySysClkIloStart\000"
 5568      73436C6B 
 5568      496C6F53 
 5568      74617274 
 5568      00
 5569              	.LASF57:
 5570 0453 43795379 		.ascii	"CySysWdtSetToggleBit\000"
 5570      73576474 
ARM GAS  C:\Users\taips\AppData\Local\Temp\cc8A2Ndf.s 			page 163


 5570      53657454 
 5570      6F67676C 
 5570      65426974 
 5571              	.LASF16:
 5572 0468 72656733 		.ascii	"reg32\000"
 5572      3200
 5573              	.LASF94:
 5574 046e 4379456E 		.ascii	"CyEnterCriticalSection\000"
 5574      74657243 
 5574      72697469 
 5574      63616C53 
 5574      65637469 
 5575              	.LASF84:
 5576 0485 746D7056 		.ascii	"tmpValue\000"
 5576      616C7565 
 5576      00
 5577              	.LASF34:
 5578 048e 72657475 		.ascii	"returnStatus\000"
 5578      726E5374 
 5578      61747573 
 5578      00
 5579              	.LASF22:
 5580 049b 73697A65 		.ascii	"sizetype\000"
 5580      74797065 
 5580      00
 5581              	.LASF21:
 5582 04a4 6C6F6E67 		.ascii	"long double\000"
 5582      20646F75 
 5582      626C6500 
 5583              	.LASF61:
 5584 04b0 43795379 		.ascii	"CySysWdtGetMatch\000"
 5584      73576474 
 5584      4765744D 
 5584      61746368 
 5584      00
 5585              	.LASF55:
 5586 04c1 6D617463 		.ascii	"match\000"
 5586      6800
 5587              	.LASF17:
 5588 04c7 43595F53 		.ascii	"CY_SYS_TIMER_WAIT\000"
 5588      59535F54 
 5588      494D4552 
 5588      5F574149 
 5588      5400
 5589              	.LASF33:
 5590 04d9 63686563 		.ascii	"checkStatus\000"
 5590      6B537461 
 5590      74757300 
 5591              	.LASF100:
 5592 04e5 63796465 		.ascii	"cydelayFreqHz\000"
 5592      6C617946 
 5592      72657148 
 5592      7A00
 5593              	.LASF71:
 5594 04f3 43795379 		.ascii	"CySysWdtResetCounters\000"
 5594      73576474 
 5594      52657365 
ARM GAS  C:\Users\taips\AppData\Local\Temp\cc8A2Ndf.s 			page 164


 5594      74436F75 
 5594      6E746572 
 5595              	.LASF69:
 5596 0509 43795379 		.ascii	"CySysWdtClearInterrupt\000"
 5596      73576474 
 5596      436C6561 
 5596      72496E74 
 5596      65727275 
 5597              	.LASF12:
 5598 0520 666C6F61 		.ascii	"float\000"
 5598      7400
 5599              	.LASF82:
 5600 0526 43795379 		.ascii	"CySysTimerDelayUntilMatch\000"
 5600      7354696D 
 5600      65724465 
 5600      6C617955 
 5600      6E74696C 
 5601              	.LASF85:
 5602 0540 43795379 		.ascii	"CySysTimerDelay\000"
 5602      7354696D 
 5602      65724465 
 5602      6C617900 
 5603              	.LASF24:
 5604 0550 43795379 		.ascii	"CySysWdtLocked\000"
 5604      73576474 
 5604      4C6F636B 
 5604      656400
 5605              	.LASF96:
 5606 055f 43794861 		.ascii	"CyHalt\000"
 5606      6C7400
 5607              	.LASF2:
 5608 0566 756E7369 		.ascii	"unsigned char\000"
 5608      676E6564 
 5608      20636861 
 5608      7200
 5609              	.LASF32:
 5610 0574 636F6D70 		.ascii	"compensateRunningStatus\000"
 5610      656E7361 
 5610      74655275 
 5610      6E6E696E 
 5610      67537461 
 5611              	.LASF66:
 5612 058c 6C66636C 		.ascii	"lfclkPosedgeEnabledWdtCounter\000"
 5612      6B506F73 
 5612      65646765 
 5612      456E6162 
 5612      6C656457 
 5613              	.LASF86:
 5614 05aa 64656C61 		.ascii	"delay\000"
 5614      7900
 5615              	.LASF3:
 5616 05b0 73686F72 		.ascii	"short int\000"
 5616      7420696E 
 5616      7400
 5617              	.LASF83:
 5618 05ba 64656C61 		.ascii	"delayType\000"
 5618      79547970 
ARM GAS  C:\Users\taips\AppData\Local\Temp\cc8A2Ndf.s 			page 165


 5618      6500
 5619              	.LASF50:
 5620 05c4 43795379 		.ascii	"CySysWdtDisable\000"
 5620      73576474 
 5620      44697361 
 5620      626C6500 
 5621              	.LASF26:
 5622 05d4 43795379 		.ascii	"CySysClkIloStartMeasurement\000"
 5622      73436C6B 
 5622      496C6F53 
 5622      74617274 
 5622      4D656173 
 5623              	.LASF23:
 5624 05f0 43795379 		.ascii	"CySysClkIloEnabled\000"
 5624      73436C6B 
 5624      496C6F45 
 5624      6E61626C 
 5624      656400
 5625              	.LASF68:
 5626 0603 43795379 		.ascii	"CySysWdtGetInterruptSource\000"
 5626      73576474 
 5626      47657449 
 5626      6E746572 
 5626      72757074 
 5627              	.LASF79:
 5628 061e 43795379 		.ascii	"CySysWdtDisableCounterIsr\000"
 5628      73576474 
 5628      44697361 
 5628      626C6543 
 5628      6F756E74 
 5629              	.LASF14:
 5630 0638 63686172 		.ascii	"char\000"
 5630      00
 5631              	.LASF42:
 5632 063d 6D6F6465 		.ascii	"mode\000"
 5632      00
 5633              	.LASF62:
 5634 0642 43795379 		.ascii	"CySysWdtGetCount\000"
 5634      73576474 
 5634      47657443 
 5634      6F756E74 
 5634      00
 5635              	.LASF90:
 5636 0653 64697361 		.ascii	"disableServicedIsr\000"
 5636      626C6553 
 5636      65727669 
 5636      63656449 
 5636      737200
 5637              	.LASF45:
 5638 0666 43795379 		.ascii	"CySysWdtSetClearOnMatch\000"
 5638      73576474 
 5638      53657443 
 5638      6C656172 
 5638      4F6E4D61 
 5639              	.LASF51:
 5640 067e 43795379 		.ascii	"CySysWdtSetCascade\000"
 5640      73576474 
ARM GAS  C:\Users\taips\AppData\Local\Temp\cc8A2Ndf.s 			page 166


 5640      53657443 
 5640      61736361 
 5640      646500
 5641              	.LASF44:
 5642 0691 43795379 		.ascii	"CySysWdtGetMode\000"
 5642      73576474 
 5642      4765744D 
 5642      6F646500 
 5643              	.LASF31:
 5644 06a1 64657369 		.ascii	"desiredDelayInCounts\000"
 5644      72656444 
 5644      656C6179 
 5644      496E436F 
 5644      756E7473 
 5645              	.LASF43:
 5646 06b6 636F6E66 		.ascii	"configRegValue\000"
 5646      69675265 
 5646      6756616C 
 5646      756500
 5647              	.LASF70:
 5648 06c5 7764744C 		.ascii	"wdtLockState\000"
 5648      6F636B53 
 5648      74617465 
 5648      00
 5649              	.LASF89:
 5650 06d2 6C66636C 		.ascii	"lfclkPosedgeWdtCounter0Mode\000"
 5650      6B506F73 
 5650      65646765 
 5650      57647443 
 5650      6F756E74 
 5651              	.LASF52:
 5652 06ee 63617363 		.ascii	"cascadeMask\000"
 5652      6164654D 
 5652      61736B00 
 5653              	.LASF15:
 5654 06fa 63797374 		.ascii	"cystatus\000"
 5654      61747573 
 5654      00
 5655              	.LASF60:
 5656 0703 43795379 		.ascii	"CySysWdtGetToggleBit\000"
 5656      73576474 
 5656      47657454 
 5656      6F67676C 
 5656      65426974 
 5657              	.LASF38:
 5658 0718 43795379 		.ascii	"CySysClkIloCompensate\000"
 5658      73436C6B 
 5658      496C6F43 
 5658      6F6D7065 
 5658      6E736174 
 5659              	.LASF18:
 5660 072e 43595F53 		.ascii	"CY_SYS_TIMER_INTERRUPT\000"
 5660      59535F54 
 5660      494D4552 
 5660      5F494E54 
 5660      45525255 
 5661              		.ident	"GCC: (GNU Tools for ARM Embedded Processors) 5.4.1 20160609 (release) [ARM/embedded-5-bran
ARM GAS  C:\Users\taips\AppData\Local\Temp\cc8A2Ndf.s 			page 167


