ARM GAS  C:\Users\taips\AppData\Local\Temp\ccZaQHee.s 			page 1


   1              		.syntax unified
   2              		.cpu cortex-m0
   3              		.fpu softvfp
   4              		.eabi_attribute 20, 1
   5              		.eabi_attribute 21, 1
   6              		.eabi_attribute 23, 3
   7              		.eabi_attribute 24, 1
   8              		.eabi_attribute 25, 1
   9              		.eabi_attribute 26, 1
  10              		.eabi_attribute 30, 1
  11              		.eabi_attribute 34, 0
  12              		.eabi_attribute 18, 4
  13              		.thumb
  14              		.syntax unified
  15              		.file	"cy_em_eeprom.c"
  16              		.text
  17              	.Ltext0:
  18              		.cfi_sections	.debug_frame
  19              		.section	.text.FindLastWrittenRow,"ax",%progbits
  20              		.align	2
  21              		.code	16
  22              		.thumb_func
  23              		.type	FindLastWrittenRow, %function
  24              	FindLastWrittenRow:
  25              	.LFB5:
  26              		.file 1 "C:\\Program Files (x86)\\Cypress\\PSoC Creator\\4.4\\PSoC Creator\\1\\LWO3.cydsn\\Generat
   1:C:\Program Files (x86)\Cypress\PSoC Creator\4.4\PSoC Creator\1\LWO3.cydsn\Generated_Source\PSoC4\cy_em_eeprom.c **** /***************************************************************************//**
   2:C:\Program Files (x86)\Cypress\PSoC Creator\4.4\PSoC Creator\1\LWO3.cydsn\Generated_Source\PSoC4\cy_em_eeprom.c **** * \file cy_em_eeprom.c
   3:C:\Program Files (x86)\Cypress\PSoC Creator\4.4\PSoC Creator\1\LWO3.cydsn\Generated_Source\PSoC4\cy_em_eeprom.c **** * \version 2.20
   4:C:\Program Files (x86)\Cypress\PSoC Creator\4.4\PSoC Creator\1\LWO3.cydsn\Generated_Source\PSoC4\cy_em_eeprom.c **** *
   5:C:\Program Files (x86)\Cypress\PSoC Creator\4.4\PSoC Creator\1\LWO3.cydsn\Generated_Source\PSoC4\cy_em_eeprom.c **** * \brief
   6:C:\Program Files (x86)\Cypress\PSoC Creator\4.4\PSoC Creator\1\LWO3.cydsn\Generated_Source\PSoC4\cy_em_eeprom.c **** *  This file provides source code of the API for the Emulated EEPROM library.
   7:C:\Program Files (x86)\Cypress\PSoC Creator\4.4\PSoC Creator\1\LWO3.cydsn\Generated_Source\PSoC4\cy_em_eeprom.c **** *  The Emulated EEPROM API allows creating of an emulated EEPROM in flash that
   8:C:\Program Files (x86)\Cypress\PSoC Creator\4.4\PSoC Creator\1\LWO3.cydsn\Generated_Source\PSoC4\cy_em_eeprom.c **** *  has the ability to do wear leveling and restore corrupted data from a
   9:C:\Program Files (x86)\Cypress\PSoC Creator\4.4\PSoC Creator\1\LWO3.cydsn\Generated_Source\PSoC4\cy_em_eeprom.c **** *  redundant copy.
  10:C:\Program Files (x86)\Cypress\PSoC Creator\4.4\PSoC Creator\1\LWO3.cydsn\Generated_Source\PSoC4\cy_em_eeprom.c **** *
  11:C:\Program Files (x86)\Cypress\PSoC Creator\4.4\PSoC Creator\1\LWO3.cydsn\Generated_Source\PSoC4\cy_em_eeprom.c **** ********************************************************************************
  12:C:\Program Files (x86)\Cypress\PSoC Creator\4.4\PSoC Creator\1\LWO3.cydsn\Generated_Source\PSoC4\cy_em_eeprom.c **** * \copyright
  13:C:\Program Files (x86)\Cypress\PSoC Creator\4.4\PSoC Creator\1\LWO3.cydsn\Generated_Source\PSoC4\cy_em_eeprom.c **** * Copyright 2017, Cypress Semiconductor Corporation.  All rights reserved.
  14:C:\Program Files (x86)\Cypress\PSoC Creator\4.4\PSoC Creator\1\LWO3.cydsn\Generated_Source\PSoC4\cy_em_eeprom.c **** * You may use this file only in accordance with the license, terms, conditions,
  15:C:\Program Files (x86)\Cypress\PSoC Creator\4.4\PSoC Creator\1\LWO3.cydsn\Generated_Source\PSoC4\cy_em_eeprom.c **** * disclaimers, and limitations in the end user license agreement accompanying
  16:C:\Program Files (x86)\Cypress\PSoC Creator\4.4\PSoC Creator\1\LWO3.cydsn\Generated_Source\PSoC4\cy_em_eeprom.c **** * the software package with which this file was provided.
  17:C:\Program Files (x86)\Cypress\PSoC Creator\4.4\PSoC Creator\1\LWO3.cydsn\Generated_Source\PSoC4\cy_em_eeprom.c **** *******************************************************************************/
  18:C:\Program Files (x86)\Cypress\PSoC Creator\4.4\PSoC Creator\1\LWO3.cydsn\Generated_Source\PSoC4\cy_em_eeprom.c **** 
  19:C:\Program Files (x86)\Cypress\PSoC Creator\4.4\PSoC Creator\1\LWO3.cydsn\Generated_Source\PSoC4\cy_em_eeprom.c **** 
  20:C:\Program Files (x86)\Cypress\PSoC Creator\4.4\PSoC Creator\1\LWO3.cydsn\Generated_Source\PSoC4\cy_em_eeprom.c **** #include "cytypes.h"
  21:C:\Program Files (x86)\Cypress\PSoC Creator\4.4\PSoC Creator\1\LWO3.cydsn\Generated_Source\PSoC4\cy_em_eeprom.c **** #include <string.h>
  22:C:\Program Files (x86)\Cypress\PSoC Creator\4.4\PSoC Creator\1\LWO3.cydsn\Generated_Source\PSoC4\cy_em_eeprom.c **** 
  23:C:\Program Files (x86)\Cypress\PSoC Creator\4.4\PSoC Creator\1\LWO3.cydsn\Generated_Source\PSoC4\cy_em_eeprom.c **** #if (CYDEV_CHIP_FAMILY_USED == CYDEV_CHIP_FAMILY_PSOC6)
  24:C:\Program Files (x86)\Cypress\PSoC Creator\4.4\PSoC Creator\1\LWO3.cydsn\Generated_Source\PSoC4\cy_em_eeprom.c ****     #include "em_eeprom/cy_em_eeprom.h"
  25:C:\Program Files (x86)\Cypress\PSoC Creator\4.4\PSoC Creator\1\LWO3.cydsn\Generated_Source\PSoC4\cy_em_eeprom.c **** #else
  26:C:\Program Files (x86)\Cypress\PSoC Creator\4.4\PSoC Creator\1\LWO3.cydsn\Generated_Source\PSoC4\cy_em_eeprom.c ****     #include "cy_em_eeprom.h"
  27:C:\Program Files (x86)\Cypress\PSoC Creator\4.4\PSoC Creator\1\LWO3.cydsn\Generated_Source\PSoC4\cy_em_eeprom.c **** #endif /* (CYDEV_CHIP_FAMILY_USED == CYDEV_CHIP_FAMILY_PSOC6) */
  28:C:\Program Files (x86)\Cypress\PSoC Creator\4.4\PSoC Creator\1\LWO3.cydsn\Generated_Source\PSoC4\cy_em_eeprom.c **** 
  29:C:\Program Files (x86)\Cypress\PSoC Creator\4.4\PSoC Creator\1\LWO3.cydsn\Generated_Source\PSoC4\cy_em_eeprom.c **** 
  30:C:\Program Files (x86)\Cypress\PSoC Creator\4.4\PSoC Creator\1\LWO3.cydsn\Generated_Source\PSoC4\cy_em_eeprom.c **** #if defined(__cplusplus)
  31:C:\Program Files (x86)\Cypress\PSoC Creator\4.4\PSoC Creator\1\LWO3.cydsn\Generated_Source\PSoC4\cy_em_eeprom.c **** extern "C" {
ARM GAS  C:\Users\taips\AppData\Local\Temp\ccZaQHee.s 			page 2


  32:C:\Program Files (x86)\Cypress\PSoC Creator\4.4\PSoC Creator\1\LWO3.cydsn\Generated_Source\PSoC4\cy_em_eeprom.c **** #endif
  33:C:\Program Files (x86)\Cypress\PSoC Creator\4.4\PSoC Creator\1\LWO3.cydsn\Generated_Source\PSoC4\cy_em_eeprom.c **** 
  34:C:\Program Files (x86)\Cypress\PSoC Creator\4.4\PSoC Creator\1\LWO3.cydsn\Generated_Source\PSoC4\cy_em_eeprom.c **** 
  35:C:\Program Files (x86)\Cypress\PSoC Creator\4.4\PSoC Creator\1\LWO3.cydsn\Generated_Source\PSoC4\cy_em_eeprom.c **** /***************************************
  36:C:\Program Files (x86)\Cypress\PSoC Creator\4.4\PSoC Creator\1\LWO3.cydsn\Generated_Source\PSoC4\cy_em_eeprom.c **** * Private Function Prototypes
  37:C:\Program Files (x86)\Cypress\PSoC Creator\4.4\PSoC Creator\1\LWO3.cydsn\Generated_Source\PSoC4\cy_em_eeprom.c **** ***************************************/
  38:C:\Program Files (x86)\Cypress\PSoC Creator\4.4\PSoC Creator\1\LWO3.cydsn\Generated_Source\PSoC4\cy_em_eeprom.c **** static void FindLastWrittenRow(uint32 * lastWrRowPtr, cy_stc_eeprom_context_t * context);
  39:C:\Program Files (x86)\Cypress\PSoC Creator\4.4\PSoC Creator\1\LWO3.cydsn\Generated_Source\PSoC4\cy_em_eeprom.c **** static uint32 GetRowAddrBySeqNum(uint32 seqNum, cy_stc_eeprom_context_t * context);
  40:C:\Program Files (x86)\Cypress\PSoC Creator\4.4\PSoC Creator\1\LWO3.cydsn\Generated_Source\PSoC4\cy_em_eeprom.c **** static uint8 CalcChecksum(uint8 rowData[], uint32 len);
  41:C:\Program Files (x86)\Cypress\PSoC Creator\4.4\PSoC Creator\1\LWO3.cydsn\Generated_Source\PSoC4\cy_em_eeprom.c **** static void GetNextRowToWrite(uint32 seqNum,
  42:C:\Program Files (x86)\Cypress\PSoC Creator\4.4\PSoC Creator\1\LWO3.cydsn\Generated_Source\PSoC4\cy_em_eeprom.c ****                             uint32 * rowToWrPtr,
  43:C:\Program Files (x86)\Cypress\PSoC Creator\4.4\PSoC Creator\1\LWO3.cydsn\Generated_Source\PSoC4\cy_em_eeprom.c ****                             uint32 * rowToRdPtr,
  44:C:\Program Files (x86)\Cypress\PSoC Creator\4.4\PSoC Creator\1\LWO3.cydsn\Generated_Source\PSoC4\cy_em_eeprom.c ****                             cy_stc_eeprom_context_t * context);
  45:C:\Program Files (x86)\Cypress\PSoC Creator\4.4\PSoC Creator\1\LWO3.cydsn\Generated_Source\PSoC4\cy_em_eeprom.c **** static cy_en_em_eeprom_status_t CheckRanges(cy_stc_eeprom_config_t* config);
  46:C:\Program Files (x86)\Cypress\PSoC Creator\4.4\PSoC Creator\1\LWO3.cydsn\Generated_Source\PSoC4\cy_em_eeprom.c **** static cy_en_em_eeprom_status_t WriteRow(uint32 rowAddr, uint32 *rowData, cy_stc_eeprom_context_t *
  47:C:\Program Files (x86)\Cypress\PSoC Creator\4.4\PSoC Creator\1\LWO3.cydsn\Generated_Source\PSoC4\cy_em_eeprom.c **** static cy_en_em_eeprom_status_t EraseRow(uint32 rowAddr, uint32 ramBuffAddr, cy_stc_eeprom_context_
  48:C:\Program Files (x86)\Cypress\PSoC Creator\4.4\PSoC Creator\1\LWO3.cydsn\Generated_Source\PSoC4\cy_em_eeprom.c **** static cy_en_em_eeprom_status_t CheckCrcAndCopy(uint32 startAddr,
  49:C:\Program Files (x86)\Cypress\PSoC Creator\4.4\PSoC Creator\1\LWO3.cydsn\Generated_Source\PSoC4\cy_em_eeprom.c ****                                                 uint32 dstAddr,
  50:C:\Program Files (x86)\Cypress\PSoC Creator\4.4\PSoC Creator\1\LWO3.cydsn\Generated_Source\PSoC4\cy_em_eeprom.c ****                                                 uint32 rowOffset,
  51:C:\Program Files (x86)\Cypress\PSoC Creator\4.4\PSoC Creator\1\LWO3.cydsn\Generated_Source\PSoC4\cy_em_eeprom.c ****                                                 uint32 numBytes,
  52:C:\Program Files (x86)\Cypress\PSoC Creator\4.4\PSoC Creator\1\LWO3.cydsn\Generated_Source\PSoC4\cy_em_eeprom.c ****                                                 cy_stc_eeprom_context_t * context);
  53:C:\Program Files (x86)\Cypress\PSoC Creator\4.4\PSoC Creator\1\LWO3.cydsn\Generated_Source\PSoC4\cy_em_eeprom.c **** static uint32 GetAddresses(uint32 *startAddr, uint32 *endAddr, uint32 *offset, uint32 rowNum, uint3
  54:C:\Program Files (x86)\Cypress\PSoC Creator\4.4\PSoC Creator\1\LWO3.cydsn\Generated_Source\PSoC4\cy_em_eeprom.c **** static cy_en_em_eeprom_status_t FillChecksum(cy_stc_eeprom_context_t * context);
  55:C:\Program Files (x86)\Cypress\PSoC Creator\4.4\PSoC Creator\1\LWO3.cydsn\Generated_Source\PSoC4\cy_em_eeprom.c **** 
  56:C:\Program Files (x86)\Cypress\PSoC Creator\4.4\PSoC Creator\1\LWO3.cydsn\Generated_Source\PSoC4\cy_em_eeprom.c **** /**
  57:C:\Program Files (x86)\Cypress\PSoC Creator\4.4\PSoC Creator\1\LWO3.cydsn\Generated_Source\PSoC4\cy_em_eeprom.c **** * \addtogroup group_em_eeprom_functions
  58:C:\Program Files (x86)\Cypress\PSoC Creator\4.4\PSoC Creator\1\LWO3.cydsn\Generated_Source\PSoC4\cy_em_eeprom.c **** * \{
  59:C:\Program Files (x86)\Cypress\PSoC Creator\4.4\PSoC Creator\1\LWO3.cydsn\Generated_Source\PSoC4\cy_em_eeprom.c **** */
  60:C:\Program Files (x86)\Cypress\PSoC Creator\4.4\PSoC Creator\1\LWO3.cydsn\Generated_Source\PSoC4\cy_em_eeprom.c **** 
  61:C:\Program Files (x86)\Cypress\PSoC Creator\4.4\PSoC Creator\1\LWO3.cydsn\Generated_Source\PSoC4\cy_em_eeprom.c **** /*******************************************************************************
  62:C:\Program Files (x86)\Cypress\PSoC Creator\4.4\PSoC Creator\1\LWO3.cydsn\Generated_Source\PSoC4\cy_em_eeprom.c **** * Function Name: Cy_Em_EEPROM_Init
  63:C:\Program Files (x86)\Cypress\PSoC Creator\4.4\PSoC Creator\1\LWO3.cydsn\Generated_Source\PSoC4\cy_em_eeprom.c **** ****************************************************************************//**
  64:C:\Program Files (x86)\Cypress\PSoC Creator\4.4\PSoC Creator\1\LWO3.cydsn\Generated_Source\PSoC4\cy_em_eeprom.c **** *
  65:C:\Program Files (x86)\Cypress\PSoC Creator\4.4\PSoC Creator\1\LWO3.cydsn\Generated_Source\PSoC4\cy_em_eeprom.c **** * Initializes the Emulated EEPROM library by filling the context structure. 
  66:C:\Program Files (x86)\Cypress\PSoC Creator\4.4\PSoC Creator\1\LWO3.cydsn\Generated_Source\PSoC4\cy_em_eeprom.c **** *
  67:C:\Program Files (x86)\Cypress\PSoC Creator\4.4\PSoC Creator\1\LWO3.cydsn\Generated_Source\PSoC4\cy_em_eeprom.c **** * \param config
  68:C:\Program Files (x86)\Cypress\PSoC Creator\4.4\PSoC Creator\1\LWO3.cydsn\Generated_Source\PSoC4\cy_em_eeprom.c **** * The pointer to a configuration structure. See \ref cy_stc_eeprom_config_t.
  69:C:\Program Files (x86)\Cypress\PSoC Creator\4.4\PSoC Creator\1\LWO3.cydsn\Generated_Source\PSoC4\cy_em_eeprom.c **** *
  70:C:\Program Files (x86)\Cypress\PSoC Creator\4.4\PSoC Creator\1\LWO3.cydsn\Generated_Source\PSoC4\cy_em_eeprom.c **** * \param context
  71:C:\Program Files (x86)\Cypress\PSoC Creator\4.4\PSoC Creator\1\LWO3.cydsn\Generated_Source\PSoC4\cy_em_eeprom.c **** * The pointer to the EEPROM context structure to be filled by the function.
  72:C:\Program Files (x86)\Cypress\PSoC Creator\4.4\PSoC Creator\1\LWO3.cydsn\Generated_Source\PSoC4\cy_em_eeprom.c **** * \ref cy_stc_eeprom_context_t.
  73:C:\Program Files (x86)\Cypress\PSoC Creator\4.4\PSoC Creator\1\LWO3.cydsn\Generated_Source\PSoC4\cy_em_eeprom.c **** *
  74:C:\Program Files (x86)\Cypress\PSoC Creator\4.4\PSoC Creator\1\LWO3.cydsn\Generated_Source\PSoC4\cy_em_eeprom.c **** * \return
  75:C:\Program Files (x86)\Cypress\PSoC Creator\4.4\PSoC Creator\1\LWO3.cydsn\Generated_Source\PSoC4\cy_em_eeprom.c **** * error / status code. See \ref cy_en_em_eeprom_status_t.
  76:C:\Program Files (x86)\Cypress\PSoC Creator\4.4\PSoC Creator\1\LWO3.cydsn\Generated_Source\PSoC4\cy_em_eeprom.c **** *
  77:C:\Program Files (x86)\Cypress\PSoC Creator\4.4\PSoC Creator\1\LWO3.cydsn\Generated_Source\PSoC4\cy_em_eeprom.c **** * \note
  78:C:\Program Files (x86)\Cypress\PSoC Creator\4.4\PSoC Creator\1\LWO3.cydsn\Generated_Source\PSoC4\cy_em_eeprom.c **** * The context structure should not be modified by the user after it is filled
  79:C:\Program Files (x86)\Cypress\PSoC Creator\4.4\PSoC Creator\1\LWO3.cydsn\Generated_Source\PSoC4\cy_em_eeprom.c **** * with this function. Modification of context structure may cause the 
  80:C:\Program Files (x86)\Cypress\PSoC Creator\4.4\PSoC Creator\1\LWO3.cydsn\Generated_Source\PSoC4\cy_em_eeprom.c **** * unexpected behavior of the Cy_Em_EEPROM API functions which rely on it.
  81:C:\Program Files (x86)\Cypress\PSoC Creator\4.4\PSoC Creator\1\LWO3.cydsn\Generated_Source\PSoC4\cy_em_eeprom.c **** *
  82:C:\Program Files (x86)\Cypress\PSoC Creator\4.4\PSoC Creator\1\LWO3.cydsn\Generated_Source\PSoC4\cy_em_eeprom.c **** * \note
  83:C:\Program Files (x86)\Cypress\PSoC Creator\4.4\PSoC Creator\1\LWO3.cydsn\Generated_Source\PSoC4\cy_em_eeprom.c **** * This function uses a buffer of the flash row size to perform read
  84:C:\Program Files (x86)\Cypress\PSoC Creator\4.4\PSoC Creator\1\LWO3.cydsn\Generated_Source\PSoC4\cy_em_eeprom.c **** * operation. For the size of the row refer to the specific PSoC device
  85:C:\Program Files (x86)\Cypress\PSoC Creator\4.4\PSoC Creator\1\LWO3.cydsn\Generated_Source\PSoC4\cy_em_eeprom.c **** * datasheet.
  86:C:\Program Files (x86)\Cypress\PSoC Creator\4.4\PSoC Creator\1\LWO3.cydsn\Generated_Source\PSoC4\cy_em_eeprom.c **** *
  87:C:\Program Files (x86)\Cypress\PSoC Creator\4.4\PSoC Creator\1\LWO3.cydsn\Generated_Source\PSoC4\cy_em_eeprom.c **** * \sideeffect 
  88:C:\Program Files (x86)\Cypress\PSoC Creator\4.4\PSoC Creator\1\LWO3.cydsn\Generated_Source\PSoC4\cy_em_eeprom.c **** * If the "Redundant Copy" option is used, the function performs a number of 
ARM GAS  C:\Users\taips\AppData\Local\Temp\ccZaQHee.s 			page 3


  89:C:\Program Files (x86)\Cypress\PSoC Creator\4.4\PSoC Creator\1\LWO3.cydsn\Generated_Source\PSoC4\cy_em_eeprom.c **** * write operations to the EEPROM to initialize flash rows checksums. Therefore,
  90:C:\Program Files (x86)\Cypress\PSoC Creator\4.4\PSoC Creator\1\LWO3.cydsn\Generated_Source\PSoC4\cy_em_eeprom.c **** * Cy_Em_EEPROM_NumWrites(), when it is called right after Cy_Em_EEPROM_Init(), 
  91:C:\Program Files (x86)\Cypress\PSoC Creator\4.4\PSoC Creator\1\LWO3.cydsn\Generated_Source\PSoC4\cy_em_eeprom.c **** * will return a non-zero value that identifies the number of writes performed 
  92:C:\Program Files (x86)\Cypress\PSoC Creator\4.4\PSoC Creator\1\LWO3.cydsn\Generated_Source\PSoC4\cy_em_eeprom.c **** * by Cy_Em_EEPROM_Init().
  93:C:\Program Files (x86)\Cypress\PSoC Creator\4.4\PSoC Creator\1\LWO3.cydsn\Generated_Source\PSoC4\cy_em_eeprom.c **** *
  94:C:\Program Files (x86)\Cypress\PSoC Creator\4.4\PSoC Creator\1\LWO3.cydsn\Generated_Source\PSoC4\cy_em_eeprom.c **** *******************************************************************************/
  95:C:\Program Files (x86)\Cypress\PSoC Creator\4.4\PSoC Creator\1\LWO3.cydsn\Generated_Source\PSoC4\cy_em_eeprom.c **** cy_en_em_eeprom_status_t Cy_Em_EEPROM_Init(cy_stc_eeprom_config_t* config, cy_stc_eeprom_context_t 
  96:C:\Program Files (x86)\Cypress\PSoC Creator\4.4\PSoC Creator\1\LWO3.cydsn\Generated_Source\PSoC4\cy_em_eeprom.c **** {
  97:C:\Program Files (x86)\Cypress\PSoC Creator\4.4\PSoC Creator\1\LWO3.cydsn\Generated_Source\PSoC4\cy_em_eeprom.c ****     cy_en_em_eeprom_status_t ret = CY_EM_EEPROM_BAD_PARAM;
  98:C:\Program Files (x86)\Cypress\PSoC Creator\4.4\PSoC Creator\1\LWO3.cydsn\Generated_Source\PSoC4\cy_em_eeprom.c **** 
  99:C:\Program Files (x86)\Cypress\PSoC Creator\4.4\PSoC Creator\1\LWO3.cydsn\Generated_Source\PSoC4\cy_em_eeprom.c ****     if((NULL != context) && (NULL != config) && (NULL != ((uint32 *)config->userFlashStartAddr)) &&
 100:C:\Program Files (x86)\Cypress\PSoC Creator\4.4\PSoC Creator\1\LWO3.cydsn\Generated_Source\PSoC4\cy_em_eeprom.c ****         (config->wearLevelingFactor <= CY_EM_EEPROM_MAX_WEAR_LEVELING_FACTOR) && (config->eepromSiz
 101:C:\Program Files (x86)\Cypress\PSoC Creator\4.4\PSoC Creator\1\LWO3.cydsn\Generated_Source\PSoC4\cy_em_eeprom.c ****     {
 102:C:\Program Files (x86)\Cypress\PSoC Creator\4.4\PSoC Creator\1\LWO3.cydsn\Generated_Source\PSoC4\cy_em_eeprom.c ****         ret = CheckRanges(config);
 103:C:\Program Files (x86)\Cypress\PSoC Creator\4.4\PSoC Creator\1\LWO3.cydsn\Generated_Source\PSoC4\cy_em_eeprom.c **** 
 104:C:\Program Files (x86)\Cypress\PSoC Creator\4.4\PSoC Creator\1\LWO3.cydsn\Generated_Source\PSoC4\cy_em_eeprom.c ****         if(CY_EM_EEPROM_SUCCESS == ret)
 105:C:\Program Files (x86)\Cypress\PSoC Creator\4.4\PSoC Creator\1\LWO3.cydsn\Generated_Source\PSoC4\cy_em_eeprom.c ****         {
 106:C:\Program Files (x86)\Cypress\PSoC Creator\4.4\PSoC Creator\1\LWO3.cydsn\Generated_Source\PSoC4\cy_em_eeprom.c ****             /* Copy the user config structure fields into context */
 107:C:\Program Files (x86)\Cypress\PSoC Creator\4.4\PSoC Creator\1\LWO3.cydsn\Generated_Source\PSoC4\cy_em_eeprom.c ****             context->eepromSize = config->eepromSize;
 108:C:\Program Files (x86)\Cypress\PSoC Creator\4.4\PSoC Creator\1\LWO3.cydsn\Generated_Source\PSoC4\cy_em_eeprom.c ****             context->wearLevelingFactor = config->wearLevelingFactor;
 109:C:\Program Files (x86)\Cypress\PSoC Creator\4.4\PSoC Creator\1\LWO3.cydsn\Generated_Source\PSoC4\cy_em_eeprom.c ****             context->redundantCopy = config->redundantCopy;
 110:C:\Program Files (x86)\Cypress\PSoC Creator\4.4\PSoC Creator\1\LWO3.cydsn\Generated_Source\PSoC4\cy_em_eeprom.c ****             context->blockingWrite = config->blockingWrite;
 111:C:\Program Files (x86)\Cypress\PSoC Creator\4.4\PSoC Creator\1\LWO3.cydsn\Generated_Source\PSoC4\cy_em_eeprom.c ****             context->userFlashStartAddr = config->userFlashStartAddr;
 112:C:\Program Files (x86)\Cypress\PSoC Creator\4.4\PSoC Creator\1\LWO3.cydsn\Generated_Source\PSoC4\cy_em_eeprom.c ****             /* Store frequently used data for internal use */
 113:C:\Program Files (x86)\Cypress\PSoC Creator\4.4\PSoC Creator\1\LWO3.cydsn\Generated_Source\PSoC4\cy_em_eeprom.c ****             context->numberOfRows = CY_EM_EEPROM_GET_NUM_ROWS_IN_EEPROM(config->eepromSize);
 114:C:\Program Files (x86)\Cypress\PSoC Creator\4.4\PSoC Creator\1\LWO3.cydsn\Generated_Source\PSoC4\cy_em_eeprom.c ****             context->wlEndAddr = ((CY_EM_EEPROM_GET_EEPROM_SIZE(context->numberOfRows) * config->we
 115:C:\Program Files (x86)\Cypress\PSoC Creator\4.4\PSoC Creator\1\LWO3.cydsn\Generated_Source\PSoC4\cy_em_eeprom.c ****                     config->userFlashStartAddr);
 116:C:\Program Files (x86)\Cypress\PSoC Creator\4.4\PSoC Creator\1\LWO3.cydsn\Generated_Source\PSoC4\cy_em_eeprom.c ****             /* Find last written EEPROM row and store it for quick access */
 117:C:\Program Files (x86)\Cypress\PSoC Creator\4.4\PSoC Creator\1\LWO3.cydsn\Generated_Source\PSoC4\cy_em_eeprom.c ****             FindLastWrittenRow(&context->lastWrRowAddr, context);
 118:C:\Program Files (x86)\Cypress\PSoC Creator\4.4\PSoC Creator\1\LWO3.cydsn\Generated_Source\PSoC4\cy_em_eeprom.c **** 
 119:C:\Program Files (x86)\Cypress\PSoC Creator\4.4\PSoC Creator\1\LWO3.cydsn\Generated_Source\PSoC4\cy_em_eeprom.c ****             if((0u == CY_EM_EEPROM_GET_SEQ_NUM(context->lastWrRowAddr)) && (0u != context->redundan
 120:C:\Program Files (x86)\Cypress\PSoC Creator\4.4\PSoC Creator\1\LWO3.cydsn\Generated_Source\PSoC4\cy_em_eeprom.c ****             {
 121:C:\Program Files (x86)\Cypress\PSoC Creator\4.4\PSoC Creator\1\LWO3.cydsn\Generated_Source\PSoC4\cy_em_eeprom.c ****                 /* Call the function only after device reprogramming in case
 122:C:\Program Files (x86)\Cypress\PSoC Creator\4.4\PSoC Creator\1\LWO3.cydsn\Generated_Source\PSoC4\cy_em_eeprom.c ****                 * if redundant copy is enabled.
 123:C:\Program Files (x86)\Cypress\PSoC Creator\4.4\PSoC Creator\1\LWO3.cydsn\Generated_Source\PSoC4\cy_em_eeprom.c ****                 */
 124:C:\Program Files (x86)\Cypress\PSoC Creator\4.4\PSoC Creator\1\LWO3.cydsn\Generated_Source\PSoC4\cy_em_eeprom.c ****                 ret = FillChecksum(context);
 125:C:\Program Files (x86)\Cypress\PSoC Creator\4.4\PSoC Creator\1\LWO3.cydsn\Generated_Source\PSoC4\cy_em_eeprom.c ****                 
 126:C:\Program Files (x86)\Cypress\PSoC Creator\4.4\PSoC Creator\1\LWO3.cydsn\Generated_Source\PSoC4\cy_em_eeprom.c ****                 /* Update the last written EEPROM row for Cy_Em_EEPROM_NumWrites() */
 127:C:\Program Files (x86)\Cypress\PSoC Creator\4.4\PSoC Creator\1\LWO3.cydsn\Generated_Source\PSoC4\cy_em_eeprom.c ****                 FindLastWrittenRow(&context->lastWrRowAddr, context);
 128:C:\Program Files (x86)\Cypress\PSoC Creator\4.4\PSoC Creator\1\LWO3.cydsn\Generated_Source\PSoC4\cy_em_eeprom.c ****             }
 129:C:\Program Files (x86)\Cypress\PSoC Creator\4.4\PSoC Creator\1\LWO3.cydsn\Generated_Source\PSoC4\cy_em_eeprom.c ****         }
 130:C:\Program Files (x86)\Cypress\PSoC Creator\4.4\PSoC Creator\1\LWO3.cydsn\Generated_Source\PSoC4\cy_em_eeprom.c ****     }
 131:C:\Program Files (x86)\Cypress\PSoC Creator\4.4\PSoC Creator\1\LWO3.cydsn\Generated_Source\PSoC4\cy_em_eeprom.c **** 
 132:C:\Program Files (x86)\Cypress\PSoC Creator\4.4\PSoC Creator\1\LWO3.cydsn\Generated_Source\PSoC4\cy_em_eeprom.c ****     return(ret);
 133:C:\Program Files (x86)\Cypress\PSoC Creator\4.4\PSoC Creator\1\LWO3.cydsn\Generated_Source\PSoC4\cy_em_eeprom.c **** }
 134:C:\Program Files (x86)\Cypress\PSoC Creator\4.4\PSoC Creator\1\LWO3.cydsn\Generated_Source\PSoC4\cy_em_eeprom.c **** 
 135:C:\Program Files (x86)\Cypress\PSoC Creator\4.4\PSoC Creator\1\LWO3.cydsn\Generated_Source\PSoC4\cy_em_eeprom.c **** 
 136:C:\Program Files (x86)\Cypress\PSoC Creator\4.4\PSoC Creator\1\LWO3.cydsn\Generated_Source\PSoC4\cy_em_eeprom.c **** /*******************************************************************************
 137:C:\Program Files (x86)\Cypress\PSoC Creator\4.4\PSoC Creator\1\LWO3.cydsn\Generated_Source\PSoC4\cy_em_eeprom.c **** * Function Name: Cy_Em_EEPROM_Read
 138:C:\Program Files (x86)\Cypress\PSoC Creator\4.4\PSoC Creator\1\LWO3.cydsn\Generated_Source\PSoC4\cy_em_eeprom.c **** ****************************************************************************//**
 139:C:\Program Files (x86)\Cypress\PSoC Creator\4.4\PSoC Creator\1\LWO3.cydsn\Generated_Source\PSoC4\cy_em_eeprom.c **** *
 140:C:\Program Files (x86)\Cypress\PSoC Creator\4.4\PSoC Creator\1\LWO3.cydsn\Generated_Source\PSoC4\cy_em_eeprom.c **** * This function takes the logical EEPROM address, converts it to the actual
 141:C:\Program Files (x86)\Cypress\PSoC Creator\4.4\PSoC Creator\1\LWO3.cydsn\Generated_Source\PSoC4\cy_em_eeprom.c **** * physical address where the data is stored and returns the data to the user.
 142:C:\Program Files (x86)\Cypress\PSoC Creator\4.4\PSoC Creator\1\LWO3.cydsn\Generated_Source\PSoC4\cy_em_eeprom.c **** *
 143:C:\Program Files (x86)\Cypress\PSoC Creator\4.4\PSoC Creator\1\LWO3.cydsn\Generated_Source\PSoC4\cy_em_eeprom.c **** * \param addr
 144:C:\Program Files (x86)\Cypress\PSoC Creator\4.4\PSoC Creator\1\LWO3.cydsn\Generated_Source\PSoC4\cy_em_eeprom.c **** * The logical start address in EEPROM to start reading data from.
 145:C:\Program Files (x86)\Cypress\PSoC Creator\4.4\PSoC Creator\1\LWO3.cydsn\Generated_Source\PSoC4\cy_em_eeprom.c **** *
ARM GAS  C:\Users\taips\AppData\Local\Temp\ccZaQHee.s 			page 4


 146:C:\Program Files (x86)\Cypress\PSoC Creator\4.4\PSoC Creator\1\LWO3.cydsn\Generated_Source\PSoC4\cy_em_eeprom.c **** * \param eepromData
 147:C:\Program Files (x86)\Cypress\PSoC Creator\4.4\PSoC Creator\1\LWO3.cydsn\Generated_Source\PSoC4\cy_em_eeprom.c **** * The pointer to a user array to write data to.
 148:C:\Program Files (x86)\Cypress\PSoC Creator\4.4\PSoC Creator\1\LWO3.cydsn\Generated_Source\PSoC4\cy_em_eeprom.c **** *
 149:C:\Program Files (x86)\Cypress\PSoC Creator\4.4\PSoC Creator\1\LWO3.cydsn\Generated_Source\PSoC4\cy_em_eeprom.c **** * \param size
 150:C:\Program Files (x86)\Cypress\PSoC Creator\4.4\PSoC Creator\1\LWO3.cydsn\Generated_Source\PSoC4\cy_em_eeprom.c **** * The amount of data to read.
 151:C:\Program Files (x86)\Cypress\PSoC Creator\4.4\PSoC Creator\1\LWO3.cydsn\Generated_Source\PSoC4\cy_em_eeprom.c **** *
 152:C:\Program Files (x86)\Cypress\PSoC Creator\4.4\PSoC Creator\1\LWO3.cydsn\Generated_Source\PSoC4\cy_em_eeprom.c **** * \param context
 153:C:\Program Files (x86)\Cypress\PSoC Creator\4.4\PSoC Creator\1\LWO3.cydsn\Generated_Source\PSoC4\cy_em_eeprom.c **** * The pointer to the EEPROM context structure \ref cy_stc_eeprom_context_t.
 154:C:\Program Files (x86)\Cypress\PSoC Creator\4.4\PSoC Creator\1\LWO3.cydsn\Generated_Source\PSoC4\cy_em_eeprom.c **** *
 155:C:\Program Files (x86)\Cypress\PSoC Creator\4.4\PSoC Creator\1\LWO3.cydsn\Generated_Source\PSoC4\cy_em_eeprom.c **** * \return
 156:C:\Program Files (x86)\Cypress\PSoC Creator\4.4\PSoC Creator\1\LWO3.cydsn\Generated_Source\PSoC4\cy_em_eeprom.c **** * This function returns \ref cy_en_em_eeprom_status_t.
 157:C:\Program Files (x86)\Cypress\PSoC Creator\4.4\PSoC Creator\1\LWO3.cydsn\Generated_Source\PSoC4\cy_em_eeprom.c **** *
 158:C:\Program Files (x86)\Cypress\PSoC Creator\4.4\PSoC Creator\1\LWO3.cydsn\Generated_Source\PSoC4\cy_em_eeprom.c **** * \note
 159:C:\Program Files (x86)\Cypress\PSoC Creator\4.4\PSoC Creator\1\LWO3.cydsn\Generated_Source\PSoC4\cy_em_eeprom.c **** * This function uses a buffer of the flash row size to perform read
 160:C:\Program Files (x86)\Cypress\PSoC Creator\4.4\PSoC Creator\1\LWO3.cydsn\Generated_Source\PSoC4\cy_em_eeprom.c **** * operation. For the size of the row refer to the specific PSoC device
 161:C:\Program Files (x86)\Cypress\PSoC Creator\4.4\PSoC Creator\1\LWO3.cydsn\Generated_Source\PSoC4\cy_em_eeprom.c **** * datasheet.
 162:C:\Program Files (x86)\Cypress\PSoC Creator\4.4\PSoC Creator\1\LWO3.cydsn\Generated_Source\PSoC4\cy_em_eeprom.c **** *
 163:C:\Program Files (x86)\Cypress\PSoC Creator\4.4\PSoC Creator\1\LWO3.cydsn\Generated_Source\PSoC4\cy_em_eeprom.c **** * \note
 164:C:\Program Files (x86)\Cypress\PSoC Creator\4.4\PSoC Creator\1\LWO3.cydsn\Generated_Source\PSoC4\cy_em_eeprom.c **** * In case if redundant copy option is enabled the function may perform writes
 165:C:\Program Files (x86)\Cypress\PSoC Creator\4.4\PSoC Creator\1\LWO3.cydsn\Generated_Source\PSoC4\cy_em_eeprom.c **** * to EEPROM. This is done in case if the data in the EEPPROM is corrupted and
 166:C:\Program Files (x86)\Cypress\PSoC Creator\4.4\PSoC Creator\1\LWO3.cydsn\Generated_Source\PSoC4\cy_em_eeprom.c **** * the data in redundant copy is valid based on CRC-8 data integrity check.
 167:C:\Program Files (x86)\Cypress\PSoC Creator\4.4\PSoC Creator\1\LWO3.cydsn\Generated_Source\PSoC4\cy_em_eeprom.c **** *
 168:C:\Program Files (x86)\Cypress\PSoC Creator\4.4\PSoC Creator\1\LWO3.cydsn\Generated_Source\PSoC4\cy_em_eeprom.c **** *******************************************************************************/
 169:C:\Program Files (x86)\Cypress\PSoC Creator\4.4\PSoC Creator\1\LWO3.cydsn\Generated_Source\PSoC4\cy_em_eeprom.c **** cy_en_em_eeprom_status_t Cy_Em_EEPROM_Read(uint32 addr, 
 170:C:\Program Files (x86)\Cypress\PSoC Creator\4.4\PSoC Creator\1\LWO3.cydsn\Generated_Source\PSoC4\cy_em_eeprom.c ****                                         void * eepromData, 
 171:C:\Program Files (x86)\Cypress\PSoC Creator\4.4\PSoC Creator\1\LWO3.cydsn\Generated_Source\PSoC4\cy_em_eeprom.c ****                                         uint32 size,
 172:C:\Program Files (x86)\Cypress\PSoC Creator\4.4\PSoC Creator\1\LWO3.cydsn\Generated_Source\PSoC4\cy_em_eeprom.c ****                                         cy_stc_eeprom_context_t * context)
 173:C:\Program Files (x86)\Cypress\PSoC Creator\4.4\PSoC Creator\1\LWO3.cydsn\Generated_Source\PSoC4\cy_em_eeprom.c **** {
 174:C:\Program Files (x86)\Cypress\PSoC Creator\4.4\PSoC Creator\1\LWO3.cydsn\Generated_Source\PSoC4\cy_em_eeprom.c ****     cy_en_em_eeprom_status_t ret = CY_EM_EEPROM_BAD_PARAM;
 175:C:\Program Files (x86)\Cypress\PSoC Creator\4.4\PSoC Creator\1\LWO3.cydsn\Generated_Source\PSoC4\cy_em_eeprom.c ****     uint32 i;
 176:C:\Program Files (x86)\Cypress\PSoC Creator\4.4\PSoC Creator\1\LWO3.cydsn\Generated_Source\PSoC4\cy_em_eeprom.c ****     uint32 numBytesToRead;
 177:C:\Program Files (x86)\Cypress\PSoC Creator\4.4\PSoC Creator\1\LWO3.cydsn\Generated_Source\PSoC4\cy_em_eeprom.c ****     uint32 curEepromBaseAddr;
 178:C:\Program Files (x86)\Cypress\PSoC Creator\4.4\PSoC Creator\1\LWO3.cydsn\Generated_Source\PSoC4\cy_em_eeprom.c ****     uint32 curRowOffset;
 179:C:\Program Files (x86)\Cypress\PSoC Creator\4.4\PSoC Creator\1\LWO3.cydsn\Generated_Source\PSoC4\cy_em_eeprom.c ****     uint32 startRowAddr;
 180:C:\Program Files (x86)\Cypress\PSoC Creator\4.4\PSoC Creator\1\LWO3.cydsn\Generated_Source\PSoC4\cy_em_eeprom.c ****     uint32 actEepromRowNum;
 181:C:\Program Files (x86)\Cypress\PSoC Creator\4.4\PSoC Creator\1\LWO3.cydsn\Generated_Source\PSoC4\cy_em_eeprom.c ****     uint32 curRdEepromRowNum = 0u;
 182:C:\Program Files (x86)\Cypress\PSoC Creator\4.4\PSoC Creator\1\LWO3.cydsn\Generated_Source\PSoC4\cy_em_eeprom.c ****     uint32 dataStartEepromRowNum = 0u;
 183:C:\Program Files (x86)\Cypress\PSoC Creator\4.4\PSoC Creator\1\LWO3.cydsn\Generated_Source\PSoC4\cy_em_eeprom.c ****     uint32 eeData = (uint32) eepromData; /* To avoid the pointer arithmetic with void */
 184:C:\Program Files (x86)\Cypress\PSoC Creator\4.4\PSoC Creator\1\LWO3.cydsn\Generated_Source\PSoC4\cy_em_eeprom.c **** 
 185:C:\Program Files (x86)\Cypress\PSoC Creator\4.4\PSoC Creator\1\LWO3.cydsn\Generated_Source\PSoC4\cy_em_eeprom.c ****     /* Validate input parameters */
 186:C:\Program Files (x86)\Cypress\PSoC Creator\4.4\PSoC Creator\1\LWO3.cydsn\Generated_Source\PSoC4\cy_em_eeprom.c ****     if((0u != size) && ((addr + size) <= (context->eepromSize)) && (NULL != eepromData))
 187:C:\Program Files (x86)\Cypress\PSoC Creator\4.4\PSoC Creator\1\LWO3.cydsn\Generated_Source\PSoC4\cy_em_eeprom.c ****     {
 188:C:\Program Files (x86)\Cypress\PSoC Creator\4.4\PSoC Creator\1\LWO3.cydsn\Generated_Source\PSoC4\cy_em_eeprom.c ****         uint32 rdAddr = addr;
 189:C:\Program Files (x86)\Cypress\PSoC Creator\4.4\PSoC Creator\1\LWO3.cydsn\Generated_Source\PSoC4\cy_em_eeprom.c ****         uint32 rdSize = size;
 190:C:\Program Files (x86)\Cypress\PSoC Creator\4.4\PSoC Creator\1\LWO3.cydsn\Generated_Source\PSoC4\cy_em_eeprom.c ****         /* Get the sequence number of the last written row */
 191:C:\Program Files (x86)\Cypress\PSoC Creator\4.4\PSoC Creator\1\LWO3.cydsn\Generated_Source\PSoC4\cy_em_eeprom.c ****         uint32 seqNum = CY_EM_EEPROM_GET_SEQ_NUM(context->lastWrRowAddr);
 192:C:\Program Files (x86)\Cypress\PSoC Creator\4.4\PSoC Creator\1\LWO3.cydsn\Generated_Source\PSoC4\cy_em_eeprom.c ****         uint32 updateAddrFlag = 0u;
 193:C:\Program Files (x86)\Cypress\PSoC Creator\4.4\PSoC Creator\1\LWO3.cydsn\Generated_Source\PSoC4\cy_em_eeprom.c **** 
 194:C:\Program Files (x86)\Cypress\PSoC Creator\4.4\PSoC Creator\1\LWO3.cydsn\Generated_Source\PSoC4\cy_em_eeprom.c ****         /* Calculate the number of the row read operations. Currently this only concerns
 195:C:\Program Files (x86)\Cypress\PSoC Creator\4.4\PSoC Creator\1\LWO3.cydsn\Generated_Source\PSoC4\cy_em_eeprom.c ****         * the reads from the EEPROM data locations.
 196:C:\Program Files (x86)\Cypress\PSoC Creator\4.4\PSoC Creator\1\LWO3.cydsn\Generated_Source\PSoC4\cy_em_eeprom.c ****         */
 197:C:\Program Files (x86)\Cypress\PSoC Creator\4.4\PSoC Creator\1\LWO3.cydsn\Generated_Source\PSoC4\cy_em_eeprom.c ****         uint32 numRowReads = ((((rdAddr + rdSize) - 1u) / CY_EM_EEPROM_EEPROM_DATA_LEN) -
 198:C:\Program Files (x86)\Cypress\PSoC Creator\4.4\PSoC Creator\1\LWO3.cydsn\Generated_Source\PSoC4\cy_em_eeprom.c ****                               (rdAddr / CY_EM_EEPROM_EEPROM_DATA_LEN)) + 1u;
 199:C:\Program Files (x86)\Cypress\PSoC Creator\4.4\PSoC Creator\1\LWO3.cydsn\Generated_Source\PSoC4\cy_em_eeprom.c **** 
 200:C:\Program Files (x86)\Cypress\PSoC Creator\4.4\PSoC Creator\1\LWO3.cydsn\Generated_Source\PSoC4\cy_em_eeprom.c ****         /* Get the address of the first row of the currently active EEPROM sector. If
 201:C:\Program Files (x86)\Cypress\PSoC Creator\4.4\PSoC Creator\1\LWO3.cydsn\Generated_Source\PSoC4\cy_em_eeprom.c ****         * no wear leveling is used - the EEPROM has only one sector, so use the base
 202:C:\Program Files (x86)\Cypress\PSoC Creator\4.4\PSoC Creator\1\LWO3.cydsn\Generated_Source\PSoC4\cy_em_eeprom.c ****         * addr stored in "context->userFlashStartAddr".
ARM GAS  C:\Users\taips\AppData\Local\Temp\ccZaQHee.s 			page 5


 203:C:\Program Files (x86)\Cypress\PSoC Creator\4.4\PSoC Creator\1\LWO3.cydsn\Generated_Source\PSoC4\cy_em_eeprom.c ****         */
 204:C:\Program Files (x86)\Cypress\PSoC Creator\4.4\PSoC Creator\1\LWO3.cydsn\Generated_Source\PSoC4\cy_em_eeprom.c ****         curEepromBaseAddr = (((context->lastWrRowAddr - context->userFlashStartAddr) /
 205:C:\Program Files (x86)\Cypress\PSoC Creator\4.4\PSoC Creator\1\LWO3.cydsn\Generated_Source\PSoC4\cy_em_eeprom.c ****                               (CY_EM_EEPROM_FLASH_SIZEOF_ROW * context->numberOfRows)) *
 206:C:\Program Files (x86)\Cypress\PSoC Creator\4.4\PSoC Creator\1\LWO3.cydsn\Generated_Source\PSoC4\cy_em_eeprom.c ****                               (CY_EM_EEPROM_FLASH_SIZEOF_ROW * context->numberOfRows)) +
 207:C:\Program Files (x86)\Cypress\PSoC Creator\4.4\PSoC Creator\1\LWO3.cydsn\Generated_Source\PSoC4\cy_em_eeprom.c ****                                context->userFlashStartAddr;
 208:C:\Program Files (x86)\Cypress\PSoC Creator\4.4\PSoC Creator\1\LWO3.cydsn\Generated_Source\PSoC4\cy_em_eeprom.c **** 
 209:C:\Program Files (x86)\Cypress\PSoC Creator\4.4\PSoC Creator\1\LWO3.cydsn\Generated_Source\PSoC4\cy_em_eeprom.c ****         /* Find the number of the row that contains the start address of the data */
 210:C:\Program Files (x86)\Cypress\PSoC Creator\4.4\PSoC Creator\1\LWO3.cydsn\Generated_Source\PSoC4\cy_em_eeprom.c ****         for(i = 0u; i < context->numberOfRows; i++)
 211:C:\Program Files (x86)\Cypress\PSoC Creator\4.4\PSoC Creator\1\LWO3.cydsn\Generated_Source\PSoC4\cy_em_eeprom.c ****         {
 212:C:\Program Files (x86)\Cypress\PSoC Creator\4.4\PSoC Creator\1\LWO3.cydsn\Generated_Source\PSoC4\cy_em_eeprom.c ****             if(0u != CY_EM_EEPROM_IS_ADDR_IN_ROW_RANGE(rdAddr, i))
 213:C:\Program Files (x86)\Cypress\PSoC Creator\4.4\PSoC Creator\1\LWO3.cydsn\Generated_Source\PSoC4\cy_em_eeprom.c ****             {
 214:C:\Program Files (x86)\Cypress\PSoC Creator\4.4\PSoC Creator\1\LWO3.cydsn\Generated_Source\PSoC4\cy_em_eeprom.c ****                 dataStartEepromRowNum = i;
 215:C:\Program Files (x86)\Cypress\PSoC Creator\4.4\PSoC Creator\1\LWO3.cydsn\Generated_Source\PSoC4\cy_em_eeprom.c ****                 curRdEepromRowNum = dataStartEepromRowNum;
 216:C:\Program Files (x86)\Cypress\PSoC Creator\4.4\PSoC Creator\1\LWO3.cydsn\Generated_Source\PSoC4\cy_em_eeprom.c ****                 break;
 217:C:\Program Files (x86)\Cypress\PSoC Creator\4.4\PSoC Creator\1\LWO3.cydsn\Generated_Source\PSoC4\cy_em_eeprom.c ****             }
 218:C:\Program Files (x86)\Cypress\PSoC Creator\4.4\PSoC Creator\1\LWO3.cydsn\Generated_Source\PSoC4\cy_em_eeprom.c ****         }
 219:C:\Program Files (x86)\Cypress\PSoC Creator\4.4\PSoC Creator\1\LWO3.cydsn\Generated_Source\PSoC4\cy_em_eeprom.c **** 
 220:C:\Program Files (x86)\Cypress\PSoC Creator\4.4\PSoC Creator\1\LWO3.cydsn\Generated_Source\PSoC4\cy_em_eeprom.c ****         /* Find the row number of the last written row */
 221:C:\Program Files (x86)\Cypress\PSoC Creator\4.4\PSoC Creator\1\LWO3.cydsn\Generated_Source\PSoC4\cy_em_eeprom.c ****         actEepromRowNum = (context->lastWrRowAddr - curEepromBaseAddr) / CY_EM_EEPROM_FLASH_SIZEOF_
 222:C:\Program Files (x86)\Cypress\PSoC Creator\4.4\PSoC Creator\1\LWO3.cydsn\Generated_Source\PSoC4\cy_em_eeprom.c **** 
 223:C:\Program Files (x86)\Cypress\PSoC Creator\4.4\PSoC Creator\1\LWO3.cydsn\Generated_Source\PSoC4\cy_em_eeprom.c ****         /* Check if wear leveling is used */
 224:C:\Program Files (x86)\Cypress\PSoC Creator\4.4\PSoC Creator\1\LWO3.cydsn\Generated_Source\PSoC4\cy_em_eeprom.c ****         if(context->wearLevelingFactor > 1u)
 225:C:\Program Files (x86)\Cypress\PSoC Creator\4.4\PSoC Creator\1\LWO3.cydsn\Generated_Source\PSoC4\cy_em_eeprom.c ****         {
 226:C:\Program Files (x86)\Cypress\PSoC Creator\4.4\PSoC Creator\1\LWO3.cydsn\Generated_Source\PSoC4\cy_em_eeprom.c ****             uint32 dataEndEepromRowNum = dataStartEepromRowNum + (numRowReads - 1u);
 227:C:\Program Files (x86)\Cypress\PSoC Creator\4.4\PSoC Creator\1\LWO3.cydsn\Generated_Source\PSoC4\cy_em_eeprom.c **** 
 228:C:\Program Files (x86)\Cypress\PSoC Creator\4.4\PSoC Creator\1\LWO3.cydsn\Generated_Source\PSoC4\cy_em_eeprom.c ****             /* Check if the future validation of the read address is required. */
 229:C:\Program Files (x86)\Cypress\PSoC Creator\4.4\PSoC Creator\1\LWO3.cydsn\Generated_Source\PSoC4\cy_em_eeprom.c ****             updateAddrFlag = (dataStartEepromRowNum > actEepromRowNum) ? 1u :
 230:C:\Program Files (x86)\Cypress\PSoC Creator\4.4\PSoC Creator\1\LWO3.cydsn\Generated_Source\PSoC4\cy_em_eeprom.c ****                               ((dataEndEepromRowNum > actEepromRowNum) ? 1u : 0u);
 231:C:\Program Files (x86)\Cypress\PSoC Creator\4.4\PSoC Creator\1\LWO3.cydsn\Generated_Source\PSoC4\cy_em_eeprom.c ****         }
 232:C:\Program Files (x86)\Cypress\PSoC Creator\4.4\PSoC Creator\1\LWO3.cydsn\Generated_Source\PSoC4\cy_em_eeprom.c **** 
 233:C:\Program Files (x86)\Cypress\PSoC Creator\4.4\PSoC Creator\1\LWO3.cydsn\Generated_Source\PSoC4\cy_em_eeprom.c ****         /* Copy data from the EEPROM data locations to the user buffer */
 234:C:\Program Files (x86)\Cypress\PSoC Creator\4.4\PSoC Creator\1\LWO3.cydsn\Generated_Source\PSoC4\cy_em_eeprom.c ****         for(i = 0u; i < numRowReads; i++)
 235:C:\Program Files (x86)\Cypress\PSoC Creator\4.4\PSoC Creator\1\LWO3.cydsn\Generated_Source\PSoC4\cy_em_eeprom.c ****         {
 236:C:\Program Files (x86)\Cypress\PSoC Creator\4.4\PSoC Creator\1\LWO3.cydsn\Generated_Source\PSoC4\cy_em_eeprom.c ****             startRowAddr = curEepromBaseAddr + (curRdEepromRowNum * CY_EM_EEPROM_FLASH_SIZEOF_ROW);
 237:C:\Program Files (x86)\Cypress\PSoC Creator\4.4\PSoC Creator\1\LWO3.cydsn\Generated_Source\PSoC4\cy_em_eeprom.c ****             curRowOffset = CY_EM_EEPROM_EEPROM_DATA_LEN + (rdAddr % CY_EM_EEPROM_EEPROM_DATA_LEN);
 238:C:\Program Files (x86)\Cypress\PSoC Creator\4.4\PSoC Creator\1\LWO3.cydsn\Generated_Source\PSoC4\cy_em_eeprom.c **** 
 239:C:\Program Files (x86)\Cypress\PSoC Creator\4.4\PSoC Creator\1\LWO3.cydsn\Generated_Source\PSoC4\cy_em_eeprom.c ****             /* Check if there are more reads pending and update the number of the
 240:C:\Program Files (x86)\Cypress\PSoC Creator\4.4\PSoC Creator\1\LWO3.cydsn\Generated_Source\PSoC4\cy_em_eeprom.c ****             * remaining bytes to read respectively.
 241:C:\Program Files (x86)\Cypress\PSoC Creator\4.4\PSoC Creator\1\LWO3.cydsn\Generated_Source\PSoC4\cy_em_eeprom.c ****             */
 242:C:\Program Files (x86)\Cypress\PSoC Creator\4.4\PSoC Creator\1\LWO3.cydsn\Generated_Source\PSoC4\cy_em_eeprom.c ****             if((i + 1u) < numRowReads)
 243:C:\Program Files (x86)\Cypress\PSoC Creator\4.4\PSoC Creator\1\LWO3.cydsn\Generated_Source\PSoC4\cy_em_eeprom.c ****             {
 244:C:\Program Files (x86)\Cypress\PSoC Creator\4.4\PSoC Creator\1\LWO3.cydsn\Generated_Source\PSoC4\cy_em_eeprom.c ****                 numBytesToRead = CY_EM_EEPROM_EEPROM_DATA_LEN - (rdAddr % CY_EM_EEPROM_EEPROM_DATA_
 245:C:\Program Files (x86)\Cypress\PSoC Creator\4.4\PSoC Creator\1\LWO3.cydsn\Generated_Source\PSoC4\cy_em_eeprom.c ****             }
 246:C:\Program Files (x86)\Cypress\PSoC Creator\4.4\PSoC Creator\1\LWO3.cydsn\Generated_Source\PSoC4\cy_em_eeprom.c ****             else
 247:C:\Program Files (x86)\Cypress\PSoC Creator\4.4\PSoC Creator\1\LWO3.cydsn\Generated_Source\PSoC4\cy_em_eeprom.c ****             {
 248:C:\Program Files (x86)\Cypress\PSoC Creator\4.4\PSoC Creator\1\LWO3.cydsn\Generated_Source\PSoC4\cy_em_eeprom.c ****                 numBytesToRead = rdSize;
 249:C:\Program Files (x86)\Cypress\PSoC Creator\4.4\PSoC Creator\1\LWO3.cydsn\Generated_Source\PSoC4\cy_em_eeprom.c ****             }
 250:C:\Program Files (x86)\Cypress\PSoC Creator\4.4\PSoC Creator\1\LWO3.cydsn\Generated_Source\PSoC4\cy_em_eeprom.c **** 
 251:C:\Program Files (x86)\Cypress\PSoC Creator\4.4\PSoC Creator\1\LWO3.cydsn\Generated_Source\PSoC4\cy_em_eeprom.c ****             /* Check if the read address needs to be updated to point to the correct
 252:C:\Program Files (x86)\Cypress\PSoC Creator\4.4\PSoC Creator\1\LWO3.cydsn\Generated_Source\PSoC4\cy_em_eeprom.c ****             * EEPROM sector.
 253:C:\Program Files (x86)\Cypress\PSoC Creator\4.4\PSoC Creator\1\LWO3.cydsn\Generated_Source\PSoC4\cy_em_eeprom.c ****             */
 254:C:\Program Files (x86)\Cypress\PSoC Creator\4.4\PSoC Creator\1\LWO3.cydsn\Generated_Source\PSoC4\cy_em_eeprom.c ****             if((0u != updateAddrFlag) && (curRdEepromRowNum > actEepromRowNum))
 255:C:\Program Files (x86)\Cypress\PSoC Creator\4.4\PSoC Creator\1\LWO3.cydsn\Generated_Source\PSoC4\cy_em_eeprom.c ****             {
 256:C:\Program Files (x86)\Cypress\PSoC Creator\4.4\PSoC Creator\1\LWO3.cydsn\Generated_Source\PSoC4\cy_em_eeprom.c ****                 startRowAddr -= context->numberOfRows * CY_EM_EEPROM_FLASH_SIZEOF_ROW;
 257:C:\Program Files (x86)\Cypress\PSoC Creator\4.4\PSoC Creator\1\LWO3.cydsn\Generated_Source\PSoC4\cy_em_eeprom.c **** 
 258:C:\Program Files (x86)\Cypress\PSoC Creator\4.4\PSoC Creator\1\LWO3.cydsn\Generated_Source\PSoC4\cy_em_eeprom.c ****                 if(startRowAddr < context->userFlashStartAddr)
 259:C:\Program Files (x86)\Cypress\PSoC Creator\4.4\PSoC Creator\1\LWO3.cydsn\Generated_Source\PSoC4\cy_em_eeprom.c ****                 {
ARM GAS  C:\Users\taips\AppData\Local\Temp\ccZaQHee.s 			page 6


 260:C:\Program Files (x86)\Cypress\PSoC Creator\4.4\PSoC Creator\1\LWO3.cydsn\Generated_Source\PSoC4\cy_em_eeprom.c ****                     startRowAddr = context->wlEndAddr -
 261:C:\Program Files (x86)\Cypress\PSoC Creator\4.4\PSoC Creator\1\LWO3.cydsn\Generated_Source\PSoC4\cy_em_eeprom.c ****                         ((context->numberOfRows - curRdEepromRowNum) * CY_EM_EEPROM_FLASH_SIZEOF_RO
 262:C:\Program Files (x86)\Cypress\PSoC Creator\4.4\PSoC Creator\1\LWO3.cydsn\Generated_Source\PSoC4\cy_em_eeprom.c ****                 }
 263:C:\Program Files (x86)\Cypress\PSoC Creator\4.4\PSoC Creator\1\LWO3.cydsn\Generated_Source\PSoC4\cy_em_eeprom.c ****             }
 264:C:\Program Files (x86)\Cypress\PSoC Creator\4.4\PSoC Creator\1\LWO3.cydsn\Generated_Source\PSoC4\cy_em_eeprom.c **** 
 265:C:\Program Files (x86)\Cypress\PSoC Creator\4.4\PSoC Creator\1\LWO3.cydsn\Generated_Source\PSoC4\cy_em_eeprom.c ****             if(0u != context->redundantCopy)
 266:C:\Program Files (x86)\Cypress\PSoC Creator\4.4\PSoC Creator\1\LWO3.cydsn\Generated_Source\PSoC4\cy_em_eeprom.c ****             {
 267:C:\Program Files (x86)\Cypress\PSoC Creator\4.4\PSoC Creator\1\LWO3.cydsn\Generated_Source\PSoC4\cy_em_eeprom.c ****                 /* Check a checksum of the EEPROM row and if it is bad, check a checksum in
 268:C:\Program Files (x86)\Cypress\PSoC Creator\4.4\PSoC Creator\1\LWO3.cydsn\Generated_Source\PSoC4\cy_em_eeprom.c ****                 * the corresponding row in redundant copy, otherwise return failure.
 269:C:\Program Files (x86)\Cypress\PSoC Creator\4.4\PSoC Creator\1\LWO3.cydsn\Generated_Source\PSoC4\cy_em_eeprom.c ****                 */
 270:C:\Program Files (x86)\Cypress\PSoC Creator\4.4\PSoC Creator\1\LWO3.cydsn\Generated_Source\PSoC4\cy_em_eeprom.c ****                 ret = CheckCrcAndCopy(startRowAddr, eeData, curRowOffset, numBytesToRead, context);
 271:C:\Program Files (x86)\Cypress\PSoC Creator\4.4\PSoC Creator\1\LWO3.cydsn\Generated_Source\PSoC4\cy_em_eeprom.c **** 
 272:C:\Program Files (x86)\Cypress\PSoC Creator\4.4\PSoC Creator\1\LWO3.cydsn\Generated_Source\PSoC4\cy_em_eeprom.c ****                 if(CY_EM_EEPROM_SUCCESS != ret)
 273:C:\Program Files (x86)\Cypress\PSoC Creator\4.4\PSoC Creator\1\LWO3.cydsn\Generated_Source\PSoC4\cy_em_eeprom.c ****                 {
 274:C:\Program Files (x86)\Cypress\PSoC Creator\4.4\PSoC Creator\1\LWO3.cydsn\Generated_Source\PSoC4\cy_em_eeprom.c ****                     break;
 275:C:\Program Files (x86)\Cypress\PSoC Creator\4.4\PSoC Creator\1\LWO3.cydsn\Generated_Source\PSoC4\cy_em_eeprom.c ****                 }
 276:C:\Program Files (x86)\Cypress\PSoC Creator\4.4\PSoC Creator\1\LWO3.cydsn\Generated_Source\PSoC4\cy_em_eeprom.c ****             }
 277:C:\Program Files (x86)\Cypress\PSoC Creator\4.4\PSoC Creator\1\LWO3.cydsn\Generated_Source\PSoC4\cy_em_eeprom.c ****             else
 278:C:\Program Files (x86)\Cypress\PSoC Creator\4.4\PSoC Creator\1\LWO3.cydsn\Generated_Source\PSoC4\cy_em_eeprom.c ****             {
 279:C:\Program Files (x86)\Cypress\PSoC Creator\4.4\PSoC Creator\1\LWO3.cydsn\Generated_Source\PSoC4\cy_em_eeprom.c ****                 /* Copy the data to the user buffer */
 280:C:\Program Files (x86)\Cypress\PSoC Creator\4.4\PSoC Creator\1\LWO3.cydsn\Generated_Source\PSoC4\cy_em_eeprom.c ****                 (void)memcpy((void *)(eeData),
 281:C:\Program Files (x86)\Cypress\PSoC Creator\4.4\PSoC Creator\1\LWO3.cydsn\Generated_Source\PSoC4\cy_em_eeprom.c ****                              (void *)(startRowAddr + curRowOffset),
 282:C:\Program Files (x86)\Cypress\PSoC Creator\4.4\PSoC Creator\1\LWO3.cydsn\Generated_Source\PSoC4\cy_em_eeprom.c ****                              numBytesToRead);
 283:C:\Program Files (x86)\Cypress\PSoC Creator\4.4\PSoC Creator\1\LWO3.cydsn\Generated_Source\PSoC4\cy_em_eeprom.c **** 
 284:C:\Program Files (x86)\Cypress\PSoC Creator\4.4\PSoC Creator\1\LWO3.cydsn\Generated_Source\PSoC4\cy_em_eeprom.c ****                 /* Indicate success to be able to execute next code block */
 285:C:\Program Files (x86)\Cypress\PSoC Creator\4.4\PSoC Creator\1\LWO3.cydsn\Generated_Source\PSoC4\cy_em_eeprom.c ****                 ret = CY_EM_EEPROM_SUCCESS;
 286:C:\Program Files (x86)\Cypress\PSoC Creator\4.4\PSoC Creator\1\LWO3.cydsn\Generated_Source\PSoC4\cy_em_eeprom.c ****             }
 287:C:\Program Files (x86)\Cypress\PSoC Creator\4.4\PSoC Creator\1\LWO3.cydsn\Generated_Source\PSoC4\cy_em_eeprom.c **** 
 288:C:\Program Files (x86)\Cypress\PSoC Creator\4.4\PSoC Creator\1\LWO3.cydsn\Generated_Source\PSoC4\cy_em_eeprom.c ****             /* Update variables anticipated in the read operation */
 289:C:\Program Files (x86)\Cypress\PSoC Creator\4.4\PSoC Creator\1\LWO3.cydsn\Generated_Source\PSoC4\cy_em_eeprom.c ****             rdAddr += numBytesToRead;
 290:C:\Program Files (x86)\Cypress\PSoC Creator\4.4\PSoC Creator\1\LWO3.cydsn\Generated_Source\PSoC4\cy_em_eeprom.c ****             rdSize -= numBytesToRead;
 291:C:\Program Files (x86)\Cypress\PSoC Creator\4.4\PSoC Creator\1\LWO3.cydsn\Generated_Source\PSoC4\cy_em_eeprom.c ****             eeData += numBytesToRead;
 292:C:\Program Files (x86)\Cypress\PSoC Creator\4.4\PSoC Creator\1\LWO3.cydsn\Generated_Source\PSoC4\cy_em_eeprom.c ****             curRdEepromRowNum++;
 293:C:\Program Files (x86)\Cypress\PSoC Creator\4.4\PSoC Creator\1\LWO3.cydsn\Generated_Source\PSoC4\cy_em_eeprom.c ****         }
 294:C:\Program Files (x86)\Cypress\PSoC Creator\4.4\PSoC Creator\1\LWO3.cydsn\Generated_Source\PSoC4\cy_em_eeprom.c **** 
 295:C:\Program Files (x86)\Cypress\PSoC Creator\4.4\PSoC Creator\1\LWO3.cydsn\Generated_Source\PSoC4\cy_em_eeprom.c ****         /* This code block will copy the latest data from the EEPROM headers into the
 296:C:\Program Files (x86)\Cypress\PSoC Creator\4.4\PSoC Creator\1\LWO3.cydsn\Generated_Source\PSoC4\cy_em_eeprom.c ****         * user buffer. The data previously copied into the user buffer may be updated
 297:C:\Program Files (x86)\Cypress\PSoC Creator\4.4\PSoC Creator\1\LWO3.cydsn\Generated_Source\PSoC4\cy_em_eeprom.c ****         * as the EEPROM headers contain more recent data. 
 298:C:\Program Files (x86)\Cypress\PSoC Creator\4.4\PSoC Creator\1\LWO3.cydsn\Generated_Source\PSoC4\cy_em_eeprom.c ****         * The code block is executed when two following conditions are true:
 299:C:\Program Files (x86)\Cypress\PSoC Creator\4.4\PSoC Creator\1\LWO3.cydsn\Generated_Source\PSoC4\cy_em_eeprom.c ****         *  1) The reads from "historic" data locations were successful;
 300:C:\Program Files (x86)\Cypress\PSoC Creator\4.4\PSoC Creator\1\LWO3.cydsn\Generated_Source\PSoC4\cy_em_eeprom.c ****         *  2) The user performed at least one write operation to Em_EEPROM (0u !=
 301:C:\Program Files (x86)\Cypress\PSoC Creator\4.4\PSoC Creator\1\LWO3.cydsn\Generated_Source\PSoC4\cy_em_eeprom.c ****         *     seqNum).        
 302:C:\Program Files (x86)\Cypress\PSoC Creator\4.4\PSoC Creator\1\LWO3.cydsn\Generated_Source\PSoC4\cy_em_eeprom.c ****         */
 303:C:\Program Files (x86)\Cypress\PSoC Creator\4.4\PSoC Creator\1\LWO3.cydsn\Generated_Source\PSoC4\cy_em_eeprom.c ****         if((CY_EM_EEPROM_SUCCESS == ret) && (0u != seqNum))
 304:C:\Program Files (x86)\Cypress\PSoC Creator\4.4\PSoC Creator\1\LWO3.cydsn\Generated_Source\PSoC4\cy_em_eeprom.c ****         {
 305:C:\Program Files (x86)\Cypress\PSoC Creator\4.4\PSoC Creator\1\LWO3.cydsn\Generated_Source\PSoC4\cy_em_eeprom.c ****             numRowReads = (context->numberOfRows <= seqNum) ? (context->numberOfRows) : (seqNum);
 306:C:\Program Files (x86)\Cypress\PSoC Creator\4.4\PSoC Creator\1\LWO3.cydsn\Generated_Source\PSoC4\cy_em_eeprom.c ****             numRowReads--;
 307:C:\Program Files (x86)\Cypress\PSoC Creator\4.4\PSoC Creator\1\LWO3.cydsn\Generated_Source\PSoC4\cy_em_eeprom.c **** 
 308:C:\Program Files (x86)\Cypress\PSoC Creator\4.4\PSoC Creator\1\LWO3.cydsn\Generated_Source\PSoC4\cy_em_eeprom.c ****             for(i = (seqNum - numRowReads); i <= seqNum; i++)
 309:C:\Program Files (x86)\Cypress\PSoC Creator\4.4\PSoC Creator\1\LWO3.cydsn\Generated_Source\PSoC4\cy_em_eeprom.c ****             {
 310:C:\Program Files (x86)\Cypress\PSoC Creator\4.4\PSoC Creator\1\LWO3.cydsn\Generated_Source\PSoC4\cy_em_eeprom.c ****                 startRowAddr = GetRowAddrBySeqNum(i, context);
 311:C:\Program Files (x86)\Cypress\PSoC Creator\4.4\PSoC Creator\1\LWO3.cydsn\Generated_Source\PSoC4\cy_em_eeprom.c **** 
 312:C:\Program Files (x86)\Cypress\PSoC Creator\4.4\PSoC Creator\1\LWO3.cydsn\Generated_Source\PSoC4\cy_em_eeprom.c ****                 if (0u != startRowAddr)
 313:C:\Program Files (x86)\Cypress\PSoC Creator\4.4\PSoC Creator\1\LWO3.cydsn\Generated_Source\PSoC4\cy_em_eeprom.c ****                 {
 314:C:\Program Files (x86)\Cypress\PSoC Creator\4.4\PSoC Creator\1\LWO3.cydsn\Generated_Source\PSoC4\cy_em_eeprom.c ****                     /* The following variables are introduced to increase code readability. */
 315:C:\Program Files (x86)\Cypress\PSoC Creator\4.4\PSoC Creator\1\LWO3.cydsn\Generated_Source\PSoC4\cy_em_eeprom.c ****                     uint32 startAddr  = *(uint32 *)(startRowAddr + CY_EM_EEPROM_HEADER_ADDR_OFFSET)
 316:C:\Program Files (x86)\Cypress\PSoC Creator\4.4\PSoC Creator\1\LWO3.cydsn\Generated_Source\PSoC4\cy_em_eeprom.c ****                     uint32 endAddr    = startAddr + (*(uint32 *)(startRowAddr + CY_EM_EEPROM_HEADER
ARM GAS  C:\Users\taips\AppData\Local\Temp\ccZaQHee.s 			page 7


 317:C:\Program Files (x86)\Cypress\PSoC Creator\4.4\PSoC Creator\1\LWO3.cydsn\Generated_Source\PSoC4\cy_em_eeprom.c **** 
 318:C:\Program Files (x86)\Cypress\PSoC Creator\4.4\PSoC Creator\1\LWO3.cydsn\Generated_Source\PSoC4\cy_em_eeprom.c ****                     /* Check if the current row EEPROM header contains the data requested for read 
 319:C:\Program Files (x86)\Cypress\PSoC Creator\4.4\PSoC Creator\1\LWO3.cydsn\Generated_Source\PSoC4\cy_em_eeprom.c ****                     if(0u != CY_EM_EEPROM_IS_ADDRESES_CROSSING(startAddr, endAddr, addr, addr + siz
 320:C:\Program Files (x86)\Cypress\PSoC Creator\4.4\PSoC Creator\1\LWO3.cydsn\Generated_Source\PSoC4\cy_em_eeprom.c ****                     {
 321:C:\Program Files (x86)\Cypress\PSoC Creator\4.4\PSoC Creator\1\LWO3.cydsn\Generated_Source\PSoC4\cy_em_eeprom.c ****                         uint32 srcOffset = (startAddr > addr) ? (0u) : (addr - startAddr);
 322:C:\Program Files (x86)\Cypress\PSoC Creator\4.4\PSoC Creator\1\LWO3.cydsn\Generated_Source\PSoC4\cy_em_eeprom.c ****                         uint32 dstOffset = (startAddr > addr) ? (startAddr - addr): (0u);
 323:C:\Program Files (x86)\Cypress\PSoC Creator\4.4\PSoC Creator\1\LWO3.cydsn\Generated_Source\PSoC4\cy_em_eeprom.c ****                         rdAddr = (startAddr > addr) ? (startAddr) : (addr);
 324:C:\Program Files (x86)\Cypress\PSoC Creator\4.4\PSoC Creator\1\LWO3.cydsn\Generated_Source\PSoC4\cy_em_eeprom.c **** 
 325:C:\Program Files (x86)\Cypress\PSoC Creator\4.4\PSoC Creator\1\LWO3.cydsn\Generated_Source\PSoC4\cy_em_eeprom.c ****                         srcOffset += CY_EM_EEPROM_HEADER_DATA_OFFSET;
 326:C:\Program Files (x86)\Cypress\PSoC Creator\4.4\PSoC Creator\1\LWO3.cydsn\Generated_Source\PSoC4\cy_em_eeprom.c **** 
 327:C:\Program Files (x86)\Cypress\PSoC Creator\4.4\PSoC Creator\1\LWO3.cydsn\Generated_Source\PSoC4\cy_em_eeprom.c ****                         /* Calculate the number of bytes to be read from the current row's EEPROM h
 328:C:\Program Files (x86)\Cypress\PSoC Creator\4.4\PSoC Creator\1\LWO3.cydsn\Generated_Source\PSoC4\cy_em_eeprom.c ****                         numBytesToRead = ((endAddr < (addr + size)) ? endAddr : (addr + size)) - rd
 329:C:\Program Files (x86)\Cypress\PSoC Creator\4.4\PSoC Creator\1\LWO3.cydsn\Generated_Source\PSoC4\cy_em_eeprom.c **** 
 330:C:\Program Files (x86)\Cypress\PSoC Creator\4.4\PSoC Creator\1\LWO3.cydsn\Generated_Source\PSoC4\cy_em_eeprom.c ****                         /* Calculate the offset in the user buffer from which the data will be upda
 331:C:\Program Files (x86)\Cypress\PSoC Creator\4.4\PSoC Creator\1\LWO3.cydsn\Generated_Source\PSoC4\cy_em_eeprom.c ****                         eeData = ((uint32)eepromData) + dstOffset;
 332:C:\Program Files (x86)\Cypress\PSoC Creator\4.4\PSoC Creator\1\LWO3.cydsn\Generated_Source\PSoC4\cy_em_eeprom.c **** 
 333:C:\Program Files (x86)\Cypress\PSoC Creator\4.4\PSoC Creator\1\LWO3.cydsn\Generated_Source\PSoC4\cy_em_eeprom.c ****                         /* Check a checksum of the EEPROM row and if it is bad, check a checksum in
 334:C:\Program Files (x86)\Cypress\PSoC Creator\4.4\PSoC Creator\1\LWO3.cydsn\Generated_Source\PSoC4\cy_em_eeprom.c ****                         * corresponding row in redundant copy, otherwise return failure. Copy the d
 335:C:\Program Files (x86)\Cypress\PSoC Creator\4.4\PSoC Creator\1\LWO3.cydsn\Generated_Source\PSoC4\cy_em_eeprom.c ****                         * from the recent EEPROM headers to the user buffer. This will overwrite th
 336:C:\Program Files (x86)\Cypress\PSoC Creator\4.4\PSoC Creator\1\LWO3.cydsn\Generated_Source\PSoC4\cy_em_eeprom.c ****                         * data copied form EEPROM data locations as the data in EEPROM headers is n
 337:C:\Program Files (x86)\Cypress\PSoC Creator\4.4\PSoC Creator\1\LWO3.cydsn\Generated_Source\PSoC4\cy_em_eeprom.c ****                         */
 338:C:\Program Files (x86)\Cypress\PSoC Creator\4.4\PSoC Creator\1\LWO3.cydsn\Generated_Source\PSoC4\cy_em_eeprom.c ****                         if(0u != context->redundantCopy)
 339:C:\Program Files (x86)\Cypress\PSoC Creator\4.4\PSoC Creator\1\LWO3.cydsn\Generated_Source\PSoC4\cy_em_eeprom.c ****                         {
 340:C:\Program Files (x86)\Cypress\PSoC Creator\4.4\PSoC Creator\1\LWO3.cydsn\Generated_Source\PSoC4\cy_em_eeprom.c ****                             ret = CheckCrcAndCopy(startRowAddr, eeData, srcOffset, numBytesToRead, 
 341:C:\Program Files (x86)\Cypress\PSoC Creator\4.4\PSoC Creator\1\LWO3.cydsn\Generated_Source\PSoC4\cy_em_eeprom.c **** 
 342:C:\Program Files (x86)\Cypress\PSoC Creator\4.4\PSoC Creator\1\LWO3.cydsn\Generated_Source\PSoC4\cy_em_eeprom.c ****                             if(CY_EM_EEPROM_SUCCESS != ret)
 343:C:\Program Files (x86)\Cypress\PSoC Creator\4.4\PSoC Creator\1\LWO3.cydsn\Generated_Source\PSoC4\cy_em_eeprom.c ****                             {
 344:C:\Program Files (x86)\Cypress\PSoC Creator\4.4\PSoC Creator\1\LWO3.cydsn\Generated_Source\PSoC4\cy_em_eeprom.c ****                                 break;
 345:C:\Program Files (x86)\Cypress\PSoC Creator\4.4\PSoC Creator\1\LWO3.cydsn\Generated_Source\PSoC4\cy_em_eeprom.c ****                             }
 346:C:\Program Files (x86)\Cypress\PSoC Creator\4.4\PSoC Creator\1\LWO3.cydsn\Generated_Source\PSoC4\cy_em_eeprom.c ****                         }
 347:C:\Program Files (x86)\Cypress\PSoC Creator\4.4\PSoC Creator\1\LWO3.cydsn\Generated_Source\PSoC4\cy_em_eeprom.c ****                         else
 348:C:\Program Files (x86)\Cypress\PSoC Creator\4.4\PSoC Creator\1\LWO3.cydsn\Generated_Source\PSoC4\cy_em_eeprom.c ****                         {
 349:C:\Program Files (x86)\Cypress\PSoC Creator\4.4\PSoC Creator\1\LWO3.cydsn\Generated_Source\PSoC4\cy_em_eeprom.c ****                             (void)memcpy((void *)(eeData), (void *)(startRowAddr + srcOffset), numB
 350:C:\Program Files (x86)\Cypress\PSoC Creator\4.4\PSoC Creator\1\LWO3.cydsn\Generated_Source\PSoC4\cy_em_eeprom.c ****                         }
 351:C:\Program Files (x86)\Cypress\PSoC Creator\4.4\PSoC Creator\1\LWO3.cydsn\Generated_Source\PSoC4\cy_em_eeprom.c ****                     }
 352:C:\Program Files (x86)\Cypress\PSoC Creator\4.4\PSoC Creator\1\LWO3.cydsn\Generated_Source\PSoC4\cy_em_eeprom.c ****                 }
 353:C:\Program Files (x86)\Cypress\PSoC Creator\4.4\PSoC Creator\1\LWO3.cydsn\Generated_Source\PSoC4\cy_em_eeprom.c ****             }
 354:C:\Program Files (x86)\Cypress\PSoC Creator\4.4\PSoC Creator\1\LWO3.cydsn\Generated_Source\PSoC4\cy_em_eeprom.c ****         }
 355:C:\Program Files (x86)\Cypress\PSoC Creator\4.4\PSoC Creator\1\LWO3.cydsn\Generated_Source\PSoC4\cy_em_eeprom.c ****     }
 356:C:\Program Files (x86)\Cypress\PSoC Creator\4.4\PSoC Creator\1\LWO3.cydsn\Generated_Source\PSoC4\cy_em_eeprom.c **** 
 357:C:\Program Files (x86)\Cypress\PSoC Creator\4.4\PSoC Creator\1\LWO3.cydsn\Generated_Source\PSoC4\cy_em_eeprom.c ****     return(ret);
 358:C:\Program Files (x86)\Cypress\PSoC Creator\4.4\PSoC Creator\1\LWO3.cydsn\Generated_Source\PSoC4\cy_em_eeprom.c **** }
 359:C:\Program Files (x86)\Cypress\PSoC Creator\4.4\PSoC Creator\1\LWO3.cydsn\Generated_Source\PSoC4\cy_em_eeprom.c **** 
 360:C:\Program Files (x86)\Cypress\PSoC Creator\4.4\PSoC Creator\1\LWO3.cydsn\Generated_Source\PSoC4\cy_em_eeprom.c **** 
 361:C:\Program Files (x86)\Cypress\PSoC Creator\4.4\PSoC Creator\1\LWO3.cydsn\Generated_Source\PSoC4\cy_em_eeprom.c **** /*******************************************************************************
 362:C:\Program Files (x86)\Cypress\PSoC Creator\4.4\PSoC Creator\1\LWO3.cydsn\Generated_Source\PSoC4\cy_em_eeprom.c **** * Function Name: Cy_Em_EEPROM_Write
 363:C:\Program Files (x86)\Cypress\PSoC Creator\4.4\PSoC Creator\1\LWO3.cydsn\Generated_Source\PSoC4\cy_em_eeprom.c **** ****************************************************************************//**
 364:C:\Program Files (x86)\Cypress\PSoC Creator\4.4\PSoC Creator\1\LWO3.cydsn\Generated_Source\PSoC4\cy_em_eeprom.c **** *
 365:C:\Program Files (x86)\Cypress\PSoC Creator\4.4\PSoC Creator\1\LWO3.cydsn\Generated_Source\PSoC4\cy_em_eeprom.c **** * This function takes the logical EEPROM address and converts it to the actual
 366:C:\Program Files (x86)\Cypress\PSoC Creator\4.4\PSoC Creator\1\LWO3.cydsn\Generated_Source\PSoC4\cy_em_eeprom.c **** * physical address and writes data there. If wear leveling is implemented, the
 367:C:\Program Files (x86)\Cypress\PSoC Creator\4.4\PSoC Creator\1\LWO3.cydsn\Generated_Source\PSoC4\cy_em_eeprom.c **** * writing process will use the wear leveling techniques. This is a blocking
 368:C:\Program Files (x86)\Cypress\PSoC Creator\4.4\PSoC Creator\1\LWO3.cydsn\Generated_Source\PSoC4\cy_em_eeprom.c **** * function and it does not return until the write operation is completed. The
 369:C:\Program Files (x86)\Cypress\PSoC Creator\4.4\PSoC Creator\1\LWO3.cydsn\Generated_Source\PSoC4\cy_em_eeprom.c **** * user firmware should not enter Hibernate mode until write is completed. The
 370:C:\Program Files (x86)\Cypress\PSoC Creator\4.4\PSoC Creator\1\LWO3.cydsn\Generated_Source\PSoC4\cy_em_eeprom.c **** * write operation is allowed in Sleep and Deep-Sleep modes. During the flash
 371:C:\Program Files (x86)\Cypress\PSoC Creator\4.4\PSoC Creator\1\LWO3.cydsn\Generated_Source\PSoC4\cy_em_eeprom.c **** * operation, the device should not be reset, including the XRES pin, a software
 372:C:\Program Files (x86)\Cypress\PSoC Creator\4.4\PSoC Creator\1\LWO3.cydsn\Generated_Source\PSoC4\cy_em_eeprom.c **** * reset, and watchdog reset sources. Also, low-voltage detect circuits should
 373:C:\Program Files (x86)\Cypress\PSoC Creator\4.4\PSoC Creator\1\LWO3.cydsn\Generated_Source\PSoC4\cy_em_eeprom.c **** * be configured to generate an interrupt instead of a reset. Otherwise, portions
ARM GAS  C:\Users\taips\AppData\Local\Temp\ccZaQHee.s 			page 8


 374:C:\Program Files (x86)\Cypress\PSoC Creator\4.4\PSoC Creator\1\LWO3.cydsn\Generated_Source\PSoC4\cy_em_eeprom.c **** * of flash may undergo unexpected changes.
 375:C:\Program Files (x86)\Cypress\PSoC Creator\4.4\PSoC Creator\1\LWO3.cydsn\Generated_Source\PSoC4\cy_em_eeprom.c **** *
 376:C:\Program Files (x86)\Cypress\PSoC Creator\4.4\PSoC Creator\1\LWO3.cydsn\Generated_Source\PSoC4\cy_em_eeprom.c **** * \param addr
 377:C:\Program Files (x86)\Cypress\PSoC Creator\4.4\PSoC Creator\1\LWO3.cydsn\Generated_Source\PSoC4\cy_em_eeprom.c **** * The logical start address in EEPROM to start writing data from.
 378:C:\Program Files (x86)\Cypress\PSoC Creator\4.4\PSoC Creator\1\LWO3.cydsn\Generated_Source\PSoC4\cy_em_eeprom.c **** *
 379:C:\Program Files (x86)\Cypress\PSoC Creator\4.4\PSoC Creator\1\LWO3.cydsn\Generated_Source\PSoC4\cy_em_eeprom.c **** * \param eepromData
 380:C:\Program Files (x86)\Cypress\PSoC Creator\4.4\PSoC Creator\1\LWO3.cydsn\Generated_Source\PSoC4\cy_em_eeprom.c **** * Data to write to EEPROM.
 381:C:\Program Files (x86)\Cypress\PSoC Creator\4.4\PSoC Creator\1\LWO3.cydsn\Generated_Source\PSoC4\cy_em_eeprom.c **** *
 382:C:\Program Files (x86)\Cypress\PSoC Creator\4.4\PSoC Creator\1\LWO3.cydsn\Generated_Source\PSoC4\cy_em_eeprom.c **** * \param size
 383:C:\Program Files (x86)\Cypress\PSoC Creator\4.4\PSoC Creator\1\LWO3.cydsn\Generated_Source\PSoC4\cy_em_eeprom.c **** * The amount of data to write to EEPROM.
 384:C:\Program Files (x86)\Cypress\PSoC Creator\4.4\PSoC Creator\1\LWO3.cydsn\Generated_Source\PSoC4\cy_em_eeprom.c **** *
 385:C:\Program Files (x86)\Cypress\PSoC Creator\4.4\PSoC Creator\1\LWO3.cydsn\Generated_Source\PSoC4\cy_em_eeprom.c **** * \param context
 386:C:\Program Files (x86)\Cypress\PSoC Creator\4.4\PSoC Creator\1\LWO3.cydsn\Generated_Source\PSoC4\cy_em_eeprom.c **** * The pointer to the EEPROM context structure \ref cy_stc_eeprom_context_t.
 387:C:\Program Files (x86)\Cypress\PSoC Creator\4.4\PSoC Creator\1\LWO3.cydsn\Generated_Source\PSoC4\cy_em_eeprom.c **** *
 388:C:\Program Files (x86)\Cypress\PSoC Creator\4.4\PSoC Creator\1\LWO3.cydsn\Generated_Source\PSoC4\cy_em_eeprom.c **** * \return
 389:C:\Program Files (x86)\Cypress\PSoC Creator\4.4\PSoC Creator\1\LWO3.cydsn\Generated_Source\PSoC4\cy_em_eeprom.c **** * This function returns \ref cy_en_em_eeprom_status_t.
 390:C:\Program Files (x86)\Cypress\PSoC Creator\4.4\PSoC Creator\1\LWO3.cydsn\Generated_Source\PSoC4\cy_em_eeprom.c **** *
 391:C:\Program Files (x86)\Cypress\PSoC Creator\4.4\PSoC Creator\1\LWO3.cydsn\Generated_Source\PSoC4\cy_em_eeprom.c **** * \note
 392:C:\Program Files (x86)\Cypress\PSoC Creator\4.4\PSoC Creator\1\LWO3.cydsn\Generated_Source\PSoC4\cy_em_eeprom.c **** * This function uses a buffer of the flash row size to perform write
 393:C:\Program Files (x86)\Cypress\PSoC Creator\4.4\PSoC Creator\1\LWO3.cydsn\Generated_Source\PSoC4\cy_em_eeprom.c **** * operation. For the size of the row refer to the specific PSoC device
 394:C:\Program Files (x86)\Cypress\PSoC Creator\4.4\PSoC Creator\1\LWO3.cydsn\Generated_Source\PSoC4\cy_em_eeprom.c **** * datasheet.
 395:C:\Program Files (x86)\Cypress\PSoC Creator\4.4\PSoC Creator\1\LWO3.cydsn\Generated_Source\PSoC4\cy_em_eeprom.c **** *
 396:C:\Program Files (x86)\Cypress\PSoC Creator\4.4\PSoC Creator\1\LWO3.cydsn\Generated_Source\PSoC4\cy_em_eeprom.c **** * \sideeffect
 397:C:\Program Files (x86)\Cypress\PSoC Creator\4.4\PSoC Creator\1\LWO3.cydsn\Generated_Source\PSoC4\cy_em_eeprom.c **** * In case when blocking write option is used, if this function is called by
 398:C:\Program Files (x86)\Cypress\PSoC Creator\4.4\PSoC Creator\1\LWO3.cydsn\Generated_Source\PSoC4\cy_em_eeprom.c **** * the CM4 the user code on CM0P and the user code on CM4 are blocked until erase
 399:C:\Program Files (x86)\Cypress\PSoC Creator\4.4\PSoC Creator\1\LWO3.cydsn\Generated_Source\PSoC4\cy_em_eeprom.c **** * flash row operation is finished. If this function is called by the CM0P the
 400:C:\Program Files (x86)\Cypress\PSoC Creator\4.4\PSoC Creator\1\LWO3.cydsn\Generated_Source\PSoC4\cy_em_eeprom.c **** * user code on CM4 is not blocked and the user code on CM0P is blocked until
 401:C:\Program Files (x86)\Cypress\PSoC Creator\4.4\PSoC Creator\1\LWO3.cydsn\Generated_Source\PSoC4\cy_em_eeprom.c **** * erase flash row operation is finished. Plan your task allocation accordingly.
 402:C:\Program Files (x86)\Cypress\PSoC Creator\4.4\PSoC Creator\1\LWO3.cydsn\Generated_Source\PSoC4\cy_em_eeprom.c **** *
 403:C:\Program Files (x86)\Cypress\PSoC Creator\4.4\PSoC Creator\1\LWO3.cydsn\Generated_Source\PSoC4\cy_em_eeprom.c **** * \sideeffect
 404:C:\Program Files (x86)\Cypress\PSoC Creator\4.4\PSoC Creator\1\LWO3.cydsn\Generated_Source\PSoC4\cy_em_eeprom.c **** * In case if non-blocking write option is used and when user flash is used as
 405:C:\Program Files (x86)\Cypress\PSoC Creator\4.4\PSoC Creator\1\LWO3.cydsn\Generated_Source\PSoC4\cy_em_eeprom.c **** * an EEPROM storage care should be taken to prevent the read while write (RWW)
 406:C:\Program Files (x86)\Cypress\PSoC Creator\4.4\PSoC Creator\1\LWO3.cydsn\Generated_Source\PSoC4\cy_em_eeprom.c **** * exception. To prevent the RWW exception the user flash macro that includes
 407:C:\Program Files (x86)\Cypress\PSoC Creator\4.4\PSoC Creator\1\LWO3.cydsn\Generated_Source\PSoC4\cy_em_eeprom.c **** * the EEPROM storage should not be read while the EEPROM write is not completed.
 408:C:\Program Files (x86)\Cypress\PSoC Creator\4.4\PSoC Creator\1\LWO3.cydsn\Generated_Source\PSoC4\cy_em_eeprom.c **** * The read also means the user code execution from the respective flash macro.
 409:C:\Program Files (x86)\Cypress\PSoC Creator\4.4\PSoC Creator\1\LWO3.cydsn\Generated_Source\PSoC4\cy_em_eeprom.c **** *
 410:C:\Program Files (x86)\Cypress\PSoC Creator\4.4\PSoC Creator\1\LWO3.cydsn\Generated_Source\PSoC4\cy_em_eeprom.c **** *******************************************************************************/
 411:C:\Program Files (x86)\Cypress\PSoC Creator\4.4\PSoC Creator\1\LWO3.cydsn\Generated_Source\PSoC4\cy_em_eeprom.c **** cy_en_em_eeprom_status_t Cy_Em_EEPROM_Write(uint32 addr,
 412:C:\Program Files (x86)\Cypress\PSoC Creator\4.4\PSoC Creator\1\LWO3.cydsn\Generated_Source\PSoC4\cy_em_eeprom.c ****                                             void * eepromData,
 413:C:\Program Files (x86)\Cypress\PSoC Creator\4.4\PSoC Creator\1\LWO3.cydsn\Generated_Source\PSoC4\cy_em_eeprom.c ****                                             uint32 size,
 414:C:\Program Files (x86)\Cypress\PSoC Creator\4.4\PSoC Creator\1\LWO3.cydsn\Generated_Source\PSoC4\cy_em_eeprom.c ****                                             cy_stc_eeprom_context_t * context)
 415:C:\Program Files (x86)\Cypress\PSoC Creator\4.4\PSoC Creator\1\LWO3.cydsn\Generated_Source\PSoC4\cy_em_eeprom.c **** {
 416:C:\Program Files (x86)\Cypress\PSoC Creator\4.4\PSoC Creator\1\LWO3.cydsn\Generated_Source\PSoC4\cy_em_eeprom.c ****     cy_en_em_eeprom_status_t ret = CY_EM_EEPROM_BAD_PARAM;
 417:C:\Program Files (x86)\Cypress\PSoC Creator\4.4\PSoC Creator\1\LWO3.cydsn\Generated_Source\PSoC4\cy_em_eeprom.c ****     uint32 i;
 418:C:\Program Files (x86)\Cypress\PSoC Creator\4.4\PSoC Creator\1\LWO3.cydsn\Generated_Source\PSoC4\cy_em_eeprom.c ****     uint32 wrCnt;
 419:C:\Program Files (x86)\Cypress\PSoC Creator\4.4\PSoC Creator\1\LWO3.cydsn\Generated_Source\PSoC4\cy_em_eeprom.c ****     uint32 actEmEepromRowNum;
 420:C:\Program Files (x86)\Cypress\PSoC Creator\4.4\PSoC Creator\1\LWO3.cydsn\Generated_Source\PSoC4\cy_em_eeprom.c ****     uint32 writeRamBuffer[CY_EM_EEPROM_FLASH_SIZEOF_ROW / CY_EM_EEPROM_U32_DIV];
 421:C:\Program Files (x86)\Cypress\PSoC Creator\4.4\PSoC Creator\1\LWO3.cydsn\Generated_Source\PSoC4\cy_em_eeprom.c ****     uint32 startAddr = 0u;
 422:C:\Program Files (x86)\Cypress\PSoC Creator\4.4\PSoC Creator\1\LWO3.cydsn\Generated_Source\PSoC4\cy_em_eeprom.c ****     uint32 endAddr = 0u;
 423:C:\Program Files (x86)\Cypress\PSoC Creator\4.4\PSoC Creator\1\LWO3.cydsn\Generated_Source\PSoC4\cy_em_eeprom.c ****     uint32 tmpRowAddr;
 424:C:\Program Files (x86)\Cypress\PSoC Creator\4.4\PSoC Creator\1\LWO3.cydsn\Generated_Source\PSoC4\cy_em_eeprom.c ****     uint32 emEepromRowAddr = context->lastWrRowAddr;
 425:C:\Program Files (x86)\Cypress\PSoC Creator\4.4\PSoC Creator\1\LWO3.cydsn\Generated_Source\PSoC4\cy_em_eeprom.c ****     uint32 emEepromRowRdAddr;
 426:C:\Program Files (x86)\Cypress\PSoC Creator\4.4\PSoC Creator\1\LWO3.cydsn\Generated_Source\PSoC4\cy_em_eeprom.c ****     void * tmpData;
 427:C:\Program Files (x86)\Cypress\PSoC Creator\4.4\PSoC Creator\1\LWO3.cydsn\Generated_Source\PSoC4\cy_em_eeprom.c ****     uint32 eeData = (uint32) eepromData; /* To avoid the pointer arithmetic with void */
 428:C:\Program Files (x86)\Cypress\PSoC Creator\4.4\PSoC Creator\1\LWO3.cydsn\Generated_Source\PSoC4\cy_em_eeprom.c **** 
 429:C:\Program Files (x86)\Cypress\PSoC Creator\4.4\PSoC Creator\1\LWO3.cydsn\Generated_Source\PSoC4\cy_em_eeprom.c ****     /* Check if the EEPROM data does not exceed the EEPROM capacity */
 430:C:\Program Files (x86)\Cypress\PSoC Creator\4.4\PSoC Creator\1\LWO3.cydsn\Generated_Source\PSoC4\cy_em_eeprom.c ****     if((0u != size) && ((addr + size) <= (context->eepromSize)) && (NULL != eepromData))
ARM GAS  C:\Users\taips\AppData\Local\Temp\ccZaQHee.s 			page 9


 431:C:\Program Files (x86)\Cypress\PSoC Creator\4.4\PSoC Creator\1\LWO3.cydsn\Generated_Source\PSoC4\cy_em_eeprom.c ****     {
 432:C:\Program Files (x86)\Cypress\PSoC Creator\4.4\PSoC Creator\1\LWO3.cydsn\Generated_Source\PSoC4\cy_em_eeprom.c ****         uint32 numWrites = ((size - 1u) / CY_EM_EEPROM_HEADER_DATA_LEN) + 1u;
 433:C:\Program Files (x86)\Cypress\PSoC Creator\4.4\PSoC Creator\1\LWO3.cydsn\Generated_Source\PSoC4\cy_em_eeprom.c ****         uint32 eeHeaderDataOffset = 0u;
 434:C:\Program Files (x86)\Cypress\PSoC Creator\4.4\PSoC Creator\1\LWO3.cydsn\Generated_Source\PSoC4\cy_em_eeprom.c **** 
 435:C:\Program Files (x86)\Cypress\PSoC Creator\4.4\PSoC Creator\1\LWO3.cydsn\Generated_Source\PSoC4\cy_em_eeprom.c ****         for(wrCnt = 0u; wrCnt < numWrites; wrCnt++)
 436:C:\Program Files (x86)\Cypress\PSoC Creator\4.4\PSoC Creator\1\LWO3.cydsn\Generated_Source\PSoC4\cy_em_eeprom.c ****         {
 437:C:\Program Files (x86)\Cypress\PSoC Creator\4.4\PSoC Creator\1\LWO3.cydsn\Generated_Source\PSoC4\cy_em_eeprom.c ****             uint32 skipOperation = 0u;
 438:C:\Program Files (x86)\Cypress\PSoC Creator\4.4\PSoC Creator\1\LWO3.cydsn\Generated_Source\PSoC4\cy_em_eeprom.c ****             /* Get the sequence number of the last written row */
 439:C:\Program Files (x86)\Cypress\PSoC Creator\4.4\PSoC Creator\1\LWO3.cydsn\Generated_Source\PSoC4\cy_em_eeprom.c ****             uint32 seqNum = CY_EM_EEPROM_GET_SEQ_NUM(emEepromRowAddr);
 440:C:\Program Files (x86)\Cypress\PSoC Creator\4.4\PSoC Creator\1\LWO3.cydsn\Generated_Source\PSoC4\cy_em_eeprom.c **** 
 441:C:\Program Files (x86)\Cypress\PSoC Creator\4.4\PSoC Creator\1\LWO3.cydsn\Generated_Source\PSoC4\cy_em_eeprom.c ****             /* Get the address of the row to be written. The "emEepromRowAddr" may be
 442:C:\Program Files (x86)\Cypress\PSoC Creator\4.4\PSoC Creator\1\LWO3.cydsn\Generated_Source\PSoC4\cy_em_eeprom.c ****             * updated with the proper address (if wear leveling is used). The
 443:C:\Program Files (x86)\Cypress\PSoC Creator\4.4\PSoC Creator\1\LWO3.cydsn\Generated_Source\PSoC4\cy_em_eeprom.c ****             * "emEepromRowRdAddr" will point to the row address from which the historic
 444:C:\Program Files (x86)\Cypress\PSoC Creator\4.4\PSoC Creator\1\LWO3.cydsn\Generated_Source\PSoC4\cy_em_eeprom.c ****             * data will be read into the RAM buffer.
 445:C:\Program Files (x86)\Cypress\PSoC Creator\4.4\PSoC Creator\1\LWO3.cydsn\Generated_Source\PSoC4\cy_em_eeprom.c ****             */
 446:C:\Program Files (x86)\Cypress\PSoC Creator\4.4\PSoC Creator\1\LWO3.cydsn\Generated_Source\PSoC4\cy_em_eeprom.c ****             GetNextRowToWrite(seqNum, &emEepromRowAddr, &emEepromRowRdAddr, context);
 447:C:\Program Files (x86)\Cypress\PSoC Creator\4.4\PSoC Creator\1\LWO3.cydsn\Generated_Source\PSoC4\cy_em_eeprom.c **** 
 448:C:\Program Files (x86)\Cypress\PSoC Creator\4.4\PSoC Creator\1\LWO3.cydsn\Generated_Source\PSoC4\cy_em_eeprom.c ****             /* Clear the RAM buffer so to not put junk into flash */
 449:C:\Program Files (x86)\Cypress\PSoC Creator\4.4\PSoC Creator\1\LWO3.cydsn\Generated_Source\PSoC4\cy_em_eeprom.c ****             (void)memset(writeRamBuffer, 0, CY_EM_EEPROM_FLASH_SIZEOF_ROW);
 450:C:\Program Files (x86)\Cypress\PSoC Creator\4.4\PSoC Creator\1\LWO3.cydsn\Generated_Source\PSoC4\cy_em_eeprom.c **** 
 451:C:\Program Files (x86)\Cypress\PSoC Creator\4.4\PSoC Creator\1\LWO3.cydsn\Generated_Source\PSoC4\cy_em_eeprom.c ****             /* Fill the EM_EEPROM header info for the row in the RAM buffer */
 452:C:\Program Files (x86)\Cypress\PSoC Creator\4.4\PSoC Creator\1\LWO3.cydsn\Generated_Source\PSoC4\cy_em_eeprom.c ****             seqNum++;
 453:C:\Program Files (x86)\Cypress\PSoC Creator\4.4\PSoC Creator\1\LWO3.cydsn\Generated_Source\PSoC4\cy_em_eeprom.c ****             writeRamBuffer[CY_EM_EEPROM_HEADER_SEQ_NUM_OFFSET_U32] = seqNum;
 454:C:\Program Files (x86)\Cypress\PSoC Creator\4.4\PSoC Creator\1\LWO3.cydsn\Generated_Source\PSoC4\cy_em_eeprom.c ****             writeRamBuffer[CY_EM_EEPROM_HEADER_ADDR_OFFSET_U32] = addr;
 455:C:\Program Files (x86)\Cypress\PSoC Creator\4.4\PSoC Creator\1\LWO3.cydsn\Generated_Source\PSoC4\cy_em_eeprom.c ****             tmpData = (void *) eeData;
 456:C:\Program Files (x86)\Cypress\PSoC Creator\4.4\PSoC Creator\1\LWO3.cydsn\Generated_Source\PSoC4\cy_em_eeprom.c **** 
 457:C:\Program Files (x86)\Cypress\PSoC Creator\4.4\PSoC Creator\1\LWO3.cydsn\Generated_Source\PSoC4\cy_em_eeprom.c ****             /* Check if this is the last row to write */
 458:C:\Program Files (x86)\Cypress\PSoC Creator\4.4\PSoC Creator\1\LWO3.cydsn\Generated_Source\PSoC4\cy_em_eeprom.c ****             if(wrCnt == (numWrites - 1u))
 459:C:\Program Files (x86)\Cypress\PSoC Creator\4.4\PSoC Creator\1\LWO3.cydsn\Generated_Source\PSoC4\cy_em_eeprom.c ****             {
 460:C:\Program Files (x86)\Cypress\PSoC Creator\4.4\PSoC Creator\1\LWO3.cydsn\Generated_Source\PSoC4\cy_em_eeprom.c ****                 /* Fill in the remaining size value to the EEPROM header. */
 461:C:\Program Files (x86)\Cypress\PSoC Creator\4.4\PSoC Creator\1\LWO3.cydsn\Generated_Source\PSoC4\cy_em_eeprom.c ****                 writeRamBuffer[CY_EM_EEPROM_HEADER_LEN_OFFSET_U32] = size;
 462:C:\Program Files (x86)\Cypress\PSoC Creator\4.4\PSoC Creator\1\LWO3.cydsn\Generated_Source\PSoC4\cy_em_eeprom.c ****             }
 463:C:\Program Files (x86)\Cypress\PSoC Creator\4.4\PSoC Creator\1\LWO3.cydsn\Generated_Source\PSoC4\cy_em_eeprom.c ****             else
 464:C:\Program Files (x86)\Cypress\PSoC Creator\4.4\PSoC Creator\1\LWO3.cydsn\Generated_Source\PSoC4\cy_em_eeprom.c ****             {
 465:C:\Program Files (x86)\Cypress\PSoC Creator\4.4\PSoC Creator\1\LWO3.cydsn\Generated_Source\PSoC4\cy_em_eeprom.c ****                 /* This is not the last row to write in the current EEPROM write operation.
 466:C:\Program Files (x86)\Cypress\PSoC Creator\4.4\PSoC Creator\1\LWO3.cydsn\Generated_Source\PSoC4\cy_em_eeprom.c ****                 * Write the maximum possible data size to the EEPROM header. Update the
 467:C:\Program Files (x86)\Cypress\PSoC Creator\4.4\PSoC Creator\1\LWO3.cydsn\Generated_Source\PSoC4\cy_em_eeprom.c ****                 * size, eeData and addr respectively.
 468:C:\Program Files (x86)\Cypress\PSoC Creator\4.4\PSoC Creator\1\LWO3.cydsn\Generated_Source\PSoC4\cy_em_eeprom.c ****                 */
 469:C:\Program Files (x86)\Cypress\PSoC Creator\4.4\PSoC Creator\1\LWO3.cydsn\Generated_Source\PSoC4\cy_em_eeprom.c ****                 writeRamBuffer[CY_EM_EEPROM_HEADER_LEN_OFFSET_U32] = CY_EM_EEPROM_HEADER_DATA_LEN;
 470:C:\Program Files (x86)\Cypress\PSoC Creator\4.4\PSoC Creator\1\LWO3.cydsn\Generated_Source\PSoC4\cy_em_eeprom.c ****                 size -= CY_EM_EEPROM_HEADER_DATA_LEN;
 471:C:\Program Files (x86)\Cypress\PSoC Creator\4.4\PSoC Creator\1\LWO3.cydsn\Generated_Source\PSoC4\cy_em_eeprom.c ****                 addr += CY_EM_EEPROM_HEADER_DATA_LEN;
 472:C:\Program Files (x86)\Cypress\PSoC Creator\4.4\PSoC Creator\1\LWO3.cydsn\Generated_Source\PSoC4\cy_em_eeprom.c ****                 eeData += CY_EM_EEPROM_HEADER_DATA_LEN;
 473:C:\Program Files (x86)\Cypress\PSoC Creator\4.4\PSoC Creator\1\LWO3.cydsn\Generated_Source\PSoC4\cy_em_eeprom.c ****             }
 474:C:\Program Files (x86)\Cypress\PSoC Creator\4.4\PSoC Creator\1\LWO3.cydsn\Generated_Source\PSoC4\cy_em_eeprom.c **** 
 475:C:\Program Files (x86)\Cypress\PSoC Creator\4.4\PSoC Creator\1\LWO3.cydsn\Generated_Source\PSoC4\cy_em_eeprom.c ****             /* Write the data to the EEPROM header */
 476:C:\Program Files (x86)\Cypress\PSoC Creator\4.4\PSoC Creator\1\LWO3.cydsn\Generated_Source\PSoC4\cy_em_eeprom.c ****             (void)memcpy((void *)&writeRamBuffer[CY_EM_EEPROM_HEADER_DATA_OFFSET_U32],
 477:C:\Program Files (x86)\Cypress\PSoC Creator\4.4\PSoC Creator\1\LWO3.cydsn\Generated_Source\PSoC4\cy_em_eeprom.c ****                          tmpData,
 478:C:\Program Files (x86)\Cypress\PSoC Creator\4.4\PSoC Creator\1\LWO3.cydsn\Generated_Source\PSoC4\cy_em_eeprom.c ****                          writeRamBuffer[CY_EM_EEPROM_HEADER_LEN_OFFSET_U32]);
 479:C:\Program Files (x86)\Cypress\PSoC Creator\4.4\PSoC Creator\1\LWO3.cydsn\Generated_Source\PSoC4\cy_em_eeprom.c **** 
 480:C:\Program Files (x86)\Cypress\PSoC Creator\4.4\PSoC Creator\1\LWO3.cydsn\Generated_Source\PSoC4\cy_em_eeprom.c ****             if(emEepromRowRdAddr != 0UL)
 481:C:\Program Files (x86)\Cypress\PSoC Creator\4.4\PSoC Creator\1\LWO3.cydsn\Generated_Source\PSoC4\cy_em_eeprom.c ****             {
 482:C:\Program Files (x86)\Cypress\PSoC Creator\4.4\PSoC Creator\1\LWO3.cydsn\Generated_Source\PSoC4\cy_em_eeprom.c ****                 /* Copy the EEPROM historic data for this row from flash to RAM */
 483:C:\Program Files (x86)\Cypress\PSoC Creator\4.4\PSoC Creator\1\LWO3.cydsn\Generated_Source\PSoC4\cy_em_eeprom.c ****                 (void)memcpy((void *)&writeRamBuffer[CY_EM_EEPROM_EEPROM_DATA_OFFSET_U32],
 484:C:\Program Files (x86)\Cypress\PSoC Creator\4.4\PSoC Creator\1\LWO3.cydsn\Generated_Source\PSoC4\cy_em_eeprom.c ****                              (void *)(emEepromRowRdAddr + CY_EM_EEPROM_EEPROM_DATA_LEN),
 485:C:\Program Files (x86)\Cypress\PSoC Creator\4.4\PSoC Creator\1\LWO3.cydsn\Generated_Source\PSoC4\cy_em_eeprom.c ****                              CY_EM_EEPROM_EEPROM_DATA_LEN);
 486:C:\Program Files (x86)\Cypress\PSoC Creator\4.4\PSoC Creator\1\LWO3.cydsn\Generated_Source\PSoC4\cy_em_eeprom.c ****             }
 487:C:\Program Files (x86)\Cypress\PSoC Creator\4.4\PSoC Creator\1\LWO3.cydsn\Generated_Source\PSoC4\cy_em_eeprom.c **** 
ARM GAS  C:\Users\taips\AppData\Local\Temp\ccZaQHee.s 			page 10


 488:C:\Program Files (x86)\Cypress\PSoC Creator\4.4\PSoC Creator\1\LWO3.cydsn\Generated_Source\PSoC4\cy_em_eeprom.c ****             /* Check if there is data for this location in other EEPROM headers:
 489:C:\Program Files (x86)\Cypress\PSoC Creator\4.4\PSoC Creator\1\LWO3.cydsn\Generated_Source\PSoC4\cy_em_eeprom.c ****             * find out the row with the lowest possible sequence number which
 490:C:\Program Files (x86)\Cypress\PSoC Creator\4.4\PSoC Creator\1\LWO3.cydsn\Generated_Source\PSoC4\cy_em_eeprom.c ****             * may contain the data for the current row.
 491:C:\Program Files (x86)\Cypress\PSoC Creator\4.4\PSoC Creator\1\LWO3.cydsn\Generated_Source\PSoC4\cy_em_eeprom.c ****             */
 492:C:\Program Files (x86)\Cypress\PSoC Creator\4.4\PSoC Creator\1\LWO3.cydsn\Generated_Source\PSoC4\cy_em_eeprom.c ****             i = (seqNum > context->numberOfRows) ? ((seqNum - (context->numberOfRows)) + 1u) : 1u;
 493:C:\Program Files (x86)\Cypress\PSoC Creator\4.4\PSoC Creator\1\LWO3.cydsn\Generated_Source\PSoC4\cy_em_eeprom.c **** 
 494:C:\Program Files (x86)\Cypress\PSoC Creator\4.4\PSoC Creator\1\LWO3.cydsn\Generated_Source\PSoC4\cy_em_eeprom.c ****             for(; i <= seqNum; i++)
 495:C:\Program Files (x86)\Cypress\PSoC Creator\4.4\PSoC Creator\1\LWO3.cydsn\Generated_Source\PSoC4\cy_em_eeprom.c ****             {
 496:C:\Program Files (x86)\Cypress\PSoC Creator\4.4\PSoC Creator\1\LWO3.cydsn\Generated_Source\PSoC4\cy_em_eeprom.c ****                 if(i == seqNum)
 497:C:\Program Files (x86)\Cypress\PSoC Creator\4.4\PSoC Creator\1\LWO3.cydsn\Generated_Source\PSoC4\cy_em_eeprom.c ****                 {
 498:C:\Program Files (x86)\Cypress\PSoC Creator\4.4\PSoC Creator\1\LWO3.cydsn\Generated_Source\PSoC4\cy_em_eeprom.c ****                     /* The code reached the row that is about to be written. Analyze the recently
 499:C:\Program Files (x86)\Cypress\PSoC Creator\4.4\PSoC Creator\1\LWO3.cydsn\Generated_Source\PSoC4\cy_em_eeprom.c ****                     * created EEPROM header (stored in the RAM buffer currently): if it contains
 500:C:\Program Files (x86)\Cypress\PSoC Creator\4.4\PSoC Creator\1\LWO3.cydsn\Generated_Source\PSoC4\cy_em_eeprom.c ****                     * the data for EEPROM data locations in the row that is about to be written.
 501:C:\Program Files (x86)\Cypress\PSoC Creator\4.4\PSoC Creator\1\LWO3.cydsn\Generated_Source\PSoC4\cy_em_eeprom.c ****                     */
 502:C:\Program Files (x86)\Cypress\PSoC Creator\4.4\PSoC Creator\1\LWO3.cydsn\Generated_Source\PSoC4\cy_em_eeprom.c ****                     tmpRowAddr = (uint32) writeRamBuffer;
 503:C:\Program Files (x86)\Cypress\PSoC Creator\4.4\PSoC Creator\1\LWO3.cydsn\Generated_Source\PSoC4\cy_em_eeprom.c ****                 }
 504:C:\Program Files (x86)\Cypress\PSoC Creator\4.4\PSoC Creator\1\LWO3.cydsn\Generated_Source\PSoC4\cy_em_eeprom.c ****                 else
 505:C:\Program Files (x86)\Cypress\PSoC Creator\4.4\PSoC Creator\1\LWO3.cydsn\Generated_Source\PSoC4\cy_em_eeprom.c ****                 {
 506:C:\Program Files (x86)\Cypress\PSoC Creator\4.4\PSoC Creator\1\LWO3.cydsn\Generated_Source\PSoC4\cy_em_eeprom.c ****                     /* Retrieve the address of the previously written row by its sequence number.
 507:C:\Program Files (x86)\Cypress\PSoC Creator\4.4\PSoC Creator\1\LWO3.cydsn\Generated_Source\PSoC4\cy_em_eeprom.c ****                     * The pointer will be used to get data from the respective EEPROM header.
 508:C:\Program Files (x86)\Cypress\PSoC Creator\4.4\PSoC Creator\1\LWO3.cydsn\Generated_Source\PSoC4\cy_em_eeprom.c ****                     */
 509:C:\Program Files (x86)\Cypress\PSoC Creator\4.4\PSoC Creator\1\LWO3.cydsn\Generated_Source\PSoC4\cy_em_eeprom.c ****                     tmpRowAddr = GetRowAddrBySeqNum(i, context);
 510:C:\Program Files (x86)\Cypress\PSoC Creator\4.4\PSoC Creator\1\LWO3.cydsn\Generated_Source\PSoC4\cy_em_eeprom.c ****                 }
 511:C:\Program Files (x86)\Cypress\PSoC Creator\4.4\PSoC Creator\1\LWO3.cydsn\Generated_Source\PSoC4\cy_em_eeprom.c **** 
 512:C:\Program Files (x86)\Cypress\PSoC Creator\4.4\PSoC Creator\1\LWO3.cydsn\Generated_Source\PSoC4\cy_em_eeprom.c ****                 actEmEepromRowNum = CY_EM_EEPROM_GET_ACT_ROW_NUM_FROM_ADDR(emEepromRowAddr,
 513:C:\Program Files (x86)\Cypress\PSoC Creator\4.4\PSoC Creator\1\LWO3.cydsn\Generated_Source\PSoC4\cy_em_eeprom.c ****                                                                            context->numberOfRows,
 514:C:\Program Files (x86)\Cypress\PSoC Creator\4.4\PSoC Creator\1\LWO3.cydsn\Generated_Source\PSoC4\cy_em_eeprom.c ****                                                                            context->userFlashStartA
 515:C:\Program Files (x86)\Cypress\PSoC Creator\4.4\PSoC Creator\1\LWO3.cydsn\Generated_Source\PSoC4\cy_em_eeprom.c ****                 if(0UL != tmpRowAddr)
 516:C:\Program Files (x86)\Cypress\PSoC Creator\4.4\PSoC Creator\1\LWO3.cydsn\Generated_Source\PSoC4\cy_em_eeprom.c ****                 {
 517:C:\Program Files (x86)\Cypress\PSoC Creator\4.4\PSoC Creator\1\LWO3.cydsn\Generated_Source\PSoC4\cy_em_eeprom.c ****                     /* Calculate the required addressed for the later EEPROM historic data update *
 518:C:\Program Files (x86)\Cypress\PSoC Creator\4.4\PSoC Creator\1\LWO3.cydsn\Generated_Source\PSoC4\cy_em_eeprom.c ****                     skipOperation = GetAddresses(
 519:C:\Program Files (x86)\Cypress\PSoC Creator\4.4\PSoC Creator\1\LWO3.cydsn\Generated_Source\PSoC4\cy_em_eeprom.c ****                                               &startAddr,
 520:C:\Program Files (x86)\Cypress\PSoC Creator\4.4\PSoC Creator\1\LWO3.cydsn\Generated_Source\PSoC4\cy_em_eeprom.c ****                                               &endAddr,
 521:C:\Program Files (x86)\Cypress\PSoC Creator\4.4\PSoC Creator\1\LWO3.cydsn\Generated_Source\PSoC4\cy_em_eeprom.c ****                                               &eeHeaderDataOffset,
 522:C:\Program Files (x86)\Cypress\PSoC Creator\4.4\PSoC Creator\1\LWO3.cydsn\Generated_Source\PSoC4\cy_em_eeprom.c ****                                               actEmEepromRowNum,
 523:C:\Program Files (x86)\Cypress\PSoC Creator\4.4\PSoC Creator\1\LWO3.cydsn\Generated_Source\PSoC4\cy_em_eeprom.c ****                                               *(uint32 *)(tmpRowAddr + CY_EM_EEPROM_HEADER_ADDR_OFF
 524:C:\Program Files (x86)\Cypress\PSoC Creator\4.4\PSoC Creator\1\LWO3.cydsn\Generated_Source\PSoC4\cy_em_eeprom.c ****                                               *(uint32 *)(tmpRowAddr + CY_EM_EEPROM_HEADER_LEN_OFFS
 525:C:\Program Files (x86)\Cypress\PSoC Creator\4.4\PSoC Creator\1\LWO3.cydsn\Generated_Source\PSoC4\cy_em_eeprom.c ****                 }
 526:C:\Program Files (x86)\Cypress\PSoC Creator\4.4\PSoC Creator\1\LWO3.cydsn\Generated_Source\PSoC4\cy_em_eeprom.c ****                 else
 527:C:\Program Files (x86)\Cypress\PSoC Creator\4.4\PSoC Creator\1\LWO3.cydsn\Generated_Source\PSoC4\cy_em_eeprom.c ****                 {
 528:C:\Program Files (x86)\Cypress\PSoC Creator\4.4\PSoC Creator\1\LWO3.cydsn\Generated_Source\PSoC4\cy_em_eeprom.c ****                     /* Skip writes to the RAM buffer */
 529:C:\Program Files (x86)\Cypress\PSoC Creator\4.4\PSoC Creator\1\LWO3.cydsn\Generated_Source\PSoC4\cy_em_eeprom.c ****                     skipOperation++;
 530:C:\Program Files (x86)\Cypress\PSoC Creator\4.4\PSoC Creator\1\LWO3.cydsn\Generated_Source\PSoC4\cy_em_eeprom.c ****                 }
 531:C:\Program Files (x86)\Cypress\PSoC Creator\4.4\PSoC Creator\1\LWO3.cydsn\Generated_Source\PSoC4\cy_em_eeprom.c **** 
 532:C:\Program Files (x86)\Cypress\PSoC Creator\4.4\PSoC Creator\1\LWO3.cydsn\Generated_Source\PSoC4\cy_em_eeprom.c ****                 /* Write data to the RAM buffer */
 533:C:\Program Files (x86)\Cypress\PSoC Creator\4.4\PSoC Creator\1\LWO3.cydsn\Generated_Source\PSoC4\cy_em_eeprom.c ****                 if(0u == skipOperation)
 534:C:\Program Files (x86)\Cypress\PSoC Creator\4.4\PSoC Creator\1\LWO3.cydsn\Generated_Source\PSoC4\cy_em_eeprom.c ****                 {
 535:C:\Program Files (x86)\Cypress\PSoC Creator\4.4\PSoC Creator\1\LWO3.cydsn\Generated_Source\PSoC4\cy_em_eeprom.c ****                     uint32 dataAddr = ((uint32)((uint8 *)&writeRamBuffer)) + startAddr;
 536:C:\Program Files (x86)\Cypress\PSoC Creator\4.4\PSoC Creator\1\LWO3.cydsn\Generated_Source\PSoC4\cy_em_eeprom.c **** 
 537:C:\Program Files (x86)\Cypress\PSoC Creator\4.4\PSoC Creator\1\LWO3.cydsn\Generated_Source\PSoC4\cy_em_eeprom.c ****                     /* Update the address to point to the EEPROM header data and not to
 538:C:\Program Files (x86)\Cypress\PSoC Creator\4.4\PSoC Creator\1\LWO3.cydsn\Generated_Source\PSoC4\cy_em_eeprom.c ****                     * the start of the row.
 539:C:\Program Files (x86)\Cypress\PSoC Creator\4.4\PSoC Creator\1\LWO3.cydsn\Generated_Source\PSoC4\cy_em_eeprom.c ****                     */
 540:C:\Program Files (x86)\Cypress\PSoC Creator\4.4\PSoC Creator\1\LWO3.cydsn\Generated_Source\PSoC4\cy_em_eeprom.c ****                     tmpRowAddr = tmpRowAddr + CY_EM_EEPROM_HEADER_DATA_OFFSET + eeHeaderDataOffset;
 541:C:\Program Files (x86)\Cypress\PSoC Creator\4.4\PSoC Creator\1\LWO3.cydsn\Generated_Source\PSoC4\cy_em_eeprom.c ****                     (void)memcpy((void *)(dataAddr), (void *)(tmpRowAddr), endAddr - startAddr);
 542:C:\Program Files (x86)\Cypress\PSoC Creator\4.4\PSoC Creator\1\LWO3.cydsn\Generated_Source\PSoC4\cy_em_eeprom.c ****                 }
 543:C:\Program Files (x86)\Cypress\PSoC Creator\4.4\PSoC Creator\1\LWO3.cydsn\Generated_Source\PSoC4\cy_em_eeprom.c **** 
 544:C:\Program Files (x86)\Cypress\PSoC Creator\4.4\PSoC Creator\1\LWO3.cydsn\Generated_Source\PSoC4\cy_em_eeprom.c ****                 /* Calculate the checksum if redundant copy is enabled */
ARM GAS  C:\Users\taips\AppData\Local\Temp\ccZaQHee.s 			page 11


 545:C:\Program Files (x86)\Cypress\PSoC Creator\4.4\PSoC Creator\1\LWO3.cydsn\Generated_Source\PSoC4\cy_em_eeprom.c ****                 if(0u != context->redundantCopy)
 546:C:\Program Files (x86)\Cypress\PSoC Creator\4.4\PSoC Creator\1\LWO3.cydsn\Generated_Source\PSoC4\cy_em_eeprom.c ****                 {
 547:C:\Program Files (x86)\Cypress\PSoC Creator\4.4\PSoC Creator\1\LWO3.cydsn\Generated_Source\PSoC4\cy_em_eeprom.c ****                     writeRamBuffer[CY_EM_EEPROM_HEADER_CHECKSUM_OFFSET_U32] = (uint32)
 548:C:\Program Files (x86)\Cypress\PSoC Creator\4.4\PSoC Creator\1\LWO3.cydsn\Generated_Source\PSoC4\cy_em_eeprom.c ****                         CalcChecksum((uint8 *) &writeRamBuffer[CY_EM_EEPROM_EEPROM_DATA_OFFSET_U32]
 549:C:\Program Files (x86)\Cypress\PSoC Creator\4.4\PSoC Creator\1\LWO3.cydsn\Generated_Source\PSoC4\cy_em_eeprom.c ****                                                   CY_EM_EEPROM_EEPROM_DATA_LEN);
 550:C:\Program Files (x86)\Cypress\PSoC Creator\4.4\PSoC Creator\1\LWO3.cydsn\Generated_Source\PSoC4\cy_em_eeprom.c ****                 }
 551:C:\Program Files (x86)\Cypress\PSoC Creator\4.4\PSoC Creator\1\LWO3.cydsn\Generated_Source\PSoC4\cy_em_eeprom.c ****             }
 552:C:\Program Files (x86)\Cypress\PSoC Creator\4.4\PSoC Creator\1\LWO3.cydsn\Generated_Source\PSoC4\cy_em_eeprom.c **** 
 553:C:\Program Files (x86)\Cypress\PSoC Creator\4.4\PSoC Creator\1\LWO3.cydsn\Generated_Source\PSoC4\cy_em_eeprom.c ****             /* Write the data to the specified flash row */
 554:C:\Program Files (x86)\Cypress\PSoC Creator\4.4\PSoC Creator\1\LWO3.cydsn\Generated_Source\PSoC4\cy_em_eeprom.c ****             ret = WriteRow(emEepromRowAddr, writeRamBuffer, context);
 555:C:\Program Files (x86)\Cypress\PSoC Creator\4.4\PSoC Creator\1\LWO3.cydsn\Generated_Source\PSoC4\cy_em_eeprom.c ****             tmpRowAddr = emEepromRowAddr;
 556:C:\Program Files (x86)\Cypress\PSoC Creator\4.4\PSoC Creator\1\LWO3.cydsn\Generated_Source\PSoC4\cy_em_eeprom.c **** 
 557:C:\Program Files (x86)\Cypress\PSoC Creator\4.4\PSoC Creator\1\LWO3.cydsn\Generated_Source\PSoC4\cy_em_eeprom.c ****             /* Check if redundant copy is used */
 558:C:\Program Files (x86)\Cypress\PSoC Creator\4.4\PSoC Creator\1\LWO3.cydsn\Generated_Source\PSoC4\cy_em_eeprom.c ****             if((0u != context->redundantCopy) && (CY_EM_EEPROM_SUCCESS == ret))
 559:C:\Program Files (x86)\Cypress\PSoC Creator\4.4\PSoC Creator\1\LWO3.cydsn\Generated_Source\PSoC4\cy_em_eeprom.c ****             {
 560:C:\Program Files (x86)\Cypress\PSoC Creator\4.4\PSoC Creator\1\LWO3.cydsn\Generated_Source\PSoC4\cy_em_eeprom.c ****                 /* Update the row address to point to the row in the redundant EEPROM's copy */
 561:C:\Program Files (x86)\Cypress\PSoC Creator\4.4\PSoC Creator\1\LWO3.cydsn\Generated_Source\PSoC4\cy_em_eeprom.c ****                 tmpRowAddr = (emEepromRowAddr - context->userFlashStartAddr) + context->wlEndAddr;
 562:C:\Program Files (x86)\Cypress\PSoC Creator\4.4\PSoC Creator\1\LWO3.cydsn\Generated_Source\PSoC4\cy_em_eeprom.c **** 
 563:C:\Program Files (x86)\Cypress\PSoC Creator\4.4\PSoC Creator\1\LWO3.cydsn\Generated_Source\PSoC4\cy_em_eeprom.c ****                 /* Write the data to the specified flash row */
 564:C:\Program Files (x86)\Cypress\PSoC Creator\4.4\PSoC Creator\1\LWO3.cydsn\Generated_Source\PSoC4\cy_em_eeprom.c ****                 ret = WriteRow(tmpRowAddr, writeRamBuffer, context);
 565:C:\Program Files (x86)\Cypress\PSoC Creator\4.4\PSoC Creator\1\LWO3.cydsn\Generated_Source\PSoC4\cy_em_eeprom.c ****             }
 566:C:\Program Files (x86)\Cypress\PSoC Creator\4.4\PSoC Creator\1\LWO3.cydsn\Generated_Source\PSoC4\cy_em_eeprom.c **** 
 567:C:\Program Files (x86)\Cypress\PSoC Creator\4.4\PSoC Creator\1\LWO3.cydsn\Generated_Source\PSoC4\cy_em_eeprom.c ****             if(CY_EM_EEPROM_SUCCESS == ret)
 568:C:\Program Files (x86)\Cypress\PSoC Creator\4.4\PSoC Creator\1\LWO3.cydsn\Generated_Source\PSoC4\cy_em_eeprom.c ****             {
 569:C:\Program Files (x86)\Cypress\PSoC Creator\4.4\PSoC Creator\1\LWO3.cydsn\Generated_Source\PSoC4\cy_em_eeprom.c ****                 /* Store last written row address only when EEPROM and redundant
 570:C:\Program Files (x86)\Cypress\PSoC Creator\4.4\PSoC Creator\1\LWO3.cydsn\Generated_Source\PSoC4\cy_em_eeprom.c ****                 * copy writes were successful.
 571:C:\Program Files (x86)\Cypress\PSoC Creator\4.4\PSoC Creator\1\LWO3.cydsn\Generated_Source\PSoC4\cy_em_eeprom.c ****                 */
 572:C:\Program Files (x86)\Cypress\PSoC Creator\4.4\PSoC Creator\1\LWO3.cydsn\Generated_Source\PSoC4\cy_em_eeprom.c ****                 context->lastWrRowAddr = emEepromRowAddr;
 573:C:\Program Files (x86)\Cypress\PSoC Creator\4.4\PSoC Creator\1\LWO3.cydsn\Generated_Source\PSoC4\cy_em_eeprom.c ****             }
 574:C:\Program Files (x86)\Cypress\PSoC Creator\4.4\PSoC Creator\1\LWO3.cydsn\Generated_Source\PSoC4\cy_em_eeprom.c ****             else
 575:C:\Program Files (x86)\Cypress\PSoC Creator\4.4\PSoC Creator\1\LWO3.cydsn\Generated_Source\PSoC4\cy_em_eeprom.c ****             {
 576:C:\Program Files (x86)\Cypress\PSoC Creator\4.4\PSoC Creator\1\LWO3.cydsn\Generated_Source\PSoC4\cy_em_eeprom.c ****                 break;
 577:C:\Program Files (x86)\Cypress\PSoC Creator\4.4\PSoC Creator\1\LWO3.cydsn\Generated_Source\PSoC4\cy_em_eeprom.c ****             }
 578:C:\Program Files (x86)\Cypress\PSoC Creator\4.4\PSoC Creator\1\LWO3.cydsn\Generated_Source\PSoC4\cy_em_eeprom.c ****         }
 579:C:\Program Files (x86)\Cypress\PSoC Creator\4.4\PSoC Creator\1\LWO3.cydsn\Generated_Source\PSoC4\cy_em_eeprom.c ****     }
 580:C:\Program Files (x86)\Cypress\PSoC Creator\4.4\PSoC Creator\1\LWO3.cydsn\Generated_Source\PSoC4\cy_em_eeprom.c ****     return(ret);
 581:C:\Program Files (x86)\Cypress\PSoC Creator\4.4\PSoC Creator\1\LWO3.cydsn\Generated_Source\PSoC4\cy_em_eeprom.c **** }
 582:C:\Program Files (x86)\Cypress\PSoC Creator\4.4\PSoC Creator\1\LWO3.cydsn\Generated_Source\PSoC4\cy_em_eeprom.c **** 
 583:C:\Program Files (x86)\Cypress\PSoC Creator\4.4\PSoC Creator\1\LWO3.cydsn\Generated_Source\PSoC4\cy_em_eeprom.c **** 
 584:C:\Program Files (x86)\Cypress\PSoC Creator\4.4\PSoC Creator\1\LWO3.cydsn\Generated_Source\PSoC4\cy_em_eeprom.c **** /*******************************************************************************
 585:C:\Program Files (x86)\Cypress\PSoC Creator\4.4\PSoC Creator\1\LWO3.cydsn\Generated_Source\PSoC4\cy_em_eeprom.c **** * Function Name: Cy_Em_EEPROM_Erase
 586:C:\Program Files (x86)\Cypress\PSoC Creator\4.4\PSoC Creator\1\LWO3.cydsn\Generated_Source\PSoC4\cy_em_eeprom.c **** ****************************************************************************//**
 587:C:\Program Files (x86)\Cypress\PSoC Creator\4.4\PSoC Creator\1\LWO3.cydsn\Generated_Source\PSoC4\cy_em_eeprom.c **** *
 588:C:\Program Files (x86)\Cypress\PSoC Creator\4.4\PSoC Creator\1\LWO3.cydsn\Generated_Source\PSoC4\cy_em_eeprom.c **** * This function erases the entire contents of the EEPROM. Erased values are all
 589:C:\Program Files (x86)\Cypress\PSoC Creator\4.4\PSoC Creator\1\LWO3.cydsn\Generated_Source\PSoC4\cy_em_eeprom.c **** * zeros. This is a blocking function and it does not return until the write
 590:C:\Program Files (x86)\Cypress\PSoC Creator\4.4\PSoC Creator\1\LWO3.cydsn\Generated_Source\PSoC4\cy_em_eeprom.c **** * operation is completed. The user firmware should not enter Hibernate mode until
 591:C:\Program Files (x86)\Cypress\PSoC Creator\4.4\PSoC Creator\1\LWO3.cydsn\Generated_Source\PSoC4\cy_em_eeprom.c **** * erase is completed. The erase operation is allowed in Sleep and Deep-Sleep modes.
 592:C:\Program Files (x86)\Cypress\PSoC Creator\4.4\PSoC Creator\1\LWO3.cydsn\Generated_Source\PSoC4\cy_em_eeprom.c **** * During the flash operation, the device should not be reset, including the
 593:C:\Program Files (x86)\Cypress\PSoC Creator\4.4\PSoC Creator\1\LWO3.cydsn\Generated_Source\PSoC4\cy_em_eeprom.c **** * XRES pin, a software reset, and watchdog reset sources. Also, low-voltage
 594:C:\Program Files (x86)\Cypress\PSoC Creator\4.4\PSoC Creator\1\LWO3.cydsn\Generated_Source\PSoC4\cy_em_eeprom.c **** * detect circuits should be configured to generate an interrupt instead of a
 595:C:\Program Files (x86)\Cypress\PSoC Creator\4.4\PSoC Creator\1\LWO3.cydsn\Generated_Source\PSoC4\cy_em_eeprom.c **** * reset. Otherwise, portions of flash may undergo unexpected changes.
 596:C:\Program Files (x86)\Cypress\PSoC Creator\4.4\PSoC Creator\1\LWO3.cydsn\Generated_Source\PSoC4\cy_em_eeprom.c **** *
 597:C:\Program Files (x86)\Cypress\PSoC Creator\4.4\PSoC Creator\1\LWO3.cydsn\Generated_Source\PSoC4\cy_em_eeprom.c **** * \param context
 598:C:\Program Files (x86)\Cypress\PSoC Creator\4.4\PSoC Creator\1\LWO3.cydsn\Generated_Source\PSoC4\cy_em_eeprom.c **** * The pointer to the EEPROM context structure \ref cy_stc_eeprom_context_t.
 599:C:\Program Files (x86)\Cypress\PSoC Creator\4.4\PSoC Creator\1\LWO3.cydsn\Generated_Source\PSoC4\cy_em_eeprom.c **** *
 600:C:\Program Files (x86)\Cypress\PSoC Creator\4.4\PSoC Creator\1\LWO3.cydsn\Generated_Source\PSoC4\cy_em_eeprom.c **** * \return
 601:C:\Program Files (x86)\Cypress\PSoC Creator\4.4\PSoC Creator\1\LWO3.cydsn\Generated_Source\PSoC4\cy_em_eeprom.c **** * This function returns \ref cy_en_em_eeprom_status_t.
ARM GAS  C:\Users\taips\AppData\Local\Temp\ccZaQHee.s 			page 12


 602:C:\Program Files (x86)\Cypress\PSoC Creator\4.4\PSoC Creator\1\LWO3.cydsn\Generated_Source\PSoC4\cy_em_eeprom.c **** *
 603:C:\Program Files (x86)\Cypress\PSoC Creator\4.4\PSoC Creator\1\LWO3.cydsn\Generated_Source\PSoC4\cy_em_eeprom.c **** * \note
 604:C:\Program Files (x86)\Cypress\PSoC Creator\4.4\PSoC Creator\1\LWO3.cydsn\Generated_Source\PSoC4\cy_em_eeprom.c **** * For all non PSoC 6 devices the erase operation is performed by clearing
 605:C:\Program Files (x86)\Cypress\PSoC Creator\4.4\PSoC Creator\1\LWO3.cydsn\Generated_Source\PSoC4\cy_em_eeprom.c **** * the EEPROM data using flash write. This affects the flash durability.
 606:C:\Program Files (x86)\Cypress\PSoC Creator\4.4\PSoC Creator\1\LWO3.cydsn\Generated_Source\PSoC4\cy_em_eeprom.c **** * So it is recommended to use this function in utmost case to prolongate
 607:C:\Program Files (x86)\Cypress\PSoC Creator\4.4\PSoC Creator\1\LWO3.cydsn\Generated_Source\PSoC4\cy_em_eeprom.c **** * flash life.
 608:C:\Program Files (x86)\Cypress\PSoC Creator\4.4\PSoC Creator\1\LWO3.cydsn\Generated_Source\PSoC4\cy_em_eeprom.c **** *
 609:C:\Program Files (x86)\Cypress\PSoC Creator\4.4\PSoC Creator\1\LWO3.cydsn\Generated_Source\PSoC4\cy_em_eeprom.c **** * \note
 610:C:\Program Files (x86)\Cypress\PSoC Creator\4.4\PSoC Creator\1\LWO3.cydsn\Generated_Source\PSoC4\cy_em_eeprom.c **** * This function uses a buffer of the flash row size to perform erase
 611:C:\Program Files (x86)\Cypress\PSoC Creator\4.4\PSoC Creator\1\LWO3.cydsn\Generated_Source\PSoC4\cy_em_eeprom.c **** * operation. For the size of the row refer to the specific PSoC device
 612:C:\Program Files (x86)\Cypress\PSoC Creator\4.4\PSoC Creator\1\LWO3.cydsn\Generated_Source\PSoC4\cy_em_eeprom.c **** * datasheet.
 613:C:\Program Files (x86)\Cypress\PSoC Creator\4.4\PSoC Creator\1\LWO3.cydsn\Generated_Source\PSoC4\cy_em_eeprom.c **** *
 614:C:\Program Files (x86)\Cypress\PSoC Creator\4.4\PSoC Creator\1\LWO3.cydsn\Generated_Source\PSoC4\cy_em_eeprom.c **** * \sideeffect
 615:C:\Program Files (x86)\Cypress\PSoC Creator\4.4\PSoC Creator\1\LWO3.cydsn\Generated_Source\PSoC4\cy_em_eeprom.c **** * In case when blocking write option is used, if this function is called by
 616:C:\Program Files (x86)\Cypress\PSoC Creator\4.4\PSoC Creator\1\LWO3.cydsn\Generated_Source\PSoC4\cy_em_eeprom.c **** * the CM4 the user code on CM0P and the user code on CM4 are blocked until erase
 617:C:\Program Files (x86)\Cypress\PSoC Creator\4.4\PSoC Creator\1\LWO3.cydsn\Generated_Source\PSoC4\cy_em_eeprom.c **** * flash row operation is finished. If this function is called by the CM0P the
 618:C:\Program Files (x86)\Cypress\PSoC Creator\4.4\PSoC Creator\1\LWO3.cydsn\Generated_Source\PSoC4\cy_em_eeprom.c **** * user code on CM4 is not blocked and the user code on CM0P is blocked until
 619:C:\Program Files (x86)\Cypress\PSoC Creator\4.4\PSoC Creator\1\LWO3.cydsn\Generated_Source\PSoC4\cy_em_eeprom.c **** * erase flash row operation is finished. Plan your task allocation accordingly.
 620:C:\Program Files (x86)\Cypress\PSoC Creator\4.4\PSoC Creator\1\LWO3.cydsn\Generated_Source\PSoC4\cy_em_eeprom.c **** *
 621:C:\Program Files (x86)\Cypress\PSoC Creator\4.4\PSoC Creator\1\LWO3.cydsn\Generated_Source\PSoC4\cy_em_eeprom.c **** * \sideeffect
 622:C:\Program Files (x86)\Cypress\PSoC Creator\4.4\PSoC Creator\1\LWO3.cydsn\Generated_Source\PSoC4\cy_em_eeprom.c **** * In case if non-blocking write option is used and when user flash is used as
 623:C:\Program Files (x86)\Cypress\PSoC Creator\4.4\PSoC Creator\1\LWO3.cydsn\Generated_Source\PSoC4\cy_em_eeprom.c **** * an EEPROM storage care should be taken to prevent the read while write (RWW)
 624:C:\Program Files (x86)\Cypress\PSoC Creator\4.4\PSoC Creator\1\LWO3.cydsn\Generated_Source\PSoC4\cy_em_eeprom.c **** * exception. To prevent the RWW exception the user flash macro that includes
 625:C:\Program Files (x86)\Cypress\PSoC Creator\4.4\PSoC Creator\1\LWO3.cydsn\Generated_Source\PSoC4\cy_em_eeprom.c **** * the EEPROM storage should not be read while the EEPROM erase is not completed.
 626:C:\Program Files (x86)\Cypress\PSoC Creator\4.4\PSoC Creator\1\LWO3.cydsn\Generated_Source\PSoC4\cy_em_eeprom.c **** * The read also means the user code execution from the respective flash macro.
 627:C:\Program Files (x86)\Cypress\PSoC Creator\4.4\PSoC Creator\1\LWO3.cydsn\Generated_Source\PSoC4\cy_em_eeprom.c **** *
 628:C:\Program Files (x86)\Cypress\PSoC Creator\4.4\PSoC Creator\1\LWO3.cydsn\Generated_Source\PSoC4\cy_em_eeprom.c **** *******************************************************************************/
 629:C:\Program Files (x86)\Cypress\PSoC Creator\4.4\PSoC Creator\1\LWO3.cydsn\Generated_Source\PSoC4\cy_em_eeprom.c **** cy_en_em_eeprom_status_t Cy_Em_EEPROM_Erase(cy_stc_eeprom_context_t * context)
 630:C:\Program Files (x86)\Cypress\PSoC Creator\4.4\PSoC Creator\1\LWO3.cydsn\Generated_Source\PSoC4\cy_em_eeprom.c **** {
 631:C:\Program Files (x86)\Cypress\PSoC Creator\4.4\PSoC Creator\1\LWO3.cydsn\Generated_Source\PSoC4\cy_em_eeprom.c ****     uint32 i;
 632:C:\Program Files (x86)\Cypress\PSoC Creator\4.4\PSoC Creator\1\LWO3.cydsn\Generated_Source\PSoC4\cy_em_eeprom.c ****     uint32 seqNum;
 633:C:\Program Files (x86)\Cypress\PSoC Creator\4.4\PSoC Creator\1\LWO3.cydsn\Generated_Source\PSoC4\cy_em_eeprom.c ****     uint32 emEepromRowAddr = context->lastWrRowAddr;
 634:C:\Program Files (x86)\Cypress\PSoC Creator\4.4\PSoC Creator\1\LWO3.cydsn\Generated_Source\PSoC4\cy_em_eeprom.c ****     uint32 emEepromRowRdAddr;
 635:C:\Program Files (x86)\Cypress\PSoC Creator\4.4\PSoC Creator\1\LWO3.cydsn\Generated_Source\PSoC4\cy_em_eeprom.c ****     cy_en_em_eeprom_status_t ret = CY_EM_EEPROM_WRITE_FAIL;
 636:C:\Program Files (x86)\Cypress\PSoC Creator\4.4\PSoC Creator\1\LWO3.cydsn\Generated_Source\PSoC4\cy_em_eeprom.c ****     uint32 writeRamBuffer[CY_EM_EEPROM_FLASH_SIZEOF_ROW / CY_EM_EEPROM_U32_DIV] = {0u};
 637:C:\Program Files (x86)\Cypress\PSoC Creator\4.4\PSoC Creator\1\LWO3.cydsn\Generated_Source\PSoC4\cy_em_eeprom.c **** #if (CY_PSOC6)
 638:C:\Program Files (x86)\Cypress\PSoC Creator\4.4\PSoC Creator\1\LWO3.cydsn\Generated_Source\PSoC4\cy_em_eeprom.c ****     uint32 emEepromStoredRowAddr = context->lastWrRowAddr;
 639:C:\Program Files (x86)\Cypress\PSoC Creator\4.4\PSoC Creator\1\LWO3.cydsn\Generated_Source\PSoC4\cy_em_eeprom.c ****     uint32 storedSeqNum;
 640:C:\Program Files (x86)\Cypress\PSoC Creator\4.4\PSoC Creator\1\LWO3.cydsn\Generated_Source\PSoC4\cy_em_eeprom.c **** #endif /* (!CY_PSOC6) */
 641:C:\Program Files (x86)\Cypress\PSoC Creator\4.4\PSoC Creator\1\LWO3.cydsn\Generated_Source\PSoC4\cy_em_eeprom.c **** 
 642:C:\Program Files (x86)\Cypress\PSoC Creator\4.4\PSoC Creator\1\LWO3.cydsn\Generated_Source\PSoC4\cy_em_eeprom.c ****     /* Get the sequence number of the last written row */
 643:C:\Program Files (x86)\Cypress\PSoC Creator\4.4\PSoC Creator\1\LWO3.cydsn\Generated_Source\PSoC4\cy_em_eeprom.c ****     seqNum = CY_EM_EEPROM_GET_SEQ_NUM(emEepromRowAddr);
 644:C:\Program Files (x86)\Cypress\PSoC Creator\4.4\PSoC Creator\1\LWO3.cydsn\Generated_Source\PSoC4\cy_em_eeprom.c **** 
 645:C:\Program Files (x86)\Cypress\PSoC Creator\4.4\PSoC Creator\1\LWO3.cydsn\Generated_Source\PSoC4\cy_em_eeprom.c ****     /* If there were no writes to EEPROM - nothing to erase */
 646:C:\Program Files (x86)\Cypress\PSoC Creator\4.4\PSoC Creator\1\LWO3.cydsn\Generated_Source\PSoC4\cy_em_eeprom.c ****     if(0u != seqNum)
 647:C:\Program Files (x86)\Cypress\PSoC Creator\4.4\PSoC Creator\1\LWO3.cydsn\Generated_Source\PSoC4\cy_em_eeprom.c ****     {
 648:C:\Program Files (x86)\Cypress\PSoC Creator\4.4\PSoC Creator\1\LWO3.cydsn\Generated_Source\PSoC4\cy_em_eeprom.c ****         /* Calculate the number of row erase operations required */
 649:C:\Program Files (x86)\Cypress\PSoC Creator\4.4\PSoC Creator\1\LWO3.cydsn\Generated_Source\PSoC4\cy_em_eeprom.c ****         uint32 numWrites = context->numberOfRows * context->wearLevelingFactor;
 650:C:\Program Files (x86)\Cypress\PSoC Creator\4.4\PSoC Creator\1\LWO3.cydsn\Generated_Source\PSoC4\cy_em_eeprom.c **** 
 651:C:\Program Files (x86)\Cypress\PSoC Creator\4.4\PSoC Creator\1\LWO3.cydsn\Generated_Source\PSoC4\cy_em_eeprom.c ****     #if (CY_PSOC6)
 652:C:\Program Files (x86)\Cypress\PSoC Creator\4.4\PSoC Creator\1\LWO3.cydsn\Generated_Source\PSoC4\cy_em_eeprom.c ****         GetNextRowToWrite(seqNum, &emEepromStoredRowAddr, &emEepromRowRdAddr, context);
 653:C:\Program Files (x86)\Cypress\PSoC Creator\4.4\PSoC Creator\1\LWO3.cydsn\Generated_Source\PSoC4\cy_em_eeprom.c ****         storedSeqNum = seqNum + 1u;
 654:C:\Program Files (x86)\Cypress\PSoC Creator\4.4\PSoC Creator\1\LWO3.cydsn\Generated_Source\PSoC4\cy_em_eeprom.c ****     #endif /* (CY_PSOC6) */
 655:C:\Program Files (x86)\Cypress\PSoC Creator\4.4\PSoC Creator\1\LWO3.cydsn\Generated_Source\PSoC4\cy_em_eeprom.c **** 
 656:C:\Program Files (x86)\Cypress\PSoC Creator\4.4\PSoC Creator\1\LWO3.cydsn\Generated_Source\PSoC4\cy_em_eeprom.c ****         if(0u != context->redundantCopy)
 657:C:\Program Files (x86)\Cypress\PSoC Creator\4.4\PSoC Creator\1\LWO3.cydsn\Generated_Source\PSoC4\cy_em_eeprom.c ****         {
 658:C:\Program Files (x86)\Cypress\PSoC Creator\4.4\PSoC Creator\1\LWO3.cydsn\Generated_Source\PSoC4\cy_em_eeprom.c ****             writeRamBuffer[CY_EM_EEPROM_HEADER_CHECKSUM_OFFSET_U32] = (uint32)
ARM GAS  C:\Users\taips\AppData\Local\Temp\ccZaQHee.s 			page 13


 659:C:\Program Files (x86)\Cypress\PSoC Creator\4.4\PSoC Creator\1\LWO3.cydsn\Generated_Source\PSoC4\cy_em_eeprom.c ****                         CalcChecksum((uint8 *) &writeRamBuffer[CY_EM_EEPROM_EEPROM_DATA_OFFSET_U32]
 660:C:\Program Files (x86)\Cypress\PSoC Creator\4.4\PSoC Creator\1\LWO3.cydsn\Generated_Source\PSoC4\cy_em_eeprom.c ****                                                   CY_EM_EEPROM_EEPROM_DATA_LEN);
 661:C:\Program Files (x86)\Cypress\PSoC Creator\4.4\PSoC Creator\1\LWO3.cydsn\Generated_Source\PSoC4\cy_em_eeprom.c ****         }
 662:C:\Program Files (x86)\Cypress\PSoC Creator\4.4\PSoC Creator\1\LWO3.cydsn\Generated_Source\PSoC4\cy_em_eeprom.c **** 
 663:C:\Program Files (x86)\Cypress\PSoC Creator\4.4\PSoC Creator\1\LWO3.cydsn\Generated_Source\PSoC4\cy_em_eeprom.c ****         for(i = 0u; i < numWrites; i++)
 664:C:\Program Files (x86)\Cypress\PSoC Creator\4.4\PSoC Creator\1\LWO3.cydsn\Generated_Source\PSoC4\cy_em_eeprom.c ****         {
 665:C:\Program Files (x86)\Cypress\PSoC Creator\4.4\PSoC Creator\1\LWO3.cydsn\Generated_Source\PSoC4\cy_em_eeprom.c ****         #if (CY_PSOC6)
 666:C:\Program Files (x86)\Cypress\PSoC Creator\4.4\PSoC Creator\1\LWO3.cydsn\Generated_Source\PSoC4\cy_em_eeprom.c ****             /* For PSoC 6 the erase operation moves backwards. From last written row
 667:C:\Program Files (x86)\Cypress\PSoC Creator\4.4\PSoC Creator\1\LWO3.cydsn\Generated_Source\PSoC4\cy_em_eeprom.c ****             * identified by "seqNum" down to "seqNum" - "numWrites". If "emEepromRowAddr"
 668:C:\Program Files (x86)\Cypress\PSoC Creator\4.4\PSoC Creator\1\LWO3.cydsn\Generated_Source\PSoC4\cy_em_eeprom.c ****             * is zero this means that the row identified by "seqNum" was previously 
 669:C:\Program Files (x86)\Cypress\PSoC Creator\4.4\PSoC Creator\1\LWO3.cydsn\Generated_Source\PSoC4\cy_em_eeprom.c ****             * erased.
 670:C:\Program Files (x86)\Cypress\PSoC Creator\4.4\PSoC Creator\1\LWO3.cydsn\Generated_Source\PSoC4\cy_em_eeprom.c ****             */
 671:C:\Program Files (x86)\Cypress\PSoC Creator\4.4\PSoC Creator\1\LWO3.cydsn\Generated_Source\PSoC4\cy_em_eeprom.c ****             if(0u != emEepromRowAddr)
 672:C:\Program Files (x86)\Cypress\PSoC Creator\4.4\PSoC Creator\1\LWO3.cydsn\Generated_Source\PSoC4\cy_em_eeprom.c ****             {
 673:C:\Program Files (x86)\Cypress\PSoC Creator\4.4\PSoC Creator\1\LWO3.cydsn\Generated_Source\PSoC4\cy_em_eeprom.c ****                 ret = EraseRow(emEepromRowAddr, (uint32)writeRamBuffer, context);
 674:C:\Program Files (x86)\Cypress\PSoC Creator\4.4\PSoC Creator\1\LWO3.cydsn\Generated_Source\PSoC4\cy_em_eeprom.c ****             }
 675:C:\Program Files (x86)\Cypress\PSoC Creator\4.4\PSoC Creator\1\LWO3.cydsn\Generated_Source\PSoC4\cy_em_eeprom.c **** 
 676:C:\Program Files (x86)\Cypress\PSoC Creator\4.4\PSoC Creator\1\LWO3.cydsn\Generated_Source\PSoC4\cy_em_eeprom.c ****             seqNum--;
 677:C:\Program Files (x86)\Cypress\PSoC Creator\4.4\PSoC Creator\1\LWO3.cydsn\Generated_Source\PSoC4\cy_em_eeprom.c **** 
 678:C:\Program Files (x86)\Cypress\PSoC Creator\4.4\PSoC Creator\1\LWO3.cydsn\Generated_Source\PSoC4\cy_em_eeprom.c ****             if(0u == seqNum)
 679:C:\Program Files (x86)\Cypress\PSoC Creator\4.4\PSoC Creator\1\LWO3.cydsn\Generated_Source\PSoC4\cy_em_eeprom.c ****             {
 680:C:\Program Files (x86)\Cypress\PSoC Creator\4.4\PSoC Creator\1\LWO3.cydsn\Generated_Source\PSoC4\cy_em_eeprom.c ****                 /* Exit the loop as there is no more row is EEPROM to be erased */
 681:C:\Program Files (x86)\Cypress\PSoC Creator\4.4\PSoC Creator\1\LWO3.cydsn\Generated_Source\PSoC4\cy_em_eeprom.c ****                 break;
 682:C:\Program Files (x86)\Cypress\PSoC Creator\4.4\PSoC Creator\1\LWO3.cydsn\Generated_Source\PSoC4\cy_em_eeprom.c ****             }
 683:C:\Program Files (x86)\Cypress\PSoC Creator\4.4\PSoC Creator\1\LWO3.cydsn\Generated_Source\PSoC4\cy_em_eeprom.c ****             emEepromRowAddr = GetRowAddrBySeqNum(seqNum, context);
 684:C:\Program Files (x86)\Cypress\PSoC Creator\4.4\PSoC Creator\1\LWO3.cydsn\Generated_Source\PSoC4\cy_em_eeprom.c ****         #else
 685:C:\Program Files (x86)\Cypress\PSoC Creator\4.4\PSoC Creator\1\LWO3.cydsn\Generated_Source\PSoC4\cy_em_eeprom.c ****             seqNum = CY_EM_EEPROM_GET_SEQ_NUM(emEepromRowAddr);
 686:C:\Program Files (x86)\Cypress\PSoC Creator\4.4\PSoC Creator\1\LWO3.cydsn\Generated_Source\PSoC4\cy_em_eeprom.c ****             /* Get the address of the row to be erased. "emEepromRowAddr" may be updated
 687:C:\Program Files (x86)\Cypress\PSoC Creator\4.4\PSoC Creator\1\LWO3.cydsn\Generated_Source\PSoC4\cy_em_eeprom.c ****             * with the proper address (if wear leveling is used).
 688:C:\Program Files (x86)\Cypress\PSoC Creator\4.4\PSoC Creator\1\LWO3.cydsn\Generated_Source\PSoC4\cy_em_eeprom.c ****             */
 689:C:\Program Files (x86)\Cypress\PSoC Creator\4.4\PSoC Creator\1\LWO3.cydsn\Generated_Source\PSoC4\cy_em_eeprom.c ****             GetNextRowToWrite(seqNum, &emEepromRowAddr, &emEepromRowRdAddr, context);
 690:C:\Program Files (x86)\Cypress\PSoC Creator\4.4\PSoC Creator\1\LWO3.cydsn\Generated_Source\PSoC4\cy_em_eeprom.c ****             seqNum++;
 691:C:\Program Files (x86)\Cypress\PSoC Creator\4.4\PSoC Creator\1\LWO3.cydsn\Generated_Source\PSoC4\cy_em_eeprom.c ****             writeRamBuffer[0u] = seqNum;
 692:C:\Program Files (x86)\Cypress\PSoC Creator\4.4\PSoC Creator\1\LWO3.cydsn\Generated_Source\PSoC4\cy_em_eeprom.c ****             ret = EraseRow(emEepromRowAddr, (uint32)writeRamBuffer, context);
 693:C:\Program Files (x86)\Cypress\PSoC Creator\4.4\PSoC Creator\1\LWO3.cydsn\Generated_Source\PSoC4\cy_em_eeprom.c ****         #endif /* (CY_PSOC6) */
 694:C:\Program Files (x86)\Cypress\PSoC Creator\4.4\PSoC Creator\1\LWO3.cydsn\Generated_Source\PSoC4\cy_em_eeprom.c ****         }
 695:C:\Program Files (x86)\Cypress\PSoC Creator\4.4\PSoC Creator\1\LWO3.cydsn\Generated_Source\PSoC4\cy_em_eeprom.c **** 
 696:C:\Program Files (x86)\Cypress\PSoC Creator\4.4\PSoC Creator\1\LWO3.cydsn\Generated_Source\PSoC4\cy_em_eeprom.c ****     #if (CY_PSOC6)
 697:C:\Program Files (x86)\Cypress\PSoC Creator\4.4\PSoC Creator\1\LWO3.cydsn\Generated_Source\PSoC4\cy_em_eeprom.c ****         if(CY_EM_EEPROM_SUCCESS == ret)
 698:C:\Program Files (x86)\Cypress\PSoC Creator\4.4\PSoC Creator\1\LWO3.cydsn\Generated_Source\PSoC4\cy_em_eeprom.c ****         {
 699:C:\Program Files (x86)\Cypress\PSoC Creator\4.4\PSoC Creator\1\LWO3.cydsn\Generated_Source\PSoC4\cy_em_eeprom.c ****             writeRamBuffer[0u] = storedSeqNum;
 700:C:\Program Files (x86)\Cypress\PSoC Creator\4.4\PSoC Creator\1\LWO3.cydsn\Generated_Source\PSoC4\cy_em_eeprom.c **** 
 701:C:\Program Files (x86)\Cypress\PSoC Creator\4.4\PSoC Creator\1\LWO3.cydsn\Generated_Source\PSoC4\cy_em_eeprom.c ****             /* Write the previously stored sequence number to the flash row which would be
 702:C:\Program Files (x86)\Cypress\PSoC Creator\4.4\PSoC Creator\1\LWO3.cydsn\Generated_Source\PSoC4\cy_em_eeprom.c ****             * written next if the erase wouldn't happen. In this case the write to
 703:C:\Program Files (x86)\Cypress\PSoC Creator\4.4\PSoC Creator\1\LWO3.cydsn\Generated_Source\PSoC4\cy_em_eeprom.c ****             * redundant copy can be skipped as it does not add any value.
 704:C:\Program Files (x86)\Cypress\PSoC Creator\4.4\PSoC Creator\1\LWO3.cydsn\Generated_Source\PSoC4\cy_em_eeprom.c ****             */
 705:C:\Program Files (x86)\Cypress\PSoC Creator\4.4\PSoC Creator\1\LWO3.cydsn\Generated_Source\PSoC4\cy_em_eeprom.c ****             ret = WriteRow(emEepromStoredRowAddr, writeRamBuffer, context);
 706:C:\Program Files (x86)\Cypress\PSoC Creator\4.4\PSoC Creator\1\LWO3.cydsn\Generated_Source\PSoC4\cy_em_eeprom.c **** 
 707:C:\Program Files (x86)\Cypress\PSoC Creator\4.4\PSoC Creator\1\LWO3.cydsn\Generated_Source\PSoC4\cy_em_eeprom.c ****             if(CY_EM_EEPROM_SUCCESS == ret)
 708:C:\Program Files (x86)\Cypress\PSoC Creator\4.4\PSoC Creator\1\LWO3.cydsn\Generated_Source\PSoC4\cy_em_eeprom.c ****             {
 709:C:\Program Files (x86)\Cypress\PSoC Creator\4.4\PSoC Creator\1\LWO3.cydsn\Generated_Source\PSoC4\cy_em_eeprom.c ****                 context->lastWrRowAddr = emEepromStoredRowAddr;
 710:C:\Program Files (x86)\Cypress\PSoC Creator\4.4\PSoC Creator\1\LWO3.cydsn\Generated_Source\PSoC4\cy_em_eeprom.c ****             }
 711:C:\Program Files (x86)\Cypress\PSoC Creator\4.4\PSoC Creator\1\LWO3.cydsn\Generated_Source\PSoC4\cy_em_eeprom.c ****         }
 712:C:\Program Files (x86)\Cypress\PSoC Creator\4.4\PSoC Creator\1\LWO3.cydsn\Generated_Source\PSoC4\cy_em_eeprom.c ****     #endif /* (CY_PSOC6) */
 713:C:\Program Files (x86)\Cypress\PSoC Creator\4.4\PSoC Creator\1\LWO3.cydsn\Generated_Source\PSoC4\cy_em_eeprom.c **** 
 714:C:\Program Files (x86)\Cypress\PSoC Creator\4.4\PSoC Creator\1\LWO3.cydsn\Generated_Source\PSoC4\cy_em_eeprom.c ****     }
 715:C:\Program Files (x86)\Cypress\PSoC Creator\4.4\PSoC Creator\1\LWO3.cydsn\Generated_Source\PSoC4\cy_em_eeprom.c ****     return(ret);
ARM GAS  C:\Users\taips\AppData\Local\Temp\ccZaQHee.s 			page 14


 716:C:\Program Files (x86)\Cypress\PSoC Creator\4.4\PSoC Creator\1\LWO3.cydsn\Generated_Source\PSoC4\cy_em_eeprom.c **** }
 717:C:\Program Files (x86)\Cypress\PSoC Creator\4.4\PSoC Creator\1\LWO3.cydsn\Generated_Source\PSoC4\cy_em_eeprom.c **** 
 718:C:\Program Files (x86)\Cypress\PSoC Creator\4.4\PSoC Creator\1\LWO3.cydsn\Generated_Source\PSoC4\cy_em_eeprom.c **** 
 719:C:\Program Files (x86)\Cypress\PSoC Creator\4.4\PSoC Creator\1\LWO3.cydsn\Generated_Source\PSoC4\cy_em_eeprom.c **** /*******************************************************************************
 720:C:\Program Files (x86)\Cypress\PSoC Creator\4.4\PSoC Creator\1\LWO3.cydsn\Generated_Source\PSoC4\cy_em_eeprom.c **** * Function Name: Cy_Em_EEPROM_NumWrites
 721:C:\Program Files (x86)\Cypress\PSoC Creator\4.4\PSoC Creator\1\LWO3.cydsn\Generated_Source\PSoC4\cy_em_eeprom.c **** ****************************************************************************//**
 722:C:\Program Files (x86)\Cypress\PSoC Creator\4.4\PSoC Creator\1\LWO3.cydsn\Generated_Source\PSoC4\cy_em_eeprom.c **** *
 723:C:\Program Files (x86)\Cypress\PSoC Creator\4.4\PSoC Creator\1\LWO3.cydsn\Generated_Source\PSoC4\cy_em_eeprom.c **** * Returns the number of the EEPROM writes completed so far.
 724:C:\Program Files (x86)\Cypress\PSoC Creator\4.4\PSoC Creator\1\LWO3.cydsn\Generated_Source\PSoC4\cy_em_eeprom.c **** *
 725:C:\Program Files (x86)\Cypress\PSoC Creator\4.4\PSoC Creator\1\LWO3.cydsn\Generated_Source\PSoC4\cy_em_eeprom.c **** * \param context
 726:C:\Program Files (x86)\Cypress\PSoC Creator\4.4\PSoC Creator\1\LWO3.cydsn\Generated_Source\PSoC4\cy_em_eeprom.c **** * The pointer to the EEPROM context structure \ref cy_stc_eeprom_context_t.
 727:C:\Program Files (x86)\Cypress\PSoC Creator\4.4\PSoC Creator\1\LWO3.cydsn\Generated_Source\PSoC4\cy_em_eeprom.c **** *
 728:C:\Program Files (x86)\Cypress\PSoC Creator\4.4\PSoC Creator\1\LWO3.cydsn\Generated_Source\PSoC4\cy_em_eeprom.c **** * \return
 729:C:\Program Files (x86)\Cypress\PSoC Creator\4.4\PSoC Creator\1\LWO3.cydsn\Generated_Source\PSoC4\cy_em_eeprom.c **** * The number of writes performed to the EEPROM.
 730:C:\Program Files (x86)\Cypress\PSoC Creator\4.4\PSoC Creator\1\LWO3.cydsn\Generated_Source\PSoC4\cy_em_eeprom.c **** *
 731:C:\Program Files (x86)\Cypress\PSoC Creator\4.4\PSoC Creator\1\LWO3.cydsn\Generated_Source\PSoC4\cy_em_eeprom.c **** *******************************************************************************/
 732:C:\Program Files (x86)\Cypress\PSoC Creator\4.4\PSoC Creator\1\LWO3.cydsn\Generated_Source\PSoC4\cy_em_eeprom.c **** uint32 Cy_Em_EEPROM_NumWrites(cy_stc_eeprom_context_t * context)
 733:C:\Program Files (x86)\Cypress\PSoC Creator\4.4\PSoC Creator\1\LWO3.cydsn\Generated_Source\PSoC4\cy_em_eeprom.c **** {
 734:C:\Program Files (x86)\Cypress\PSoC Creator\4.4\PSoC Creator\1\LWO3.cydsn\Generated_Source\PSoC4\cy_em_eeprom.c ****     return(CY_EM_EEPROM_GET_SEQ_NUM(context->lastWrRowAddr));
 735:C:\Program Files (x86)\Cypress\PSoC Creator\4.4\PSoC Creator\1\LWO3.cydsn\Generated_Source\PSoC4\cy_em_eeprom.c **** }
 736:C:\Program Files (x86)\Cypress\PSoC Creator\4.4\PSoC Creator\1\LWO3.cydsn\Generated_Source\PSoC4\cy_em_eeprom.c **** 
 737:C:\Program Files (x86)\Cypress\PSoC Creator\4.4\PSoC Creator\1\LWO3.cydsn\Generated_Source\PSoC4\cy_em_eeprom.c **** /** \} */
 738:C:\Program Files (x86)\Cypress\PSoC Creator\4.4\PSoC Creator\1\LWO3.cydsn\Generated_Source\PSoC4\cy_em_eeprom.c **** 
 739:C:\Program Files (x86)\Cypress\PSoC Creator\4.4\PSoC Creator\1\LWO3.cydsn\Generated_Source\PSoC4\cy_em_eeprom.c **** /** \cond INTERNAL */
 740:C:\Program Files (x86)\Cypress\PSoC Creator\4.4\PSoC Creator\1\LWO3.cydsn\Generated_Source\PSoC4\cy_em_eeprom.c **** 
 741:C:\Program Files (x86)\Cypress\PSoC Creator\4.4\PSoC Creator\1\LWO3.cydsn\Generated_Source\PSoC4\cy_em_eeprom.c **** 
 742:C:\Program Files (x86)\Cypress\PSoC Creator\4.4\PSoC Creator\1\LWO3.cydsn\Generated_Source\PSoC4\cy_em_eeprom.c **** /*******************************************************************************
 743:C:\Program Files (x86)\Cypress\PSoC Creator\4.4\PSoC Creator\1\LWO3.cydsn\Generated_Source\PSoC4\cy_em_eeprom.c **** * Function Name: FindLastWrittenRow
 744:C:\Program Files (x86)\Cypress\PSoC Creator\4.4\PSoC Creator\1\LWO3.cydsn\Generated_Source\PSoC4\cy_em_eeprom.c **** ****************************************************************************//**
 745:C:\Program Files (x86)\Cypress\PSoC Creator\4.4\PSoC Creator\1\LWO3.cydsn\Generated_Source\PSoC4\cy_em_eeprom.c **** *
 746:C:\Program Files (x86)\Cypress\PSoC Creator\4.4\PSoC Creator\1\LWO3.cydsn\Generated_Source\PSoC4\cy_em_eeprom.c **** * Performs a search of the last written row address of the EEPROM associated
 747:C:\Program Files (x86)\Cypress\PSoC Creator\4.4\PSoC Creator\1\LWO3.cydsn\Generated_Source\PSoC4\cy_em_eeprom.c **** * with the context structure. If there were no writes to the EEPROM the
 748:C:\Program Files (x86)\Cypress\PSoC Creator\4.4\PSoC Creator\1\LWO3.cydsn\Generated_Source\PSoC4\cy_em_eeprom.c **** * function returns the start address of the EEPROM. The row address is returned
 749:C:\Program Files (x86)\Cypress\PSoC Creator\4.4\PSoC Creator\1\LWO3.cydsn\Generated_Source\PSoC4\cy_em_eeprom.c **** * in the input parameter.
 750:C:\Program Files (x86)\Cypress\PSoC Creator\4.4\PSoC Creator\1\LWO3.cydsn\Generated_Source\PSoC4\cy_em_eeprom.c **** *
 751:C:\Program Files (x86)\Cypress\PSoC Creator\4.4\PSoC Creator\1\LWO3.cydsn\Generated_Source\PSoC4\cy_em_eeprom.c **** * \param lastWrRowPtr
 752:C:\Program Files (x86)\Cypress\PSoC Creator\4.4\PSoC Creator\1\LWO3.cydsn\Generated_Source\PSoC4\cy_em_eeprom.c **** * The pointer to a memory where the last written row will be returned.
 753:C:\Program Files (x86)\Cypress\PSoC Creator\4.4\PSoC Creator\1\LWO3.cydsn\Generated_Source\PSoC4\cy_em_eeprom.c **** *
 754:C:\Program Files (x86)\Cypress\PSoC Creator\4.4\PSoC Creator\1\LWO3.cydsn\Generated_Source\PSoC4\cy_em_eeprom.c **** * \param context
 755:C:\Program Files (x86)\Cypress\PSoC Creator\4.4\PSoC Creator\1\LWO3.cydsn\Generated_Source\PSoC4\cy_em_eeprom.c **** * The pointer to the EEPROM context structure \ref cy_stc_eeprom_context_t.
 756:C:\Program Files (x86)\Cypress\PSoC Creator\4.4\PSoC Creator\1\LWO3.cydsn\Generated_Source\PSoC4\cy_em_eeprom.c **** *
 757:C:\Program Files (x86)\Cypress\PSoC Creator\4.4\PSoC Creator\1\LWO3.cydsn\Generated_Source\PSoC4\cy_em_eeprom.c **** *******************************************************************************/
 758:C:\Program Files (x86)\Cypress\PSoC Creator\4.4\PSoC Creator\1\LWO3.cydsn\Generated_Source\PSoC4\cy_em_eeprom.c **** static void FindLastWrittenRow(uint32 * lastWrRowPtr, cy_stc_eeprom_context_t * context)
 759:C:\Program Files (x86)\Cypress\PSoC Creator\4.4\PSoC Creator\1\LWO3.cydsn\Generated_Source\PSoC4\cy_em_eeprom.c **** {
  27              		.loc 1 759 0
  28              		.cfi_startproc
  29              		@ args = 0, pretend = 0, frame = 0
  30              		@ frame_needed = 0, uses_anonymous_args = 0
  31              	.LVL0:
  32 0000 70B5     		push	{r4, r5, r6, lr}
  33              		.cfi_def_cfa_offset 16
  34              		.cfi_offset 4, -16
  35              		.cfi_offset 5, -12
  36              		.cfi_offset 6, -8
  37              		.cfi_offset 14, -4
  38              	.LVL1:
 760:C:\Program Files (x86)\Cypress\PSoC Creator\4.4\PSoC Creator\1\LWO3.cydsn\Generated_Source\PSoC4\cy_em_eeprom.c ****     uint32 seqNum = 0u;
ARM GAS  C:\Users\taips\AppData\Local\Temp\ccZaQHee.s 			page 15


 761:C:\Program Files (x86)\Cypress\PSoC Creator\4.4\PSoC Creator\1\LWO3.cydsn\Generated_Source\PSoC4\cy_em_eeprom.c ****     uint32 prevSeqNum = 0u;
 762:C:\Program Files (x86)\Cypress\PSoC Creator\4.4\PSoC Creator\1\LWO3.cydsn\Generated_Source\PSoC4\cy_em_eeprom.c ****     uint32 numRows;
 763:C:\Program Files (x86)\Cypress\PSoC Creator\4.4\PSoC Creator\1\LWO3.cydsn\Generated_Source\PSoC4\cy_em_eeprom.c ****     uint32 emEepromAddr = context->userFlashStartAddr;
  39              		.loc 1 763 0
  40 0002 8A69     		ldr	r2, [r1, #24]
  41              	.LVL2:
 764:C:\Program Files (x86)\Cypress\PSoC Creator\4.4\PSoC Creator\1\LWO3.cydsn\Generated_Source\PSoC4\cy_em_eeprom.c **** 
 765:C:\Program Files (x86)\Cypress\PSoC Creator\4.4\PSoC Creator\1\LWO3.cydsn\Generated_Source\PSoC4\cy_em_eeprom.c ****     *lastWrRowPtr = emEepromAddr;
  42              		.loc 1 765 0
  43 0004 0260     		str	r2, [r0]
  44              	.LVL3:
 766:C:\Program Files (x86)\Cypress\PSoC Creator\4.4\PSoC Creator\1\LWO3.cydsn\Generated_Source\PSoC4\cy_em_eeprom.c **** 
 767:C:\Program Files (x86)\Cypress\PSoC Creator\4.4\PSoC Creator\1\LWO3.cydsn\Generated_Source\PSoC4\cy_em_eeprom.c ****     for(numRows = 0u; numRows < (context->numberOfRows * context->wearLevelingFactor); numRows++)
  45              		.loc 1 767 0
  46 0006 0024     		movs	r4, #0
 761:C:\Program Files (x86)\Cypress\PSoC Creator\4.4\PSoC Creator\1\LWO3.cydsn\Generated_Source\PSoC4\cy_em_eeprom.c ****     uint32 numRows;
  47              		.loc 1 761 0
  48 0008 0025     		movs	r5, #0
  49              		.loc 1 767 0
  50 000a 08E0     		b	.L2
  51              	.LVL4:
  52              	.L4:
 768:C:\Program Files (x86)\Cypress\PSoC Creator\4.4\PSoC Creator\1\LWO3.cydsn\Generated_Source\PSoC4\cy_em_eeprom.c ****     {
 769:C:\Program Files (x86)\Cypress\PSoC Creator\4.4\PSoC Creator\1\LWO3.cydsn\Generated_Source\PSoC4\cy_em_eeprom.c ****         seqNum = CY_EM_EEPROM_GET_SEQ_NUM(emEepromAddr);
  53              		.loc 1 769 0
  54 000c 1368     		ldr	r3, [r2]
  55              	.LVL5:
 770:C:\Program Files (x86)\Cypress\PSoC Creator\4.4\PSoC Creator\1\LWO3.cydsn\Generated_Source\PSoC4\cy_em_eeprom.c ****         if((0u != seqNum) && (seqNum > prevSeqNum))
  56              		.loc 1 770 0
  57 000e 002B     		cmp	r3, #0
  58 0010 03D0     		beq	.L3
  59              		.loc 1 770 0 is_stmt 0 discriminator 1
  60 0012 9D42     		cmp	r5, r3
  61 0014 01D2     		bcs	.L3
  62              	.LVL6:
 771:C:\Program Files (x86)\Cypress\PSoC Creator\4.4\PSoC Creator\1\LWO3.cydsn\Generated_Source\PSoC4\cy_em_eeprom.c ****         {
 772:C:\Program Files (x86)\Cypress\PSoC Creator\4.4\PSoC Creator\1\LWO3.cydsn\Generated_Source\PSoC4\cy_em_eeprom.c ****             /* Some record in EEPROM was found. Store found sequence
 773:C:\Program Files (x86)\Cypress\PSoC Creator\4.4\PSoC Creator\1\LWO3.cydsn\Generated_Source\PSoC4\cy_em_eeprom.c ****             * number and row address.
 774:C:\Program Files (x86)\Cypress\PSoC Creator\4.4\PSoC Creator\1\LWO3.cydsn\Generated_Source\PSoC4\cy_em_eeprom.c ****             */
 775:C:\Program Files (x86)\Cypress\PSoC Creator\4.4\PSoC Creator\1\LWO3.cydsn\Generated_Source\PSoC4\cy_em_eeprom.c ****             prevSeqNum = seqNum;
 776:C:\Program Files (x86)\Cypress\PSoC Creator\4.4\PSoC Creator\1\LWO3.cydsn\Generated_Source\PSoC4\cy_em_eeprom.c ****             *lastWrRowPtr = emEepromAddr;
  63              		.loc 1 776 0 is_stmt 1
  64 0016 0260     		str	r2, [r0]
 775:C:\Program Files (x86)\Cypress\PSoC Creator\4.4\PSoC Creator\1\LWO3.cydsn\Generated_Source\PSoC4\cy_em_eeprom.c ****             *lastWrRowPtr = emEepromAddr;
  65              		.loc 1 775 0
  66 0018 1D00     		movs	r5, r3
  67              	.LVL7:
  68              	.L3:
 777:C:\Program Files (x86)\Cypress\PSoC Creator\4.4\PSoC Creator\1\LWO3.cydsn\Generated_Source\PSoC4\cy_em_eeprom.c ****         }
 778:C:\Program Files (x86)\Cypress\PSoC Creator\4.4\PSoC Creator\1\LWO3.cydsn\Generated_Source\PSoC4\cy_em_eeprom.c **** 
 779:C:\Program Files (x86)\Cypress\PSoC Creator\4.4\PSoC Creator\1\LWO3.cydsn\Generated_Source\PSoC4\cy_em_eeprom.c ****         /* Switch to the next row */
 780:C:\Program Files (x86)\Cypress\PSoC Creator\4.4\PSoC Creator\1\LWO3.cydsn\Generated_Source\PSoC4\cy_em_eeprom.c ****         emEepromAddr = emEepromAddr + CY_EM_EEPROM_FLASH_SIZEOF_ROW;
  69              		.loc 1 780 0 discriminator 2
  70 001a 8032     		adds	r2, r2, #128
  71              	.LVL8:
 767:C:\Program Files (x86)\Cypress\PSoC Creator\4.4\PSoC Creator\1\LWO3.cydsn\Generated_Source\PSoC4\cy_em_eeprom.c ****     {
  72              		.loc 1 767 0 discriminator 2
ARM GAS  C:\Users\taips\AppData\Local\Temp\ccZaQHee.s 			page 16


  73 001c 0134     		adds	r4, r4, #1
  74              	.LVL9:
  75              	.L2:
 767:C:\Program Files (x86)\Cypress\PSoC Creator\4.4\PSoC Creator\1\LWO3.cydsn\Generated_Source\PSoC4\cy_em_eeprom.c ****     {
  76              		.loc 1 767 0 is_stmt 0 discriminator 1
  77 001e 0B69     		ldr	r3, [r1, #16]
  78 0020 4E68     		ldr	r6, [r1, #4]
  79 0022 7343     		muls	r3, r6
  80 0024 9C42     		cmp	r4, r3
  81 0026 F1D3     		bcc	.L4
 781:C:\Program Files (x86)\Cypress\PSoC Creator\4.4\PSoC Creator\1\LWO3.cydsn\Generated_Source\PSoC4\cy_em_eeprom.c ****     }
 782:C:\Program Files (x86)\Cypress\PSoC Creator\4.4\PSoC Creator\1\LWO3.cydsn\Generated_Source\PSoC4\cy_em_eeprom.c **** }
  82              		.loc 1 782 0 is_stmt 1
  83              		@ sp needed
  84              	.LVL10:
  85              	.LVL11:
  86 0028 70BD     		pop	{r4, r5, r6, pc}
  87              		.cfi_endproc
  88              	.LFE5:
  89              		.size	FindLastWrittenRow, .-FindLastWrittenRow
  90 002a C046     		.section	.text.GetRowAddrBySeqNum,"ax",%progbits
  91              		.align	2
  92              		.code	16
  93              		.thumb_func
  94              		.type	GetRowAddrBySeqNum, %function
  95              	GetRowAddrBySeqNum:
  96              	.LFB6:
 783:C:\Program Files (x86)\Cypress\PSoC Creator\4.4\PSoC Creator\1\LWO3.cydsn\Generated_Source\PSoC4\cy_em_eeprom.c **** 
 784:C:\Program Files (x86)\Cypress\PSoC Creator\4.4\PSoC Creator\1\LWO3.cydsn\Generated_Source\PSoC4\cy_em_eeprom.c **** 
 785:C:\Program Files (x86)\Cypress\PSoC Creator\4.4\PSoC Creator\1\LWO3.cydsn\Generated_Source\PSoC4\cy_em_eeprom.c **** /*******************************************************************************
 786:C:\Program Files (x86)\Cypress\PSoC Creator\4.4\PSoC Creator\1\LWO3.cydsn\Generated_Source\PSoC4\cy_em_eeprom.c **** * Function Name: GetRowAddrBySeqNum
 787:C:\Program Files (x86)\Cypress\PSoC Creator\4.4\PSoC Creator\1\LWO3.cydsn\Generated_Source\PSoC4\cy_em_eeprom.c **** ****************************************************************************//**
 788:C:\Program Files (x86)\Cypress\PSoC Creator\4.4\PSoC Creator\1\LWO3.cydsn\Generated_Source\PSoC4\cy_em_eeprom.c **** *
 789:C:\Program Files (x86)\Cypress\PSoC Creator\4.4\PSoC Creator\1\LWO3.cydsn\Generated_Source\PSoC4\cy_em_eeprom.c **** * Returns the address of the row in EEPROM using its sequence number.
 790:C:\Program Files (x86)\Cypress\PSoC Creator\4.4\PSoC Creator\1\LWO3.cydsn\Generated_Source\PSoC4\cy_em_eeprom.c **** *
 791:C:\Program Files (x86)\Cypress\PSoC Creator\4.4\PSoC Creator\1\LWO3.cydsn\Generated_Source\PSoC4\cy_em_eeprom.c **** * \param seqNum
 792:C:\Program Files (x86)\Cypress\PSoC Creator\4.4\PSoC Creator\1\LWO3.cydsn\Generated_Source\PSoC4\cy_em_eeprom.c **** * The sequence number of the row.
 793:C:\Program Files (x86)\Cypress\PSoC Creator\4.4\PSoC Creator\1\LWO3.cydsn\Generated_Source\PSoC4\cy_em_eeprom.c **** *
 794:C:\Program Files (x86)\Cypress\PSoC Creator\4.4\PSoC Creator\1\LWO3.cydsn\Generated_Source\PSoC4\cy_em_eeprom.c **** * \param context
 795:C:\Program Files (x86)\Cypress\PSoC Creator\4.4\PSoC Creator\1\LWO3.cydsn\Generated_Source\PSoC4\cy_em_eeprom.c **** * The pointer to the EEPROM context structure.
 796:C:\Program Files (x86)\Cypress\PSoC Creator\4.4\PSoC Creator\1\LWO3.cydsn\Generated_Source\PSoC4\cy_em_eeprom.c **** *
 797:C:\Program Files (x86)\Cypress\PSoC Creator\4.4\PSoC Creator\1\LWO3.cydsn\Generated_Source\PSoC4\cy_em_eeprom.c **** * \return
 798:C:\Program Files (x86)\Cypress\PSoC Creator\4.4\PSoC Creator\1\LWO3.cydsn\Generated_Source\PSoC4\cy_em_eeprom.c **** * The address of the row or zero if the row with the sequence number was not
 799:C:\Program Files (x86)\Cypress\PSoC Creator\4.4\PSoC Creator\1\LWO3.cydsn\Generated_Source\PSoC4\cy_em_eeprom.c **** * found.
 800:C:\Program Files (x86)\Cypress\PSoC Creator\4.4\PSoC Creator\1\LWO3.cydsn\Generated_Source\PSoC4\cy_em_eeprom.c **** *
 801:C:\Program Files (x86)\Cypress\PSoC Creator\4.4\PSoC Creator\1\LWO3.cydsn\Generated_Source\PSoC4\cy_em_eeprom.c **** *******************************************************************************/
 802:C:\Program Files (x86)\Cypress\PSoC Creator\4.4\PSoC Creator\1\LWO3.cydsn\Generated_Source\PSoC4\cy_em_eeprom.c **** static uint32 GetRowAddrBySeqNum(uint32 seqNum, cy_stc_eeprom_context_t * context)
 803:C:\Program Files (x86)\Cypress\PSoC Creator\4.4\PSoC Creator\1\LWO3.cydsn\Generated_Source\PSoC4\cy_em_eeprom.c **** {
  97              		.loc 1 803 0
  98              		.cfi_startproc
  99              		@ args = 0, pretend = 0, frame = 0
 100              		@ frame_needed = 0, uses_anonymous_args = 0
 101              		@ link register save eliminated.
 102              	.LVL12:
 804:C:\Program Files (x86)\Cypress\PSoC Creator\4.4\PSoC Creator\1\LWO3.cydsn\Generated_Source\PSoC4\cy_em_eeprom.c ****     uint32 emEepromAddr = context->userFlashStartAddr;
 103              		.loc 1 804 0
 104 0000 8B69     		ldr	r3, [r1, #24]
ARM GAS  C:\Users\taips\AppData\Local\Temp\ccZaQHee.s 			page 17


 105              	.LVL13:
 805:C:\Program Files (x86)\Cypress\PSoC Creator\4.4\PSoC Creator\1\LWO3.cydsn\Generated_Source\PSoC4\cy_em_eeprom.c **** 
 806:C:\Program Files (x86)\Cypress\PSoC Creator\4.4\PSoC Creator\1\LWO3.cydsn\Generated_Source\PSoC4\cy_em_eeprom.c ****     while(CY_EM_EEPROM_GET_SEQ_NUM(emEepromAddr) != seqNum)
 106              		.loc 1 806 0
 107 0002 03E0     		b	.L6
 108              	.L8:
 807:C:\Program Files (x86)\Cypress\PSoC Creator\4.4\PSoC Creator\1\LWO3.cydsn\Generated_Source\PSoC4\cy_em_eeprom.c ****     {
 808:C:\Program Files (x86)\Cypress\PSoC Creator\4.4\PSoC Creator\1\LWO3.cydsn\Generated_Source\PSoC4\cy_em_eeprom.c ****         /* Switch to the next row */
 809:C:\Program Files (x86)\Cypress\PSoC Creator\4.4\PSoC Creator\1\LWO3.cydsn\Generated_Source\PSoC4\cy_em_eeprom.c ****         emEepromAddr = emEepromAddr + CY_EM_EEPROM_FLASH_SIZEOF_ROW;
 109              		.loc 1 809 0
 110 0004 8033     		adds	r3, r3, #128
 111              	.LVL14:
 810:C:\Program Files (x86)\Cypress\PSoC Creator\4.4\PSoC Creator\1\LWO3.cydsn\Generated_Source\PSoC4\cy_em_eeprom.c **** 
 811:C:\Program Files (x86)\Cypress\PSoC Creator\4.4\PSoC Creator\1\LWO3.cydsn\Generated_Source\PSoC4\cy_em_eeprom.c ****         if (CY_EM_EEPROM_ADDR_IN_RANGE !=
 112              		.loc 1 811 0
 113 0006 0A68     		ldr	r2, [r1]
 114 0008 9342     		cmp	r3, r2
 115 000a 03D2     		bcs	.L9
 116              	.L6:
 806:C:\Program Files (x86)\Cypress\PSoC Creator\4.4\PSoC Creator\1\LWO3.cydsn\Generated_Source\PSoC4\cy_em_eeprom.c ****     {
 117              		.loc 1 806 0
 118 000c 1A68     		ldr	r2, [r3]
 119 000e 8242     		cmp	r2, r0
 120 0010 F8D1     		bne	.L8
 121 0012 00E0     		b	.L7
 122              	.L9:
 812:C:\Program Files (x86)\Cypress\PSoC Creator\4.4\PSoC Creator\1\LWO3.cydsn\Generated_Source\PSoC4\cy_em_eeprom.c ****             CY_EM_EEPROM_IS_ADDR_EXCEED_RANGE(emEepromAddr, context->wlEndAddr))
 813:C:\Program Files (x86)\Cypress\PSoC Creator\4.4\PSoC Creator\1\LWO3.cydsn\Generated_Source\PSoC4\cy_em_eeprom.c ****         {
 814:C:\Program Files (x86)\Cypress\PSoC Creator\4.4\PSoC Creator\1\LWO3.cydsn\Generated_Source\PSoC4\cy_em_eeprom.c ****             emEepromAddr = 0u;
 123              		.loc 1 814 0
 124 0014 0023     		movs	r3, #0
 125              	.LVL15:
 126              	.L7:
 815:C:\Program Files (x86)\Cypress\PSoC Creator\4.4\PSoC Creator\1\LWO3.cydsn\Generated_Source\PSoC4\cy_em_eeprom.c ****             /* Exit the loop as we reached the end of EEPROM */
 816:C:\Program Files (x86)\Cypress\PSoC Creator\4.4\PSoC Creator\1\LWO3.cydsn\Generated_Source\PSoC4\cy_em_eeprom.c ****             break;
 817:C:\Program Files (x86)\Cypress\PSoC Creator\4.4\PSoC Creator\1\LWO3.cydsn\Generated_Source\PSoC4\cy_em_eeprom.c ****         }
 818:C:\Program Files (x86)\Cypress\PSoC Creator\4.4\PSoC Creator\1\LWO3.cydsn\Generated_Source\PSoC4\cy_em_eeprom.c ****     }
 819:C:\Program Files (x86)\Cypress\PSoC Creator\4.4\PSoC Creator\1\LWO3.cydsn\Generated_Source\PSoC4\cy_em_eeprom.c **** 
 820:C:\Program Files (x86)\Cypress\PSoC Creator\4.4\PSoC Creator\1\LWO3.cydsn\Generated_Source\PSoC4\cy_em_eeprom.c ****     return (emEepromAddr);
 821:C:\Program Files (x86)\Cypress\PSoC Creator\4.4\PSoC Creator\1\LWO3.cydsn\Generated_Source\PSoC4\cy_em_eeprom.c **** }
 127              		.loc 1 821 0
 128 0016 1800     		movs	r0, r3
 129              	.LVL16:
 130              		@ sp needed
 131 0018 7047     		bx	lr
 132              		.cfi_endproc
 133              	.LFE6:
 134              		.size	GetRowAddrBySeqNum, .-GetRowAddrBySeqNum
 135 001a C046     		.section	.text.GetNextRowToWrite,"ax",%progbits
 136              		.align	2
 137              		.code	16
 138              		.thumb_func
 139              		.type	GetNextRowToWrite, %function
 140              	GetNextRowToWrite:
 141              	.LFB7:
 822:C:\Program Files (x86)\Cypress\PSoC Creator\4.4\PSoC Creator\1\LWO3.cydsn\Generated_Source\PSoC4\cy_em_eeprom.c **** 
 823:C:\Program Files (x86)\Cypress\PSoC Creator\4.4\PSoC Creator\1\LWO3.cydsn\Generated_Source\PSoC4\cy_em_eeprom.c **** 
ARM GAS  C:\Users\taips\AppData\Local\Temp\ccZaQHee.s 			page 18


 824:C:\Program Files (x86)\Cypress\PSoC Creator\4.4\PSoC Creator\1\LWO3.cydsn\Generated_Source\PSoC4\cy_em_eeprom.c **** /*******************************************************************************
 825:C:\Program Files (x86)\Cypress\PSoC Creator\4.4\PSoC Creator\1\LWO3.cydsn\Generated_Source\PSoC4\cy_em_eeprom.c **** * Function Name: GetNextRowToWrite
 826:C:\Program Files (x86)\Cypress\PSoC Creator\4.4\PSoC Creator\1\LWO3.cydsn\Generated_Source\PSoC4\cy_em_eeprom.c **** ****************************************************************************//**
 827:C:\Program Files (x86)\Cypress\PSoC Creator\4.4\PSoC Creator\1\LWO3.cydsn\Generated_Source\PSoC4\cy_em_eeprom.c **** *
 828:C:\Program Files (x86)\Cypress\PSoC Creator\4.4\PSoC Creator\1\LWO3.cydsn\Generated_Source\PSoC4\cy_em_eeprom.c **** * Performs a range check of the row that should be written and updates the
 829:C:\Program Files (x86)\Cypress\PSoC Creator\4.4\PSoC Creator\1\LWO3.cydsn\Generated_Source\PSoC4\cy_em_eeprom.c **** * address to the row respectively. The similar actions are done for the read
 830:C:\Program Files (x86)\Cypress\PSoC Creator\4.4\PSoC Creator\1\LWO3.cydsn\Generated_Source\PSoC4\cy_em_eeprom.c **** * address.
 831:C:\Program Files (x86)\Cypress\PSoC Creator\4.4\PSoC Creator\1\LWO3.cydsn\Generated_Source\PSoC4\cy_em_eeprom.c **** *
 832:C:\Program Files (x86)\Cypress\PSoC Creator\4.4\PSoC Creator\1\LWO3.cydsn\Generated_Source\PSoC4\cy_em_eeprom.c **** * \param seqNum
 833:C:\Program Files (x86)\Cypress\PSoC Creator\4.4\PSoC Creator\1\LWO3.cydsn\Generated_Source\PSoC4\cy_em_eeprom.c **** * The sequence number of the last written row.
 834:C:\Program Files (x86)\Cypress\PSoC Creator\4.4\PSoC Creator\1\LWO3.cydsn\Generated_Source\PSoC4\cy_em_eeprom.c **** *
 835:C:\Program Files (x86)\Cypress\PSoC Creator\4.4\PSoC Creator\1\LWO3.cydsn\Generated_Source\PSoC4\cy_em_eeprom.c **** * \param rowToWrPtr
 836:C:\Program Files (x86)\Cypress\PSoC Creator\4.4\PSoC Creator\1\LWO3.cydsn\Generated_Source\PSoC4\cy_em_eeprom.c **** * The address of the last written row (input). The address of the row to be 
 837:C:\Program Files (x86)\Cypress\PSoC Creator\4.4\PSoC Creator\1\LWO3.cydsn\Generated_Source\PSoC4\cy_em_eeprom.c **** * written (output).
 838:C:\Program Files (x86)\Cypress\PSoC Creator\4.4\PSoC Creator\1\LWO3.cydsn\Generated_Source\PSoC4\cy_em_eeprom.c **** *
 839:C:\Program Files (x86)\Cypress\PSoC Creator\4.4\PSoC Creator\1\LWO3.cydsn\Generated_Source\PSoC4\cy_em_eeprom.c **** * \param rowToRdPtr
 840:C:\Program Files (x86)\Cypress\PSoC Creator\4.4\PSoC Creator\1\LWO3.cydsn\Generated_Source\PSoC4\cy_em_eeprom.c **** * The address of the row from which the data should be read into the RAM buffer
 841:C:\Program Files (x86)\Cypress\PSoC Creator\4.4\PSoC Creator\1\LWO3.cydsn\Generated_Source\PSoC4\cy_em_eeprom.c **** * in a later write operation. Out parameter.
 842:C:\Program Files (x86)\Cypress\PSoC Creator\4.4\PSoC Creator\1\LWO3.cydsn\Generated_Source\PSoC4\cy_em_eeprom.c **** *
 843:C:\Program Files (x86)\Cypress\PSoC Creator\4.4\PSoC Creator\1\LWO3.cydsn\Generated_Source\PSoC4\cy_em_eeprom.c **** * \param context
 844:C:\Program Files (x86)\Cypress\PSoC Creator\4.4\PSoC Creator\1\LWO3.cydsn\Generated_Source\PSoC4\cy_em_eeprom.c **** * The pointer to the EEPROM context structure \ref cy_stc_eeprom_context_t.
 845:C:\Program Files (x86)\Cypress\PSoC Creator\4.4\PSoC Creator\1\LWO3.cydsn\Generated_Source\PSoC4\cy_em_eeprom.c **** *
 846:C:\Program Files (x86)\Cypress\PSoC Creator\4.4\PSoC Creator\1\LWO3.cydsn\Generated_Source\PSoC4\cy_em_eeprom.c **** *******************************************************************************/
 847:C:\Program Files (x86)\Cypress\PSoC Creator\4.4\PSoC Creator\1\LWO3.cydsn\Generated_Source\PSoC4\cy_em_eeprom.c **** static void GetNextRowToWrite(uint32 seqNum,
 848:C:\Program Files (x86)\Cypress\PSoC Creator\4.4\PSoC Creator\1\LWO3.cydsn\Generated_Source\PSoC4\cy_em_eeprom.c ****                             uint32 * rowToWrPtr,
 849:C:\Program Files (x86)\Cypress\PSoC Creator\4.4\PSoC Creator\1\LWO3.cydsn\Generated_Source\PSoC4\cy_em_eeprom.c ****                             uint32 * rowToRdPtr,
 850:C:\Program Files (x86)\Cypress\PSoC Creator\4.4\PSoC Creator\1\LWO3.cydsn\Generated_Source\PSoC4\cy_em_eeprom.c ****                             cy_stc_eeprom_context_t * context)
 851:C:\Program Files (x86)\Cypress\PSoC Creator\4.4\PSoC Creator\1\LWO3.cydsn\Generated_Source\PSoC4\cy_em_eeprom.c **** {
 142              		.loc 1 851 0
 143              		.cfi_startproc
 144              		@ args = 0, pretend = 0, frame = 0
 145              		@ frame_needed = 0, uses_anonymous_args = 0
 146              	.LVL17:
 147 0000 30B5     		push	{r4, r5, lr}
 148              		.cfi_def_cfa_offset 12
 149              		.cfi_offset 4, -12
 150              		.cfi_offset 5, -8
 151              		.cfi_offset 14, -4
 852:C:\Program Files (x86)\Cypress\PSoC Creator\4.4\PSoC Creator\1\LWO3.cydsn\Generated_Source\PSoC4\cy_em_eeprom.c ****     /* Switch to the next row to be written if the current sequence number is
 853:C:\Program Files (x86)\Cypress\PSoC Creator\4.4\PSoC Creator\1\LWO3.cydsn\Generated_Source\PSoC4\cy_em_eeprom.c ****     * not zero.
 854:C:\Program Files (x86)\Cypress\PSoC Creator\4.4\PSoC Creator\1\LWO3.cydsn\Generated_Source\PSoC4\cy_em_eeprom.c ****     */
 855:C:\Program Files (x86)\Cypress\PSoC Creator\4.4\PSoC Creator\1\LWO3.cydsn\Generated_Source\PSoC4\cy_em_eeprom.c ****     if(0u != seqNum)
 152              		.loc 1 855 0
 153 0002 0028     		cmp	r0, #0
 154 0004 02D0     		beq	.L11
 856:C:\Program Files (x86)\Cypress\PSoC Creator\4.4\PSoC Creator\1\LWO3.cydsn\Generated_Source\PSoC4\cy_em_eeprom.c ****     {
 857:C:\Program Files (x86)\Cypress\PSoC Creator\4.4\PSoC Creator\1\LWO3.cydsn\Generated_Source\PSoC4\cy_em_eeprom.c ****         *rowToWrPtr = (*rowToWrPtr + CY_EM_EEPROM_FLASH_SIZEOF_ROW);
 155              		.loc 1 857 0
 156 0006 0C68     		ldr	r4, [r1]
 157 0008 8034     		adds	r4, r4, #128
 158 000a 0C60     		str	r4, [r1]
 159              	.L11:
 858:C:\Program Files (x86)\Cypress\PSoC Creator\4.4\PSoC Creator\1\LWO3.cydsn\Generated_Source\PSoC4\cy_em_eeprom.c ****     }
 859:C:\Program Files (x86)\Cypress\PSoC Creator\4.4\PSoC Creator\1\LWO3.cydsn\Generated_Source\PSoC4\cy_em_eeprom.c **** 
 860:C:\Program Files (x86)\Cypress\PSoC Creator\4.4\PSoC Creator\1\LWO3.cydsn\Generated_Source\PSoC4\cy_em_eeprom.c ****     /* If the resulting row address is out of EEPROM, then switch to the base
 861:C:\Program Files (x86)\Cypress\PSoC Creator\4.4\PSoC Creator\1\LWO3.cydsn\Generated_Source\PSoC4\cy_em_eeprom.c ****     * EEPROM address (Row#0).
 862:C:\Program Files (x86)\Cypress\PSoC Creator\4.4\PSoC Creator\1\LWO3.cydsn\Generated_Source\PSoC4\cy_em_eeprom.c ****     */
ARM GAS  C:\Users\taips\AppData\Local\Temp\ccZaQHee.s 			page 19


 863:C:\Program Files (x86)\Cypress\PSoC Creator\4.4\PSoC Creator\1\LWO3.cydsn\Generated_Source\PSoC4\cy_em_eeprom.c ****     if(CY_EM_EEPROM_ADDR_IN_RANGE !=
 160              		.loc 1 863 0
 161 000c 0C68     		ldr	r4, [r1]
 162 000e 1D68     		ldr	r5, [r3]
 163 0010 AC42     		cmp	r4, r5
 164 0012 01D3     		bcc	.L12
 864:C:\Program Files (x86)\Cypress\PSoC Creator\4.4\PSoC Creator\1\LWO3.cydsn\Generated_Source\PSoC4\cy_em_eeprom.c ****             CY_EM_EEPROM_IS_ADDR_EXCEED_RANGE(*rowToWrPtr, context->wlEndAddr))
 865:C:\Program Files (x86)\Cypress\PSoC Creator\4.4\PSoC Creator\1\LWO3.cydsn\Generated_Source\PSoC4\cy_em_eeprom.c ****     {
 866:C:\Program Files (x86)\Cypress\PSoC Creator\4.4\PSoC Creator\1\LWO3.cydsn\Generated_Source\PSoC4\cy_em_eeprom.c ****         *rowToWrPtr = context->userFlashStartAddr;
 165              		.loc 1 866 0
 166 0014 9C69     		ldr	r4, [r3, #24]
 167 0016 0C60     		str	r4, [r1]
 168              	.L12:
 867:C:\Program Files (x86)\Cypress\PSoC Creator\4.4\PSoC Creator\1\LWO3.cydsn\Generated_Source\PSoC4\cy_em_eeprom.c ****     }
 868:C:\Program Files (x86)\Cypress\PSoC Creator\4.4\PSoC Creator\1\LWO3.cydsn\Generated_Source\PSoC4\cy_em_eeprom.c **** 
 869:C:\Program Files (x86)\Cypress\PSoC Creator\4.4\PSoC Creator\1\LWO3.cydsn\Generated_Source\PSoC4\cy_em_eeprom.c ****     *rowToRdPtr = 0u;
 169              		.loc 1 869 0
 170 0018 0024     		movs	r4, #0
 171 001a 1460     		str	r4, [r2]
 870:C:\Program Files (x86)\Cypress\PSoC Creator\4.4\PSoC Creator\1\LWO3.cydsn\Generated_Source\PSoC4\cy_em_eeprom.c **** 
 871:C:\Program Files (x86)\Cypress\PSoC Creator\4.4\PSoC Creator\1\LWO3.cydsn\Generated_Source\PSoC4\cy_em_eeprom.c ****     /* Check if the sequence number is larger than the number of rows in the EEPROM.
 872:C:\Program Files (x86)\Cypress\PSoC Creator\4.4\PSoC Creator\1\LWO3.cydsn\Generated_Source\PSoC4\cy_em_eeprom.c ****     * If not, do not update the row read address because there is no historic
 873:C:\Program Files (x86)\Cypress\PSoC Creator\4.4\PSoC Creator\1\LWO3.cydsn\Generated_Source\PSoC4\cy_em_eeprom.c ****     * data to be read.
 874:C:\Program Files (x86)\Cypress\PSoC Creator\4.4\PSoC Creator\1\LWO3.cydsn\Generated_Source\PSoC4\cy_em_eeprom.c ****     */
 875:C:\Program Files (x86)\Cypress\PSoC Creator\4.4\PSoC Creator\1\LWO3.cydsn\Generated_Source\PSoC4\cy_em_eeprom.c ****     if(context->numberOfRows <= seqNum)
 172              		.loc 1 875 0
 173 001c 5C68     		ldr	r4, [r3, #4]
 174 001e A042     		cmp	r0, r4
 175 0020 16D3     		bcc	.L10
 876:C:\Program Files (x86)\Cypress\PSoC Creator\4.4\PSoC Creator\1\LWO3.cydsn\Generated_Source\PSoC4\cy_em_eeprom.c ****     {
 877:C:\Program Files (x86)\Cypress\PSoC Creator\4.4\PSoC Creator\1\LWO3.cydsn\Generated_Source\PSoC4\cy_em_eeprom.c ****         /* Check if wear leveling is used in EEPROM */
 878:C:\Program Files (x86)\Cypress\PSoC Creator\4.4\PSoC Creator\1\LWO3.cydsn\Generated_Source\PSoC4\cy_em_eeprom.c ****         if(context->wearLevelingFactor > 1u)
 176              		.loc 1 878 0
 177 0022 1D69     		ldr	r5, [r3, #16]
 178 0024 012D     		cmp	r5, #1
 179 0026 11D9     		bls	.L14
 879:C:\Program Files (x86)\Cypress\PSoC Creator\4.4\PSoC Creator\1\LWO3.cydsn\Generated_Source\PSoC4\cy_em_eeprom.c ****         {
 880:C:\Program Files (x86)\Cypress\PSoC Creator\4.4\PSoC Creator\1\LWO3.cydsn\Generated_Source\PSoC4\cy_em_eeprom.c ****             /* The read row address should be taken from an EEPROM copy that became
 881:C:\Program Files (x86)\Cypress\PSoC Creator\4.4\PSoC Creator\1\LWO3.cydsn\Generated_Source\PSoC4\cy_em_eeprom.c ****             * inactive recently. This condition check handles that.
 882:C:\Program Files (x86)\Cypress\PSoC Creator\4.4\PSoC Creator\1\LWO3.cydsn\Generated_Source\PSoC4\cy_em_eeprom.c ****             */
 883:C:\Program Files (x86)\Cypress\PSoC Creator\4.4\PSoC Creator\1\LWO3.cydsn\Generated_Source\PSoC4\cy_em_eeprom.c ****             if((*rowToWrPtr - (context->numberOfRows * CY_EM_EEPROM_FLASH_SIZEOF_ROW)) <
 180              		.loc 1 883 0
 181 0028 0868     		ldr	r0, [r1]
 182              	.LVL18:
 183 002a E101     		lsls	r1, r4, #7
 184              	.LVL19:
 185 002c 411A     		subs	r1, r0, r1
 884:C:\Program Files (x86)\Cypress\PSoC Creator\4.4\PSoC Creator\1\LWO3.cydsn\Generated_Source\PSoC4\cy_em_eeprom.c ****                 context->userFlashStartAddr)
 186              		.loc 1 884 0
 187 002e 9B69     		ldr	r3, [r3, #24]
 188              	.LVL20:
 883:C:\Program Files (x86)\Cypress\PSoC Creator\4.4\PSoC Creator\1\LWO3.cydsn\Generated_Source\PSoC4\cy_em_eeprom.c ****                 context->userFlashStartAddr)
 189              		.loc 1 883 0
 190 0030 9942     		cmp	r1, r3
 191 0032 09D2     		bcs	.L15
 885:C:\Program Files (x86)\Cypress\PSoC Creator\4.4\PSoC Creator\1\LWO3.cydsn\Generated_Source\PSoC4\cy_em_eeprom.c ****             {
 886:C:\Program Files (x86)\Cypress\PSoC Creator\4.4\PSoC Creator\1\LWO3.cydsn\Generated_Source\PSoC4\cy_em_eeprom.c ****                 *rowToRdPtr = context->userFlashStartAddr +
ARM GAS  C:\Users\taips\AppData\Local\Temp\ccZaQHee.s 			page 20


 887:C:\Program Files (x86)\Cypress\PSoC Creator\4.4\PSoC Creator\1\LWO3.cydsn\Generated_Source\PSoC4\cy_em_eeprom.c ****                     (context->numberOfRows * (context->wearLevelingFactor - 1u) *
 192              		.loc 1 887 0
 193 0034 0749     		ldr	r1, .L16
 194 0036 8C46     		mov	ip, r1
 195 0038 6544     		add	r5, r5, ip
 196 003a 6C43     		muls	r4, r5
 197 003c E401     		lsls	r4, r4, #7
 886:C:\Program Files (x86)\Cypress\PSoC Creator\4.4\PSoC Creator\1\LWO3.cydsn\Generated_Source\PSoC4\cy_em_eeprom.c ****                     (context->numberOfRows * (context->wearLevelingFactor - 1u) *
 198              		.loc 1 886 0
 199 003e 1C19     		adds	r4, r3, r4
 888:C:\Program Files (x86)\Cypress\PSoC Creator\4.4\PSoC Creator\1\LWO3.cydsn\Generated_Source\PSoC4\cy_em_eeprom.c ****                         CY_EM_EEPROM_FLASH_SIZEOF_ROW) + (*rowToWrPtr - context->userFlashStartAddr
 200              		.loc 1 888 0
 201 0040 C01A     		subs	r0, r0, r3
 202 0042 2418     		adds	r4, r4, r0
 886:C:\Program Files (x86)\Cypress\PSoC Creator\4.4\PSoC Creator\1\LWO3.cydsn\Generated_Source\PSoC4\cy_em_eeprom.c ****                     (context->numberOfRows * (context->wearLevelingFactor - 1u) *
 203              		.loc 1 886 0
 204 0044 1460     		str	r4, [r2]
 205 0046 03E0     		b	.L10
 206              	.L15:
 889:C:\Program Files (x86)\Cypress\PSoC Creator\4.4\PSoC Creator\1\LWO3.cydsn\Generated_Source\PSoC4\cy_em_eeprom.c ****             }
 890:C:\Program Files (x86)\Cypress\PSoC Creator\4.4\PSoC Creator\1\LWO3.cydsn\Generated_Source\PSoC4\cy_em_eeprom.c ****             else
 891:C:\Program Files (x86)\Cypress\PSoC Creator\4.4\PSoC Creator\1\LWO3.cydsn\Generated_Source\PSoC4\cy_em_eeprom.c ****             {
 892:C:\Program Files (x86)\Cypress\PSoC Creator\4.4\PSoC Creator\1\LWO3.cydsn\Generated_Source\PSoC4\cy_em_eeprom.c ****                 *rowToRdPtr = *rowToWrPtr - (context->numberOfRows * CY_EM_EEPROM_FLASH_SIZEOF_ROW)
 207              		.loc 1 892 0
 208 0048 1160     		str	r1, [r2]
 209 004a 01E0     		b	.L10
 210              	.LVL21:
 211              	.L14:
 893:C:\Program Files (x86)\Cypress\PSoC Creator\4.4\PSoC Creator\1\LWO3.cydsn\Generated_Source\PSoC4\cy_em_eeprom.c ****             }
 894:C:\Program Files (x86)\Cypress\PSoC Creator\4.4\PSoC Creator\1\LWO3.cydsn\Generated_Source\PSoC4\cy_em_eeprom.c ****         }
 895:C:\Program Files (x86)\Cypress\PSoC Creator\4.4\PSoC Creator\1\LWO3.cydsn\Generated_Source\PSoC4\cy_em_eeprom.c ****         else
 896:C:\Program Files (x86)\Cypress\PSoC Creator\4.4\PSoC Creator\1\LWO3.cydsn\Generated_Source\PSoC4\cy_em_eeprom.c ****         {
 897:C:\Program Files (x86)\Cypress\PSoC Creator\4.4\PSoC Creator\1\LWO3.cydsn\Generated_Source\PSoC4\cy_em_eeprom.c ****             /* If no wear leveling, always read from the same flash row that
 898:C:\Program Files (x86)\Cypress\PSoC Creator\4.4\PSoC Creator\1\LWO3.cydsn\Generated_Source\PSoC4\cy_em_eeprom.c ****             * should be written.
 899:C:\Program Files (x86)\Cypress\PSoC Creator\4.4\PSoC Creator\1\LWO3.cydsn\Generated_Source\PSoC4\cy_em_eeprom.c ****             */
 900:C:\Program Files (x86)\Cypress\PSoC Creator\4.4\PSoC Creator\1\LWO3.cydsn\Generated_Source\PSoC4\cy_em_eeprom.c ****             *rowToRdPtr = *rowToWrPtr;
 212              		.loc 1 900 0
 213 004c 0B68     		ldr	r3, [r1]
 214              	.LVL22:
 215 004e 1360     		str	r3, [r2]
 216              	.LVL23:
 217              	.L10:
 901:C:\Program Files (x86)\Cypress\PSoC Creator\4.4\PSoC Creator\1\LWO3.cydsn\Generated_Source\PSoC4\cy_em_eeprom.c ****         }
 902:C:\Program Files (x86)\Cypress\PSoC Creator\4.4\PSoC Creator\1\LWO3.cydsn\Generated_Source\PSoC4\cy_em_eeprom.c ****     }
 903:C:\Program Files (x86)\Cypress\PSoC Creator\4.4\PSoC Creator\1\LWO3.cydsn\Generated_Source\PSoC4\cy_em_eeprom.c **** }
 218              		.loc 1 903 0
 219              		@ sp needed
 220 0050 30BD     		pop	{r4, r5, pc}
 221              	.L17:
 222 0052 C046     		.align	2
 223              	.L16:
 224 0054 FFFFFF01 		.word	33554431
 225              		.cfi_endproc
 226              	.LFE7:
 227              		.size	GetNextRowToWrite, .-GetNextRowToWrite
 228              		.section	.text.CalcChecksum,"ax",%progbits
 229              		.align	2
ARM GAS  C:\Users\taips\AppData\Local\Temp\ccZaQHee.s 			page 21


 230              		.code	16
 231              		.thumb_func
 232              		.type	CalcChecksum, %function
 233              	CalcChecksum:
 234              	.LFB8:
 904:C:\Program Files (x86)\Cypress\PSoC Creator\4.4\PSoC Creator\1\LWO3.cydsn\Generated_Source\PSoC4\cy_em_eeprom.c **** 
 905:C:\Program Files (x86)\Cypress\PSoC Creator\4.4\PSoC Creator\1\LWO3.cydsn\Generated_Source\PSoC4\cy_em_eeprom.c **** 
 906:C:\Program Files (x86)\Cypress\PSoC Creator\4.4\PSoC Creator\1\LWO3.cydsn\Generated_Source\PSoC4\cy_em_eeprom.c **** /*******************************************************************************
 907:C:\Program Files (x86)\Cypress\PSoC Creator\4.4\PSoC Creator\1\LWO3.cydsn\Generated_Source\PSoC4\cy_em_eeprom.c **** * Function Name: CalcChecksum
 908:C:\Program Files (x86)\Cypress\PSoC Creator\4.4\PSoC Creator\1\LWO3.cydsn\Generated_Source\PSoC4\cy_em_eeprom.c **** ****************************************************************************//**
 909:C:\Program Files (x86)\Cypress\PSoC Creator\4.4\PSoC Creator\1\LWO3.cydsn\Generated_Source\PSoC4\cy_em_eeprom.c **** *
 910:C:\Program Files (x86)\Cypress\PSoC Creator\4.4\PSoC Creator\1\LWO3.cydsn\Generated_Source\PSoC4\cy_em_eeprom.c **** * Implements CRC-8 that is used in checksum calculation for the redundant copy
 911:C:\Program Files (x86)\Cypress\PSoC Creator\4.4\PSoC Creator\1\LWO3.cydsn\Generated_Source\PSoC4\cy_em_eeprom.c **** * algorithm.
 912:C:\Program Files (x86)\Cypress\PSoC Creator\4.4\PSoC Creator\1\LWO3.cydsn\Generated_Source\PSoC4\cy_em_eeprom.c **** *
 913:C:\Program Files (x86)\Cypress\PSoC Creator\4.4\PSoC Creator\1\LWO3.cydsn\Generated_Source\PSoC4\cy_em_eeprom.c **** * \param rowData
 914:C:\Program Files (x86)\Cypress\PSoC Creator\4.4\PSoC Creator\1\LWO3.cydsn\Generated_Source\PSoC4\cy_em_eeprom.c **** * The row data to be used to calculate the checksum.
 915:C:\Program Files (x86)\Cypress\PSoC Creator\4.4\PSoC Creator\1\LWO3.cydsn\Generated_Source\PSoC4\cy_em_eeprom.c **** *
 916:C:\Program Files (x86)\Cypress\PSoC Creator\4.4\PSoC Creator\1\LWO3.cydsn\Generated_Source\PSoC4\cy_em_eeprom.c **** * \param len
 917:C:\Program Files (x86)\Cypress\PSoC Creator\4.4\PSoC Creator\1\LWO3.cydsn\Generated_Source\PSoC4\cy_em_eeprom.c **** * The length of rowData.
 918:C:\Program Files (x86)\Cypress\PSoC Creator\4.4\PSoC Creator\1\LWO3.cydsn\Generated_Source\PSoC4\cy_em_eeprom.c **** *
 919:C:\Program Files (x86)\Cypress\PSoC Creator\4.4\PSoC Creator\1\LWO3.cydsn\Generated_Source\PSoC4\cy_em_eeprom.c **** * \return
 920:C:\Program Files (x86)\Cypress\PSoC Creator\4.4\PSoC Creator\1\LWO3.cydsn\Generated_Source\PSoC4\cy_em_eeprom.c **** * The calculated value of CRC-8.
 921:C:\Program Files (x86)\Cypress\PSoC Creator\4.4\PSoC Creator\1\LWO3.cydsn\Generated_Source\PSoC4\cy_em_eeprom.c **** *
 922:C:\Program Files (x86)\Cypress\PSoC Creator\4.4\PSoC Creator\1\LWO3.cydsn\Generated_Source\PSoC4\cy_em_eeprom.c **** *******************************************************************************/
 923:C:\Program Files (x86)\Cypress\PSoC Creator\4.4\PSoC Creator\1\LWO3.cydsn\Generated_Source\PSoC4\cy_em_eeprom.c **** static uint8 CalcChecksum(uint8 rowData[], uint32 len)
 924:C:\Program Files (x86)\Cypress\PSoC Creator\4.4\PSoC Creator\1\LWO3.cydsn\Generated_Source\PSoC4\cy_em_eeprom.c **** {
 235              		.loc 1 924 0
 236              		.cfi_startproc
 237              		@ args = 0, pretend = 0, frame = 0
 238              		@ frame_needed = 0, uses_anonymous_args = 0
 239              	.LVL24:
 240 0000 30B5     		push	{r4, r5, lr}
 241              		.cfi_def_cfa_offset 12
 242              		.cfi_offset 4, -12
 243              		.cfi_offset 5, -8
 244              		.cfi_offset 14, -4
 245 0002 0500     		movs	r5, r0
 246              	.LVL25:
 925:C:\Program Files (x86)\Cypress\PSoC Creator\4.4\PSoC Creator\1\LWO3.cydsn\Generated_Source\PSoC4\cy_em_eeprom.c ****     uint8 crc = CY_EM_EEPROM_CRC8_SEED;
 926:C:\Program Files (x86)\Cypress\PSoC Creator\4.4\PSoC Creator\1\LWO3.cydsn\Generated_Source\PSoC4\cy_em_eeprom.c ****     uint8 i;
 927:C:\Program Files (x86)\Cypress\PSoC Creator\4.4\PSoC Creator\1\LWO3.cydsn\Generated_Source\PSoC4\cy_em_eeprom.c ****     uint16 cnt = 0u;
 247              		.loc 1 927 0
 248 0004 0024     		movs	r4, #0
 925:C:\Program Files (x86)\Cypress\PSoC Creator\4.4\PSoC Creator\1\LWO3.cydsn\Generated_Source\PSoC4\cy_em_eeprom.c ****     uint8 crc = CY_EM_EEPROM_CRC8_SEED;
 249              		.loc 1 925 0
 250 0006 FF20     		movs	r0, #255
 251              	.LVL26:
 928:C:\Program Files (x86)\Cypress\PSoC Creator\4.4\PSoC Creator\1\LWO3.cydsn\Generated_Source\PSoC4\cy_em_eeprom.c **** 
 929:C:\Program Files (x86)\Cypress\PSoC Creator\4.4\PSoC Creator\1\LWO3.cydsn\Generated_Source\PSoC4\cy_em_eeprom.c ****     while(cnt != len)
 252              		.loc 1 929 0
 253 0008 14E0     		b	.L19
 254              	.LVL27:
 255              	.L24:
 930:C:\Program Files (x86)\Cypress\PSoC Creator\4.4\PSoC Creator\1\LWO3.cydsn\Generated_Source\PSoC4\cy_em_eeprom.c ****     {
 931:C:\Program Files (x86)\Cypress\PSoC Creator\4.4\PSoC Creator\1\LWO3.cydsn\Generated_Source\PSoC4\cy_em_eeprom.c ****         crc ^= rowData[cnt];
 256              		.loc 1 931 0
 257 000a 2B5D     		ldrb	r3, [r5, r4]
ARM GAS  C:\Users\taips\AppData\Local\Temp\ccZaQHee.s 			page 22


 258 000c 5840     		eors	r0, r3
 259              	.LVL28:
 932:C:\Program Files (x86)\Cypress\PSoC Creator\4.4\PSoC Creator\1\LWO3.cydsn\Generated_Source\PSoC4\cy_em_eeprom.c ****         for (i = 0u; i < CY_EM_EEPROM_CRC8_POLYNOM_LEN; i++)
 260              		.loc 1 932 0
 261 000e 0022     		movs	r2, #0
 262 0010 0CE0     		b	.L20
 263              	.LVL29:
 264              	.L23:
 933:C:\Program Files (x86)\Cypress\PSoC Creator\4.4\PSoC Creator\1\LWO3.cydsn\Generated_Source\PSoC4\cy_em_eeprom.c ****         {
 934:C:\Program Files (x86)\Cypress\PSoC Creator\4.4\PSoC Creator\1\LWO3.cydsn\Generated_Source\PSoC4\cy_em_eeprom.c ****             crc = CY_EM_EEPROM_CALCULATE_CRC8(crc);
 265              		.loc 1 934 0
 266 0012 43B2     		sxtb	r3, r0
 267 0014 002B     		cmp	r3, #0
 268 0016 05DA     		bge	.L21
 269              		.loc 1 934 0 is_stmt 0 discriminator 1
 270 0018 4000     		lsls	r0, r0, #1
 271              	.LVL30:
 272 001a C3B2     		uxtb	r3, r0
 273              	.LVL31:
 274 001c 3120     		movs	r0, #49
 275 001e 4340     		eors	r3, r0
 276 0020 D8B2     		uxtb	r0, r3
 277 0022 01E0     		b	.L22
 278              	.LVL32:
 279              	.L21:
 280              		.loc 1 934 0 discriminator 2
 281 0024 4000     		lsls	r0, r0, #1
 282              	.LVL33:
 283 0026 C0B2     		uxtb	r0, r0
 284              	.LVL34:
 285              	.L22:
 932:C:\Program Files (x86)\Cypress\PSoC Creator\4.4\PSoC Creator\1\LWO3.cydsn\Generated_Source\PSoC4\cy_em_eeprom.c ****         for (i = 0u; i < CY_EM_EEPROM_CRC8_POLYNOM_LEN; i++)
 286              		.loc 1 932 0 is_stmt 1 discriminator 4
 287 0028 0132     		adds	r2, r2, #1
 288              	.LVL35:
 289 002a D2B2     		uxtb	r2, r2
 290              	.LVL36:
 291              	.L20:
 932:C:\Program Files (x86)\Cypress\PSoC Creator\4.4\PSoC Creator\1\LWO3.cydsn\Generated_Source\PSoC4\cy_em_eeprom.c ****         for (i = 0u; i < CY_EM_EEPROM_CRC8_POLYNOM_LEN; i++)
 292              		.loc 1 932 0 is_stmt 0 discriminator 2
 293 002c 072A     		cmp	r2, #7
 294 002e F0D9     		bls	.L23
 935:C:\Program Files (x86)\Cypress\PSoC Creator\4.4\PSoC Creator\1\LWO3.cydsn\Generated_Source\PSoC4\cy_em_eeprom.c ****         }
 936:C:\Program Files (x86)\Cypress\PSoC Creator\4.4\PSoC Creator\1\LWO3.cydsn\Generated_Source\PSoC4\cy_em_eeprom.c ****         cnt++;
 295              		.loc 1 936 0 is_stmt 1
 296 0030 0134     		adds	r4, r4, #1
 297              	.LVL37:
 298 0032 A4B2     		uxth	r4, r4
 299              	.LVL38:
 300              	.L19:
 929:C:\Program Files (x86)\Cypress\PSoC Creator\4.4\PSoC Creator\1\LWO3.cydsn\Generated_Source\PSoC4\cy_em_eeprom.c ****     {
 301              		.loc 1 929 0
 302 0034 8C42     		cmp	r4, r1
 303 0036 E8D1     		bne	.L24
 937:C:\Program Files (x86)\Cypress\PSoC Creator\4.4\PSoC Creator\1\LWO3.cydsn\Generated_Source\PSoC4\cy_em_eeprom.c ****     }
 938:C:\Program Files (x86)\Cypress\PSoC Creator\4.4\PSoC Creator\1\LWO3.cydsn\Generated_Source\PSoC4\cy_em_eeprom.c **** 
 939:C:\Program Files (x86)\Cypress\PSoC Creator\4.4\PSoC Creator\1\LWO3.cydsn\Generated_Source\PSoC4\cy_em_eeprom.c ****     return (crc);
ARM GAS  C:\Users\taips\AppData\Local\Temp\ccZaQHee.s 			page 23


 940:C:\Program Files (x86)\Cypress\PSoC Creator\4.4\PSoC Creator\1\LWO3.cydsn\Generated_Source\PSoC4\cy_em_eeprom.c **** }
 304              		.loc 1 940 0
 305              		@ sp needed
 306              	.LVL39:
 307              	.LVL40:
 308 0038 30BD     		pop	{r4, r5, pc}
 309              		.cfi_endproc
 310              	.LFE8:
 311              		.size	CalcChecksum, .-CalcChecksum
 312 003a C046     		.section	.text.CheckRanges,"ax",%progbits
 313              		.align	2
 314              		.code	16
 315              		.thumb_func
 316              		.type	CheckRanges, %function
 317              	CheckRanges:
 318              	.LFB9:
 941:C:\Program Files (x86)\Cypress\PSoC Creator\4.4\PSoC Creator\1\LWO3.cydsn\Generated_Source\PSoC4\cy_em_eeprom.c **** 
 942:C:\Program Files (x86)\Cypress\PSoC Creator\4.4\PSoC Creator\1\LWO3.cydsn\Generated_Source\PSoC4\cy_em_eeprom.c **** 
 943:C:\Program Files (x86)\Cypress\PSoC Creator\4.4\PSoC Creator\1\LWO3.cydsn\Generated_Source\PSoC4\cy_em_eeprom.c **** /*******************************************************************************
 944:C:\Program Files (x86)\Cypress\PSoC Creator\4.4\PSoC Creator\1\LWO3.cydsn\Generated_Source\PSoC4\cy_em_eeprom.c **** * Function Name: CheckRanges
 945:C:\Program Files (x86)\Cypress\PSoC Creator\4.4\PSoC Creator\1\LWO3.cydsn\Generated_Source\PSoC4\cy_em_eeprom.c **** ****************************************************************************//**
 946:C:\Program Files (x86)\Cypress\PSoC Creator\4.4\PSoC Creator\1\LWO3.cydsn\Generated_Source\PSoC4\cy_em_eeprom.c **** *
 947:C:\Program Files (x86)\Cypress\PSoC Creator\4.4\PSoC Creator\1\LWO3.cydsn\Generated_Source\PSoC4\cy_em_eeprom.c **** * Checks if the EEPROM of the requested size can be placed in flash.
 948:C:\Program Files (x86)\Cypress\PSoC Creator\4.4\PSoC Creator\1\LWO3.cydsn\Generated_Source\PSoC4\cy_em_eeprom.c **** *
 949:C:\Program Files (x86)\Cypress\PSoC Creator\4.4\PSoC Creator\1\LWO3.cydsn\Generated_Source\PSoC4\cy_em_eeprom.c **** * \param config
 950:C:\Program Files (x86)\Cypress\PSoC Creator\4.4\PSoC Creator\1\LWO3.cydsn\Generated_Source\PSoC4\cy_em_eeprom.c **** * The pointer to a configuration structure. See \ref cy_stc_eeprom_config_t.
 951:C:\Program Files (x86)\Cypress\PSoC Creator\4.4\PSoC Creator\1\LWO3.cydsn\Generated_Source\PSoC4\cy_em_eeprom.c **** *
 952:C:\Program Files (x86)\Cypress\PSoC Creator\4.4\PSoC Creator\1\LWO3.cydsn\Generated_Source\PSoC4\cy_em_eeprom.c **** * \return
 953:C:\Program Files (x86)\Cypress\PSoC Creator\4.4\PSoC Creator\1\LWO3.cydsn\Generated_Source\PSoC4\cy_em_eeprom.c **** * error / status code. See \ref cy_en_em_eeprom_status_t.
 954:C:\Program Files (x86)\Cypress\PSoC Creator\4.4\PSoC Creator\1\LWO3.cydsn\Generated_Source\PSoC4\cy_em_eeprom.c **** *
 955:C:\Program Files (x86)\Cypress\PSoC Creator\4.4\PSoC Creator\1\LWO3.cydsn\Generated_Source\PSoC4\cy_em_eeprom.c **** *******************************************************************************/
 956:C:\Program Files (x86)\Cypress\PSoC Creator\4.4\PSoC Creator\1\LWO3.cydsn\Generated_Source\PSoC4\cy_em_eeprom.c **** static cy_en_em_eeprom_status_t CheckRanges(cy_stc_eeprom_config_t* config)
 957:C:\Program Files (x86)\Cypress\PSoC Creator\4.4\PSoC Creator\1\LWO3.cydsn\Generated_Source\PSoC4\cy_em_eeprom.c **** {
 319              		.loc 1 957 0
 320              		.cfi_startproc
 321              		@ args = 0, pretend = 0, frame = 0
 322              		@ frame_needed = 0, uses_anonymous_args = 0
 323              	.LVL41:
 324 0000 10B5     		push	{r4, lr}
 325              		.cfi_def_cfa_offset 8
 326              		.cfi_offset 4, -8
 327              		.cfi_offset 14, -4
 328              	.LVL42:
 958:C:\Program Files (x86)\Cypress\PSoC Creator\4.4\PSoC Creator\1\LWO3.cydsn\Generated_Source\PSoC4\cy_em_eeprom.c ****     cy_en_em_eeprom_status_t ret = CY_EM_EEPROM_BAD_DATA;
 959:C:\Program Files (x86)\Cypress\PSoC Creator\4.4\PSoC Creator\1\LWO3.cydsn\Generated_Source\PSoC4\cy_em_eeprom.c ****     uint32 startAddr = config->userFlashStartAddr;
 329              		.loc 1 959 0
 330 0002 C468     		ldr	r4, [r0, #12]
 331              	.LVL43:
 960:C:\Program Files (x86)\Cypress\PSoC Creator\4.4\PSoC Creator\1\LWO3.cydsn\Generated_Source\PSoC4\cy_em_eeprom.c ****     uint32 endAddr = startAddr + CY_EM_EEPROM_GET_PHYSICAL_SIZE(config->eepromSize,
 332              		.loc 1 960 0
 333 0004 0268     		ldr	r2, [r0]
 334 0006 9109     		lsrs	r1, r2, #6
 335 0008 3F23     		movs	r3, #63
 336 000a 1340     		ands	r3, r2
 337 000c 00D0     		beq	.L26
 338 000e 0123     		movs	r3, #1
 339              	.L26:
ARM GAS  C:\Users\taips\AppData\Local\Temp\ccZaQHee.s 			page 24


 340              		.loc 1 960 0 is_stmt 0 discriminator 4
 341 0010 5B18     		adds	r3, r3, r1
 342 0012 4268     		ldr	r2, [r0, #4]
 343 0014 5343     		muls	r3, r2
 344 0016 027A     		ldrb	r2, [r0, #8]
 345 0018 0132     		adds	r2, r2, #1
 346 001a 5343     		muls	r3, r2
 347 001c DB01     		lsls	r3, r3, #7
 348 001e E318     		adds	r3, r4, r3
 349              	.LVL44:
 961:C:\Program Files (x86)\Cypress\PSoC Creator\4.4\PSoC Creator\1\LWO3.cydsn\Generated_Source\PSoC4\cy_em_eeprom.c ****             config->wearLevelingFactor, config->redundantCopy);
 962:C:\Program Files (x86)\Cypress\PSoC Creator\4.4\PSoC Creator\1\LWO3.cydsn\Generated_Source\PSoC4\cy_em_eeprom.c **** 
 963:C:\Program Files (x86)\Cypress\PSoC Creator\4.4\PSoC Creator\1\LWO3.cydsn\Generated_Source\PSoC4\cy_em_eeprom.c ****     /* Range check if there is enough flash for EEPROM */
 964:C:\Program Files (x86)\Cypress\PSoC Creator\4.4\PSoC Creator\1\LWO3.cydsn\Generated_Source\PSoC4\cy_em_eeprom.c ****     if (CY_EM_EEPROM_IS_IN_FLASH_RANGE(startAddr, endAddr))
 350              		.loc 1 964 0 is_stmt 1 discriminator 4
 351 0020 002C     		cmp	r4, #0
 352 0022 05D0     		beq	.L28
 353              		.loc 1 964 0 is_stmt 0 discriminator 1
 354 0024 8022     		movs	r2, #128
 355 0026 1202     		lsls	r2, r2, #8
 356 0028 9342     		cmp	r3, r2
 357 002a 03D9     		bls	.L29
 958:C:\Program Files (x86)\Cypress\PSoC Creator\4.4\PSoC Creator\1\LWO3.cydsn\Generated_Source\PSoC4\cy_em_eeprom.c ****     uint32 startAddr = config->userFlashStartAddr;
 358              		.loc 1 958 0 is_stmt 1
 359 002c 0320     		movs	r0, #3
 360              	.LVL45:
 361 002e 02E0     		b	.L27
 362              	.LVL46:
 363              	.L28:
 364 0030 0320     		movs	r0, #3
 365              	.LVL47:
 366 0032 00E0     		b	.L27
 367              	.LVL48:
 368              	.L29:
 965:C:\Program Files (x86)\Cypress\PSoC Creator\4.4\PSoC Creator\1\LWO3.cydsn\Generated_Source\PSoC4\cy_em_eeprom.c ****     {
 966:C:\Program Files (x86)\Cypress\PSoC Creator\4.4\PSoC Creator\1\LWO3.cydsn\Generated_Source\PSoC4\cy_em_eeprom.c ****         ret = CY_EM_EEPROM_SUCCESS;
 369              		.loc 1 966 0
 370 0034 0020     		movs	r0, #0
 371              	.LVL49:
 372              	.L27:
 967:C:\Program Files (x86)\Cypress\PSoC Creator\4.4\PSoC Creator\1\LWO3.cydsn\Generated_Source\PSoC4\cy_em_eeprom.c ****     }
 968:C:\Program Files (x86)\Cypress\PSoC Creator\4.4\PSoC Creator\1\LWO3.cydsn\Generated_Source\PSoC4\cy_em_eeprom.c ****     return (ret);
 969:C:\Program Files (x86)\Cypress\PSoC Creator\4.4\PSoC Creator\1\LWO3.cydsn\Generated_Source\PSoC4\cy_em_eeprom.c **** }
 373              		.loc 1 969 0
 374              		@ sp needed
 375              	.LVL50:
 376 0036 10BD     		pop	{r4, pc}
 377              		.cfi_endproc
 378              	.LFE9:
 379              		.size	CheckRanges, .-CheckRanges
 380              		.section	.text.GetAddresses,"ax",%progbits
 381              		.align	2
 382              		.code	16
 383              		.thumb_func
 384              		.type	GetAddresses, %function
 385              	GetAddresses:
 386              	.LFB13:
ARM GAS  C:\Users\taips\AppData\Local\Temp\ccZaQHee.s 			page 25


 970:C:\Program Files (x86)\Cypress\PSoC Creator\4.4\PSoC Creator\1\LWO3.cydsn\Generated_Source\PSoC4\cy_em_eeprom.c **** 
 971:C:\Program Files (x86)\Cypress\PSoC Creator\4.4\PSoC Creator\1\LWO3.cydsn\Generated_Source\PSoC4\cy_em_eeprom.c **** 
 972:C:\Program Files (x86)\Cypress\PSoC Creator\4.4\PSoC Creator\1\LWO3.cydsn\Generated_Source\PSoC4\cy_em_eeprom.c **** /*******************************************************************************
 973:C:\Program Files (x86)\Cypress\PSoC Creator\4.4\PSoC Creator\1\LWO3.cydsn\Generated_Source\PSoC4\cy_em_eeprom.c **** * Function Name: WriteRow
 974:C:\Program Files (x86)\Cypress\PSoC Creator\4.4\PSoC Creator\1\LWO3.cydsn\Generated_Source\PSoC4\cy_em_eeprom.c **** ****************************************************************************//**
 975:C:\Program Files (x86)\Cypress\PSoC Creator\4.4\PSoC Creator\1\LWO3.cydsn\Generated_Source\PSoC4\cy_em_eeprom.c **** *
 976:C:\Program Files (x86)\Cypress\PSoC Creator\4.4\PSoC Creator\1\LWO3.cydsn\Generated_Source\PSoC4\cy_em_eeprom.c **** * Writes one flash row starting from the specified row address.
 977:C:\Program Files (x86)\Cypress\PSoC Creator\4.4\PSoC Creator\1\LWO3.cydsn\Generated_Source\PSoC4\cy_em_eeprom.c **** *
 978:C:\Program Files (x86)\Cypress\PSoC Creator\4.4\PSoC Creator\1\LWO3.cydsn\Generated_Source\PSoC4\cy_em_eeprom.c **** * \param rowAdd
 979:C:\Program Files (x86)\Cypress\PSoC Creator\4.4\PSoC Creator\1\LWO3.cydsn\Generated_Source\PSoC4\cy_em_eeprom.c **** * The address of the flash row.
 980:C:\Program Files (x86)\Cypress\PSoC Creator\4.4\PSoC Creator\1\LWO3.cydsn\Generated_Source\PSoC4\cy_em_eeprom.c **** *
 981:C:\Program Files (x86)\Cypress\PSoC Creator\4.4\PSoC Creator\1\LWO3.cydsn\Generated_Source\PSoC4\cy_em_eeprom.c **** * \param rowData
 982:C:\Program Files (x86)\Cypress\PSoC Creator\4.4\PSoC Creator\1\LWO3.cydsn\Generated_Source\PSoC4\cy_em_eeprom.c **** * The pointer to the data to be written to the row.
 983:C:\Program Files (x86)\Cypress\PSoC Creator\4.4\PSoC Creator\1\LWO3.cydsn\Generated_Source\PSoC4\cy_em_eeprom.c **** *
 984:C:\Program Files (x86)\Cypress\PSoC Creator\4.4\PSoC Creator\1\LWO3.cydsn\Generated_Source\PSoC4\cy_em_eeprom.c **** * \param context
 985:C:\Program Files (x86)\Cypress\PSoC Creator\4.4\PSoC Creator\1\LWO3.cydsn\Generated_Source\PSoC4\cy_em_eeprom.c **** * The pointer to the EEPROM context structure \ref cy_stc_eeprom_context_t.
 986:C:\Program Files (x86)\Cypress\PSoC Creator\4.4\PSoC Creator\1\LWO3.cydsn\Generated_Source\PSoC4\cy_em_eeprom.c **** *
 987:C:\Program Files (x86)\Cypress\PSoC Creator\4.4\PSoC Creator\1\LWO3.cydsn\Generated_Source\PSoC4\cy_em_eeprom.c **** * \return
 988:C:\Program Files (x86)\Cypress\PSoC Creator\4.4\PSoC Creator\1\LWO3.cydsn\Generated_Source\PSoC4\cy_em_eeprom.c **** * error / status code. See \ref cy_en_em_eeprom_status_t.
 989:C:\Program Files (x86)\Cypress\PSoC Creator\4.4\PSoC Creator\1\LWO3.cydsn\Generated_Source\PSoC4\cy_em_eeprom.c **** *
 990:C:\Program Files (x86)\Cypress\PSoC Creator\4.4\PSoC Creator\1\LWO3.cydsn\Generated_Source\PSoC4\cy_em_eeprom.c **** *******************************************************************************/
 991:C:\Program Files (x86)\Cypress\PSoC Creator\4.4\PSoC Creator\1\LWO3.cydsn\Generated_Source\PSoC4\cy_em_eeprom.c **** static cy_en_em_eeprom_status_t WriteRow(uint32 rowAddr,
 992:C:\Program Files (x86)\Cypress\PSoC Creator\4.4\PSoC Creator\1\LWO3.cydsn\Generated_Source\PSoC4\cy_em_eeprom.c ****                                         uint32 *rowData,
 993:C:\Program Files (x86)\Cypress\PSoC Creator\4.4\PSoC Creator\1\LWO3.cydsn\Generated_Source\PSoC4\cy_em_eeprom.c ****                                         cy_stc_eeprom_context_t * context)
 994:C:\Program Files (x86)\Cypress\PSoC Creator\4.4\PSoC Creator\1\LWO3.cydsn\Generated_Source\PSoC4\cy_em_eeprom.c **** {
 995:C:\Program Files (x86)\Cypress\PSoC Creator\4.4\PSoC Creator\1\LWO3.cydsn\Generated_Source\PSoC4\cy_em_eeprom.c ****     cy_en_em_eeprom_status_t ret = CY_EM_EEPROM_WRITE_FAIL;
 996:C:\Program Files (x86)\Cypress\PSoC Creator\4.4\PSoC Creator\1\LWO3.cydsn\Generated_Source\PSoC4\cy_em_eeprom.c **** #if (!CY_PSOC6)
 997:C:\Program Files (x86)\Cypress\PSoC Creator\4.4\PSoC Creator\1\LWO3.cydsn\Generated_Source\PSoC4\cy_em_eeprom.c ****     cystatus rc;
 998:C:\Program Files (x86)\Cypress\PSoC Creator\4.4\PSoC Creator\1\LWO3.cydsn\Generated_Source\PSoC4\cy_em_eeprom.c ****     #if ((CY_PSOC3) || (CY_PSOC5))
 999:C:\Program Files (x86)\Cypress\PSoC Creator\4.4\PSoC Creator\1\LWO3.cydsn\Generated_Source\PSoC4\cy_em_eeprom.c ****         uint32 arrayId;
1000:C:\Program Files (x86)\Cypress\PSoC Creator\4.4\PSoC Creator\1\LWO3.cydsn\Generated_Source\PSoC4\cy_em_eeprom.c ****         uint32 rowId;
1001:C:\Program Files (x86)\Cypress\PSoC Creator\4.4\PSoC Creator\1\LWO3.cydsn\Generated_Source\PSoC4\cy_em_eeprom.c ****     #else
1002:C:\Program Files (x86)\Cypress\PSoC Creator\4.4\PSoC Creator\1\LWO3.cydsn\Generated_Source\PSoC4\cy_em_eeprom.c ****         uint32 rowNum;
1003:C:\Program Files (x86)\Cypress\PSoC Creator\4.4\PSoC Creator\1\LWO3.cydsn\Generated_Source\PSoC4\cy_em_eeprom.c ****     #endif /* (CY_PSOC3) */
1004:C:\Program Files (x86)\Cypress\PSoC Creator\4.4\PSoC Creator\1\LWO3.cydsn\Generated_Source\PSoC4\cy_em_eeprom.c ****     
1005:C:\Program Files (x86)\Cypress\PSoC Creator\4.4\PSoC Creator\1\LWO3.cydsn\Generated_Source\PSoC4\cy_em_eeprom.c ****     #if (CY_PSOC3)
1006:C:\Program Files (x86)\Cypress\PSoC Creator\4.4\PSoC Creator\1\LWO3.cydsn\Generated_Source\PSoC4\cy_em_eeprom.c ****         rowAddr &= CY_EM_EEPROM_CODE_ADDR_MASK;
1007:C:\Program Files (x86)\Cypress\PSoC Creator\4.4\PSoC Creator\1\LWO3.cydsn\Generated_Source\PSoC4\cy_em_eeprom.c ****         context = context;      /* To avoid compiler warning generation */
1008:C:\Program Files (x86)\Cypress\PSoC Creator\4.4\PSoC Creator\1\LWO3.cydsn\Generated_Source\PSoC4\cy_em_eeprom.c ****     #else
1009:C:\Program Files (x86)\Cypress\PSoC Creator\4.4\PSoC Creator\1\LWO3.cydsn\Generated_Source\PSoC4\cy_em_eeprom.c ****         (void)context;          /* To avoid compiler warning generation */
1010:C:\Program Files (x86)\Cypress\PSoC Creator\4.4\PSoC Creator\1\LWO3.cydsn\Generated_Source\PSoC4\cy_em_eeprom.c ****     #endif /* ((CY_PSOC3) */
1011:C:\Program Files (x86)\Cypress\PSoC Creator\4.4\PSoC Creator\1\LWO3.cydsn\Generated_Source\PSoC4\cy_em_eeprom.c ****     
1012:C:\Program Files (x86)\Cypress\PSoC Creator\4.4\PSoC Creator\1\LWO3.cydsn\Generated_Source\PSoC4\cy_em_eeprom.c ****     /* Write the flash row */
1013:C:\Program Files (x86)\Cypress\PSoC Creator\4.4\PSoC Creator\1\LWO3.cydsn\Generated_Source\PSoC4\cy_em_eeprom.c ****     #if (CY_PSOC4)
1014:C:\Program Files (x86)\Cypress\PSoC Creator\4.4\PSoC Creator\1\LWO3.cydsn\Generated_Source\PSoC4\cy_em_eeprom.c ****         /* For PSoC 4 devices, the array ID is included in the row number */
1015:C:\Program Files (x86)\Cypress\PSoC Creator\4.4\PSoC Creator\1\LWO3.cydsn\Generated_Source\PSoC4\cy_em_eeprom.c ****         rowNum = rowAddr / CY_EM_EEPROM_FLASH_SIZEOF_ROW;
1016:C:\Program Files (x86)\Cypress\PSoC Creator\4.4\PSoC Creator\1\LWO3.cydsn\Generated_Source\PSoC4\cy_em_eeprom.c ****         
1017:C:\Program Files (x86)\Cypress\PSoC Creator\4.4\PSoC Creator\1\LWO3.cydsn\Generated_Source\PSoC4\cy_em_eeprom.c ****         rc = CySysFlashWriteRow(rowNum, (uint8 *)rowData);
1018:C:\Program Files (x86)\Cypress\PSoC Creator\4.4\PSoC Creator\1\LWO3.cydsn\Generated_Source\PSoC4\cy_em_eeprom.c ****     #else
1019:C:\Program Files (x86)\Cypress\PSoC Creator\4.4\PSoC Creator\1\LWO3.cydsn\Generated_Source\PSoC4\cy_em_eeprom.c ****         /* For PSoC 3/5 devices, the array ID and row ID needed to write the row */
1020:C:\Program Files (x86)\Cypress\PSoC Creator\4.4\PSoC Creator\1\LWO3.cydsn\Generated_Source\PSoC4\cy_em_eeprom.c ****         rowId = (rowAddr / CY_EM_EEPROM_FLASH_SIZEOF_ROW) % CY_EM_EEPROM_ROWS_IN_ARRAY;
1021:C:\Program Files (x86)\Cypress\PSoC Creator\4.4\PSoC Creator\1\LWO3.cydsn\Generated_Source\PSoC4\cy_em_eeprom.c ****         
1022:C:\Program Files (x86)\Cypress\PSoC Creator\4.4\PSoC Creator\1\LWO3.cydsn\Generated_Source\PSoC4\cy_em_eeprom.c ****         #ifndef CY_EM_EEPROM_SKIP_TEMP_MEASUREMENT
1023:C:\Program Files (x86)\Cypress\PSoC Creator\4.4\PSoC Creator\1\LWO3.cydsn\Generated_Source\PSoC4\cy_em_eeprom.c ****             (void)CySetTemp();
1024:C:\Program Files (x86)\Cypress\PSoC Creator\4.4\PSoC Creator\1\LWO3.cydsn\Generated_Source\PSoC4\cy_em_eeprom.c ****         #endif /* (CY_EM_EEPROM_SKIP_TEMP_MEASUREMENT) */
1025:C:\Program Files (x86)\Cypress\PSoC Creator\4.4\PSoC Creator\1\LWO3.cydsn\Generated_Source\PSoC4\cy_em_eeprom.c **** 
1026:C:\Program Files (x86)\Cypress\PSoC Creator\4.4\PSoC Creator\1\LWO3.cydsn\Generated_Source\PSoC4\cy_em_eeprom.c ****         arrayId = rowAddr / CY_FLASH_SIZEOF_ARRAY;
ARM GAS  C:\Users\taips\AppData\Local\Temp\ccZaQHee.s 			page 26


1027:C:\Program Files (x86)\Cypress\PSoC Creator\4.4\PSoC Creator\1\LWO3.cydsn\Generated_Source\PSoC4\cy_em_eeprom.c ****         rc = CyWriteRowData((uint8)arrayId, (uint16)rowId, (uint8 *)rowData);
1028:C:\Program Files (x86)\Cypress\PSoC Creator\4.4\PSoC Creator\1\LWO3.cydsn\Generated_Source\PSoC4\cy_em_eeprom.c ****         
1029:C:\Program Files (x86)\Cypress\PSoC Creator\4.4\PSoC Creator\1\LWO3.cydsn\Generated_Source\PSoC4\cy_em_eeprom.c ****         #if (CY_PSOC5)
1030:C:\Program Files (x86)\Cypress\PSoC Creator\4.4\PSoC Creator\1\LWO3.cydsn\Generated_Source\PSoC4\cy_em_eeprom.c ****             CyFlushCache();
1031:C:\Program Files (x86)\Cypress\PSoC Creator\4.4\PSoC Creator\1\LWO3.cydsn\Generated_Source\PSoC4\cy_em_eeprom.c ****         #endif /* (CY_PSOC5) */
1032:C:\Program Files (x86)\Cypress\PSoC Creator\4.4\PSoC Creator\1\LWO3.cydsn\Generated_Source\PSoC4\cy_em_eeprom.c ****     #endif /* (CY_PSOC4) */
1033:C:\Program Files (x86)\Cypress\PSoC Creator\4.4\PSoC Creator\1\LWO3.cydsn\Generated_Source\PSoC4\cy_em_eeprom.c **** 
1034:C:\Program Files (x86)\Cypress\PSoC Creator\4.4\PSoC Creator\1\LWO3.cydsn\Generated_Source\PSoC4\cy_em_eeprom.c ****     if(CYRET_SUCCESS == rc)
1035:C:\Program Files (x86)\Cypress\PSoC Creator\4.4\PSoC Creator\1\LWO3.cydsn\Generated_Source\PSoC4\cy_em_eeprom.c ****     {
1036:C:\Program Files (x86)\Cypress\PSoC Creator\4.4\PSoC Creator\1\LWO3.cydsn\Generated_Source\PSoC4\cy_em_eeprom.c ****         ret = CY_EM_EEPROM_SUCCESS;
1037:C:\Program Files (x86)\Cypress\PSoC Creator\4.4\PSoC Creator\1\LWO3.cydsn\Generated_Source\PSoC4\cy_em_eeprom.c ****     }
1038:C:\Program Files (x86)\Cypress\PSoC Creator\4.4\PSoC Creator\1\LWO3.cydsn\Generated_Source\PSoC4\cy_em_eeprom.c **** #else /* PSoC 6 */
1039:C:\Program Files (x86)\Cypress\PSoC Creator\4.4\PSoC Creator\1\LWO3.cydsn\Generated_Source\PSoC4\cy_em_eeprom.c ****     if(0u != context->blockingWrite)
1040:C:\Program Files (x86)\Cypress\PSoC Creator\4.4\PSoC Creator\1\LWO3.cydsn\Generated_Source\PSoC4\cy_em_eeprom.c ****     {
1041:C:\Program Files (x86)\Cypress\PSoC Creator\4.4\PSoC Creator\1\LWO3.cydsn\Generated_Source\PSoC4\cy_em_eeprom.c ****         /* Do blocking write */
1042:C:\Program Files (x86)\Cypress\PSoC Creator\4.4\PSoC Creator\1\LWO3.cydsn\Generated_Source\PSoC4\cy_em_eeprom.c ****         if(CY_FLASH_DRV_SUCCESS == Cy_Flash_WriteRow(rowAddr, (const uint32 *)rowData))
1043:C:\Program Files (x86)\Cypress\PSoC Creator\4.4\PSoC Creator\1\LWO3.cydsn\Generated_Source\PSoC4\cy_em_eeprom.c ****         {
1044:C:\Program Files (x86)\Cypress\PSoC Creator\4.4\PSoC Creator\1\LWO3.cydsn\Generated_Source\PSoC4\cy_em_eeprom.c ****             ret = CY_EM_EEPROM_SUCCESS;
1045:C:\Program Files (x86)\Cypress\PSoC Creator\4.4\PSoC Creator\1\LWO3.cydsn\Generated_Source\PSoC4\cy_em_eeprom.c ****         }
1046:C:\Program Files (x86)\Cypress\PSoC Creator\4.4\PSoC Creator\1\LWO3.cydsn\Generated_Source\PSoC4\cy_em_eeprom.c ****     }
1047:C:\Program Files (x86)\Cypress\PSoC Creator\4.4\PSoC Creator\1\LWO3.cydsn\Generated_Source\PSoC4\cy_em_eeprom.c ****     else
1048:C:\Program Files (x86)\Cypress\PSoC Creator\4.4\PSoC Creator\1\LWO3.cydsn\Generated_Source\PSoC4\cy_em_eeprom.c ****     {
1049:C:\Program Files (x86)\Cypress\PSoC Creator\4.4\PSoC Creator\1\LWO3.cydsn\Generated_Source\PSoC4\cy_em_eeprom.c ****         /* Initiate write */
1050:C:\Program Files (x86)\Cypress\PSoC Creator\4.4\PSoC Creator\1\LWO3.cydsn\Generated_Source\PSoC4\cy_em_eeprom.c ****         if(CY_FLASH_DRV_OPERATION_STARTED == Cy_Flash_StartWrite(rowAddr, (const uint32 *)rowData))
1051:C:\Program Files (x86)\Cypress\PSoC Creator\4.4\PSoC Creator\1\LWO3.cydsn\Generated_Source\PSoC4\cy_em_eeprom.c ****         {
1052:C:\Program Files (x86)\Cypress\PSoC Creator\4.4\PSoC Creator\1\LWO3.cydsn\Generated_Source\PSoC4\cy_em_eeprom.c ****             uint32 countMs = CY_EM_EEPROM_MAX_WRITE_DURATION_MS;
1053:C:\Program Files (x86)\Cypress\PSoC Creator\4.4\PSoC Creator\1\LWO3.cydsn\Generated_Source\PSoC4\cy_em_eeprom.c ****             cy_en_flashdrv_status_t rc;
1054:C:\Program Files (x86)\Cypress\PSoC Creator\4.4\PSoC Creator\1\LWO3.cydsn\Generated_Source\PSoC4\cy_em_eeprom.c **** 
1055:C:\Program Files (x86)\Cypress\PSoC Creator\4.4\PSoC Creator\1\LWO3.cydsn\Generated_Source\PSoC4\cy_em_eeprom.c ****             do
1056:C:\Program Files (x86)\Cypress\PSoC Creator\4.4\PSoC Creator\1\LWO3.cydsn\Generated_Source\PSoC4\cy_em_eeprom.c ****             {
1057:C:\Program Files (x86)\Cypress\PSoC Creator\4.4\PSoC Creator\1\LWO3.cydsn\Generated_Source\PSoC4\cy_em_eeprom.c ****                 CyDelay(1u);                         /* Wait 1ms */
1058:C:\Program Files (x86)\Cypress\PSoC Creator\4.4\PSoC Creator\1\LWO3.cydsn\Generated_Source\PSoC4\cy_em_eeprom.c ****                 rc = Cy_Flash_IsWriteComplete();     /* Check if write completed */
1059:C:\Program Files (x86)\Cypress\PSoC Creator\4.4\PSoC Creator\1\LWO3.cydsn\Generated_Source\PSoC4\cy_em_eeprom.c ****                 countMs--;
1060:C:\Program Files (x86)\Cypress\PSoC Creator\4.4\PSoC Creator\1\LWO3.cydsn\Generated_Source\PSoC4\cy_em_eeprom.c ****             }
1061:C:\Program Files (x86)\Cypress\PSoC Creator\4.4\PSoC Creator\1\LWO3.cydsn\Generated_Source\PSoC4\cy_em_eeprom.c ****             while ((rc == CY_FLASH_DRV_OPCODE_BUSY) && (0u != countMs));
1062:C:\Program Files (x86)\Cypress\PSoC Creator\4.4\PSoC Creator\1\LWO3.cydsn\Generated_Source\PSoC4\cy_em_eeprom.c **** 
1063:C:\Program Files (x86)\Cypress\PSoC Creator\4.4\PSoC Creator\1\LWO3.cydsn\Generated_Source\PSoC4\cy_em_eeprom.c ****             if(CY_FLASH_DRV_SUCCESS == rc)
1064:C:\Program Files (x86)\Cypress\PSoC Creator\4.4\PSoC Creator\1\LWO3.cydsn\Generated_Source\PSoC4\cy_em_eeprom.c ****             {
1065:C:\Program Files (x86)\Cypress\PSoC Creator\4.4\PSoC Creator\1\LWO3.cydsn\Generated_Source\PSoC4\cy_em_eeprom.c ****                 ret = CY_EM_EEPROM_SUCCESS;
1066:C:\Program Files (x86)\Cypress\PSoC Creator\4.4\PSoC Creator\1\LWO3.cydsn\Generated_Source\PSoC4\cy_em_eeprom.c ****             }
1067:C:\Program Files (x86)\Cypress\PSoC Creator\4.4\PSoC Creator\1\LWO3.cydsn\Generated_Source\PSoC4\cy_em_eeprom.c ****         }
1068:C:\Program Files (x86)\Cypress\PSoC Creator\4.4\PSoC Creator\1\LWO3.cydsn\Generated_Source\PSoC4\cy_em_eeprom.c ****     }
1069:C:\Program Files (x86)\Cypress\PSoC Creator\4.4\PSoC Creator\1\LWO3.cydsn\Generated_Source\PSoC4\cy_em_eeprom.c **** #endif /* (CY_PSOC6) */
1070:C:\Program Files (x86)\Cypress\PSoC Creator\4.4\PSoC Creator\1\LWO3.cydsn\Generated_Source\PSoC4\cy_em_eeprom.c **** 
1071:C:\Program Files (x86)\Cypress\PSoC Creator\4.4\PSoC Creator\1\LWO3.cydsn\Generated_Source\PSoC4\cy_em_eeprom.c ****     return (ret);
1072:C:\Program Files (x86)\Cypress\PSoC Creator\4.4\PSoC Creator\1\LWO3.cydsn\Generated_Source\PSoC4\cy_em_eeprom.c **** }
1073:C:\Program Files (x86)\Cypress\PSoC Creator\4.4\PSoC Creator\1\LWO3.cydsn\Generated_Source\PSoC4\cy_em_eeprom.c **** 
1074:C:\Program Files (x86)\Cypress\PSoC Creator\4.4\PSoC Creator\1\LWO3.cydsn\Generated_Source\PSoC4\cy_em_eeprom.c **** 
1075:C:\Program Files (x86)\Cypress\PSoC Creator\4.4\PSoC Creator\1\LWO3.cydsn\Generated_Source\PSoC4\cy_em_eeprom.c **** /*******************************************************************************
1076:C:\Program Files (x86)\Cypress\PSoC Creator\4.4\PSoC Creator\1\LWO3.cydsn\Generated_Source\PSoC4\cy_em_eeprom.c **** * Function Name: EraseRow
1077:C:\Program Files (x86)\Cypress\PSoC Creator\4.4\PSoC Creator\1\LWO3.cydsn\Generated_Source\PSoC4\cy_em_eeprom.c **** ****************************************************************************//**
1078:C:\Program Files (x86)\Cypress\PSoC Creator\4.4\PSoC Creator\1\LWO3.cydsn\Generated_Source\PSoC4\cy_em_eeprom.c **** *
1079:C:\Program Files (x86)\Cypress\PSoC Creator\4.4\PSoC Creator\1\LWO3.cydsn\Generated_Source\PSoC4\cy_em_eeprom.c **** * Erases one flash row starting from the specified row address. If the redundant
1080:C:\Program Files (x86)\Cypress\PSoC Creator\4.4\PSoC Creator\1\LWO3.cydsn\Generated_Source\PSoC4\cy_em_eeprom.c **** * copy option is enabled the corresponding row in the redundant copy will also
1081:C:\Program Files (x86)\Cypress\PSoC Creator\4.4\PSoC Creator\1\LWO3.cydsn\Generated_Source\PSoC4\cy_em_eeprom.c **** * be erased.
1082:C:\Program Files (x86)\Cypress\PSoC Creator\4.4\PSoC Creator\1\LWO3.cydsn\Generated_Source\PSoC4\cy_em_eeprom.c **** *
1083:C:\Program Files (x86)\Cypress\PSoC Creator\4.4\PSoC Creator\1\LWO3.cydsn\Generated_Source\PSoC4\cy_em_eeprom.c **** * \param rowAdd
ARM GAS  C:\Users\taips\AppData\Local\Temp\ccZaQHee.s 			page 27


1084:C:\Program Files (x86)\Cypress\PSoC Creator\4.4\PSoC Creator\1\LWO3.cydsn\Generated_Source\PSoC4\cy_em_eeprom.c **** * The address of the flash row.
1085:C:\Program Files (x86)\Cypress\PSoC Creator\4.4\PSoC Creator\1\LWO3.cydsn\Generated_Source\PSoC4\cy_em_eeprom.c **** *
1086:C:\Program Files (x86)\Cypress\PSoC Creator\4.4\PSoC Creator\1\LWO3.cydsn\Generated_Source\PSoC4\cy_em_eeprom.c **** * \param ramBuffAddr
1087:C:\Program Files (x86)\Cypress\PSoC Creator\4.4\PSoC Creator\1\LWO3.cydsn\Generated_Source\PSoC4\cy_em_eeprom.c **** * The address of the RAM buffer that contains zeroed data (used only for
1088:C:\Program Files (x86)\Cypress\PSoC Creator\4.4\PSoC Creator\1\LWO3.cydsn\Generated_Source\PSoC4\cy_em_eeprom.c **** * non-PSoC 6 devices).
1089:C:\Program Files (x86)\Cypress\PSoC Creator\4.4\PSoC Creator\1\LWO3.cydsn\Generated_Source\PSoC4\cy_em_eeprom.c **** *
1090:C:\Program Files (x86)\Cypress\PSoC Creator\4.4\PSoC Creator\1\LWO3.cydsn\Generated_Source\PSoC4\cy_em_eeprom.c **** * \param context
1091:C:\Program Files (x86)\Cypress\PSoC Creator\4.4\PSoC Creator\1\LWO3.cydsn\Generated_Source\PSoC4\cy_em_eeprom.c **** * The pointer to the EEPROM context structure \ref cy_stc_eeprom_context_t.
1092:C:\Program Files (x86)\Cypress\PSoC Creator\4.4\PSoC Creator\1\LWO3.cydsn\Generated_Source\PSoC4\cy_em_eeprom.c **** *
1093:C:\Program Files (x86)\Cypress\PSoC Creator\4.4\PSoC Creator\1\LWO3.cydsn\Generated_Source\PSoC4\cy_em_eeprom.c **** * \return
1094:C:\Program Files (x86)\Cypress\PSoC Creator\4.4\PSoC Creator\1\LWO3.cydsn\Generated_Source\PSoC4\cy_em_eeprom.c **** * error / status code. See \ref cy_en_em_eeprom_status_t.
1095:C:\Program Files (x86)\Cypress\PSoC Creator\4.4\PSoC Creator\1\LWO3.cydsn\Generated_Source\PSoC4\cy_em_eeprom.c **** *
1096:C:\Program Files (x86)\Cypress\PSoC Creator\4.4\PSoC Creator\1\LWO3.cydsn\Generated_Source\PSoC4\cy_em_eeprom.c **** *******************************************************************************/
1097:C:\Program Files (x86)\Cypress\PSoC Creator\4.4\PSoC Creator\1\LWO3.cydsn\Generated_Source\PSoC4\cy_em_eeprom.c **** static cy_en_em_eeprom_status_t EraseRow(uint32 rowAddr,
1098:C:\Program Files (x86)\Cypress\PSoC Creator\4.4\PSoC Creator\1\LWO3.cydsn\Generated_Source\PSoC4\cy_em_eeprom.c ****                                         uint32 ramBuffAddr,
1099:C:\Program Files (x86)\Cypress\PSoC Creator\4.4\PSoC Creator\1\LWO3.cydsn\Generated_Source\PSoC4\cy_em_eeprom.c ****                                         cy_stc_eeprom_context_t * context)
1100:C:\Program Files (x86)\Cypress\PSoC Creator\4.4\PSoC Creator\1\LWO3.cydsn\Generated_Source\PSoC4\cy_em_eeprom.c **** {
1101:C:\Program Files (x86)\Cypress\PSoC Creator\4.4\PSoC Creator\1\LWO3.cydsn\Generated_Source\PSoC4\cy_em_eeprom.c ****     uint32 emEepromRowAddr = rowAddr;
1102:C:\Program Files (x86)\Cypress\PSoC Creator\4.4\PSoC Creator\1\LWO3.cydsn\Generated_Source\PSoC4\cy_em_eeprom.c ****     cy_en_em_eeprom_status_t ret = CY_EM_EEPROM_WRITE_FAIL;
1103:C:\Program Files (x86)\Cypress\PSoC Creator\4.4\PSoC Creator\1\LWO3.cydsn\Generated_Source\PSoC4\cy_em_eeprom.c **** #if (CY_PSOC6)
1104:C:\Program Files (x86)\Cypress\PSoC Creator\4.4\PSoC Creator\1\LWO3.cydsn\Generated_Source\PSoC4\cy_em_eeprom.c ****     uint32 i = 1u;
1105:C:\Program Files (x86)\Cypress\PSoC Creator\4.4\PSoC Creator\1\LWO3.cydsn\Generated_Source\PSoC4\cy_em_eeprom.c **** 
1106:C:\Program Files (x86)\Cypress\PSoC Creator\4.4\PSoC Creator\1\LWO3.cydsn\Generated_Source\PSoC4\cy_em_eeprom.c ****     (void)ramBuffAddr; /* To avoid compiler warning */
1107:C:\Program Files (x86)\Cypress\PSoC Creator\4.4\PSoC Creator\1\LWO3.cydsn\Generated_Source\PSoC4\cy_em_eeprom.c **** 
1108:C:\Program Files (x86)\Cypress\PSoC Creator\4.4\PSoC Creator\1\LWO3.cydsn\Generated_Source\PSoC4\cy_em_eeprom.c ****     if(0u != context->redundantCopy)
1109:C:\Program Files (x86)\Cypress\PSoC Creator\4.4\PSoC Creator\1\LWO3.cydsn\Generated_Source\PSoC4\cy_em_eeprom.c ****     {
1110:C:\Program Files (x86)\Cypress\PSoC Creator\4.4\PSoC Creator\1\LWO3.cydsn\Generated_Source\PSoC4\cy_em_eeprom.c ****         i++;
1111:C:\Program Files (x86)\Cypress\PSoC Creator\4.4\PSoC Creator\1\LWO3.cydsn\Generated_Source\PSoC4\cy_em_eeprom.c ****     }
1112:C:\Program Files (x86)\Cypress\PSoC Creator\4.4\PSoC Creator\1\LWO3.cydsn\Generated_Source\PSoC4\cy_em_eeprom.c **** 
1113:C:\Program Files (x86)\Cypress\PSoC Creator\4.4\PSoC Creator\1\LWO3.cydsn\Generated_Source\PSoC4\cy_em_eeprom.c ****     do
1114:C:\Program Files (x86)\Cypress\PSoC Creator\4.4\PSoC Creator\1\LWO3.cydsn\Generated_Source\PSoC4\cy_em_eeprom.c ****     {
1115:C:\Program Files (x86)\Cypress\PSoC Creator\4.4\PSoC Creator\1\LWO3.cydsn\Generated_Source\PSoC4\cy_em_eeprom.c ****         if(0u != context->blockingWrite)
1116:C:\Program Files (x86)\Cypress\PSoC Creator\4.4\PSoC Creator\1\LWO3.cydsn\Generated_Source\PSoC4\cy_em_eeprom.c ****         {
1117:C:\Program Files (x86)\Cypress\PSoC Creator\4.4\PSoC Creator\1\LWO3.cydsn\Generated_Source\PSoC4\cy_em_eeprom.c ****             /* Erase the flash row */
1118:C:\Program Files (x86)\Cypress\PSoC Creator\4.4\PSoC Creator\1\LWO3.cydsn\Generated_Source\PSoC4\cy_em_eeprom.c ****             if(CY_FLASH_DRV_SUCCESS == Cy_Flash_EraseRow(emEepromRowAddr))
1119:C:\Program Files (x86)\Cypress\PSoC Creator\4.4\PSoC Creator\1\LWO3.cydsn\Generated_Source\PSoC4\cy_em_eeprom.c ****             {
1120:C:\Program Files (x86)\Cypress\PSoC Creator\4.4\PSoC Creator\1\LWO3.cydsn\Generated_Source\PSoC4\cy_em_eeprom.c ****                 ret = CY_EM_EEPROM_SUCCESS;
1121:C:\Program Files (x86)\Cypress\PSoC Creator\4.4\PSoC Creator\1\LWO3.cydsn\Generated_Source\PSoC4\cy_em_eeprom.c ****             }
1122:C:\Program Files (x86)\Cypress\PSoC Creator\4.4\PSoC Creator\1\LWO3.cydsn\Generated_Source\PSoC4\cy_em_eeprom.c ****         }
1123:C:\Program Files (x86)\Cypress\PSoC Creator\4.4\PSoC Creator\1\LWO3.cydsn\Generated_Source\PSoC4\cy_em_eeprom.c ****         else
1124:C:\Program Files (x86)\Cypress\PSoC Creator\4.4\PSoC Creator\1\LWO3.cydsn\Generated_Source\PSoC4\cy_em_eeprom.c ****         {
1125:C:\Program Files (x86)\Cypress\PSoC Creator\4.4\PSoC Creator\1\LWO3.cydsn\Generated_Source\PSoC4\cy_em_eeprom.c ****             /* Initiate erase */
1126:C:\Program Files (x86)\Cypress\PSoC Creator\4.4\PSoC Creator\1\LWO3.cydsn\Generated_Source\PSoC4\cy_em_eeprom.c ****             if(CY_FLASH_DRV_OPERATION_STARTED == Cy_Flash_StartErase(emEepromRowAddr))
1127:C:\Program Files (x86)\Cypress\PSoC Creator\4.4\PSoC Creator\1\LWO3.cydsn\Generated_Source\PSoC4\cy_em_eeprom.c ****             {
1128:C:\Program Files (x86)\Cypress\PSoC Creator\4.4\PSoC Creator\1\LWO3.cydsn\Generated_Source\PSoC4\cy_em_eeprom.c ****                 uint32 countMs = CY_EM_EEPROM_MAX_WRITE_DURATION_MS;
1129:C:\Program Files (x86)\Cypress\PSoC Creator\4.4\PSoC Creator\1\LWO3.cydsn\Generated_Source\PSoC4\cy_em_eeprom.c ****                 cy_en_flashdrv_status_t rc;
1130:C:\Program Files (x86)\Cypress\PSoC Creator\4.4\PSoC Creator\1\LWO3.cydsn\Generated_Source\PSoC4\cy_em_eeprom.c **** 
1131:C:\Program Files (x86)\Cypress\PSoC Creator\4.4\PSoC Creator\1\LWO3.cydsn\Generated_Source\PSoC4\cy_em_eeprom.c ****                 do
1132:C:\Program Files (x86)\Cypress\PSoC Creator\4.4\PSoC Creator\1\LWO3.cydsn\Generated_Source\PSoC4\cy_em_eeprom.c ****                 {
1133:C:\Program Files (x86)\Cypress\PSoC Creator\4.4\PSoC Creator\1\LWO3.cydsn\Generated_Source\PSoC4\cy_em_eeprom.c ****                     CyDelay(1u);                         /* Wait 1ms */
1134:C:\Program Files (x86)\Cypress\PSoC Creator\4.4\PSoC Creator\1\LWO3.cydsn\Generated_Source\PSoC4\cy_em_eeprom.c ****                     rc = Cy_Flash_IsWriteComplete();     /* Check if erase completed */
1135:C:\Program Files (x86)\Cypress\PSoC Creator\4.4\PSoC Creator\1\LWO3.cydsn\Generated_Source\PSoC4\cy_em_eeprom.c ****                     countMs--;
1136:C:\Program Files (x86)\Cypress\PSoC Creator\4.4\PSoC Creator\1\LWO3.cydsn\Generated_Source\PSoC4\cy_em_eeprom.c ****                 }
1137:C:\Program Files (x86)\Cypress\PSoC Creator\4.4\PSoC Creator\1\LWO3.cydsn\Generated_Source\PSoC4\cy_em_eeprom.c ****                 while ((rc == CY_FLASH_DRV_OPCODE_BUSY) && (0u != countMs));
1138:C:\Program Files (x86)\Cypress\PSoC Creator\4.4\PSoC Creator\1\LWO3.cydsn\Generated_Source\PSoC4\cy_em_eeprom.c **** 
1139:C:\Program Files (x86)\Cypress\PSoC Creator\4.4\PSoC Creator\1\LWO3.cydsn\Generated_Source\PSoC4\cy_em_eeprom.c ****                 if(CY_FLASH_DRV_SUCCESS == rc)
1140:C:\Program Files (x86)\Cypress\PSoC Creator\4.4\PSoC Creator\1\LWO3.cydsn\Generated_Source\PSoC4\cy_em_eeprom.c ****                 {
ARM GAS  C:\Users\taips\AppData\Local\Temp\ccZaQHee.s 			page 28


1141:C:\Program Files (x86)\Cypress\PSoC Creator\4.4\PSoC Creator\1\LWO3.cydsn\Generated_Source\PSoC4\cy_em_eeprom.c ****                     ret = CY_EM_EEPROM_SUCCESS;
1142:C:\Program Files (x86)\Cypress\PSoC Creator\4.4\PSoC Creator\1\LWO3.cydsn\Generated_Source\PSoC4\cy_em_eeprom.c ****                 }
1143:C:\Program Files (x86)\Cypress\PSoC Creator\4.4\PSoC Creator\1\LWO3.cydsn\Generated_Source\PSoC4\cy_em_eeprom.c ****             }
1144:C:\Program Files (x86)\Cypress\PSoC Creator\4.4\PSoC Creator\1\LWO3.cydsn\Generated_Source\PSoC4\cy_em_eeprom.c ****         }
1145:C:\Program Files (x86)\Cypress\PSoC Creator\4.4\PSoC Creator\1\LWO3.cydsn\Generated_Source\PSoC4\cy_em_eeprom.c **** 
1146:C:\Program Files (x86)\Cypress\PSoC Creator\4.4\PSoC Creator\1\LWO3.cydsn\Generated_Source\PSoC4\cy_em_eeprom.c ****         if(CY_EM_EEPROM_SUCCESS == ret)
1147:C:\Program Files (x86)\Cypress\PSoC Creator\4.4\PSoC Creator\1\LWO3.cydsn\Generated_Source\PSoC4\cy_em_eeprom.c ****         {
1148:C:\Program Files (x86)\Cypress\PSoC Creator\4.4\PSoC Creator\1\LWO3.cydsn\Generated_Source\PSoC4\cy_em_eeprom.c ****             /* Update the address to point to the redundant copy row */
1149:C:\Program Files (x86)\Cypress\PSoC Creator\4.4\PSoC Creator\1\LWO3.cydsn\Generated_Source\PSoC4\cy_em_eeprom.c ****             emEepromRowAddr = (emEepromRowAddr - context->userFlashStartAddr) + context->wlEndAddr;
1150:C:\Program Files (x86)\Cypress\PSoC Creator\4.4\PSoC Creator\1\LWO3.cydsn\Generated_Source\PSoC4\cy_em_eeprom.c ****         }
1151:C:\Program Files (x86)\Cypress\PSoC Creator\4.4\PSoC Creator\1\LWO3.cydsn\Generated_Source\PSoC4\cy_em_eeprom.c ****         else
1152:C:\Program Files (x86)\Cypress\PSoC Creator\4.4\PSoC Creator\1\LWO3.cydsn\Generated_Source\PSoC4\cy_em_eeprom.c ****         {
1153:C:\Program Files (x86)\Cypress\PSoC Creator\4.4\PSoC Creator\1\LWO3.cydsn\Generated_Source\PSoC4\cy_em_eeprom.c ****             break;
1154:C:\Program Files (x86)\Cypress\PSoC Creator\4.4\PSoC Creator\1\LWO3.cydsn\Generated_Source\PSoC4\cy_em_eeprom.c ****         }
1155:C:\Program Files (x86)\Cypress\PSoC Creator\4.4\PSoC Creator\1\LWO3.cydsn\Generated_Source\PSoC4\cy_em_eeprom.c ****         i--;
1156:C:\Program Files (x86)\Cypress\PSoC Creator\4.4\PSoC Creator\1\LWO3.cydsn\Generated_Source\PSoC4\cy_em_eeprom.c ****     } while (0u != i);
1157:C:\Program Files (x86)\Cypress\PSoC Creator\4.4\PSoC Creator\1\LWO3.cydsn\Generated_Source\PSoC4\cy_em_eeprom.c **** #else
1158:C:\Program Files (x86)\Cypress\PSoC Creator\4.4\PSoC Creator\1\LWO3.cydsn\Generated_Source\PSoC4\cy_em_eeprom.c ****     /* Write the data to the specified flash row */
1159:C:\Program Files (x86)\Cypress\PSoC Creator\4.4\PSoC Creator\1\LWO3.cydsn\Generated_Source\PSoC4\cy_em_eeprom.c ****     ret = WriteRow(emEepromRowAddr, (uint32 *)ramBuffAddr, context);
1160:C:\Program Files (x86)\Cypress\PSoC Creator\4.4\PSoC Creator\1\LWO3.cydsn\Generated_Source\PSoC4\cy_em_eeprom.c **** 
1161:C:\Program Files (x86)\Cypress\PSoC Creator\4.4\PSoC Creator\1\LWO3.cydsn\Generated_Source\PSoC4\cy_em_eeprom.c ****     if((CY_EM_EEPROM_SUCCESS == ret) && (0u != context->redundantCopy))
1162:C:\Program Files (x86)\Cypress\PSoC Creator\4.4\PSoC Creator\1\LWO3.cydsn\Generated_Source\PSoC4\cy_em_eeprom.c ****     {
1163:C:\Program Files (x86)\Cypress\PSoC Creator\4.4\PSoC Creator\1\LWO3.cydsn\Generated_Source\PSoC4\cy_em_eeprom.c ****         /* Update the address to point to the redundant copy row */
1164:C:\Program Files (x86)\Cypress\PSoC Creator\4.4\PSoC Creator\1\LWO3.cydsn\Generated_Source\PSoC4\cy_em_eeprom.c ****         emEepromRowAddr = (emEepromRowAddr - context->userFlashStartAddr) + context->wlEndAddr;
1165:C:\Program Files (x86)\Cypress\PSoC Creator\4.4\PSoC Creator\1\LWO3.cydsn\Generated_Source\PSoC4\cy_em_eeprom.c ****         ret = WriteRow(emEepromRowAddr, (uint32 *)ramBuffAddr, context);
1166:C:\Program Files (x86)\Cypress\PSoC Creator\4.4\PSoC Creator\1\LWO3.cydsn\Generated_Source\PSoC4\cy_em_eeprom.c ****     }
1167:C:\Program Files (x86)\Cypress\PSoC Creator\4.4\PSoC Creator\1\LWO3.cydsn\Generated_Source\PSoC4\cy_em_eeprom.c **** 
1168:C:\Program Files (x86)\Cypress\PSoC Creator\4.4\PSoC Creator\1\LWO3.cydsn\Generated_Source\PSoC4\cy_em_eeprom.c ****     if(CY_EM_EEPROM_SUCCESS == ret)
1169:C:\Program Files (x86)\Cypress\PSoC Creator\4.4\PSoC Creator\1\LWO3.cydsn\Generated_Source\PSoC4\cy_em_eeprom.c ****     {
1170:C:\Program Files (x86)\Cypress\PSoC Creator\4.4\PSoC Creator\1\LWO3.cydsn\Generated_Source\PSoC4\cy_em_eeprom.c ****         context->lastWrRowAddr = rowAddr;
1171:C:\Program Files (x86)\Cypress\PSoC Creator\4.4\PSoC Creator\1\LWO3.cydsn\Generated_Source\PSoC4\cy_em_eeprom.c ****     }
1172:C:\Program Files (x86)\Cypress\PSoC Creator\4.4\PSoC Creator\1\LWO3.cydsn\Generated_Source\PSoC4\cy_em_eeprom.c **** #endif /* (CY_PSOC6) */
1173:C:\Program Files (x86)\Cypress\PSoC Creator\4.4\PSoC Creator\1\LWO3.cydsn\Generated_Source\PSoC4\cy_em_eeprom.c **** 
1174:C:\Program Files (x86)\Cypress\PSoC Creator\4.4\PSoC Creator\1\LWO3.cydsn\Generated_Source\PSoC4\cy_em_eeprom.c ****     return(ret);
1175:C:\Program Files (x86)\Cypress\PSoC Creator\4.4\PSoC Creator\1\LWO3.cydsn\Generated_Source\PSoC4\cy_em_eeprom.c **** }
1176:C:\Program Files (x86)\Cypress\PSoC Creator\4.4\PSoC Creator\1\LWO3.cydsn\Generated_Source\PSoC4\cy_em_eeprom.c **** 
1177:C:\Program Files (x86)\Cypress\PSoC Creator\4.4\PSoC Creator\1\LWO3.cydsn\Generated_Source\PSoC4\cy_em_eeprom.c **** 
1178:C:\Program Files (x86)\Cypress\PSoC Creator\4.4\PSoC Creator\1\LWO3.cydsn\Generated_Source\PSoC4\cy_em_eeprom.c **** /*******************************************************************************
1179:C:\Program Files (x86)\Cypress\PSoC Creator\4.4\PSoC Creator\1\LWO3.cydsn\Generated_Source\PSoC4\cy_em_eeprom.c **** * Function Name: CheckCrcAndCopy
1180:C:\Program Files (x86)\Cypress\PSoC Creator\4.4\PSoC Creator\1\LWO3.cydsn\Generated_Source\PSoC4\cy_em_eeprom.c **** ****************************************************************************//**
1181:C:\Program Files (x86)\Cypress\PSoC Creator\4.4\PSoC Creator\1\LWO3.cydsn\Generated_Source\PSoC4\cy_em_eeprom.c **** *
1182:C:\Program Files (x86)\Cypress\PSoC Creator\4.4\PSoC Creator\1\LWO3.cydsn\Generated_Source\PSoC4\cy_em_eeprom.c **** * Checks the checksum of the specific row in EEPROM. If the CRC matches - copies
1183:C:\Program Files (x86)\Cypress\PSoC Creator\4.4\PSoC Creator\1\LWO3.cydsn\Generated_Source\PSoC4\cy_em_eeprom.c **** * the data to the "datAddr" from EEPROM. f the CRC does not match checks the
1184:C:\Program Files (x86)\Cypress\PSoC Creator\4.4\PSoC Creator\1\LWO3.cydsn\Generated_Source\PSoC4\cy_em_eeprom.c **** * CRC of the corresponding row in the EEPROM's redundant copy. If the CRC
1185:C:\Program Files (x86)\Cypress\PSoC Creator\4.4\PSoC Creator\1\LWO3.cydsn\Generated_Source\PSoC4\cy_em_eeprom.c **** * matches - copies the data to the "datAddr" from EEPROM redundant copy. If the
1186:C:\Program Files (x86)\Cypress\PSoC Creator\4.4\PSoC Creator\1\LWO3.cydsn\Generated_Source\PSoC4\cy_em_eeprom.c **** * CRC of the redundant copy does not match - returns bad checksum.
1187:C:\Program Files (x86)\Cypress\PSoC Creator\4.4\PSoC Creator\1\LWO3.cydsn\Generated_Source\PSoC4\cy_em_eeprom.c **** *
1188:C:\Program Files (x86)\Cypress\PSoC Creator\4.4\PSoC Creator\1\LWO3.cydsn\Generated_Source\PSoC4\cy_em_eeprom.c **** * \param startAddr
1189:C:\Program Files (x86)\Cypress\PSoC Creator\4.4\PSoC Creator\1\LWO3.cydsn\Generated_Source\PSoC4\cy_em_eeprom.c **** * The address that points to the start of the specified row.
1190:C:\Program Files (x86)\Cypress\PSoC Creator\4.4\PSoC Creator\1\LWO3.cydsn\Generated_Source\PSoC4\cy_em_eeprom.c **** *
1191:C:\Program Files (x86)\Cypress\PSoC Creator\4.4\PSoC Creator\1\LWO3.cydsn\Generated_Source\PSoC4\cy_em_eeprom.c **** * \param datAddr
1192:C:\Program Files (x86)\Cypress\PSoC Creator\4.4\PSoC Creator\1\LWO3.cydsn\Generated_Source\PSoC4\cy_em_eeprom.c **** * The start address of where the row data will be copied if the CRC check
1193:C:\Program Files (x86)\Cypress\PSoC Creator\4.4\PSoC Creator\1\LWO3.cydsn\Generated_Source\PSoC4\cy_em_eeprom.c **** * will succeed.
1194:C:\Program Files (x86)\Cypress\PSoC Creator\4.4\PSoC Creator\1\LWO3.cydsn\Generated_Source\PSoC4\cy_em_eeprom.c **** *
1195:C:\Program Files (x86)\Cypress\PSoC Creator\4.4\PSoC Creator\1\LWO3.cydsn\Generated_Source\PSoC4\cy_em_eeprom.c **** * \param rowOffset
1196:C:\Program Files (x86)\Cypress\PSoC Creator\4.4\PSoC Creator\1\LWO3.cydsn\Generated_Source\PSoC4\cy_em_eeprom.c **** * The offset in the row from which the data should be copied.
1197:C:\Program Files (x86)\Cypress\PSoC Creator\4.4\PSoC Creator\1\LWO3.cydsn\Generated_Source\PSoC4\cy_em_eeprom.c **** *
ARM GAS  C:\Users\taips\AppData\Local\Temp\ccZaQHee.s 			page 29


1198:C:\Program Files (x86)\Cypress\PSoC Creator\4.4\PSoC Creator\1\LWO3.cydsn\Generated_Source\PSoC4\cy_em_eeprom.c **** * \param numBytes
1199:C:\Program Files (x86)\Cypress\PSoC Creator\4.4\PSoC Creator\1\LWO3.cydsn\Generated_Source\PSoC4\cy_em_eeprom.c **** * The number of bytes to be copied.
1200:C:\Program Files (x86)\Cypress\PSoC Creator\4.4\PSoC Creator\1\LWO3.cydsn\Generated_Source\PSoC4\cy_em_eeprom.c **** *
1201:C:\Program Files (x86)\Cypress\PSoC Creator\4.4\PSoC Creator\1\LWO3.cydsn\Generated_Source\PSoC4\cy_em_eeprom.c **** * \param context
1202:C:\Program Files (x86)\Cypress\PSoC Creator\4.4\PSoC Creator\1\LWO3.cydsn\Generated_Source\PSoC4\cy_em_eeprom.c **** * The pointer to the EEPROM context structure \ref cy_stc_eeprom_context_t.
1203:C:\Program Files (x86)\Cypress\PSoC Creator\4.4\PSoC Creator\1\LWO3.cydsn\Generated_Source\PSoC4\cy_em_eeprom.c **** *
1204:C:\Program Files (x86)\Cypress\PSoC Creator\4.4\PSoC Creator\1\LWO3.cydsn\Generated_Source\PSoC4\cy_em_eeprom.c **** * \return
1205:C:\Program Files (x86)\Cypress\PSoC Creator\4.4\PSoC Creator\1\LWO3.cydsn\Generated_Source\PSoC4\cy_em_eeprom.c **** * error / status code. See \ref cy_en_em_eeprom_status_t.
1206:C:\Program Files (x86)\Cypress\PSoC Creator\4.4\PSoC Creator\1\LWO3.cydsn\Generated_Source\PSoC4\cy_em_eeprom.c **** *
1207:C:\Program Files (x86)\Cypress\PSoC Creator\4.4\PSoC Creator\1\LWO3.cydsn\Generated_Source\PSoC4\cy_em_eeprom.c **** * \note
1208:C:\Program Files (x86)\Cypress\PSoC Creator\4.4\PSoC Creator\1\LWO3.cydsn\Generated_Source\PSoC4\cy_em_eeprom.c **** * This function uses a buffer of the flash row size to perform read
1209:C:\Program Files (x86)\Cypress\PSoC Creator\4.4\PSoC Creator\1\LWO3.cydsn\Generated_Source\PSoC4\cy_em_eeprom.c **** * operation. For the size of the row refer to the specific PSoC device
1210:C:\Program Files (x86)\Cypress\PSoC Creator\4.4\PSoC Creator\1\LWO3.cydsn\Generated_Source\PSoC4\cy_em_eeprom.c **** * datasheet.
1211:C:\Program Files (x86)\Cypress\PSoC Creator\4.4\PSoC Creator\1\LWO3.cydsn\Generated_Source\PSoC4\cy_em_eeprom.c **** *
1212:C:\Program Files (x86)\Cypress\PSoC Creator\4.4\PSoC Creator\1\LWO3.cydsn\Generated_Source\PSoC4\cy_em_eeprom.c **** *******************************************************************************/
1213:C:\Program Files (x86)\Cypress\PSoC Creator\4.4\PSoC Creator\1\LWO3.cydsn\Generated_Source\PSoC4\cy_em_eeprom.c **** static cy_en_em_eeprom_status_t CheckCrcAndCopy(uint32 startAddr,
1214:C:\Program Files (x86)\Cypress\PSoC Creator\4.4\PSoC Creator\1\LWO3.cydsn\Generated_Source\PSoC4\cy_em_eeprom.c ****                                                 uint32 dstAddr,
1215:C:\Program Files (x86)\Cypress\PSoC Creator\4.4\PSoC Creator\1\LWO3.cydsn\Generated_Source\PSoC4\cy_em_eeprom.c ****                                                 uint32 rowOffset,
1216:C:\Program Files (x86)\Cypress\PSoC Creator\4.4\PSoC Creator\1\LWO3.cydsn\Generated_Source\PSoC4\cy_em_eeprom.c ****                                                 uint32 numBytes,
1217:C:\Program Files (x86)\Cypress\PSoC Creator\4.4\PSoC Creator\1\LWO3.cydsn\Generated_Source\PSoC4\cy_em_eeprom.c ****                                                 cy_stc_eeprom_context_t * context)
1218:C:\Program Files (x86)\Cypress\PSoC Creator\4.4\PSoC Creator\1\LWO3.cydsn\Generated_Source\PSoC4\cy_em_eeprom.c **** {
1219:C:\Program Files (x86)\Cypress\PSoC Creator\4.4\PSoC Creator\1\LWO3.cydsn\Generated_Source\PSoC4\cy_em_eeprom.c ****     cy_en_em_eeprom_status_t ret;
1220:C:\Program Files (x86)\Cypress\PSoC Creator\4.4\PSoC Creator\1\LWO3.cydsn\Generated_Source\PSoC4\cy_em_eeprom.c ****     uint32 writeRamBuffer[CY_EM_EEPROM_FLASH_SIZEOF_ROW / CY_EM_EEPROM_U32_DIV];
1221:C:\Program Files (x86)\Cypress\PSoC Creator\4.4\PSoC Creator\1\LWO3.cydsn\Generated_Source\PSoC4\cy_em_eeprom.c **** 
1222:C:\Program Files (x86)\Cypress\PSoC Creator\4.4\PSoC Creator\1\LWO3.cydsn\Generated_Source\PSoC4\cy_em_eeprom.c ****     /* Calculate the row address in the EEPROM's redundant copy */
1223:C:\Program Files (x86)\Cypress\PSoC Creator\4.4\PSoC Creator\1\LWO3.cydsn\Generated_Source\PSoC4\cy_em_eeprom.c ****     uint32 rcStartRowAddr = (startAddr - context->userFlashStartAddr) + context->wlEndAddr;
1224:C:\Program Files (x86)\Cypress\PSoC Creator\4.4\PSoC Creator\1\LWO3.cydsn\Generated_Source\PSoC4\cy_em_eeprom.c **** 
1225:C:\Program Files (x86)\Cypress\PSoC Creator\4.4\PSoC Creator\1\LWO3.cydsn\Generated_Source\PSoC4\cy_em_eeprom.c ****     /* Check the row data CRC in the EEPROM */
1226:C:\Program Files (x86)\Cypress\PSoC Creator\4.4\PSoC Creator\1\LWO3.cydsn\Generated_Source\PSoC4\cy_em_eeprom.c ****     if((*(uint32 *)(startAddr + CY_EM_EEPROM_HEADER_CHECKSUM_OFFSET)) ==
1227:C:\Program Files (x86)\Cypress\PSoC Creator\4.4\PSoC Creator\1\LWO3.cydsn\Generated_Source\PSoC4\cy_em_eeprom.c ****         ((uint32) CalcChecksum((uint8 *)(startAddr + CY_EM_EEPROM_EEPROM_DATA_OFFSET),
1228:C:\Program Files (x86)\Cypress\PSoC Creator\4.4\PSoC Creator\1\LWO3.cydsn\Generated_Source\PSoC4\cy_em_eeprom.c ****             CY_EM_EEPROM_EEPROM_DATA_LEN)))
1229:C:\Program Files (x86)\Cypress\PSoC Creator\4.4\PSoC Creator\1\LWO3.cydsn\Generated_Source\PSoC4\cy_em_eeprom.c ****     {
1230:C:\Program Files (x86)\Cypress\PSoC Creator\4.4\PSoC Creator\1\LWO3.cydsn\Generated_Source\PSoC4\cy_em_eeprom.c ****         (void)memcpy((void *)(dstAddr), (void *)(startAddr + rowOffset), numBytes);
1231:C:\Program Files (x86)\Cypress\PSoC Creator\4.4\PSoC Creator\1\LWO3.cydsn\Generated_Source\PSoC4\cy_em_eeprom.c **** 
1232:C:\Program Files (x86)\Cypress\PSoC Creator\4.4\PSoC Creator\1\LWO3.cydsn\Generated_Source\PSoC4\cy_em_eeprom.c ****         ret = CY_EM_EEPROM_SUCCESS;
1233:C:\Program Files (x86)\Cypress\PSoC Creator\4.4\PSoC Creator\1\LWO3.cydsn\Generated_Source\PSoC4\cy_em_eeprom.c ****     }
1234:C:\Program Files (x86)\Cypress\PSoC Creator\4.4\PSoC Creator\1\LWO3.cydsn\Generated_Source\PSoC4\cy_em_eeprom.c ****     /* Check the row data CRC in the EEPROM's redundant copy */
1235:C:\Program Files (x86)\Cypress\PSoC Creator\4.4\PSoC Creator\1\LWO3.cydsn\Generated_Source\PSoC4\cy_em_eeprom.c ****     else if((*(uint32 *)(rcStartRowAddr + CY_EM_EEPROM_HEADER_CHECKSUM_OFFSET)) ==
1236:C:\Program Files (x86)\Cypress\PSoC Creator\4.4\PSoC Creator\1\LWO3.cydsn\Generated_Source\PSoC4\cy_em_eeprom.c ****             ((uint32) CalcChecksum((uint8 *)(rcStartRowAddr + CY_EM_EEPROM_EEPROM_DATA_OFFSET),
1237:C:\Program Files (x86)\Cypress\PSoC Creator\4.4\PSoC Creator\1\LWO3.cydsn\Generated_Source\PSoC4\cy_em_eeprom.c ****                 CY_EM_EEPROM_EEPROM_DATA_LEN)))
1238:C:\Program Files (x86)\Cypress\PSoC Creator\4.4\PSoC Creator\1\LWO3.cydsn\Generated_Source\PSoC4\cy_em_eeprom.c ****     {
1239:C:\Program Files (x86)\Cypress\PSoC Creator\4.4\PSoC Creator\1\LWO3.cydsn\Generated_Source\PSoC4\cy_em_eeprom.c ****         /* Copy the redundant copy row to RAM buffer to avoid read while write (RWW)
1240:C:\Program Files (x86)\Cypress\PSoC Creator\4.4\PSoC Creator\1\LWO3.cydsn\Generated_Source\PSoC4\cy_em_eeprom.c ****         * flash exception. The RWW occurs while trying to write and read the data from
1241:C:\Program Files (x86)\Cypress\PSoC Creator\4.4\PSoC Creator\1\LWO3.cydsn\Generated_Source\PSoC4\cy_em_eeprom.c ****         * same flash macro.
1242:C:\Program Files (x86)\Cypress\PSoC Creator\4.4\PSoC Creator\1\LWO3.cydsn\Generated_Source\PSoC4\cy_em_eeprom.c ****         */
1243:C:\Program Files (x86)\Cypress\PSoC Creator\4.4\PSoC Creator\1\LWO3.cydsn\Generated_Source\PSoC4\cy_em_eeprom.c ****         (void)memcpy((void *)(writeRamBuffer), (void *)(rcStartRowAddr), CY_EM_EEPROM_FLASH_SIZEOF_
1244:C:\Program Files (x86)\Cypress\PSoC Creator\4.4\PSoC Creator\1\LWO3.cydsn\Generated_Source\PSoC4\cy_em_eeprom.c **** 
1245:C:\Program Files (x86)\Cypress\PSoC Creator\4.4\PSoC Creator\1\LWO3.cydsn\Generated_Source\PSoC4\cy_em_eeprom.c ****         /* Restore bad row data from the RAM buffer */
1246:C:\Program Files (x86)\Cypress\PSoC Creator\4.4\PSoC Creator\1\LWO3.cydsn\Generated_Source\PSoC4\cy_em_eeprom.c ****         ret = WriteRow(startAddr, (uint32 *)writeRamBuffer, context);
1247:C:\Program Files (x86)\Cypress\PSoC Creator\4.4\PSoC Creator\1\LWO3.cydsn\Generated_Source\PSoC4\cy_em_eeprom.c **** 
1248:C:\Program Files (x86)\Cypress\PSoC Creator\4.4\PSoC Creator\1\LWO3.cydsn\Generated_Source\PSoC4\cy_em_eeprom.c ****         if(CY_EM_EEPROM_SUCCESS == ret)
1249:C:\Program Files (x86)\Cypress\PSoC Creator\4.4\PSoC Creator\1\LWO3.cydsn\Generated_Source\PSoC4\cy_em_eeprom.c ****         {
1250:C:\Program Files (x86)\Cypress\PSoC Creator\4.4\PSoC Creator\1\LWO3.cydsn\Generated_Source\PSoC4\cy_em_eeprom.c ****             (void)memcpy((void *)(dstAddr), (void *)(writeRamBuffer + rowOffset), numBytes);
1251:C:\Program Files (x86)\Cypress\PSoC Creator\4.4\PSoC Creator\1\LWO3.cydsn\Generated_Source\PSoC4\cy_em_eeprom.c ****         }
1252:C:\Program Files (x86)\Cypress\PSoC Creator\4.4\PSoC Creator\1\LWO3.cydsn\Generated_Source\PSoC4\cy_em_eeprom.c ****     }
1253:C:\Program Files (x86)\Cypress\PSoC Creator\4.4\PSoC Creator\1\LWO3.cydsn\Generated_Source\PSoC4\cy_em_eeprom.c ****     else
1254:C:\Program Files (x86)\Cypress\PSoC Creator\4.4\PSoC Creator\1\LWO3.cydsn\Generated_Source\PSoC4\cy_em_eeprom.c ****     {
ARM GAS  C:\Users\taips\AppData\Local\Temp\ccZaQHee.s 			page 30


1255:C:\Program Files (x86)\Cypress\PSoC Creator\4.4\PSoC Creator\1\LWO3.cydsn\Generated_Source\PSoC4\cy_em_eeprom.c ****         ret = CY_EM_EEPROM_BAD_CHECKSUM;
1256:C:\Program Files (x86)\Cypress\PSoC Creator\4.4\PSoC Creator\1\LWO3.cydsn\Generated_Source\PSoC4\cy_em_eeprom.c ****     }
1257:C:\Program Files (x86)\Cypress\PSoC Creator\4.4\PSoC Creator\1\LWO3.cydsn\Generated_Source\PSoC4\cy_em_eeprom.c **** 
1258:C:\Program Files (x86)\Cypress\PSoC Creator\4.4\PSoC Creator\1\LWO3.cydsn\Generated_Source\PSoC4\cy_em_eeprom.c ****     return(ret);
1259:C:\Program Files (x86)\Cypress\PSoC Creator\4.4\PSoC Creator\1\LWO3.cydsn\Generated_Source\PSoC4\cy_em_eeprom.c **** }
1260:C:\Program Files (x86)\Cypress\PSoC Creator\4.4\PSoC Creator\1\LWO3.cydsn\Generated_Source\PSoC4\cy_em_eeprom.c **** 
1261:C:\Program Files (x86)\Cypress\PSoC Creator\4.4\PSoC Creator\1\LWO3.cydsn\Generated_Source\PSoC4\cy_em_eeprom.c **** 
1262:C:\Program Files (x86)\Cypress\PSoC Creator\4.4\PSoC Creator\1\LWO3.cydsn\Generated_Source\PSoC4\cy_em_eeprom.c **** /*******************************************************************************
1263:C:\Program Files (x86)\Cypress\PSoC Creator\4.4\PSoC Creator\1\LWO3.cydsn\Generated_Source\PSoC4\cy_em_eeprom.c **** * Function Name: GetAddresses
1264:C:\Program Files (x86)\Cypress\PSoC Creator\4.4\PSoC Creator\1\LWO3.cydsn\Generated_Source\PSoC4\cy_em_eeprom.c **** ****************************************************************************//**
1265:C:\Program Files (x86)\Cypress\PSoC Creator\4.4\PSoC Creator\1\LWO3.cydsn\Generated_Source\PSoC4\cy_em_eeprom.c **** *
1266:C:\Program Files (x86)\Cypress\PSoC Creator\4.4\PSoC Creator\1\LWO3.cydsn\Generated_Source\PSoC4\cy_em_eeprom.c **** * Calculates the start and end address of the row's EEPROM data to be updated.
1267:C:\Program Files (x86)\Cypress\PSoC Creator\4.4\PSoC Creator\1\LWO3.cydsn\Generated_Source\PSoC4\cy_em_eeprom.c **** * The start and end are not absolute addresses but a relative addresses in a
1268:C:\Program Files (x86)\Cypress\PSoC Creator\4.4\PSoC Creator\1\LWO3.cydsn\Generated_Source\PSoC4\cy_em_eeprom.c **** * flash row.
1269:C:\Program Files (x86)\Cypress\PSoC Creator\4.4\PSoC Creator\1\LWO3.cydsn\Generated_Source\PSoC4\cy_em_eeprom.c **** *
1270:C:\Program Files (x86)\Cypress\PSoC Creator\4.4\PSoC Creator\1\LWO3.cydsn\Generated_Source\PSoC4\cy_em_eeprom.c **** * \param startAddr
1271:C:\Program Files (x86)\Cypress\PSoC Creator\4.4\PSoC Creator\1\LWO3.cydsn\Generated_Source\PSoC4\cy_em_eeprom.c **** * The pointer the address where the EEPROM data start address will be returned.
1272:C:\Program Files (x86)\Cypress\PSoC Creator\4.4\PSoC Creator\1\LWO3.cydsn\Generated_Source\PSoC4\cy_em_eeprom.c **** *
1273:C:\Program Files (x86)\Cypress\PSoC Creator\4.4\PSoC Creator\1\LWO3.cydsn\Generated_Source\PSoC4\cy_em_eeprom.c **** * \param endAddr
1274:C:\Program Files (x86)\Cypress\PSoC Creator\4.4\PSoC Creator\1\LWO3.cydsn\Generated_Source\PSoC4\cy_em_eeprom.c **** * The pointer the address where the EEPROM data end address will be returned.
1275:C:\Program Files (x86)\Cypress\PSoC Creator\4.4\PSoC Creator\1\LWO3.cydsn\Generated_Source\PSoC4\cy_em_eeprom.c **** *
1276:C:\Program Files (x86)\Cypress\PSoC Creator\4.4\PSoC Creator\1\LWO3.cydsn\Generated_Source\PSoC4\cy_em_eeprom.c **** * \param offset
1277:C:\Program Files (x86)\Cypress\PSoC Creator\4.4\PSoC Creator\1\LWO3.cydsn\Generated_Source\PSoC4\cy_em_eeprom.c **** * The pointer the address where the calculated offset of the EEPROM header data
1278:C:\Program Files (x86)\Cypress\PSoC Creator\4.4\PSoC Creator\1\LWO3.cydsn\Generated_Source\PSoC4\cy_em_eeprom.c **** * will be returned.
1279:C:\Program Files (x86)\Cypress\PSoC Creator\4.4\PSoC Creator\1\LWO3.cydsn\Generated_Source\PSoC4\cy_em_eeprom.c **** *
1280:C:\Program Files (x86)\Cypress\PSoC Creator\4.4\PSoC Creator\1\LWO3.cydsn\Generated_Source\PSoC4\cy_em_eeprom.c **** * \param rowNum
1281:C:\Program Files (x86)\Cypress\PSoC Creator\4.4\PSoC Creator\1\LWO3.cydsn\Generated_Source\PSoC4\cy_em_eeprom.c **** * The row number that is about to be written.
1282:C:\Program Files (x86)\Cypress\PSoC Creator\4.4\PSoC Creator\1\LWO3.cydsn\Generated_Source\PSoC4\cy_em_eeprom.c **** *
1283:C:\Program Files (x86)\Cypress\PSoC Creator\4.4\PSoC Creator\1\LWO3.cydsn\Generated_Source\PSoC4\cy_em_eeprom.c **** * \param addr
1284:C:\Program Files (x86)\Cypress\PSoC Creator\4.4\PSoC Creator\1\LWO3.cydsn\Generated_Source\PSoC4\cy_em_eeprom.c **** * The address of the EEPROM header data in the currently analyzed row that may
1285:C:\Program Files (x86)\Cypress\PSoC Creator\4.4\PSoC Creator\1\LWO3.cydsn\Generated_Source\PSoC4\cy_em_eeprom.c **** * concern to the row about to be written.
1286:C:\Program Files (x86)\Cypress\PSoC Creator\4.4\PSoC Creator\1\LWO3.cydsn\Generated_Source\PSoC4\cy_em_eeprom.c **** *
1287:C:\Program Files (x86)\Cypress\PSoC Creator\4.4\PSoC Creator\1\LWO3.cydsn\Generated_Source\PSoC4\cy_em_eeprom.c **** * \param len
1288:C:\Program Files (x86)\Cypress\PSoC Creator\4.4\PSoC Creator\1\LWO3.cydsn\Generated_Source\PSoC4\cy_em_eeprom.c **** * The length of the EEPROM header data in the currently analyzed row that may
1289:C:\Program Files (x86)\Cypress\PSoC Creator\4.4\PSoC Creator\1\LWO3.cydsn\Generated_Source\PSoC4\cy_em_eeprom.c **** * concern to the row about to be written.
1290:C:\Program Files (x86)\Cypress\PSoC Creator\4.4\PSoC Creator\1\LWO3.cydsn\Generated_Source\PSoC4\cy_em_eeprom.c **** *
1291:C:\Program Files (x86)\Cypress\PSoC Creator\4.4\PSoC Creator\1\LWO3.cydsn\Generated_Source\PSoC4\cy_em_eeprom.c **** * \return
1292:C:\Program Files (x86)\Cypress\PSoC Creator\4.4\PSoC Creator\1\LWO3.cydsn\Generated_Source\PSoC4\cy_em_eeprom.c **** * Zero indicates that the currently analyzed row has the data to be written to
1293:C:\Program Files (x86)\Cypress\PSoC Creator\4.4\PSoC Creator\1\LWO3.cydsn\Generated_Source\PSoC4\cy_em_eeprom.c **** * the active EEPROM row data locations. Non zero value indicates that there is
1294:C:\Program Files (x86)\Cypress\PSoC Creator\4.4\PSoC Creator\1\LWO3.cydsn\Generated_Source\PSoC4\cy_em_eeprom.c **** * no data to be written
1295:C:\Program Files (x86)\Cypress\PSoC Creator\4.4\PSoC Creator\1\LWO3.cydsn\Generated_Source\PSoC4\cy_em_eeprom.c **** *
1296:C:\Program Files (x86)\Cypress\PSoC Creator\4.4\PSoC Creator\1\LWO3.cydsn\Generated_Source\PSoC4\cy_em_eeprom.c **** *******************************************************************************/
1297:C:\Program Files (x86)\Cypress\PSoC Creator\4.4\PSoC Creator\1\LWO3.cydsn\Generated_Source\PSoC4\cy_em_eeprom.c **** static uint32 GetAddresses(uint32 *startAddr, 
1298:C:\Program Files (x86)\Cypress\PSoC Creator\4.4\PSoC Creator\1\LWO3.cydsn\Generated_Source\PSoC4\cy_em_eeprom.c ****                         uint32 *endAddr, 
1299:C:\Program Files (x86)\Cypress\PSoC Creator\4.4\PSoC Creator\1\LWO3.cydsn\Generated_Source\PSoC4\cy_em_eeprom.c ****                         uint32 *offset,
1300:C:\Program Files (x86)\Cypress\PSoC Creator\4.4\PSoC Creator\1\LWO3.cydsn\Generated_Source\PSoC4\cy_em_eeprom.c ****                         uint32 rowNum,
1301:C:\Program Files (x86)\Cypress\PSoC Creator\4.4\PSoC Creator\1\LWO3.cydsn\Generated_Source\PSoC4\cy_em_eeprom.c ****                         uint32 addr,
1302:C:\Program Files (x86)\Cypress\PSoC Creator\4.4\PSoC Creator\1\LWO3.cydsn\Generated_Source\PSoC4\cy_em_eeprom.c ****                         uint32 len)
1303:C:\Program Files (x86)\Cypress\PSoC Creator\4.4\PSoC Creator\1\LWO3.cydsn\Generated_Source\PSoC4\cy_em_eeprom.c **** {
 387              		.loc 1 1303 0
 388              		.cfi_startproc
 389              		@ args = 8, pretend = 0, frame = 0
 390              		@ frame_needed = 0, uses_anonymous_args = 0
 391              	.LVL51:
 392 0000 F0B5     		push	{r4, r5, r6, r7, lr}
 393              		.cfi_def_cfa_offset 20
 394              		.cfi_offset 4, -20
ARM GAS  C:\Users\taips\AppData\Local\Temp\ccZaQHee.s 			page 31


 395              		.cfi_offset 5, -16
 396              		.cfi_offset 6, -12
 397              		.cfi_offset 7, -8
 398              		.cfi_offset 14, -4
 399 0002 059C     		ldr	r4, [sp, #20]
 400              	.LVL52:
1304:C:\Program Files (x86)\Cypress\PSoC Creator\4.4\PSoC Creator\1\LWO3.cydsn\Generated_Source\PSoC4\cy_em_eeprom.c ****     uint32 skip = 0u;
1305:C:\Program Files (x86)\Cypress\PSoC Creator\4.4\PSoC Creator\1\LWO3.cydsn\Generated_Source\PSoC4\cy_em_eeprom.c **** 
1306:C:\Program Files (x86)\Cypress\PSoC Creator\4.4\PSoC Creator\1\LWO3.cydsn\Generated_Source\PSoC4\cy_em_eeprom.c ****     *offset =0u;
 401              		.loc 1 1306 0
 402 0004 0025     		movs	r5, #0
 403 0006 1560     		str	r5, [r2]
1307:C:\Program Files (x86)\Cypress\PSoC Creator\4.4\PSoC Creator\1\LWO3.cydsn\Generated_Source\PSoC4\cy_em_eeprom.c **** 
1308:C:\Program Files (x86)\Cypress\PSoC Creator\4.4\PSoC Creator\1\LWO3.cydsn\Generated_Source\PSoC4\cy_em_eeprom.c ****     if(0u != CY_EM_EEPROM_IS_ADDR_IN_ROW_RANGE(addr, rowNum))
 404              		.loc 1 1308 0
 405 0008 9D01     		lsls	r5, r3, #6
 406 000a A542     		cmp	r5, r4
 407 000c 06D8     		bhi	.L37
 408              		.loc 1 1308 0 is_stmt 0 discriminator 1
 409 000e 5E1C     		adds	r6, r3, #1
 410 0010 B601     		lsls	r6, r6, #6
 411 0012 013E     		subs	r6, r6, #1
 412 0014 B442     		cmp	r4, r6
 413 0016 03D9     		bls	.L38
 414              		.loc 1 1308 0
 415 0018 0026     		movs	r6, #0
 416 001a 02E0     		b	.L31
 417              	.L37:
 418 001c 0026     		movs	r6, #0
 419 001e 00E0     		b	.L31
 420              	.L38:
 421 0020 0126     		movs	r6, #1
 422              	.L31:
 423              		.loc 1 1308 0 discriminator 6
 424 0022 002E     		cmp	r6, #0
 425 0024 1ED0     		beq	.L32
1309:C:\Program Files (x86)\Cypress\PSoC Creator\4.4\PSoC Creator\1\LWO3.cydsn\Generated_Source\PSoC4\cy_em_eeprom.c ****     {
1310:C:\Program Files (x86)\Cypress\PSoC Creator\4.4\PSoC Creator\1\LWO3.cydsn\Generated_Source\PSoC4\cy_em_eeprom.c ****         *startAddr = CY_EM_EEPROM_EEPROM_DATA_LEN + (addr % CY_EM_EEPROM_EEPROM_DATA_LEN);
 426              		.loc 1 1310 0 is_stmt 1
 427 0026 3F22     		movs	r2, #63
 428              	.LVL53:
 429 0028 2240     		ands	r2, r4
 430 002a 4032     		adds	r2, r2, #64
 431 002c 0260     		str	r2, [r0]
1311:C:\Program Files (x86)\Cypress\PSoC Creator\4.4\PSoC Creator\1\LWO3.cydsn\Generated_Source\PSoC4\cy_em_eeprom.c **** 
1312:C:\Program Files (x86)\Cypress\PSoC Creator\4.4\PSoC Creator\1\LWO3.cydsn\Generated_Source\PSoC4\cy_em_eeprom.c ****         if(0u != CY_EM_EEPROM_IS_ADDR_IN_ROW_RANGE(addr + len, rowNum))
 432              		.loc 1 1312 0
 433 002e 0698     		ldr	r0, [sp, #24]
 434              	.LVL54:
 435 0030 8446     		mov	ip, r0
 436 0032 6444     		add	r4, r4, ip
 437 0034 A542     		cmp	r5, r4
 438 0036 06D8     		bhi	.L39
 439              		.loc 1 1312 0 is_stmt 0 discriminator 1
 440 0038 0133     		adds	r3, r3, #1
 441              	.LVL55:
 442 003a 9B01     		lsls	r3, r3, #6
ARM GAS  C:\Users\taips\AppData\Local\Temp\ccZaQHee.s 			page 32


 443              	.LVL56:
 444 003c 013B     		subs	r3, r3, #1
 445 003e 9C42     		cmp	r4, r3
 446 0040 03D9     		bls	.L40
 447              		.loc 1 1312 0
 448 0042 0023     		movs	r3, #0
 449 0044 02E0     		b	.L33
 450              	.LVL57:
 451              	.L39:
 452 0046 0023     		movs	r3, #0
 453              	.LVL58:
 454 0048 00E0     		b	.L33
 455              	.L40:
 456 004a 0123     		movs	r3, #1
 457              	.L33:
 458              		.loc 1 1312 0 discriminator 6
 459 004c 002B     		cmp	r3, #0
 460 004e 05D0     		beq	.L34
1313:C:\Program Files (x86)\Cypress\PSoC Creator\4.4\PSoC Creator\1\LWO3.cydsn\Generated_Source\PSoC4\cy_em_eeprom.c ****         {
1314:C:\Program Files (x86)\Cypress\PSoC Creator\4.4\PSoC Creator\1\LWO3.cydsn\Generated_Source\PSoC4\cy_em_eeprom.c ****             *endAddr = *startAddr + len;
 461              		.loc 1 1314 0 is_stmt 1
 462 0050 069B     		ldr	r3, [sp, #24]
 463 0052 9C46     		mov	ip, r3
 464 0054 6244     		add	r2, r2, ip
 465 0056 0A60     		str	r2, [r1]
1304:C:\Program Files (x86)\Cypress\PSoC Creator\4.4\PSoC Creator\1\LWO3.cydsn\Generated_Source\PSoC4\cy_em_eeprom.c **** 
 466              		.loc 1 1304 0
 467 0058 0020     		movs	r0, #0
 468 005a 21E0     		b	.L35
 469              	.L34:
1315:C:\Program Files (x86)\Cypress\PSoC Creator\4.4\PSoC Creator\1\LWO3.cydsn\Generated_Source\PSoC4\cy_em_eeprom.c ****         }
1316:C:\Program Files (x86)\Cypress\PSoC Creator\4.4\PSoC Creator\1\LWO3.cydsn\Generated_Source\PSoC4\cy_em_eeprom.c ****         else
1317:C:\Program Files (x86)\Cypress\PSoC Creator\4.4\PSoC Creator\1\LWO3.cydsn\Generated_Source\PSoC4\cy_em_eeprom.c ****         {
1318:C:\Program Files (x86)\Cypress\PSoC Creator\4.4\PSoC Creator\1\LWO3.cydsn\Generated_Source\PSoC4\cy_em_eeprom.c ****             *endAddr = CY_EM_EEPROM_FLASH_SIZEOF_ROW;
 470              		.loc 1 1318 0
 471 005c 8023     		movs	r3, #128
 472 005e 0B60     		str	r3, [r1]
1304:C:\Program Files (x86)\Cypress\PSoC Creator\4.4\PSoC Creator\1\LWO3.cydsn\Generated_Source\PSoC4\cy_em_eeprom.c **** 
 473              		.loc 1 1304 0
 474 0060 0020     		movs	r0, #0
 475 0062 1DE0     		b	.L35
 476              	.LVL59:
 477              	.L32:
1319:C:\Program Files (x86)\Cypress\PSoC Creator\4.4\PSoC Creator\1\LWO3.cydsn\Generated_Source\PSoC4\cy_em_eeprom.c ****         }
1320:C:\Program Files (x86)\Cypress\PSoC Creator\4.4\PSoC Creator\1\LWO3.cydsn\Generated_Source\PSoC4\cy_em_eeprom.c ****     }
1321:C:\Program Files (x86)\Cypress\PSoC Creator\4.4\PSoC Creator\1\LWO3.cydsn\Generated_Source\PSoC4\cy_em_eeprom.c ****     else
1322:C:\Program Files (x86)\Cypress\PSoC Creator\4.4\PSoC Creator\1\LWO3.cydsn\Generated_Source\PSoC4\cy_em_eeprom.c ****     {
1323:C:\Program Files (x86)\Cypress\PSoC Creator\4.4\PSoC Creator\1\LWO3.cydsn\Generated_Source\PSoC4\cy_em_eeprom.c **** 
1324:C:\Program Files (x86)\Cypress\PSoC Creator\4.4\PSoC Creator\1\LWO3.cydsn\Generated_Source\PSoC4\cy_em_eeprom.c ****         if(0u != CY_EM_EEPROM_IS_ADDR_IN_ROW_RANGE(addr + len, rowNum))
 478              		.loc 1 1324 0
 479 0064 069F     		ldr	r7, [sp, #24]
 480 0066 E719     		adds	r7, r4, r7
 481 0068 BD42     		cmp	r5, r7
 482 006a 05D8     		bhi	.L36
 483              		.loc 1 1324 0 is_stmt 0 discriminator 1
 484 006c 0133     		adds	r3, r3, #1
 485              	.LVL60:
ARM GAS  C:\Users\taips\AppData\Local\Temp\ccZaQHee.s 			page 33


 486 006e 9B01     		lsls	r3, r3, #6
 487              	.LVL61:
 488 0070 013B     		subs	r3, r3, #1
 489 0072 9F42     		cmp	r7, r3
 490 0074 00D8     		bhi	.L36
 491              		.loc 1 1324 0
 492 0076 0126     		movs	r6, #1
 493              	.L36:
 494              		.loc 1 1324 0 discriminator 6
 495 0078 002E     		cmp	r6, #0
 496 007a 10D0     		beq	.L42
1325:C:\Program Files (x86)\Cypress\PSoC Creator\4.4\PSoC Creator\1\LWO3.cydsn\Generated_Source\PSoC4\cy_em_eeprom.c ****         {
1326:C:\Program Files (x86)\Cypress\PSoC Creator\4.4\PSoC Creator\1\LWO3.cydsn\Generated_Source\PSoC4\cy_em_eeprom.c ****             *startAddr = CY_EM_EEPROM_EEPROM_DATA_LEN;
 497              		.loc 1 1326 0 is_stmt 1
 498 007c 4023     		movs	r3, #64
 499 007e 0360     		str	r3, [r0]
1327:C:\Program Files (x86)\Cypress\PSoC Creator\4.4\PSoC Creator\1\LWO3.cydsn\Generated_Source\PSoC4\cy_em_eeprom.c ****             *endAddr = (*startAddr + len) - (*startAddr - (addr % CY_EM_EEPROM_EEPROM_DATA_LEN));
 500              		.loc 1 1327 0
 501 0080 069B     		ldr	r3, [sp, #24]
 502 0082 4033     		adds	r3, r3, #64
 503 0084 3F25     		movs	r5, #63
 504 0086 2C40     		ands	r4, r5
 505 0088 403C     		subs	r4, r4, #64
 506 008a 1C19     		adds	r4, r3, r4
 507 008c 0C60     		str	r4, [r1]
1328:C:\Program Files (x86)\Cypress\PSoC Creator\4.4\PSoC Creator\1\LWO3.cydsn\Generated_Source\PSoC4\cy_em_eeprom.c ****             *offset = len - (*endAddr - *startAddr);
 508              		.loc 1 1328 0
 509 008e 0368     		ldr	r3, [r0]
 510 0090 1C1B     		subs	r4, r3, r4
 511 0092 069B     		ldr	r3, [sp, #24]
 512 0094 9C46     		mov	ip, r3
 513 0096 6444     		add	r4, r4, ip
 514 0098 1460     		str	r4, [r2]
1304:C:\Program Files (x86)\Cypress\PSoC Creator\4.4\PSoC Creator\1\LWO3.cydsn\Generated_Source\PSoC4\cy_em_eeprom.c **** 
 515              		.loc 1 1304 0
 516 009a 0020     		movs	r0, #0
 517              	.LVL62:
 518 009c 00E0     		b	.L35
 519              	.LVL63:
 520              	.L42:
1329:C:\Program Files (x86)\Cypress\PSoC Creator\4.4\PSoC Creator\1\LWO3.cydsn\Generated_Source\PSoC4\cy_em_eeprom.c ****         }
1330:C:\Program Files (x86)\Cypress\PSoC Creator\4.4\PSoC Creator\1\LWO3.cydsn\Generated_Source\PSoC4\cy_em_eeprom.c ****         else
1331:C:\Program Files (x86)\Cypress\PSoC Creator\4.4\PSoC Creator\1\LWO3.cydsn\Generated_Source\PSoC4\cy_em_eeprom.c ****         {
1332:C:\Program Files (x86)\Cypress\PSoC Creator\4.4\PSoC Creator\1\LWO3.cydsn\Generated_Source\PSoC4\cy_em_eeprom.c ****             skip++;
 521              		.loc 1 1332 0
 522 009e 0120     		movs	r0, #1
 523              	.LVL64:
 524              	.L35:
1333:C:\Program Files (x86)\Cypress\PSoC Creator\4.4\PSoC Creator\1\LWO3.cydsn\Generated_Source\PSoC4\cy_em_eeprom.c ****         }
1334:C:\Program Files (x86)\Cypress\PSoC Creator\4.4\PSoC Creator\1\LWO3.cydsn\Generated_Source\PSoC4\cy_em_eeprom.c ****     }
1335:C:\Program Files (x86)\Cypress\PSoC Creator\4.4\PSoC Creator\1\LWO3.cydsn\Generated_Source\PSoC4\cy_em_eeprom.c **** 
1336:C:\Program Files (x86)\Cypress\PSoC Creator\4.4\PSoC Creator\1\LWO3.cydsn\Generated_Source\PSoC4\cy_em_eeprom.c ****     return (skip);
1337:C:\Program Files (x86)\Cypress\PSoC Creator\4.4\PSoC Creator\1\LWO3.cydsn\Generated_Source\PSoC4\cy_em_eeprom.c **** }
 525              		.loc 1 1337 0
 526              		@ sp needed
 527 00a0 F0BD     		pop	{r4, r5, r6, r7, pc}
 528              		.cfi_endproc
ARM GAS  C:\Users\taips\AppData\Local\Temp\ccZaQHee.s 			page 34


 529              	.LFE13:
 530              		.size	GetAddresses, .-GetAddresses
 531 00a2 C046     		.section	.text.WriteRow,"ax",%progbits
 532              		.align	2
 533              		.code	16
 534              		.thumb_func
 535              		.type	WriteRow, %function
 536              	WriteRow:
 537              	.LFB10:
 994:C:\Program Files (x86)\Cypress\PSoC Creator\4.4\PSoC Creator\1\LWO3.cydsn\Generated_Source\PSoC4\cy_em_eeprom.c ****     cy_en_em_eeprom_status_t ret = CY_EM_EEPROM_WRITE_FAIL;
 538              		.loc 1 994 0
 539              		.cfi_startproc
 540              		@ args = 0, pretend = 0, frame = 0
 541              		@ frame_needed = 0, uses_anonymous_args = 0
 542              	.LVL65:
 543 0000 10B5     		push	{r4, lr}
 544              		.cfi_def_cfa_offset 8
 545              		.cfi_offset 4, -8
 546              		.cfi_offset 14, -4
 547              	.LVL66:
1015:C:\Program Files (x86)\Cypress\PSoC Creator\4.4\PSoC Creator\1\LWO3.cydsn\Generated_Source\PSoC4\cy_em_eeprom.c ****         
 548              		.loc 1 1015 0
 549 0002 C009     		lsrs	r0, r0, #7
 550              	.LVL67:
1017:C:\Program Files (x86)\Cypress\PSoC Creator\4.4\PSoC Creator\1\LWO3.cydsn\Generated_Source\PSoC4\cy_em_eeprom.c ****     #else
 551              		.loc 1 1017 0
 552 0004 FFF7FEFF 		bl	CySysFlashWriteRow
 553              	.LVL68:
1034:C:\Program Files (x86)\Cypress\PSoC Creator\4.4\PSoC Creator\1\LWO3.cydsn\Generated_Source\PSoC4\cy_em_eeprom.c ****     {
 554              		.loc 1 1034 0
 555 0008 0028     		cmp	r0, #0
 556 000a 01D0     		beq	.L45
 995:C:\Program Files (x86)\Cypress\PSoC Creator\4.4\PSoC Creator\1\LWO3.cydsn\Generated_Source\PSoC4\cy_em_eeprom.c **** #if (!CY_PSOC6)
 557              		.loc 1 995 0
 558 000c 0420     		movs	r0, #4
 559              	.LVL69:
 560 000e 00E0     		b	.L44
 561              	.LVL70:
 562              	.L45:
1036:C:\Program Files (x86)\Cypress\PSoC Creator\4.4\PSoC Creator\1\LWO3.cydsn\Generated_Source\PSoC4\cy_em_eeprom.c ****     }
 563              		.loc 1 1036 0
 564 0010 0020     		movs	r0, #0
 565              	.LVL71:
 566              	.L44:
1072:C:\Program Files (x86)\Cypress\PSoC Creator\4.4\PSoC Creator\1\LWO3.cydsn\Generated_Source\PSoC4\cy_em_eeprom.c **** 
 567              		.loc 1 1072 0
 568              		@ sp needed
 569 0012 10BD     		pop	{r4, pc}
 570              		.cfi_endproc
 571              	.LFE10:
 572              		.size	WriteRow, .-WriteRow
 573              		.section	.text.FillChecksum,"ax",%progbits
 574              		.align	2
 575              		.code	16
 576              		.thumb_func
 577              		.type	FillChecksum, %function
 578              	FillChecksum:
ARM GAS  C:\Users\taips\AppData\Local\Temp\ccZaQHee.s 			page 35


 579              	.LFB14:
1338:C:\Program Files (x86)\Cypress\PSoC Creator\4.4\PSoC Creator\1\LWO3.cydsn\Generated_Source\PSoC4\cy_em_eeprom.c **** 
1339:C:\Program Files (x86)\Cypress\PSoC Creator\4.4\PSoC Creator\1\LWO3.cydsn\Generated_Source\PSoC4\cy_em_eeprom.c **** 
1340:C:\Program Files (x86)\Cypress\PSoC Creator\4.4\PSoC Creator\1\LWO3.cydsn\Generated_Source\PSoC4\cy_em_eeprom.c **** /*******************************************************************************
1341:C:\Program Files (x86)\Cypress\PSoC Creator\4.4\PSoC Creator\1\LWO3.cydsn\Generated_Source\PSoC4\cy_em_eeprom.c **** * Function Name: FillChecksum
1342:C:\Program Files (x86)\Cypress\PSoC Creator\4.4\PSoC Creator\1\LWO3.cydsn\Generated_Source\PSoC4\cy_em_eeprom.c **** ****************************************************************************//**
1343:C:\Program Files (x86)\Cypress\PSoC Creator\4.4\PSoC Creator\1\LWO3.cydsn\Generated_Source\PSoC4\cy_em_eeprom.c **** *
1344:C:\Program Files (x86)\Cypress\PSoC Creator\4.4\PSoC Creator\1\LWO3.cydsn\Generated_Source\PSoC4\cy_em_eeprom.c **** * Performs calculation of the checksum on each row in the Em_EEPROM and fills
1345:C:\Program Files (x86)\Cypress\PSoC Creator\4.4\PSoC Creator\1\LWO3.cydsn\Generated_Source\PSoC4\cy_em_eeprom.c **** * the Em_EEPROM headers checksum field with the calculated checksums.
1346:C:\Program Files (x86)\Cypress\PSoC Creator\4.4\PSoC Creator\1\LWO3.cydsn\Generated_Source\PSoC4\cy_em_eeprom.c **** *
1347:C:\Program Files (x86)\Cypress\PSoC Creator\4.4\PSoC Creator\1\LWO3.cydsn\Generated_Source\PSoC4\cy_em_eeprom.c **** * \param context
1348:C:\Program Files (x86)\Cypress\PSoC Creator\4.4\PSoC Creator\1\LWO3.cydsn\Generated_Source\PSoC4\cy_em_eeprom.c **** * The pointer to the EEPROM context structure.
1349:C:\Program Files (x86)\Cypress\PSoC Creator\4.4\PSoC Creator\1\LWO3.cydsn\Generated_Source\PSoC4\cy_em_eeprom.c **** *
1350:C:\Program Files (x86)\Cypress\PSoC Creator\4.4\PSoC Creator\1\LWO3.cydsn\Generated_Source\PSoC4\cy_em_eeprom.c **** * \return
1351:C:\Program Files (x86)\Cypress\PSoC Creator\4.4\PSoC Creator\1\LWO3.cydsn\Generated_Source\PSoC4\cy_em_eeprom.c **** * error / status code. See \ref cy_en_em_eeprom_status_t.
1352:C:\Program Files (x86)\Cypress\PSoC Creator\4.4\PSoC Creator\1\LWO3.cydsn\Generated_Source\PSoC4\cy_em_eeprom.c **** *
1353:C:\Program Files (x86)\Cypress\PSoC Creator\4.4\PSoC Creator\1\LWO3.cydsn\Generated_Source\PSoC4\cy_em_eeprom.c **** * \theory 
1354:C:\Program Files (x86)\Cypress\PSoC Creator\4.4\PSoC Creator\1\LWO3.cydsn\Generated_Source\PSoC4\cy_em_eeprom.c **** * In case if redundant copy option is used the Em_EEPROM would return bad 
1355:C:\Program Files (x86)\Cypress\PSoC Creator\4.4\PSoC Creator\1\LWO3.cydsn\Generated_Source\PSoC4\cy_em_eeprom.c **** * checksum while trying to read the EEPROM rows which were not yet written by 
1356:C:\Program Files (x86)\Cypress\PSoC Creator\4.4\PSoC Creator\1\LWO3.cydsn\Generated_Source\PSoC4\cy_em_eeprom.c **** * the user. E.g. any read after device reprogramming without previous Write() 
1357:C:\Program Files (x86)\Cypress\PSoC Creator\4.4\PSoC Creator\1\LWO3.cydsn\Generated_Source\PSoC4\cy_em_eeprom.c **** * operation to the EEPROM would fail. This would happen because the Em_EEPROM 
1358:C:\Program Files (x86)\Cypress\PSoC Creator\4.4\PSoC Creator\1\LWO3.cydsn\Generated_Source\PSoC4\cy_em_eeprom.c **** * headers checksum field values (which is zero at the moment) would not be 
1359:C:\Program Files (x86)\Cypress\PSoC Creator\4.4\PSoC Creator\1\LWO3.cydsn\Generated_Source\PSoC4\cy_em_eeprom.c **** * equal to the actual data checksum. This function allows to avoid read failure
1360:C:\Program Files (x86)\Cypress\PSoC Creator\4.4\PSoC Creator\1\LWO3.cydsn\Generated_Source\PSoC4\cy_em_eeprom.c **** * after device reprogramming. 
1361:C:\Program Files (x86)\Cypress\PSoC Creator\4.4\PSoC Creator\1\LWO3.cydsn\Generated_Source\PSoC4\cy_em_eeprom.c **** *
1362:C:\Program Files (x86)\Cypress\PSoC Creator\4.4\PSoC Creator\1\LWO3.cydsn\Generated_Source\PSoC4\cy_em_eeprom.c **** * \note
1363:C:\Program Files (x86)\Cypress\PSoC Creator\4.4\PSoC Creator\1\LWO3.cydsn\Generated_Source\PSoC4\cy_em_eeprom.c **** * This function uses a buffer of the flash row size to perform read
1364:C:\Program Files (x86)\Cypress\PSoC Creator\4.4\PSoC Creator\1\LWO3.cydsn\Generated_Source\PSoC4\cy_em_eeprom.c **** * operation. For the size of the row refer to the specific PSoC device
1365:C:\Program Files (x86)\Cypress\PSoC Creator\4.4\PSoC Creator\1\LWO3.cydsn\Generated_Source\PSoC4\cy_em_eeprom.c **** * datasheet.
1366:C:\Program Files (x86)\Cypress\PSoC Creator\4.4\PSoC Creator\1\LWO3.cydsn\Generated_Source\PSoC4\cy_em_eeprom.c **** *
1367:C:\Program Files (x86)\Cypress\PSoC Creator\4.4\PSoC Creator\1\LWO3.cydsn\Generated_Source\PSoC4\cy_em_eeprom.c **** *******************************************************************************/
1368:C:\Program Files (x86)\Cypress\PSoC Creator\4.4\PSoC Creator\1\LWO3.cydsn\Generated_Source\PSoC4\cy_em_eeprom.c **** static cy_en_em_eeprom_status_t FillChecksum(cy_stc_eeprom_context_t * context)
1369:C:\Program Files (x86)\Cypress\PSoC Creator\4.4\PSoC Creator\1\LWO3.cydsn\Generated_Source\PSoC4\cy_em_eeprom.c **** {
 580              		.loc 1 1369 0
 581              		.cfi_startproc
 582              		@ args = 0, pretend = 0, frame = 136
 583              		@ frame_needed = 0, uses_anonymous_args = 0
 584              	.LVL72:
 585 0000 F0B5     		push	{r4, r5, r6, r7, lr}
 586              		.cfi_def_cfa_offset 20
 587              		.cfi_offset 4, -20
 588              		.cfi_offset 5, -16
 589              		.cfi_offset 6, -12
 590              		.cfi_offset 7, -8
 591              		.cfi_offset 14, -4
 592 0002 A3B0     		sub	sp, sp, #140
 593              		.cfi_def_cfa_offset 160
 594 0004 0400     		movs	r4, r0
1370:C:\Program Files (x86)\Cypress\PSoC Creator\4.4\PSoC Creator\1\LWO3.cydsn\Generated_Source\PSoC4\cy_em_eeprom.c ****     uint32 i;
1371:C:\Program Files (x86)\Cypress\PSoC Creator\4.4\PSoC Creator\1\LWO3.cydsn\Generated_Source\PSoC4\cy_em_eeprom.c ****     uint32 rdAddr;
1372:C:\Program Files (x86)\Cypress\PSoC Creator\4.4\PSoC Creator\1\LWO3.cydsn\Generated_Source\PSoC4\cy_em_eeprom.c ****     uint32 writeRamBuffer[CY_EM_EEPROM_FLASH_SIZEOF_ROW / CY_EM_EEPROM_U32_DIV];
1373:C:\Program Files (x86)\Cypress\PSoC Creator\4.4\PSoC Creator\1\LWO3.cydsn\Generated_Source\PSoC4\cy_em_eeprom.c ****     uint32 wrAddr = context->lastWrRowAddr;
 595              		.loc 1 1373 0
 596 0006 8368     		ldr	r3, [r0, #8]
 597 0008 0093     		str	r3, [sp]
1374:C:\Program Files (x86)\Cypress\PSoC Creator\4.4\PSoC Creator\1\LWO3.cydsn\Generated_Source\PSoC4\cy_em_eeprom.c ****     uint32 tmpRowAddr;
1375:C:\Program Files (x86)\Cypress\PSoC Creator\4.4\PSoC Creator\1\LWO3.cydsn\Generated_Source\PSoC4\cy_em_eeprom.c ****     /* Get the sequence number (number of writes) */
ARM GAS  C:\Users\taips\AppData\Local\Temp\ccZaQHee.s 			page 36


1376:C:\Program Files (x86)\Cypress\PSoC Creator\4.4\PSoC Creator\1\LWO3.cydsn\Generated_Source\PSoC4\cy_em_eeprom.c ****     uint32 seqNum = CY_EM_EEPROM_GET_SEQ_NUM(wrAddr);
 598              		.loc 1 1376 0
 599 000a 1D68     		ldr	r5, [r3]
 600              	.LVL73:
1377:C:\Program Files (x86)\Cypress\PSoC Creator\4.4\PSoC Creator\1\LWO3.cydsn\Generated_Source\PSoC4\cy_em_eeprom.c ****     cy_en_em_eeprom_status_t ret = CY_EM_EEPROM_BAD_PARAM;
 601              		.loc 1 1377 0
 602 000c 0126     		movs	r6, #1
1378:C:\Program Files (x86)\Cypress\PSoC Creator\4.4\PSoC Creator\1\LWO3.cydsn\Generated_Source\PSoC4\cy_em_eeprom.c **** 
1379:C:\Program Files (x86)\Cypress\PSoC Creator\4.4\PSoC Creator\1\LWO3.cydsn\Generated_Source\PSoC4\cy_em_eeprom.c ****     for(i = 0u; i < (context->numberOfRows * context->wearLevelingFactor); i++)
 603              		.loc 1 1379 0
 604 000e 0027     		movs	r7, #0
 605 0010 23E0     		b	.L47
 606              	.LVL74:
 607              	.L48:
1380:C:\Program Files (x86)\Cypress\PSoC Creator\4.4\PSoC Creator\1\LWO3.cydsn\Generated_Source\PSoC4\cy_em_eeprom.c ****     {
1381:C:\Program Files (x86)\Cypress\PSoC Creator\4.4\PSoC Creator\1\LWO3.cydsn\Generated_Source\PSoC4\cy_em_eeprom.c ****         /* Copy the EEPROM row from Flash to RAM */
1382:C:\Program Files (x86)\Cypress\PSoC Creator\4.4\PSoC Creator\1\LWO3.cydsn\Generated_Source\PSoC4\cy_em_eeprom.c ****         (void)memcpy((void *)&writeRamBuffer[0u], (void *)(wrAddr), CY_EM_EEPROM_FLASH_SIZEOF_ROW);
 608              		.loc 1 1382 0 discriminator 3
 609 0012 009E     		ldr	r6, [sp]
 610              	.LVL75:
 611 0014 8022     		movs	r2, #128
 612 0016 3100     		movs	r1, r6
 613 0018 01A8     		add	r0, sp, #4
 614 001a FFF7FEFF 		bl	memcpy
 615              	.LVL76:
1383:C:\Program Files (x86)\Cypress\PSoC Creator\4.4\PSoC Creator\1\LWO3.cydsn\Generated_Source\PSoC4\cy_em_eeprom.c **** 
1384:C:\Program Files (x86)\Cypress\PSoC Creator\4.4\PSoC Creator\1\LWO3.cydsn\Generated_Source\PSoC4\cy_em_eeprom.c ****         /* Increment the sequence number */
1385:C:\Program Files (x86)\Cypress\PSoC Creator\4.4\PSoC Creator\1\LWO3.cydsn\Generated_Source\PSoC4\cy_em_eeprom.c ****         seqNum++;
 616              		.loc 1 1385 0 discriminator 3
 617 001e 0135     		adds	r5, r5, #1
 618              	.LVL77:
1386:C:\Program Files (x86)\Cypress\PSoC Creator\4.4\PSoC Creator\1\LWO3.cydsn\Generated_Source\PSoC4\cy_em_eeprom.c ****         writeRamBuffer[CY_EM_EEPROM_HEADER_SEQ_NUM_OFFSET_U32] = seqNum;
 619              		.loc 1 1386 0 discriminator 3
 620 0020 0195     		str	r5, [sp, #4]
1387:C:\Program Files (x86)\Cypress\PSoC Creator\4.4\PSoC Creator\1\LWO3.cydsn\Generated_Source\PSoC4\cy_em_eeprom.c **** 
1388:C:\Program Files (x86)\Cypress\PSoC Creator\4.4\PSoC Creator\1\LWO3.cydsn\Generated_Source\PSoC4\cy_em_eeprom.c ****         /* Calculate and fill the checksum to the Em_EEPROM header */
1389:C:\Program Files (x86)\Cypress\PSoC Creator\4.4\PSoC Creator\1\LWO3.cydsn\Generated_Source\PSoC4\cy_em_eeprom.c ****         writeRamBuffer[CY_EM_EEPROM_HEADER_CHECKSUM_OFFSET_U32] = (uint32)
1390:C:\Program Files (x86)\Cypress\PSoC Creator\4.4\PSoC Creator\1\LWO3.cydsn\Generated_Source\PSoC4\cy_em_eeprom.c ****                     CalcChecksum((uint8 *) &writeRamBuffer[CY_EM_EEPROM_EEPROM_DATA_OFFSET_U32],
 621              		.loc 1 1390 0 discriminator 3
 622 0022 4021     		movs	r1, #64
 623 0024 11A8     		add	r0, sp, #68
 624 0026 FFF7FEFF 		bl	CalcChecksum
 625              	.LVL78:
1389:C:\Program Files (x86)\Cypress\PSoC Creator\4.4\PSoC Creator\1\LWO3.cydsn\Generated_Source\PSoC4\cy_em_eeprom.c ****                     CalcChecksum((uint8 *) &writeRamBuffer[CY_EM_EEPROM_EEPROM_DATA_OFFSET_U32],
 626              		.loc 1 1389 0 discriminator 3
 627 002a 1090     		str	r0, [sp, #64]
1391:C:\Program Files (x86)\Cypress\PSoC Creator\4.4\PSoC Creator\1\LWO3.cydsn\Generated_Source\PSoC4\cy_em_eeprom.c ****                                               CY_EM_EEPROM_EEPROM_DATA_LEN);
1392:C:\Program Files (x86)\Cypress\PSoC Creator\4.4\PSoC Creator\1\LWO3.cydsn\Generated_Source\PSoC4\cy_em_eeprom.c **** 
1393:C:\Program Files (x86)\Cypress\PSoC Creator\4.4\PSoC Creator\1\LWO3.cydsn\Generated_Source\PSoC4\cy_em_eeprom.c ****         /* Write the data to the specified flash row */
1394:C:\Program Files (x86)\Cypress\PSoC Creator\4.4\PSoC Creator\1\LWO3.cydsn\Generated_Source\PSoC4\cy_em_eeprom.c ****         ret = WriteRow(wrAddr, writeRamBuffer, context);
 628              		.loc 1 1394 0 discriminator 3
 629 002c 2200     		movs	r2, r4
 630 002e 01A9     		add	r1, sp, #4
 631 0030 3000     		movs	r0, r6
 632 0032 FFF7FEFF 		bl	WriteRow
 633              	.LVL79:
1395:C:\Program Files (x86)\Cypress\PSoC Creator\4.4\PSoC Creator\1\LWO3.cydsn\Generated_Source\PSoC4\cy_em_eeprom.c **** 
ARM GAS  C:\Users\taips\AppData\Local\Temp\ccZaQHee.s 			page 37


1396:C:\Program Files (x86)\Cypress\PSoC Creator\4.4\PSoC Creator\1\LWO3.cydsn\Generated_Source\PSoC4\cy_em_eeprom.c ****         /* Update the row address to point to the relevant row in the redundant 
1397:C:\Program Files (x86)\Cypress\PSoC Creator\4.4\PSoC Creator\1\LWO3.cydsn\Generated_Source\PSoC4\cy_em_eeprom.c ****         * EEPROM's copy.
1398:C:\Program Files (x86)\Cypress\PSoC Creator\4.4\PSoC Creator\1\LWO3.cydsn\Generated_Source\PSoC4\cy_em_eeprom.c ****         */
1399:C:\Program Files (x86)\Cypress\PSoC Creator\4.4\PSoC Creator\1\LWO3.cydsn\Generated_Source\PSoC4\cy_em_eeprom.c ****         tmpRowAddr = (wrAddr - context->userFlashStartAddr) + context->wlEndAddr;
 634              		.loc 1 1399 0 discriminator 3
 635 0036 009B     		ldr	r3, [sp]
 636 0038 A269     		ldr	r2, [r4, #24]
 637 003a 981A     		subs	r0, r3, r2
 638 003c 2368     		ldr	r3, [r4]
 639 003e 9C46     		mov	ip, r3
 640 0040 6044     		add	r0, r0, ip
 641              	.LVL80:
1400:C:\Program Files (x86)\Cypress\PSoC Creator\4.4\PSoC Creator\1\LWO3.cydsn\Generated_Source\PSoC4\cy_em_eeprom.c **** 
1401:C:\Program Files (x86)\Cypress\PSoC Creator\4.4\PSoC Creator\1\LWO3.cydsn\Generated_Source\PSoC4\cy_em_eeprom.c ****         /* Write the data to the specified flash row */
1402:C:\Program Files (x86)\Cypress\PSoC Creator\4.4\PSoC Creator\1\LWO3.cydsn\Generated_Source\PSoC4\cy_em_eeprom.c ****         ret = WriteRow(tmpRowAddr, writeRamBuffer, context);
 642              		.loc 1 1402 0 discriminator 3
 643 0042 2200     		movs	r2, r4
 644 0044 01A9     		add	r1, sp, #4
 645 0046 FFF7FEFF 		bl	WriteRow
 646              	.LVL81:
 647 004a 0600     		movs	r6, r0
 648              	.LVL82:
1403:C:\Program Files (x86)\Cypress\PSoC Creator\4.4\PSoC Creator\1\LWO3.cydsn\Generated_Source\PSoC4\cy_em_eeprom.c **** 
1404:C:\Program Files (x86)\Cypress\PSoC Creator\4.4\PSoC Creator\1\LWO3.cydsn\Generated_Source\PSoC4\cy_em_eeprom.c ****         /* Get the address of the next row to be written. 
1405:C:\Program Files (x86)\Cypress\PSoC Creator\4.4\PSoC Creator\1\LWO3.cydsn\Generated_Source\PSoC4\cy_em_eeprom.c ****         * "rdAddr" is not used in this function but provided to prevent NULL 
1406:C:\Program Files (x86)\Cypress\PSoC Creator\4.4\PSoC Creator\1\LWO3.cydsn\Generated_Source\PSoC4\cy_em_eeprom.c ****         * pointer exception in GetNextRowToWrite().
1407:C:\Program Files (x86)\Cypress\PSoC Creator\4.4\PSoC Creator\1\LWO3.cydsn\Generated_Source\PSoC4\cy_em_eeprom.c ****         */
1408:C:\Program Files (x86)\Cypress\PSoC Creator\4.4\PSoC Creator\1\LWO3.cydsn\Generated_Source\PSoC4\cy_em_eeprom.c ****         GetNextRowToWrite(seqNum, &wrAddr, &rdAddr, context);
 649              		.loc 1 1408 0 discriminator 3
 650 004c 2300     		movs	r3, r4
 651 004e 21AA     		add	r2, sp, #132
 652 0050 6946     		mov	r1, sp
 653 0052 2800     		movs	r0, r5
 654              	.LVL83:
 655 0054 FFF7FEFF 		bl	GetNextRowToWrite
 656              	.LVL84:
1379:C:\Program Files (x86)\Cypress\PSoC Creator\4.4\PSoC Creator\1\LWO3.cydsn\Generated_Source\PSoC4\cy_em_eeprom.c ****     {
 657              		.loc 1 1379 0 discriminator 3
 658 0058 0137     		adds	r7, r7, #1
 659              	.LVL85:
 660              	.L47:
1379:C:\Program Files (x86)\Cypress\PSoC Creator\4.4\PSoC Creator\1\LWO3.cydsn\Generated_Source\PSoC4\cy_em_eeprom.c ****     {
 661              		.loc 1 1379 0 is_stmt 0 discriminator 1
 662 005a 2369     		ldr	r3, [r4, #16]
 663 005c 6268     		ldr	r2, [r4, #4]
 664 005e 5343     		muls	r3, r2
 665 0060 9F42     		cmp	r7, r3
 666 0062 D6D3     		bcc	.L48
1409:C:\Program Files (x86)\Cypress\PSoC Creator\4.4\PSoC Creator\1\LWO3.cydsn\Generated_Source\PSoC4\cy_em_eeprom.c ****     }
1410:C:\Program Files (x86)\Cypress\PSoC Creator\4.4\PSoC Creator\1\LWO3.cydsn\Generated_Source\PSoC4\cy_em_eeprom.c ****     
1411:C:\Program Files (x86)\Cypress\PSoC Creator\4.4\PSoC Creator\1\LWO3.cydsn\Generated_Source\PSoC4\cy_em_eeprom.c ****     return(ret);
1412:C:\Program Files (x86)\Cypress\PSoC Creator\4.4\PSoC Creator\1\LWO3.cydsn\Generated_Source\PSoC4\cy_em_eeprom.c **** }
 667              		.loc 1 1412 0 is_stmt 1
 668 0064 3000     		movs	r0, r6
 669 0066 23B0     		add	sp, sp, #140
 670              		@ sp needed
 671              	.LVL86:
ARM GAS  C:\Users\taips\AppData\Local\Temp\ccZaQHee.s 			page 38


 672              	.LVL87:
 673              	.LVL88:
 674              	.LVL89:
 675 0068 F0BD     		pop	{r4, r5, r6, r7, pc}
 676              		.cfi_endproc
 677              	.LFE14:
 678              		.size	FillChecksum, .-FillChecksum
 679 006a C046     		.section	.text.CheckCrcAndCopy,"ax",%progbits
 680              		.align	2
 681              		.code	16
 682              		.thumb_func
 683              		.type	CheckCrcAndCopy, %function
 684              	CheckCrcAndCopy:
 685              	.LFB12:
1218:C:\Program Files (x86)\Cypress\PSoC Creator\4.4\PSoC Creator\1\LWO3.cydsn\Generated_Source\PSoC4\cy_em_eeprom.c ****     cy_en_em_eeprom_status_t ret;
 686              		.loc 1 1218 0
 687              		.cfi_startproc
 688              		@ args = 4, pretend = 0, frame = 144
 689              		@ frame_needed = 0, uses_anonymous_args = 0
 690              	.LVL90:
 691 0000 F0B5     		push	{r4, r5, r6, r7, lr}
 692              		.cfi_def_cfa_offset 20
 693              		.cfi_offset 4, -20
 694              		.cfi_offset 5, -16
 695              		.cfi_offset 6, -12
 696              		.cfi_offset 7, -8
 697              		.cfi_offset 14, -4
 698 0002 A5B0     		sub	sp, sp, #148
 699              		.cfi_def_cfa_offset 168
 700 0004 0600     		movs	r6, r0
 701 0006 0191     		str	r1, [sp, #4]
 702 0008 0292     		str	r2, [sp, #8]
 703 000a 0393     		str	r3, [sp, #12]
 704 000c 2A9F     		ldr	r7, [sp, #168]
1223:C:\Program Files (x86)\Cypress\PSoC Creator\4.4\PSoC Creator\1\LWO3.cydsn\Generated_Source\PSoC4\cy_em_eeprom.c **** 
 705              		.loc 1 1223 0
 706 000e BB69     		ldr	r3, [r7, #24]
 707              	.LVL91:
 708 0010 C41A     		subs	r4, r0, r3
 709 0012 3B68     		ldr	r3, [r7]
 710 0014 9C46     		mov	ip, r3
 711 0016 6444     		add	r4, r4, ip
 712              	.LVL92:
1226:C:\Program Files (x86)\Cypress\PSoC Creator\4.4\PSoC Creator\1\LWO3.cydsn\Generated_Source\PSoC4\cy_em_eeprom.c ****         ((uint32) CalcChecksum((uint8 *)(startAddr + CY_EM_EEPROM_EEPROM_DATA_OFFSET),
 713              		.loc 1 1226 0
 714 0018 C56B     		ldr	r5, [r0, #60]
1227:C:\Program Files (x86)\Cypress\PSoC Creator\4.4\PSoC Creator\1\LWO3.cydsn\Generated_Source\PSoC4\cy_em_eeprom.c ****             CY_EM_EEPROM_EEPROM_DATA_LEN)))
 715              		.loc 1 1227 0
 716 001a 4030     		adds	r0, r0, #64
 717              	.LVL93:
 718 001c 4021     		movs	r1, #64
 719              	.LVL94:
 720 001e FFF7FEFF 		bl	CalcChecksum
 721              	.LVL95:
1226:C:\Program Files (x86)\Cypress\PSoC Creator\4.4\PSoC Creator\1\LWO3.cydsn\Generated_Source\PSoC4\cy_em_eeprom.c ****         ((uint32) CalcChecksum((uint8 *)(startAddr + CY_EM_EEPROM_EEPROM_DATA_OFFSET),
 722              		.loc 1 1226 0
 723 0022 8542     		cmp	r5, r0
ARM GAS  C:\Users\taips\AppData\Local\Temp\ccZaQHee.s 			page 39


 724 0024 07D1     		bne	.L50
1230:C:\Program Files (x86)\Cypress\PSoC Creator\4.4\PSoC Creator\1\LWO3.cydsn\Generated_Source\PSoC4\cy_em_eeprom.c **** 
 725              		.loc 1 1230 0
 726 0026 029B     		ldr	r3, [sp, #8]
 727 0028 F118     		adds	r1, r6, r3
 728 002a 039A     		ldr	r2, [sp, #12]
 729 002c 0198     		ldr	r0, [sp, #4]
 730 002e FFF7FEFF 		bl	memcpy
 731              	.LVL96:
1232:C:\Program Files (x86)\Cypress\PSoC Creator\4.4\PSoC Creator\1\LWO3.cydsn\Generated_Source\PSoC4\cy_em_eeprom.c ****     }
 732              		.loc 1 1232 0
 733 0032 0024     		movs	r4, #0
 734              	.LVL97:
 735 0034 1EE0     		b	.L51
 736              	.LVL98:
 737              	.L50:
1235:C:\Program Files (x86)\Cypress\PSoC Creator\4.4\PSoC Creator\1\LWO3.cydsn\Generated_Source\PSoC4\cy_em_eeprom.c ****             ((uint32) CalcChecksum((uint8 *)(rcStartRowAddr + CY_EM_EEPROM_EEPROM_DATA_OFFSET),
 738              		.loc 1 1235 0
 739 0036 E56B     		ldr	r5, [r4, #60]
1236:C:\Program Files (x86)\Cypress\PSoC Creator\4.4\PSoC Creator\1\LWO3.cydsn\Generated_Source\PSoC4\cy_em_eeprom.c ****                 CY_EM_EEPROM_EEPROM_DATA_LEN)))
 740              		.loc 1 1236 0
 741 0038 2000     		movs	r0, r4
 742 003a 4030     		adds	r0, r0, #64
 743 003c 4021     		movs	r1, #64
 744 003e FFF7FEFF 		bl	CalcChecksum
 745              	.LVL99:
1235:C:\Program Files (x86)\Cypress\PSoC Creator\4.4\PSoC Creator\1\LWO3.cydsn\Generated_Source\PSoC4\cy_em_eeprom.c ****             ((uint32) CalcChecksum((uint8 *)(rcStartRowAddr + CY_EM_EEPROM_EEPROM_DATA_OFFSET),
 746              		.loc 1 1235 0
 747 0042 8542     		cmp	r5, r0
 748 0044 15D1     		bne	.L52
1243:C:\Program Files (x86)\Cypress\PSoC Creator\4.4\PSoC Creator\1\LWO3.cydsn\Generated_Source\PSoC4\cy_em_eeprom.c **** 
 749              		.loc 1 1243 0
 750 0046 8022     		movs	r2, #128
 751 0048 2100     		movs	r1, r4
 752 004a 04A8     		add	r0, sp, #16
 753 004c FFF7FEFF 		bl	memcpy
 754              	.LVL100:
1246:C:\Program Files (x86)\Cypress\PSoC Creator\4.4\PSoC Creator\1\LWO3.cydsn\Generated_Source\PSoC4\cy_em_eeprom.c **** 
 755              		.loc 1 1246 0
 756 0050 3A00     		movs	r2, r7
 757 0052 04A9     		add	r1, sp, #16
 758 0054 3000     		movs	r0, r6
 759 0056 FFF7FEFF 		bl	WriteRow
 760              	.LVL101:
 761 005a 041E     		subs	r4, r0, #0
 762              	.LVL102:
1248:C:\Program Files (x86)\Cypress\PSoC Creator\4.4\PSoC Creator\1\LWO3.cydsn\Generated_Source\PSoC4\cy_em_eeprom.c ****         {
 763              		.loc 1 1248 0
 764 005c 0AD1     		bne	.L51
1250:C:\Program Files (x86)\Cypress\PSoC Creator\4.4\PSoC Creator\1\LWO3.cydsn\Generated_Source\PSoC4\cy_em_eeprom.c ****         }
 765              		.loc 1 1250 0
 766 005e 029B     		ldr	r3, [sp, #8]
 767 0060 9900     		lsls	r1, r3, #2
 768 0062 04AB     		add	r3, sp, #16
 769 0064 9C46     		mov	ip, r3
 770 0066 6144     		add	r1, r1, ip
 771 0068 039A     		ldr	r2, [sp, #12]
ARM GAS  C:\Users\taips\AppData\Local\Temp\ccZaQHee.s 			page 40


 772 006a 0198     		ldr	r0, [sp, #4]
 773              	.LVL103:
 774 006c FFF7FEFF 		bl	memcpy
 775              	.LVL104:
 776 0070 00E0     		b	.L51
 777              	.LVL105:
 778              	.L52:
1255:C:\Program Files (x86)\Cypress\PSoC Creator\4.4\PSoC Creator\1\LWO3.cydsn\Generated_Source\PSoC4\cy_em_eeprom.c ****     }
 779              		.loc 1 1255 0
 780 0072 0224     		movs	r4, #2
 781              	.LVL106:
 782              	.L51:
1259:C:\Program Files (x86)\Cypress\PSoC Creator\4.4\PSoC Creator\1\LWO3.cydsn\Generated_Source\PSoC4\cy_em_eeprom.c **** 
 783              		.loc 1 1259 0
 784 0074 2000     		movs	r0, r4
 785 0076 25B0     		add	sp, sp, #148
 786              		@ sp needed
 787              	.LVL107:
 788              	.LVL108:
 789 0078 F0BD     		pop	{r4, r5, r6, r7, pc}
 790              		.cfi_endproc
 791              	.LFE12:
 792              		.size	CheckCrcAndCopy, .-CheckCrcAndCopy
 793 007a C046     		.section	.text.EraseRow,"ax",%progbits
 794              		.align	2
 795              		.code	16
 796              		.thumb_func
 797              		.type	EraseRow, %function
 798              	EraseRow:
 799              	.LFB11:
1100:C:\Program Files (x86)\Cypress\PSoC Creator\4.4\PSoC Creator\1\LWO3.cydsn\Generated_Source\PSoC4\cy_em_eeprom.c ****     uint32 emEepromRowAddr = rowAddr;
 800              		.loc 1 1100 0
 801              		.cfi_startproc
 802              		@ args = 0, pretend = 0, frame = 0
 803              		@ frame_needed = 0, uses_anonymous_args = 0
 804              	.LVL109:
 805 0000 70B5     		push	{r4, r5, r6, lr}
 806              		.cfi_def_cfa_offset 16
 807              		.cfi_offset 4, -16
 808              		.cfi_offset 5, -12
 809              		.cfi_offset 6, -8
 810              		.cfi_offset 14, -4
 811 0002 0400     		movs	r4, r0
 812 0004 0D00     		movs	r5, r1
 813 0006 1600     		movs	r6, r2
 814              	.LVL110:
1159:C:\Program Files (x86)\Cypress\PSoC Creator\4.4\PSoC Creator\1\LWO3.cydsn\Generated_Source\PSoC4\cy_em_eeprom.c **** 
 815              		.loc 1 1159 0
 816 0008 FFF7FEFF 		bl	WriteRow
 817              	.LVL111:
1161:C:\Program Files (x86)\Cypress\PSoC Creator\4.4\PSoC Creator\1\LWO3.cydsn\Generated_Source\PSoC4\cy_em_eeprom.c ****     {
 818              		.loc 1 1161 0
 819 000c 0028     		cmp	r0, #0
 820 000e 0BD1     		bne	.L54
1161:C:\Program Files (x86)\Cypress\PSoC Creator\4.4\PSoC Creator\1\LWO3.cydsn\Generated_Source\PSoC4\cy_em_eeprom.c ****     {
 821              		.loc 1 1161 0 is_stmt 0 discriminator 1
 822 0010 337D     		ldrb	r3, [r6, #20]
ARM GAS  C:\Users\taips\AppData\Local\Temp\ccZaQHee.s 			page 41


 823 0012 002B     		cmp	r3, #0
 824 0014 08D0     		beq	.L54
1164:C:\Program Files (x86)\Cypress\PSoC Creator\4.4\PSoC Creator\1\LWO3.cydsn\Generated_Source\PSoC4\cy_em_eeprom.c ****         ret = WriteRow(emEepromRowAddr, (uint32 *)ramBuffAddr, context);
 825              		.loc 1 1164 0 is_stmt 1
 826 0016 B369     		ldr	r3, [r6, #24]
 827 0018 E01A     		subs	r0, r4, r3
 828              	.LVL112:
 829 001a 3368     		ldr	r3, [r6]
 830 001c 9C46     		mov	ip, r3
 831 001e 6044     		add	r0, r0, ip
 832              	.LVL113:
1165:C:\Program Files (x86)\Cypress\PSoC Creator\4.4\PSoC Creator\1\LWO3.cydsn\Generated_Source\PSoC4\cy_em_eeprom.c ****     }
 833              		.loc 1 1165 0
 834 0020 3200     		movs	r2, r6
 835 0022 2900     		movs	r1, r5
 836 0024 FFF7FEFF 		bl	WriteRow
 837              	.LVL114:
 838              	.L54:
1168:C:\Program Files (x86)\Cypress\PSoC Creator\4.4\PSoC Creator\1\LWO3.cydsn\Generated_Source\PSoC4\cy_em_eeprom.c ****     {
 839              		.loc 1 1168 0
 840 0028 0028     		cmp	r0, #0
 841 002a 00D1     		bne	.L55
1170:C:\Program Files (x86)\Cypress\PSoC Creator\4.4\PSoC Creator\1\LWO3.cydsn\Generated_Source\PSoC4\cy_em_eeprom.c ****     }
 842              		.loc 1 1170 0
 843 002c B460     		str	r4, [r6, #8]
 844              	.L55:
1175:C:\Program Files (x86)\Cypress\PSoC Creator\4.4\PSoC Creator\1\LWO3.cydsn\Generated_Source\PSoC4\cy_em_eeprom.c **** 
 845              		.loc 1 1175 0
 846              		@ sp needed
 847              	.LVL115:
 848              	.LVL116:
 849              	.LVL117:
 850 002e 70BD     		pop	{r4, r5, r6, pc}
 851              		.cfi_endproc
 852              	.LFE11:
 853              		.size	EraseRow, .-EraseRow
 854              		.section	.text.Cy_Em_EEPROM_Init,"ax",%progbits
 855              		.align	2
 856              		.global	Cy_Em_EEPROM_Init
 857              		.code	16
 858              		.thumb_func
 859              		.type	Cy_Em_EEPROM_Init, %function
 860              	Cy_Em_EEPROM_Init:
 861              	.LFB0:
  96:C:\Program Files (x86)\Cypress\PSoC Creator\4.4\PSoC Creator\1\LWO3.cydsn\Generated_Source\PSoC4\cy_em_eeprom.c ****     cy_en_em_eeprom_status_t ret = CY_EM_EEPROM_BAD_PARAM;
 862              		.loc 1 96 0
 863              		.cfi_startproc
 864              		@ args = 0, pretend = 0, frame = 0
 865              		@ frame_needed = 0, uses_anonymous_args = 0
 866              	.LVL118:
 867 0000 F8B5     		push	{r3, r4, r5, r6, r7, lr}
 868              		.cfi_def_cfa_offset 24
 869              		.cfi_offset 3, -24
 870              		.cfi_offset 4, -20
 871              		.cfi_offset 5, -16
 872              		.cfi_offset 6, -12
 873              		.cfi_offset 7, -8
ARM GAS  C:\Users\taips\AppData\Local\Temp\ccZaQHee.s 			page 42


 874              		.cfi_offset 14, -4
 875 0002 0400     		movs	r4, r0
 876 0004 0D1E     		subs	r5, r1, #0
 877              	.LVL119:
  99:C:\Program Files (x86)\Cypress\PSoC Creator\4.4\PSoC Creator\1\LWO3.cydsn\Generated_Source\PSoC4\cy_em_eeprom.c ****         (config->wearLevelingFactor <= CY_EM_EEPROM_MAX_WEAR_LEVELING_FACTOR) && (config->eepromSiz
 878              		.loc 1 99 0
 879 0006 3BD0     		beq	.L59
  99:C:\Program Files (x86)\Cypress\PSoC Creator\4.4\PSoC Creator\1\LWO3.cydsn\Generated_Source\PSoC4\cy_em_eeprom.c ****         (config->wearLevelingFactor <= CY_EM_EEPROM_MAX_WEAR_LEVELING_FACTOR) && (config->eepromSiz
 880              		.loc 1 99 0 is_stmt 0 discriminator 1
 881 0008 0028     		cmp	r0, #0
 882 000a 3BD0     		beq	.L60
  99:C:\Program Files (x86)\Cypress\PSoC Creator\4.4\PSoC Creator\1\LWO3.cydsn\Generated_Source\PSoC4\cy_em_eeprom.c ****         (config->wearLevelingFactor <= CY_EM_EEPROM_MAX_WEAR_LEVELING_FACTOR) && (config->eepromSiz
 883              		.loc 1 99 0 discriminator 2
 884 000c C368     		ldr	r3, [r0, #12]
 885 000e 002B     		cmp	r3, #0
 886 0010 3AD0     		beq	.L61
  99:C:\Program Files (x86)\Cypress\PSoC Creator\4.4\PSoC Creator\1\LWO3.cydsn\Generated_Source\PSoC4\cy_em_eeprom.c ****         (config->wearLevelingFactor <= CY_EM_EEPROM_MAX_WEAR_LEVELING_FACTOR) && (config->eepromSiz
 887              		.loc 1 99 0 discriminator 3
 888 0012 4368     		ldr	r3, [r0, #4]
 889 0014 0A2B     		cmp	r3, #10
 890 0016 39D8     		bhi	.L62
 100:C:\Program Files (x86)\Cypress\PSoC Creator\4.4\PSoC Creator\1\LWO3.cydsn\Generated_Source\PSoC4\cy_em_eeprom.c ****     {
 891              		.loc 1 100 0 is_stmt 1
 892 0018 0768     		ldr	r7, [r0]
 893 001a 002F     		cmp	r7, #0
 894 001c 38D0     		beq	.L63
 102:C:\Program Files (x86)\Cypress\PSoC Creator\4.4\PSoC Creator\1\LWO3.cydsn\Generated_Source\PSoC4\cy_em_eeprom.c **** 
 895              		.loc 1 102 0
 896 001e FFF7FEFF 		bl	CheckRanges
 897              	.LVL120:
 898 0022 061E     		subs	r6, r0, #0
 899              	.LVL121:
 104:C:\Program Files (x86)\Cypress\PSoC Creator\4.4\PSoC Creator\1\LWO3.cydsn\Generated_Source\PSoC4\cy_em_eeprom.c ****         {
 900              		.loc 1 104 0
 901 0024 35D1     		bne	.L57
 107:C:\Program Files (x86)\Cypress\PSoC Creator\4.4\PSoC Creator\1\LWO3.cydsn\Generated_Source\PSoC4\cy_em_eeprom.c ****             context->wearLevelingFactor = config->wearLevelingFactor;
 902              		.loc 1 107 0
 903 0026 EF60     		str	r7, [r5, #12]
 108:C:\Program Files (x86)\Cypress\PSoC Creator\4.4\PSoC Creator\1\LWO3.cydsn\Generated_Source\PSoC4\cy_em_eeprom.c ****             context->redundantCopy = config->redundantCopy;
 904              		.loc 1 108 0
 905 0028 6368     		ldr	r3, [r4, #4]
 906 002a 2B61     		str	r3, [r5, #16]
 109:C:\Program Files (x86)\Cypress\PSoC Creator\4.4\PSoC Creator\1\LWO3.cydsn\Generated_Source\PSoC4\cy_em_eeprom.c ****             context->blockingWrite = config->blockingWrite;
 907              		.loc 1 109 0
 908 002c 237A     		ldrb	r3, [r4, #8]
 909 002e 2B75     		strb	r3, [r5, #20]
 110:C:\Program Files (x86)\Cypress\PSoC Creator\4.4\PSoC Creator\1\LWO3.cydsn\Generated_Source\PSoC4\cy_em_eeprom.c ****             context->userFlashStartAddr = config->userFlashStartAddr;
 910              		.loc 1 110 0
 911 0030 637A     		ldrb	r3, [r4, #9]
 912 0032 6B75     		strb	r3, [r5, #21]
 111:C:\Program Files (x86)\Cypress\PSoC Creator\4.4\PSoC Creator\1\LWO3.cydsn\Generated_Source\PSoC4\cy_em_eeprom.c ****             /* Store frequently used data for internal use */
 913              		.loc 1 111 0
 914 0034 E368     		ldr	r3, [r4, #12]
 915 0036 AB61     		str	r3, [r5, #24]
 113:C:\Program Files (x86)\Cypress\PSoC Creator\4.4\PSoC Creator\1\LWO3.cydsn\Generated_Source\PSoC4\cy_em_eeprom.c ****             context->wlEndAddr = ((CY_EM_EEPROM_GET_EEPROM_SIZE(context->numberOfRows) * config->we
 916              		.loc 1 113 0
 917 0038 2268     		ldr	r2, [r4]
ARM GAS  C:\Users\taips\AppData\Local\Temp\ccZaQHee.s 			page 43


 918 003a 9109     		lsrs	r1, r2, #6
 919 003c 3F23     		movs	r3, #63
 920 003e 1340     		ands	r3, r2
 921 0040 00D0     		beq	.L58
 922 0042 0123     		movs	r3, #1
 923              	.L58:
 113:C:\Program Files (x86)\Cypress\PSoC Creator\4.4\PSoC Creator\1\LWO3.cydsn\Generated_Source\PSoC4\cy_em_eeprom.c ****             context->wlEndAddr = ((CY_EM_EEPROM_GET_EEPROM_SIZE(context->numberOfRows) * config->we
 924              		.loc 1 113 0 is_stmt 0 discriminator 4
 925 0044 5B18     		adds	r3, r3, r1
 926 0046 6B60     		str	r3, [r5, #4]
 114:C:\Program Files (x86)\Cypress\PSoC Creator\4.4\PSoC Creator\1\LWO3.cydsn\Generated_Source\PSoC4\cy_em_eeprom.c ****                     config->userFlashStartAddr);
 927              		.loc 1 114 0 is_stmt 1 discriminator 4
 928 0048 6268     		ldr	r2, [r4, #4]
 929 004a 5343     		muls	r3, r2
 930 004c DB01     		lsls	r3, r3, #7
 115:C:\Program Files (x86)\Cypress\PSoC Creator\4.4\PSoC Creator\1\LWO3.cydsn\Generated_Source\PSoC4\cy_em_eeprom.c ****             /* Find last written EEPROM row and store it for quick access */
 931              		.loc 1 115 0 discriminator 4
 932 004e E268     		ldr	r2, [r4, #12]
 114:C:\Program Files (x86)\Cypress\PSoC Creator\4.4\PSoC Creator\1\LWO3.cydsn\Generated_Source\PSoC4\cy_em_eeprom.c ****                     config->userFlashStartAddr);
 933              		.loc 1 114 0 discriminator 4
 934 0050 9B18     		adds	r3, r3, r2
 935 0052 2B60     		str	r3, [r5]
 117:C:\Program Files (x86)\Cypress\PSoC Creator\4.4\PSoC Creator\1\LWO3.cydsn\Generated_Source\PSoC4\cy_em_eeprom.c **** 
 936              		.loc 1 117 0 discriminator 4
 937 0054 2C00     		movs	r4, r5
 938              	.LVL122:
 939 0056 0834     		adds	r4, r4, #8
 940 0058 2900     		movs	r1, r5
 941 005a 2000     		movs	r0, r4
 942              	.LVL123:
 943 005c FFF7FEFF 		bl	FindLastWrittenRow
 944              	.LVL124:
 119:C:\Program Files (x86)\Cypress\PSoC Creator\4.4\PSoC Creator\1\LWO3.cydsn\Generated_Source\PSoC4\cy_em_eeprom.c ****             {
 945              		.loc 1 119 0 discriminator 4
 946 0060 AB68     		ldr	r3, [r5, #8]
 947 0062 1B68     		ldr	r3, [r3]
 948 0064 002B     		cmp	r3, #0
 949 0066 14D1     		bne	.L57
 119:C:\Program Files (x86)\Cypress\PSoC Creator\4.4\PSoC Creator\1\LWO3.cydsn\Generated_Source\PSoC4\cy_em_eeprom.c ****             {
 950              		.loc 1 119 0 is_stmt 0 discriminator 1
 951 0068 2B7D     		ldrb	r3, [r5, #20]
 952 006a 002B     		cmp	r3, #0
 953 006c 11D0     		beq	.L57
 124:C:\Program Files (x86)\Cypress\PSoC Creator\4.4\PSoC Creator\1\LWO3.cydsn\Generated_Source\PSoC4\cy_em_eeprom.c ****                 
 954              		.loc 1 124 0 is_stmt 1
 955 006e 2800     		movs	r0, r5
 956 0070 FFF7FEFF 		bl	FillChecksum
 957              	.LVL125:
 958 0074 0600     		movs	r6, r0
 959              	.LVL126:
 127:C:\Program Files (x86)\Cypress\PSoC Creator\4.4\PSoC Creator\1\LWO3.cydsn\Generated_Source\PSoC4\cy_em_eeprom.c ****             }
 960              		.loc 1 127 0
 961 0076 2900     		movs	r1, r5
 962 0078 2000     		movs	r0, r4
 963              	.LVL127:
 964 007a FFF7FEFF 		bl	FindLastWrittenRow
 965              	.LVL128:
ARM GAS  C:\Users\taips\AppData\Local\Temp\ccZaQHee.s 			page 44


 966 007e 08E0     		b	.L57
 967              	.LVL129:
 968              	.L59:
  97:C:\Program Files (x86)\Cypress\PSoC Creator\4.4\PSoC Creator\1\LWO3.cydsn\Generated_Source\PSoC4\cy_em_eeprom.c **** 
 969              		.loc 1 97 0
 970 0080 0126     		movs	r6, #1
 971 0082 06E0     		b	.L57
 972              	.L60:
 973 0084 0126     		movs	r6, #1
 974 0086 04E0     		b	.L57
 975              	.L61:
 976 0088 0126     		movs	r6, #1
 977 008a 02E0     		b	.L57
 978              	.L62:
 979 008c 0126     		movs	r6, #1
 980 008e 00E0     		b	.L57
 981              	.L63:
 982 0090 0126     		movs	r6, #1
 983              	.LVL130:
 984              	.L57:
 133:C:\Program Files (x86)\Cypress\PSoC Creator\4.4\PSoC Creator\1\LWO3.cydsn\Generated_Source\PSoC4\cy_em_eeprom.c **** 
 985              		.loc 1 133 0
 986 0092 3000     		movs	r0, r6
 987              		@ sp needed
 988              	.LVL131:
 989              	.LVL132:
 990 0094 F8BD     		pop	{r3, r4, r5, r6, r7, pc}
 991              		.cfi_endproc
 992              	.LFE0:
 993              		.size	Cy_Em_EEPROM_Init, .-Cy_Em_EEPROM_Init
 994              		.global	__aeabi_uidiv
 995 0096 C046     		.section	.text.Cy_Em_EEPROM_Read,"ax",%progbits
 996              		.align	2
 997              		.global	Cy_Em_EEPROM_Read
 998              		.code	16
 999              		.thumb_func
 1000              		.type	Cy_Em_EEPROM_Read, %function
 1001              	Cy_Em_EEPROM_Read:
 1002              	.LFB1:
 173:C:\Program Files (x86)\Cypress\PSoC Creator\4.4\PSoC Creator\1\LWO3.cydsn\Generated_Source\PSoC4\cy_em_eeprom.c ****     cy_en_em_eeprom_status_t ret = CY_EM_EEPROM_BAD_PARAM;
 1003              		.loc 1 173 0
 1004              		.cfi_startproc
 1005              		@ args = 0, pretend = 0, frame = 32
 1006              		@ frame_needed = 0, uses_anonymous_args = 0
 1007              	.LVL133:
 1008 0000 F0B5     		push	{r4, r5, r6, r7, lr}
 1009              		.cfi_def_cfa_offset 20
 1010              		.cfi_offset 4, -20
 1011              		.cfi_offset 5, -16
 1012              		.cfi_offset 6, -12
 1013              		.cfi_offset 7, -8
 1014              		.cfi_offset 14, -4
 1015 0002 5F46     		mov	r7, fp
 1016 0004 5646     		mov	r6, r10
 1017 0006 4D46     		mov	r5, r9
 1018 0008 4446     		mov	r4, r8
 1019 000a F0B4     		push	{r4, r5, r6, r7}
ARM GAS  C:\Users\taips\AppData\Local\Temp\ccZaQHee.s 			page 45


 1020              		.cfi_def_cfa_offset 36
 1021              		.cfi_offset 8, -36
 1022              		.cfi_offset 9, -32
 1023              		.cfi_offset 10, -28
 1024              		.cfi_offset 11, -24
 1025 000c 8BB0     		sub	sp, sp, #44
 1026              		.cfi_def_cfa_offset 80
 1027 000e 8146     		mov	r9, r0
 1028 0010 0791     		str	r1, [sp, #28]
 1029 0012 9246     		mov	r10, r2
 1030 0014 1F00     		movs	r7, r3
 1031              	.LVL134:
 183:C:\Program Files (x86)\Cypress\PSoC Creator\4.4\PSoC Creator\1\LWO3.cydsn\Generated_Source\PSoC4\cy_em_eeprom.c **** 
 1032              		.loc 1 183 0
 1033 0016 0B00     		movs	r3, r1
 1034              	.LVL135:
 1035 0018 0691     		str	r1, [sp, #24]
 1036              	.LVL136:
 186:C:\Program Files (x86)\Cypress\PSoC Creator\4.4\PSoC Creator\1\LWO3.cydsn\Generated_Source\PSoC4\cy_em_eeprom.c ****     {
 1037              		.loc 1 186 0
 1038 001a 002A     		cmp	r2, #0
 1039 001c 00D1     		bne	.LCB1076
 1040 001e F6E0     		b	.L89	@long jump
 1041              	.LCB1076:
 186:C:\Program Files (x86)\Cypress\PSoC Creator\4.4\PSoC Creator\1\LWO3.cydsn\Generated_Source\PSoC4\cy_em_eeprom.c ****     {
 1042              		.loc 1 186 0 is_stmt 0 discriminator 1
 1043 0020 4A44     		add	r2, r2, r9
 1044              	.LVL137:
 1045 0022 0892     		str	r2, [sp, #32]
 1046 0024 F868     		ldr	r0, [r7, #12]
 1047              	.LVL138:
 1048 0026 8242     		cmp	r2, r0
 1049 0028 00D9     		bls	.LCB1084
 1050 002a F3E0     		b	.L90	@long jump
 1051              	.LCB1084:
 186:C:\Program Files (x86)\Cypress\PSoC Creator\4.4\PSoC Creator\1\LWO3.cydsn\Generated_Source\PSoC4\cy_em_eeprom.c ****     {
 1052              		.loc 1 186 0 discriminator 2
 1053 002c 002B     		cmp	r3, #0
 1054 002e 00D1     		bne	.LCB1086
 1055 0030 F3E0     		b	.L91	@long jump
 1056              	.LCB1086:
 1057              	.LVL139:
 1058              	.LBB2:
 191:C:\Program Files (x86)\Cypress\PSoC Creator\4.4\PSoC Creator\1\LWO3.cydsn\Generated_Source\PSoC4\cy_em_eeprom.c ****         uint32 updateAddrFlag = 0u;
 1059              		.loc 1 191 0 is_stmt 1
 1060 0032 BC68     		ldr	r4, [r7, #8]
 1061 0034 2368     		ldr	r3, [r4]
 1062 0036 0993     		str	r3, [sp, #36]
 1063              	.LVL140:
 197:C:\Program Files (x86)\Cypress\PSoC Creator\4.4\PSoC Creator\1\LWO3.cydsn\Generated_Source\PSoC4\cy_em_eeprom.c ****                               (rdAddr / CY_EM_EEPROM_EEPROM_DATA_LEN)) + 1u;
 1064              		.loc 1 197 0
 1065 0038 531E     		subs	r3, r2, #1
 1066              	.LVL141:
 1067 003a 9B09     		lsrs	r3, r3, #6
 198:C:\Program Files (x86)\Cypress\PSoC Creator\4.4\PSoC Creator\1\LWO3.cydsn\Generated_Source\PSoC4\cy_em_eeprom.c **** 
 1068              		.loc 1 198 0
 1069 003c 4A46     		mov	r2, r9
ARM GAS  C:\Users\taips\AppData\Local\Temp\ccZaQHee.s 			page 46


 1070 003e 9209     		lsrs	r2, r2, #6
 197:C:\Program Files (x86)\Cypress\PSoC Creator\4.4\PSoC Creator\1\LWO3.cydsn\Generated_Source\PSoC4\cy_em_eeprom.c ****                               (rdAddr / CY_EM_EEPROM_EEPROM_DATA_LEN)) + 1u;
 1071              		.loc 1 197 0
 1072 0040 9B1A     		subs	r3, r3, r2
 1073 0042 0133     		adds	r3, r3, #1
 1074 0044 9B46     		mov	fp, r3
 1075              	.LVL142:
 204:C:\Program Files (x86)\Cypress\PSoC Creator\4.4\PSoC Creator\1\LWO3.cydsn\Generated_Source\PSoC4\cy_em_eeprom.c ****                               (CY_EM_EEPROM_FLASH_SIZEOF_ROW * context->numberOfRows)) *
 1076              		.loc 1 204 0
 1077 0046 BD69     		ldr	r5, [r7, #24]
 1078 0048 601B     		subs	r0, r4, r5
 205:C:\Program Files (x86)\Cypress\PSoC Creator\4.4\PSoC Creator\1\LWO3.cydsn\Generated_Source\PSoC4\cy_em_eeprom.c ****                               (CY_EM_EEPROM_FLASH_SIZEOF_ROW * context->numberOfRows)) +
 1079              		.loc 1 205 0
 1080 004a 7E68     		ldr	r6, [r7, #4]
 1081 004c F101     		lsls	r1, r6, #7
 1082              	.LVL143:
 204:C:\Program Files (x86)\Cypress\PSoC Creator\4.4\PSoC Creator\1\LWO3.cydsn\Generated_Source\PSoC4\cy_em_eeprom.c ****                               (CY_EM_EEPROM_FLASH_SIZEOF_ROW * context->numberOfRows)) *
 1083              		.loc 1 204 0
 1084 004e FFF7FEFF 		bl	__aeabi_uidiv
 1085              	.LVL144:
 205:C:\Program Files (x86)\Cypress\PSoC Creator\4.4\PSoC Creator\1\LWO3.cydsn\Generated_Source\PSoC4\cy_em_eeprom.c ****                               (CY_EM_EEPROM_FLASH_SIZEOF_ROW * context->numberOfRows)) +
 1086              		.loc 1 205 0
 1087 0052 7043     		muls	r0, r6
 1088 0054 C001     		lsls	r0, r0, #7
 204:C:\Program Files (x86)\Cypress\PSoC Creator\4.4\PSoC Creator\1\LWO3.cydsn\Generated_Source\PSoC4\cy_em_eeprom.c ****                               (CY_EM_EEPROM_FLASH_SIZEOF_ROW * context->numberOfRows)) *
 1089              		.loc 1 204 0
 1090 0056 2B18     		adds	r3, r5, r0
 1091 0058 0393     		str	r3, [sp, #12]
 1092              	.LVL145:
 210:C:\Program Files (x86)\Cypress\PSoC Creator\4.4\PSoC Creator\1\LWO3.cydsn\Generated_Source\PSoC4\cy_em_eeprom.c ****         {
 1093              		.loc 1 210 0
 1094 005a 0025     		movs	r5, #0
 1095 005c 4A46     		mov	r2, r9
 1096 005e 0FE0     		b	.L66
 1097              	.LVL146:
 1098              	.L69:
 212:C:\Program Files (x86)\Cypress\PSoC Creator\4.4\PSoC Creator\1\LWO3.cydsn\Generated_Source\PSoC4\cy_em_eeprom.c ****             {
 1099              		.loc 1 212 0
 1100 0060 AB01     		lsls	r3, r5, #6
 1101 0062 9A42     		cmp	r2, r3
 1102 0064 06D3     		bcc	.L92
 212:C:\Program Files (x86)\Cypress\PSoC Creator\4.4\PSoC Creator\1\LWO3.cydsn\Generated_Source\PSoC4\cy_em_eeprom.c ****             {
 1103              		.loc 1 212 0 is_stmt 0 discriminator 1
 1104 0066 6B1C     		adds	r3, r5, #1
 1105 0068 9B01     		lsls	r3, r3, #6
 1106 006a 013B     		subs	r3, r3, #1
 1107 006c 9A42     		cmp	r2, r3
 1108 006e 03D9     		bls	.L93
 212:C:\Program Files (x86)\Cypress\PSoC Creator\4.4\PSoC Creator\1\LWO3.cydsn\Generated_Source\PSoC4\cy_em_eeprom.c ****             {
 1109              		.loc 1 212 0
 1110 0070 0023     		movs	r3, #0
 1111 0072 02E0     		b	.L67
 1112              	.L92:
 1113 0074 0023     		movs	r3, #0
 1114 0076 00E0     		b	.L67
 1115              	.L93:
 1116 0078 0123     		movs	r3, #1
ARM GAS  C:\Users\taips\AppData\Local\Temp\ccZaQHee.s 			page 47


 1117              	.L67:
 212:C:\Program Files (x86)\Cypress\PSoC Creator\4.4\PSoC Creator\1\LWO3.cydsn\Generated_Source\PSoC4\cy_em_eeprom.c ****             {
 1118              		.loc 1 212 0 discriminator 6
 1119 007a 002B     		cmp	r3, #0
 1120 007c 05D1     		bne	.L100
 210:C:\Program Files (x86)\Cypress\PSoC Creator\4.4\PSoC Creator\1\LWO3.cydsn\Generated_Source\PSoC4\cy_em_eeprom.c ****         {
 1121              		.loc 1 210 0 is_stmt 1 discriminator 2
 1122 007e 0135     		adds	r5, r5, #1
 1123              	.LVL147:
 1124              	.L66:
 210:C:\Program Files (x86)\Cypress\PSoC Creator\4.4\PSoC Creator\1\LWO3.cydsn\Generated_Source\PSoC4\cy_em_eeprom.c ****         {
 1125              		.loc 1 210 0 is_stmt 0 discriminator 1
 1126 0080 B542     		cmp	r5, r6
 1127 0082 EDD3     		bcc	.L69
 1128 0084 9146     		mov	r9, r2
 1129              	.LVL148:
 1130              	.LBE2:
 181:C:\Program Files (x86)\Cypress\PSoC Creator\4.4\PSoC Creator\1\LWO3.cydsn\Generated_Source\PSoC4\cy_em_eeprom.c ****     uint32 dataStartEepromRowNum = 0u;
 1131              		.loc 1 181 0 is_stmt 1
 1132 0086 0025     		movs	r5, #0
 1133              	.LVL149:
 1134 0088 00E0     		b	.L68
 1135              	.LVL150:
 1136              	.L100:
 1137 008a 9146     		mov	r9, r2
 1138              	.LVL151:
 1139              	.L68:
 1140              	.LBB9:
 221:C:\Program Files (x86)\Cypress\PSoC Creator\4.4\PSoC Creator\1\LWO3.cydsn\Generated_Source\PSoC4\cy_em_eeprom.c **** 
 1141              		.loc 1 221 0
 1142 008c 039B     		ldr	r3, [sp, #12]
 1143 008e E31A     		subs	r3, r4, r3
 1144 0090 DB09     		lsrs	r3, r3, #7
 1145 0092 1900     		movs	r1, r3
 1146 0094 0593     		str	r3, [sp, #20]
 1147              	.LVL152:
 224:C:\Program Files (x86)\Cypress\PSoC Creator\4.4\PSoC Creator\1\LWO3.cydsn\Generated_Source\PSoC4\cy_em_eeprom.c ****         {
 1148              		.loc 1 224 0
 1149 0096 3B69     		ldr	r3, [r7, #16]
 1150 0098 012B     		cmp	r3, #1
 1151 009a 09D9     		bls	.L94
 1152              	.LBB3:
 226:C:\Program Files (x86)\Cypress\PSoC Creator\4.4\PSoC Creator\1\LWO3.cydsn\Generated_Source\PSoC4\cy_em_eeprom.c **** 
 1153              		.loc 1 226 0
 1154 009c 5B46     		mov	r3, fp
 1155 009e EB18     		adds	r3, r5, r3
 1156 00a0 013B     		subs	r3, r3, #1
 1157              	.LVL153:
 229:C:\Program Files (x86)\Cypress\PSoC Creator\4.4\PSoC Creator\1\LWO3.cydsn\Generated_Source\PSoC4\cy_em_eeprom.c ****                               ((dataEndEepromRowNum > actEepromRowNum) ? 1u : 0u);
 1158              		.loc 1 229 0
 1159 00a2 8D42     		cmp	r5, r1
 1160 00a4 07D8     		bhi	.L95
 229:C:\Program Files (x86)\Cypress\PSoC Creator\4.4\PSoC Creator\1\LWO3.cydsn\Generated_Source\PSoC4\cy_em_eeprom.c ****                               ((dataEndEepromRowNum > actEepromRowNum) ? 1u : 0u);
 1161              		.loc 1 229 0 is_stmt 0 discriminator 1
 1162 00a6 9942     		cmp	r1, r3
 1163 00a8 08D2     		bcs	.L96
 229:C:\Program Files (x86)\Cypress\PSoC Creator\4.4\PSoC Creator\1\LWO3.cydsn\Generated_Source\PSoC4\cy_em_eeprom.c ****                               ((dataEndEepromRowNum > actEepromRowNum) ? 1u : 0u);
ARM GAS  C:\Users\taips\AppData\Local\Temp\ccZaQHee.s 			page 48


 1164              		.loc 1 229 0
 1165 00aa 0123     		movs	r3, #1
 1166              	.LVL154:
 1167 00ac 0493     		str	r3, [sp, #16]
 1168 00ae 07E0     		b	.L70
 1169              	.LVL155:
 1170              	.L94:
 1171              	.LBE3:
 192:C:\Program Files (x86)\Cypress\PSoC Creator\4.4\PSoC Creator\1\LWO3.cydsn\Generated_Source\PSoC4\cy_em_eeprom.c **** 
 1172              		.loc 1 192 0 is_stmt 1
 1173 00b0 0023     		movs	r3, #0
 1174 00b2 0493     		str	r3, [sp, #16]
 1175 00b4 04E0     		b	.L70
 1176              	.LVL156:
 1177              	.L95:
 1178              	.LBB4:
 229:C:\Program Files (x86)\Cypress\PSoC Creator\4.4\PSoC Creator\1\LWO3.cydsn\Generated_Source\PSoC4\cy_em_eeprom.c ****                               ((dataEndEepromRowNum > actEepromRowNum) ? 1u : 0u);
 1179              		.loc 1 229 0
 1180 00b6 0123     		movs	r3, #1
 1181              	.LVL157:
 1182 00b8 0493     		str	r3, [sp, #16]
 1183 00ba 01E0     		b	.L70
 1184              	.LVL158:
 1185              	.L96:
 1186 00bc 0023     		movs	r3, #0
 1187              	.LVL159:
 1188 00be 0493     		str	r3, [sp, #16]
 1189              	.LVL160:
 1190              	.L70:
 1191              	.LBE4:
 188:C:\Program Files (x86)\Cypress\PSoC Creator\4.4\PSoC Creator\1\LWO3.cydsn\Generated_Source\PSoC4\cy_em_eeprom.c ****         uint32 rdSize = size;
 1192              		.loc 1 188 0
 1193 00c0 C846     		mov	r8, r9
 1194              	.LBE9:
 183:C:\Program Files (x86)\Cypress\PSoC Creator\4.4\PSoC Creator\1\LWO3.cydsn\Generated_Source\PSoC4\cy_em_eeprom.c **** 
 1195              		.loc 1 183 0
 1196 00c2 079B     		ldr	r3, [sp, #28]
 1197              	.LBB10:
 234:C:\Program Files (x86)\Cypress\PSoC Creator\4.4\PSoC Creator\1\LWO3.cydsn\Generated_Source\PSoC4\cy_em_eeprom.c ****         {
 1198              		.loc 1 234 0
 1199 00c4 0026     		movs	r6, #0
 1200              	.LBE10:
 174:C:\Program Files (x86)\Cypress\PSoC Creator\4.4\PSoC Creator\1\LWO3.cydsn\Generated_Source\PSoC4\cy_em_eeprom.c ****     uint32 i;
 1201              		.loc 1 174 0
 1202 00c6 0122     		movs	r2, #1
 1203              	.LVL161:
 1204 00c8 1000     		movs	r0, r2
 1205 00ca 4A46     		mov	r2, r9
 1206 00cc 0792     		str	r2, [sp, #28]
 1207              	.LVL162:
 1208 00ce B946     		mov	r9, r7
 1209              	.LVL163:
 1210 00d0 4746     		mov	r7, r8
 1211              	.LVL164:
 1212 00d2 9846     		mov	r8, r3
 1213              	.LBB11:
 234:C:\Program Files (x86)\Cypress\PSoC Creator\4.4\PSoC Creator\1\LWO3.cydsn\Generated_Source\PSoC4\cy_em_eeprom.c ****         {
ARM GAS  C:\Users\taips\AppData\Local\Temp\ccZaQHee.s 			page 49


 1214              		.loc 1 234 0
 1215 00d4 3EE0     		b	.L71
 1216              	.LVL165:
 1217              	.L77:
 236:C:\Program Files (x86)\Cypress\PSoC Creator\4.4\PSoC Creator\1\LWO3.cydsn\Generated_Source\PSoC4\cy_em_eeprom.c ****             curRowOffset = CY_EM_EEPROM_EEPROM_DATA_LEN + (rdAddr % CY_EM_EEPROM_EEPROM_DATA_LEN);
 1218              		.loc 1 236 0
 1219 00d6 E801     		lsls	r0, r5, #7
 1220              	.LVL166:
 1221 00d8 039B     		ldr	r3, [sp, #12]
 1222 00da 9C46     		mov	ip, r3
 1223 00dc 6044     		add	r0, r0, ip
 1224              	.LVL167:
 237:C:\Program Files (x86)\Cypress\PSoC Creator\4.4\PSoC Creator\1\LWO3.cydsn\Generated_Source\PSoC4\cy_em_eeprom.c **** 
 1225              		.loc 1 237 0
 1226 00de 3F24     		movs	r4, #63
 1227 00e0 3C40     		ands	r4, r7
 1228 00e2 2200     		movs	r2, r4
 1229 00e4 4032     		adds	r2, r2, #64
 1230              	.LVL168:
 242:C:\Program Files (x86)\Cypress\PSoC Creator\4.4\PSoC Creator\1\LWO3.cydsn\Generated_Source\PSoC4\cy_em_eeprom.c ****             {
 1231              		.loc 1 242 0
 1232 00e6 0136     		adds	r6, r6, #1
 1233              	.LVL169:
 1234 00e8 B345     		cmp	fp, r6
 1235 00ea 02D9     		bls	.L97
 244:C:\Program Files (x86)\Cypress\PSoC Creator\4.4\PSoC Creator\1\LWO3.cydsn\Generated_Source\PSoC4\cy_em_eeprom.c ****             }
 1236              		.loc 1 244 0
 1237 00ec 4023     		movs	r3, #64
 1238 00ee 1C1B     		subs	r4, r3, r4
 1239              	.LVL170:
 1240 00f0 00E0     		b	.L72
 1241              	.LVL171:
 1242              	.L97:
 248:C:\Program Files (x86)\Cypress\PSoC Creator\4.4\PSoC Creator\1\LWO3.cydsn\Generated_Source\PSoC4\cy_em_eeprom.c ****             }
 1243              		.loc 1 248 0
 1244 00f2 5446     		mov	r4, r10
 1245              	.L72:
 1246              	.LVL172:
 254:C:\Program Files (x86)\Cypress\PSoC Creator\4.4\PSoC Creator\1\LWO3.cydsn\Generated_Source\PSoC4\cy_em_eeprom.c ****             {
 1247              		.loc 1 254 0
 1248 00f4 049B     		ldr	r3, [sp, #16]
 1249 00f6 002B     		cmp	r3, #0
 1250 00f8 0FD0     		beq	.L73
 254:C:\Program Files (x86)\Cypress\PSoC Creator\4.4\PSoC Creator\1\LWO3.cydsn\Generated_Source\PSoC4\cy_em_eeprom.c ****             {
 1251              		.loc 1 254 0 is_stmt 0 discriminator 1
 1252 00fa 059B     		ldr	r3, [sp, #20]
 1253 00fc 9D42     		cmp	r5, r3
 1254 00fe 0CD9     		bls	.L73
 256:C:\Program Files (x86)\Cypress\PSoC Creator\4.4\PSoC Creator\1\LWO3.cydsn\Generated_Source\PSoC4\cy_em_eeprom.c **** 
 1255              		.loc 1 256 0 is_stmt 1
 1256 0100 4B46     		mov	r3, r9
 1257 0102 5B68     		ldr	r3, [r3, #4]
 1258 0104 D901     		lsls	r1, r3, #7
 1259 0106 401A     		subs	r0, r0, r1
 1260              	.LVL173:
 258:C:\Program Files (x86)\Cypress\PSoC Creator\4.4\PSoC Creator\1\LWO3.cydsn\Generated_Source\PSoC4\cy_em_eeprom.c ****                 {
 1261              		.loc 1 258 0
ARM GAS  C:\Users\taips\AppData\Local\Temp\ccZaQHee.s 			page 50


 1262 0108 4946     		mov	r1, r9
 1263 010a 8969     		ldr	r1, [r1, #24]
 1264 010c 8842     		cmp	r0, r1
 1265 010e 04D2     		bcs	.L73
 261:C:\Program Files (x86)\Cypress\PSoC Creator\4.4\PSoC Creator\1\LWO3.cydsn\Generated_Source\PSoC4\cy_em_eeprom.c ****                 }
 1266              		.loc 1 261 0
 1267 0110 581B     		subs	r0, r3, r5
 1268              	.LVL174:
 1269 0112 C301     		lsls	r3, r0, #7
 1270              	.LVL175:
 260:C:\Program Files (x86)\Cypress\PSoC Creator\4.4\PSoC Creator\1\LWO3.cydsn\Generated_Source\PSoC4\cy_em_eeprom.c ****                         ((context->numberOfRows - curRdEepromRowNum) * CY_EM_EEPROM_FLASH_SIZEOF_RO
 1271              		.loc 1 260 0
 1272 0114 4946     		mov	r1, r9
 1273 0116 0968     		ldr	r1, [r1]
 1274 0118 C81A     		subs	r0, r1, r3
 1275              	.LVL176:
 1276              	.L73:
 265:C:\Program Files (x86)\Cypress\PSoC Creator\4.4\PSoC Creator\1\LWO3.cydsn\Generated_Source\PSoC4\cy_em_eeprom.c ****             {
 1277              		.loc 1 265 0
 1278 011a 4B46     		mov	r3, r9
 1279 011c 1B7D     		ldrb	r3, [r3, #20]
 1280 011e 002B     		cmp	r3, #0
 1281 0120 0CD0     		beq	.L74
 270:C:\Program Files (x86)\Cypress\PSoC Creator\4.4\PSoC Creator\1\LWO3.cydsn\Generated_Source\PSoC4\cy_em_eeprom.c **** 
 1282              		.loc 1 270 0
 1283 0122 4B46     		mov	r3, r9
 1284 0124 0093     		str	r3, [sp]
 1285 0126 2300     		movs	r3, r4
 1286 0128 4146     		mov	r1, r8
 1287 012a FFF7FEFF 		bl	CheckCrcAndCopy
 1288              	.LVL177:
 272:C:\Program Files (x86)\Cypress\PSoC Creator\4.4\PSoC Creator\1\LWO3.cydsn\Generated_Source\PSoC4\cy_em_eeprom.c ****                 {
 1289              		.loc 1 272 0
 1290 012e 0028     		cmp	r0, #0
 1291 0130 0AD0     		beq	.L76
 1292 0132 8246     		mov	r10, r0
 1293              	.LVL178:
 1294 0134 4F46     		mov	r7, r9
 1295              	.LVL179:
 1296 0136 079B     		ldr	r3, [sp, #28]
 1297 0138 9946     		mov	r9, r3
 1298              	.LVL180:
 1299 013a 11E0     		b	.L75
 1300              	.LVL181:
 1301              	.L74:
 281:C:\Program Files (x86)\Cypress\PSoC Creator\4.4\PSoC Creator\1\LWO3.cydsn\Generated_Source\PSoC4\cy_em_eeprom.c ****                              numBytesToRead);
 1302              		.loc 1 281 0
 1303 013c 8118     		adds	r1, r0, r2
 280:C:\Program Files (x86)\Cypress\PSoC Creator\4.4\PSoC Creator\1\LWO3.cydsn\Generated_Source\PSoC4\cy_em_eeprom.c ****                              (void *)(startRowAddr + curRowOffset),
 1304              		.loc 1 280 0
 1305 013e 2200     		movs	r2, r4
 1306              	.LVL182:
 1307 0140 4046     		mov	r0, r8
 1308              	.LVL183:
 1309 0142 FFF7FEFF 		bl	memcpy
 1310              	.LVL184:
 285:C:\Program Files (x86)\Cypress\PSoC Creator\4.4\PSoC Creator\1\LWO3.cydsn\Generated_Source\PSoC4\cy_em_eeprom.c ****             }
ARM GAS  C:\Users\taips\AppData\Local\Temp\ccZaQHee.s 			page 51


 1311              		.loc 1 285 0
 1312 0146 0020     		movs	r0, #0
 1313              	.LVL185:
 1314              	.L76:
 289:C:\Program Files (x86)\Cypress\PSoC Creator\4.4\PSoC Creator\1\LWO3.cydsn\Generated_Source\PSoC4\cy_em_eeprom.c ****             rdSize -= numBytesToRead;
 1315              		.loc 1 289 0 discriminator 2
 1316 0148 3F19     		adds	r7, r7, r4
 1317              	.LVL186:
 290:C:\Program Files (x86)\Cypress\PSoC Creator\4.4\PSoC Creator\1\LWO3.cydsn\Generated_Source\PSoC4\cy_em_eeprom.c ****             eeData += numBytesToRead;
 1318              		.loc 1 290 0 discriminator 2
 1319 014a 5346     		mov	r3, r10
 1320 014c 1B1B     		subs	r3, r3, r4
 1321 014e 9A46     		mov	r10, r3
 1322              	.LVL187:
 291:C:\Program Files (x86)\Cypress\PSoC Creator\4.4\PSoC Creator\1\LWO3.cydsn\Generated_Source\PSoC4\cy_em_eeprom.c ****             curRdEepromRowNum++;
 1323              		.loc 1 291 0 discriminator 2
 1324 0150 A044     		add	r8, r8, r4
 1325              	.LVL188:
 292:C:\Program Files (x86)\Cypress\PSoC Creator\4.4\PSoC Creator\1\LWO3.cydsn\Generated_Source\PSoC4\cy_em_eeprom.c ****         }
 1326              		.loc 1 292 0 discriminator 2
 1327 0152 0135     		adds	r5, r5, #1
 1328              	.LVL189:
 1329              	.L71:
 234:C:\Program Files (x86)\Cypress\PSoC Creator\4.4\PSoC Creator\1\LWO3.cydsn\Generated_Source\PSoC4\cy_em_eeprom.c ****         {
 1330              		.loc 1 234 0 discriminator 1
 1331 0154 5E45     		cmp	r6, fp
 1332 0156 BED3     		bcc	.L77
 1333 0158 8246     		mov	r10, r0
 1334              	.LVL190:
 1335 015a 4F46     		mov	r7, r9
 1336              	.LVL191:
 1337 015c 079B     		ldr	r3, [sp, #28]
 1338 015e 9946     		mov	r9, r3
 1339              	.LVL192:
 1340              	.L75:
 303:C:\Program Files (x86)\Cypress\PSoC Creator\4.4\PSoC Creator\1\LWO3.cydsn\Generated_Source\PSoC4\cy_em_eeprom.c ****         {
 1341              		.loc 1 303 0
 1342 0160 5346     		mov	r3, r10
 1343 0162 002B     		cmp	r3, #0
 1344 0164 5BD1     		bne	.L65
 303:C:\Program Files (x86)\Cypress\PSoC Creator\4.4\PSoC Creator\1\LWO3.cydsn\Generated_Source\PSoC4\cy_em_eeprom.c ****         {
 1345              		.loc 1 303 0 is_stmt 0 discriminator 1
 1346 0166 099A     		ldr	r2, [sp, #36]
 1347 0168 002A     		cmp	r2, #0
 1348 016a 58D0     		beq	.L65
 305:C:\Program Files (x86)\Cypress\PSoC Creator\4.4\PSoC Creator\1\LWO3.cydsn\Generated_Source\PSoC4\cy_em_eeprom.c ****             numRowReads--;
 1349              		.loc 1 305 0 is_stmt 1
 1350 016c 7B68     		ldr	r3, [r7, #4]
 1351 016e 1400     		movs	r4, r2
 1352 0170 9A42     		cmp	r2, r3
 1353 0172 00D9     		bls	.L78
 1354 0174 1C00     		movs	r4, r3
 1355              	.L78:
 1356              	.LVL193:
 306:C:\Program Files (x86)\Cypress\PSoC Creator\4.4\PSoC Creator\1\LWO3.cydsn\Generated_Source\PSoC4\cy_em_eeprom.c **** 
 1357              		.loc 1 306 0
 1358 0176 013C     		subs	r4, r4, #1
ARM GAS  C:\Users\taips\AppData\Local\Temp\ccZaQHee.s 			page 52


 1359              	.LVL194:
 308:C:\Program Files (x86)\Cypress\PSoC Creator\4.4\PSoC Creator\1\LWO3.cydsn\Generated_Source\PSoC4\cy_em_eeprom.c ****             {
 1360              		.loc 1 308 0
 1361 0178 099B     		ldr	r3, [sp, #36]
 1362 017a 1C1B     		subs	r4, r3, r4
 1363              	.LVL195:
 1364 017c 089A     		ldr	r2, [sp, #32]
 1365 017e 9046     		mov	r8, r2
 1366              	.LVL196:
 1367 0180 1D00     		movs	r5, r3
 1368              	.LVL197:
 1369 0182 0397     		str	r7, [sp, #12]
 1370              	.LVL198:
 1371 0184 4F46     		mov	r7, r9
 1372              	.LVL199:
 1373 0186 3FE0     		b	.L79
 1374              	.L88:
 310:C:\Program Files (x86)\Cypress\PSoC Creator\4.4\PSoC Creator\1\LWO3.cydsn\Generated_Source\PSoC4\cy_em_eeprom.c **** 
 1375              		.loc 1 310 0
 1376 0188 0399     		ldr	r1, [sp, #12]
 1377 018a 2000     		movs	r0, r4
 1378 018c FFF7FEFF 		bl	GetRowAddrBySeqNum
 1379              	.LVL200:
 312:C:\Program Files (x86)\Cypress\PSoC Creator\4.4\PSoC Creator\1\LWO3.cydsn\Generated_Source\PSoC4\cy_em_eeprom.c ****                 {
 1380              		.loc 1 312 0
 1381 0190 0028     		cmp	r0, #0
 1382 0192 38D0     		beq	.L80
 1383              	.LBB5:
 315:C:\Program Files (x86)\Cypress\PSoC Creator\4.4\PSoC Creator\1\LWO3.cydsn\Generated_Source\PSoC4\cy_em_eeprom.c ****                     uint32 endAddr    = startAddr + (*(uint32 *)(startRowAddr + CY_EM_EEPROM_HEADER
 1384              		.loc 1 315 0
 1385 0194 4668     		ldr	r6, [r0, #4]
 1386              	.LVL201:
 316:C:\Program Files (x86)\Cypress\PSoC Creator\4.4\PSoC Creator\1\LWO3.cydsn\Generated_Source\PSoC4\cy_em_eeprom.c **** 
 1387              		.loc 1 316 0
 1388 0196 8368     		ldr	r3, [r0, #8]
 1389 0198 F318     		adds	r3, r6, r3
 1390              	.LVL202:
 319:C:\Program Files (x86)\Cypress\PSoC Creator\4.4\PSoC Creator\1\LWO3.cydsn\Generated_Source\PSoC4\cy_em_eeprom.c ****                     {
 1391              		.loc 1 319 0
 1392 019a B742     		cmp	r7, r6
 1393 019c 03D2     		bcs	.L81
 319:C:\Program Files (x86)\Cypress\PSoC Creator\4.4\PSoC Creator\1\LWO3.cydsn\Generated_Source\PSoC4\cy_em_eeprom.c ****                     {
 1394              		.loc 1 319 0 is_stmt 0 discriminator 1
 1395 019e 4645     		cmp	r6, r8
 1396 01a0 9241     		sbcs	r2, r2, r2
 1397 01a2 5242     		rsbs	r2, r2, #0
 1398 01a4 02E0     		b	.L82
 1399              	.L81:
 319:C:\Program Files (x86)\Cypress\PSoC Creator\4.4\PSoC Creator\1\LWO3.cydsn\Generated_Source\PSoC4\cy_em_eeprom.c ****                     {
 1400              		.loc 1 319 0 discriminator 2
 1401 01a6 9F42     		cmp	r7, r3
 1402 01a8 9241     		sbcs	r2, r2, r2
 1403 01aa 5242     		rsbs	r2, r2, #0
 1404              	.L82:
 319:C:\Program Files (x86)\Cypress\PSoC Creator\4.4\PSoC Creator\1\LWO3.cydsn\Generated_Source\PSoC4\cy_em_eeprom.c ****                     {
 1405              		.loc 1 319 0 discriminator 4
 1406 01ac 002A     		cmp	r2, #0
ARM GAS  C:\Users\taips\AppData\Local\Temp\ccZaQHee.s 			page 53


 1407 01ae 2AD0     		beq	.L80
 1408              	.LBB6:
 321:C:\Program Files (x86)\Cypress\PSoC Creator\4.4\PSoC Creator\1\LWO3.cydsn\Generated_Source\PSoC4\cy_em_eeprom.c ****                         uint32 dstOffset = (startAddr > addr) ? (startAddr - addr): (0u);
 1409              		.loc 1 321 0 is_stmt 1
 1410 01b0 B742     		cmp	r7, r6
 1411 01b2 01D3     		bcc	.L98
 321:C:\Program Files (x86)\Cypress\PSoC Creator\4.4\PSoC Creator\1\LWO3.cydsn\Generated_Source\PSoC4\cy_em_eeprom.c ****                         uint32 dstOffset = (startAddr > addr) ? (startAddr - addr): (0u);
 1412              		.loc 1 321 0 is_stmt 0 discriminator 1
 1413 01b4 BA1B     		subs	r2, r7, r6
 1414 01b6 00E0     		b	.L83
 1415              	.L98:
 321:C:\Program Files (x86)\Cypress\PSoC Creator\4.4\PSoC Creator\1\LWO3.cydsn\Generated_Source\PSoC4\cy_em_eeprom.c ****                         uint32 dstOffset = (startAddr > addr) ? (startAddr - addr): (0u);
 1416              		.loc 1 321 0
 1417 01b8 0022     		movs	r2, #0
 1418              	.L83:
 1419              	.LVL203:
 322:C:\Program Files (x86)\Cypress\PSoC Creator\4.4\PSoC Creator\1\LWO3.cydsn\Generated_Source\PSoC4\cy_em_eeprom.c ****                         rdAddr = (startAddr > addr) ? (startAddr) : (addr);
 1420              		.loc 1 322 0 is_stmt 1 discriminator 4
 1421 01ba B742     		cmp	r7, r6
 1422 01bc 02D2     		bcs	.L99
 322:C:\Program Files (x86)\Cypress\PSoC Creator\4.4\PSoC Creator\1\LWO3.cydsn\Generated_Source\PSoC4\cy_em_eeprom.c ****                         rdAddr = (startAddr > addr) ? (startAddr) : (addr);
 1423              		.loc 1 322 0 is_stmt 0 discriminator 1
 1424 01be F11B     		subs	r1, r6, r7
 1425 01c0 8C46     		mov	ip, r1
 1426 01c2 01E0     		b	.L84
 1427              	.L99:
 322:C:\Program Files (x86)\Cypress\PSoC Creator\4.4\PSoC Creator\1\LWO3.cydsn\Generated_Source\PSoC4\cy_em_eeprom.c ****                         rdAddr = (startAddr > addr) ? (startAddr) : (addr);
 1428              		.loc 1 322 0
 1429 01c4 0021     		movs	r1, #0
 1430 01c6 8C46     		mov	ip, r1
 1431              	.L84:
 1432              	.LVL204:
 323:C:\Program Files (x86)\Cypress\PSoC Creator\4.4\PSoC Creator\1\LWO3.cydsn\Generated_Source\PSoC4\cy_em_eeprom.c **** 
 1433              		.loc 1 323 0 is_stmt 1 discriminator 4
 1434 01c8 3900     		movs	r1, r7
 1435 01ca B742     		cmp	r7, r6
 1436 01cc 00D2     		bcs	.L85
 1437 01ce 3100     		movs	r1, r6
 1438              	.L85:
 1439              	.LVL205:
 325:C:\Program Files (x86)\Cypress\PSoC Creator\4.4\PSoC Creator\1\LWO3.cydsn\Generated_Source\PSoC4\cy_em_eeprom.c **** 
 1440              		.loc 1 325 0 discriminator 4
 1441 01d0 0C32     		adds	r2, r2, #12
 1442              	.LVL206:
 328:C:\Program Files (x86)\Cypress\PSoC Creator\4.4\PSoC Creator\1\LWO3.cydsn\Generated_Source\PSoC4\cy_em_eeprom.c **** 
 1443              		.loc 1 328 0 discriminator 4
 1444 01d2 4646     		mov	r6, r8
 1445              	.LVL207:
 1446 01d4 9845     		cmp	r8, r3
 1447 01d6 00D9     		bls	.L86
 1448 01d8 1E00     		movs	r6, r3
 1449              	.L86:
 1450 01da 731A     		subs	r3, r6, r1
 1451              	.LVL208:
 331:C:\Program Files (x86)\Cypress\PSoC Creator\4.4\PSoC Creator\1\LWO3.cydsn\Generated_Source\PSoC4\cy_em_eeprom.c **** 
 1452              		.loc 1 331 0 discriminator 4
 1453 01dc 0699     		ldr	r1, [sp, #24]
ARM GAS  C:\Users\taips\AppData\Local\Temp\ccZaQHee.s 			page 54


 1454              	.LVL209:
 1455 01de 6144     		add	r1, r1, ip
 1456 01e0 0E00     		movs	r6, r1
 1457              	.LVL210:
 338:C:\Program Files (x86)\Cypress\PSoC Creator\4.4\PSoC Creator\1\LWO3.cydsn\Generated_Source\PSoC4\cy_em_eeprom.c ****                         {
 1458              		.loc 1 338 0 discriminator 4
 1459 01e2 0399     		ldr	r1, [sp, #12]
 1460              	.LVL211:
 1461 01e4 097D     		ldrb	r1, [r1, #20]
 1462 01e6 0029     		cmp	r1, #0
 1463 01e8 08D0     		beq	.L87
 340:C:\Program Files (x86)\Cypress\PSoC Creator\4.4\PSoC Creator\1\LWO3.cydsn\Generated_Source\PSoC4\cy_em_eeprom.c **** 
 1464              		.loc 1 340 0
 1465 01ea 0399     		ldr	r1, [sp, #12]
 1466 01ec 0091     		str	r1, [sp]
 1467              	.LVL212:
 1468 01ee 3100     		movs	r1, r6
 1469 01f0 FFF7FEFF 		bl	CheckCrcAndCopy
 1470              	.LVL213:
 1471 01f4 8246     		mov	r10, r0
 1472              	.LVL214:
 342:C:\Program Files (x86)\Cypress\PSoC Creator\4.4\PSoC Creator\1\LWO3.cydsn\Generated_Source\PSoC4\cy_em_eeprom.c ****                             {
 1473              		.loc 1 342 0
 1474 01f6 0028     		cmp	r0, #0
 1475 01f8 05D0     		beq	.L80
 1476              	.LBE6:
 1477              	.LBE5:
 1478 01fa 10E0     		b	.L65
 1479              	.LVL215:
 1480              	.L87:
 1481              	.LBB8:
 1482              	.LBB7:
 349:C:\Program Files (x86)\Cypress\PSoC Creator\4.4\PSoC Creator\1\LWO3.cydsn\Generated_Source\PSoC4\cy_em_eeprom.c ****                         }
 1483              		.loc 1 349 0
 1484 01fc 8118     		adds	r1, r0, r2
 1485 01fe 1A00     		movs	r2, r3
 1486              	.LVL216:
 1487 0200 3000     		movs	r0, r6
 1488              	.LVL217:
 1489 0202 FFF7FEFF 		bl	memcpy
 1490              	.LVL218:
 1491              	.L80:
 1492              	.LBE7:
 1493              	.LBE8:
 308:C:\Program Files (x86)\Cypress\PSoC Creator\4.4\PSoC Creator\1\LWO3.cydsn\Generated_Source\PSoC4\cy_em_eeprom.c ****             {
 1494              		.loc 1 308 0 discriminator 2
 1495 0206 0134     		adds	r4, r4, #1
 1496              	.LVL219:
 1497              	.L79:
 308:C:\Program Files (x86)\Cypress\PSoC Creator\4.4\PSoC Creator\1\LWO3.cydsn\Generated_Source\PSoC4\cy_em_eeprom.c ****             {
 1498              		.loc 1 308 0 is_stmt 0 discriminator 1
 1499 0208 AC42     		cmp	r4, r5
 1500 020a BDD9     		bls	.L88
 1501 020c 07E0     		b	.L65
 1502              	.LVL220:
 1503              	.L89:
 1504              	.LBE11:
ARM GAS  C:\Users\taips\AppData\Local\Temp\ccZaQHee.s 			page 55


 174:C:\Program Files (x86)\Cypress\PSoC Creator\4.4\PSoC Creator\1\LWO3.cydsn\Generated_Source\PSoC4\cy_em_eeprom.c ****     uint32 i;
 1505              		.loc 1 174 0 is_stmt 1
 1506 020e 0123     		movs	r3, #1
 1507 0210 9A46     		mov	r10, r3
 1508 0212 04E0     		b	.L65
 1509              	.LVL221:
 1510              	.L90:
 1511 0214 0123     		movs	r3, #1
 1512 0216 9A46     		mov	r10, r3
 1513              	.LVL222:
 1514 0218 01E0     		b	.L65
 1515              	.LVL223:
 1516              	.L91:
 1517 021a 0123     		movs	r3, #1
 1518 021c 9A46     		mov	r10, r3
 1519              	.LVL224:
 1520              	.L65:
 358:C:\Program Files (x86)\Cypress\PSoC Creator\4.4\PSoC Creator\1\LWO3.cydsn\Generated_Source\PSoC4\cy_em_eeprom.c **** 
 1521              		.loc 1 358 0
 1522 021e 5046     		mov	r0, r10
 1523 0220 0BB0     		add	sp, sp, #44
 1524              		@ sp needed
 1525              	.LVL225:
 1526 0222 3CBC     		pop	{r2, r3, r4, r5}
 1527 0224 9046     		mov	r8, r2
 1528 0226 9946     		mov	r9, r3
 1529 0228 A246     		mov	r10, r4
 1530 022a AB46     		mov	fp, r5
 1531 022c F0BD     		pop	{r4, r5, r6, r7, pc}
 1532              		.cfi_endproc
 1533              	.LFE1:
 1534              		.size	Cy_Em_EEPROM_Read, .-Cy_Em_EEPROM_Read
 1535              		.global	__aeabi_uidivmod
 1536 022e C046     		.section	.text.Cy_Em_EEPROM_Write,"ax",%progbits
 1537              		.align	2
 1538              		.global	Cy_Em_EEPROM_Write
 1539              		.code	16
 1540              		.thumb_func
 1541              		.type	Cy_Em_EEPROM_Write, %function
 1542              	Cy_Em_EEPROM_Write:
 1543              	.LFB2:
 415:C:\Program Files (x86)\Cypress\PSoC Creator\4.4\PSoC Creator\1\LWO3.cydsn\Generated_Source\PSoC4\cy_em_eeprom.c ****     cy_en_em_eeprom_status_t ret = CY_EM_EEPROM_BAD_PARAM;
 1544              		.loc 1 415 0
 1545              		.cfi_startproc
 1546              		@ args = 0, pretend = 0, frame = 168
 1547              		@ frame_needed = 0, uses_anonymous_args = 0
 1548              	.LVL226:
 1549 0000 F0B5     		push	{r4, r5, r6, r7, lr}
 1550              		.cfi_def_cfa_offset 20
 1551              		.cfi_offset 4, -20
 1552              		.cfi_offset 5, -16
 1553              		.cfi_offset 6, -12
 1554              		.cfi_offset 7, -8
 1555              		.cfi_offset 14, -4
 1556 0002 5F46     		mov	r7, fp
 1557 0004 5646     		mov	r6, r10
 1558 0006 4D46     		mov	r5, r9
ARM GAS  C:\Users\taips\AppData\Local\Temp\ccZaQHee.s 			page 56


 1559 0008 4446     		mov	r4, r8
 1560 000a F0B4     		push	{r4, r5, r6, r7}
 1561              		.cfi_def_cfa_offset 36
 1562              		.cfi_offset 8, -36
 1563              		.cfi_offset 9, -32
 1564              		.cfi_offset 10, -28
 1565              		.cfi_offset 11, -24
 1566 000c ADB0     		sub	sp, sp, #180
 1567              		.cfi_def_cfa_offset 216
 1568 000e 8246     		mov	r10, r0
 1569 0010 9346     		mov	fp, r2
 1570 0012 1D00     		movs	r5, r3
 1571              	.LVL227:
 421:C:\Program Files (x86)\Cypress\PSoC Creator\4.4\PSoC Creator\1\LWO3.cydsn\Generated_Source\PSoC4\cy_em_eeprom.c ****     uint32 endAddr = 0u;
 1572              		.loc 1 421 0
 1573 0014 0023     		movs	r3, #0
 1574              	.LVL228:
 1575 0016 0B93     		str	r3, [sp, #44]
 422:C:\Program Files (x86)\Cypress\PSoC Creator\4.4\PSoC Creator\1\LWO3.cydsn\Generated_Source\PSoC4\cy_em_eeprom.c ****     uint32 tmpRowAddr;
 1576              		.loc 1 422 0
 1577 0018 0A93     		str	r3, [sp, #40]
 424:C:\Program Files (x86)\Cypress\PSoC Creator\4.4\PSoC Creator\1\LWO3.cydsn\Generated_Source\PSoC4\cy_em_eeprom.c ****     uint32 emEepromRowRdAddr;
 1578              		.loc 1 424 0
 1579 001a AB68     		ldr	r3, [r5, #8]
 1580 001c 0993     		str	r3, [sp, #36]
 427:C:\Program Files (x86)\Cypress\PSoC Creator\4.4\PSoC Creator\1\LWO3.cydsn\Generated_Source\PSoC4\cy_em_eeprom.c **** 
 1581              		.loc 1 427 0
 1582 001e 0391     		str	r1, [sp, #12]
 1583              	.LVL229:
 430:C:\Program Files (x86)\Cypress\PSoC Creator\4.4\PSoC Creator\1\LWO3.cydsn\Generated_Source\PSoC4\cy_em_eeprom.c ****     {
 1584              		.loc 1 430 0
 1585 0020 131E     		subs	r3, r2, #0
 1586 0022 00D1     		bne	.LCB1768
 1587 0024 A7E0     		b	.L119	@long jump
 1588              	.LCB1768:
 430:C:\Program Files (x86)\Cypress\PSoC Creator\4.4\PSoC Creator\1\LWO3.cydsn\Generated_Source\PSoC4\cy_em_eeprom.c ****     {
 1589              		.loc 1 430 0 is_stmt 0 discriminator 1
 1590 0026 5344     		add	r3, r3, r10
 1591 0028 EA68     		ldr	r2, [r5, #12]
 1592              	.LVL230:
 1593 002a 9342     		cmp	r3, r2
 1594 002c 00D9     		bls	.LCB1774
 1595 002e A4E0     		b	.L120	@long jump
 1596              	.LCB1774:
 430:C:\Program Files (x86)\Cypress\PSoC Creator\4.4\PSoC Creator\1\LWO3.cydsn\Generated_Source\PSoC4\cy_em_eeprom.c ****     {
 1597              		.loc 1 430 0 discriminator 2
 1598 0030 0029     		cmp	r1, #0
 1599 0032 00D1     		bne	.LCB1776
 1600 0034 A3E0     		b	.L121	@long jump
 1601              	.LCB1776:
 1602              	.LBB12:
 432:C:\Program Files (x86)\Cypress\PSoC Creator\4.4\PSoC Creator\1\LWO3.cydsn\Generated_Source\PSoC4\cy_em_eeprom.c ****         uint32 eeHeaderDataOffset = 0u;
 1603              		.loc 1 432 0 is_stmt 1
 1604 0036 5B46     		mov	r3, fp
 1605 0038 581E     		subs	r0, r3, #1
 1606              	.LVL231:
 1607 003a 3021     		movs	r1, #48
ARM GAS  C:\Users\taips\AppData\Local\Temp\ccZaQHee.s 			page 57


 1608              	.LVL232:
 1609 003c FFF7FEFF 		bl	__aeabi_uidiv
 1610              	.LVL233:
 1611 0040 0300     		movs	r3, r0
 1612 0042 0590     		str	r0, [sp, #20]
 1613 0044 0133     		adds	r3, r3, #1
 1614 0046 0493     		str	r3, [sp, #16]
 1615              	.LVL234:
 433:C:\Program Files (x86)\Cypress\PSoC Creator\4.4\PSoC Creator\1\LWO3.cydsn\Generated_Source\PSoC4\cy_em_eeprom.c **** 
 1616              		.loc 1 433 0
 1617 0048 0023     		movs	r3, #0
 1618              	.LVL235:
 1619 004a 0793     		str	r3, [sp, #28]
 1620              	.LVL236:
 435:C:\Program Files (x86)\Cypress\PSoC Creator\4.4\PSoC Creator\1\LWO3.cydsn\Generated_Source\PSoC4\cy_em_eeprom.c ****         {
 1621              		.loc 1 435 0
 1622 004c 9946     		mov	r9, r3
 1623              	.LBE12:
 416:C:\Program Files (x86)\Cypress\PSoC Creator\4.4\PSoC Creator\1\LWO3.cydsn\Generated_Source\PSoC4\cy_em_eeprom.c ****     uint32 i;
 1624              		.loc 1 416 0
 1625 004e 0120     		movs	r0, #1
 1626              	.LBB15:
 435:C:\Program Files (x86)\Cypress\PSoC Creator\4.4\PSoC Creator\1\LWO3.cydsn\Generated_Source\PSoC4\cy_em_eeprom.c ****         {
 1627              		.loc 1 435 0
 1628 0050 8CE0     		b	.L103
 1629              	.LVL237:
 1630              	.L118:
 1631              	.LBB13:
 439:C:\Program Files (x86)\Cypress\PSoC Creator\4.4\PSoC Creator\1\LWO3.cydsn\Generated_Source\PSoC4\cy_em_eeprom.c **** 
 1632              		.loc 1 439 0
 1633 0052 099B     		ldr	r3, [sp, #36]
 1634 0054 1C68     		ldr	r4, [r3]
 1635              	.LVL238:
 446:C:\Program Files (x86)\Cypress\PSoC Creator\4.4\PSoC Creator\1\LWO3.cydsn\Generated_Source\PSoC4\cy_em_eeprom.c **** 
 1636              		.loc 1 446 0
 1637 0056 2B00     		movs	r3, r5
 1638 0058 08AA     		add	r2, sp, #32
 1639 005a 09A9     		add	r1, sp, #36
 1640 005c 2000     		movs	r0, r4
 1641              	.LVL239:
 1642 005e FFF7FEFF 		bl	GetNextRowToWrite
 1643              	.LVL240:
 449:C:\Program Files (x86)\Cypress\PSoC Creator\4.4\PSoC Creator\1\LWO3.cydsn\Generated_Source\PSoC4\cy_em_eeprom.c **** 
 1644              		.loc 1 449 0
 1645 0062 8022     		movs	r2, #128
 1646 0064 0021     		movs	r1, #0
 1647 0066 0CA8     		add	r0, sp, #48
 1648 0068 FFF7FEFF 		bl	memset
 1649              	.LVL241:
 452:C:\Program Files (x86)\Cypress\PSoC Creator\4.4\PSoC Creator\1\LWO3.cydsn\Generated_Source\PSoC4\cy_em_eeprom.c ****             writeRamBuffer[CY_EM_EEPROM_HEADER_SEQ_NUM_OFFSET_U32] = seqNum;
 1650              		.loc 1 452 0
 1651 006c 631C     		adds	r3, r4, #1
 1652 006e 9846     		mov	r8, r3
 1653              	.LVL242:
 453:C:\Program Files (x86)\Cypress\PSoC Creator\4.4\PSoC Creator\1\LWO3.cydsn\Generated_Source\PSoC4\cy_em_eeprom.c ****             writeRamBuffer[CY_EM_EEPROM_HEADER_ADDR_OFFSET_U32] = addr;
 1654              		.loc 1 453 0
 1655 0070 0C93     		str	r3, [sp, #48]
ARM GAS  C:\Users\taips\AppData\Local\Temp\ccZaQHee.s 			page 58


 454:C:\Program Files (x86)\Cypress\PSoC Creator\4.4\PSoC Creator\1\LWO3.cydsn\Generated_Source\PSoC4\cy_em_eeprom.c ****             tmpData = (void *) eeData;
 1656              		.loc 1 454 0
 1657 0072 5346     		mov	r3, r10
 1658              	.LVL243:
 1659 0074 0D93     		str	r3, [sp, #52]
 455:C:\Program Files (x86)\Cypress\PSoC Creator\4.4\PSoC Creator\1\LWO3.cydsn\Generated_Source\PSoC4\cy_em_eeprom.c **** 
 1660              		.loc 1 455 0
 1661 0076 0399     		ldr	r1, [sp, #12]
 1662              	.LVL244:
 458:C:\Program Files (x86)\Cypress\PSoC Creator\4.4\PSoC Creator\1\LWO3.cydsn\Generated_Source\PSoC4\cy_em_eeprom.c ****             {
 1663              		.loc 1 458 0
 1664 0078 059B     		ldr	r3, [sp, #20]
 1665 007a 9945     		cmp	r9, r3
 1666 007c 02D1     		bne	.L104
 461:C:\Program Files (x86)\Cypress\PSoC Creator\4.4\PSoC Creator\1\LWO3.cydsn\Generated_Source\PSoC4\cy_em_eeprom.c ****             }
 1667              		.loc 1 461 0
 1668 007e 5B46     		mov	r3, fp
 1669 0080 0E93     		str	r3, [sp, #56]
 1670 0082 0AE0     		b	.L105
 1671              	.L104:
 469:C:\Program Files (x86)\Cypress\PSoC Creator\4.4\PSoC Creator\1\LWO3.cydsn\Generated_Source\PSoC4\cy_em_eeprom.c ****                 size -= CY_EM_EEPROM_HEADER_DATA_LEN;
 1672              		.loc 1 469 0
 1673 0084 3023     		movs	r3, #48
 1674 0086 0E93     		str	r3, [sp, #56]
 470:C:\Program Files (x86)\Cypress\PSoC Creator\4.4\PSoC Creator\1\LWO3.cydsn\Generated_Source\PSoC4\cy_em_eeprom.c ****                 addr += CY_EM_EEPROM_HEADER_DATA_LEN;
 1675              		.loc 1 470 0
 1676 0088 603B     		subs	r3, r3, #96
 1677 008a 9C46     		mov	ip, r3
 1678 008c E344     		add	fp, fp, ip
 1679              	.LVL245:
 471:C:\Program Files (x86)\Cypress\PSoC Creator\4.4\PSoC Creator\1\LWO3.cydsn\Generated_Source\PSoC4\cy_em_eeprom.c ****                 eeData += CY_EM_EEPROM_HEADER_DATA_LEN;
 1680              		.loc 1 471 0
 1681 008e 6033     		adds	r3, r3, #96
 1682 0090 9C46     		mov	ip, r3
 1683 0092 E244     		add	r10, r10, ip
 1684              	.LVL246:
 472:C:\Program Files (x86)\Cypress\PSoC Creator\4.4\PSoC Creator\1\LWO3.cydsn\Generated_Source\PSoC4\cy_em_eeprom.c ****             }
 1685              		.loc 1 472 0
 1686 0094 039B     		ldr	r3, [sp, #12]
 1687 0096 3033     		adds	r3, r3, #48
 1688 0098 0393     		str	r3, [sp, #12]
 1689              	.LVL247:
 1690              	.L105:
 476:C:\Program Files (x86)\Cypress\PSoC Creator\4.4\PSoC Creator\1\LWO3.cydsn\Generated_Source\PSoC4\cy_em_eeprom.c ****                          tmpData,
 1691              		.loc 1 476 0
 1692 009a 0E9A     		ldr	r2, [sp, #56]
 1693 009c 0FA8     		add	r0, sp, #60
 1694 009e FFF7FEFF 		bl	memcpy
 1695              	.LVL248:
 480:C:\Program Files (x86)\Cypress\PSoC Creator\4.4\PSoC Creator\1\LWO3.cydsn\Generated_Source\PSoC4\cy_em_eeprom.c ****             {
 1696              		.loc 1 480 0
 1697 00a2 0899     		ldr	r1, [sp, #32]
 1698 00a4 0029     		cmp	r1, #0
 1699 00a6 04D0     		beq	.L106
 484:C:\Program Files (x86)\Cypress\PSoC Creator\4.4\PSoC Creator\1\LWO3.cydsn\Generated_Source\PSoC4\cy_em_eeprom.c ****                              CY_EM_EEPROM_EEPROM_DATA_LEN);
 1700              		.loc 1 484 0
 1701 00a8 4031     		adds	r1, r1, #64
ARM GAS  C:\Users\taips\AppData\Local\Temp\ccZaQHee.s 			page 59


 483:C:\Program Files (x86)\Cypress\PSoC Creator\4.4\PSoC Creator\1\LWO3.cydsn\Generated_Source\PSoC4\cy_em_eeprom.c ****                              (void *)(emEepromRowRdAddr + CY_EM_EEPROM_EEPROM_DATA_LEN),
 1702              		.loc 1 483 0
 1703 00aa 4022     		movs	r2, #64
 1704 00ac 1CA8     		add	r0, sp, #112
 1705 00ae FFF7FEFF 		bl	memcpy
 1706              	.LVL249:
 1707              	.L106:
 492:C:\Program Files (x86)\Cypress\PSoC Creator\4.4\PSoC Creator\1\LWO3.cydsn\Generated_Source\PSoC4\cy_em_eeprom.c **** 
 1708              		.loc 1 492 0
 1709 00b2 6C68     		ldr	r4, [r5, #4]
 1710 00b4 A045     		cmp	r8, r4
 1711 00b6 03D9     		bls	.L122
 492:C:\Program Files (x86)\Cypress\PSoC Creator\4.4\PSoC Creator\1\LWO3.cydsn\Generated_Source\PSoC4\cy_em_eeprom.c **** 
 1712              		.loc 1 492 0 is_stmt 0 discriminator 1
 1713 00b8 4346     		mov	r3, r8
 1714 00ba 1C1B     		subs	r4, r3, r4
 1715 00bc 0134     		adds	r4, r4, #1
 1716 00be 00E0     		b	.L107
 1717              	.L122:
 492:C:\Program Files (x86)\Cypress\PSoC Creator\4.4\PSoC Creator\1\LWO3.cydsn\Generated_Source\PSoC4\cy_em_eeprom.c **** 
 1718              		.loc 1 492 0
 1719 00c0 0124     		movs	r4, #1
 1720              	.L107:
 492:C:\Program Files (x86)\Cypress\PSoC Creator\4.4\PSoC Creator\1\LWO3.cydsn\Generated_Source\PSoC4\cy_em_eeprom.c **** 
 1721              		.loc 1 492 0 discriminator 1
 1722 00c2 0027     		movs	r7, #0
 1723 00c4 35E0     		b	.L108
 1724              	.LVL250:
 1725              	.L115:
 496:C:\Program Files (x86)\Cypress\PSoC Creator\4.4\PSoC Creator\1\LWO3.cydsn\Generated_Source\PSoC4\cy_em_eeprom.c ****                 {
 1726              		.loc 1 496 0 is_stmt 1
 1727 00c6 4445     		cmp	r4, r8
 1728 00c8 01D1     		bne	.L109
 502:C:\Program Files (x86)\Cypress\PSoC Creator\4.4\PSoC Creator\1\LWO3.cydsn\Generated_Source\PSoC4\cy_em_eeprom.c ****                 }
 1729              		.loc 1 502 0
 1730 00ca 0CAE     		add	r6, sp, #48
 1731              	.LVL251:
 1732 00cc 04E0     		b	.L110
 1733              	.LVL252:
 1734              	.L109:
 509:C:\Program Files (x86)\Cypress\PSoC Creator\4.4\PSoC Creator\1\LWO3.cydsn\Generated_Source\PSoC4\cy_em_eeprom.c ****                 }
 1735              		.loc 1 509 0
 1736 00ce 2900     		movs	r1, r5
 1737 00d0 2000     		movs	r0, r4
 1738 00d2 FFF7FEFF 		bl	GetRowAddrBySeqNum
 1739              	.LVL253:
 1740 00d6 0600     		movs	r6, r0
 1741              	.LVL254:
 1742              	.L110:
 512:C:\Program Files (x86)\Cypress\PSoC Creator\4.4\PSoC Creator\1\LWO3.cydsn\Generated_Source\PSoC4\cy_em_eeprom.c ****                                                                            context->numberOfRows,
 1743              		.loc 1 512 0
 1744 00d8 099B     		ldr	r3, [sp, #36]
 1745 00da AA69     		ldr	r2, [r5, #24]
 1746 00dc 981A     		subs	r0, r3, r2
 1747 00de C009     		lsrs	r0, r0, #7
 1748 00e0 6968     		ldr	r1, [r5, #4]
 1749 00e2 FFF7FEFF 		bl	__aeabi_uidivmod
ARM GAS  C:\Users\taips\AppData\Local\Temp\ccZaQHee.s 			page 60


 1750              	.LVL255:
 515:C:\Program Files (x86)\Cypress\PSoC Creator\4.4\PSoC Creator\1\LWO3.cydsn\Generated_Source\PSoC4\cy_em_eeprom.c ****                 {
 1751              		.loc 1 515 0
 1752 00e6 002E     		cmp	r6, #0
 1753 00e8 0BD0     		beq	.L111
 518:C:\Program Files (x86)\Cypress\PSoC Creator\4.4\PSoC Creator\1\LWO3.cydsn\Generated_Source\PSoC4\cy_em_eeprom.c ****                                               &startAddr,
 1754              		.loc 1 518 0
 1755 00ea 7368     		ldr	r3, [r6, #4]
 1756 00ec B268     		ldr	r2, [r6, #8]
 1757 00ee 0192     		str	r2, [sp, #4]
 1758 00f0 0093     		str	r3, [sp]
 1759 00f2 0B00     		movs	r3, r1
 1760 00f4 07AA     		add	r2, sp, #28
 1761 00f6 0AA9     		add	r1, sp, #40
 1762              	.LVL256:
 1763 00f8 0BA8     		add	r0, sp, #44
 1764 00fa FFF7FEFF 		bl	GetAddresses
 1765              	.LVL257:
 1766 00fe 0700     		movs	r7, r0
 1767              	.LVL258:
 1768 0100 00E0     		b	.L112
 1769              	.LVL259:
 1770              	.L111:
 529:C:\Program Files (x86)\Cypress\PSoC Creator\4.4\PSoC Creator\1\LWO3.cydsn\Generated_Source\PSoC4\cy_em_eeprom.c ****                 }
 1771              		.loc 1 529 0
 1772 0102 0137     		adds	r7, r7, #1
 1773              	.LVL260:
 1774              	.L112:
 533:C:\Program Files (x86)\Cypress\PSoC Creator\4.4\PSoC Creator\1\LWO3.cydsn\Generated_Source\PSoC4\cy_em_eeprom.c ****                 {
 1775              		.loc 1 533 0
 1776 0104 002F     		cmp	r7, #0
 1777 0106 0BD1     		bne	.L113
 1778              	.LBB14:
 535:C:\Program Files (x86)\Cypress\PSoC Creator\4.4\PSoC Creator\1\LWO3.cydsn\Generated_Source\PSoC4\cy_em_eeprom.c **** 
 1779              		.loc 1 535 0
 1780 0108 0B9A     		ldr	r2, [sp, #44]
 1781 010a 0CAB     		add	r3, sp, #48
 1782 010c 9818     		adds	r0, r3, r2
 1783              	.LVL261:
 540:C:\Program Files (x86)\Cypress\PSoC Creator\4.4\PSoC Creator\1\LWO3.cydsn\Generated_Source\PSoC4\cy_em_eeprom.c ****                     (void)memcpy((void *)(dataAddr), (void *)(tmpRowAddr), endAddr - startAddr);
 1784              		.loc 1 540 0
 1785 010e 079B     		ldr	r3, [sp, #28]
 1786 0110 9C46     		mov	ip, r3
 1787 0112 6644     		add	r6, r6, ip
 1788              	.LVL262:
 1789 0114 3100     		movs	r1, r6
 1790 0116 0C31     		adds	r1, r1, #12
 1791              	.LVL263:
 541:C:\Program Files (x86)\Cypress\PSoC Creator\4.4\PSoC Creator\1\LWO3.cydsn\Generated_Source\PSoC4\cy_em_eeprom.c ****                 }
 1792              		.loc 1 541 0
 1793 0118 0A9B     		ldr	r3, [sp, #40]
 1794 011a 9A1A     		subs	r2, r3, r2
 1795 011c FFF7FEFF 		bl	memcpy
 1796              	.LVL264:
 1797              	.L113:
 1798              	.LBE14:
 545:C:\Program Files (x86)\Cypress\PSoC Creator\4.4\PSoC Creator\1\LWO3.cydsn\Generated_Source\PSoC4\cy_em_eeprom.c ****                 {
ARM GAS  C:\Users\taips\AppData\Local\Temp\ccZaQHee.s 			page 61


 1799              		.loc 1 545 0
 1800 0120 2B7D     		ldrb	r3, [r5, #20]
 1801 0122 002B     		cmp	r3, #0
 1802 0124 04D0     		beq	.L114
 548:C:\Program Files (x86)\Cypress\PSoC Creator\4.4\PSoC Creator\1\LWO3.cydsn\Generated_Source\PSoC4\cy_em_eeprom.c ****                                                   CY_EM_EEPROM_EEPROM_DATA_LEN);
 1803              		.loc 1 548 0
 1804 0126 4021     		movs	r1, #64
 1805 0128 1CA8     		add	r0, sp, #112
 1806 012a FFF7FEFF 		bl	CalcChecksum
 1807              	.LVL265:
 547:C:\Program Files (x86)\Cypress\PSoC Creator\4.4\PSoC Creator\1\LWO3.cydsn\Generated_Source\PSoC4\cy_em_eeprom.c ****                         CalcChecksum((uint8 *) &writeRamBuffer[CY_EM_EEPROM_EEPROM_DATA_OFFSET_U32]
 1808              		.loc 1 547 0
 1809 012e 1B90     		str	r0, [sp, #108]
 1810              	.L114:
 494:C:\Program Files (x86)\Cypress\PSoC Creator\4.4\PSoC Creator\1\LWO3.cydsn\Generated_Source\PSoC4\cy_em_eeprom.c ****             {
 1811              		.loc 1 494 0
 1812 0130 0134     		adds	r4, r4, #1
 1813              	.LVL266:
 1814              	.L108:
 494:C:\Program Files (x86)\Cypress\PSoC Creator\4.4\PSoC Creator\1\LWO3.cydsn\Generated_Source\PSoC4\cy_em_eeprom.c ****             {
 1815              		.loc 1 494 0 is_stmt 0 discriminator 1
 1816 0132 4445     		cmp	r4, r8
 1817 0134 C7D9     		bls	.L115
 554:C:\Program Files (x86)\Cypress\PSoC Creator\4.4\PSoC Creator\1\LWO3.cydsn\Generated_Source\PSoC4\cy_em_eeprom.c ****             tmpRowAddr = emEepromRowAddr;
 1818              		.loc 1 554 0 is_stmt 1
 1819 0136 2A00     		movs	r2, r5
 1820 0138 0CA9     		add	r1, sp, #48
 1821 013a 0998     		ldr	r0, [sp, #36]
 1822 013c FFF7FEFF 		bl	WriteRow
 1823              	.LVL267:
 558:C:\Program Files (x86)\Cypress\PSoC Creator\4.4\PSoC Creator\1\LWO3.cydsn\Generated_Source\PSoC4\cy_em_eeprom.c ****             {
 1824              		.loc 1 558 0
 1825 0140 2B7D     		ldrb	r3, [r5, #20]
 1826 0142 002B     		cmp	r3, #0
 1827 0144 0BD0     		beq	.L116
 558:C:\Program Files (x86)\Cypress\PSoC Creator\4.4\PSoC Creator\1\LWO3.cydsn\Generated_Source\PSoC4\cy_em_eeprom.c ****             {
 1828              		.loc 1 558 0 is_stmt 0 discriminator 1
 1829 0146 0028     		cmp	r0, #0
 1830 0148 09D1     		bne	.L116
 561:C:\Program Files (x86)\Cypress\PSoC Creator\4.4\PSoC Creator\1\LWO3.cydsn\Generated_Source\PSoC4\cy_em_eeprom.c **** 
 1831              		.loc 1 561 0 is_stmt 1
 1832 014a 099B     		ldr	r3, [sp, #36]
 1833 014c AA69     		ldr	r2, [r5, #24]
 1834 014e 981A     		subs	r0, r3, r2
 1835              	.LVL268:
 1836 0150 2B68     		ldr	r3, [r5]
 1837 0152 9C46     		mov	ip, r3
 1838 0154 6044     		add	r0, r0, ip
 1839              	.LVL269:
 564:C:\Program Files (x86)\Cypress\PSoC Creator\4.4\PSoC Creator\1\LWO3.cydsn\Generated_Source\PSoC4\cy_em_eeprom.c ****             }
 1840              		.loc 1 564 0
 1841 0156 2A00     		movs	r2, r5
 1842 0158 0CA9     		add	r1, sp, #48
 1843 015a FFF7FEFF 		bl	WriteRow
 1844              	.LVL270:
 1845              	.L116:
 567:C:\Program Files (x86)\Cypress\PSoC Creator\4.4\PSoC Creator\1\LWO3.cydsn\Generated_Source\PSoC4\cy_em_eeprom.c ****             {
ARM GAS  C:\Users\taips\AppData\Local\Temp\ccZaQHee.s 			page 62


 1846              		.loc 1 567 0
 1847 015e 0028     		cmp	r0, #0
 1848 0160 0ED1     		bne	.L102
 572:C:\Program Files (x86)\Cypress\PSoC Creator\4.4\PSoC Creator\1\LWO3.cydsn\Generated_Source\PSoC4\cy_em_eeprom.c ****             }
 1849              		.loc 1 572 0 discriminator 2
 1850 0162 099B     		ldr	r3, [sp, #36]
 1851 0164 AB60     		str	r3, [r5, #8]
 1852              	.LBE13:
 435:C:\Program Files (x86)\Cypress\PSoC Creator\4.4\PSoC Creator\1\LWO3.cydsn\Generated_Source\PSoC4\cy_em_eeprom.c ****         {
 1853              		.loc 1 435 0 discriminator 2
 1854 0166 0123     		movs	r3, #1
 1855 0168 9C46     		mov	ip, r3
 1856 016a E144     		add	r9, r9, ip
 1857              	.LVL271:
 1858              	.L103:
 435:C:\Program Files (x86)\Cypress\PSoC Creator\4.4\PSoC Creator\1\LWO3.cydsn\Generated_Source\PSoC4\cy_em_eeprom.c ****         {
 1859              		.loc 1 435 0 is_stmt 0 discriminator 1
 1860 016c 049B     		ldr	r3, [sp, #16]
 1861 016e 9945     		cmp	r9, r3
 1862 0170 00D2     		bcs	.LCB2095
 1863 0172 6EE7     		b	.L118	@long jump
 1864              	.LCB2095:
 1865 0174 04E0     		b	.L102
 1866              	.LVL272:
 1867              	.L119:
 1868              	.LBE15:
 416:C:\Program Files (x86)\Cypress\PSoC Creator\4.4\PSoC Creator\1\LWO3.cydsn\Generated_Source\PSoC4\cy_em_eeprom.c ****     uint32 i;
 1869              		.loc 1 416 0 is_stmt 1
 1870 0176 0120     		movs	r0, #1
 1871              	.LVL273:
 1872 0178 02E0     		b	.L102
 1873              	.LVL274:
 1874              	.L120:
 1875 017a 0120     		movs	r0, #1
 1876              	.LVL275:
 1877 017c 00E0     		b	.L102
 1878              	.LVL276:
 1879              	.L121:
 1880 017e 0120     		movs	r0, #1
 1881              	.LVL277:
 1882              	.L102:
 581:C:\Program Files (x86)\Cypress\PSoC Creator\4.4\PSoC Creator\1\LWO3.cydsn\Generated_Source\PSoC4\cy_em_eeprom.c **** 
 1883              		.loc 1 581 0
 1884 0180 2DB0     		add	sp, sp, #180
 1885              		@ sp needed
 1886              	.LVL278:
 1887              	.LVL279:
 1888              	.LVL280:
 1889 0182 3CBC     		pop	{r2, r3, r4, r5}
 1890 0184 9046     		mov	r8, r2
 1891 0186 9946     		mov	r9, r3
 1892 0188 A246     		mov	r10, r4
 1893 018a AB46     		mov	fp, r5
 1894 018c F0BD     		pop	{r4, r5, r6, r7, pc}
 1895              		.cfi_endproc
 1896              	.LFE2:
 1897              		.size	Cy_Em_EEPROM_Write, .-Cy_Em_EEPROM_Write
ARM GAS  C:\Users\taips\AppData\Local\Temp\ccZaQHee.s 			page 63


 1898 018e C046     		.section	.text.Cy_Em_EEPROM_Erase,"ax",%progbits
 1899              		.align	2
 1900              		.global	Cy_Em_EEPROM_Erase
 1901              		.code	16
 1902              		.thumb_func
 1903              		.type	Cy_Em_EEPROM_Erase, %function
 1904              	Cy_Em_EEPROM_Erase:
 1905              	.LFB3:
 630:C:\Program Files (x86)\Cypress\PSoC Creator\4.4\PSoC Creator\1\LWO3.cydsn\Generated_Source\PSoC4\cy_em_eeprom.c ****     uint32 i;
 1906              		.loc 1 630 0
 1907              		.cfi_startproc
 1908              		@ args = 0, pretend = 0, frame = 136
 1909              		@ frame_needed = 0, uses_anonymous_args = 0
 1910              	.LVL281:
 1911 0000 F0B5     		push	{r4, r5, r6, r7, lr}
 1912              		.cfi_def_cfa_offset 20
 1913              		.cfi_offset 4, -20
 1914              		.cfi_offset 5, -16
 1915              		.cfi_offset 6, -12
 1916              		.cfi_offset 7, -8
 1917              		.cfi_offset 14, -4
 1918 0002 A3B0     		sub	sp, sp, #140
 1919              		.cfi_def_cfa_offset 160
 1920 0004 0600     		movs	r6, r0
 633:C:\Program Files (x86)\Cypress\PSoC Creator\4.4\PSoC Creator\1\LWO3.cydsn\Generated_Source\PSoC4\cy_em_eeprom.c ****     uint32 emEepromRowRdAddr;
 1921              		.loc 1 633 0
 1922 0006 8468     		ldr	r4, [r0, #8]
 1923 0008 2194     		str	r4, [sp, #132]
 1924              	.LVL282:
 636:C:\Program Files (x86)\Cypress\PSoC Creator\4.4\PSoC Creator\1\LWO3.cydsn\Generated_Source\PSoC4\cy_em_eeprom.c **** #if (CY_PSOC6)
 1925              		.loc 1 636 0
 1926 000a 8022     		movs	r2, #128
 1927 000c 0021     		movs	r1, #0
 1928 000e 6846     		mov	r0, sp
 1929              	.LVL283:
 1930 0010 FFF7FEFF 		bl	memset
 1931              	.LVL284:
 643:C:\Program Files (x86)\Cypress\PSoC Creator\4.4\PSoC Creator\1\LWO3.cydsn\Generated_Source\PSoC4\cy_em_eeprom.c **** 
 1932              		.loc 1 643 0
 1933 0014 2368     		ldr	r3, [r4]
 1934              	.LVL285:
 646:C:\Program Files (x86)\Cypress\PSoC Creator\4.4\PSoC Creator\1\LWO3.cydsn\Generated_Source\PSoC4\cy_em_eeprom.c ****     {
 1935              		.loc 1 646 0
 1936 0016 002B     		cmp	r3, #0
 1937 0018 20D0     		beq	.L129
 1938              	.LBB16:
 649:C:\Program Files (x86)\Cypress\PSoC Creator\4.4\PSoC Creator\1\LWO3.cydsn\Generated_Source\PSoC4\cy_em_eeprom.c **** 
 1939              		.loc 1 649 0
 1940 001a 3769     		ldr	r7, [r6, #16]
 1941 001c 7368     		ldr	r3, [r6, #4]
 1942              	.LVL286:
 1943 001e 5F43     		muls	r7, r3
 1944              	.LVL287:
 656:C:\Program Files (x86)\Cypress\PSoC Creator\4.4\PSoC Creator\1\LWO3.cydsn\Generated_Source\PSoC4\cy_em_eeprom.c ****         {
 1945              		.loc 1 656 0
 1946 0020 337D     		ldrb	r3, [r6, #20]
 1947 0022 002B     		cmp	r3, #0
ARM GAS  C:\Users\taips\AppData\Local\Temp\ccZaQHee.s 			page 64


 1948 0024 04D0     		beq	.L126
 659:C:\Program Files (x86)\Cypress\PSoC Creator\4.4\PSoC Creator\1\LWO3.cydsn\Generated_Source\PSoC4\cy_em_eeprom.c ****                                                   CY_EM_EEPROM_EEPROM_DATA_LEN);
 1949              		.loc 1 659 0
 1950 0026 4021     		movs	r1, #64
 1951 0028 10A8     		add	r0, sp, #64
 1952 002a FFF7FEFF 		bl	CalcChecksum
 1953              	.LVL288:
 658:C:\Program Files (x86)\Cypress\PSoC Creator\4.4\PSoC Creator\1\LWO3.cydsn\Generated_Source\PSoC4\cy_em_eeprom.c ****                         CalcChecksum((uint8 *) &writeRamBuffer[CY_EM_EEPROM_EEPROM_DATA_OFFSET_U32]
 1954              		.loc 1 658 0
 1955 002e 0F90     		str	r0, [sp, #60]
 1956              	.L126:
 1957              	.LBE16:
 630:C:\Program Files (x86)\Cypress\PSoC Creator\4.4\PSoC Creator\1\LWO3.cydsn\Generated_Source\PSoC4\cy_em_eeprom.c ****     uint32 i;
 1958              		.loc 1 630 0 discriminator 1
 1959 0030 0420     		movs	r0, #4
 1960 0032 0025     		movs	r5, #0
 1961 0034 0FE0     		b	.L127
 1962              	.LVL289:
 1963              	.L128:
 1964              	.LBB17:
 685:C:\Program Files (x86)\Cypress\PSoC Creator\4.4\PSoC Creator\1\LWO3.cydsn\Generated_Source\PSoC4\cy_em_eeprom.c ****             /* Get the address of the row to be erased. "emEepromRowAddr" may be updated
 1965              		.loc 1 685 0 discriminator 3
 1966 0036 219B     		ldr	r3, [sp, #132]
 1967 0038 1C68     		ldr	r4, [r3]
 1968              	.LVL290:
 689:C:\Program Files (x86)\Cypress\PSoC Creator\4.4\PSoC Creator\1\LWO3.cydsn\Generated_Source\PSoC4\cy_em_eeprom.c ****             seqNum++;
 1969              		.loc 1 689 0 discriminator 3
 1970 003a 3300     		movs	r3, r6
 1971 003c 20AA     		add	r2, sp, #128
 1972 003e 21A9     		add	r1, sp, #132
 1973 0040 2000     		movs	r0, r4
 1974              	.LVL291:
 1975 0042 FFF7FEFF 		bl	GetNextRowToWrite
 1976              	.LVL292:
 690:C:\Program Files (x86)\Cypress\PSoC Creator\4.4\PSoC Creator\1\LWO3.cydsn\Generated_Source\PSoC4\cy_em_eeprom.c ****             writeRamBuffer[0u] = seqNum;
 1977              		.loc 1 690 0 discriminator 3
 1978 0046 0134     		adds	r4, r4, #1
 1979              	.LVL293:
 691:C:\Program Files (x86)\Cypress\PSoC Creator\4.4\PSoC Creator\1\LWO3.cydsn\Generated_Source\PSoC4\cy_em_eeprom.c ****             ret = EraseRow(emEepromRowAddr, (uint32)writeRamBuffer, context);
 1980              		.loc 1 691 0 discriminator 3
 1981 0048 0094     		str	r4, [sp]
 692:C:\Program Files (x86)\Cypress\PSoC Creator\4.4\PSoC Creator\1\LWO3.cydsn\Generated_Source\PSoC4\cy_em_eeprom.c ****         #endif /* (CY_PSOC6) */
 1982              		.loc 1 692 0 discriminator 3
 1983 004a 3200     		movs	r2, r6
 1984 004c 6946     		mov	r1, sp
 1985 004e 2198     		ldr	r0, [sp, #132]
 1986 0050 FFF7FEFF 		bl	EraseRow
 1987              	.LVL294:
 663:C:\Program Files (x86)\Cypress\PSoC Creator\4.4\PSoC Creator\1\LWO3.cydsn\Generated_Source\PSoC4\cy_em_eeprom.c ****         {
 1988              		.loc 1 663 0 discriminator 3
 1989 0054 0135     		adds	r5, r5, #1
 1990              	.LVL295:
 1991              	.L127:
 663:C:\Program Files (x86)\Cypress\PSoC Creator\4.4\PSoC Creator\1\LWO3.cydsn\Generated_Source\PSoC4\cy_em_eeprom.c ****         {
 1992              		.loc 1 663 0 is_stmt 0 discriminator 1
 1993 0056 BD42     		cmp	r5, r7
 1994 0058 EDD3     		bcc	.L128
ARM GAS  C:\Users\taips\AppData\Local\Temp\ccZaQHee.s 			page 65


 1995 005a 00E0     		b	.L125
 1996              	.LVL296:
 1997              	.L129:
 1998              	.LBE17:
 635:C:\Program Files (x86)\Cypress\PSoC Creator\4.4\PSoC Creator\1\LWO3.cydsn\Generated_Source\PSoC4\cy_em_eeprom.c ****     uint32 writeRamBuffer[CY_EM_EEPROM_FLASH_SIZEOF_ROW / CY_EM_EEPROM_U32_DIV] = {0u};
 1999              		.loc 1 635 0 is_stmt 1
 2000 005c 0420     		movs	r0, #4
 2001              	.LVL297:
 2002              	.L125:
 716:C:\Program Files (x86)\Cypress\PSoC Creator\4.4\PSoC Creator\1\LWO3.cydsn\Generated_Source\PSoC4\cy_em_eeprom.c **** 
 2003              		.loc 1 716 0
 2004 005e 23B0     		add	sp, sp, #140
 2005              		@ sp needed
 2006              	.LVL298:
 2007 0060 F0BD     		pop	{r4, r5, r6, r7, pc}
 2008              		.cfi_endproc
 2009              	.LFE3:
 2010              		.size	Cy_Em_EEPROM_Erase, .-Cy_Em_EEPROM_Erase
 2011 0062 C046     		.section	.text.Cy_Em_EEPROM_NumWrites,"ax",%progbits
 2012              		.align	2
 2013              		.global	Cy_Em_EEPROM_NumWrites
 2014              		.code	16
 2015              		.thumb_func
 2016              		.type	Cy_Em_EEPROM_NumWrites, %function
 2017              	Cy_Em_EEPROM_NumWrites:
 2018              	.LFB4:
 733:C:\Program Files (x86)\Cypress\PSoC Creator\4.4\PSoC Creator\1\LWO3.cydsn\Generated_Source\PSoC4\cy_em_eeprom.c ****     return(CY_EM_EEPROM_GET_SEQ_NUM(context->lastWrRowAddr));
 2019              		.loc 1 733 0
 2020              		.cfi_startproc
 2021              		@ args = 0, pretend = 0, frame = 0
 2022              		@ frame_needed = 0, uses_anonymous_args = 0
 2023              		@ link register save eliminated.
 2024              	.LVL299:
 734:C:\Program Files (x86)\Cypress\PSoC Creator\4.4\PSoC Creator\1\LWO3.cydsn\Generated_Source\PSoC4\cy_em_eeprom.c **** }
 2025              		.loc 1 734 0
 2026 0000 8368     		ldr	r3, [r0, #8]
 2027 0002 1868     		ldr	r0, [r3]
 2028              	.LVL300:
 735:C:\Program Files (x86)\Cypress\PSoC Creator\4.4\PSoC Creator\1\LWO3.cydsn\Generated_Source\PSoC4\cy_em_eeprom.c **** 
 2029              		.loc 1 735 0
 2030              		@ sp needed
 2031 0004 7047     		bx	lr
 2032              		.cfi_endproc
 2033              	.LFE4:
 2034              		.size	Cy_Em_EEPROM_NumWrites, .-Cy_Em_EEPROM_NumWrites
 2035 0006 C046     		.text
 2036              	.Letext0:
 2037              		.file 2 "C:\\Program Files (x86)\\Cypress\\PSoC Creator\\4.4\\PSoC Creator\\1\\LWO3.cydsn\\Generat
 2038              		.file 3 "C:\\Program Files (x86)\\Cypress\\PSoC Creator\\4.4\\PSoC Creator\\1\\LWO3.cydsn\\Generat
 2039              		.file 4 "C:\\Program Files (x86)\\Cypress\\PSoC Creator\\4.4\\PSoC Creator\\1\\LWO3.cydsn\\Generat
 2040              		.section	.debug_info,"",%progbits
 2041              	.Ldebug_info0:
 2042 0000 C30E0000 		.4byte	0xec3
 2043 0004 0400     		.2byte	0x4
 2044 0006 00000000 		.4byte	.Ldebug_abbrev0
 2045 000a 04       		.byte	0x4
 2046 000b 01       		.uleb128 0x1
ARM GAS  C:\Users\taips\AppData\Local\Temp\ccZaQHee.s 			page 66


 2047 000c 54000000 		.4byte	.LASF102
 2048 0010 0C       		.byte	0xc
 2049 0011 4C020000 		.4byte	.LASF103
 2050 0015 A0000000 		.4byte	.Ldebug_ranges0+0xa0
 2051 0019 00000000 		.4byte	0
 2052 001d 00000000 		.4byte	.Ldebug_line0
 2053 0021 02       		.uleb128 0x2
 2054 0022 01       		.byte	0x1
 2055 0023 06       		.byte	0x6
 2056 0024 21010000 		.4byte	.LASF0
 2057 0028 02       		.uleb128 0x2
 2058 0029 01       		.byte	0x1
 2059 002a 08       		.byte	0x8
 2060 002b 68040000 		.4byte	.LASF1
 2061 002f 02       		.uleb128 0x2
 2062 0030 02       		.byte	0x2
 2063 0031 05       		.byte	0x5
 2064 0032 7E040000 		.4byte	.LASF2
 2065 0036 02       		.uleb128 0x2
 2066 0037 02       		.byte	0x2
 2067 0038 07       		.byte	0x7
 2068 0039 E8020000 		.4byte	.LASF3
 2069 003d 02       		.uleb128 0x2
 2070 003e 04       		.byte	0x4
 2071 003f 05       		.byte	0x5
 2072 0040 78010000 		.4byte	.LASF4
 2073 0044 02       		.uleb128 0x2
 2074 0045 04       		.byte	0x4
 2075 0046 07       		.byte	0x7
 2076 0047 2D020000 		.4byte	.LASF5
 2077 004b 02       		.uleb128 0x2
 2078 004c 08       		.byte	0x8
 2079 004d 05       		.byte	0x5
 2080 004e 13010000 		.4byte	.LASF6
 2081 0052 02       		.uleb128 0x2
 2082 0053 08       		.byte	0x8
 2083 0054 07       		.byte	0x7
 2084 0055 EC000000 		.4byte	.LASF7
 2085 0059 03       		.uleb128 0x3
 2086 005a 04       		.byte	0x4
 2087 005b 05       		.byte	0x5
 2088 005c 696E7400 		.ascii	"int\000"
 2089 0060 02       		.uleb128 0x2
 2090 0061 04       		.byte	0x4
 2091 0062 07       		.byte	0x7
 2092 0063 17020000 		.4byte	.LASF8
 2093 0067 04       		.uleb128 0x4
 2094 0068 9B010000 		.4byte	.LASF9
 2095 006c 02       		.byte	0x2
 2096 006d FB01     		.2byte	0x1fb
 2097 006f 28000000 		.4byte	0x28
 2098 0073 04       		.uleb128 0x4
 2099 0074 00000000 		.4byte	.LASF10
 2100 0078 02       		.byte	0x2
 2101 0079 FC01     		.2byte	0x1fc
 2102 007b 36000000 		.4byte	0x36
 2103 007f 04       		.uleb128 0x4
ARM GAS  C:\Users\taips\AppData\Local\Temp\ccZaQHee.s 			page 67


 2104 0080 A8010000 		.4byte	.LASF11
 2105 0084 02       		.byte	0x2
 2106 0085 FD01     		.2byte	0x1fd
 2107 0087 44000000 		.4byte	0x44
 2108 008b 02       		.uleb128 0x2
 2109 008c 04       		.byte	0x4
 2110 008d 04       		.byte	0x4
 2111 008e 3A040000 		.4byte	.LASF12
 2112 0092 02       		.uleb128 0x2
 2113 0093 08       		.byte	0x8
 2114 0094 04       		.byte	0x4
 2115 0095 A1010000 		.4byte	.LASF13
 2116 0099 02       		.uleb128 0x2
 2117 009a 01       		.byte	0x1
 2118 009b 08       		.byte	0x8
 2119 009c F1040000 		.4byte	.LASF14
 2120 00a0 04       		.uleb128 0x4
 2121 00a1 E9050000 		.4byte	.LASF15
 2122 00a5 02       		.byte	0x2
 2123 00a6 9D02     		.2byte	0x29d
 2124 00a8 44000000 		.4byte	0x44
 2125 00ac 02       		.uleb128 0x2
 2126 00ad 08       		.byte	0x8
 2127 00ae 04       		.byte	0x4
 2128 00af B1030000 		.4byte	.LASF16
 2129 00b3 02       		.uleb128 0x2
 2130 00b4 04       		.byte	0x4
 2131 00b5 07       		.byte	0x7
 2132 00b6 A8030000 		.4byte	.LASF17
 2133 00ba 05       		.uleb128 0x5
 2134 00bb 04       		.byte	0x4
 2135 00bc 06       		.uleb128 0x6
 2136 00bd 10       		.byte	0x10
 2137 00be 03       		.byte	0x3
 2138 00bf FB       		.byte	0xfb
 2139 00c0 05010000 		.4byte	0x105
 2140 00c4 07       		.uleb128 0x7
 2141 00c5 08010000 		.4byte	.LASF18
 2142 00c9 03       		.byte	0x3
 2143 00ca FE       		.byte	0xfe
 2144 00cb 7F000000 		.4byte	0x7f
 2145 00cf 00       		.byte	0
 2146 00d0 08       		.uleb128 0x8
 2147 00d1 63050000 		.4byte	.LASF19
 2148 00d5 03       		.byte	0x3
 2149 00d6 0301     		.2byte	0x103
 2150 00d8 7F000000 		.4byte	0x7f
 2151 00dc 04       		.byte	0x4
 2152 00dd 08       		.uleb128 0x8
 2153 00de 00020000 		.4byte	.LASF20
 2154 00e2 03       		.byte	0x3
 2155 00e3 0601     		.2byte	0x106
 2156 00e5 67000000 		.4byte	0x67
 2157 00e9 08       		.byte	0x8
 2158 00ea 08       		.uleb128 0x8
 2159 00eb C9050000 		.4byte	.LASF21
 2160 00ef 03       		.byte	0x3
ARM GAS  C:\Users\taips\AppData\Local\Temp\ccZaQHee.s 			page 68


 2161 00f0 0B01     		.2byte	0x10b
 2162 00f2 67000000 		.4byte	0x67
 2163 00f6 09       		.byte	0x9
 2164 00f7 08       		.uleb128 0x8
 2165 00f8 81010000 		.4byte	.LASF22
 2166 00fc 03       		.byte	0x3
 2167 00fd 0E01     		.2byte	0x10e
 2168 00ff 7F000000 		.4byte	0x7f
 2169 0103 0C       		.byte	0xc
 2170 0104 00       		.byte	0
 2171 0105 04       		.uleb128 0x4
 2172 0106 45050000 		.4byte	.LASF23
 2173 010a 03       		.byte	0x3
 2174 010b 0F01     		.2byte	0x10f
 2175 010d BC000000 		.4byte	0xbc
 2176 0111 09       		.uleb128 0x9
 2177 0112 1C       		.byte	0x1c
 2178 0113 03       		.byte	0x3
 2179 0114 1601     		.2byte	0x116
 2180 0116 83010000 		.4byte	0x183
 2181 011a 08       		.uleb128 0x8
 2182 011b 5E040000 		.4byte	.LASF24
 2183 011f 03       		.byte	0x3
 2184 0120 1B01     		.2byte	0x11b
 2185 0122 7F000000 		.4byte	0x7f
 2186 0126 00       		.byte	0
 2187 0127 08       		.uleb128 0x8
 2188 0128 47000000 		.4byte	.LASF25
 2189 012c 03       		.byte	0x3
 2190 012d 2001     		.2byte	0x120
 2191 012f 7F000000 		.4byte	0x7f
 2192 0133 04       		.byte	0x4
 2193 0134 08       		.uleb128 0x8
 2194 0135 2A050000 		.4byte	.LASF26
 2195 0139 03       		.byte	0x3
 2196 013a 2301     		.2byte	0x123
 2197 013c 7F000000 		.4byte	0x7f
 2198 0140 08       		.byte	0x8
 2199 0141 08       		.uleb128 0x8
 2200 0142 08010000 		.4byte	.LASF18
 2201 0146 03       		.byte	0x3
 2202 0147 2601     		.2byte	0x126
 2203 0149 7F000000 		.4byte	0x7f
 2204 014d 0C       		.byte	0xc
 2205 014e 08       		.uleb128 0x8
 2206 014f 63050000 		.4byte	.LASF19
 2207 0153 03       		.byte	0x3
 2208 0154 2B01     		.2byte	0x12b
 2209 0156 7F000000 		.4byte	0x7f
 2210 015a 10       		.byte	0x10
 2211 015b 08       		.uleb128 0x8
 2212 015c 00020000 		.4byte	.LASF20
 2213 0160 03       		.byte	0x3
 2214 0161 2E01     		.2byte	0x12e
 2215 0163 67000000 		.4byte	0x67
 2216 0167 14       		.byte	0x14
 2217 0168 08       		.uleb128 0x8
ARM GAS  C:\Users\taips\AppData\Local\Temp\ccZaQHee.s 			page 69


 2218 0169 C9050000 		.4byte	.LASF21
 2219 016d 03       		.byte	0x3
 2220 016e 3301     		.2byte	0x133
 2221 0170 67000000 		.4byte	0x67
 2222 0174 15       		.byte	0x15
 2223 0175 08       		.uleb128 0x8
 2224 0176 81010000 		.4byte	.LASF22
 2225 017a 03       		.byte	0x3
 2226 017b 3601     		.2byte	0x136
 2227 017d 7F000000 		.4byte	0x7f
 2228 0181 18       		.byte	0x18
 2229 0182 00       		.byte	0
 2230 0183 04       		.uleb128 0x4
 2231 0184 EA030000 		.4byte	.LASF27
 2232 0188 03       		.byte	0x3
 2233 0189 3701     		.2byte	0x137
 2234 018b 11010000 		.4byte	0x111
 2235 018f 0A       		.uleb128 0xa
 2236 0190 01       		.byte	0x1
 2237 0191 28000000 		.4byte	0x28
 2238 0195 03       		.byte	0x3
 2239 0196 5401     		.2byte	0x154
 2240 0198 BB010000 		.4byte	0x1bb
 2241 019c 0B       		.uleb128 0xb
 2242 019d B4050000 		.4byte	.LASF28
 2243 01a1 00       		.byte	0
 2244 01a2 0B       		.uleb128 0xb
 2245 01a3 77030000 		.4byte	.LASF29
 2246 01a7 01       		.byte	0x1
 2247 01a8 0B       		.uleb128 0xb
 2248 01a9 8E030000 		.4byte	.LASF30
 2249 01ad 02       		.byte	0x2
 2250 01ae 0B       		.uleb128 0xb
 2251 01af 48040000 		.4byte	.LASF31
 2252 01b3 03       		.byte	0x3
 2253 01b4 0B       		.uleb128 0xb
 2254 01b5 49010000 		.4byte	.LASF32
 2255 01b9 04       		.byte	0x4
 2256 01ba 00       		.byte	0
 2257 01bb 04       		.uleb128 0x4
 2258 01bc 1A000000 		.4byte	.LASF33
 2259 01c0 03       		.byte	0x3
 2260 01c1 5A01     		.2byte	0x15a
 2261 01c3 8F010000 		.4byte	0x18f
 2262 01c7 0C       		.uleb128 0xc
 2263 01c8 36010000 		.4byte	.LASF40
 2264 01cc 01       		.byte	0x1
 2265 01cd F602     		.2byte	0x2f6
 2266 01cf 00000000 		.4byte	.LFB5
 2267 01d3 2A000000 		.4byte	.LFE5-.LFB5
 2268 01d7 01       		.uleb128 0x1
 2269 01d8 9C       		.byte	0x9c
 2270 01d9 38020000 		.4byte	0x238
 2271 01dd 0D       		.uleb128 0xd
 2272 01de BC020000 		.4byte	.LASF34
 2273 01e2 01       		.byte	0x1
 2274 01e3 F602     		.2byte	0x2f6
ARM GAS  C:\Users\taips\AppData\Local\Temp\ccZaQHee.s 			page 70


 2275 01e5 38020000 		.4byte	0x238
 2276 01e9 01       		.uleb128 0x1
 2277 01ea 50       		.byte	0x50
 2278 01eb 0D       		.uleb128 0xd
 2279 01ec 22050000 		.4byte	.LASF35
 2280 01f0 01       		.byte	0x1
 2281 01f1 F602     		.2byte	0x2f6
 2282 01f3 3E020000 		.4byte	0x23e
 2283 01f7 01       		.uleb128 0x1
 2284 01f8 51       		.byte	0x51
 2285 01f9 0E       		.uleb128 0xe
 2286 01fa E3030000 		.4byte	.LASF36
 2287 01fe 01       		.byte	0x1
 2288 01ff F802     		.2byte	0x2f8
 2289 0201 7F000000 		.4byte	0x7f
 2290 0205 00000000 		.4byte	.LLST0
 2291 0209 0E       		.uleb128 0xe
 2292 020a 88040000 		.4byte	.LASF37
 2293 020e 01       		.byte	0x1
 2294 020f F902     		.2byte	0x2f9
 2295 0211 7F000000 		.4byte	0x7f
 2296 0215 1F000000 		.4byte	.LLST1
 2297 0219 0E       		.uleb128 0xe
 2298 021a E1010000 		.4byte	.LASF38
 2299 021e 01       		.byte	0x1
 2300 021f FA02     		.2byte	0x2fa
 2301 0221 7F000000 		.4byte	0x7f
 2302 0225 54000000 		.4byte	.LLST2
 2303 0229 0F       		.uleb128 0xf
 2304 022a 33000000 		.4byte	.LASF39
 2305 022e 01       		.byte	0x1
 2306 022f FB02     		.2byte	0x2fb
 2307 0231 7F000000 		.4byte	0x7f
 2308 0235 01       		.uleb128 0x1
 2309 0236 52       		.byte	0x52
 2310 0237 00       		.byte	0
 2311 0238 10       		.uleb128 0x10
 2312 0239 04       		.byte	0x4
 2313 023a 7F000000 		.4byte	0x7f
 2314 023e 10       		.uleb128 0x10
 2315 023f 04       		.byte	0x4
 2316 0240 83010000 		.4byte	0x183
 2317 0244 11       		.uleb128 0x11
 2318 0245 A1050000 		.4byte	.LASF44
 2319 0249 01       		.byte	0x1
 2320 024a 2203     		.2byte	0x322
 2321 024c 7F000000 		.4byte	0x7f
 2322 0250 00000000 		.4byte	.LFB6
 2323 0254 1A000000 		.4byte	.LFE6-.LFB6
 2324 0258 01       		.uleb128 0x1
 2325 0259 9C       		.byte	0x9c
 2326 025a 8B020000 		.4byte	0x28b
 2327 025e 12       		.uleb128 0x12
 2328 025f E3030000 		.4byte	.LASF36
 2329 0263 01       		.byte	0x1
 2330 0264 2203     		.2byte	0x322
 2331 0266 7F000000 		.4byte	0x7f
ARM GAS  C:\Users\taips\AppData\Local\Temp\ccZaQHee.s 			page 71


 2332 026a 73000000 		.4byte	.LLST3
 2333 026e 0D       		.uleb128 0xd
 2334 026f 22050000 		.4byte	.LASF35
 2335 0273 01       		.byte	0x1
 2336 0274 2203     		.2byte	0x322
 2337 0276 3E020000 		.4byte	0x23e
 2338 027a 01       		.uleb128 0x1
 2339 027b 51       		.byte	0x51
 2340 027c 0F       		.uleb128 0xf
 2341 027d 33000000 		.4byte	.LASF39
 2342 0281 01       		.byte	0x1
 2343 0282 2403     		.2byte	0x324
 2344 0284 7F000000 		.4byte	0x7f
 2345 0288 01       		.uleb128 0x1
 2346 0289 53       		.byte	0x53
 2347 028a 00       		.byte	0
 2348 028b 0C       		.uleb128 0xc
 2349 028c 02040000 		.4byte	.LASF41
 2350 0290 01       		.byte	0x1
 2351 0291 4F03     		.2byte	0x34f
 2352 0293 00000000 		.4byte	.LFB7
 2353 0297 58000000 		.4byte	.LFE7-.LFB7
 2354 029b 01       		.uleb128 0x1
 2355 029c 9C       		.byte	0x9c
 2356 029d E0020000 		.4byte	0x2e0
 2357 02a1 12       		.uleb128 0x12
 2358 02a2 E3030000 		.4byte	.LASF36
 2359 02a6 01       		.byte	0x1
 2360 02a7 4F03     		.2byte	0x34f
 2361 02a9 7F000000 		.4byte	0x7f
 2362 02ad 94000000 		.4byte	.LLST4
 2363 02b1 12       		.uleb128 0x12
 2364 02b2 07000000 		.4byte	.LASF42
 2365 02b6 01       		.byte	0x1
 2366 02b7 5003     		.2byte	0x350
 2367 02b9 38020000 		.4byte	0x238
 2368 02bd CE000000 		.4byte	.LLST5
 2369 02c1 0D       		.uleb128 0xd
 2370 02c2 0D030000 		.4byte	.LASF43
 2371 02c6 01       		.byte	0x1
 2372 02c7 5103     		.2byte	0x351
 2373 02c9 38020000 		.4byte	0x238
 2374 02cd 01       		.uleb128 0x1
 2375 02ce 52       		.byte	0x52
 2376 02cf 12       		.uleb128 0x12
 2377 02d0 22050000 		.4byte	.LASF35
 2378 02d4 01       		.byte	0x1
 2379 02d5 5203     		.2byte	0x352
 2380 02d7 3E020000 		.4byte	0x23e
 2381 02db 08010000 		.4byte	.LLST6
 2382 02df 00       		.byte	0
 2383 02e0 11       		.uleb128 0x11
 2384 02e1 F2050000 		.4byte	.LASF45
 2385 02e5 01       		.byte	0x1
 2386 02e6 9B03     		.2byte	0x39b
 2387 02e8 67000000 		.4byte	0x67
 2388 02ec 00000000 		.4byte	.LFB8
ARM GAS  C:\Users\taips\AppData\Local\Temp\ccZaQHee.s 			page 72


 2389 02f0 3A000000 		.4byte	.LFE8-.LFB8
 2390 02f4 01       		.uleb128 0x1
 2391 02f5 9C       		.byte	0x9c
 2392 02f6 47030000 		.4byte	0x347
 2393 02fa 12       		.uleb128 0x12
 2394 02fb FF050000 		.4byte	.LASF46
 2395 02ff 01       		.byte	0x1
 2396 0300 9B03     		.2byte	0x39b
 2397 0302 47030000 		.4byte	0x347
 2398 0306 42010000 		.4byte	.LLST7
 2399 030a 13       		.uleb128 0x13
 2400 030b 6C656E00 		.ascii	"len\000"
 2401 030f 01       		.byte	0x1
 2402 0310 9B03     		.2byte	0x39b
 2403 0312 7F000000 		.4byte	0x7f
 2404 0316 01       		.uleb128 0x1
 2405 0317 51       		.byte	0x51
 2406 0318 14       		.uleb128 0x14
 2407 0319 63726300 		.ascii	"crc\000"
 2408 031d 01       		.byte	0x1
 2409 031e 9D03     		.2byte	0x39d
 2410 0320 67000000 		.4byte	0x67
 2411 0324 6E010000 		.4byte	.LLST8
 2412 0328 14       		.uleb128 0x14
 2413 0329 6900     		.ascii	"i\000"
 2414 032b 01       		.byte	0x1
 2415 032c 9E03     		.2byte	0x39e
 2416 032e 67000000 		.4byte	0x67
 2417 0332 BA010000 		.4byte	.LLST9
 2418 0336 14       		.uleb128 0x14
 2419 0337 636E7400 		.ascii	"cnt\000"
 2420 033b 01       		.byte	0x1
 2421 033c 9F03     		.2byte	0x39f
 2422 033e 73000000 		.4byte	0x73
 2423 0342 E4010000 		.4byte	.LLST10
 2424 0346 00       		.byte	0
 2425 0347 10       		.uleb128 0x10
 2426 0348 04       		.byte	0x4
 2427 0349 67000000 		.4byte	0x67
 2428 034d 11       		.uleb128 0x11
 2429 034e 21040000 		.4byte	.LASF47
 2430 0352 01       		.byte	0x1
 2431 0353 BC03     		.2byte	0x3bc
 2432 0355 BB010000 		.4byte	0x1bb
 2433 0359 00000000 		.4byte	.LFB9
 2434 035d 38000000 		.4byte	.LFE9-.LFB9
 2435 0361 01       		.uleb128 0x1
 2436 0362 9C       		.byte	0x9c
 2437 0363 A6030000 		.4byte	0x3a6
 2438 0367 12       		.uleb128 0x12
 2439 0368 F6040000 		.4byte	.LASF48
 2440 036c 01       		.byte	0x1
 2441 036d BC03     		.2byte	0x3bc
 2442 036f A6030000 		.4byte	0x3a6
 2443 0373 0E020000 		.4byte	.LLST11
 2444 0377 14       		.uleb128 0x14
 2445 0378 72657400 		.ascii	"ret\000"
ARM GAS  C:\Users\taips\AppData\Local\Temp\ccZaQHee.s 			page 73


 2446 037c 01       		.byte	0x1
 2447 037d BE03     		.2byte	0x3be
 2448 037f BB010000 		.4byte	0x1bb
 2449 0383 61020000 		.4byte	.LLST12
 2450 0387 0E       		.uleb128 0xe
 2451 0388 0C050000 		.4byte	.LASF49
 2452 038c 01       		.byte	0x1
 2453 038d BF03     		.2byte	0x3bf
 2454 038f 7F000000 		.4byte	0x7f
 2455 0393 80020000 		.4byte	.LLST13
 2456 0397 0F       		.uleb128 0xf
 2457 0398 40040000 		.4byte	.LASF50
 2458 039c 01       		.byte	0x1
 2459 039d C003     		.2byte	0x3c0
 2460 039f 7F000000 		.4byte	0x7f
 2461 03a3 01       		.uleb128 0x1
 2462 03a4 53       		.byte	0x53
 2463 03a5 00       		.byte	0
 2464 03a6 10       		.uleb128 0x10
 2465 03a7 04       		.byte	0x4
 2466 03a8 05010000 		.4byte	0x105
 2467 03ac 11       		.uleb128 0x11
 2468 03ad 3F020000 		.4byte	.LASF51
 2469 03b1 01       		.byte	0x1
 2470 03b2 1105     		.2byte	0x511
 2471 03b4 7F000000 		.4byte	0x7f
 2472 03b8 00000000 		.4byte	.LFB13
 2473 03bc A2000000 		.4byte	.LFE13-.LFB13
 2474 03c0 01       		.uleb128 0x1
 2475 03c1 9C       		.byte	0x9c
 2476 03c2 33040000 		.4byte	0x433
 2477 03c6 12       		.uleb128 0x12
 2478 03c7 0C050000 		.4byte	.LASF49
 2479 03cb 01       		.byte	0x1
 2480 03cc 1105     		.2byte	0x511
 2481 03ce 38020000 		.4byte	0x238
 2482 03d2 A2020000 		.4byte	.LLST14
 2483 03d6 0D       		.uleb128 0xd
 2484 03d7 40040000 		.4byte	.LASF50
 2485 03db 01       		.byte	0x1
 2486 03dc 1205     		.2byte	0x512
 2487 03de 38020000 		.4byte	0x238
 2488 03e2 01       		.uleb128 0x1
 2489 03e3 51       		.byte	0x51
 2490 03e4 12       		.uleb128 0x12
 2491 03e5 1B050000 		.4byte	.LASF52
 2492 03e9 01       		.byte	0x1
 2493 03ea 1305     		.2byte	0x513
 2494 03ec 38020000 		.4byte	0x238
 2495 03f0 F5020000 		.4byte	.LLST15
 2496 03f4 12       		.uleb128 0x12
 2497 03f5 40000000 		.4byte	.LASF53
 2498 03f9 01       		.byte	0x1
 2499 03fa 1405     		.2byte	0x514
 2500 03fc 7F000000 		.4byte	0x7f
 2501 0400 2F030000 		.4byte	.LLST16
 2502 0404 0D       		.uleb128 0xd
ARM GAS  C:\Users\taips\AppData\Local\Temp\ccZaQHee.s 			page 74


 2503 0405 03010000 		.4byte	.LASF54
 2504 0409 01       		.byte	0x1
 2505 040a 1505     		.2byte	0x515
 2506 040c 7F000000 		.4byte	0x7f
 2507 0410 02       		.uleb128 0x2
 2508 0411 91       		.byte	0x91
 2509 0412 00       		.sleb128 0
 2510 0413 13       		.uleb128 0x13
 2511 0414 6C656E00 		.ascii	"len\000"
 2512 0418 01       		.byte	0x1
 2513 0419 1605     		.2byte	0x516
 2514 041b 7F000000 		.4byte	0x7f
 2515 041f 02       		.uleb128 0x2
 2516 0420 91       		.byte	0x91
 2517 0421 04       		.sleb128 4
 2518 0422 0E       		.uleb128 0xe
 2519 0423 16050000 		.4byte	.LASF55
 2520 0427 01       		.byte	0x1
 2521 0428 1805     		.2byte	0x518
 2522 042a 7F000000 		.4byte	0x7f
 2523 042e 9C030000 		.4byte	.LLST17
 2524 0432 00       		.byte	0
 2525 0433 11       		.uleb128 0x11
 2526 0434 2D010000 		.4byte	.LASF56
 2527 0438 01       		.byte	0x1
 2528 0439 DF03     		.2byte	0x3df
 2529 043b BB010000 		.4byte	0x1bb
 2530 043f 00000000 		.4byte	.LFB10
 2531 0443 14000000 		.4byte	.LFE10-.LFB10
 2532 0447 01       		.uleb128 0x1
 2533 0448 9C       		.byte	0x9c
 2534 0449 C7040000 		.4byte	0x4c7
 2535 044d 12       		.uleb128 0x12
 2536 044e 76040000 		.4byte	.LASF57
 2537 0452 01       		.byte	0x1
 2538 0453 DF03     		.2byte	0x3df
 2539 0455 7F000000 		.4byte	0x7f
 2540 0459 BB030000 		.4byte	.LLST18
 2541 045d 12       		.uleb128 0x12
 2542 045e FF050000 		.4byte	.LASF46
 2543 0462 01       		.byte	0x1
 2544 0463 E003     		.2byte	0x3e0
 2545 0465 38020000 		.4byte	0x238
 2546 0469 DC030000 		.4byte	.LLST19
 2547 046d 12       		.uleb128 0x12
 2548 046e 22050000 		.4byte	.LASF35
 2549 0472 01       		.byte	0x1
 2550 0473 E103     		.2byte	0x3e1
 2551 0475 3E020000 		.4byte	0x23e
 2552 0479 FD030000 		.4byte	.LLST20
 2553 047d 14       		.uleb128 0x14
 2554 047e 72657400 		.ascii	"ret\000"
 2555 0482 01       		.byte	0x1
 2556 0483 E303     		.2byte	0x3e3
 2557 0485 BB010000 		.4byte	0x1bb
 2558 0489 1E040000 		.4byte	.LLST21
 2559 048d 14       		.uleb128 0x14
ARM GAS  C:\Users\taips\AppData\Local\Temp\ccZaQHee.s 			page 75


 2560 048e 726300   		.ascii	"rc\000"
 2561 0491 01       		.byte	0x1
 2562 0492 E503     		.2byte	0x3e5
 2563 0494 A0000000 		.4byte	0xa0
 2564 0498 3D040000 		.4byte	.LLST22
 2565 049c 0E       		.uleb128 0xe
 2566 049d 40000000 		.4byte	.LASF53
 2567 04a1 01       		.byte	0x1
 2568 04a2 EA03     		.2byte	0x3ea
 2569 04a4 7F000000 		.4byte	0x7f
 2570 04a8 5B040000 		.4byte	.LLST23
 2571 04ac 15       		.uleb128 0x15
 2572 04ad 08000000 		.4byte	.LVL68
 2573 04b1 A90E0000 		.4byte	0xea9
 2574 04b5 16       		.uleb128 0x16
 2575 04b6 01       		.uleb128 0x1
 2576 04b7 50       		.byte	0x50
 2577 04b8 05       		.uleb128 0x5
 2578 04b9 F3       		.byte	0xf3
 2579 04ba 01       		.uleb128 0x1
 2580 04bb 50       		.byte	0x50
 2581 04bc 37       		.byte	0x37
 2582 04bd 25       		.byte	0x25
 2583 04be 16       		.uleb128 0x16
 2584 04bf 01       		.uleb128 0x1
 2585 04c0 51       		.byte	0x51
 2586 04c1 03       		.uleb128 0x3
 2587 04c2 F3       		.byte	0xf3
 2588 04c3 01       		.uleb128 0x1
 2589 04c4 51       		.byte	0x51
 2590 04c5 00       		.byte	0
 2591 04c6 00       		.byte	0
 2592 04c7 11       		.uleb128 0x11
 2593 04c8 14040000 		.4byte	.LASF58
 2594 04cc 01       		.byte	0x1
 2595 04cd 5805     		.2byte	0x558
 2596 04cf BB010000 		.4byte	0x1bb
 2597 04d3 00000000 		.4byte	.LFB14
 2598 04d7 6A000000 		.4byte	.LFE14-.LFB14
 2599 04db 01       		.uleb128 0x1
 2600 04dc 9C       		.byte	0x9c
 2601 04dd F9050000 		.4byte	0x5f9
 2602 04e1 12       		.uleb128 0x12
 2603 04e2 22050000 		.4byte	.LASF35
 2604 04e6 01       		.byte	0x1
 2605 04e7 5805     		.2byte	0x558
 2606 04e9 3E020000 		.4byte	0x23e
 2607 04ed 7E040000 		.4byte	.LLST24
 2608 04f1 14       		.uleb128 0x14
 2609 04f2 6900     		.ascii	"i\000"
 2610 04f4 01       		.byte	0x1
 2611 04f5 5A05     		.2byte	0x55a
 2612 04f7 7F000000 		.4byte	0x7f
 2613 04fb AA040000 		.4byte	.LLST25
 2614 04ff 0F       		.uleb128 0xf
 2615 0500 7D050000 		.4byte	.LASF59
 2616 0504 01       		.byte	0x1
ARM GAS  C:\Users\taips\AppData\Local\Temp\ccZaQHee.s 			page 76


 2617 0505 5B05     		.2byte	0x55b
 2618 0507 7F000000 		.4byte	0x7f
 2619 050b 02       		.uleb128 0x2
 2620 050c 91       		.byte	0x91
 2621 050d 64       		.sleb128 -28
 2622 050e 0F       		.uleb128 0xf
 2623 050f C9040000 		.4byte	.LASF60
 2624 0513 01       		.byte	0x1
 2625 0514 5C05     		.2byte	0x55c
 2626 0516 F9050000 		.4byte	0x5f9
 2627 051a 03       		.uleb128 0x3
 2628 051b 91       		.byte	0x91
 2629 051c E47E     		.sleb128 -156
 2630 051e 0F       		.uleb128 0xf
 2631 051f 2D040000 		.4byte	.LASF61
 2632 0523 01       		.byte	0x1
 2633 0524 5D05     		.2byte	0x55d
 2634 0526 7F000000 		.4byte	0x7f
 2635 052a 03       		.uleb128 0x3
 2636 052b 91       		.byte	0x91
 2637 052c E07E     		.sleb128 -160
 2638 052e 0E       		.uleb128 0xe
 2639 052f E9010000 		.4byte	.LASF62
 2640 0533 01       		.byte	0x1
 2641 0534 5E05     		.2byte	0x55e
 2642 0536 7F000000 		.4byte	0x7f
 2643 053a C9040000 		.4byte	.LLST26
 2644 053e 0E       		.uleb128 0xe
 2645 053f E3030000 		.4byte	.LASF36
 2646 0543 01       		.byte	0x1
 2647 0544 6005     		.2byte	0x560
 2648 0546 7F000000 		.4byte	0x7f
 2649 054a DC040000 		.4byte	.LLST27
 2650 054e 14       		.uleb128 0x14
 2651 054f 72657400 		.ascii	"ret\000"
 2652 0553 01       		.byte	0x1
 2653 0554 6105     		.2byte	0x561
 2654 0556 BB010000 		.4byte	0x1bb
 2655 055a EF040000 		.4byte	.LLST28
 2656 055e 17       		.uleb128 0x17
 2657 055f 1E000000 		.4byte	.LVL76
 2658 0563 B40E0000 		.4byte	0xeb4
 2659 0567 7F050000 		.4byte	0x57f
 2660 056b 16       		.uleb128 0x16
 2661 056c 01       		.uleb128 0x1
 2662 056d 50       		.byte	0x50
 2663 056e 03       		.uleb128 0x3
 2664 056f 91       		.byte	0x91
 2665 0570 E47E     		.sleb128 -156
 2666 0572 16       		.uleb128 0x16
 2667 0573 01       		.uleb128 0x1
 2668 0574 51       		.byte	0x51
 2669 0575 02       		.uleb128 0x2
 2670 0576 76       		.byte	0x76
 2671 0577 00       		.sleb128 0
 2672 0578 16       		.uleb128 0x16
 2673 0579 01       		.uleb128 0x1
ARM GAS  C:\Users\taips\AppData\Local\Temp\ccZaQHee.s 			page 77


 2674 057a 52       		.byte	0x52
 2675 057b 02       		.uleb128 0x2
 2676 057c 08       		.byte	0x8
 2677 057d 80       		.byte	0x80
 2678 057e 00       		.byte	0
 2679 057f 17       		.uleb128 0x17
 2680 0580 2A000000 		.4byte	.LVL78
 2681 0584 E0020000 		.4byte	0x2e0
 2682 0588 9A050000 		.4byte	0x59a
 2683 058c 16       		.uleb128 0x16
 2684 058d 01       		.uleb128 0x1
 2685 058e 50       		.byte	0x50
 2686 058f 03       		.uleb128 0x3
 2687 0590 91       		.byte	0x91
 2688 0591 A47F     		.sleb128 -92
 2689 0593 16       		.uleb128 0x16
 2690 0594 01       		.uleb128 0x1
 2691 0595 51       		.byte	0x51
 2692 0596 02       		.uleb128 0x2
 2693 0597 08       		.byte	0x8
 2694 0598 40       		.byte	0x40
 2695 0599 00       		.byte	0
 2696 059a 17       		.uleb128 0x17
 2697 059b 36000000 		.4byte	.LVL79
 2698 059f 33040000 		.4byte	0x433
 2699 05a3 BB050000 		.4byte	0x5bb
 2700 05a7 16       		.uleb128 0x16
 2701 05a8 01       		.uleb128 0x1
 2702 05a9 50       		.byte	0x50
 2703 05aa 02       		.uleb128 0x2
 2704 05ab 76       		.byte	0x76
 2705 05ac 00       		.sleb128 0
 2706 05ad 16       		.uleb128 0x16
 2707 05ae 01       		.uleb128 0x1
 2708 05af 51       		.byte	0x51
 2709 05b0 03       		.uleb128 0x3
 2710 05b1 91       		.byte	0x91
 2711 05b2 E47E     		.sleb128 -156
 2712 05b4 16       		.uleb128 0x16
 2713 05b5 01       		.uleb128 0x1
 2714 05b6 52       		.byte	0x52
 2715 05b7 02       		.uleb128 0x2
 2716 05b8 74       		.byte	0x74
 2717 05b9 00       		.sleb128 0
 2718 05ba 00       		.byte	0
 2719 05bb 17       		.uleb128 0x17
 2720 05bc 4A000000 		.4byte	.LVL81
 2721 05c0 33040000 		.4byte	0x433
 2722 05c4 D6050000 		.4byte	0x5d6
 2723 05c8 16       		.uleb128 0x16
 2724 05c9 01       		.uleb128 0x1
 2725 05ca 51       		.byte	0x51
 2726 05cb 03       		.uleb128 0x3
 2727 05cc 91       		.byte	0x91
 2728 05cd E47E     		.sleb128 -156
 2729 05cf 16       		.uleb128 0x16
 2730 05d0 01       		.uleb128 0x1
ARM GAS  C:\Users\taips\AppData\Local\Temp\ccZaQHee.s 			page 78


 2731 05d1 52       		.byte	0x52
 2732 05d2 02       		.uleb128 0x2
 2733 05d3 74       		.byte	0x74
 2734 05d4 00       		.sleb128 0
 2735 05d5 00       		.byte	0
 2736 05d6 15       		.uleb128 0x15
 2737 05d7 58000000 		.4byte	.LVL84
 2738 05db 8B020000 		.4byte	0x28b
 2739 05df 16       		.uleb128 0x16
 2740 05e0 01       		.uleb128 0x1
 2741 05e1 50       		.byte	0x50
 2742 05e2 02       		.uleb128 0x2
 2743 05e3 75       		.byte	0x75
 2744 05e4 00       		.sleb128 0
 2745 05e5 16       		.uleb128 0x16
 2746 05e6 01       		.uleb128 0x1
 2747 05e7 51       		.byte	0x51
 2748 05e8 02       		.uleb128 0x2
 2749 05e9 7D       		.byte	0x7d
 2750 05ea 00       		.sleb128 0
 2751 05eb 16       		.uleb128 0x16
 2752 05ec 01       		.uleb128 0x1
 2753 05ed 52       		.byte	0x52
 2754 05ee 02       		.uleb128 0x2
 2755 05ef 91       		.byte	0x91
 2756 05f0 64       		.sleb128 -28
 2757 05f1 16       		.uleb128 0x16
 2758 05f2 01       		.uleb128 0x1
 2759 05f3 53       		.byte	0x53
 2760 05f4 02       		.uleb128 0x2
 2761 05f5 74       		.byte	0x74
 2762 05f6 00       		.sleb128 0
 2763 05f7 00       		.byte	0
 2764 05f8 00       		.byte	0
 2765 05f9 18       		.uleb128 0x18
 2766 05fa 7F000000 		.4byte	0x7f
 2767 05fe 09060000 		.4byte	0x609
 2768 0602 19       		.uleb128 0x19
 2769 0603 B3000000 		.4byte	0xb3
 2770 0607 1F       		.byte	0x1f
 2771 0608 00       		.byte	0
 2772 0609 11       		.uleb128 0x11
 2773 060a C9020000 		.4byte	.LASF63
 2774 060e 01       		.byte	0x1
 2775 060f BD04     		.2byte	0x4bd
 2776 0611 BB010000 		.4byte	0x1bb
 2777 0615 00000000 		.4byte	.LFB12
 2778 0619 7A000000 		.4byte	.LFE12-.LFB12
 2779 061d 01       		.uleb128 0x1
 2780 061e 9C       		.byte	0x9c
 2781 061f 6E070000 		.4byte	0x76e
 2782 0623 12       		.uleb128 0x12
 2783 0624 0C050000 		.4byte	.LASF49
 2784 0628 01       		.byte	0x1
 2785 0629 BD04     		.2byte	0x4bd
 2786 062b 7F000000 		.4byte	0x7f
 2787 062f 24050000 		.4byte	.LLST29
ARM GAS  C:\Users\taips\AppData\Local\Temp\ccZaQHee.s 			page 79


 2788 0633 12       		.uleb128 0x12
 2789 0634 35030000 		.4byte	.LASF64
 2790 0638 01       		.byte	0x1
 2791 0639 BE04     		.2byte	0x4be
 2792 063b 7F000000 		.4byte	0x7f
 2793 063f 50050000 		.4byte	.LLST30
 2794 0643 12       		.uleb128 0x12
 2795 0644 D8040000 		.4byte	.LASF65
 2796 0648 01       		.byte	0x1
 2797 0649 BF04     		.2byte	0x4bf
 2798 064b 7F000000 		.4byte	0x7f
 2799 064f 70050000 		.4byte	.LLST31
 2800 0653 12       		.uleb128 0x12
 2801 0654 24020000 		.4byte	.LASF66
 2802 0658 01       		.byte	0x1
 2803 0659 C004     		.2byte	0x4c0
 2804 065b 7F000000 		.4byte	0x7f
 2805 065f 90050000 		.4byte	.LLST32
 2806 0663 0D       		.uleb128 0xd
 2807 0664 22050000 		.4byte	.LASF35
 2808 0668 01       		.byte	0x1
 2809 0669 C104     		.2byte	0x4c1
 2810 066b 3E020000 		.4byte	0x23e
 2811 066f 02       		.uleb128 0x2
 2812 0670 91       		.byte	0x91
 2813 0671 00       		.sleb128 0
 2814 0672 14       		.uleb128 0x14
 2815 0673 72657400 		.ascii	"ret\000"
 2816 0677 01       		.byte	0x1
 2817 0678 C304     		.2byte	0x4c3
 2818 067a BB010000 		.4byte	0x1bb
 2819 067e B0050000 		.4byte	.LLST33
 2820 0682 0F       		.uleb128 0xf
 2821 0683 C9040000 		.4byte	.LASF60
 2822 0687 01       		.byte	0x1
 2823 0688 C404     		.2byte	0x4c4
 2824 068a F9050000 		.4byte	0x5f9
 2825 068e 03       		.uleb128 0x3
 2826 068f 91       		.byte	0x91
 2827 0690 E87E     		.sleb128 -152
 2828 0692 0E       		.uleb128 0xe
 2829 0693 E2040000 		.4byte	.LASF67
 2830 0697 01       		.byte	0x1
 2831 0698 C704     		.2byte	0x4c7
 2832 069a 7F000000 		.4byte	0x7f
 2833 069e E5050000 		.4byte	.LLST34
 2834 06a2 17       		.uleb128 0x17
 2835 06a3 22000000 		.4byte	.LVL95
 2836 06a7 E0020000 		.4byte	0x2e0
 2837 06ab BD060000 		.4byte	0x6bd
 2838 06af 16       		.uleb128 0x16
 2839 06b0 01       		.uleb128 0x1
 2840 06b1 50       		.byte	0x50
 2841 06b2 03       		.uleb128 0x3
 2842 06b3 76       		.byte	0x76
 2843 06b4 C000     		.sleb128 64
 2844 06b6 16       		.uleb128 0x16
ARM GAS  C:\Users\taips\AppData\Local\Temp\ccZaQHee.s 			page 80


 2845 06b7 01       		.uleb128 0x1
 2846 06b8 51       		.byte	0x51
 2847 06b9 02       		.uleb128 0x2
 2848 06ba 08       		.byte	0x8
 2849 06bb 40       		.byte	0x40
 2850 06bc 00       		.byte	0
 2851 06bd 17       		.uleb128 0x17
 2852 06be 32000000 		.4byte	.LVL96
 2853 06c2 B40E0000 		.4byte	0xeb4
 2854 06c6 E6060000 		.4byte	0x6e6
 2855 06ca 16       		.uleb128 0x16
 2856 06cb 01       		.uleb128 0x1
 2857 06cc 50       		.byte	0x50
 2858 06cd 04       		.uleb128 0x4
 2859 06ce 91       		.byte	0x91
 2860 06cf DC7E     		.sleb128 -164
 2861 06d1 06       		.byte	0x6
 2862 06d2 16       		.uleb128 0x16
 2863 06d3 01       		.uleb128 0x1
 2864 06d4 51       		.byte	0x51
 2865 06d5 07       		.uleb128 0x7
 2866 06d6 76       		.byte	0x76
 2867 06d7 00       		.sleb128 0
 2868 06d8 91       		.byte	0x91
 2869 06d9 E07E     		.sleb128 -160
 2870 06db 06       		.byte	0x6
 2871 06dc 22       		.byte	0x22
 2872 06dd 16       		.uleb128 0x16
 2873 06de 01       		.uleb128 0x1
 2874 06df 52       		.byte	0x52
 2875 06e0 04       		.uleb128 0x4
 2876 06e1 91       		.byte	0x91
 2877 06e2 E47E     		.sleb128 -156
 2878 06e4 06       		.byte	0x6
 2879 06e5 00       		.byte	0
 2880 06e6 17       		.uleb128 0x17
 2881 06e7 42000000 		.4byte	.LVL99
 2882 06eb E0020000 		.4byte	0x2e0
 2883 06ef 01070000 		.4byte	0x701
 2884 06f3 16       		.uleb128 0x16
 2885 06f4 01       		.uleb128 0x1
 2886 06f5 50       		.byte	0x50
 2887 06f6 03       		.uleb128 0x3
 2888 06f7 74       		.byte	0x74
 2889 06f8 C000     		.sleb128 64
 2890 06fa 16       		.uleb128 0x16
 2891 06fb 01       		.uleb128 0x1
 2892 06fc 51       		.byte	0x51
 2893 06fd 02       		.uleb128 0x2
 2894 06fe 08       		.byte	0x8
 2895 06ff 40       		.byte	0x40
 2896 0700 00       		.byte	0
 2897 0701 17       		.uleb128 0x17
 2898 0702 50000000 		.4byte	.LVL100
 2899 0706 B40E0000 		.4byte	0xeb4
 2900 070a 22070000 		.4byte	0x722
 2901 070e 16       		.uleb128 0x16
ARM GAS  C:\Users\taips\AppData\Local\Temp\ccZaQHee.s 			page 81


 2902 070f 01       		.uleb128 0x1
 2903 0710 50       		.byte	0x50
 2904 0711 03       		.uleb128 0x3
 2905 0712 91       		.byte	0x91
 2906 0713 E87E     		.sleb128 -152
 2907 0715 16       		.uleb128 0x16
 2908 0716 01       		.uleb128 0x1
 2909 0717 51       		.byte	0x51
 2910 0718 02       		.uleb128 0x2
 2911 0719 74       		.byte	0x74
 2912 071a 00       		.sleb128 0
 2913 071b 16       		.uleb128 0x16
 2914 071c 01       		.uleb128 0x1
 2915 071d 52       		.byte	0x52
 2916 071e 02       		.uleb128 0x2
 2917 071f 08       		.byte	0x8
 2918 0720 80       		.byte	0x80
 2919 0721 00       		.byte	0
 2920 0722 17       		.uleb128 0x17
 2921 0723 5A000000 		.4byte	.LVL101
 2922 0727 33040000 		.4byte	0x433
 2923 072b 43070000 		.4byte	0x743
 2924 072f 16       		.uleb128 0x16
 2925 0730 01       		.uleb128 0x1
 2926 0731 50       		.byte	0x50
 2927 0732 02       		.uleb128 0x2
 2928 0733 76       		.byte	0x76
 2929 0734 00       		.sleb128 0
 2930 0735 16       		.uleb128 0x16
 2931 0736 01       		.uleb128 0x1
 2932 0737 51       		.byte	0x51
 2933 0738 03       		.uleb128 0x3
 2934 0739 91       		.byte	0x91
 2935 073a E87E     		.sleb128 -152
 2936 073c 16       		.uleb128 0x16
 2937 073d 01       		.uleb128 0x1
 2938 073e 52       		.byte	0x52
 2939 073f 02       		.uleb128 0x2
 2940 0740 77       		.byte	0x77
 2941 0741 00       		.sleb128 0
 2942 0742 00       		.byte	0
 2943 0743 15       		.uleb128 0x15
 2944 0744 70000000 		.4byte	.LVL104
 2945 0748 B40E0000 		.4byte	0xeb4
 2946 074c 16       		.uleb128 0x16
 2947 074d 01       		.uleb128 0x1
 2948 074e 50       		.byte	0x50
 2949 074f 04       		.uleb128 0x4
 2950 0750 91       		.byte	0x91
 2951 0751 DC7E     		.sleb128 -164
 2952 0753 06       		.byte	0x6
 2953 0754 16       		.uleb128 0x16
 2954 0755 01       		.uleb128 0x1
 2955 0756 51       		.byte	0x51
 2956 0757 0C       		.uleb128 0xc
 2957 0758 91       		.byte	0x91
 2958 0759 E07E     		.sleb128 -160
ARM GAS  C:\Users\taips\AppData\Local\Temp\ccZaQHee.s 			page 82


 2959 075b 06       		.byte	0x6
 2960 075c 32       		.byte	0x32
 2961 075d 24       		.byte	0x24
 2962 075e 91       		.byte	0x91
 2963 075f 00       		.sleb128 0
 2964 0760 22       		.byte	0x22
 2965 0761 08       		.byte	0x8
 2966 0762 98       		.byte	0x98
 2967 0763 1C       		.byte	0x1c
 2968 0764 16       		.uleb128 0x16
 2969 0765 01       		.uleb128 0x1
 2970 0766 52       		.byte	0x52
 2971 0767 04       		.uleb128 0x4
 2972 0768 91       		.byte	0x91
 2973 0769 E47E     		.sleb128 -156
 2974 076b 06       		.byte	0x6
 2975 076c 00       		.byte	0
 2976 076d 00       		.byte	0
 2977 076e 11       		.uleb128 0x11
 2978 076f 6E030000 		.4byte	.LASF68
 2979 0773 01       		.byte	0x1
 2980 0774 4904     		.2byte	0x449
 2981 0776 BB010000 		.4byte	0x1bb
 2982 077a 00000000 		.4byte	.LFB11
 2983 077e 30000000 		.4byte	.LFE11-.LFB11
 2984 0782 01       		.uleb128 0x1
 2985 0783 9C       		.byte	0x9c
 2986 0784 0F080000 		.4byte	0x80f
 2987 0788 12       		.uleb128 0x12
 2988 0789 76040000 		.4byte	.LASF57
 2989 078d 01       		.byte	0x1
 2990 078e 4904     		.2byte	0x449
 2991 0790 7F000000 		.4byte	0x7f
 2992 0794 0E060000 		.4byte	.LLST35
 2993 0798 12       		.uleb128 0x12
 2994 0799 F4010000 		.4byte	.LASF69
 2995 079d 01       		.byte	0x1
 2996 079e 4A04     		.2byte	0x44a
 2997 07a0 7F000000 		.4byte	0x7f
 2998 07a4 3A060000 		.4byte	.LLST36
 2999 07a8 12       		.uleb128 0x12
 3000 07a9 22050000 		.4byte	.LASF35
 3001 07ad 01       		.byte	0x1
 3002 07ae 4B04     		.2byte	0x44b
 3003 07b0 3E020000 		.4byte	0x23e
 3004 07b4 66060000 		.4byte	.LLST37
 3005 07b8 0E       		.uleb128 0xe
 3006 07b9 27060000 		.4byte	.LASF70
 3007 07bd 01       		.byte	0x1
 3008 07be 4D04     		.2byte	0x44d
 3009 07c0 7F000000 		.4byte	0x7f
 3010 07c4 92060000 		.4byte	.LLST38
 3011 07c8 14       		.uleb128 0x14
 3012 07c9 72657400 		.ascii	"ret\000"
 3013 07cd 01       		.byte	0x1
 3014 07ce 4E04     		.2byte	0x44e
 3015 07d0 BB010000 		.4byte	0x1bb
ARM GAS  C:\Users\taips\AppData\Local\Temp\ccZaQHee.s 			page 83


 3016 07d4 BB060000 		.4byte	.LLST39
 3017 07d8 17       		.uleb128 0x17
 3018 07d9 0C000000 		.4byte	.LVL111
 3019 07dd 33040000 		.4byte	0x433
 3020 07e1 F8070000 		.4byte	0x7f8
 3021 07e5 16       		.uleb128 0x16
 3022 07e6 01       		.uleb128 0x1
 3023 07e7 50       		.byte	0x50
 3024 07e8 02       		.uleb128 0x2
 3025 07e9 74       		.byte	0x74
 3026 07ea 00       		.sleb128 0
 3027 07eb 16       		.uleb128 0x16
 3028 07ec 01       		.uleb128 0x1
 3029 07ed 51       		.byte	0x51
 3030 07ee 02       		.uleb128 0x2
 3031 07ef 75       		.byte	0x75
 3032 07f0 00       		.sleb128 0
 3033 07f1 16       		.uleb128 0x16
 3034 07f2 01       		.uleb128 0x1
 3035 07f3 52       		.byte	0x52
 3036 07f4 02       		.uleb128 0x2
 3037 07f5 76       		.byte	0x76
 3038 07f6 00       		.sleb128 0
 3039 07f7 00       		.byte	0
 3040 07f8 15       		.uleb128 0x15
 3041 07f9 28000000 		.4byte	.LVL114
 3042 07fd 33040000 		.4byte	0x433
 3043 0801 16       		.uleb128 0x16
 3044 0802 01       		.uleb128 0x1
 3045 0803 51       		.byte	0x51
 3046 0804 02       		.uleb128 0x2
 3047 0805 75       		.byte	0x75
 3048 0806 00       		.sleb128 0
 3049 0807 16       		.uleb128 0x16
 3050 0808 01       		.uleb128 0x1
 3051 0809 52       		.byte	0x52
 3052 080a 02       		.uleb128 0x2
 3053 080b 76       		.byte	0x76
 3054 080c 00       		.sleb128 0
 3055 080d 00       		.byte	0
 3056 080e 00       		.byte	0
 3057 080f 1A       		.uleb128 0x1a
 3058 0810 B7040000 		.4byte	.LASF71
 3059 0814 01       		.byte	0x1
 3060 0815 5F       		.byte	0x5f
 3061 0816 BB010000 		.4byte	0x1bb
 3062 081a 00000000 		.4byte	.LFB0
 3063 081e 96000000 		.4byte	.LFE0-.LFB0
 3064 0822 01       		.uleb128 0x1
 3065 0823 9C       		.byte	0x9c
 3066 0824 AE080000 		.4byte	0x8ae
 3067 0828 1B       		.uleb128 0x1b
 3068 0829 F6040000 		.4byte	.LASF48
 3069 082d 01       		.byte	0x1
 3070 082e 5F       		.byte	0x5f
 3071 082f A6030000 		.4byte	0x3a6
 3072 0833 E5060000 		.4byte	.LLST40
ARM GAS  C:\Users\taips\AppData\Local\Temp\ccZaQHee.s 			page 84


 3073 0837 1B       		.uleb128 0x1b
 3074 0838 22050000 		.4byte	.LASF35
 3075 083c 01       		.byte	0x1
 3076 083d 5F       		.byte	0x5f
 3077 083e 3E020000 		.4byte	0x23e
 3078 0842 2A070000 		.4byte	.LLST41
 3079 0846 1C       		.uleb128 0x1c
 3080 0847 72657400 		.ascii	"ret\000"
 3081 084b 01       		.byte	0x1
 3082 084c 61       		.byte	0x61
 3083 084d BB010000 		.4byte	0x1bb
 3084 0851 6C070000 		.4byte	.LLST42
 3085 0855 17       		.uleb128 0x17
 3086 0856 22000000 		.4byte	.LVL120
 3087 085a 4D030000 		.4byte	0x34d
 3088 085e 69080000 		.4byte	0x869
 3089 0862 16       		.uleb128 0x16
 3090 0863 01       		.uleb128 0x1
 3091 0864 50       		.byte	0x50
 3092 0865 02       		.uleb128 0x2
 3093 0866 74       		.byte	0x74
 3094 0867 00       		.sleb128 0
 3095 0868 00       		.byte	0
 3096 0869 17       		.uleb128 0x17
 3097 086a 60000000 		.4byte	.LVL124
 3098 086e C7010000 		.4byte	0x1c7
 3099 0872 83080000 		.4byte	0x883
 3100 0876 16       		.uleb128 0x16
 3101 0877 01       		.uleb128 0x1
 3102 0878 50       		.byte	0x50
 3103 0879 02       		.uleb128 0x2
 3104 087a 74       		.byte	0x74
 3105 087b 00       		.sleb128 0
 3106 087c 16       		.uleb128 0x16
 3107 087d 01       		.uleb128 0x1
 3108 087e 51       		.byte	0x51
 3109 087f 02       		.uleb128 0x2
 3110 0880 75       		.byte	0x75
 3111 0881 00       		.sleb128 0
 3112 0882 00       		.byte	0
 3113 0883 17       		.uleb128 0x17
 3114 0884 74000000 		.4byte	.LVL125
 3115 0888 C7040000 		.4byte	0x4c7
 3116 088c 97080000 		.4byte	0x897
 3117 0890 16       		.uleb128 0x16
 3118 0891 01       		.uleb128 0x1
 3119 0892 50       		.byte	0x50
 3120 0893 02       		.uleb128 0x2
 3121 0894 75       		.byte	0x75
 3122 0895 00       		.sleb128 0
 3123 0896 00       		.byte	0
 3124 0897 15       		.uleb128 0x15
 3125 0898 7E000000 		.4byte	.LVL128
 3126 089c C7010000 		.4byte	0x1c7
 3127 08a0 16       		.uleb128 0x16
 3128 08a1 01       		.uleb128 0x1
 3129 08a2 50       		.byte	0x50
ARM GAS  C:\Users\taips\AppData\Local\Temp\ccZaQHee.s 			page 85


 3130 08a3 02       		.uleb128 0x2
 3131 08a4 74       		.byte	0x74
 3132 08a5 00       		.sleb128 0
 3133 08a6 16       		.uleb128 0x16
 3134 08a7 01       		.uleb128 0x1
 3135 08a8 51       		.byte	0x51
 3136 08a9 02       		.uleb128 0x2
 3137 08aa 75       		.byte	0x75
 3138 08ab 00       		.sleb128 0
 3139 08ac 00       		.byte	0
 3140 08ad 00       		.byte	0
 3141 08ae 1D       		.uleb128 0x1d
 3142 08af 5C030000 		.4byte	.LASF72
 3143 08b3 01       		.byte	0x1
 3144 08b4 A9       		.byte	0xa9
 3145 08b5 BB010000 		.4byte	0x1bb
 3146 08b9 00000000 		.4byte	.LFB1
 3147 08bd 2E020000 		.4byte	.LFE1-.LFB1
 3148 08c1 01       		.uleb128 0x1
 3149 08c2 9C       		.byte	0x9c
 3150 08c3 D20A0000 		.4byte	0xad2
 3151 08c7 1B       		.uleb128 0x1b
 3152 08c8 03010000 		.4byte	.LASF54
 3153 08cc 01       		.byte	0x1
 3154 08cd A9       		.byte	0xa9
 3155 08ce 7F000000 		.4byte	0x7f
 3156 08d2 C3070000 		.4byte	.LLST43
 3157 08d6 1B       		.uleb128 0x1b
 3158 08d7 2A030000 		.4byte	.LASF73
 3159 08db 01       		.byte	0x1
 3160 08dc AA       		.byte	0xaa
 3161 08dd BA000000 		.4byte	0xba
 3162 08e1 32080000 		.4byte	.LLST44
 3163 08e5 1B       		.uleb128 0x1b
 3164 08e6 E3020000 		.4byte	.LASF74
 3165 08ea 01       		.byte	0x1
 3166 08eb AB       		.byte	0xab
 3167 08ec 7F000000 		.4byte	0x7f
 3168 08f0 74080000 		.4byte	.LLST45
 3169 08f4 1B       		.uleb128 0x1b
 3170 08f5 22050000 		.4byte	.LASF35
 3171 08f9 01       		.byte	0x1
 3172 08fa AC       		.byte	0xac
 3173 08fb 3E020000 		.4byte	0x23e
 3174 08ff DD080000 		.4byte	.LLST46
 3175 0903 1C       		.uleb128 0x1c
 3176 0904 72657400 		.ascii	"ret\000"
 3177 0908 01       		.byte	0x1
 3178 0909 AE       		.byte	0xae
 3179 090a BB010000 		.4byte	0x1bb
 3180 090e 4D090000 		.4byte	.LLST47
 3181 0912 1C       		.uleb128 0x1c
 3182 0913 6900     		.ascii	"i\000"
 3183 0915 01       		.byte	0x1
 3184 0916 AF       		.byte	0xaf
 3185 0917 7F000000 		.4byte	0x7f
 3186 091b C6090000 		.4byte	.LLST48
ARM GAS  C:\Users\taips\AppData\Local\Temp\ccZaQHee.s 			page 86


 3187 091f 1E       		.uleb128 0x1e
 3188 0920 FD040000 		.4byte	.LASF75
 3189 0924 01       		.byte	0x1
 3190 0925 B0       		.byte	0xb0
 3191 0926 7F000000 		.4byte	0x7f
 3192 092a 2A0A0000 		.4byte	.LLST49
 3193 092e 1E       		.uleb128 0x1e
 3194 092f 4A030000 		.4byte	.LASF76
 3195 0933 01       		.byte	0x1
 3196 0934 B1       		.byte	0xb1
 3197 0935 7F000000 		.4byte	0x7f
 3198 0939 5E0A0000 		.4byte	.LLST50
 3199 093d 1E       		.uleb128 0x1e
 3200 093e 38050000 		.4byte	.LASF77
 3201 0942 01       		.byte	0x1
 3202 0943 B2       		.byte	0xb2
 3203 0944 7F000000 		.4byte	0x7f
 3204 0948 7E0A0000 		.4byte	.LLST51
 3205 094c 1E       		.uleb128 0x1e
 3206 094d 3D030000 		.4byte	.LASF78
 3207 0951 01       		.byte	0x1
 3208 0952 B3       		.byte	0xb3
 3209 0953 7F000000 		.4byte	0x7f
 3210 0957 C00A0000 		.4byte	.LLST52
 3211 095b 1E       		.uleb128 0x1e
 3212 095c AF010000 		.4byte	.LASF79
 3213 0960 01       		.byte	0x1
 3214 0961 B4       		.byte	0xb4
 3215 0962 7F000000 		.4byte	0x7f
 3216 0966 2E0B0000 		.4byte	.LLST53
 3217 096a 1E       		.uleb128 0x1e
 3218 096b D7050000 		.4byte	.LASF80
 3219 096f 01       		.byte	0x1
 3220 0970 B5       		.byte	0xb5
 3221 0971 7F000000 		.4byte	0x7f
 3222 0975 4D0B0000 		.4byte	.LLST54
 3223 0979 1E       		.uleb128 0x1e
 3224 097a A1040000 		.4byte	.LASF81
 3225 097e 01       		.byte	0x1
 3226 097f B6       		.byte	0xb6
 3227 0980 7F000000 		.4byte	0x7f
 3228 0984 780B0000 		.4byte	.LLST55
 3229 0988 1E       		.uleb128 0x1e
 3230 0989 37060000 		.4byte	.LASF82
 3231 098d 01       		.byte	0x1
 3232 098e B7       		.byte	0xb7
 3233 098f 7F000000 		.4byte	0x7f
 3234 0993 A30B0000 		.4byte	.LLST56
 3235 0997 1F       		.uleb128 0x1f
 3236 0998 00000000 		.4byte	.Ldebug_ranges0+0
 3237 099c 1E       		.uleb128 0x1e
 3238 099d 7D050000 		.4byte	.LASF59
 3239 09a1 01       		.byte	0x1
 3240 09a2 BC       		.byte	0xbc
 3241 09a3 7F000000 		.4byte	0x7f
 3242 09a7 FA0B0000 		.4byte	.LLST57
 3243 09ab 1E       		.uleb128 0x1e
ARM GAS  C:\Users\taips\AppData\Local\Temp\ccZaQHee.s 			page 87


 3244 09ac 5C050000 		.4byte	.LASF83
 3245 09b0 01       		.byte	0x1
 3246 09b1 BD       		.byte	0xbd
 3247 09b2 7F000000 		.4byte	0x7f
 3248 09b6 4F0C0000 		.4byte	.LLST58
 3249 09ba 1E       		.uleb128 0x1e
 3250 09bb E3030000 		.4byte	.LASF36
 3251 09bf 01       		.byte	0x1
 3252 09c0 BF       		.byte	0xbf
 3253 09c1 7F000000 		.4byte	0x7f
 3254 09c5 830C0000 		.4byte	.LLST59
 3255 09c9 1E       		.uleb128 0x1e
 3256 09ca D2010000 		.4byte	.LASF84
 3257 09ce 01       		.byte	0x1
 3258 09cf C0       		.byte	0xc0
 3259 09d0 7F000000 		.4byte	0x7f
 3260 09d4 AE0C0000 		.4byte	.LLST60
 3261 09d8 1E       		.uleb128 0x1e
 3262 09d9 1B060000 		.4byte	.LASF85
 3263 09dd 01       		.byte	0x1
 3264 09de C5       		.byte	0xc5
 3265 09df 7F000000 		.4byte	0x7f
 3266 09e3 CE0C0000 		.4byte	.LLST61
 3267 09e7 20       		.uleb128 0x20
 3268 09e8 28000000 		.4byte	.Ldebug_ranges0+0x28
 3269 09ec 000A0000 		.4byte	0xa00
 3270 09f0 1E       		.uleb128 0x1e
 3271 09f1 07060000 		.4byte	.LASF86
 3272 09f5 01       		.byte	0x1
 3273 09f6 E2       		.byte	0xe2
 3274 09f7 7F000000 		.4byte	0x7f
 3275 09fb F70C0000 		.4byte	.LLST62
 3276 09ff 00       		.byte	0
 3277 0a00 20       		.uleb128 0x20
 3278 0a01 40000000 		.4byte	.Ldebug_ranges0+0x40
 3279 0a05 7D0A0000 		.4byte	0xa7d
 3280 0a09 0E       		.uleb128 0xe
 3281 0a0a 0C050000 		.4byte	.LASF49
 3282 0a0e 01       		.byte	0x1
 3283 0a0f 3B01     		.2byte	0x13b
 3284 0a11 7F000000 		.4byte	0x7f
 3285 0a15 560D0000 		.4byte	.LLST63
 3286 0a19 0E       		.uleb128 0xe
 3287 0a1a 40040000 		.4byte	.LASF50
 3288 0a1e 01       		.byte	0x1
 3289 0a1f 3C01     		.2byte	0x13c
 3290 0a21 7F000000 		.4byte	0x7f
 3291 0a25 810D0000 		.4byte	.LLST64
 3292 0a29 1F       		.uleb128 0x1f
 3293 0a2a 58000000 		.4byte	.Ldebug_ranges0+0x58
 3294 0a2e 0E       		.uleb128 0xe
 3295 0a2f D9020000 		.4byte	.LASF87
 3296 0a33 01       		.byte	0x1
 3297 0a34 4101     		.2byte	0x141
 3298 0a36 7F000000 		.4byte	0x7f
 3299 0a3a B80D0000 		.4byte	.LLST65
 3300 0a3e 0E       		.uleb128 0xe
ARM GAS  C:\Users\taips\AppData\Local\Temp\ccZaQHee.s 			page 88


 3301 0a3f 84050000 		.4byte	.LASF88
 3302 0a43 01       		.byte	0x1
 3303 0a44 4201     		.2byte	0x142
 3304 0a46 7F000000 		.4byte	0x7f
 3305 0a4a D60D0000 		.4byte	.LLST66
 3306 0a4e 17       		.uleb128 0x17
 3307 0a4f F4010000 		.4byte	.LVL213
 3308 0a53 09060000 		.4byte	0x609
 3309 0a57 6B0A0000 		.4byte	0xa6b
 3310 0a5b 16       		.uleb128 0x16
 3311 0a5c 01       		.uleb128 0x1
 3312 0a5d 51       		.byte	0x51
 3313 0a5e 02       		.uleb128 0x2
 3314 0a5f 76       		.byte	0x76
 3315 0a60 00       		.sleb128 0
 3316 0a61 16       		.uleb128 0x16
 3317 0a62 02       		.uleb128 0x2
 3318 0a63 7D       		.byte	0x7d
 3319 0a64 00       		.sleb128 0
 3320 0a65 04       		.uleb128 0x4
 3321 0a66 91       		.byte	0x91
 3322 0a67 BC7F     		.sleb128 -68
 3323 0a69 06       		.byte	0x6
 3324 0a6a 00       		.byte	0
 3325 0a6b 15       		.uleb128 0x15
 3326 0a6c 06020000 		.4byte	.LVL218
 3327 0a70 B40E0000 		.4byte	0xeb4
 3328 0a74 16       		.uleb128 0x16
 3329 0a75 01       		.uleb128 0x1
 3330 0a76 50       		.byte	0x50
 3331 0a77 02       		.uleb128 0x2
 3332 0a78 76       		.byte	0x76
 3333 0a79 00       		.sleb128 0
 3334 0a7a 00       		.byte	0
 3335 0a7b 00       		.byte	0
 3336 0a7c 00       		.byte	0
 3337 0a7d 17       		.uleb128 0x17
 3338 0a7e 2E010000 		.4byte	.LVL177
 3339 0a82 09060000 		.4byte	0x609
 3340 0a86 9E0A0000 		.4byte	0xa9e
 3341 0a8a 16       		.uleb128 0x16
 3342 0a8b 01       		.uleb128 0x1
 3343 0a8c 51       		.byte	0x51
 3344 0a8d 02       		.uleb128 0x2
 3345 0a8e 78       		.byte	0x78
 3346 0a8f 00       		.sleb128 0
 3347 0a90 16       		.uleb128 0x16
 3348 0a91 01       		.uleb128 0x1
 3349 0a92 53       		.byte	0x53
 3350 0a93 02       		.uleb128 0x2
 3351 0a94 74       		.byte	0x74
 3352 0a95 00       		.sleb128 0
 3353 0a96 16       		.uleb128 0x16
 3354 0a97 02       		.uleb128 0x2
 3355 0a98 7D       		.byte	0x7d
 3356 0a99 00       		.sleb128 0
 3357 0a9a 02       		.uleb128 0x2
ARM GAS  C:\Users\taips\AppData\Local\Temp\ccZaQHee.s 			page 89


 3358 0a9b 79       		.byte	0x79
 3359 0a9c 00       		.sleb128 0
 3360 0a9d 00       		.byte	0
 3361 0a9e 17       		.uleb128 0x17
 3362 0a9f 46010000 		.4byte	.LVL184
 3363 0aa3 B40E0000 		.4byte	0xeb4
 3364 0aa7 B80A0000 		.4byte	0xab8
 3365 0aab 16       		.uleb128 0x16
 3366 0aac 01       		.uleb128 0x1
 3367 0aad 50       		.byte	0x50
 3368 0aae 02       		.uleb128 0x2
 3369 0aaf 78       		.byte	0x78
 3370 0ab0 00       		.sleb128 0
 3371 0ab1 16       		.uleb128 0x16
 3372 0ab2 01       		.uleb128 0x1
 3373 0ab3 52       		.byte	0x52
 3374 0ab4 02       		.uleb128 0x2
 3375 0ab5 74       		.byte	0x74
 3376 0ab6 00       		.sleb128 0
 3377 0ab7 00       		.byte	0
 3378 0ab8 15       		.uleb128 0x15
 3379 0ab9 90010000 		.4byte	.LVL200
 3380 0abd 44020000 		.4byte	0x244
 3381 0ac1 16       		.uleb128 0x16
 3382 0ac2 01       		.uleb128 0x1
 3383 0ac3 50       		.byte	0x50
 3384 0ac4 02       		.uleb128 0x2
 3385 0ac5 74       		.byte	0x74
 3386 0ac6 00       		.sleb128 0
 3387 0ac7 16       		.uleb128 0x16
 3388 0ac8 01       		.uleb128 0x1
 3389 0ac9 51       		.byte	0x51
 3390 0aca 04       		.uleb128 0x4
 3391 0acb 91       		.byte	0x91
 3392 0acc BC7F     		.sleb128 -68
 3393 0ace 06       		.byte	0x6
 3394 0acf 00       		.byte	0
 3395 0ad0 00       		.byte	0
 3396 0ad1 00       		.byte	0
 3397 0ad2 21       		.uleb128 0x21
 3398 0ad3 D0030000 		.4byte	.LASF89
 3399 0ad7 01       		.byte	0x1
 3400 0ad8 9B01     		.2byte	0x19b
 3401 0ada BB010000 		.4byte	0x1bb
 3402 0ade 00000000 		.4byte	.LFB2
 3403 0ae2 8E010000 		.4byte	.LFE2-.LFB2
 3404 0ae6 01       		.uleb128 0x1
 3405 0ae7 9C       		.byte	0x9c
 3406 0ae8 6B0D0000 		.4byte	0xd6b
 3407 0aec 12       		.uleb128 0x12
 3408 0aed 03010000 		.4byte	.LASF54
 3409 0af1 01       		.byte	0x1
 3410 0af2 9B01     		.2byte	0x19b
 3411 0af4 7F000000 		.4byte	0x7f
 3412 0af8 F40D0000 		.4byte	.LLST67
 3413 0afc 12       		.uleb128 0x12
 3414 0afd 2A030000 		.4byte	.LASF73
ARM GAS  C:\Users\taips\AppData\Local\Temp\ccZaQHee.s 			page 90


 3415 0b01 01       		.byte	0x1
 3416 0b02 9C01     		.2byte	0x19c
 3417 0b04 BA000000 		.4byte	0xba
 3418 0b08 540E0000 		.4byte	.LLST68
 3419 0b0c 12       		.uleb128 0x12
 3420 0b0d E3020000 		.4byte	.LASF74
 3421 0b11 01       		.byte	0x1
 3422 0b12 9D01     		.2byte	0x19d
 3423 0b14 7F000000 		.4byte	0x7f
 3424 0b18 9B0E0000 		.4byte	.LLST69
 3425 0b1c 12       		.uleb128 0x12
 3426 0b1d 22050000 		.4byte	.LASF35
 3427 0b21 01       		.byte	0x1
 3428 0b22 9E01     		.2byte	0x19e
 3429 0b24 3E020000 		.4byte	0x23e
 3430 0b28 CF0E0000 		.4byte	.LLST70
 3431 0b2c 14       		.uleb128 0x14
 3432 0b2d 72657400 		.ascii	"ret\000"
 3433 0b31 01       		.byte	0x1
 3434 0b32 A001     		.2byte	0x1a0
 3435 0b34 BB010000 		.4byte	0x1bb
 3436 0b38 FB0E0000 		.4byte	.LLST71
 3437 0b3c 14       		.uleb128 0x14
 3438 0b3d 6900     		.ascii	"i\000"
 3439 0b3f 01       		.byte	0x1
 3440 0b40 A101     		.2byte	0x1a1
 3441 0b42 7F000000 		.4byte	0x7f
 3442 0b46 470F0000 		.4byte	.LLST72
 3443 0b4a 0E       		.uleb128 0xe
 3444 0b4b 34040000 		.4byte	.LASF90
 3445 0b4f 01       		.byte	0x1
 3446 0b50 A201     		.2byte	0x1a2
 3447 0b52 7F000000 		.4byte	0x7f
 3448 0b56 5A0F0000 		.4byte	.LLST73
 3449 0b5a 0E       		.uleb128 0xe
 3450 0b5b FB020000 		.4byte	.LASF91
 3451 0b5f 01       		.byte	0x1
 3452 0b60 A301     		.2byte	0x1a3
 3453 0b62 7F000000 		.4byte	0x7f
 3454 0b66 790F0000 		.4byte	.LLST74
 3455 0b6a 0F       		.uleb128 0xf
 3456 0b6b C9040000 		.4byte	.LASF60
 3457 0b6f 01       		.byte	0x1
 3458 0b70 A401     		.2byte	0x1a4
 3459 0b72 F9050000 		.4byte	0x5f9
 3460 0b76 03       		.uleb128 0x3
 3461 0b77 91       		.byte	0x91
 3462 0b78 D87E     		.sleb128 -168
 3463 0b7a 0F       		.uleb128 0xf
 3464 0b7b 0C050000 		.4byte	.LASF49
 3465 0b7f 01       		.byte	0x1
 3466 0b80 A501     		.2byte	0x1a5
 3467 0b82 7F000000 		.4byte	0x7f
 3468 0b86 03       		.uleb128 0x3
 3469 0b87 91       		.byte	0x91
 3470 0b88 D47E     		.sleb128 -172
 3471 0b8a 0F       		.uleb128 0xf
ARM GAS  C:\Users\taips\AppData\Local\Temp\ccZaQHee.s 			page 91


 3472 0b8b 40040000 		.4byte	.LASF50
 3473 0b8f 01       		.byte	0x1
 3474 0b90 A601     		.2byte	0x1a6
 3475 0b92 7F000000 		.4byte	0x7f
 3476 0b96 03       		.uleb128 0x3
 3477 0b97 91       		.byte	0x91
 3478 0b98 D07E     		.sleb128 -176
 3479 0b9a 0E       		.uleb128 0xe
 3480 0b9b E9010000 		.4byte	.LASF62
 3481 0b9f 01       		.byte	0x1
 3482 0ba0 A701     		.2byte	0x1a7
 3483 0ba2 7F000000 		.4byte	0x7f
 3484 0ba6 A20F0000 		.4byte	.LLST75
 3485 0baa 0F       		.uleb128 0xf
 3486 0bab 27060000 		.4byte	.LASF70
 3487 0baf 01       		.byte	0x1
 3488 0bb0 A801     		.2byte	0x1a8
 3489 0bb2 7F000000 		.4byte	0x7f
 3490 0bb6 03       		.uleb128 0x3
 3491 0bb7 91       		.byte	0x91
 3492 0bb8 CC7E     		.sleb128 -180
 3493 0bba 0F       		.uleb128 0xf
 3494 0bbb 18030000 		.4byte	.LASF92
 3495 0bbf 01       		.byte	0x1
 3496 0bc0 A901     		.2byte	0x1a9
 3497 0bc2 7F000000 		.4byte	0x7f
 3498 0bc6 03       		.uleb128 0x3
 3499 0bc7 91       		.byte	0x91
 3500 0bc8 C87E     		.sleb128 -184
 3501 0bca 0E       		.uleb128 0xe
 3502 0bcb 12000000 		.4byte	.LASF93
 3503 0bcf 01       		.byte	0x1
 3504 0bd0 AA01     		.2byte	0x1aa
 3505 0bd2 BA000000 		.4byte	0xba
 3506 0bd6 F00F0000 		.4byte	.LLST76
 3507 0bda 0E       		.uleb128 0xe
 3508 0bdb 37060000 		.4byte	.LASF82
 3509 0bdf 01       		.byte	0x1
 3510 0be0 AB01     		.2byte	0x1ab
 3511 0be2 7F000000 		.4byte	0x7f
 3512 0be6 03100000 		.4byte	.LLST77
 3513 0bea 1F       		.uleb128 0x1f
 3514 0beb 70000000 		.4byte	.Ldebug_ranges0+0x70
 3515 0bef 0E       		.uleb128 0xe
 3516 0bf0 E2000000 		.4byte	.LASF94
 3517 0bf4 01       		.byte	0x1
 3518 0bf5 B001     		.2byte	0x1b0
 3519 0bf7 7F000000 		.4byte	0x7f
 3520 0bfb 3B100000 		.4byte	.LLST78
 3521 0bff 0F       		.uleb128 0xf
 3522 0c00 BF010000 		.4byte	.LASF95
 3523 0c04 01       		.byte	0x1
 3524 0c05 B101     		.2byte	0x1b1
 3525 0c07 7F000000 		.4byte	0x7f
 3526 0c0b 03       		.uleb128 0x3
 3527 0c0c 91       		.byte	0x91
 3528 0c0d C47E     		.sleb128 -188
ARM GAS  C:\Users\taips\AppData\Local\Temp\ccZaQHee.s 			page 92


 3529 0c0f 22       		.uleb128 0x22
 3530 0c10 52000000 		.4byte	.LBB13
 3531 0c14 14010000 		.4byte	.LBE13-.LBB13
 3532 0c18 0E       		.uleb128 0xe
 3533 0c19 93040000 		.4byte	.LASF96
 3534 0c1d 01       		.byte	0x1
 3535 0c1e B501     		.2byte	0x1b5
 3536 0c20 7F000000 		.4byte	0x7f
 3537 0c24 5B100000 		.4byte	.LLST79
 3538 0c28 0E       		.uleb128 0xe
 3539 0c29 E3030000 		.4byte	.LASF36
 3540 0c2d 01       		.byte	0x1
 3541 0c2e B701     		.2byte	0x1b7
 3542 0c30 7F000000 		.4byte	0x7f
 3543 0c34 90100000 		.4byte	.LLST80
 3544 0c38 23       		.uleb128 0x23
 3545 0c39 08010000 		.4byte	.LBB14
 3546 0c3d 18000000 		.4byte	.LBE14-.LBB14
 3547 0c41 660C0000 		.4byte	0xc66
 3548 0c45 0E       		.uleb128 0xe
 3549 0c46 0E020000 		.4byte	.LASF97
 3550 0c4a 01       		.byte	0x1
 3551 0c4b 1702     		.2byte	0x217
 3552 0c4d 7F000000 		.4byte	0x7f
 3553 0c51 B9100000 		.4byte	.LLST81
 3554 0c55 15       		.uleb128 0x15
 3555 0c56 20010000 		.4byte	.LVL264
 3556 0c5a B40E0000 		.4byte	0xeb4
 3557 0c5e 16       		.uleb128 0x16
 3558 0c5f 01       		.uleb128 0x1
 3559 0c60 51       		.byte	0x51
 3560 0c61 02       		.uleb128 0x2
 3561 0c62 76       		.byte	0x76
 3562 0c63 0C       		.sleb128 12
 3563 0c64 00       		.byte	0
 3564 0c65 00       		.byte	0
 3565 0c66 17       		.uleb128 0x17
 3566 0c67 62000000 		.4byte	.LVL240
 3567 0c6b 8B020000 		.4byte	0x28b
 3568 0c6f 8E0C0000 		.4byte	0xc8e
 3569 0c73 16       		.uleb128 0x16
 3570 0c74 01       		.uleb128 0x1
 3571 0c75 50       		.byte	0x50
 3572 0c76 02       		.uleb128 0x2
 3573 0c77 74       		.byte	0x74
 3574 0c78 00       		.sleb128 0
 3575 0c79 16       		.uleb128 0x16
 3576 0c7a 01       		.uleb128 0x1
 3577 0c7b 51       		.byte	0x51
 3578 0c7c 03       		.uleb128 0x3
 3579 0c7d 91       		.byte	0x91
 3580 0c7e CC7E     		.sleb128 -180
 3581 0c80 16       		.uleb128 0x16
 3582 0c81 01       		.uleb128 0x1
 3583 0c82 52       		.byte	0x52
 3584 0c83 03       		.uleb128 0x3
 3585 0c84 91       		.byte	0x91
ARM GAS  C:\Users\taips\AppData\Local\Temp\ccZaQHee.s 			page 93


 3586 0c85 C87E     		.sleb128 -184
 3587 0c87 16       		.uleb128 0x16
 3588 0c88 01       		.uleb128 0x1
 3589 0c89 53       		.byte	0x53
 3590 0c8a 02       		.uleb128 0x2
 3591 0c8b 75       		.byte	0x75
 3592 0c8c 00       		.sleb128 0
 3593 0c8d 00       		.byte	0
 3594 0c8e 17       		.uleb128 0x17
 3595 0c8f 6C000000 		.4byte	.LVL241
 3596 0c93 BD0E0000 		.4byte	0xebd
 3597 0c97 AE0C0000 		.4byte	0xcae
 3598 0c9b 16       		.uleb128 0x16
 3599 0c9c 01       		.uleb128 0x1
 3600 0c9d 50       		.byte	0x50
 3601 0c9e 03       		.uleb128 0x3
 3602 0c9f 91       		.byte	0x91
 3603 0ca0 D87E     		.sleb128 -168
 3604 0ca2 16       		.uleb128 0x16
 3605 0ca3 01       		.uleb128 0x1
 3606 0ca4 51       		.byte	0x51
 3607 0ca5 01       		.uleb128 0x1
 3608 0ca6 30       		.byte	0x30
 3609 0ca7 16       		.uleb128 0x16
 3610 0ca8 01       		.uleb128 0x1
 3611 0ca9 52       		.byte	0x52
 3612 0caa 02       		.uleb128 0x2
 3613 0cab 08       		.byte	0x8
 3614 0cac 80       		.byte	0x80
 3615 0cad 00       		.byte	0
 3616 0cae 17       		.uleb128 0x17
 3617 0caf A2000000 		.4byte	.LVL248
 3618 0cb3 B40E0000 		.4byte	0xeb4
 3619 0cb7 C30C0000 		.4byte	0xcc3
 3620 0cbb 16       		.uleb128 0x16
 3621 0cbc 01       		.uleb128 0x1
 3622 0cbd 50       		.byte	0x50
 3623 0cbe 03       		.uleb128 0x3
 3624 0cbf 91       		.byte	0x91
 3625 0cc0 E47E     		.sleb128 -156
 3626 0cc2 00       		.byte	0
 3627 0cc3 17       		.uleb128 0x17
 3628 0cc4 B2000000 		.4byte	.LVL249
 3629 0cc8 B40E0000 		.4byte	0xeb4
 3630 0ccc DE0C0000 		.4byte	0xcde
 3631 0cd0 16       		.uleb128 0x16
 3632 0cd1 01       		.uleb128 0x1
 3633 0cd2 50       		.byte	0x50
 3634 0cd3 03       		.uleb128 0x3
 3635 0cd4 91       		.byte	0x91
 3636 0cd5 987F     		.sleb128 -104
 3637 0cd7 16       		.uleb128 0x16
 3638 0cd8 01       		.uleb128 0x1
 3639 0cd9 52       		.byte	0x52
 3640 0cda 02       		.uleb128 0x2
 3641 0cdb 08       		.byte	0x8
 3642 0cdc 40       		.byte	0x40
ARM GAS  C:\Users\taips\AppData\Local\Temp\ccZaQHee.s 			page 94


 3643 0cdd 00       		.byte	0
 3644 0cde 17       		.uleb128 0x17
 3645 0cdf D6000000 		.4byte	.LVL253
 3646 0ce3 44020000 		.4byte	0x244
 3647 0ce7 F80C0000 		.4byte	0xcf8
 3648 0ceb 16       		.uleb128 0x16
 3649 0cec 01       		.uleb128 0x1
 3650 0ced 50       		.byte	0x50
 3651 0cee 02       		.uleb128 0x2
 3652 0cef 74       		.byte	0x74
 3653 0cf0 00       		.sleb128 0
 3654 0cf1 16       		.uleb128 0x16
 3655 0cf2 01       		.uleb128 0x1
 3656 0cf3 51       		.byte	0x51
 3657 0cf4 02       		.uleb128 0x2
 3658 0cf5 75       		.byte	0x75
 3659 0cf6 00       		.sleb128 0
 3660 0cf7 00       		.byte	0
 3661 0cf8 17       		.uleb128 0x17
 3662 0cf9 FE000000 		.4byte	.LVL257
 3663 0cfd AC030000 		.4byte	0x3ac
 3664 0d01 1B0D0000 		.4byte	0xd1b
 3665 0d05 16       		.uleb128 0x16
 3666 0d06 01       		.uleb128 0x1
 3667 0d07 50       		.byte	0x50
 3668 0d08 03       		.uleb128 0x3
 3669 0d09 91       		.byte	0x91
 3670 0d0a D47E     		.sleb128 -172
 3671 0d0c 16       		.uleb128 0x16
 3672 0d0d 01       		.uleb128 0x1
 3673 0d0e 51       		.byte	0x51
 3674 0d0f 03       		.uleb128 0x3
 3675 0d10 91       		.byte	0x91
 3676 0d11 D07E     		.sleb128 -176
 3677 0d13 16       		.uleb128 0x16
 3678 0d14 01       		.uleb128 0x1
 3679 0d15 52       		.byte	0x52
 3680 0d16 03       		.uleb128 0x3
 3681 0d17 91       		.byte	0x91
 3682 0d18 C47E     		.sleb128 -188
 3683 0d1a 00       		.byte	0
 3684 0d1b 17       		.uleb128 0x17
 3685 0d1c 2E010000 		.4byte	.LVL265
 3686 0d20 E0020000 		.4byte	0x2e0
 3687 0d24 360D0000 		.4byte	0xd36
 3688 0d28 16       		.uleb128 0x16
 3689 0d29 01       		.uleb128 0x1
 3690 0d2a 50       		.byte	0x50
 3691 0d2b 03       		.uleb128 0x3
 3692 0d2c 91       		.byte	0x91
 3693 0d2d 987F     		.sleb128 -104
 3694 0d2f 16       		.uleb128 0x16
 3695 0d30 01       		.uleb128 0x1
 3696 0d31 51       		.byte	0x51
 3697 0d32 02       		.uleb128 0x2
 3698 0d33 08       		.byte	0x8
 3699 0d34 40       		.byte	0x40
ARM GAS  C:\Users\taips\AppData\Local\Temp\ccZaQHee.s 			page 95


 3700 0d35 00       		.byte	0
 3701 0d36 17       		.uleb128 0x17
 3702 0d37 40010000 		.4byte	.LVL267
 3703 0d3b 33040000 		.4byte	0x433
 3704 0d3f 510D0000 		.4byte	0xd51
 3705 0d43 16       		.uleb128 0x16
 3706 0d44 01       		.uleb128 0x1
 3707 0d45 51       		.byte	0x51
 3708 0d46 03       		.uleb128 0x3
 3709 0d47 91       		.byte	0x91
 3710 0d48 D87E     		.sleb128 -168
 3711 0d4a 16       		.uleb128 0x16
 3712 0d4b 01       		.uleb128 0x1
 3713 0d4c 52       		.byte	0x52
 3714 0d4d 02       		.uleb128 0x2
 3715 0d4e 75       		.byte	0x75
 3716 0d4f 00       		.sleb128 0
 3717 0d50 00       		.byte	0
 3718 0d51 15       		.uleb128 0x15
 3719 0d52 5E010000 		.4byte	.LVL270
 3720 0d56 33040000 		.4byte	0x433
 3721 0d5a 16       		.uleb128 0x16
 3722 0d5b 01       		.uleb128 0x1
 3723 0d5c 51       		.byte	0x51
 3724 0d5d 03       		.uleb128 0x3
 3725 0d5e 91       		.byte	0x91
 3726 0d5f D87E     		.sleb128 -168
 3727 0d61 16       		.uleb128 0x16
 3728 0d62 01       		.uleb128 0x1
 3729 0d63 52       		.byte	0x52
 3730 0d64 02       		.uleb128 0x2
 3731 0d65 75       		.byte	0x75
 3732 0d66 00       		.sleb128 0
 3733 0d67 00       		.byte	0
 3734 0d68 00       		.byte	0
 3735 0d69 00       		.byte	0
 3736 0d6a 00       		.byte	0
 3737 0d6b 24       		.uleb128 0x24
 3738 0d6c BD030000 		.4byte	.LASF98
 3739 0d70 01       		.byte	0x1
 3740 0d71 7502     		.2byte	0x275
 3741 0d73 BB010000 		.4byte	0x1bb
 3742 0d77 00000000 		.4byte	.LFB3
 3743 0d7b 62000000 		.4byte	.LFE3-.LFB3
 3744 0d7f 01       		.uleb128 0x1
 3745 0d80 9C       		.byte	0x9c
 3746 0d81 7E0E0000 		.4byte	0xe7e
 3747 0d85 12       		.uleb128 0x12
 3748 0d86 22050000 		.4byte	.LASF35
 3749 0d8a 01       		.byte	0x1
 3750 0d8b 7502     		.2byte	0x275
 3751 0d8d 3E020000 		.4byte	0x23e
 3752 0d91 CC100000 		.4byte	.LLST82
 3753 0d95 14       		.uleb128 0x14
 3754 0d96 6900     		.ascii	"i\000"
 3755 0d98 01       		.byte	0x1
 3756 0d99 7702     		.2byte	0x277
ARM GAS  C:\Users\taips\AppData\Local\Temp\ccZaQHee.s 			page 96


 3757 0d9b 7F000000 		.4byte	0x7f
 3758 0d9f F8100000 		.4byte	.LLST83
 3759 0da3 0E       		.uleb128 0xe
 3760 0da4 E3030000 		.4byte	.LASF36
 3761 0da8 01       		.byte	0x1
 3762 0da9 7802     		.2byte	0x278
 3763 0dab 7F000000 		.4byte	0x7f
 3764 0daf 0B110000 		.4byte	.LLST84
 3765 0db3 0F       		.uleb128 0xf
 3766 0db4 27060000 		.4byte	.LASF70
 3767 0db8 01       		.byte	0x1
 3768 0db9 7902     		.2byte	0x279
 3769 0dbb 7F000000 		.4byte	0x7f
 3770 0dbf 02       		.uleb128 0x2
 3771 0dc0 91       		.byte	0x91
 3772 0dc1 64       		.sleb128 -28
 3773 0dc2 0F       		.uleb128 0xf
 3774 0dc3 18030000 		.4byte	.LASF92
 3775 0dc7 01       		.byte	0x1
 3776 0dc8 7A02     		.2byte	0x27a
 3777 0dca 7F000000 		.4byte	0x7f
 3778 0dce 02       		.uleb128 0x2
 3779 0dcf 91       		.byte	0x91
 3780 0dd0 60       		.sleb128 -32
 3781 0dd1 14       		.uleb128 0x14
 3782 0dd2 72657400 		.ascii	"ret\000"
 3783 0dd6 01       		.byte	0x1
 3784 0dd7 7B02     		.2byte	0x27b
 3785 0dd9 BB010000 		.4byte	0x1bb
 3786 0ddd 40110000 		.4byte	.LLST85
 3787 0de1 0F       		.uleb128 0xf
 3788 0de2 C9040000 		.4byte	.LASF60
 3789 0de6 01       		.byte	0x1
 3790 0de7 7C02     		.2byte	0x27c
 3791 0de9 F9050000 		.4byte	0x5f9
 3792 0ded 03       		.uleb128 0x3
 3793 0dee 91       		.byte	0x91
 3794 0def E07E     		.sleb128 -160
 3795 0df1 20       		.uleb128 0x20
 3796 0df2 88000000 		.4byte	.Ldebug_ranges0+0x88
 3797 0df6 620E0000 		.4byte	0xe62
 3798 0dfa 0E       		.uleb128 0xe
 3799 0dfb E2000000 		.4byte	.LASF94
 3800 0dff 01       		.byte	0x1
 3801 0e00 8902     		.2byte	0x289
 3802 0e02 7F000000 		.4byte	0x7f
 3803 0e06 81110000 		.4byte	.LLST86
 3804 0e0a 17       		.uleb128 0x17
 3805 0e0b 2E000000 		.4byte	.LVL288
 3806 0e0f E0020000 		.4byte	0x2e0
 3807 0e13 250E0000 		.4byte	0xe25
 3808 0e17 16       		.uleb128 0x16
 3809 0e18 01       		.uleb128 0x1
 3810 0e19 50       		.byte	0x50
 3811 0e1a 03       		.uleb128 0x3
 3812 0e1b 91       		.byte	0x91
 3813 0e1c A07F     		.sleb128 -96
ARM GAS  C:\Users\taips\AppData\Local\Temp\ccZaQHee.s 			page 97


 3814 0e1e 16       		.uleb128 0x16
 3815 0e1f 01       		.uleb128 0x1
 3816 0e20 51       		.byte	0x51
 3817 0e21 02       		.uleb128 0x2
 3818 0e22 08       		.byte	0x8
 3819 0e23 40       		.byte	0x40
 3820 0e24 00       		.byte	0
 3821 0e25 17       		.uleb128 0x17
 3822 0e26 46000000 		.4byte	.LVL292
 3823 0e2a 8B020000 		.4byte	0x28b
 3824 0e2e 4B0E0000 		.4byte	0xe4b
 3825 0e32 16       		.uleb128 0x16
 3826 0e33 01       		.uleb128 0x1
 3827 0e34 50       		.byte	0x50
 3828 0e35 02       		.uleb128 0x2
 3829 0e36 74       		.byte	0x74
 3830 0e37 00       		.sleb128 0
 3831 0e38 16       		.uleb128 0x16
 3832 0e39 01       		.uleb128 0x1
 3833 0e3a 51       		.byte	0x51
 3834 0e3b 02       		.uleb128 0x2
 3835 0e3c 91       		.byte	0x91
 3836 0e3d 64       		.sleb128 -28
 3837 0e3e 16       		.uleb128 0x16
 3838 0e3f 01       		.uleb128 0x1
 3839 0e40 52       		.byte	0x52
 3840 0e41 02       		.uleb128 0x2
 3841 0e42 91       		.byte	0x91
 3842 0e43 60       		.sleb128 -32
 3843 0e44 16       		.uleb128 0x16
 3844 0e45 01       		.uleb128 0x1
 3845 0e46 53       		.byte	0x53
 3846 0e47 02       		.uleb128 0x2
 3847 0e48 76       		.byte	0x76
 3848 0e49 00       		.sleb128 0
 3849 0e4a 00       		.byte	0
 3850 0e4b 15       		.uleb128 0x15
 3851 0e4c 54000000 		.4byte	.LVL294
 3852 0e50 6E070000 		.4byte	0x76e
 3853 0e54 16       		.uleb128 0x16
 3854 0e55 01       		.uleb128 0x1
 3855 0e56 51       		.byte	0x51
 3856 0e57 02       		.uleb128 0x2
 3857 0e58 7D       		.byte	0x7d
 3858 0e59 00       		.sleb128 0
 3859 0e5a 16       		.uleb128 0x16
 3860 0e5b 01       		.uleb128 0x1
 3861 0e5c 52       		.byte	0x52
 3862 0e5d 02       		.uleb128 0x2
 3863 0e5e 76       		.byte	0x76
 3864 0e5f 00       		.sleb128 0
 3865 0e60 00       		.byte	0
 3866 0e61 00       		.byte	0
 3867 0e62 15       		.uleb128 0x15
 3868 0e63 14000000 		.4byte	.LVL284
 3869 0e67 BD0E0000 		.4byte	0xebd
 3870 0e6b 16       		.uleb128 0x16
ARM GAS  C:\Users\taips\AppData\Local\Temp\ccZaQHee.s 			page 98


 3871 0e6c 01       		.uleb128 0x1
 3872 0e6d 50       		.byte	0x50
 3873 0e6e 02       		.uleb128 0x2
 3874 0e6f 7D       		.byte	0x7d
 3875 0e70 00       		.sleb128 0
 3876 0e71 16       		.uleb128 0x16
 3877 0e72 01       		.uleb128 0x1
 3878 0e73 51       		.byte	0x51
 3879 0e74 01       		.uleb128 0x1
 3880 0e75 30       		.byte	0x30
 3881 0e76 16       		.uleb128 0x16
 3882 0e77 01       		.uleb128 0x1
 3883 0e78 52       		.byte	0x52
 3884 0e79 02       		.uleb128 0x2
 3885 0e7a 08       		.byte	0x8
 3886 0e7b 80       		.byte	0x80
 3887 0e7c 00       		.byte	0
 3888 0e7d 00       		.byte	0
 3889 0e7e 24       		.uleb128 0x24
 3890 0e7f 61010000 		.4byte	.LASF99
 3891 0e83 01       		.byte	0x1
 3892 0e84 DC02     		.2byte	0x2dc
 3893 0e86 7F000000 		.4byte	0x7f
 3894 0e8a 00000000 		.4byte	.LFB4
 3895 0e8e 06000000 		.4byte	.LFE4-.LFB4
 3896 0e92 01       		.uleb128 0x1
 3897 0e93 9C       		.byte	0x9c
 3898 0e94 A90E0000 		.4byte	0xea9
 3899 0e98 12       		.uleb128 0x12
 3900 0e99 22050000 		.4byte	.LASF35
 3901 0e9d 01       		.byte	0x1
 3902 0e9e DC02     		.2byte	0x2dc
 3903 0ea0 3E020000 		.4byte	0x23e
 3904 0ea4 94110000 		.4byte	.LLST87
 3905 0ea8 00       		.byte	0
 3906 0ea9 25       		.uleb128 0x25
 3907 0eaa 8E050000 		.4byte	.LASF104
 3908 0eae 8E050000 		.4byte	.LASF104
 3909 0eb2 04       		.byte	0x4
 3910 0eb3 4E       		.byte	0x4e
 3911 0eb4 26       		.uleb128 0x26
 3912 0eb5 94010000 		.4byte	.LASF100
 3913 0eb9 94010000 		.4byte	.LASF100
 3914 0ebd 26       		.uleb128 0x26
 3915 0ebe 76050000 		.4byte	.LASF101
 3916 0ec2 76050000 		.4byte	.LASF101
 3917 0ec6 00       		.byte	0
 3918              		.section	.debug_abbrev,"",%progbits
 3919              	.Ldebug_abbrev0:
 3920 0000 01       		.uleb128 0x1
 3921 0001 11       		.uleb128 0x11
 3922 0002 01       		.byte	0x1
 3923 0003 25       		.uleb128 0x25
 3924 0004 0E       		.uleb128 0xe
 3925 0005 13       		.uleb128 0x13
 3926 0006 0B       		.uleb128 0xb
 3927 0007 03       		.uleb128 0x3
ARM GAS  C:\Users\taips\AppData\Local\Temp\ccZaQHee.s 			page 99


 3928 0008 0E       		.uleb128 0xe
 3929 0009 55       		.uleb128 0x55
 3930 000a 17       		.uleb128 0x17
 3931 000b 11       		.uleb128 0x11
 3932 000c 01       		.uleb128 0x1
 3933 000d 10       		.uleb128 0x10
 3934 000e 17       		.uleb128 0x17
 3935 000f 00       		.byte	0
 3936 0010 00       		.byte	0
 3937 0011 02       		.uleb128 0x2
 3938 0012 24       		.uleb128 0x24
 3939 0013 00       		.byte	0
 3940 0014 0B       		.uleb128 0xb
 3941 0015 0B       		.uleb128 0xb
 3942 0016 3E       		.uleb128 0x3e
 3943 0017 0B       		.uleb128 0xb
 3944 0018 03       		.uleb128 0x3
 3945 0019 0E       		.uleb128 0xe
 3946 001a 00       		.byte	0
 3947 001b 00       		.byte	0
 3948 001c 03       		.uleb128 0x3
 3949 001d 24       		.uleb128 0x24
 3950 001e 00       		.byte	0
 3951 001f 0B       		.uleb128 0xb
 3952 0020 0B       		.uleb128 0xb
 3953 0021 3E       		.uleb128 0x3e
 3954 0022 0B       		.uleb128 0xb
 3955 0023 03       		.uleb128 0x3
 3956 0024 08       		.uleb128 0x8
 3957 0025 00       		.byte	0
 3958 0026 00       		.byte	0
 3959 0027 04       		.uleb128 0x4
 3960 0028 16       		.uleb128 0x16
 3961 0029 00       		.byte	0
 3962 002a 03       		.uleb128 0x3
 3963 002b 0E       		.uleb128 0xe
 3964 002c 3A       		.uleb128 0x3a
 3965 002d 0B       		.uleb128 0xb
 3966 002e 3B       		.uleb128 0x3b
 3967 002f 05       		.uleb128 0x5
 3968 0030 49       		.uleb128 0x49
 3969 0031 13       		.uleb128 0x13
 3970 0032 00       		.byte	0
 3971 0033 00       		.byte	0
 3972 0034 05       		.uleb128 0x5
 3973 0035 0F       		.uleb128 0xf
 3974 0036 00       		.byte	0
 3975 0037 0B       		.uleb128 0xb
 3976 0038 0B       		.uleb128 0xb
 3977 0039 00       		.byte	0
 3978 003a 00       		.byte	0
 3979 003b 06       		.uleb128 0x6
 3980 003c 13       		.uleb128 0x13
 3981 003d 01       		.byte	0x1
 3982 003e 0B       		.uleb128 0xb
 3983 003f 0B       		.uleb128 0xb
 3984 0040 3A       		.uleb128 0x3a
ARM GAS  C:\Users\taips\AppData\Local\Temp\ccZaQHee.s 			page 100


 3985 0041 0B       		.uleb128 0xb
 3986 0042 3B       		.uleb128 0x3b
 3987 0043 0B       		.uleb128 0xb
 3988 0044 01       		.uleb128 0x1
 3989 0045 13       		.uleb128 0x13
 3990 0046 00       		.byte	0
 3991 0047 00       		.byte	0
 3992 0048 07       		.uleb128 0x7
 3993 0049 0D       		.uleb128 0xd
 3994 004a 00       		.byte	0
 3995 004b 03       		.uleb128 0x3
 3996 004c 0E       		.uleb128 0xe
 3997 004d 3A       		.uleb128 0x3a
 3998 004e 0B       		.uleb128 0xb
 3999 004f 3B       		.uleb128 0x3b
 4000 0050 0B       		.uleb128 0xb
 4001 0051 49       		.uleb128 0x49
 4002 0052 13       		.uleb128 0x13
 4003 0053 38       		.uleb128 0x38
 4004 0054 0B       		.uleb128 0xb
 4005 0055 00       		.byte	0
 4006 0056 00       		.byte	0
 4007 0057 08       		.uleb128 0x8
 4008 0058 0D       		.uleb128 0xd
 4009 0059 00       		.byte	0
 4010 005a 03       		.uleb128 0x3
 4011 005b 0E       		.uleb128 0xe
 4012 005c 3A       		.uleb128 0x3a
 4013 005d 0B       		.uleb128 0xb
 4014 005e 3B       		.uleb128 0x3b
 4015 005f 05       		.uleb128 0x5
 4016 0060 49       		.uleb128 0x49
 4017 0061 13       		.uleb128 0x13
 4018 0062 38       		.uleb128 0x38
 4019 0063 0B       		.uleb128 0xb
 4020 0064 00       		.byte	0
 4021 0065 00       		.byte	0
 4022 0066 09       		.uleb128 0x9
 4023 0067 13       		.uleb128 0x13
 4024 0068 01       		.byte	0x1
 4025 0069 0B       		.uleb128 0xb
 4026 006a 0B       		.uleb128 0xb
 4027 006b 3A       		.uleb128 0x3a
 4028 006c 0B       		.uleb128 0xb
 4029 006d 3B       		.uleb128 0x3b
 4030 006e 05       		.uleb128 0x5
 4031 006f 01       		.uleb128 0x1
 4032 0070 13       		.uleb128 0x13
 4033 0071 00       		.byte	0
 4034 0072 00       		.byte	0
 4035 0073 0A       		.uleb128 0xa
 4036 0074 04       		.uleb128 0x4
 4037 0075 01       		.byte	0x1
 4038 0076 0B       		.uleb128 0xb
 4039 0077 0B       		.uleb128 0xb
 4040 0078 49       		.uleb128 0x49
 4041 0079 13       		.uleb128 0x13
ARM GAS  C:\Users\taips\AppData\Local\Temp\ccZaQHee.s 			page 101


 4042 007a 3A       		.uleb128 0x3a
 4043 007b 0B       		.uleb128 0xb
 4044 007c 3B       		.uleb128 0x3b
 4045 007d 05       		.uleb128 0x5
 4046 007e 01       		.uleb128 0x1
 4047 007f 13       		.uleb128 0x13
 4048 0080 00       		.byte	0
 4049 0081 00       		.byte	0
 4050 0082 0B       		.uleb128 0xb
 4051 0083 28       		.uleb128 0x28
 4052 0084 00       		.byte	0
 4053 0085 03       		.uleb128 0x3
 4054 0086 0E       		.uleb128 0xe
 4055 0087 1C       		.uleb128 0x1c
 4056 0088 0B       		.uleb128 0xb
 4057 0089 00       		.byte	0
 4058 008a 00       		.byte	0
 4059 008b 0C       		.uleb128 0xc
 4060 008c 2E       		.uleb128 0x2e
 4061 008d 01       		.byte	0x1
 4062 008e 03       		.uleb128 0x3
 4063 008f 0E       		.uleb128 0xe
 4064 0090 3A       		.uleb128 0x3a
 4065 0091 0B       		.uleb128 0xb
 4066 0092 3B       		.uleb128 0x3b
 4067 0093 05       		.uleb128 0x5
 4068 0094 27       		.uleb128 0x27
 4069 0095 19       		.uleb128 0x19
 4070 0096 11       		.uleb128 0x11
 4071 0097 01       		.uleb128 0x1
 4072 0098 12       		.uleb128 0x12
 4073 0099 06       		.uleb128 0x6
 4074 009a 40       		.uleb128 0x40
 4075 009b 18       		.uleb128 0x18
 4076 009c 9742     		.uleb128 0x2117
 4077 009e 19       		.uleb128 0x19
 4078 009f 01       		.uleb128 0x1
 4079 00a0 13       		.uleb128 0x13
 4080 00a1 00       		.byte	0
 4081 00a2 00       		.byte	0
 4082 00a3 0D       		.uleb128 0xd
 4083 00a4 05       		.uleb128 0x5
 4084 00a5 00       		.byte	0
 4085 00a6 03       		.uleb128 0x3
 4086 00a7 0E       		.uleb128 0xe
 4087 00a8 3A       		.uleb128 0x3a
 4088 00a9 0B       		.uleb128 0xb
 4089 00aa 3B       		.uleb128 0x3b
 4090 00ab 05       		.uleb128 0x5
 4091 00ac 49       		.uleb128 0x49
 4092 00ad 13       		.uleb128 0x13
 4093 00ae 02       		.uleb128 0x2
 4094 00af 18       		.uleb128 0x18
 4095 00b0 00       		.byte	0
 4096 00b1 00       		.byte	0
 4097 00b2 0E       		.uleb128 0xe
 4098 00b3 34       		.uleb128 0x34
ARM GAS  C:\Users\taips\AppData\Local\Temp\ccZaQHee.s 			page 102


 4099 00b4 00       		.byte	0
 4100 00b5 03       		.uleb128 0x3
 4101 00b6 0E       		.uleb128 0xe
 4102 00b7 3A       		.uleb128 0x3a
 4103 00b8 0B       		.uleb128 0xb
 4104 00b9 3B       		.uleb128 0x3b
 4105 00ba 05       		.uleb128 0x5
 4106 00bb 49       		.uleb128 0x49
 4107 00bc 13       		.uleb128 0x13
 4108 00bd 02       		.uleb128 0x2
 4109 00be 17       		.uleb128 0x17
 4110 00bf 00       		.byte	0
 4111 00c0 00       		.byte	0
 4112 00c1 0F       		.uleb128 0xf
 4113 00c2 34       		.uleb128 0x34
 4114 00c3 00       		.byte	0
 4115 00c4 03       		.uleb128 0x3
 4116 00c5 0E       		.uleb128 0xe
 4117 00c6 3A       		.uleb128 0x3a
 4118 00c7 0B       		.uleb128 0xb
 4119 00c8 3B       		.uleb128 0x3b
 4120 00c9 05       		.uleb128 0x5
 4121 00ca 49       		.uleb128 0x49
 4122 00cb 13       		.uleb128 0x13
 4123 00cc 02       		.uleb128 0x2
 4124 00cd 18       		.uleb128 0x18
 4125 00ce 00       		.byte	0
 4126 00cf 00       		.byte	0
 4127 00d0 10       		.uleb128 0x10
 4128 00d1 0F       		.uleb128 0xf
 4129 00d2 00       		.byte	0
 4130 00d3 0B       		.uleb128 0xb
 4131 00d4 0B       		.uleb128 0xb
 4132 00d5 49       		.uleb128 0x49
 4133 00d6 13       		.uleb128 0x13
 4134 00d7 00       		.byte	0
 4135 00d8 00       		.byte	0
 4136 00d9 11       		.uleb128 0x11
 4137 00da 2E       		.uleb128 0x2e
 4138 00db 01       		.byte	0x1
 4139 00dc 03       		.uleb128 0x3
 4140 00dd 0E       		.uleb128 0xe
 4141 00de 3A       		.uleb128 0x3a
 4142 00df 0B       		.uleb128 0xb
 4143 00e0 3B       		.uleb128 0x3b
 4144 00e1 05       		.uleb128 0x5
 4145 00e2 27       		.uleb128 0x27
 4146 00e3 19       		.uleb128 0x19
 4147 00e4 49       		.uleb128 0x49
 4148 00e5 13       		.uleb128 0x13
 4149 00e6 11       		.uleb128 0x11
 4150 00e7 01       		.uleb128 0x1
 4151 00e8 12       		.uleb128 0x12
 4152 00e9 06       		.uleb128 0x6
 4153 00ea 40       		.uleb128 0x40
 4154 00eb 18       		.uleb128 0x18
 4155 00ec 9742     		.uleb128 0x2117
ARM GAS  C:\Users\taips\AppData\Local\Temp\ccZaQHee.s 			page 103


 4156 00ee 19       		.uleb128 0x19
 4157 00ef 01       		.uleb128 0x1
 4158 00f0 13       		.uleb128 0x13
 4159 00f1 00       		.byte	0
 4160 00f2 00       		.byte	0
 4161 00f3 12       		.uleb128 0x12
 4162 00f4 05       		.uleb128 0x5
 4163 00f5 00       		.byte	0
 4164 00f6 03       		.uleb128 0x3
 4165 00f7 0E       		.uleb128 0xe
 4166 00f8 3A       		.uleb128 0x3a
 4167 00f9 0B       		.uleb128 0xb
 4168 00fa 3B       		.uleb128 0x3b
 4169 00fb 05       		.uleb128 0x5
 4170 00fc 49       		.uleb128 0x49
 4171 00fd 13       		.uleb128 0x13
 4172 00fe 02       		.uleb128 0x2
 4173 00ff 17       		.uleb128 0x17
 4174 0100 00       		.byte	0
 4175 0101 00       		.byte	0
 4176 0102 13       		.uleb128 0x13
 4177 0103 05       		.uleb128 0x5
 4178 0104 00       		.byte	0
 4179 0105 03       		.uleb128 0x3
 4180 0106 08       		.uleb128 0x8
 4181 0107 3A       		.uleb128 0x3a
 4182 0108 0B       		.uleb128 0xb
 4183 0109 3B       		.uleb128 0x3b
 4184 010a 05       		.uleb128 0x5
 4185 010b 49       		.uleb128 0x49
 4186 010c 13       		.uleb128 0x13
 4187 010d 02       		.uleb128 0x2
 4188 010e 18       		.uleb128 0x18
 4189 010f 00       		.byte	0
 4190 0110 00       		.byte	0
 4191 0111 14       		.uleb128 0x14
 4192 0112 34       		.uleb128 0x34
 4193 0113 00       		.byte	0
 4194 0114 03       		.uleb128 0x3
 4195 0115 08       		.uleb128 0x8
 4196 0116 3A       		.uleb128 0x3a
 4197 0117 0B       		.uleb128 0xb
 4198 0118 3B       		.uleb128 0x3b
 4199 0119 05       		.uleb128 0x5
 4200 011a 49       		.uleb128 0x49
 4201 011b 13       		.uleb128 0x13
 4202 011c 02       		.uleb128 0x2
 4203 011d 17       		.uleb128 0x17
 4204 011e 00       		.byte	0
 4205 011f 00       		.byte	0
 4206 0120 15       		.uleb128 0x15
 4207 0121 898201   		.uleb128 0x4109
 4208 0124 01       		.byte	0x1
 4209 0125 11       		.uleb128 0x11
 4210 0126 01       		.uleb128 0x1
 4211 0127 31       		.uleb128 0x31
 4212 0128 13       		.uleb128 0x13
ARM GAS  C:\Users\taips\AppData\Local\Temp\ccZaQHee.s 			page 104


 4213 0129 00       		.byte	0
 4214 012a 00       		.byte	0
 4215 012b 16       		.uleb128 0x16
 4216 012c 8A8201   		.uleb128 0x410a
 4217 012f 00       		.byte	0
 4218 0130 02       		.uleb128 0x2
 4219 0131 18       		.uleb128 0x18
 4220 0132 9142     		.uleb128 0x2111
 4221 0134 18       		.uleb128 0x18
 4222 0135 00       		.byte	0
 4223 0136 00       		.byte	0
 4224 0137 17       		.uleb128 0x17
 4225 0138 898201   		.uleb128 0x4109
 4226 013b 01       		.byte	0x1
 4227 013c 11       		.uleb128 0x11
 4228 013d 01       		.uleb128 0x1
 4229 013e 31       		.uleb128 0x31
 4230 013f 13       		.uleb128 0x13
 4231 0140 01       		.uleb128 0x1
 4232 0141 13       		.uleb128 0x13
 4233 0142 00       		.byte	0
 4234 0143 00       		.byte	0
 4235 0144 18       		.uleb128 0x18
 4236 0145 01       		.uleb128 0x1
 4237 0146 01       		.byte	0x1
 4238 0147 49       		.uleb128 0x49
 4239 0148 13       		.uleb128 0x13
 4240 0149 01       		.uleb128 0x1
 4241 014a 13       		.uleb128 0x13
 4242 014b 00       		.byte	0
 4243 014c 00       		.byte	0
 4244 014d 19       		.uleb128 0x19
 4245 014e 21       		.uleb128 0x21
 4246 014f 00       		.byte	0
 4247 0150 49       		.uleb128 0x49
 4248 0151 13       		.uleb128 0x13
 4249 0152 2F       		.uleb128 0x2f
 4250 0153 0B       		.uleb128 0xb
 4251 0154 00       		.byte	0
 4252 0155 00       		.byte	0
 4253 0156 1A       		.uleb128 0x1a
 4254 0157 2E       		.uleb128 0x2e
 4255 0158 01       		.byte	0x1
 4256 0159 3F       		.uleb128 0x3f
 4257 015a 19       		.uleb128 0x19
 4258 015b 03       		.uleb128 0x3
 4259 015c 0E       		.uleb128 0xe
 4260 015d 3A       		.uleb128 0x3a
 4261 015e 0B       		.uleb128 0xb
 4262 015f 3B       		.uleb128 0x3b
 4263 0160 0B       		.uleb128 0xb
 4264 0161 27       		.uleb128 0x27
 4265 0162 19       		.uleb128 0x19
 4266 0163 49       		.uleb128 0x49
 4267 0164 13       		.uleb128 0x13
 4268 0165 11       		.uleb128 0x11
 4269 0166 01       		.uleb128 0x1
ARM GAS  C:\Users\taips\AppData\Local\Temp\ccZaQHee.s 			page 105


 4270 0167 12       		.uleb128 0x12
 4271 0168 06       		.uleb128 0x6
 4272 0169 40       		.uleb128 0x40
 4273 016a 18       		.uleb128 0x18
 4274 016b 9742     		.uleb128 0x2117
 4275 016d 19       		.uleb128 0x19
 4276 016e 01       		.uleb128 0x1
 4277 016f 13       		.uleb128 0x13
 4278 0170 00       		.byte	0
 4279 0171 00       		.byte	0
 4280 0172 1B       		.uleb128 0x1b
 4281 0173 05       		.uleb128 0x5
 4282 0174 00       		.byte	0
 4283 0175 03       		.uleb128 0x3
 4284 0176 0E       		.uleb128 0xe
 4285 0177 3A       		.uleb128 0x3a
 4286 0178 0B       		.uleb128 0xb
 4287 0179 3B       		.uleb128 0x3b
 4288 017a 0B       		.uleb128 0xb
 4289 017b 49       		.uleb128 0x49
 4290 017c 13       		.uleb128 0x13
 4291 017d 02       		.uleb128 0x2
 4292 017e 17       		.uleb128 0x17
 4293 017f 00       		.byte	0
 4294 0180 00       		.byte	0
 4295 0181 1C       		.uleb128 0x1c
 4296 0182 34       		.uleb128 0x34
 4297 0183 00       		.byte	0
 4298 0184 03       		.uleb128 0x3
 4299 0185 08       		.uleb128 0x8
 4300 0186 3A       		.uleb128 0x3a
 4301 0187 0B       		.uleb128 0xb
 4302 0188 3B       		.uleb128 0x3b
 4303 0189 0B       		.uleb128 0xb
 4304 018a 49       		.uleb128 0x49
 4305 018b 13       		.uleb128 0x13
 4306 018c 02       		.uleb128 0x2
 4307 018d 17       		.uleb128 0x17
 4308 018e 00       		.byte	0
 4309 018f 00       		.byte	0
 4310 0190 1D       		.uleb128 0x1d
 4311 0191 2E       		.uleb128 0x2e
 4312 0192 01       		.byte	0x1
 4313 0193 3F       		.uleb128 0x3f
 4314 0194 19       		.uleb128 0x19
 4315 0195 03       		.uleb128 0x3
 4316 0196 0E       		.uleb128 0xe
 4317 0197 3A       		.uleb128 0x3a
 4318 0198 0B       		.uleb128 0xb
 4319 0199 3B       		.uleb128 0x3b
 4320 019a 0B       		.uleb128 0xb
 4321 019b 27       		.uleb128 0x27
 4322 019c 19       		.uleb128 0x19
 4323 019d 49       		.uleb128 0x49
 4324 019e 13       		.uleb128 0x13
 4325 019f 11       		.uleb128 0x11
 4326 01a0 01       		.uleb128 0x1
ARM GAS  C:\Users\taips\AppData\Local\Temp\ccZaQHee.s 			page 106


 4327 01a1 12       		.uleb128 0x12
 4328 01a2 06       		.uleb128 0x6
 4329 01a3 40       		.uleb128 0x40
 4330 01a4 18       		.uleb128 0x18
 4331 01a5 9642     		.uleb128 0x2116
 4332 01a7 19       		.uleb128 0x19
 4333 01a8 01       		.uleb128 0x1
 4334 01a9 13       		.uleb128 0x13
 4335 01aa 00       		.byte	0
 4336 01ab 00       		.byte	0
 4337 01ac 1E       		.uleb128 0x1e
 4338 01ad 34       		.uleb128 0x34
 4339 01ae 00       		.byte	0
 4340 01af 03       		.uleb128 0x3
 4341 01b0 0E       		.uleb128 0xe
 4342 01b1 3A       		.uleb128 0x3a
 4343 01b2 0B       		.uleb128 0xb
 4344 01b3 3B       		.uleb128 0x3b
 4345 01b4 0B       		.uleb128 0xb
 4346 01b5 49       		.uleb128 0x49
 4347 01b6 13       		.uleb128 0x13
 4348 01b7 02       		.uleb128 0x2
 4349 01b8 17       		.uleb128 0x17
 4350 01b9 00       		.byte	0
 4351 01ba 00       		.byte	0
 4352 01bb 1F       		.uleb128 0x1f
 4353 01bc 0B       		.uleb128 0xb
 4354 01bd 01       		.byte	0x1
 4355 01be 55       		.uleb128 0x55
 4356 01bf 17       		.uleb128 0x17
 4357 01c0 00       		.byte	0
 4358 01c1 00       		.byte	0
 4359 01c2 20       		.uleb128 0x20
 4360 01c3 0B       		.uleb128 0xb
 4361 01c4 01       		.byte	0x1
 4362 01c5 55       		.uleb128 0x55
 4363 01c6 17       		.uleb128 0x17
 4364 01c7 01       		.uleb128 0x1
 4365 01c8 13       		.uleb128 0x13
 4366 01c9 00       		.byte	0
 4367 01ca 00       		.byte	0
 4368 01cb 21       		.uleb128 0x21
 4369 01cc 2E       		.uleb128 0x2e
 4370 01cd 01       		.byte	0x1
 4371 01ce 3F       		.uleb128 0x3f
 4372 01cf 19       		.uleb128 0x19
 4373 01d0 03       		.uleb128 0x3
 4374 01d1 0E       		.uleb128 0xe
 4375 01d2 3A       		.uleb128 0x3a
 4376 01d3 0B       		.uleb128 0xb
 4377 01d4 3B       		.uleb128 0x3b
 4378 01d5 05       		.uleb128 0x5
 4379 01d6 27       		.uleb128 0x27
 4380 01d7 19       		.uleb128 0x19
 4381 01d8 49       		.uleb128 0x49
 4382 01d9 13       		.uleb128 0x13
 4383 01da 11       		.uleb128 0x11
ARM GAS  C:\Users\taips\AppData\Local\Temp\ccZaQHee.s 			page 107


 4384 01db 01       		.uleb128 0x1
 4385 01dc 12       		.uleb128 0x12
 4386 01dd 06       		.uleb128 0x6
 4387 01de 40       		.uleb128 0x40
 4388 01df 18       		.uleb128 0x18
 4389 01e0 9642     		.uleb128 0x2116
 4390 01e2 19       		.uleb128 0x19
 4391 01e3 01       		.uleb128 0x1
 4392 01e4 13       		.uleb128 0x13
 4393 01e5 00       		.byte	0
 4394 01e6 00       		.byte	0
 4395 01e7 22       		.uleb128 0x22
 4396 01e8 0B       		.uleb128 0xb
 4397 01e9 01       		.byte	0x1
 4398 01ea 11       		.uleb128 0x11
 4399 01eb 01       		.uleb128 0x1
 4400 01ec 12       		.uleb128 0x12
 4401 01ed 06       		.uleb128 0x6
 4402 01ee 00       		.byte	0
 4403 01ef 00       		.byte	0
 4404 01f0 23       		.uleb128 0x23
 4405 01f1 0B       		.uleb128 0xb
 4406 01f2 01       		.byte	0x1
 4407 01f3 11       		.uleb128 0x11
 4408 01f4 01       		.uleb128 0x1
 4409 01f5 12       		.uleb128 0x12
 4410 01f6 06       		.uleb128 0x6
 4411 01f7 01       		.uleb128 0x1
 4412 01f8 13       		.uleb128 0x13
 4413 01f9 00       		.byte	0
 4414 01fa 00       		.byte	0
 4415 01fb 24       		.uleb128 0x24
 4416 01fc 2E       		.uleb128 0x2e
 4417 01fd 01       		.byte	0x1
 4418 01fe 3F       		.uleb128 0x3f
 4419 01ff 19       		.uleb128 0x19
 4420 0200 03       		.uleb128 0x3
 4421 0201 0E       		.uleb128 0xe
 4422 0202 3A       		.uleb128 0x3a
 4423 0203 0B       		.uleb128 0xb
 4424 0204 3B       		.uleb128 0x3b
 4425 0205 05       		.uleb128 0x5
 4426 0206 27       		.uleb128 0x27
 4427 0207 19       		.uleb128 0x19
 4428 0208 49       		.uleb128 0x49
 4429 0209 13       		.uleb128 0x13
 4430 020a 11       		.uleb128 0x11
 4431 020b 01       		.uleb128 0x1
 4432 020c 12       		.uleb128 0x12
 4433 020d 06       		.uleb128 0x6
 4434 020e 40       		.uleb128 0x40
 4435 020f 18       		.uleb128 0x18
 4436 0210 9742     		.uleb128 0x2117
 4437 0212 19       		.uleb128 0x19
 4438 0213 01       		.uleb128 0x1
 4439 0214 13       		.uleb128 0x13
 4440 0215 00       		.byte	0
ARM GAS  C:\Users\taips\AppData\Local\Temp\ccZaQHee.s 			page 108


 4441 0216 00       		.byte	0
 4442 0217 25       		.uleb128 0x25
 4443 0218 2E       		.uleb128 0x2e
 4444 0219 00       		.byte	0
 4445 021a 3F       		.uleb128 0x3f
 4446 021b 19       		.uleb128 0x19
 4447 021c 3C       		.uleb128 0x3c
 4448 021d 19       		.uleb128 0x19
 4449 021e 6E       		.uleb128 0x6e
 4450 021f 0E       		.uleb128 0xe
 4451 0220 03       		.uleb128 0x3
 4452 0221 0E       		.uleb128 0xe
 4453 0222 3A       		.uleb128 0x3a
 4454 0223 0B       		.uleb128 0xb
 4455 0224 3B       		.uleb128 0x3b
 4456 0225 0B       		.uleb128 0xb
 4457 0226 00       		.byte	0
 4458 0227 00       		.byte	0
 4459 0228 26       		.uleb128 0x26
 4460 0229 2E       		.uleb128 0x2e
 4461 022a 00       		.byte	0
 4462 022b 3F       		.uleb128 0x3f
 4463 022c 19       		.uleb128 0x19
 4464 022d 3C       		.uleb128 0x3c
 4465 022e 19       		.uleb128 0x19
 4466 022f 6E       		.uleb128 0x6e
 4467 0230 0E       		.uleb128 0xe
 4468 0231 03       		.uleb128 0x3
 4469 0232 0E       		.uleb128 0xe
 4470 0233 00       		.byte	0
 4471 0234 00       		.byte	0
 4472 0235 00       		.byte	0
 4473              		.section	.debug_loc,"",%progbits
 4474              	.Ldebug_loc0:
 4475              	.LLST0:
 4476 0000 02000000 		.4byte	.LVL1
 4477 0004 0C000000 		.4byte	.LVL4
 4478 0008 0200     		.2byte	0x2
 4479 000a 30       		.byte	0x30
 4480 000b 9F       		.byte	0x9f
 4481 000c 0E000000 		.4byte	.LVL5
 4482 0010 1E000000 		.4byte	.LVL9
 4483 0014 0100     		.2byte	0x1
 4484 0016 53       		.byte	0x53
 4485 0017 00000000 		.4byte	0
 4486 001b 00000000 		.4byte	0
 4487              	.LLST1:
 4488 001f 02000000 		.4byte	.LVL1
 4489 0023 0C000000 		.4byte	.LVL4
 4490 0027 0200     		.2byte	0x2
 4491 0029 30       		.byte	0x30
 4492 002a 9F       		.byte	0x9f
 4493 002b 0C000000 		.4byte	.LVL4
 4494 002f 16000000 		.4byte	.LVL6
 4495 0033 0100     		.2byte	0x1
 4496 0035 55       		.byte	0x55
 4497 0036 16000000 		.4byte	.LVL6
ARM GAS  C:\Users\taips\AppData\Local\Temp\ccZaQHee.s 			page 109


 4498 003a 1A000000 		.4byte	.LVL7
 4499 003e 0100     		.2byte	0x1
 4500 0040 53       		.byte	0x53
 4501 0041 1A000000 		.4byte	.LVL7
 4502 0045 28000000 		.4byte	.LVL11
 4503 0049 0100     		.2byte	0x1
 4504 004b 55       		.byte	0x55
 4505 004c 00000000 		.4byte	0
 4506 0050 00000000 		.4byte	0
 4507              	.LLST2:
 4508 0054 06000000 		.4byte	.LVL3
 4509 0058 0C000000 		.4byte	.LVL4
 4510 005c 0200     		.2byte	0x2
 4511 005e 30       		.byte	0x30
 4512 005f 9F       		.byte	0x9f
 4513 0060 0C000000 		.4byte	.LVL4
 4514 0064 28000000 		.4byte	.LVL10
 4515 0068 0100     		.2byte	0x1
 4516 006a 54       		.byte	0x54
 4517 006b 00000000 		.4byte	0
 4518 006f 00000000 		.4byte	0
 4519              	.LLST3:
 4520 0073 00000000 		.4byte	.LVL12
 4521 0077 18000000 		.4byte	.LVL16
 4522 007b 0100     		.2byte	0x1
 4523 007d 50       		.byte	0x50
 4524 007e 18000000 		.4byte	.LVL16
 4525 0082 1A000000 		.4byte	.LFE6
 4526 0086 0400     		.2byte	0x4
 4527 0088 F3       		.byte	0xf3
 4528 0089 01       		.uleb128 0x1
 4529 008a 50       		.byte	0x50
 4530 008b 9F       		.byte	0x9f
 4531 008c 00000000 		.4byte	0
 4532 0090 00000000 		.4byte	0
 4533              	.LLST4:
 4534 0094 00000000 		.4byte	.LVL17
 4535 0098 2A000000 		.4byte	.LVL18
 4536 009c 0100     		.2byte	0x1
 4537 009e 50       		.byte	0x50
 4538 009f 2A000000 		.4byte	.LVL18
 4539 00a3 4C000000 		.4byte	.LVL21
 4540 00a7 0400     		.2byte	0x4
 4541 00a9 F3       		.byte	0xf3
 4542 00aa 01       		.uleb128 0x1
 4543 00ab 50       		.byte	0x50
 4544 00ac 9F       		.byte	0x9f
 4545 00ad 4C000000 		.4byte	.LVL21
 4546 00b1 50000000 		.4byte	.LVL23
 4547 00b5 0100     		.2byte	0x1
 4548 00b7 50       		.byte	0x50
 4549 00b8 50000000 		.4byte	.LVL23
 4550 00bc 58000000 		.4byte	.LFE7
 4551 00c0 0400     		.2byte	0x4
 4552 00c2 F3       		.byte	0xf3
 4553 00c3 01       		.uleb128 0x1
 4554 00c4 50       		.byte	0x50
ARM GAS  C:\Users\taips\AppData\Local\Temp\ccZaQHee.s 			page 110


 4555 00c5 9F       		.byte	0x9f
 4556 00c6 00000000 		.4byte	0
 4557 00ca 00000000 		.4byte	0
 4558              	.LLST5:
 4559 00ce 00000000 		.4byte	.LVL17
 4560 00d2 2C000000 		.4byte	.LVL19
 4561 00d6 0100     		.2byte	0x1
 4562 00d8 51       		.byte	0x51
 4563 00d9 2C000000 		.4byte	.LVL19
 4564 00dd 4C000000 		.4byte	.LVL21
 4565 00e1 0400     		.2byte	0x4
 4566 00e3 F3       		.byte	0xf3
 4567 00e4 01       		.uleb128 0x1
 4568 00e5 51       		.byte	0x51
 4569 00e6 9F       		.byte	0x9f
 4570 00e7 4C000000 		.4byte	.LVL21
 4571 00eb 50000000 		.4byte	.LVL23
 4572 00ef 0100     		.2byte	0x1
 4573 00f1 51       		.byte	0x51
 4574 00f2 50000000 		.4byte	.LVL23
 4575 00f6 58000000 		.4byte	.LFE7
 4576 00fa 0400     		.2byte	0x4
 4577 00fc F3       		.byte	0xf3
 4578 00fd 01       		.uleb128 0x1
 4579 00fe 51       		.byte	0x51
 4580 00ff 9F       		.byte	0x9f
 4581 0100 00000000 		.4byte	0
 4582 0104 00000000 		.4byte	0
 4583              	.LLST6:
 4584 0108 00000000 		.4byte	.LVL17
 4585 010c 30000000 		.4byte	.LVL20
 4586 0110 0100     		.2byte	0x1
 4587 0112 53       		.byte	0x53
 4588 0113 30000000 		.4byte	.LVL20
 4589 0117 4C000000 		.4byte	.LVL21
 4590 011b 0400     		.2byte	0x4
 4591 011d F3       		.byte	0xf3
 4592 011e 01       		.uleb128 0x1
 4593 011f 53       		.byte	0x53
 4594 0120 9F       		.byte	0x9f
 4595 0121 4C000000 		.4byte	.LVL21
 4596 0125 4E000000 		.4byte	.LVL22
 4597 0129 0100     		.2byte	0x1
 4598 012b 53       		.byte	0x53
 4599 012c 4E000000 		.4byte	.LVL22
 4600 0130 58000000 		.4byte	.LFE7
 4601 0134 0400     		.2byte	0x4
 4602 0136 F3       		.byte	0xf3
 4603 0137 01       		.uleb128 0x1
 4604 0138 53       		.byte	0x53
 4605 0139 9F       		.byte	0x9f
 4606 013a 00000000 		.4byte	0
 4607 013e 00000000 		.4byte	0
 4608              	.LLST7:
 4609 0142 00000000 		.4byte	.LVL24
 4610 0146 08000000 		.4byte	.LVL26
 4611 014a 0100     		.2byte	0x1
ARM GAS  C:\Users\taips\AppData\Local\Temp\ccZaQHee.s 			page 111


 4612 014c 50       		.byte	0x50
 4613 014d 08000000 		.4byte	.LVL26
 4614 0151 38000000 		.4byte	.LVL40
 4615 0155 0100     		.2byte	0x1
 4616 0157 55       		.byte	0x55
 4617 0158 38000000 		.4byte	.LVL40
 4618 015c 3A000000 		.4byte	.LFE8
 4619 0160 0400     		.2byte	0x4
 4620 0162 F3       		.byte	0xf3
 4621 0163 01       		.uleb128 0x1
 4622 0164 50       		.byte	0x50
 4623 0165 9F       		.byte	0x9f
 4624 0166 00000000 		.4byte	0
 4625 016a 00000000 		.4byte	0
 4626              	.LLST8:
 4627 016e 04000000 		.4byte	.LVL25
 4628 0172 0A000000 		.4byte	.LVL27
 4629 0176 0300     		.2byte	0x3
 4630 0178 09       		.byte	0x9
 4631 0179 FF       		.byte	0xff
 4632 017a 9F       		.byte	0x9f
 4633 017b 0A000000 		.4byte	.LVL27
 4634 017f 1A000000 		.4byte	.LVL30
 4635 0183 0100     		.2byte	0x1
 4636 0185 50       		.byte	0x50
 4637 0186 1A000000 		.4byte	.LVL30
 4638 018a 1C000000 		.4byte	.LVL31
 4639 018e 0100     		.2byte	0x1
 4640 0190 53       		.byte	0x53
 4641 0191 24000000 		.4byte	.LVL32
 4642 0195 26000000 		.4byte	.LVL33
 4643 0199 0100     		.2byte	0x1
 4644 019b 50       		.byte	0x50
 4645 019c 26000000 		.4byte	.LVL33
 4646 01a0 28000000 		.4byte	.LVL34
 4647 01a4 0100     		.2byte	0x1
 4648 01a6 53       		.byte	0x53
 4649 01a7 28000000 		.4byte	.LVL34
 4650 01ab 3A000000 		.4byte	.LFE8
 4651 01af 0100     		.2byte	0x1
 4652 01b1 50       		.byte	0x50
 4653 01b2 00000000 		.4byte	0
 4654 01b6 00000000 		.4byte	0
 4655              	.LLST9:
 4656 01ba 0E000000 		.4byte	.LVL28
 4657 01be 12000000 		.4byte	.LVL29
 4658 01c2 0200     		.2byte	0x2
 4659 01c4 30       		.byte	0x30
 4660 01c5 9F       		.byte	0x9f
 4661 01c6 12000000 		.4byte	.LVL29
 4662 01ca 2A000000 		.4byte	.LVL35
 4663 01ce 0100     		.2byte	0x1
 4664 01d0 52       		.byte	0x52
 4665 01d1 2C000000 		.4byte	.LVL36
 4666 01d5 34000000 		.4byte	.LVL38
 4667 01d9 0100     		.2byte	0x1
 4668 01db 52       		.byte	0x52
ARM GAS  C:\Users\taips\AppData\Local\Temp\ccZaQHee.s 			page 112


 4669 01dc 00000000 		.4byte	0
 4670 01e0 00000000 		.4byte	0
 4671              	.LLST10:
 4672 01e4 04000000 		.4byte	.LVL25
 4673 01e8 0A000000 		.4byte	.LVL27
 4674 01ec 0200     		.2byte	0x2
 4675 01ee 30       		.byte	0x30
 4676 01ef 9F       		.byte	0x9f
 4677 01f0 0A000000 		.4byte	.LVL27
 4678 01f4 32000000 		.4byte	.LVL37
 4679 01f8 0100     		.2byte	0x1
 4680 01fa 54       		.byte	0x54
 4681 01fb 34000000 		.4byte	.LVL38
 4682 01ff 38000000 		.4byte	.LVL39
 4683 0203 0100     		.2byte	0x1
 4684 0205 54       		.byte	0x54
 4685 0206 00000000 		.4byte	0
 4686 020a 00000000 		.4byte	0
 4687              	.LLST11:
 4688 020e 00000000 		.4byte	.LVL41
 4689 0212 2E000000 		.4byte	.LVL45
 4690 0216 0100     		.2byte	0x1
 4691 0218 50       		.byte	0x50
 4692 0219 2E000000 		.4byte	.LVL45
 4693 021d 30000000 		.4byte	.LVL46
 4694 0221 0400     		.2byte	0x4
 4695 0223 F3       		.byte	0xf3
 4696 0224 01       		.uleb128 0x1
 4697 0225 50       		.byte	0x50
 4698 0226 9F       		.byte	0x9f
 4699 0227 30000000 		.4byte	.LVL46
 4700 022b 32000000 		.4byte	.LVL47
 4701 022f 0100     		.2byte	0x1
 4702 0231 50       		.byte	0x50
 4703 0232 32000000 		.4byte	.LVL47
 4704 0236 34000000 		.4byte	.LVL48
 4705 023a 0400     		.2byte	0x4
 4706 023c F3       		.byte	0xf3
 4707 023d 01       		.uleb128 0x1
 4708 023e 50       		.byte	0x50
 4709 023f 9F       		.byte	0x9f
 4710 0240 34000000 		.4byte	.LVL48
 4711 0244 36000000 		.4byte	.LVL49
 4712 0248 0100     		.2byte	0x1
 4713 024a 50       		.byte	0x50
 4714 024b 36000000 		.4byte	.LVL49
 4715 024f 38000000 		.4byte	.LFE9
 4716 0253 0400     		.2byte	0x4
 4717 0255 F3       		.byte	0xf3
 4718 0256 01       		.uleb128 0x1
 4719 0257 50       		.byte	0x50
 4720 0258 9F       		.byte	0x9f
 4721 0259 00000000 		.4byte	0
 4722 025d 00000000 		.4byte	0
 4723              	.LLST12:
 4724 0261 02000000 		.4byte	.LVL42
 4725 0265 36000000 		.4byte	.LVL49
ARM GAS  C:\Users\taips\AppData\Local\Temp\ccZaQHee.s 			page 113


 4726 0269 0200     		.2byte	0x2
 4727 026b 33       		.byte	0x33
 4728 026c 9F       		.byte	0x9f
 4729 026d 36000000 		.4byte	.LVL49
 4730 0271 38000000 		.4byte	.LFE9
 4731 0275 0100     		.2byte	0x1
 4732 0277 50       		.byte	0x50
 4733 0278 00000000 		.4byte	0
 4734 027c 00000000 		.4byte	0
 4735              	.LLST13:
 4736 0280 04000000 		.4byte	.LVL43
 4737 0284 36000000 		.4byte	.LVL50
 4738 0288 0100     		.2byte	0x1
 4739 028a 54       		.byte	0x54
 4740 028b 36000000 		.4byte	.LVL50
 4741 028f 38000000 		.4byte	.LFE9
 4742 0293 0500     		.2byte	0x5
 4743 0295 F3       		.byte	0xf3
 4744 0296 01       		.uleb128 0x1
 4745 0297 50       		.byte	0x50
 4746 0298 23       		.byte	0x23
 4747 0299 0C       		.uleb128 0xc
 4748 029a 00000000 		.4byte	0
 4749 029e 00000000 		.4byte	0
 4750              	.LLST14:
 4751 02a2 00000000 		.4byte	.LVL51
 4752 02a6 30000000 		.4byte	.LVL54
 4753 02aa 0100     		.2byte	0x1
 4754 02ac 50       		.byte	0x50
 4755 02ad 30000000 		.4byte	.LVL54
 4756 02b1 64000000 		.4byte	.LVL59
 4757 02b5 0400     		.2byte	0x4
 4758 02b7 F3       		.byte	0xf3
 4759 02b8 01       		.uleb128 0x1
 4760 02b9 50       		.byte	0x50
 4761 02ba 9F       		.byte	0x9f
 4762 02bb 64000000 		.4byte	.LVL59
 4763 02bf 9C000000 		.4byte	.LVL62
 4764 02c3 0100     		.2byte	0x1
 4765 02c5 50       		.byte	0x50
 4766 02c6 9C000000 		.4byte	.LVL62
 4767 02ca 9E000000 		.4byte	.LVL63
 4768 02ce 0400     		.2byte	0x4
 4769 02d0 F3       		.byte	0xf3
 4770 02d1 01       		.uleb128 0x1
 4771 02d2 50       		.byte	0x50
 4772 02d3 9F       		.byte	0x9f
 4773 02d4 9E000000 		.4byte	.LVL63
 4774 02d8 A0000000 		.4byte	.LVL64
 4775 02dc 0100     		.2byte	0x1
 4776 02de 50       		.byte	0x50
 4777 02df A0000000 		.4byte	.LVL64
 4778 02e3 A2000000 		.4byte	.LFE13
 4779 02e7 0400     		.2byte	0x4
 4780 02e9 F3       		.byte	0xf3
 4781 02ea 01       		.uleb128 0x1
 4782 02eb 50       		.byte	0x50
ARM GAS  C:\Users\taips\AppData\Local\Temp\ccZaQHee.s 			page 114


 4783 02ec 9F       		.byte	0x9f
 4784 02ed 00000000 		.4byte	0
 4785 02f1 00000000 		.4byte	0
 4786              	.LLST15:
 4787 02f5 00000000 		.4byte	.LVL51
 4788 02f9 28000000 		.4byte	.LVL53
 4789 02fd 0100     		.2byte	0x1
 4790 02ff 52       		.byte	0x52
 4791 0300 28000000 		.4byte	.LVL53
 4792 0304 64000000 		.4byte	.LVL59
 4793 0308 0400     		.2byte	0x4
 4794 030a F3       		.byte	0xf3
 4795 030b 01       		.uleb128 0x1
 4796 030c 52       		.byte	0x52
 4797 030d 9F       		.byte	0x9f
 4798 030e 64000000 		.4byte	.LVL59
 4799 0312 A0000000 		.4byte	.LVL64
 4800 0316 0100     		.2byte	0x1
 4801 0318 52       		.byte	0x52
 4802 0319 A0000000 		.4byte	.LVL64
 4803 031d A2000000 		.4byte	.LFE13
 4804 0321 0400     		.2byte	0x4
 4805 0323 F3       		.byte	0xf3
 4806 0324 01       		.uleb128 0x1
 4807 0325 52       		.byte	0x52
 4808 0326 9F       		.byte	0x9f
 4809 0327 00000000 		.4byte	0
 4810 032b 00000000 		.4byte	0
 4811              	.LLST16:
 4812 032f 00000000 		.4byte	.LVL51
 4813 0333 3A000000 		.4byte	.LVL55
 4814 0337 0100     		.2byte	0x1
 4815 0339 53       		.byte	0x53
 4816 033a 3A000000 		.4byte	.LVL55
 4817 033e 3C000000 		.4byte	.LVL56
 4818 0342 0300     		.2byte	0x3
 4819 0344 73       		.byte	0x73
 4820 0345 7F       		.sleb128 -1
 4821 0346 9F       		.byte	0x9f
 4822 0347 3C000000 		.4byte	.LVL56
 4823 034b 46000000 		.4byte	.LVL57
 4824 034f 0400     		.2byte	0x4
 4825 0351 F3       		.byte	0xf3
 4826 0352 01       		.uleb128 0x1
 4827 0353 53       		.byte	0x53
 4828 0354 9F       		.byte	0x9f
 4829 0355 46000000 		.4byte	.LVL57
 4830 0359 48000000 		.4byte	.LVL58
 4831 035d 0100     		.2byte	0x1
 4832 035f 53       		.byte	0x53
 4833 0360 48000000 		.4byte	.LVL58
 4834 0364 64000000 		.4byte	.LVL59
 4835 0368 0400     		.2byte	0x4
 4836 036a F3       		.byte	0xf3
 4837 036b 01       		.uleb128 0x1
 4838 036c 53       		.byte	0x53
 4839 036d 9F       		.byte	0x9f
ARM GAS  C:\Users\taips\AppData\Local\Temp\ccZaQHee.s 			page 115


 4840 036e 64000000 		.4byte	.LVL59
 4841 0372 6E000000 		.4byte	.LVL60
 4842 0376 0100     		.2byte	0x1
 4843 0378 53       		.byte	0x53
 4844 0379 6E000000 		.4byte	.LVL60
 4845 037d 70000000 		.4byte	.LVL61
 4846 0381 0300     		.2byte	0x3
 4847 0383 73       		.byte	0x73
 4848 0384 7F       		.sleb128 -1
 4849 0385 9F       		.byte	0x9f
 4850 0386 70000000 		.4byte	.LVL61
 4851 038a A2000000 		.4byte	.LFE13
 4852 038e 0400     		.2byte	0x4
 4853 0390 F3       		.byte	0xf3
 4854 0391 01       		.uleb128 0x1
 4855 0392 53       		.byte	0x53
 4856 0393 9F       		.byte	0x9f
 4857 0394 00000000 		.4byte	0
 4858 0398 00000000 		.4byte	0
 4859              	.LLST17:
 4860 039c 04000000 		.4byte	.LVL52
 4861 03a0 A0000000 		.4byte	.LVL64
 4862 03a4 0200     		.2byte	0x2
 4863 03a6 30       		.byte	0x30
 4864 03a7 9F       		.byte	0x9f
 4865 03a8 A0000000 		.4byte	.LVL64
 4866 03ac A2000000 		.4byte	.LFE13
 4867 03b0 0100     		.2byte	0x1
 4868 03b2 50       		.byte	0x50
 4869 03b3 00000000 		.4byte	0
 4870 03b7 00000000 		.4byte	0
 4871              	.LLST18:
 4872 03bb 00000000 		.4byte	.LVL65
 4873 03bf 04000000 		.4byte	.LVL67
 4874 03c3 0100     		.2byte	0x1
 4875 03c5 50       		.byte	0x50
 4876 03c6 04000000 		.4byte	.LVL67
 4877 03ca 14000000 		.4byte	.LFE10
 4878 03ce 0400     		.2byte	0x4
 4879 03d0 F3       		.byte	0xf3
 4880 03d1 01       		.uleb128 0x1
 4881 03d2 50       		.byte	0x50
 4882 03d3 9F       		.byte	0x9f
 4883 03d4 00000000 		.4byte	0
 4884 03d8 00000000 		.4byte	0
 4885              	.LLST19:
 4886 03dc 00000000 		.4byte	.LVL65
 4887 03e0 07000000 		.4byte	.LVL68-1
 4888 03e4 0100     		.2byte	0x1
 4889 03e6 51       		.byte	0x51
 4890 03e7 07000000 		.4byte	.LVL68-1
 4891 03eb 14000000 		.4byte	.LFE10
 4892 03ef 0400     		.2byte	0x4
 4893 03f1 F3       		.byte	0xf3
 4894 03f2 01       		.uleb128 0x1
 4895 03f3 51       		.byte	0x51
 4896 03f4 9F       		.byte	0x9f
ARM GAS  C:\Users\taips\AppData\Local\Temp\ccZaQHee.s 			page 116


 4897 03f5 00000000 		.4byte	0
 4898 03f9 00000000 		.4byte	0
 4899              	.LLST20:
 4900 03fd 00000000 		.4byte	.LVL65
 4901 0401 07000000 		.4byte	.LVL68-1
 4902 0405 0100     		.2byte	0x1
 4903 0407 52       		.byte	0x52
 4904 0408 07000000 		.4byte	.LVL68-1
 4905 040c 14000000 		.4byte	.LFE10
 4906 0410 0400     		.2byte	0x4
 4907 0412 F3       		.byte	0xf3
 4908 0413 01       		.uleb128 0x1
 4909 0414 52       		.byte	0x52
 4910 0415 9F       		.byte	0x9f
 4911 0416 00000000 		.4byte	0
 4912 041a 00000000 		.4byte	0
 4913              	.LLST21:
 4914 041e 02000000 		.4byte	.LVL66
 4915 0422 12000000 		.4byte	.LVL71
 4916 0426 0200     		.2byte	0x2
 4917 0428 34       		.byte	0x34
 4918 0429 9F       		.byte	0x9f
 4919 042a 12000000 		.4byte	.LVL71
 4920 042e 14000000 		.4byte	.LFE10
 4921 0432 0100     		.2byte	0x1
 4922 0434 50       		.byte	0x50
 4923 0435 00000000 		.4byte	0
 4924 0439 00000000 		.4byte	0
 4925              	.LLST22:
 4926 043d 08000000 		.4byte	.LVL68
 4927 0441 0E000000 		.4byte	.LVL69
 4928 0445 0100     		.2byte	0x1
 4929 0447 50       		.byte	0x50
 4930 0448 10000000 		.4byte	.LVL70
 4931 044c 12000000 		.4byte	.LVL71
 4932 0450 0100     		.2byte	0x1
 4933 0452 50       		.byte	0x50
 4934 0453 00000000 		.4byte	0
 4935 0457 00000000 		.4byte	0
 4936              	.LLST23:
 4937 045b 04000000 		.4byte	.LVL67
 4938 045f 07000000 		.4byte	.LVL68-1
 4939 0463 0100     		.2byte	0x1
 4940 0465 50       		.byte	0x50
 4941 0466 07000000 		.4byte	.LVL68-1
 4942 046a 14000000 		.4byte	.LFE10
 4943 046e 0600     		.2byte	0x6
 4944 0470 F3       		.byte	0xf3
 4945 0471 01       		.uleb128 0x1
 4946 0472 50       		.byte	0x50
 4947 0473 37       		.byte	0x37
 4948 0474 25       		.byte	0x25
 4949 0475 9F       		.byte	0x9f
 4950 0476 00000000 		.4byte	0
 4951 047a 00000000 		.4byte	0
 4952              	.LLST24:
 4953 047e 00000000 		.4byte	.LVL72
ARM GAS  C:\Users\taips\AppData\Local\Temp\ccZaQHee.s 			page 117


 4954 0482 12000000 		.4byte	.LVL74
 4955 0486 0100     		.2byte	0x1
 4956 0488 50       		.byte	0x50
 4957 0489 12000000 		.4byte	.LVL74
 4958 048d 68000000 		.4byte	.LVL86
 4959 0491 0100     		.2byte	0x1
 4960 0493 54       		.byte	0x54
 4961 0494 68000000 		.4byte	.LVL86
 4962 0498 6A000000 		.4byte	.LFE14
 4963 049c 0400     		.2byte	0x4
 4964 049e F3       		.byte	0xf3
 4965 049f 01       		.uleb128 0x1
 4966 04a0 50       		.byte	0x50
 4967 04a1 9F       		.byte	0x9f
 4968 04a2 00000000 		.4byte	0
 4969 04a6 00000000 		.4byte	0
 4970              	.LLST25:
 4971 04aa 0C000000 		.4byte	.LVL73
 4972 04ae 12000000 		.4byte	.LVL74
 4973 04b2 0200     		.2byte	0x2
 4974 04b4 30       		.byte	0x30
 4975 04b5 9F       		.byte	0x9f
 4976 04b6 12000000 		.4byte	.LVL74
 4977 04ba 68000000 		.4byte	.LVL89
 4978 04be 0100     		.2byte	0x1
 4979 04c0 57       		.byte	0x57
 4980 04c1 00000000 		.4byte	0
 4981 04c5 00000000 		.4byte	0
 4982              	.LLST26:
 4983 04c9 42000000 		.4byte	.LVL80
 4984 04cd 49000000 		.4byte	.LVL81-1
 4985 04d1 0100     		.2byte	0x1
 4986 04d3 50       		.byte	0x50
 4987 04d4 00000000 		.4byte	0
 4988 04d8 00000000 		.4byte	0
 4989              	.LLST27:
 4990 04dc 0C000000 		.4byte	.LVL73
 4991 04e0 68000000 		.4byte	.LVL87
 4992 04e4 0100     		.2byte	0x1
 4993 04e6 55       		.byte	0x55
 4994 04e7 00000000 		.4byte	0
 4995 04eb 00000000 		.4byte	0
 4996              	.LLST28:
 4997 04ef 0C000000 		.4byte	.LVL73
 4998 04f3 12000000 		.4byte	.LVL74
 4999 04f7 0200     		.2byte	0x2
 5000 04f9 31       		.byte	0x31
 5001 04fa 9F       		.byte	0x9f
 5002 04fb 12000000 		.4byte	.LVL74
 5003 04ff 14000000 		.4byte	.LVL75
 5004 0503 0100     		.2byte	0x1
 5005 0505 56       		.byte	0x56
 5006 0506 4C000000 		.4byte	.LVL82
 5007 050a 54000000 		.4byte	.LVL83
 5008 050e 0100     		.2byte	0x1
 5009 0510 50       		.byte	0x50
 5010 0511 54000000 		.4byte	.LVL83
ARM GAS  C:\Users\taips\AppData\Local\Temp\ccZaQHee.s 			page 118


 5011 0515 68000000 		.4byte	.LVL88
 5012 0519 0100     		.2byte	0x1
 5013 051b 56       		.byte	0x56
 5014 051c 00000000 		.4byte	0
 5015 0520 00000000 		.4byte	0
 5016              	.LLST29:
 5017 0524 00000000 		.4byte	.LVL90
 5018 0528 1C000000 		.4byte	.LVL93
 5019 052c 0100     		.2byte	0x1
 5020 052e 50       		.byte	0x50
 5021 052f 1C000000 		.4byte	.LVL93
 5022 0533 78000000 		.4byte	.LVL108
 5023 0537 0100     		.2byte	0x1
 5024 0539 56       		.byte	0x56
 5025 053a 78000000 		.4byte	.LVL108
 5026 053e 7A000000 		.4byte	.LFE12
 5027 0542 0400     		.2byte	0x4
 5028 0544 F3       		.byte	0xf3
 5029 0545 01       		.uleb128 0x1
 5030 0546 50       		.byte	0x50
 5031 0547 9F       		.byte	0x9f
 5032 0548 00000000 		.4byte	0
 5033 054c 00000000 		.4byte	0
 5034              	.LLST30:
 5035 0550 00000000 		.4byte	.LVL90
 5036 0554 1E000000 		.4byte	.LVL94
 5037 0558 0100     		.2byte	0x1
 5038 055a 51       		.byte	0x51
 5039 055b 1E000000 		.4byte	.LVL94
 5040 055f 7A000000 		.4byte	.LFE12
 5041 0563 0300     		.2byte	0x3
 5042 0565 91       		.byte	0x91
 5043 0566 DC7E     		.sleb128 -164
 5044 0568 00000000 		.4byte	0
 5045 056c 00000000 		.4byte	0
 5046              	.LLST31:
 5047 0570 00000000 		.4byte	.LVL90
 5048 0574 21000000 		.4byte	.LVL95-1
 5049 0578 0100     		.2byte	0x1
 5050 057a 52       		.byte	0x52
 5051 057b 21000000 		.4byte	.LVL95-1
 5052 057f 7A000000 		.4byte	.LFE12
 5053 0583 0300     		.2byte	0x3
 5054 0585 91       		.byte	0x91
 5055 0586 E07E     		.sleb128 -160
 5056 0588 00000000 		.4byte	0
 5057 058c 00000000 		.4byte	0
 5058              	.LLST32:
 5059 0590 00000000 		.4byte	.LVL90
 5060 0594 10000000 		.4byte	.LVL91
 5061 0598 0100     		.2byte	0x1
 5062 059a 53       		.byte	0x53
 5063 059b 10000000 		.4byte	.LVL91
 5064 059f 7A000000 		.4byte	.LFE12
 5065 05a3 0300     		.2byte	0x3
 5066 05a5 91       		.byte	0x91
 5067 05a6 E47E     		.sleb128 -156
ARM GAS  C:\Users\taips\AppData\Local\Temp\ccZaQHee.s 			page 119


 5068 05a8 00000000 		.4byte	0
 5069 05ac 00000000 		.4byte	0
 5070              	.LLST33:
 5071 05b0 32000000 		.4byte	.LVL96
 5072 05b4 36000000 		.4byte	.LVL98
 5073 05b8 0200     		.2byte	0x2
 5074 05ba 30       		.byte	0x30
 5075 05bb 9F       		.byte	0x9f
 5076 05bc 5C000000 		.4byte	.LVL102
 5077 05c0 6C000000 		.4byte	.LVL103
 5078 05c4 0100     		.2byte	0x1
 5079 05c6 50       		.byte	0x50
 5080 05c7 6C000000 		.4byte	.LVL103
 5081 05cb 72000000 		.4byte	.LVL105
 5082 05cf 0100     		.2byte	0x1
 5083 05d1 54       		.byte	0x54
 5084 05d2 74000000 		.4byte	.LVL106
 5085 05d6 78000000 		.4byte	.LVL107
 5086 05da 0100     		.2byte	0x1
 5087 05dc 54       		.byte	0x54
 5088 05dd 00000000 		.4byte	0
 5089 05e1 00000000 		.4byte	0
 5090              	.LLST34:
 5091 05e5 18000000 		.4byte	.LVL92
 5092 05e9 34000000 		.4byte	.LVL97
 5093 05ed 0100     		.2byte	0x1
 5094 05ef 54       		.byte	0x54
 5095 05f0 36000000 		.4byte	.LVL98
 5096 05f4 5C000000 		.4byte	.LVL102
 5097 05f8 0100     		.2byte	0x1
 5098 05fa 54       		.byte	0x54
 5099 05fb 72000000 		.4byte	.LVL105
 5100 05ff 74000000 		.4byte	.LVL106
 5101 0603 0100     		.2byte	0x1
 5102 0605 54       		.byte	0x54
 5103 0606 00000000 		.4byte	0
 5104 060a 00000000 		.4byte	0
 5105              	.LLST35:
 5106 060e 00000000 		.4byte	.LVL109
 5107 0612 0B000000 		.4byte	.LVL111-1
 5108 0616 0100     		.2byte	0x1
 5109 0618 50       		.byte	0x50
 5110 0619 0B000000 		.4byte	.LVL111-1
 5111 061d 2E000000 		.4byte	.LVL115
 5112 0621 0100     		.2byte	0x1
 5113 0623 54       		.byte	0x54
 5114 0624 2E000000 		.4byte	.LVL115
 5115 0628 30000000 		.4byte	.LFE11
 5116 062c 0400     		.2byte	0x4
 5117 062e F3       		.byte	0xf3
 5118 062f 01       		.uleb128 0x1
 5119 0630 50       		.byte	0x50
 5120 0631 9F       		.byte	0x9f
 5121 0632 00000000 		.4byte	0
 5122 0636 00000000 		.4byte	0
 5123              	.LLST36:
 5124 063a 00000000 		.4byte	.LVL109
ARM GAS  C:\Users\taips\AppData\Local\Temp\ccZaQHee.s 			page 120


 5125 063e 0B000000 		.4byte	.LVL111-1
 5126 0642 0100     		.2byte	0x1
 5127 0644 51       		.byte	0x51
 5128 0645 0B000000 		.4byte	.LVL111-1
 5129 0649 2E000000 		.4byte	.LVL116
 5130 064d 0100     		.2byte	0x1
 5131 064f 55       		.byte	0x55
 5132 0650 2E000000 		.4byte	.LVL116
 5133 0654 30000000 		.4byte	.LFE11
 5134 0658 0400     		.2byte	0x4
 5135 065a F3       		.byte	0xf3
 5136 065b 01       		.uleb128 0x1
 5137 065c 51       		.byte	0x51
 5138 065d 9F       		.byte	0x9f
 5139 065e 00000000 		.4byte	0
 5140 0662 00000000 		.4byte	0
 5141              	.LLST37:
 5142 0666 00000000 		.4byte	.LVL109
 5143 066a 0B000000 		.4byte	.LVL111-1
 5144 066e 0100     		.2byte	0x1
 5145 0670 52       		.byte	0x52
 5146 0671 0B000000 		.4byte	.LVL111-1
 5147 0675 2E000000 		.4byte	.LVL117
 5148 0679 0100     		.2byte	0x1
 5149 067b 56       		.byte	0x56
 5150 067c 2E000000 		.4byte	.LVL117
 5151 0680 30000000 		.4byte	.LFE11
 5152 0684 0400     		.2byte	0x4
 5153 0686 F3       		.byte	0xf3
 5154 0687 01       		.uleb128 0x1
 5155 0688 52       		.byte	0x52
 5156 0689 9F       		.byte	0x9f
 5157 068a 00000000 		.4byte	0
 5158 068e 00000000 		.4byte	0
 5159              	.LLST38:
 5160 0692 08000000 		.4byte	.LVL110
 5161 0696 0B000000 		.4byte	.LVL111-1
 5162 069a 0100     		.2byte	0x1
 5163 069c 50       		.byte	0x50
 5164 069d 0B000000 		.4byte	.LVL111-1
 5165 06a1 20000000 		.4byte	.LVL113
 5166 06a5 0100     		.2byte	0x1
 5167 06a7 54       		.byte	0x54
 5168 06a8 20000000 		.4byte	.LVL113
 5169 06ac 27000000 		.4byte	.LVL114-1
 5170 06b0 0100     		.2byte	0x1
 5171 06b2 50       		.byte	0x50
 5172 06b3 00000000 		.4byte	0
 5173 06b7 00000000 		.4byte	0
 5174              	.LLST39:
 5175 06bb 08000000 		.4byte	.LVL110
 5176 06bf 0C000000 		.4byte	.LVL111
 5177 06c3 0200     		.2byte	0x2
 5178 06c5 34       		.byte	0x34
 5179 06c6 9F       		.byte	0x9f
 5180 06c7 0C000000 		.4byte	.LVL111
 5181 06cb 1A000000 		.4byte	.LVL112
ARM GAS  C:\Users\taips\AppData\Local\Temp\ccZaQHee.s 			page 121


 5182 06cf 0100     		.2byte	0x1
 5183 06d1 50       		.byte	0x50
 5184 06d2 28000000 		.4byte	.LVL114
 5185 06d6 30000000 		.4byte	.LFE11
 5186 06da 0100     		.2byte	0x1
 5187 06dc 50       		.byte	0x50
 5188 06dd 00000000 		.4byte	0
 5189 06e1 00000000 		.4byte	0
 5190              	.LLST40:
 5191 06e5 00000000 		.4byte	.LVL118
 5192 06e9 21000000 		.4byte	.LVL120-1
 5193 06ed 0100     		.2byte	0x1
 5194 06ef 50       		.byte	0x50
 5195 06f0 21000000 		.4byte	.LVL120-1
 5196 06f4 56000000 		.4byte	.LVL122
 5197 06f8 0100     		.2byte	0x1
 5198 06fa 54       		.byte	0x54
 5199 06fb 56000000 		.4byte	.LVL122
 5200 06ff 80000000 		.4byte	.LVL129
 5201 0703 0400     		.2byte	0x4
 5202 0705 F3       		.byte	0xf3
 5203 0706 01       		.uleb128 0x1
 5204 0707 50       		.byte	0x50
 5205 0708 9F       		.byte	0x9f
 5206 0709 80000000 		.4byte	.LVL129
 5207 070d 92000000 		.4byte	.LVL130
 5208 0711 0100     		.2byte	0x1
 5209 0713 50       		.byte	0x50
 5210 0714 92000000 		.4byte	.LVL130
 5211 0718 96000000 		.4byte	.LFE0
 5212 071c 0400     		.2byte	0x4
 5213 071e F3       		.byte	0xf3
 5214 071f 01       		.uleb128 0x1
 5215 0720 50       		.byte	0x50
 5216 0721 9F       		.byte	0x9f
 5217 0722 00000000 		.4byte	0
 5218 0726 00000000 		.4byte	0
 5219              	.LLST41:
 5220 072a 00000000 		.4byte	.LVL118
 5221 072e 21000000 		.4byte	.LVL120-1
 5222 0732 0100     		.2byte	0x1
 5223 0734 51       		.byte	0x51
 5224 0735 21000000 		.4byte	.LVL120-1
 5225 0739 80000000 		.4byte	.LVL129
 5226 073d 0100     		.2byte	0x1
 5227 073f 55       		.byte	0x55
 5228 0740 80000000 		.4byte	.LVL129
 5229 0744 92000000 		.4byte	.LVL130
 5230 0748 0100     		.2byte	0x1
 5231 074a 51       		.byte	0x51
 5232 074b 92000000 		.4byte	.LVL130
 5233 074f 94000000 		.4byte	.LVL131
 5234 0753 0100     		.2byte	0x1
 5235 0755 55       		.byte	0x55
 5236 0756 94000000 		.4byte	.LVL131
 5237 075a 96000000 		.4byte	.LFE0
 5238 075e 0400     		.2byte	0x4
ARM GAS  C:\Users\taips\AppData\Local\Temp\ccZaQHee.s 			page 122


 5239 0760 F3       		.byte	0xf3
 5240 0761 01       		.uleb128 0x1
 5241 0762 51       		.byte	0x51
 5242 0763 9F       		.byte	0x9f
 5243 0764 00000000 		.4byte	0
 5244 0768 00000000 		.4byte	0
 5245              	.LLST42:
 5246 076c 06000000 		.4byte	.LVL119
 5247 0770 24000000 		.4byte	.LVL121
 5248 0774 0200     		.2byte	0x2
 5249 0776 31       		.byte	0x31
 5250 0777 9F       		.byte	0x9f
 5251 0778 24000000 		.4byte	.LVL121
 5252 077c 5C000000 		.4byte	.LVL123
 5253 0780 0100     		.2byte	0x1
 5254 0782 50       		.byte	0x50
 5255 0783 5C000000 		.4byte	.LVL123
 5256 0787 76000000 		.4byte	.LVL126
 5257 078b 0100     		.2byte	0x1
 5258 078d 56       		.byte	0x56
 5259 078e 76000000 		.4byte	.LVL126
 5260 0792 7A000000 		.4byte	.LVL127
 5261 0796 0100     		.2byte	0x1
 5262 0798 50       		.byte	0x50
 5263 0799 7A000000 		.4byte	.LVL127
 5264 079d 80000000 		.4byte	.LVL129
 5265 07a1 0100     		.2byte	0x1
 5266 07a3 56       		.byte	0x56
 5267 07a4 80000000 		.4byte	.LVL129
 5268 07a8 92000000 		.4byte	.LVL130
 5269 07ac 0200     		.2byte	0x2
 5270 07ae 31       		.byte	0x31
 5271 07af 9F       		.byte	0x9f
 5272 07b0 92000000 		.4byte	.LVL130
 5273 07b4 94000000 		.4byte	.LVL132
 5274 07b8 0100     		.2byte	0x1
 5275 07ba 56       		.byte	0x56
 5276 07bb 00000000 		.4byte	0
 5277 07bf 00000000 		.4byte	0
 5278              	.LLST43:
 5279 07c3 00000000 		.4byte	.LVL133
 5280 07c7 26000000 		.4byte	.LVL138
 5281 07cb 0100     		.2byte	0x1
 5282 07cd 50       		.byte	0x50
 5283 07ce 26000000 		.4byte	.LVL138
 5284 07d2 86000000 		.4byte	.LVL148
 5285 07d6 0100     		.2byte	0x1
 5286 07d8 59       		.byte	0x59
 5287 07d9 86000000 		.4byte	.LVL148
 5288 07dd C8000000 		.4byte	.LVL161
 5289 07e1 0100     		.2byte	0x1
 5290 07e3 52       		.byte	0x52
 5291 07e4 C8000000 		.4byte	.LVL161
 5292 07e8 D0000000 		.4byte	.LVL163
 5293 07ec 0100     		.2byte	0x1
 5294 07ee 59       		.byte	0x59
 5295 07ef D0000000 		.4byte	.LVL163
ARM GAS  C:\Users\taips\AppData\Local\Temp\ccZaQHee.s 			page 123


 5296 07f3 D6000000 		.4byte	.LVL165
 5297 07f7 0100     		.2byte	0x1
 5298 07f9 52       		.byte	0x52
 5299 07fa D6000000 		.4byte	.LVL165
 5300 07fe 0E020000 		.4byte	.LVL220
 5301 0802 0200     		.2byte	0x2
 5302 0804 91       		.byte	0x91
 5303 0805 4C       		.sleb128 -52
 5304 0806 0E020000 		.4byte	.LVL220
 5305 080a 14020000 		.4byte	.LVL221
 5306 080e 0100     		.2byte	0x1
 5307 0810 50       		.byte	0x50
 5308 0811 14020000 		.4byte	.LVL221
 5309 0815 1E020000 		.4byte	.LVL224
 5310 0819 0100     		.2byte	0x1
 5311 081b 59       		.byte	0x59
 5312 081c 1E020000 		.4byte	.LVL224
 5313 0820 2E020000 		.4byte	.LFE1
 5314 0824 0400     		.2byte	0x4
 5315 0826 F3       		.byte	0xf3
 5316 0827 01       		.uleb128 0x1
 5317 0828 50       		.byte	0x50
 5318 0829 9F       		.byte	0x9f
 5319 082a 00000000 		.4byte	0
 5320 082e 00000000 		.4byte	0
 5321              	.LLST44:
 5322 0832 00000000 		.4byte	.LVL133
 5323 0836 4E000000 		.4byte	.LVL143
 5324 083a 0100     		.2byte	0x1
 5325 083c 51       		.byte	0x51
 5326 083d 4E000000 		.4byte	.LVL143
 5327 0841 CE000000 		.4byte	.LVL162
 5328 0845 0200     		.2byte	0x2
 5329 0847 91       		.byte	0x91
 5330 0848 4C       		.sleb128 -52
 5331 0849 CE000000 		.4byte	.LVL162
 5332 084d 0E020000 		.4byte	.LVL220
 5333 0851 0200     		.2byte	0x2
 5334 0853 91       		.byte	0x91
 5335 0854 48       		.sleb128 -56
 5336 0855 0E020000 		.4byte	.LVL220
 5337 0859 1E020000 		.4byte	.LVL224
 5338 085d 0100     		.2byte	0x1
 5339 085f 51       		.byte	0x51
 5340 0860 1E020000 		.4byte	.LVL224
 5341 0864 2E020000 		.4byte	.LFE1
 5342 0868 0200     		.2byte	0x2
 5343 086a 91       		.byte	0x91
 5344 086b 48       		.sleb128 -56
 5345 086c 00000000 		.4byte	0
 5346 0870 00000000 		.4byte	0
 5347              	.LLST45:
 5348 0874 00000000 		.4byte	.LVL133
 5349 0878 22000000 		.4byte	.LVL137
 5350 087c 0100     		.2byte	0x1
 5351 087e 52       		.byte	0x52
 5352 087f 22000000 		.4byte	.LVL137
ARM GAS  C:\Users\taips\AppData\Local\Temp\ccZaQHee.s 			page 124


 5353 0883 D6000000 		.4byte	.LVL165
 5354 0887 0100     		.2byte	0x1
 5355 0889 5A       		.byte	0x5a
 5356 088a D6000000 		.4byte	.LVL165
 5357 088e 0E020000 		.4byte	.LVL220
 5358 0892 0400     		.2byte	0x4
 5359 0894 F3       		.byte	0xf3
 5360 0895 01       		.uleb128 0x1
 5361 0896 52       		.byte	0x52
 5362 0897 9F       		.byte	0x9f
 5363 0898 0E020000 		.4byte	.LVL220
 5364 089c 14020000 		.4byte	.LVL221
 5365 08a0 0100     		.2byte	0x1
 5366 08a2 52       		.byte	0x52
 5367 08a3 14020000 		.4byte	.LVL221
 5368 08a7 18020000 		.4byte	.LVL222
 5369 08ab 0100     		.2byte	0x1
 5370 08ad 5A       		.byte	0x5a
 5371 08ae 18020000 		.4byte	.LVL222
 5372 08b2 1A020000 		.4byte	.LVL223
 5373 08b6 0400     		.2byte	0x4
 5374 08b8 F3       		.byte	0xf3
 5375 08b9 01       		.uleb128 0x1
 5376 08ba 52       		.byte	0x52
 5377 08bb 9F       		.byte	0x9f
 5378 08bc 1A020000 		.4byte	.LVL223
 5379 08c0 1E020000 		.4byte	.LVL224
 5380 08c4 0100     		.2byte	0x1
 5381 08c6 5A       		.byte	0x5a
 5382 08c7 1E020000 		.4byte	.LVL224
 5383 08cb 2E020000 		.4byte	.LFE1
 5384 08cf 0400     		.2byte	0x4
 5385 08d1 F3       		.byte	0xf3
 5386 08d2 01       		.uleb128 0x1
 5387 08d3 52       		.byte	0x52
 5388 08d4 9F       		.byte	0x9f
 5389 08d5 00000000 		.4byte	0
 5390 08d9 00000000 		.4byte	0
 5391              	.LLST46:
 5392 08dd 00000000 		.4byte	.LVL133
 5393 08e1 18000000 		.4byte	.LVL135
 5394 08e5 0100     		.2byte	0x1
 5395 08e7 53       		.byte	0x53
 5396 08e8 18000000 		.4byte	.LVL135
 5397 08ec D2000000 		.4byte	.LVL164
 5398 08f0 0100     		.2byte	0x1
 5399 08f2 57       		.byte	0x57
 5400 08f3 D2000000 		.4byte	.LVL164
 5401 08f7 3A010000 		.4byte	.LVL180
 5402 08fb 0100     		.2byte	0x1
 5403 08fd 59       		.byte	0x59
 5404 08fe 3A010000 		.4byte	.LVL180
 5405 0902 3C010000 		.4byte	.LVL181
 5406 0906 0100     		.2byte	0x1
 5407 0908 57       		.byte	0x57
 5408 0909 3C010000 		.4byte	.LVL181
 5409 090d 60010000 		.4byte	.LVL192
ARM GAS  C:\Users\taips\AppData\Local\Temp\ccZaQHee.s 			page 125


 5410 0911 0100     		.2byte	0x1
 5411 0913 59       		.byte	0x59
 5412 0914 60010000 		.4byte	.LVL192
 5413 0918 86010000 		.4byte	.LVL199
 5414 091c 0100     		.2byte	0x1
 5415 091e 57       		.byte	0x57
 5416 091f 86010000 		.4byte	.LVL199
 5417 0923 0E020000 		.4byte	.LVL220
 5418 0927 0300     		.2byte	0x3
 5419 0929 91       		.byte	0x91
 5420 092a BC7F     		.sleb128 -68
 5421 092c 0E020000 		.4byte	.LVL220
 5422 0930 1E020000 		.4byte	.LVL224
 5423 0934 0100     		.2byte	0x1
 5424 0936 57       		.byte	0x57
 5425 0937 1E020000 		.4byte	.LVL224
 5426 093b 2E020000 		.4byte	.LFE1
 5427 093f 0400     		.2byte	0x4
 5428 0941 F3       		.byte	0xf3
 5429 0942 01       		.uleb128 0x1
 5430 0943 53       		.byte	0x53
 5431 0944 9F       		.byte	0x9f
 5432 0945 00000000 		.4byte	0
 5433 0949 00000000 		.4byte	0
 5434              	.LLST47:
 5435 094d 16000000 		.4byte	.LVL134
 5436 0951 D6000000 		.4byte	.LVL165
 5437 0955 0200     		.2byte	0x2
 5438 0957 31       		.byte	0x31
 5439 0958 9F       		.byte	0x9f
 5440 0959 D6000000 		.4byte	.LVL165
 5441 095d D8000000 		.4byte	.LVL166
 5442 0961 0100     		.2byte	0x1
 5443 0963 50       		.byte	0x50
 5444 0964 2E010000 		.4byte	.LVL177
 5445 0968 3C010000 		.4byte	.LVL181
 5446 096c 0100     		.2byte	0x1
 5447 096e 50       		.byte	0x50
 5448 096f 46010000 		.4byte	.LVL184
 5449 0973 48010000 		.4byte	.LVL185
 5450 0977 0200     		.2byte	0x2
 5451 0979 30       		.byte	0x30
 5452 097a 9F       		.byte	0x9f
 5453 097b 48010000 		.4byte	.LVL185
 5454 097f 60010000 		.4byte	.LVL192
 5455 0983 0100     		.2byte	0x1
 5456 0985 50       		.byte	0x50
 5457 0986 60010000 		.4byte	.LVL192
 5458 098a F6010000 		.4byte	.LVL214
 5459 098e 0100     		.2byte	0x1
 5460 0990 5A       		.byte	0x5a
 5461 0991 F6010000 		.4byte	.LVL214
 5462 0995 FC010000 		.4byte	.LVL215
 5463 0999 0100     		.2byte	0x1
 5464 099b 50       		.byte	0x50
 5465 099c FC010000 		.4byte	.LVL215
 5466 09a0 0E020000 		.4byte	.LVL220
ARM GAS  C:\Users\taips\AppData\Local\Temp\ccZaQHee.s 			page 126


 5467 09a4 0100     		.2byte	0x1
 5468 09a6 5A       		.byte	0x5a
 5469 09a7 0E020000 		.4byte	.LVL220
 5470 09ab 1E020000 		.4byte	.LVL224
 5471 09af 0200     		.2byte	0x2
 5472 09b1 31       		.byte	0x31
 5473 09b2 9F       		.byte	0x9f
 5474 09b3 1E020000 		.4byte	.LVL224
 5475 09b7 22020000 		.4byte	.LVL225
 5476 09bb 0100     		.2byte	0x1
 5477 09bd 5A       		.byte	0x5a
 5478 09be 00000000 		.4byte	0
 5479 09c2 00000000 		.4byte	0
 5480              	.LLST48:
 5481 09c6 5A000000 		.4byte	.LVL145
 5482 09ca 60000000 		.4byte	.LVL146
 5483 09ce 0200     		.2byte	0x2
 5484 09d0 30       		.byte	0x30
 5485 09d1 9F       		.byte	0x9f
 5486 09d2 60000000 		.4byte	.LVL146
 5487 09d6 88000000 		.4byte	.LVL149
 5488 09da 0100     		.2byte	0x1
 5489 09dc 55       		.byte	0x55
 5490 09dd 8A000000 		.4byte	.LVL150
 5491 09e1 8C000000 		.4byte	.LVL151
 5492 09e5 0100     		.2byte	0x1
 5493 09e7 55       		.byte	0x55
 5494 09e8 C0000000 		.4byte	.LVL160
 5495 09ec D6000000 		.4byte	.LVL165
 5496 09f0 0200     		.2byte	0x2
 5497 09f2 30       		.byte	0x30
 5498 09f3 9F       		.byte	0x9f
 5499 09f4 D6000000 		.4byte	.LVL165
 5500 09f8 E8000000 		.4byte	.LVL169
 5501 09fc 0100     		.2byte	0x1
 5502 09fe 56       		.byte	0x56
 5503 09ff E8000000 		.4byte	.LVL169
 5504 0a03 54010000 		.4byte	.LVL189
 5505 0a07 0300     		.2byte	0x3
 5506 0a09 76       		.byte	0x76
 5507 0a0a 7F       		.sleb128 -1
 5508 0a0b 9F       		.byte	0x9f
 5509 0a0c 54010000 		.4byte	.LVL189
 5510 0a10 60010000 		.4byte	.LVL192
 5511 0a14 0100     		.2byte	0x1
 5512 0a16 56       		.byte	0x56
 5513 0a17 7C010000 		.4byte	.LVL195
 5514 0a1b 0E020000 		.4byte	.LVL220
 5515 0a1f 0100     		.2byte	0x1
 5516 0a21 54       		.byte	0x54
 5517 0a22 00000000 		.4byte	0
 5518 0a26 00000000 		.4byte	0
 5519              	.LLST49:
 5520 0a2a F0000000 		.4byte	.LVL170
 5521 0a2e F2000000 		.4byte	.LVL171
 5522 0a32 0100     		.2byte	0x1
 5523 0a34 54       		.byte	0x54
ARM GAS  C:\Users\taips\AppData\Local\Temp\ccZaQHee.s 			page 127


 5524 0a35 F4000000 		.4byte	.LVL172
 5525 0a39 54010000 		.4byte	.LVL189
 5526 0a3d 0100     		.2byte	0x1
 5527 0a3f 54       		.byte	0x54
 5528 0a40 DC010000 		.4byte	.LVL208
 5529 0a44 F3010000 		.4byte	.LVL213-1
 5530 0a48 0100     		.2byte	0x1
 5531 0a4a 53       		.byte	0x53
 5532 0a4b FC010000 		.4byte	.LVL215
 5533 0a4f 05020000 		.4byte	.LVL218-1
 5534 0a53 0100     		.2byte	0x1
 5535 0a55 53       		.byte	0x53
 5536 0a56 00000000 		.4byte	0
 5537 0a5a 00000000 		.4byte	0
 5538              	.LLST50:
 5539 0a5e 5A000000 		.4byte	.LVL145
 5540 0a62 60000000 		.4byte	.LVL146
 5541 0a66 0100     		.2byte	0x1
 5542 0a68 53       		.byte	0x53
 5543 0a69 60000000 		.4byte	.LVL146
 5544 0a6d 84010000 		.4byte	.LVL198
 5545 0a71 0300     		.2byte	0x3
 5546 0a73 91       		.byte	0x91
 5547 0a74 BC7F     		.sleb128 -68
 5548 0a76 00000000 		.4byte	0
 5549 0a7a 00000000 		.4byte	0
 5550              	.LLST51:
 5551 0a7e E6000000 		.4byte	.LVL168
 5552 0a82 2D010000 		.4byte	.LVL177-1
 5553 0a86 0100     		.2byte	0x1
 5554 0a88 52       		.byte	0x52
 5555 0a89 2D010000 		.4byte	.LVL177-1
 5556 0a8d 36010000 		.4byte	.LVL179
 5557 0a91 0800     		.2byte	0x8
 5558 0a93 77       		.byte	0x77
 5559 0a94 00       		.sleb128 0
 5560 0a95 08       		.byte	0x8
 5561 0a96 3F       		.byte	0x3f
 5562 0a97 1A       		.byte	0x1a
 5563 0a98 23       		.byte	0x23
 5564 0a99 40       		.uleb128 0x40
 5565 0a9a 9F       		.byte	0x9f
 5566 0a9b 3C010000 		.4byte	.LVL181
 5567 0a9f 40010000 		.4byte	.LVL182
 5568 0aa3 0100     		.2byte	0x1
 5569 0aa5 52       		.byte	0x52
 5570 0aa6 40010000 		.4byte	.LVL182
 5571 0aaa 4A010000 		.4byte	.LVL186
 5572 0aae 0800     		.2byte	0x8
 5573 0ab0 77       		.byte	0x77
 5574 0ab1 00       		.sleb128 0
 5575 0ab2 08       		.byte	0x8
 5576 0ab3 3F       		.byte	0x3f
 5577 0ab4 1A       		.byte	0x1a
 5578 0ab5 23       		.byte	0x23
 5579 0ab6 40       		.uleb128 0x40
 5580 0ab7 9F       		.byte	0x9f
ARM GAS  C:\Users\taips\AppData\Local\Temp\ccZaQHee.s 			page 128


 5581 0ab8 00000000 		.4byte	0
 5582 0abc 00000000 		.4byte	0
 5583              	.LLST52:
 5584 0ac0 DE000000 		.4byte	.LVL167
 5585 0ac4 12010000 		.4byte	.LVL174
 5586 0ac8 0100     		.2byte	0x1
 5587 0aca 50       		.byte	0x50
 5588 0acb 12010000 		.4byte	.LVL174
 5589 0acf 14010000 		.4byte	.LVL175
 5590 0ad3 0D00     		.2byte	0xd
 5591 0ad5 75       		.byte	0x75
 5592 0ad6 00       		.sleb128 0
 5593 0ad7 37       		.byte	0x37
 5594 0ad8 24       		.byte	0x24
 5595 0ad9 73       		.byte	0x73
 5596 0ada 00       		.sleb128 0
 5597 0adb 37       		.byte	0x37
 5598 0adc 24       		.byte	0x24
 5599 0add 1C       		.byte	0x1c
 5600 0ade 7C       		.byte	0x7c
 5601 0adf 00       		.sleb128 0
 5602 0ae0 22       		.byte	0x22
 5603 0ae1 9F       		.byte	0x9f
 5604 0ae2 14010000 		.4byte	.LVL175
 5605 0ae6 1A010000 		.4byte	.LVL176
 5606 0aea 0E00     		.2byte	0xe
 5607 0aec 75       		.byte	0x75
 5608 0aed 00       		.sleb128 0
 5609 0aee 37       		.byte	0x37
 5610 0aef 24       		.byte	0x24
 5611 0af0 79       		.byte	0x79
 5612 0af1 04       		.sleb128 4
 5613 0af2 06       		.byte	0x6
 5614 0af3 37       		.byte	0x37
 5615 0af4 24       		.byte	0x24
 5616 0af5 1C       		.byte	0x1c
 5617 0af6 7C       		.byte	0x7c
 5618 0af7 00       		.sleb128 0
 5619 0af8 22       		.byte	0x22
 5620 0af9 9F       		.byte	0x9f
 5621 0afa 1A010000 		.4byte	.LVL176
 5622 0afe 2D010000 		.4byte	.LVL177-1
 5623 0b02 0100     		.2byte	0x1
 5624 0b04 50       		.byte	0x50
 5625 0b05 3C010000 		.4byte	.LVL181
 5626 0b09 42010000 		.4byte	.LVL183
 5627 0b0d 0100     		.2byte	0x1
 5628 0b0f 50       		.byte	0x50
 5629 0b10 90010000 		.4byte	.LVL200
 5630 0b14 F3010000 		.4byte	.LVL213-1
 5631 0b18 0100     		.2byte	0x1
 5632 0b1a 50       		.byte	0x50
 5633 0b1b FC010000 		.4byte	.LVL215
 5634 0b1f 02020000 		.4byte	.LVL217
 5635 0b23 0100     		.2byte	0x1
 5636 0b25 50       		.byte	0x50
 5637 0b26 00000000 		.4byte	0
ARM GAS  C:\Users\taips\AppData\Local\Temp\ccZaQHee.s 			page 129


 5638 0b2a 00000000 		.4byte	0
 5639              	.LLST53:
 5640 0b2e 96000000 		.4byte	.LVL152
 5641 0b32 D6000000 		.4byte	.LVL165
 5642 0b36 0100     		.2byte	0x1
 5643 0b38 51       		.byte	0x51
 5644 0b39 D6000000 		.4byte	.LVL165
 5645 0b3d 0E020000 		.4byte	.LVL220
 5646 0b41 0200     		.2byte	0x2
 5647 0b43 91       		.byte	0x91
 5648 0b44 44       		.sleb128 -60
 5649 0b45 00000000 		.4byte	0
 5650 0b49 00000000 		.4byte	0
 5651              	.LLST54:
 5652 0b4d 16000000 		.4byte	.LVL134
 5653 0b51 8C000000 		.4byte	.LVL151
 5654 0b55 0200     		.2byte	0x2
 5655 0b57 30       		.byte	0x30
 5656 0b58 9F       		.byte	0x9f
 5657 0b59 8C000000 		.4byte	.LVL151
 5658 0b5d 82010000 		.4byte	.LVL197
 5659 0b61 0100     		.2byte	0x1
 5660 0b63 55       		.byte	0x55
 5661 0b64 0E020000 		.4byte	.LVL220
 5662 0b68 1E020000 		.4byte	.LVL224
 5663 0b6c 0200     		.2byte	0x2
 5664 0b6e 30       		.byte	0x30
 5665 0b6f 9F       		.byte	0x9f
 5666 0b70 00000000 		.4byte	0
 5667 0b74 00000000 		.4byte	0
 5668              	.LLST55:
 5669 0b78 16000000 		.4byte	.LVL134
 5670 0b7c 8C000000 		.4byte	.LVL151
 5671 0b80 0200     		.2byte	0x2
 5672 0b82 30       		.byte	0x30
 5673 0b83 9F       		.byte	0x9f
 5674 0b84 8C000000 		.4byte	.LVL151
 5675 0b88 D6000000 		.4byte	.LVL165
 5676 0b8c 0100     		.2byte	0x1
 5677 0b8e 55       		.byte	0x55
 5678 0b8f 0E020000 		.4byte	.LVL220
 5679 0b93 1E020000 		.4byte	.LVL224
 5680 0b97 0200     		.2byte	0x2
 5681 0b99 30       		.byte	0x30
 5682 0b9a 9F       		.byte	0x9f
 5683 0b9b 00000000 		.4byte	0
 5684 0b9f 00000000 		.4byte	0
 5685              	.LLST56:
 5686 0ba3 1A000000 		.4byte	.LVL136
 5687 0ba7 4E000000 		.4byte	.LVL143
 5688 0bab 0100     		.2byte	0x1
 5689 0bad 51       		.byte	0x51
 5690 0bae 4E000000 		.4byte	.LVL143
 5691 0bb2 CE000000 		.4byte	.LVL162
 5692 0bb6 0200     		.2byte	0x2
 5693 0bb8 91       		.byte	0x91
 5694 0bb9 4C       		.sleb128 -52
ARM GAS  C:\Users\taips\AppData\Local\Temp\ccZaQHee.s 			page 130


 5695 0bba CE000000 		.4byte	.LVL162
 5696 0bbe D6000000 		.4byte	.LVL165
 5697 0bc2 0200     		.2byte	0x2
 5698 0bc4 91       		.byte	0x91
 5699 0bc5 48       		.sleb128 -56
 5700 0bc6 D6000000 		.4byte	.LVL165
 5701 0bca 80010000 		.4byte	.LVL196
 5702 0bce 0100     		.2byte	0x1
 5703 0bd0 58       		.byte	0x58
 5704 0bd1 E2010000 		.4byte	.LVL210
 5705 0bd5 E4010000 		.4byte	.LVL211
 5706 0bd9 0100     		.2byte	0x1
 5707 0bdb 51       		.byte	0x51
 5708 0bdc E4010000 		.4byte	.LVL211
 5709 0be0 06020000 		.4byte	.LVL218
 5710 0be4 0100     		.2byte	0x1
 5711 0be6 56       		.byte	0x56
 5712 0be7 0E020000 		.4byte	.LVL220
 5713 0beb 1E020000 		.4byte	.LVL224
 5714 0bef 0100     		.2byte	0x1
 5715 0bf1 51       		.byte	0x51
 5716 0bf2 00000000 		.4byte	0
 5717 0bf6 00000000 		.4byte	0
 5718              	.LLST57:
 5719 0bfa 32000000 		.4byte	.LVL139
 5720 0bfe 86000000 		.4byte	.LVL148
 5721 0c02 0100     		.2byte	0x1
 5722 0c04 59       		.byte	0x59
 5723 0c05 86000000 		.4byte	.LVL148
 5724 0c09 C8000000 		.4byte	.LVL161
 5725 0c0d 0100     		.2byte	0x1
 5726 0c0f 52       		.byte	0x52
 5727 0c10 C8000000 		.4byte	.LVL161
 5728 0c14 D0000000 		.4byte	.LVL163
 5729 0c18 0100     		.2byte	0x1
 5730 0c1a 59       		.byte	0x59
 5731 0c1b D0000000 		.4byte	.LVL163
 5732 0c1f D6000000 		.4byte	.LVL165
 5733 0c23 0100     		.2byte	0x1
 5734 0c25 52       		.byte	0x52
 5735 0c26 D6000000 		.4byte	.LVL165
 5736 0c2a 36010000 		.4byte	.LVL179
 5737 0c2e 0100     		.2byte	0x1
 5738 0c30 57       		.byte	0x57
 5739 0c31 3C010000 		.4byte	.LVL181
 5740 0c35 5C010000 		.4byte	.LVL191
 5741 0c39 0100     		.2byte	0x1
 5742 0c3b 57       		.byte	0x57
 5743 0c3c D0010000 		.4byte	.LVL205
 5744 0c40 DE010000 		.4byte	.LVL209
 5745 0c44 0100     		.2byte	0x1
 5746 0c46 51       		.byte	0x51
 5747 0c47 00000000 		.4byte	0
 5748 0c4b 00000000 		.4byte	0
 5749              	.LLST58:
 5750 0c4f 32000000 		.4byte	.LVL139
 5751 0c53 34010000 		.4byte	.LVL178
ARM GAS  C:\Users\taips\AppData\Local\Temp\ccZaQHee.s 			page 131


 5752 0c57 0100     		.2byte	0x1
 5753 0c59 5A       		.byte	0x5a
 5754 0c5a 3C010000 		.4byte	.LVL181
 5755 0c5e 50010000 		.4byte	.LVL187
 5756 0c62 0100     		.2byte	0x1
 5757 0c64 5A       		.byte	0x5a
 5758 0c65 50010000 		.4byte	.LVL187
 5759 0c69 54010000 		.4byte	.LVL189
 5760 0c6d 0100     		.2byte	0x1
 5761 0c6f 53       		.byte	0x53
 5762 0c70 54010000 		.4byte	.LVL189
 5763 0c74 5A010000 		.4byte	.LVL190
 5764 0c78 0100     		.2byte	0x1
 5765 0c7a 5A       		.byte	0x5a
 5766 0c7b 00000000 		.4byte	0
 5767 0c7f 00000000 		.4byte	0
 5768              	.LLST59:
 5769 0c83 38000000 		.4byte	.LVL140
 5770 0c87 3A000000 		.4byte	.LVL141
 5771 0c8b 0100     		.2byte	0x1
 5772 0c8d 53       		.byte	0x53
 5773 0c8e 3A000000 		.4byte	.LVL141
 5774 0c92 51000000 		.4byte	.LVL144-1
 5775 0c96 0200     		.2byte	0x2
 5776 0c98 74       		.byte	0x74
 5777 0c99 00       		.sleb128 0
 5778 0c9a 51000000 		.4byte	.LVL144-1
 5779 0c9e 0E020000 		.4byte	.LVL220
 5780 0ca2 0200     		.2byte	0x2
 5781 0ca4 91       		.byte	0x91
 5782 0ca5 54       		.sleb128 -44
 5783 0ca6 00000000 		.4byte	0
 5784 0caa 00000000 		.4byte	0
 5785              	.LLST60:
 5786 0cae 38000000 		.4byte	.LVL140
 5787 0cb2 C0000000 		.4byte	.LVL160
 5788 0cb6 0200     		.2byte	0x2
 5789 0cb8 30       		.byte	0x30
 5790 0cb9 9F       		.byte	0x9f
 5791 0cba C0000000 		.4byte	.LVL160
 5792 0cbe 0E020000 		.4byte	.LVL220
 5793 0cc2 0200     		.2byte	0x2
 5794 0cc4 91       		.byte	0x91
 5795 0cc5 40       		.sleb128 -64
 5796 0cc6 00000000 		.4byte	0
 5797 0cca 00000000 		.4byte	0
 5798              	.LLST61:
 5799 0cce 46000000 		.4byte	.LVL142
 5800 0cd2 51000000 		.4byte	.LVL144-1
 5801 0cd6 0100     		.2byte	0x1
 5802 0cd8 53       		.byte	0x53
 5803 0cd9 51000000 		.4byte	.LVL144-1
 5804 0cdd 76010000 		.4byte	.LVL193
 5805 0ce1 0100     		.2byte	0x1
 5806 0ce3 5B       		.byte	0x5b
 5807 0ce4 76010000 		.4byte	.LVL193
 5808 0ce8 7C010000 		.4byte	.LVL195
ARM GAS  C:\Users\taips\AppData\Local\Temp\ccZaQHee.s 			page 132


 5809 0cec 0100     		.2byte	0x1
 5810 0cee 54       		.byte	0x54
 5811 0cef 00000000 		.4byte	0
 5812 0cf3 00000000 		.4byte	0
 5813              	.LLST62:
 5814 0cf7 A2000000 		.4byte	.LVL153
 5815 0cfb AC000000 		.4byte	.LVL154
 5816 0cff 0100     		.2byte	0x1
 5817 0d01 53       		.byte	0x53
 5818 0d02 AC000000 		.4byte	.LVL154
 5819 0d06 B0000000 		.4byte	.LVL155
 5820 0d0a 0800     		.2byte	0x8
 5821 0d0c 75       		.byte	0x75
 5822 0d0d 00       		.sleb128 0
 5823 0d0e 7B       		.byte	0x7b
 5824 0d0f 00       		.sleb128 0
 5825 0d10 22       		.byte	0x22
 5826 0d11 31       		.byte	0x31
 5827 0d12 1C       		.byte	0x1c
 5828 0d13 9F       		.byte	0x9f
 5829 0d14 B6000000 		.4byte	.LVL156
 5830 0d18 B8000000 		.4byte	.LVL157
 5831 0d1c 0100     		.2byte	0x1
 5832 0d1e 53       		.byte	0x53
 5833 0d1f B8000000 		.4byte	.LVL157
 5834 0d23 BC000000 		.4byte	.LVL158
 5835 0d27 0800     		.2byte	0x8
 5836 0d29 75       		.byte	0x75
 5837 0d2a 00       		.sleb128 0
 5838 0d2b 7B       		.byte	0x7b
 5839 0d2c 00       		.sleb128 0
 5840 0d2d 22       		.byte	0x22
 5841 0d2e 31       		.byte	0x31
 5842 0d2f 1C       		.byte	0x1c
 5843 0d30 9F       		.byte	0x9f
 5844 0d31 BC000000 		.4byte	.LVL158
 5845 0d35 BE000000 		.4byte	.LVL159
 5846 0d39 0100     		.2byte	0x1
 5847 0d3b 53       		.byte	0x53
 5848 0d3c BE000000 		.4byte	.LVL159
 5849 0d40 C0000000 		.4byte	.LVL160
 5850 0d44 0800     		.2byte	0x8
 5851 0d46 75       		.byte	0x75
 5852 0d47 00       		.sleb128 0
 5853 0d48 7B       		.byte	0x7b
 5854 0d49 00       		.sleb128 0
 5855 0d4a 22       		.byte	0x22
 5856 0d4b 31       		.byte	0x31
 5857 0d4c 1C       		.byte	0x1c
 5858 0d4d 9F       		.byte	0x9f
 5859 0d4e 00000000 		.4byte	0
 5860 0d52 00000000 		.4byte	0
 5861              	.LLST63:
 5862 0d56 96010000 		.4byte	.LVL201
 5863 0d5a D4010000 		.4byte	.LVL207
 5864 0d5e 0100     		.2byte	0x1
 5865 0d60 56       		.byte	0x56
ARM GAS  C:\Users\taips\AppData\Local\Temp\ccZaQHee.s 			page 133


 5866 0d61 D4010000 		.4byte	.LVL207
 5867 0d65 EE010000 		.4byte	.LVL212
 5868 0d69 0200     		.2byte	0x2
 5869 0d6b 70       		.byte	0x70
 5870 0d6c 04       		.sleb128 4
 5871 0d6d FC010000 		.4byte	.LVL215
 5872 0d71 02020000 		.4byte	.LVL217
 5873 0d75 0200     		.2byte	0x2
 5874 0d77 70       		.byte	0x70
 5875 0d78 04       		.sleb128 4
 5876 0d79 00000000 		.4byte	0
 5877 0d7d 00000000 		.4byte	0
 5878              	.LLST64:
 5879 0d81 9A010000 		.4byte	.LVL202
 5880 0d85 DC010000 		.4byte	.LVL208
 5881 0d89 0100     		.2byte	0x1
 5882 0d8b 53       		.byte	0x53
 5883 0d8c DC010000 		.4byte	.LVL208
 5884 0d90 EE010000 		.4byte	.LVL212
 5885 0d94 0800     		.2byte	0x8
 5886 0d96 70       		.byte	0x70
 5887 0d97 04       		.sleb128 4
 5888 0d98 06       		.byte	0x6
 5889 0d99 70       		.byte	0x70
 5890 0d9a 08       		.sleb128 8
 5891 0d9b 06       		.byte	0x6
 5892 0d9c 22       		.byte	0x22
 5893 0d9d 9F       		.byte	0x9f
 5894 0d9e FC010000 		.4byte	.LVL215
 5895 0da2 02020000 		.4byte	.LVL217
 5896 0da6 0800     		.2byte	0x8
 5897 0da8 70       		.byte	0x70
 5898 0da9 04       		.sleb128 4
 5899 0daa 06       		.byte	0x6
 5900 0dab 70       		.byte	0x70
 5901 0dac 08       		.sleb128 8
 5902 0dad 06       		.byte	0x6
 5903 0dae 22       		.byte	0x22
 5904 0daf 9F       		.byte	0x9f
 5905 0db0 00000000 		.4byte	0
 5906 0db4 00000000 		.4byte	0
 5907              	.LLST65:
 5908 0db8 BA010000 		.4byte	.LVL203
 5909 0dbc F3010000 		.4byte	.LVL213-1
 5910 0dc0 0100     		.2byte	0x1
 5911 0dc2 52       		.byte	0x52
 5912 0dc3 FC010000 		.4byte	.LVL215
 5913 0dc7 00020000 		.4byte	.LVL216
 5914 0dcb 0100     		.2byte	0x1
 5915 0dcd 52       		.byte	0x52
 5916 0dce 00000000 		.4byte	0
 5917 0dd2 00000000 		.4byte	0
 5918              	.LLST66:
 5919 0dd6 C8010000 		.4byte	.LVL204
 5920 0dda F3010000 		.4byte	.LVL213-1
 5921 0dde 0100     		.2byte	0x1
 5922 0de0 5C       		.byte	0x5c
ARM GAS  C:\Users\taips\AppData\Local\Temp\ccZaQHee.s 			page 134


 5923 0de1 FC010000 		.4byte	.LVL215
 5924 0de5 05020000 		.4byte	.LVL218-1
 5925 0de9 0100     		.2byte	0x1
 5926 0deb 5C       		.byte	0x5c
 5927 0dec 00000000 		.4byte	0
 5928 0df0 00000000 		.4byte	0
 5929              	.LLST67:
 5930 0df4 00000000 		.4byte	.LVL226
 5931 0df8 3A000000 		.4byte	.LVL231
 5932 0dfc 0100     		.2byte	0x1
 5933 0dfe 50       		.byte	0x50
 5934 0dff 3A000000 		.4byte	.LVL231
 5935 0e03 76010000 		.4byte	.LVL272
 5936 0e07 0100     		.2byte	0x1
 5937 0e09 5A       		.byte	0x5a
 5938 0e0a 76010000 		.4byte	.LVL272
 5939 0e0e 78010000 		.4byte	.LVL273
 5940 0e12 0100     		.2byte	0x1
 5941 0e14 50       		.byte	0x50
 5942 0e15 78010000 		.4byte	.LVL273
 5943 0e19 7A010000 		.4byte	.LVL274
 5944 0e1d 0100     		.2byte	0x1
 5945 0e1f 5A       		.byte	0x5a
 5946 0e20 7A010000 		.4byte	.LVL274
 5947 0e24 7C010000 		.4byte	.LVL275
 5948 0e28 0100     		.2byte	0x1
 5949 0e2a 50       		.byte	0x50
 5950 0e2b 7C010000 		.4byte	.LVL275
 5951 0e2f 7E010000 		.4byte	.LVL276
 5952 0e33 0100     		.2byte	0x1
 5953 0e35 5A       		.byte	0x5a
 5954 0e36 7E010000 		.4byte	.LVL276
 5955 0e3a 80010000 		.4byte	.LVL277
 5956 0e3e 0100     		.2byte	0x1
 5957 0e40 50       		.byte	0x50
 5958 0e41 80010000 		.4byte	.LVL277
 5959 0e45 82010000 		.4byte	.LVL279
 5960 0e49 0100     		.2byte	0x1
 5961 0e4b 5A       		.byte	0x5a
 5962 0e4c 00000000 		.4byte	0
 5963 0e50 00000000 		.4byte	0
 5964              	.LLST68:
 5965 0e54 00000000 		.4byte	.LVL226
 5966 0e58 3C000000 		.4byte	.LVL232
 5967 0e5c 0100     		.2byte	0x1
 5968 0e5e 51       		.byte	0x51
 5969 0e5f 3C000000 		.4byte	.LVL232
 5970 0e63 52000000 		.4byte	.LVL237
 5971 0e67 0300     		.2byte	0x3
 5972 0e69 91       		.byte	0x91
 5973 0e6a B47E     		.sleb128 -204
 5974 0e6c 52000000 		.4byte	.LVL237
 5975 0e70 76010000 		.4byte	.LVL272
 5976 0e74 0400     		.2byte	0x4
 5977 0e76 F3       		.byte	0xf3
 5978 0e77 01       		.uleb128 0x1
 5979 0e78 51       		.byte	0x51
ARM GAS  C:\Users\taips\AppData\Local\Temp\ccZaQHee.s 			page 135


 5980 0e79 9F       		.byte	0x9f
 5981 0e7a 76010000 		.4byte	.LVL272
 5982 0e7e 80010000 		.4byte	.LVL277
 5983 0e82 0100     		.2byte	0x1
 5984 0e84 51       		.byte	0x51
 5985 0e85 80010000 		.4byte	.LVL277
 5986 0e89 8E010000 		.4byte	.LFE2
 5987 0e8d 0400     		.2byte	0x4
 5988 0e8f F3       		.byte	0xf3
 5989 0e90 01       		.uleb128 0x1
 5990 0e91 51       		.byte	0x51
 5991 0e92 9F       		.byte	0x9f
 5992 0e93 00000000 		.4byte	0
 5993 0e97 00000000 		.4byte	0
 5994              	.LLST69:
 5995 0e9b 00000000 		.4byte	.LVL226
 5996 0e9f 2A000000 		.4byte	.LVL230
 5997 0ea3 0100     		.2byte	0x1
 5998 0ea5 52       		.byte	0x52
 5999 0ea6 2A000000 		.4byte	.LVL230
 6000 0eaa 76010000 		.4byte	.LVL272
 6001 0eae 0100     		.2byte	0x1
 6002 0eb0 5B       		.byte	0x5b
 6003 0eb1 76010000 		.4byte	.LVL272
 6004 0eb5 7A010000 		.4byte	.LVL274
 6005 0eb9 0100     		.2byte	0x1
 6006 0ebb 52       		.byte	0x52
 6007 0ebc 7A010000 		.4byte	.LVL274
 6008 0ec0 82010000 		.4byte	.LVL280
 6009 0ec4 0100     		.2byte	0x1
 6010 0ec6 5B       		.byte	0x5b
 6011 0ec7 00000000 		.4byte	0
 6012 0ecb 00000000 		.4byte	0
 6013              	.LLST70:
 6014 0ecf 00000000 		.4byte	.LVL226
 6015 0ed3 16000000 		.4byte	.LVL228
 6016 0ed7 0100     		.2byte	0x1
 6017 0ed9 53       		.byte	0x53
 6018 0eda 16000000 		.4byte	.LVL228
 6019 0ede 82010000 		.4byte	.LVL278
 6020 0ee2 0100     		.2byte	0x1
 6021 0ee4 55       		.byte	0x55
 6022 0ee5 82010000 		.4byte	.LVL278
 6023 0ee9 8E010000 		.4byte	.LFE2
 6024 0eed 0400     		.2byte	0x4
 6025 0eef F3       		.byte	0xf3
 6026 0ef0 01       		.uleb128 0x1
 6027 0ef1 53       		.byte	0x53
 6028 0ef2 9F       		.byte	0x9f
 6029 0ef3 00000000 		.4byte	0
 6030 0ef7 00000000 		.4byte	0
 6031              	.LLST71:
 6032 0efb 14000000 		.4byte	.LVL227
 6033 0eff 52000000 		.4byte	.LVL237
 6034 0f03 0200     		.2byte	0x2
 6035 0f05 31       		.byte	0x31
 6036 0f06 9F       		.byte	0x9f
ARM GAS  C:\Users\taips\AppData\Local\Temp\ccZaQHee.s 			page 136


 6037 0f07 52000000 		.4byte	.LVL237
 6038 0f0b 5E000000 		.4byte	.LVL239
 6039 0f0f 0100     		.2byte	0x1
 6040 0f11 50       		.byte	0x50
 6041 0f12 40010000 		.4byte	.LVL267
 6042 0f16 50010000 		.4byte	.LVL268
 6043 0f1a 0100     		.2byte	0x1
 6044 0f1c 50       		.byte	0x50
 6045 0f1d 5E010000 		.4byte	.LVL270
 6046 0f21 76010000 		.4byte	.LVL272
 6047 0f25 0100     		.2byte	0x1
 6048 0f27 50       		.byte	0x50
 6049 0f28 76010000 		.4byte	.LVL272
 6050 0f2c 80010000 		.4byte	.LVL277
 6051 0f30 0200     		.2byte	0x2
 6052 0f32 31       		.byte	0x31
 6053 0f33 9F       		.byte	0x9f
 6054 0f34 80010000 		.4byte	.LVL277
 6055 0f38 8E010000 		.4byte	.LFE2
 6056 0f3c 0100     		.2byte	0x1
 6057 0f3e 50       		.byte	0x50
 6058 0f3f 00000000 		.4byte	0
 6059 0f43 00000000 		.4byte	0
 6060              	.LLST72:
 6061 0f47 C6000000 		.4byte	.LVL250
 6062 0f4b 6C010000 		.4byte	.LVL271
 6063 0f4f 0100     		.2byte	0x1
 6064 0f51 54       		.byte	0x54
 6065 0f52 00000000 		.4byte	0
 6066 0f56 00000000 		.4byte	0
 6067              	.LLST73:
 6068 0f5a 4C000000 		.4byte	.LVL236
 6069 0f5e 52000000 		.4byte	.LVL237
 6070 0f62 0200     		.2byte	0x2
 6071 0f64 30       		.byte	0x30
 6072 0f65 9F       		.byte	0x9f
 6073 0f66 52000000 		.4byte	.LVL237
 6074 0f6a 76010000 		.4byte	.LVL272
 6075 0f6e 0100     		.2byte	0x1
 6076 0f70 59       		.byte	0x59
 6077 0f71 00000000 		.4byte	0
 6078 0f75 00000000 		.4byte	0
 6079              	.LLST74:
 6080 0f79 E6000000 		.4byte	.LVL255
 6081 0f7d F8000000 		.4byte	.LVL256
 6082 0f81 0100     		.2byte	0x1
 6083 0f83 51       		.byte	0x51
 6084 0f84 F8000000 		.4byte	.LVL256
 6085 0f88 FD000000 		.4byte	.LVL257-1
 6086 0f8c 0100     		.2byte	0x1
 6087 0f8e 53       		.byte	0x53
 6088 0f8f 02010000 		.4byte	.LVL259
 6089 0f93 04010000 		.4byte	.LVL260
 6090 0f97 0100     		.2byte	0x1
 6091 0f99 51       		.byte	0x51
 6092 0f9a 00000000 		.4byte	0
 6093 0f9e 00000000 		.4byte	0
ARM GAS  C:\Users\taips\AppData\Local\Temp\ccZaQHee.s 			page 137


 6094              	.LLST75:
 6095 0fa2 CC000000 		.4byte	.LVL251
 6096 0fa6 CE000000 		.4byte	.LVL252
 6097 0faa 0100     		.2byte	0x1
 6098 0fac 56       		.byte	0x56
 6099 0fad D8000000 		.4byte	.LVL254
 6100 0fb1 14010000 		.4byte	.LVL262
 6101 0fb5 0100     		.2byte	0x1
 6102 0fb7 56       		.byte	0x56
 6103 0fb8 18010000 		.4byte	.LVL263
 6104 0fbc 1F010000 		.4byte	.LVL264-1
 6105 0fc0 0100     		.2byte	0x1
 6106 0fc2 51       		.byte	0x51
 6107 0fc3 1F010000 		.4byte	.LVL264-1
 6108 0fc7 20010000 		.4byte	.LVL264
 6109 0fcb 0300     		.2byte	0x3
 6110 0fcd 76       		.byte	0x76
 6111 0fce 0C       		.sleb128 12
 6112 0fcf 9F       		.byte	0x9f
 6113 0fd0 40010000 		.4byte	.LVL267
 6114 0fd4 56010000 		.4byte	.LVL269
 6115 0fd8 0300     		.2byte	0x3
 6116 0fda 91       		.byte	0x91
 6117 0fdb CC7E     		.sleb128 -180
 6118 0fdd 56010000 		.4byte	.LVL269
 6119 0fe1 5D010000 		.4byte	.LVL270-1
 6120 0fe5 0100     		.2byte	0x1
 6121 0fe7 50       		.byte	0x50
 6122 0fe8 00000000 		.4byte	0
 6123 0fec 00000000 		.4byte	0
 6124              	.LLST76:
 6125 0ff0 78000000 		.4byte	.LVL244
 6126 0ff4 A1000000 		.4byte	.LVL248-1
 6127 0ff8 0100     		.2byte	0x1
 6128 0ffa 51       		.byte	0x51
 6129 0ffb 00000000 		.4byte	0
 6130 0fff 00000000 		.4byte	0
 6131              	.LLST77:
 6132 1003 20000000 		.4byte	.LVL229
 6133 1007 3C000000 		.4byte	.LVL232
 6134 100b 0100     		.2byte	0x1
 6135 100d 51       		.byte	0x51
 6136 100e 3C000000 		.4byte	.LVL232
 6137 1012 76010000 		.4byte	.LVL272
 6138 1016 0300     		.2byte	0x3
 6139 1018 91       		.byte	0x91
 6140 1019 B47E     		.sleb128 -204
 6141 101b 76010000 		.4byte	.LVL272
 6142 101f 80010000 		.4byte	.LVL277
 6143 1023 0100     		.2byte	0x1
 6144 1025 51       		.byte	0x51
 6145 1026 80010000 		.4byte	.LVL277
 6146 102a 8E010000 		.4byte	.LFE2
 6147 102e 0300     		.2byte	0x3
 6148 1030 91       		.byte	0x91
 6149 1031 B47E     		.sleb128 -204
 6150 1033 00000000 		.4byte	0
ARM GAS  C:\Users\taips\AppData\Local\Temp\ccZaQHee.s 			page 138


 6151 1037 00000000 		.4byte	0
 6152              	.LLST78:
 6153 103b 48000000 		.4byte	.LVL234
 6154 103f 4A000000 		.4byte	.LVL235
 6155 1043 0100     		.2byte	0x1
 6156 1045 53       		.byte	0x53
 6157 1046 4A000000 		.4byte	.LVL235
 6158 104a 76010000 		.4byte	.LVL272
 6159 104e 0300     		.2byte	0x3
 6160 1050 91       		.byte	0x91
 6161 1051 B87E     		.sleb128 -200
 6162 1053 00000000 		.4byte	0
 6163 1057 00000000 		.4byte	0
 6164              	.LLST79:
 6165 105b 52000000 		.4byte	.LVL237
 6166 105f C6000000 		.4byte	.LVL250
 6167 1063 0200     		.2byte	0x2
 6168 1065 30       		.byte	0x30
 6169 1066 9F       		.byte	0x9f
 6170 1067 C6000000 		.4byte	.LVL250
 6171 106b 00010000 		.4byte	.LVL258
 6172 106f 0100     		.2byte	0x1
 6173 1071 57       		.byte	0x57
 6174 1072 00010000 		.4byte	.LVL258
 6175 1076 02010000 		.4byte	.LVL259
 6176 107a 0100     		.2byte	0x1
 6177 107c 50       		.byte	0x50
 6178 107d 02010000 		.4byte	.LVL259
 6179 1081 6C010000 		.4byte	.LVL271
 6180 1085 0100     		.2byte	0x1
 6181 1087 57       		.byte	0x57
 6182 1088 00000000 		.4byte	0
 6183 108c 00000000 		.4byte	0
 6184              	.LLST80:
 6185 1090 56000000 		.4byte	.LVL238
 6186 1094 70000000 		.4byte	.LVL242
 6187 1098 0100     		.2byte	0x1
 6188 109a 54       		.byte	0x54
 6189 109b 70000000 		.4byte	.LVL242
 6190 109f 74000000 		.4byte	.LVL243
 6191 10a3 0100     		.2byte	0x1
 6192 10a5 53       		.byte	0x53
 6193 10a6 74000000 		.4byte	.LVL243
 6194 10aa 6C010000 		.4byte	.LVL271
 6195 10ae 0100     		.2byte	0x1
 6196 10b0 58       		.byte	0x58
 6197 10b1 00000000 		.4byte	0
 6198 10b5 00000000 		.4byte	0
 6199              	.LLST81:
 6200 10b9 0E010000 		.4byte	.LVL261
 6201 10bd 1F010000 		.4byte	.LVL264-1
 6202 10c1 0100     		.2byte	0x1
 6203 10c3 50       		.byte	0x50
 6204 10c4 00000000 		.4byte	0
 6205 10c8 00000000 		.4byte	0
 6206              	.LLST82:
 6207 10cc 00000000 		.4byte	.LVL281
ARM GAS  C:\Users\taips\AppData\Local\Temp\ccZaQHee.s 			page 139


 6208 10d0 10000000 		.4byte	.LVL283
 6209 10d4 0100     		.2byte	0x1
 6210 10d6 50       		.byte	0x50
 6211 10d7 10000000 		.4byte	.LVL283
 6212 10db 60000000 		.4byte	.LVL298
 6213 10df 0100     		.2byte	0x1
 6214 10e1 56       		.byte	0x56
 6215 10e2 60000000 		.4byte	.LVL298
 6216 10e6 62000000 		.4byte	.LFE3
 6217 10ea 0400     		.2byte	0x4
 6218 10ec F3       		.byte	0xf3
 6219 10ed 01       		.uleb128 0x1
 6220 10ee 50       		.byte	0x50
 6221 10ef 9F       		.byte	0x9f
 6222 10f0 00000000 		.4byte	0
 6223 10f4 00000000 		.4byte	0
 6224              	.LLST83:
 6225 10f8 36000000 		.4byte	.LVL289
 6226 10fc 5C000000 		.4byte	.LVL296
 6227 1100 0100     		.2byte	0x1
 6228 1102 55       		.byte	0x55
 6229 1103 00000000 		.4byte	0
 6230 1107 00000000 		.4byte	0
 6231              	.LLST84:
 6232 110b 16000000 		.4byte	.LVL285
 6233 110f 1E000000 		.4byte	.LVL286
 6234 1113 0100     		.2byte	0x1
 6235 1115 53       		.byte	0x53
 6236 1116 1E000000 		.4byte	.LVL286
 6237 111a 2D000000 		.4byte	.LVL288-1
 6238 111e 0200     		.2byte	0x2
 6239 1120 74       		.byte	0x74
 6240 1121 00       		.sleb128 0
 6241 1122 3A000000 		.4byte	.LVL290
 6242 1126 56000000 		.4byte	.LVL295
 6243 112a 0100     		.2byte	0x1
 6244 112c 54       		.byte	0x54
 6245 112d 5C000000 		.4byte	.LVL296
 6246 1131 5E000000 		.4byte	.LVL297
 6247 1135 0100     		.2byte	0x1
 6248 1137 53       		.byte	0x53
 6249 1138 00000000 		.4byte	0
 6250 113c 00000000 		.4byte	0
 6251              	.LLST85:
 6252 1140 0A000000 		.4byte	.LVL282
 6253 1144 36000000 		.4byte	.LVL289
 6254 1148 0200     		.2byte	0x2
 6255 114a 34       		.byte	0x34
 6256 114b 9F       		.byte	0x9f
 6257 114c 36000000 		.4byte	.LVL289
 6258 1150 42000000 		.4byte	.LVL291
 6259 1154 0100     		.2byte	0x1
 6260 1156 50       		.byte	0x50
 6261 1157 54000000 		.4byte	.LVL294
 6262 115b 5C000000 		.4byte	.LVL296
 6263 115f 0100     		.2byte	0x1
 6264 1161 50       		.byte	0x50
ARM GAS  C:\Users\taips\AppData\Local\Temp\ccZaQHee.s 			page 140


 6265 1162 5C000000 		.4byte	.LVL296
 6266 1166 5E000000 		.4byte	.LVL297
 6267 116a 0200     		.2byte	0x2
 6268 116c 34       		.byte	0x34
 6269 116d 9F       		.byte	0x9f
 6270 116e 5E000000 		.4byte	.LVL297
 6271 1172 62000000 		.4byte	.LFE3
 6272 1176 0100     		.2byte	0x1
 6273 1178 50       		.byte	0x50
 6274 1179 00000000 		.4byte	0
 6275 117d 00000000 		.4byte	0
 6276              	.LLST86:
 6277 1181 20000000 		.4byte	.LVL287
 6278 1185 5C000000 		.4byte	.LVL296
 6279 1189 0100     		.2byte	0x1
 6280 118b 57       		.byte	0x57
 6281 118c 00000000 		.4byte	0
 6282 1190 00000000 		.4byte	0
 6283              	.LLST87:
 6284 1194 00000000 		.4byte	.LVL299
 6285 1198 04000000 		.4byte	.LVL300
 6286 119c 0100     		.2byte	0x1
 6287 119e 50       		.byte	0x50
 6288 119f 04000000 		.4byte	.LVL300
 6289 11a3 06000000 		.4byte	.LFE4
 6290 11a7 0400     		.2byte	0x4
 6291 11a9 F3       		.byte	0xf3
 6292 11aa 01       		.uleb128 0x1
 6293 11ab 50       		.byte	0x50
 6294 11ac 9F       		.byte	0x9f
 6295 11ad 00000000 		.4byte	0
 6296 11b1 00000000 		.4byte	0
 6297              		.section	.debug_aranges,"",%progbits
 6298 0000 8C000000 		.4byte	0x8c
 6299 0004 0200     		.2byte	0x2
 6300 0006 00000000 		.4byte	.Ldebug_info0
 6301 000a 04       		.byte	0x4
 6302 000b 00       		.byte	0
 6303 000c 0000     		.2byte	0
 6304 000e 0000     		.2byte	0
 6305 0010 00000000 		.4byte	.LFB5
 6306 0014 2A000000 		.4byte	.LFE5-.LFB5
 6307 0018 00000000 		.4byte	.LFB6
 6308 001c 1A000000 		.4byte	.LFE6-.LFB6
 6309 0020 00000000 		.4byte	.LFB7
 6310 0024 58000000 		.4byte	.LFE7-.LFB7
 6311 0028 00000000 		.4byte	.LFB8
 6312 002c 3A000000 		.4byte	.LFE8-.LFB8
 6313 0030 00000000 		.4byte	.LFB9
 6314 0034 38000000 		.4byte	.LFE9-.LFB9
 6315 0038 00000000 		.4byte	.LFB13
 6316 003c A2000000 		.4byte	.LFE13-.LFB13
 6317 0040 00000000 		.4byte	.LFB10
 6318 0044 14000000 		.4byte	.LFE10-.LFB10
 6319 0048 00000000 		.4byte	.LFB14
 6320 004c 6A000000 		.4byte	.LFE14-.LFB14
 6321 0050 00000000 		.4byte	.LFB12
ARM GAS  C:\Users\taips\AppData\Local\Temp\ccZaQHee.s 			page 141


 6322 0054 7A000000 		.4byte	.LFE12-.LFB12
 6323 0058 00000000 		.4byte	.LFB11
 6324 005c 30000000 		.4byte	.LFE11-.LFB11
 6325 0060 00000000 		.4byte	.LFB0
 6326 0064 96000000 		.4byte	.LFE0-.LFB0
 6327 0068 00000000 		.4byte	.LFB1
 6328 006c 2E020000 		.4byte	.LFE1-.LFB1
 6329 0070 00000000 		.4byte	.LFB2
 6330 0074 8E010000 		.4byte	.LFE2-.LFB2
 6331 0078 00000000 		.4byte	.LFB3
 6332 007c 62000000 		.4byte	.LFE3-.LFB3
 6333 0080 00000000 		.4byte	.LFB4
 6334 0084 06000000 		.4byte	.LFE4-.LFB4
 6335 0088 00000000 		.4byte	0
 6336 008c 00000000 		.4byte	0
 6337              		.section	.debug_ranges,"",%progbits
 6338              	.Ldebug_ranges0:
 6339 0000 32000000 		.4byte	.LBB2
 6340 0004 86000000 		.4byte	.LBE2
 6341 0008 8C000000 		.4byte	.LBB9
 6342 000c C2000000 		.4byte	.LBE9
 6343 0010 C4000000 		.4byte	.LBB10
 6344 0014 C6000000 		.4byte	.LBE10
 6345 0018 D4000000 		.4byte	.LBB11
 6346 001c 0E020000 		.4byte	.LBE11
 6347 0020 00000000 		.4byte	0
 6348 0024 00000000 		.4byte	0
 6349 0028 9C000000 		.4byte	.LBB3
 6350 002c B0000000 		.4byte	.LBE3
 6351 0030 B6000000 		.4byte	.LBB4
 6352 0034 C0000000 		.4byte	.LBE4
 6353 0038 00000000 		.4byte	0
 6354 003c 00000000 		.4byte	0
 6355 0040 94010000 		.4byte	.LBB5
 6356 0044 FA010000 		.4byte	.LBE5
 6357 0048 FC010000 		.4byte	.LBB8
 6358 004c 06020000 		.4byte	.LBE8
 6359 0050 00000000 		.4byte	0
 6360 0054 00000000 		.4byte	0
 6361 0058 B0010000 		.4byte	.LBB6
 6362 005c FA010000 		.4byte	.LBE6
 6363 0060 FC010000 		.4byte	.LBB7
 6364 0064 06020000 		.4byte	.LBE7
 6365 0068 00000000 		.4byte	0
 6366 006c 00000000 		.4byte	0
 6367 0070 36000000 		.4byte	.LBB12
 6368 0074 4E000000 		.4byte	.LBE12
 6369 0078 50000000 		.4byte	.LBB15
 6370 007c 76010000 		.4byte	.LBE15
 6371 0080 00000000 		.4byte	0
 6372 0084 00000000 		.4byte	0
 6373 0088 1A000000 		.4byte	.LBB16
 6374 008c 30000000 		.4byte	.LBE16
 6375 0090 36000000 		.4byte	.LBB17
 6376 0094 5C000000 		.4byte	.LBE17
 6377 0098 00000000 		.4byte	0
 6378 009c 00000000 		.4byte	0
ARM GAS  C:\Users\taips\AppData\Local\Temp\ccZaQHee.s 			page 142


 6379 00a0 00000000 		.4byte	.LFB5
 6380 00a4 2A000000 		.4byte	.LFE5
 6381 00a8 00000000 		.4byte	.LFB6
 6382 00ac 1A000000 		.4byte	.LFE6
 6383 00b0 00000000 		.4byte	.LFB7
 6384 00b4 58000000 		.4byte	.LFE7
 6385 00b8 00000000 		.4byte	.LFB8
 6386 00bc 3A000000 		.4byte	.LFE8
 6387 00c0 00000000 		.4byte	.LFB9
 6388 00c4 38000000 		.4byte	.LFE9
 6389 00c8 00000000 		.4byte	.LFB13
 6390 00cc A2000000 		.4byte	.LFE13
 6391 00d0 00000000 		.4byte	.LFB10
 6392 00d4 14000000 		.4byte	.LFE10
 6393 00d8 00000000 		.4byte	.LFB14
 6394 00dc 6A000000 		.4byte	.LFE14
 6395 00e0 00000000 		.4byte	.LFB12
 6396 00e4 7A000000 		.4byte	.LFE12
 6397 00e8 00000000 		.4byte	.LFB11
 6398 00ec 30000000 		.4byte	.LFE11
 6399 00f0 00000000 		.4byte	.LFB0
 6400 00f4 96000000 		.4byte	.LFE0
 6401 00f8 00000000 		.4byte	.LFB1
 6402 00fc 2E020000 		.4byte	.LFE1
 6403 0100 00000000 		.4byte	.LFB2
 6404 0104 8E010000 		.4byte	.LFE2
 6405 0108 00000000 		.4byte	.LFB3
 6406 010c 62000000 		.4byte	.LFE3
 6407 0110 00000000 		.4byte	.LFB4
 6408 0114 06000000 		.4byte	.LFE4
 6409 0118 00000000 		.4byte	0
 6410 011c 00000000 		.4byte	0
 6411              		.section	.debug_line,"",%progbits
 6412              	.Ldebug_line0:
 6413 0000 DB040000 		.section	.debug_str,"MS",%progbits,1
 6413      0200B200 
 6413      00000201 
 6413      FB0E0D00 
 6413      01010101 
 6414              	.LASF10:
 6415 0000 75696E74 		.ascii	"uint16\000"
 6415      313600
 6416              	.LASF42:
 6417 0007 726F7754 		.ascii	"rowToWrPtr\000"
 6417      6F577250 
 6417      747200
 6418              	.LASF93:
 6419 0012 746D7044 		.ascii	"tmpData\000"
 6419      61746100 
 6420              	.LASF33:
 6421 001a 63795F65 		.ascii	"cy_en_em_eeprom_status_t\000"
 6421      6E5F656D 
 6421      5F656570 
 6421      726F6D5F 
 6421      73746174 
 6422              	.LASF39:
 6423 0033 656D4565 		.ascii	"emEepromAddr\000"
ARM GAS  C:\Users\taips\AppData\Local\Temp\ccZaQHee.s 			page 143


 6423      70726F6D 
 6423      41646472 
 6423      00
 6424              	.LASF53:
 6425 0040 726F774E 		.ascii	"rowNum\000"
 6425      756D00
 6426              	.LASF25:
 6427 0047 6E756D62 		.ascii	"numberOfRows\000"
 6427      65724F66 
 6427      526F7773 
 6427      00
 6428              	.LASF102:
 6429 0054 474E5520 		.ascii	"GNU C11 5.4.1 20160609 (release) [ARM/embedded-5-br"
 6429      43313120 
 6429      352E342E 
 6429      31203230 
 6429      31363036 
 6430 0087 616E6368 		.ascii	"anch revision 237715] -mcpu=cortex-m0 -mthumb -g -O"
 6430      20726576 
 6430      6973696F 
 6430      6E203233 
 6430      37373135 
 6431 00ba 67202D66 		.ascii	"g -ffunction-sections -ffat-lto-objects\000"
 6431      66756E63 
 6431      74696F6E 
 6431      2D736563 
 6431      74696F6E 
 6432              	.LASF94:
 6433 00e2 6E756D57 		.ascii	"numWrites\000"
 6433      72697465 
 6433      7300
 6434              	.LASF7:
 6435 00ec 6C6F6E67 		.ascii	"long long unsigned int\000"
 6435      206C6F6E 
 6435      6720756E 
 6435      7369676E 
 6435      65642069 
 6436              	.LASF54:
 6437 0103 61646472 		.ascii	"addr\000"
 6437      00
 6438              	.LASF18:
 6439 0108 65657072 		.ascii	"eepromSize\000"
 6439      6F6D5369 
 6439      7A6500
 6440              	.LASF6:
 6441 0113 6C6F6E67 		.ascii	"long long int\000"
 6441      206C6F6E 
 6441      6720696E 
 6441      7400
 6442              	.LASF0:
 6443 0121 7369676E 		.ascii	"signed char\000"
 6443      65642063 
 6443      68617200 
 6444              	.LASF56:
 6445 012d 57726974 		.ascii	"WriteRow\000"
 6445      65526F77 
 6445      00
ARM GAS  C:\Users\taips\AppData\Local\Temp\ccZaQHee.s 			page 144


 6446              	.LASF40:
 6447 0136 46696E64 		.ascii	"FindLastWrittenRow\000"
 6447      4C617374 
 6447      57726974 
 6447      74656E52 
 6447      6F7700
 6448              	.LASF32:
 6449 0149 43595F45 		.ascii	"CY_EM_EEPROM_WRITE_FAIL\000"
 6449      4D5F4545 
 6449      50524F4D 
 6449      5F575249 
 6449      54455F46 
 6450              	.LASF99:
 6451 0161 43795F45 		.ascii	"Cy_Em_EEPROM_NumWrites\000"
 6451      6D5F4545 
 6451      50524F4D 
 6451      5F4E756D 
 6451      57726974 
 6452              	.LASF4:
 6453 0178 6C6F6E67 		.ascii	"long int\000"
 6453      20696E74 
 6453      00
 6454              	.LASF22:
 6455 0181 75736572 		.ascii	"userFlashStartAddr\000"
 6455      466C6173 
 6455      68537461 
 6455      72744164 
 6455      647200
 6456              	.LASF100:
 6457 0194 6D656D63 		.ascii	"memcpy\000"
 6457      707900
 6458              	.LASF9:
 6459 019b 75696E74 		.ascii	"uint8\000"
 6459      3800
 6460              	.LASF13:
 6461 01a1 646F7562 		.ascii	"double\000"
 6461      6C6500
 6462              	.LASF11:
 6463 01a8 75696E74 		.ascii	"uint32\000"
 6463      333200
 6464              	.LASF79:
 6465 01af 61637445 		.ascii	"actEepromRowNum\000"
 6465      6570726F 
 6465      6D526F77 
 6465      4E756D00 
 6466              	.LASF95:
 6467 01bf 65654865 		.ascii	"eeHeaderDataOffset\000"
 6467      61646572 
 6467      44617461 
 6467      4F666673 
 6467      657400
 6468              	.LASF84:
 6469 01d2 75706461 		.ascii	"updateAddrFlag\000"
 6469      74654164 
 6469      6472466C 
 6469      616700
 6470              	.LASF38:
ARM GAS  C:\Users\taips\AppData\Local\Temp\ccZaQHee.s 			page 145


 6471 01e1 6E756D52 		.ascii	"numRows\000"
 6471      6F777300 
 6472              	.LASF62:
 6473 01e9 746D7052 		.ascii	"tmpRowAddr\000"
 6473      6F774164 
 6473      647200
 6474              	.LASF69:
 6475 01f4 72616D42 		.ascii	"ramBuffAddr\000"
 6475      75666641 
 6475      64647200 
 6476              	.LASF20:
 6477 0200 72656475 		.ascii	"redundantCopy\000"
 6477      6E64616E 
 6477      74436F70 
 6477      7900
 6478              	.LASF97:
 6479 020e 64617461 		.ascii	"dataAddr\000"
 6479      41646472 
 6479      00
 6480              	.LASF8:
 6481 0217 756E7369 		.ascii	"unsigned int\000"
 6481      676E6564 
 6481      20696E74 
 6481      00
 6482              	.LASF66:
 6483 0224 6E756D42 		.ascii	"numBytes\000"
 6483      79746573 
 6483      00
 6484              	.LASF5:
 6485 022d 6C6F6E67 		.ascii	"long unsigned int\000"
 6485      20756E73 
 6485      69676E65 
 6485      6420696E 
 6485      7400
 6486              	.LASF51:
 6487 023f 47657441 		.ascii	"GetAddresses\000"
 6487      64647265 
 6487      73736573 
 6487      00
 6488              	.LASF103:
 6489 024c 433A5C50 		.ascii	"C:\\Program Files (x86)\\Cypress\\PSoC Creator\\4.4"
 6489      726F6772 
 6489      616D2046 
 6489      696C6573 
 6489      20287838 
 6490 027b 5C50536F 		.ascii	"\\PSoC Creator\\1\\LWO3.cydsn\\Generated_Source\\PS"
 6490      43204372 
 6490      6561746F 
 6490      725C315C 
 6490      4C574F33 
 6491 02a9 6F43345C 		.ascii	"oC4\\cy_em_eeprom.c\000"
 6491      63795F65 
 6491      6D5F6565 
 6491      70726F6D 
 6491      2E6300
 6492              	.LASF34:
 6493 02bc 6C617374 		.ascii	"lastWrRowPtr\000"
ARM GAS  C:\Users\taips\AppData\Local\Temp\ccZaQHee.s 			page 146


 6493      5772526F 
 6493      77507472 
 6493      00
 6494              	.LASF63:
 6495 02c9 43686563 		.ascii	"CheckCrcAndCopy\000"
 6495      6B437263 
 6495      416E6443 
 6495      6F707900 
 6496              	.LASF87:
 6497 02d9 7372634F 		.ascii	"srcOffset\000"
 6497      66667365 
 6497      7400
 6498              	.LASF74:
 6499 02e3 73697A65 		.ascii	"size\000"
 6499      00
 6500              	.LASF3:
 6501 02e8 73686F72 		.ascii	"short unsigned int\000"
 6501      7420756E 
 6501      7369676E 
 6501      65642069 
 6501      6E7400
 6502              	.LASF91:
 6503 02fb 61637445 		.ascii	"actEmEepromRowNum\000"
 6503      6D456570 
 6503      726F6D52 
 6503      6F774E75 
 6503      6D00
 6504              	.LASF43:
 6505 030d 726F7754 		.ascii	"rowToRdPtr\000"
 6505      6F526450 
 6505      747200
 6506              	.LASF92:
 6507 0318 656D4565 		.ascii	"emEepromRowRdAddr\000"
 6507      70726F6D 
 6507      526F7752 
 6507      64416464 
 6507      7200
 6508              	.LASF73:
 6509 032a 65657072 		.ascii	"eepromData\000"
 6509      6F6D4461 
 6509      746100
 6510              	.LASF64:
 6511 0335 64737441 		.ascii	"dstAddr\000"
 6511      64647200 
 6512              	.LASF78:
 6513 033d 73746172 		.ascii	"startRowAddr\000"
 6513      74526F77 
 6513      41646472 
 6513      00
 6514              	.LASF76:
 6515 034a 63757245 		.ascii	"curEepromBaseAddr\000"
 6515      6570726F 
 6515      6D426173 
 6515      65416464 
 6515      7200
 6516              	.LASF72:
 6517 035c 43795F45 		.ascii	"Cy_Em_EEPROM_Read\000"
ARM GAS  C:\Users\taips\AppData\Local\Temp\ccZaQHee.s 			page 147


 6517      6D5F4545 
 6517      50524F4D 
 6517      5F526561 
 6517      6400
 6518              	.LASF68:
 6519 036e 45726173 		.ascii	"EraseRow\000"
 6519      65526F77 
 6519      00
 6520              	.LASF29:
 6521 0377 43595F45 		.ascii	"CY_EM_EEPROM_BAD_PARAM\000"
 6521      4D5F4545 
 6521      50524F4D 
 6521      5F424144 
 6521      5F504152 
 6522              	.LASF30:
 6523 038e 43595F45 		.ascii	"CY_EM_EEPROM_BAD_CHECKSUM\000"
 6523      4D5F4545 
 6523      50524F4D 
 6523      5F424144 
 6523      5F434845 
 6524              	.LASF17:
 6525 03a8 73697A65 		.ascii	"sizetype\000"
 6525      74797065 
 6525      00
 6526              	.LASF16:
 6527 03b1 6C6F6E67 		.ascii	"long double\000"
 6527      20646F75 
 6527      626C6500 
 6528              	.LASF98:
 6529 03bd 43795F45 		.ascii	"Cy_Em_EEPROM_Erase\000"
 6529      6D5F4545 
 6529      50524F4D 
 6529      5F457261 
 6529      736500
 6530              	.LASF89:
 6531 03d0 43795F45 		.ascii	"Cy_Em_EEPROM_Write\000"
 6531      6D5F4545 
 6531      50524F4D 
 6531      5F577269 
 6531      746500
 6532              	.LASF36:
 6533 03e3 7365714E 		.ascii	"seqNum\000"
 6533      756D00
 6534              	.LASF27:
 6535 03ea 63795F73 		.ascii	"cy_stc_eeprom_context_t\000"
 6535      74635F65 
 6535      6570726F 
 6535      6D5F636F 
 6535      6E746578 
 6536              	.LASF41:
 6537 0402 4765744E 		.ascii	"GetNextRowToWrite\000"
 6537      65787452 
 6537      6F77546F 
 6537      57726974 
 6537      6500
 6538              	.LASF58:
 6539 0414 46696C6C 		.ascii	"FillChecksum\000"
ARM GAS  C:\Users\taips\AppData\Local\Temp\ccZaQHee.s 			page 148


 6539      43686563 
 6539      6B73756D 
 6539      00
 6540              	.LASF47:
 6541 0421 43686563 		.ascii	"CheckRanges\000"
 6541      6B52616E 
 6541      67657300 
 6542              	.LASF61:
 6543 042d 77724164 		.ascii	"wrAddr\000"
 6543      647200
 6544              	.LASF90:
 6545 0434 7772436E 		.ascii	"wrCnt\000"
 6545      7400
 6546              	.LASF12:
 6547 043a 666C6F61 		.ascii	"float\000"
 6547      7400
 6548              	.LASF50:
 6549 0440 656E6441 		.ascii	"endAddr\000"
 6549      64647200 
 6550              	.LASF31:
 6551 0448 43595F45 		.ascii	"CY_EM_EEPROM_BAD_DATA\000"
 6551      4D5F4545 
 6551      50524F4D 
 6551      5F424144 
 6551      5F444154 
 6552              	.LASF24:
 6553 045e 776C456E 		.ascii	"wlEndAddr\000"
 6553      64416464 
 6553      7200
 6554              	.LASF1:
 6555 0468 756E7369 		.ascii	"unsigned char\000"
 6555      676E6564 
 6555      20636861 
 6555      7200
 6556              	.LASF57:
 6557 0476 726F7741 		.ascii	"rowAddr\000"
 6557      64647200 
 6558              	.LASF2:
 6559 047e 73686F72 		.ascii	"short int\000"
 6559      7420696E 
 6559      7400
 6560              	.LASF37:
 6561 0488 70726576 		.ascii	"prevSeqNum\000"
 6561      5365714E 
 6561      756D00
 6562              	.LASF96:
 6563 0493 736B6970 		.ascii	"skipOperation\000"
 6563      4F706572 
 6563      6174696F 
 6563      6E00
 6564              	.LASF81:
 6565 04a1 64617461 		.ascii	"dataStartEepromRowNum\000"
 6565      53746172 
 6565      74456570 
 6565      726F6D52 
 6565      6F774E75 
 6566              	.LASF71:
ARM GAS  C:\Users\taips\AppData\Local\Temp\ccZaQHee.s 			page 149


 6567 04b7 43795F45 		.ascii	"Cy_Em_EEPROM_Init\000"
 6567      6D5F4545 
 6567      50524F4D 
 6567      5F496E69 
 6567      7400
 6568              	.LASF60:
 6569 04c9 77726974 		.ascii	"writeRamBuffer\000"
 6569      6552616D 
 6569      42756666 
 6569      657200
 6570              	.LASF65:
 6571 04d8 726F774F 		.ascii	"rowOffset\000"
 6571      66667365 
 6571      7400
 6572              	.LASF67:
 6573 04e2 72635374 		.ascii	"rcStartRowAddr\000"
 6573      61727452 
 6573      6F774164 
 6573      647200
 6574              	.LASF14:
 6575 04f1 63686172 		.ascii	"char\000"
 6575      00
 6576              	.LASF48:
 6577 04f6 636F6E66 		.ascii	"config\000"
 6577      696700
 6578              	.LASF75:
 6579 04fd 6E756D42 		.ascii	"numBytesToRead\000"
 6579      79746573 
 6579      546F5265 
 6579      616400
 6580              	.LASF49:
 6581 050c 73746172 		.ascii	"startAddr\000"
 6581      74416464 
 6581      7200
 6582              	.LASF55:
 6583 0516 736B6970 		.ascii	"skip\000"
 6583      00
 6584              	.LASF52:
 6585 051b 6F666673 		.ascii	"offset\000"
 6585      657400
 6586              	.LASF35:
 6587 0522 636F6E74 		.ascii	"context\000"
 6587      65787400 
 6588              	.LASF26:
 6589 052a 6C617374 		.ascii	"lastWrRowAddr\000"
 6589      5772526F 
 6589      77416464 
 6589      7200
 6590              	.LASF77:
 6591 0538 63757252 		.ascii	"curRowOffset\000"
 6591      6F774F66 
 6591      66736574 
 6591      00
 6592              	.LASF23:
 6593 0545 63795F73 		.ascii	"cy_stc_eeprom_config_t\000"
 6593      74635F65 
 6593      6570726F 
ARM GAS  C:\Users\taips\AppData\Local\Temp\ccZaQHee.s 			page 150


 6593      6D5F636F 
 6593      6E666967 
 6594              	.LASF83:
 6595 055c 72645369 		.ascii	"rdSize\000"
 6595      7A6500
 6596              	.LASF19:
 6597 0563 77656172 		.ascii	"wearLevelingFactor\000"
 6597      4C657665 
 6597      6C696E67 
 6597      46616374 
 6597      6F7200
 6598              	.LASF101:
 6599 0576 6D656D73 		.ascii	"memset\000"
 6599      657400
 6600              	.LASF59:
 6601 057d 72644164 		.ascii	"rdAddr\000"
 6601      647200
 6602              	.LASF88:
 6603 0584 6473744F 		.ascii	"dstOffset\000"
 6603      66667365 
 6603      7400
 6604              	.LASF104:
 6605 058e 43795379 		.ascii	"CySysFlashWriteRow\000"
 6605      73466C61 
 6605      73685772 
 6605      69746552 
 6605      6F7700
 6606              	.LASF44:
 6607 05a1 47657452 		.ascii	"GetRowAddrBySeqNum\000"
 6607      6F774164 
 6607      64724279 
 6607      5365714E 
 6607      756D00
 6608              	.LASF28:
 6609 05b4 43595F45 		.ascii	"CY_EM_EEPROM_SUCCESS\000"
 6609      4D5F4545 
 6609      50524F4D 
 6609      5F535543 
 6609      43455353 
 6610              	.LASF21:
 6611 05c9 626C6F63 		.ascii	"blockingWrite\000"
 6611      6B696E67 
 6611      57726974 
 6611      6500
 6612              	.LASF80:
 6613 05d7 63757252 		.ascii	"curRdEepromRowNum\000"
 6613      64456570 
 6613      726F6D52 
 6613      6F774E75 
 6613      6D00
 6614              	.LASF15:
 6615 05e9 63797374 		.ascii	"cystatus\000"
 6615      61747573 
 6615      00
 6616              	.LASF45:
 6617 05f2 43616C63 		.ascii	"CalcChecksum\000"
 6617      43686563 
ARM GAS  C:\Users\taips\AppData\Local\Temp\ccZaQHee.s 			page 151


 6617      6B73756D 
 6617      00
 6618              	.LASF46:
 6619 05ff 726F7744 		.ascii	"rowData\000"
 6619      61746100 
 6620              	.LASF86:
 6621 0607 64617461 		.ascii	"dataEndEepromRowNum\000"
 6621      456E6445 
 6621      6570726F 
 6621      6D526F77 
 6621      4E756D00 
 6622              	.LASF85:
 6623 061b 6E756D52 		.ascii	"numRowReads\000"
 6623      6F775265 
 6623      61647300 
 6624              	.LASF70:
 6625 0627 656D4565 		.ascii	"emEepromRowAddr\000"
 6625      70726F6D 
 6625      526F7741 
 6625      64647200 
 6626              	.LASF82:
 6627 0637 65654461 		.ascii	"eeData\000"
 6627      746100
 6628              		.ident	"GCC: (GNU Tools for ARM Embedded Processors) 5.4.1 20160609 (release) [ARM/embedded-5-bran
