ARM GAS  C:\Users\taips\AppData\Local\Temp\cctSxJRi.s 			page 1


   1              		.syntax unified
   2              		.cpu cortex-m0
   3              		.fpu softvfp
   4              		.eabi_attribute 20, 1
   5              		.eabi_attribute 21, 1
   6              		.eabi_attribute 23, 3
   7              		.eabi_attribute 24, 1
   8              		.eabi_attribute 25, 1
   9              		.eabi_attribute 26, 1
  10              		.eabi_attribute 30, 1
  11              		.eabi_attribute 34, 0
  12              		.eabi_attribute 18, 4
  13              		.thumb
  14              		.syntax unified
  15              		.file	"CyFlash.c"
  16              		.text
  17              	.Ltext0:
  18              		.cfi_sections	.debug_frame
  19              		.section	.text.CySysFlashClockBackup,"ax",%progbits
  20              		.align	2
  21              		.code	16
  22              		.thumb_func
  23              		.type	CySysFlashClockBackup, %function
  24              	CySysFlashClockBackup:
  25              	.LFB2:
  26              		.file 1 "C:\\Program Files (x86)\\Cypress\\PSoC Creator\\4.4\\PSoC Creator\\1\\LWO3.cydsn\\Generat
   1:C:\Program Files (x86)\Cypress\PSoC Creator\4.4\PSoC Creator\1\LWO3.cydsn\Generated_Source\PSoC4\CyFlash.c **** /***************************************************************************//**
   2:C:\Program Files (x86)\Cypress\PSoC Creator\4.4\PSoC Creator\1\LWO3.cydsn\Generated_Source\PSoC4\CyFlash.c **** * \file CyFlash.c
   3:C:\Program Files (x86)\Cypress\PSoC Creator\4.4\PSoC Creator\1\LWO3.cydsn\Generated_Source\PSoC4\CyFlash.c **** * \version 6.0
   4:C:\Program Files (x86)\Cypress\PSoC Creator\4.4\PSoC Creator\1\LWO3.cydsn\Generated_Source\PSoC4\CyFlash.c **** *
   5:C:\Program Files (x86)\Cypress\PSoC Creator\4.4\PSoC Creator\1\LWO3.cydsn\Generated_Source\PSoC4\CyFlash.c **** * \brief Provides an API for the FLASH.
   6:C:\Program Files (x86)\Cypress\PSoC Creator\4.4\PSoC Creator\1\LWO3.cydsn\Generated_Source\PSoC4\CyFlash.c **** *
   7:C:\Program Files (x86)\Cypress\PSoC Creator\4.4\PSoC Creator\1\LWO3.cydsn\Generated_Source\PSoC4\CyFlash.c **** * \note This code is endian agnostic.
   8:C:\Program Files (x86)\Cypress\PSoC Creator\4.4\PSoC Creator\1\LWO3.cydsn\Generated_Source\PSoC4\CyFlash.c **** *
   9:C:\Program Files (x86)\Cypress\PSoC Creator\4.4\PSoC Creator\1\LWO3.cydsn\Generated_Source\PSoC4\CyFlash.c **** * \note Documentation of the API's in this file is located in the System
  10:C:\Program Files (x86)\Cypress\PSoC Creator\4.4\PSoC Creator\1\LWO3.cydsn\Generated_Source\PSoC4\CyFlash.c **** * Reference Guide provided with PSoC Creator.
  11:C:\Program Files (x86)\Cypress\PSoC Creator\4.4\PSoC Creator\1\LWO3.cydsn\Generated_Source\PSoC4\CyFlash.c **** *
  12:C:\Program Files (x86)\Cypress\PSoC Creator\4.4\PSoC Creator\1\LWO3.cydsn\Generated_Source\PSoC4\CyFlash.c **** ********************************************************************************
  13:C:\Program Files (x86)\Cypress\PSoC Creator\4.4\PSoC Creator\1\LWO3.cydsn\Generated_Source\PSoC4\CyFlash.c **** * \copyright
  14:C:\Program Files (x86)\Cypress\PSoC Creator\4.4\PSoC Creator\1\LWO3.cydsn\Generated_Source\PSoC4\CyFlash.c **** * Copyright 2010-2018, Cypress Semiconductor Corporation.  All rights reserved.
  15:C:\Program Files (x86)\Cypress\PSoC Creator\4.4\PSoC Creator\1\LWO3.cydsn\Generated_Source\PSoC4\CyFlash.c **** * You may use this file only in accordance with the license, terms, conditions,
  16:C:\Program Files (x86)\Cypress\PSoC Creator\4.4\PSoC Creator\1\LWO3.cydsn\Generated_Source\PSoC4\CyFlash.c **** * disclaimers, and limitations in the end user license agreement accompanying
  17:C:\Program Files (x86)\Cypress\PSoC Creator\4.4\PSoC Creator\1\LWO3.cydsn\Generated_Source\PSoC4\CyFlash.c **** * the software package with which this file was provided.
  18:C:\Program Files (x86)\Cypress\PSoC Creator\4.4\PSoC Creator\1\LWO3.cydsn\Generated_Source\PSoC4\CyFlash.c **** *******************************************************************************/
  19:C:\Program Files (x86)\Cypress\PSoC Creator\4.4\PSoC Creator\1\LWO3.cydsn\Generated_Source\PSoC4\CyFlash.c **** 
  20:C:\Program Files (x86)\Cypress\PSoC Creator\4.4\PSoC Creator\1\LWO3.cydsn\Generated_Source\PSoC4\CyFlash.c **** #include "CyFlash.h"
  21:C:\Program Files (x86)\Cypress\PSoC Creator\4.4\PSoC Creator\1\LWO3.cydsn\Generated_Source\PSoC4\CyFlash.c **** 
  22:C:\Program Files (x86)\Cypress\PSoC Creator\4.4\PSoC Creator\1\LWO3.cydsn\Generated_Source\PSoC4\CyFlash.c **** 
  23:C:\Program Files (x86)\Cypress\PSoC Creator\4.4\PSoC Creator\1\LWO3.cydsn\Generated_Source\PSoC4\CyFlash.c **** /*******************************************************************************
  24:C:\Program Files (x86)\Cypress\PSoC Creator\4.4\PSoC Creator\1\LWO3.cydsn\Generated_Source\PSoC4\CyFlash.c **** * Cypress identified a defect with the Flash write functionality of the
  25:C:\Program Files (x86)\Cypress\PSoC Creator\4.4\PSoC Creator\1\LWO3.cydsn\Generated_Source\PSoC4\CyFlash.c **** * PSoC 4000, PSoC 4000U, PSoC 4100, and PSoC 4200 devices. The 
  26:C:\Program Files (x86)\Cypress\PSoC Creator\4.4\PSoC Creator\1\LWO3.cydsn\Generated_Source\PSoC4\CyFlash.c **** * CySysFlashWriteRow() function now checks the data to be written and, if 
  27:C:\Program Files (x86)\Cypress\PSoC Creator\4.4\PSoC Creator\1\LWO3.cydsn\Generated_Source\PSoC4\CyFlash.c **** * necessary, modifies it to have a non-zero checksum. After writing to Flash, 
  28:C:\Program Files (x86)\Cypress\PSoC Creator\4.4\PSoC Creator\1\LWO3.cydsn\Generated_Source\PSoC4\CyFlash.c **** * the modified data is replaced (Flash program) with 
  29:C:\Program Files (x86)\Cypress\PSoC Creator\4.4\PSoC Creator\1\LWO3.cydsn\Generated_Source\PSoC4\CyFlash.c **** * the correct (original) data.
  30:C:\Program Files (x86)\Cypress\PSoC Creator\4.4\PSoC Creator\1\LWO3.cydsn\Generated_Source\PSoC4\CyFlash.c **** *******************************************************************************/
  31:C:\Program Files (x86)\Cypress\PSoC Creator\4.4\PSoC Creator\1\LWO3.cydsn\Generated_Source\PSoC4\CyFlash.c **** #define CY_FLASH_CHECKSUM_WORKAROUND    (CY_PSOC4_4000 || CY_PSOC4_4100 || CY_PSOC4_4200 || CY_PSOC
ARM GAS  C:\Users\taips\AppData\Local\Temp\cctSxJRi.s 			page 2


  32:C:\Program Files (x86)\Cypress\PSoC Creator\4.4\PSoC Creator\1\LWO3.cydsn\Generated_Source\PSoC4\CyFlash.c **** 
  33:C:\Program Files (x86)\Cypress\PSoC Creator\4.4\PSoC Creator\1\LWO3.cydsn\Generated_Source\PSoC4\CyFlash.c **** #if (CY_IP_FM || ((!CY_PSOC4_4000) && CY_IP_SPCIF_SYNCHRONOUS) || (!CY_IP_FM) && CY_PSOC4_4000)
  34:C:\Program Files (x86)\Cypress\PSoC Creator\4.4\PSoC Creator\1\LWO3.cydsn\Generated_Source\PSoC4\CyFlash.c ****     static CY_SYS_FLASH_CLOCK_BACKUP_STRUCT cySysFlashBackup;
  35:C:\Program Files (x86)\Cypress\PSoC Creator\4.4\PSoC Creator\1\LWO3.cydsn\Generated_Source\PSoC4\CyFlash.c **** #endif /* (CY_IP_FM || ((!CY_PSOC4_4000) && CY_IP_SPCIF_SYNCHRONOUS) || (!CY_IP_FM) && CY_PSOC4_400
  36:C:\Program Files (x86)\Cypress\PSoC Creator\4.4\PSoC Creator\1\LWO3.cydsn\Generated_Source\PSoC4\CyFlash.c **** 
  37:C:\Program Files (x86)\Cypress\PSoC Creator\4.4\PSoC Creator\1\LWO3.cydsn\Generated_Source\PSoC4\CyFlash.c **** static cystatus CySysFlashClockBackup(void);
  38:C:\Program Files (x86)\Cypress\PSoC Creator\4.4\PSoC Creator\1\LWO3.cydsn\Generated_Source\PSoC4\CyFlash.c **** static cystatus CySysFlashClockRestore(void);
  39:C:\Program Files (x86)\Cypress\PSoC Creator\4.4\PSoC Creator\1\LWO3.cydsn\Generated_Source\PSoC4\CyFlash.c **** #if(CY_IP_SPCIF_SYNCHRONOUS)
  40:C:\Program Files (x86)\Cypress\PSoC Creator\4.4\PSoC Creator\1\LWO3.cydsn\Generated_Source\PSoC4\CyFlash.c ****     static cystatus CySysFlashClockConfig(void);
  41:C:\Program Files (x86)\Cypress\PSoC Creator\4.4\PSoC Creator\1\LWO3.cydsn\Generated_Source\PSoC4\CyFlash.c **** #endif  /* (CY_IP_SPCIF_SYNCHRONOUS) */
  42:C:\Program Files (x86)\Cypress\PSoC Creator\4.4\PSoC Creator\1\LWO3.cydsn\Generated_Source\PSoC4\CyFlash.c **** 
  43:C:\Program Files (x86)\Cypress\PSoC Creator\4.4\PSoC Creator\1\LWO3.cydsn\Generated_Source\PSoC4\CyFlash.c **** 
  44:C:\Program Files (x86)\Cypress\PSoC Creator\4.4\PSoC Creator\1\LWO3.cydsn\Generated_Source\PSoC4\CyFlash.c **** /*******************************************************************************
  45:C:\Program Files (x86)\Cypress\PSoC Creator\4.4\PSoC Creator\1\LWO3.cydsn\Generated_Source\PSoC4\CyFlash.c **** * Function Name: CySysFlashWriteRow
  46:C:\Program Files (x86)\Cypress\PSoC Creator\4.4\PSoC Creator\1\LWO3.cydsn\Generated_Source\PSoC4\CyFlash.c **** ****************************************************************************//**
  47:C:\Program Files (x86)\Cypress\PSoC Creator\4.4\PSoC Creator\1\LWO3.cydsn\Generated_Source\PSoC4\CyFlash.c **** *
  48:C:\Program Files (x86)\Cypress\PSoC Creator\4.4\PSoC Creator\1\LWO3.cydsn\Generated_Source\PSoC4\CyFlash.c **** * Erases a row of Flash and programs it with the new data.
  49:C:\Program Files (x86)\Cypress\PSoC Creator\4.4\PSoC Creator\1\LWO3.cydsn\Generated_Source\PSoC4\CyFlash.c **** *
  50:C:\Program Files (x86)\Cypress\PSoC Creator\4.4\PSoC Creator\1\LWO3.cydsn\Generated_Source\PSoC4\CyFlash.c **** * The IMO must be enabled before calling this function. The operation of the
  51:C:\Program Files (x86)\Cypress\PSoC Creator\4.4\PSoC Creator\1\LWO3.cydsn\Generated_Source\PSoC4\CyFlash.c **** * flash writing hardware is dependent on the IMO.
  52:C:\Program Files (x86)\Cypress\PSoC Creator\4.4\PSoC Creator\1\LWO3.cydsn\Generated_Source\PSoC4\CyFlash.c **** *
  53:C:\Program Files (x86)\Cypress\PSoC Creator\4.4\PSoC Creator\1\LWO3.cydsn\Generated_Source\PSoC4\CyFlash.c **** * For PSoC 4000, PSoC 4100 BLE and PSoC 4200 BLE devices (PSoC 4100 BLE and
  54:C:\Program Files (x86)\Cypress\PSoC Creator\4.4\PSoC Creator\1\LWO3.cydsn\Generated_Source\PSoC4\CyFlash.c **** * PSoC 4200 BLE devices with 256K of Flash memory are not affected), this API
  55:C:\Program Files (x86)\Cypress\PSoC Creator\4.4\PSoC Creator\1\LWO3.cydsn\Generated_Source\PSoC4\CyFlash.c **** * will automatically modify the clock settings for the device. Writing to
  56:C:\Program Files (x86)\Cypress\PSoC Creator\4.4\PSoC Creator\1\LWO3.cydsn\Generated_Source\PSoC4\CyFlash.c **** * flash requires that changes be made to the IMO and HFCLK settings. The
  57:C:\Program Files (x86)\Cypress\PSoC Creator\4.4\PSoC Creator\1\LWO3.cydsn\Generated_Source\PSoC4\CyFlash.c **** * configuration is restored before returning. This will impact the operation
  58:C:\Program Files (x86)\Cypress\PSoC Creator\4.4\PSoC Creator\1\LWO3.cydsn\Generated_Source\PSoC4\CyFlash.c **** * of most of the hardware in the device.
  59:C:\Program Files (x86)\Cypress\PSoC Creator\4.4\PSoC Creator\1\LWO3.cydsn\Generated_Source\PSoC4\CyFlash.c **** *
  60:C:\Program Files (x86)\Cypress\PSoC Creator\4.4\PSoC Creator\1\LWO3.cydsn\Generated_Source\PSoC4\CyFlash.c **** * For PSoC 4000 devices this API will automatically modify the clock settings
  61:C:\Program Files (x86)\Cypress\PSoC Creator\4.4\PSoC Creator\1\LWO3.cydsn\Generated_Source\PSoC4\CyFlash.c **** * for the device. Writing to flash requires that changes be made to the IMO
  62:C:\Program Files (x86)\Cypress\PSoC Creator\4.4\PSoC Creator\1\LWO3.cydsn\Generated_Source\PSoC4\CyFlash.c **** * and HFCLK settings. The configuration is restored before returning. HFCLK
  63:C:\Program Files (x86)\Cypress\PSoC Creator\4.4\PSoC Creator\1\LWO3.cydsn\Generated_Source\PSoC4\CyFlash.c **** * will have several frequency changes during the operation of this API between
  64:C:\Program Files (x86)\Cypress\PSoC Creator\4.4\PSoC Creator\1\LWO3.cydsn\Generated_Source\PSoC4\CyFlash.c **** * a minimum frequency of the current IMO frequency divided by 8 and a maximum
  65:C:\Program Files (x86)\Cypress\PSoC Creator\4.4\PSoC Creator\1\LWO3.cydsn\Generated_Source\PSoC4\CyFlash.c **** * frequency of 12 MHz. This will impact the operation of most of the hardware
  66:C:\Program Files (x86)\Cypress\PSoC Creator\4.4\PSoC Creator\1\LWO3.cydsn\Generated_Source\PSoC4\CyFlash.c **** * in the device.
  67:C:\Program Files (x86)\Cypress\PSoC Creator\4.4\PSoC Creator\1\LWO3.cydsn\Generated_Source\PSoC4\CyFlash.c **** *
  68:C:\Program Files (x86)\Cypress\PSoC Creator\4.4\PSoC Creator\1\LWO3.cydsn\Generated_Source\PSoC4\CyFlash.c **** * \param rowNum The flash row number. The number of the flash rows is defined by
  69:C:\Program Files (x86)\Cypress\PSoC Creator\4.4\PSoC Creator\1\LWO3.cydsn\Generated_Source\PSoC4\CyFlash.c **** * the \ref CY_FLASH_NUMBER_ROWS macro for the selected device. Refer to the
  70:C:\Program Files (x86)\Cypress\PSoC Creator\4.4\PSoC Creator\1\LWO3.cydsn\Generated_Source\PSoC4\CyFlash.c **** * device datasheet for the details.
  71:C:\Program Files (x86)\Cypress\PSoC Creator\4.4\PSoC Creator\1\LWO3.cydsn\Generated_Source\PSoC4\CyFlash.c **** * \note The target flash array is calculated based on the specified flash row.
  72:C:\Program Files (x86)\Cypress\PSoC Creator\4.4\PSoC Creator\1\LWO3.cydsn\Generated_Source\PSoC4\CyFlash.c **** *
  73:C:\Program Files (x86)\Cypress\PSoC Creator\4.4\PSoC Creator\1\LWO3.cydsn\Generated_Source\PSoC4\CyFlash.c **** * \param rowData Array of bytes to write. The size of the array must be equal to
  74:C:\Program Files (x86)\Cypress\PSoC Creator\4.4\PSoC Creator\1\LWO3.cydsn\Generated_Source\PSoC4\CyFlash.c **** * the flash row size. The flash row size for the selected device is defined by
  75:C:\Program Files (x86)\Cypress\PSoC Creator\4.4\PSoC Creator\1\LWO3.cydsn\Generated_Source\PSoC4\CyFlash.c **** * the \ref CY_FLASH_SIZEOF_ROW macro. Refer to the device datasheet for the
  76:C:\Program Files (x86)\Cypress\PSoC Creator\4.4\PSoC Creator\1\LWO3.cydsn\Generated_Source\PSoC4\CyFlash.c **** * details.
  77:C:\Program Files (x86)\Cypress\PSoC Creator\4.4\PSoC Creator\1\LWO3.cydsn\Generated_Source\PSoC4\CyFlash.c **** *
  78:C:\Program Files (x86)\Cypress\PSoC Creator\4.4\PSoC Creator\1\LWO3.cydsn\Generated_Source\PSoC4\CyFlash.c **** * \return \ref group_flash_status_codes
  79:C:\Program Files (x86)\Cypress\PSoC Creator\4.4\PSoC Creator\1\LWO3.cydsn\Generated_Source\PSoC4\CyFlash.c **** *
  80:C:\Program Files (x86)\Cypress\PSoC Creator\4.4\PSoC Creator\1\LWO3.cydsn\Generated_Source\PSoC4\CyFlash.c **** *******************************************************************************/
  81:C:\Program Files (x86)\Cypress\PSoC Creator\4.4\PSoC Creator\1\LWO3.cydsn\Generated_Source\PSoC4\CyFlash.c **** uint32 CySysFlashWriteRow(uint32 rowNum, const uint8 rowData[])
  82:C:\Program Files (x86)\Cypress\PSoC Creator\4.4\PSoC Creator\1\LWO3.cydsn\Generated_Source\PSoC4\CyFlash.c **** {
  83:C:\Program Files (x86)\Cypress\PSoC Creator\4.4\PSoC Creator\1\LWO3.cydsn\Generated_Source\PSoC4\CyFlash.c ****     volatile uint32 retValue = CY_SYS_FLASH_SUCCESS;
  84:C:\Program Files (x86)\Cypress\PSoC Creator\4.4\PSoC Creator\1\LWO3.cydsn\Generated_Source\PSoC4\CyFlash.c ****     volatile uint32 clkCnfRetValue = CY_SYS_FLASH_SUCCESS;
  85:C:\Program Files (x86)\Cypress\PSoC Creator\4.4\PSoC Creator\1\LWO3.cydsn\Generated_Source\PSoC4\CyFlash.c ****     volatile uint32 parameters[(CY_FLASH_SIZEOF_ROW + CY_FLASH_SRAM_ROM_DATA) / sizeof(uint32)];
  86:C:\Program Files (x86)\Cypress\PSoC Creator\4.4\PSoC Creator\1\LWO3.cydsn\Generated_Source\PSoC4\CyFlash.c ****     uint8  interruptState;
  87:C:\Program Files (x86)\Cypress\PSoC Creator\4.4\PSoC Creator\1\LWO3.cydsn\Generated_Source\PSoC4\CyFlash.c **** 
  88:C:\Program Files (x86)\Cypress\PSoC Creator\4.4\PSoC Creator\1\LWO3.cydsn\Generated_Source\PSoC4\CyFlash.c ****     #if (CY_FLASH_CHECKSUM_WORKAROUND)
ARM GAS  C:\Users\taips\AppData\Local\Temp\cctSxJRi.s 			page 3


  89:C:\Program Files (x86)\Cypress\PSoC Creator\4.4\PSoC Creator\1\LWO3.cydsn\Generated_Source\PSoC4\CyFlash.c ****         uint32 needChecksumWorkaround = 0u;
  90:C:\Program Files (x86)\Cypress\PSoC Creator\4.4\PSoC Creator\1\LWO3.cydsn\Generated_Source\PSoC4\CyFlash.c ****         uint32 savedIndex = 0u;
  91:C:\Program Files (x86)\Cypress\PSoC Creator\4.4\PSoC Creator\1\LWO3.cydsn\Generated_Source\PSoC4\CyFlash.c ****         uint32 savedValue = 0u;
  92:C:\Program Files (x86)\Cypress\PSoC Creator\4.4\PSoC Creator\1\LWO3.cydsn\Generated_Source\PSoC4\CyFlash.c ****         uint32 checksum = 0u;
  93:C:\Program Files (x86)\Cypress\PSoC Creator\4.4\PSoC Creator\1\LWO3.cydsn\Generated_Source\PSoC4\CyFlash.c ****         uint32 bits = 0u;
  94:C:\Program Files (x86)\Cypress\PSoC Creator\4.4\PSoC Creator\1\LWO3.cydsn\Generated_Source\PSoC4\CyFlash.c ****         uint32 i;
  95:C:\Program Files (x86)\Cypress\PSoC Creator\4.4\PSoC Creator\1\LWO3.cydsn\Generated_Source\PSoC4\CyFlash.c ****     #endif  /* (CY_FLASH_CHECKSUM_WORKAROUND) */
  96:C:\Program Files (x86)\Cypress\PSoC Creator\4.4\PSoC Creator\1\LWO3.cydsn\Generated_Source\PSoC4\CyFlash.c **** 
  97:C:\Program Files (x86)\Cypress\PSoC Creator\4.4\PSoC Creator\1\LWO3.cydsn\Generated_Source\PSoC4\CyFlash.c ****     if ((rowNum < CY_FLASH_NUMBER_ROWS) && (rowData != 0u))
  98:C:\Program Files (x86)\Cypress\PSoC Creator\4.4\PSoC Creator\1\LWO3.cydsn\Generated_Source\PSoC4\CyFlash.c ****     {
  99:C:\Program Files (x86)\Cypress\PSoC Creator\4.4\PSoC Creator\1\LWO3.cydsn\Generated_Source\PSoC4\CyFlash.c ****         /* Copy data to be written into internal variable */
 100:C:\Program Files (x86)\Cypress\PSoC Creator\4.4\PSoC Creator\1\LWO3.cydsn\Generated_Source\PSoC4\CyFlash.c ****         (void)memcpy((void *)&parameters[2u], rowData, CY_FLASH_SIZEOF_ROW);
 101:C:\Program Files (x86)\Cypress\PSoC Creator\4.4\PSoC Creator\1\LWO3.cydsn\Generated_Source\PSoC4\CyFlash.c **** 
 102:C:\Program Files (x86)\Cypress\PSoC Creator\4.4\PSoC Creator\1\LWO3.cydsn\Generated_Source\PSoC4\CyFlash.c ****         #if (CY_FLASH_CHECKSUM_WORKAROUND)
 103:C:\Program Files (x86)\Cypress\PSoC Creator\4.4\PSoC Creator\1\LWO3.cydsn\Generated_Source\PSoC4\CyFlash.c **** 
 104:C:\Program Files (x86)\Cypress\PSoC Creator\4.4\PSoC Creator\1\LWO3.cydsn\Generated_Source\PSoC4\CyFlash.c ****             for (i = 2u; i < ((CY_FLASH_SIZEOF_ROW / sizeof(uint32)) + 2u); i++)
 105:C:\Program Files (x86)\Cypress\PSoC Creator\4.4\PSoC Creator\1\LWO3.cydsn\Generated_Source\PSoC4\CyFlash.c ****             {
 106:C:\Program Files (x86)\Cypress\PSoC Creator\4.4\PSoC Creator\1\LWO3.cydsn\Generated_Source\PSoC4\CyFlash.c ****                 uint32 tmp = parameters[i];
 107:C:\Program Files (x86)\Cypress\PSoC Creator\4.4\PSoC Creator\1\LWO3.cydsn\Generated_Source\PSoC4\CyFlash.c ****                 if (tmp != 0u)
 108:C:\Program Files (x86)\Cypress\PSoC Creator\4.4\PSoC Creator\1\LWO3.cydsn\Generated_Source\PSoC4\CyFlash.c ****                 {
 109:C:\Program Files (x86)\Cypress\PSoC Creator\4.4\PSoC Creator\1\LWO3.cydsn\Generated_Source\PSoC4\CyFlash.c ****                     checksum += tmp;
 110:C:\Program Files (x86)\Cypress\PSoC Creator\4.4\PSoC Creator\1\LWO3.cydsn\Generated_Source\PSoC4\CyFlash.c ****                     bits |= tmp;
 111:C:\Program Files (x86)\Cypress\PSoC Creator\4.4\PSoC Creator\1\LWO3.cydsn\Generated_Source\PSoC4\CyFlash.c ****                     savedIndex = i;
 112:C:\Program Files (x86)\Cypress\PSoC Creator\4.4\PSoC Creator\1\LWO3.cydsn\Generated_Source\PSoC4\CyFlash.c ****                 }
 113:C:\Program Files (x86)\Cypress\PSoC Creator\4.4\PSoC Creator\1\LWO3.cydsn\Generated_Source\PSoC4\CyFlash.c ****             }
 114:C:\Program Files (x86)\Cypress\PSoC Creator\4.4\PSoC Creator\1\LWO3.cydsn\Generated_Source\PSoC4\CyFlash.c **** 
 115:C:\Program Files (x86)\Cypress\PSoC Creator\4.4\PSoC Creator\1\LWO3.cydsn\Generated_Source\PSoC4\CyFlash.c ****             needChecksumWorkaround = ((checksum == 0u) && (bits != 0u)) ? 1u : 0u;
 116:C:\Program Files (x86)\Cypress\PSoC Creator\4.4\PSoC Creator\1\LWO3.cydsn\Generated_Source\PSoC4\CyFlash.c ****             if (needChecksumWorkaround != 0u)
 117:C:\Program Files (x86)\Cypress\PSoC Creator\4.4\PSoC Creator\1\LWO3.cydsn\Generated_Source\PSoC4\CyFlash.c ****             {
 118:C:\Program Files (x86)\Cypress\PSoC Creator\4.4\PSoC Creator\1\LWO3.cydsn\Generated_Source\PSoC4\CyFlash.c ****                 savedValue = parameters[savedIndex];
 119:C:\Program Files (x86)\Cypress\PSoC Creator\4.4\PSoC Creator\1\LWO3.cydsn\Generated_Source\PSoC4\CyFlash.c ****                 parameters[savedIndex] = 0u;
 120:C:\Program Files (x86)\Cypress\PSoC Creator\4.4\PSoC Creator\1\LWO3.cydsn\Generated_Source\PSoC4\CyFlash.c ****             }
 121:C:\Program Files (x86)\Cypress\PSoC Creator\4.4\PSoC Creator\1\LWO3.cydsn\Generated_Source\PSoC4\CyFlash.c ****         #endif  /* (CY_FLASH_CHECKSUM_WORKAROUND) */
 122:C:\Program Files (x86)\Cypress\PSoC Creator\4.4\PSoC Creator\1\LWO3.cydsn\Generated_Source\PSoC4\CyFlash.c **** 
 123:C:\Program Files (x86)\Cypress\PSoC Creator\4.4\PSoC Creator\1\LWO3.cydsn\Generated_Source\PSoC4\CyFlash.c ****         /* Load Flash Bytes */
 124:C:\Program Files (x86)\Cypress\PSoC Creator\4.4\PSoC Creator\1\LWO3.cydsn\Generated_Source\PSoC4\CyFlash.c ****         parameters[0u] = (uint32) (CY_FLASH_GET_MACRO_FROM_ROW(rowNum)        << CY_FLASH_PARAM_MAC
 125:C:\Program Files (x86)\Cypress\PSoC Creator\4.4\PSoC Creator\1\LWO3.cydsn\Generated_Source\PSoC4\CyFlash.c ****                          (uint32) (CY_FLASH_PAGE_LATCH_START_ADDR             << CY_FLASH_PARAM_ADD
 126:C:\Program Files (x86)\Cypress\PSoC Creator\4.4\PSoC Creator\1\LWO3.cydsn\Generated_Source\PSoC4\CyFlash.c ****                          (uint32) (CY_FLASH_KEY_TWO(CY_FLASH_API_OPCODE_LOAD) << CY_FLASH_PARAM_KEY
 127:C:\Program Files (x86)\Cypress\PSoC Creator\4.4\PSoC Creator\1\LWO3.cydsn\Generated_Source\PSoC4\CyFlash.c ****                          CY_FLASH_KEY_ONE;
 128:C:\Program Files (x86)\Cypress\PSoC Creator\4.4\PSoC Creator\1\LWO3.cydsn\Generated_Source\PSoC4\CyFlash.c ****         parameters[1u] = CY_FLASH_SIZEOF_ROW - 1u;
 129:C:\Program Files (x86)\Cypress\PSoC Creator\4.4\PSoC Creator\1\LWO3.cydsn\Generated_Source\PSoC4\CyFlash.c **** 
 130:C:\Program Files (x86)\Cypress\PSoC Creator\4.4\PSoC Creator\1\LWO3.cydsn\Generated_Source\PSoC4\CyFlash.c ****         CY_FLASH_CPUSS_SYSARG_REG = (uint32) &parameters[0u];
 131:C:\Program Files (x86)\Cypress\PSoC Creator\4.4\PSoC Creator\1\LWO3.cydsn\Generated_Source\PSoC4\CyFlash.c ****         CY_FLASH_CPUSS_SYSREQ_REG = CY_FLASH_CPUSS_REQ_START | CY_FLASH_API_OPCODE_LOAD;
 132:C:\Program Files (x86)\Cypress\PSoC Creator\4.4\PSoC Creator\1\LWO3.cydsn\Generated_Source\PSoC4\CyFlash.c ****         CY_NOP;
 133:C:\Program Files (x86)\Cypress\PSoC Creator\4.4\PSoC Creator\1\LWO3.cydsn\Generated_Source\PSoC4\CyFlash.c ****         retValue = CY_FLASH_API_RETURN;
 134:C:\Program Files (x86)\Cypress\PSoC Creator\4.4\PSoC Creator\1\LWO3.cydsn\Generated_Source\PSoC4\CyFlash.c **** 
 135:C:\Program Files (x86)\Cypress\PSoC Creator\4.4\PSoC Creator\1\LWO3.cydsn\Generated_Source\PSoC4\CyFlash.c ****         if(retValue == CY_SYS_FLASH_SUCCESS)
 136:C:\Program Files (x86)\Cypress\PSoC Creator\4.4\PSoC Creator\1\LWO3.cydsn\Generated_Source\PSoC4\CyFlash.c ****         {
 137:C:\Program Files (x86)\Cypress\PSoC Creator\4.4\PSoC Creator\1\LWO3.cydsn\Generated_Source\PSoC4\CyFlash.c ****             /***************************************************************
 138:C:\Program Files (x86)\Cypress\PSoC Creator\4.4\PSoC Creator\1\LWO3.cydsn\Generated_Source\PSoC4\CyFlash.c ****             * Mask all the exceptions to guarantee that Flash write will
 139:C:\Program Files (x86)\Cypress\PSoC Creator\4.4\PSoC Creator\1\LWO3.cydsn\Generated_Source\PSoC4\CyFlash.c ****             * occur in the atomic way. It will not affect system call
 140:C:\Program Files (x86)\Cypress\PSoC Creator\4.4\PSoC Creator\1\LWO3.cydsn\Generated_Source\PSoC4\CyFlash.c ****             * execution (flash row write) since it is executed in the NMI
 141:C:\Program Files (x86)\Cypress\PSoC Creator\4.4\PSoC Creator\1\LWO3.cydsn\Generated_Source\PSoC4\CyFlash.c ****             * context.
 142:C:\Program Files (x86)\Cypress\PSoC Creator\4.4\PSoC Creator\1\LWO3.cydsn\Generated_Source\PSoC4\CyFlash.c ****             ***************************************************************/
 143:C:\Program Files (x86)\Cypress\PSoC Creator\4.4\PSoC Creator\1\LWO3.cydsn\Generated_Source\PSoC4\CyFlash.c ****             interruptState = CyEnterCriticalSection();
 144:C:\Program Files (x86)\Cypress\PSoC Creator\4.4\PSoC Creator\1\LWO3.cydsn\Generated_Source\PSoC4\CyFlash.c **** 
 145:C:\Program Files (x86)\Cypress\PSoC Creator\4.4\PSoC Creator\1\LWO3.cydsn\Generated_Source\PSoC4\CyFlash.c ****             clkCnfRetValue = CySysFlashClockBackup();
ARM GAS  C:\Users\taips\AppData\Local\Temp\cctSxJRi.s 			page 4


 146:C:\Program Files (x86)\Cypress\PSoC Creator\4.4\PSoC Creator\1\LWO3.cydsn\Generated_Source\PSoC4\CyFlash.c **** 
 147:C:\Program Files (x86)\Cypress\PSoC Creator\4.4\PSoC Creator\1\LWO3.cydsn\Generated_Source\PSoC4\CyFlash.c ****         #if(CY_IP_SPCIF_SYNCHRONOUS)
 148:C:\Program Files (x86)\Cypress\PSoC Creator\4.4\PSoC Creator\1\LWO3.cydsn\Generated_Source\PSoC4\CyFlash.c ****             if(clkCnfRetValue == CY_SYS_FLASH_SUCCESS)
 149:C:\Program Files (x86)\Cypress\PSoC Creator\4.4\PSoC Creator\1\LWO3.cydsn\Generated_Source\PSoC4\CyFlash.c ****             {
 150:C:\Program Files (x86)\Cypress\PSoC Creator\4.4\PSoC Creator\1\LWO3.cydsn\Generated_Source\PSoC4\CyFlash.c ****                 retValue = CySysFlashClockConfig();
 151:C:\Program Files (x86)\Cypress\PSoC Creator\4.4\PSoC Creator\1\LWO3.cydsn\Generated_Source\PSoC4\CyFlash.c ****             }
 152:C:\Program Files (x86)\Cypress\PSoC Creator\4.4\PSoC Creator\1\LWO3.cydsn\Generated_Source\PSoC4\CyFlash.c ****         #endif  /* (CY_IP_SPCIF_SYNCHRONOUS) */
 153:C:\Program Files (x86)\Cypress\PSoC Creator\4.4\PSoC Creator\1\LWO3.cydsn\Generated_Source\PSoC4\CyFlash.c **** 
 154:C:\Program Files (x86)\Cypress\PSoC Creator\4.4\PSoC Creator\1\LWO3.cydsn\Generated_Source\PSoC4\CyFlash.c ****             if(retValue == CY_SYS_FLASH_SUCCESS)
 155:C:\Program Files (x86)\Cypress\PSoC Creator\4.4\PSoC Creator\1\LWO3.cydsn\Generated_Source\PSoC4\CyFlash.c ****             {
 156:C:\Program Files (x86)\Cypress\PSoC Creator\4.4\PSoC Creator\1\LWO3.cydsn\Generated_Source\PSoC4\CyFlash.c ****                 /* Write Row */
 157:C:\Program Files (x86)\Cypress\PSoC Creator\4.4\PSoC Creator\1\LWO3.cydsn\Generated_Source\PSoC4\CyFlash.c ****                 parameters[0u]  = (uint32) (((uint32) CY_FLASH_KEY_TWO(CY_FLASH_API_OPCODE_WRITE_RO
 158:C:\Program Files (x86)\Cypress\PSoC Creator\4.4\PSoC Creator\1\LWO3.cydsn\Generated_Source\PSoC4\CyFlash.c ****                 parameters[0u] |= (uint32)(rowNum << 16u);
 159:C:\Program Files (x86)\Cypress\PSoC Creator\4.4\PSoC Creator\1\LWO3.cydsn\Generated_Source\PSoC4\CyFlash.c **** 
 160:C:\Program Files (x86)\Cypress\PSoC Creator\4.4\PSoC Creator\1\LWO3.cydsn\Generated_Source\PSoC4\CyFlash.c ****                 CY_FLASH_CPUSS_SYSARG_REG = (uint32) &parameters[0u];
 161:C:\Program Files (x86)\Cypress\PSoC Creator\4.4\PSoC Creator\1\LWO3.cydsn\Generated_Source\PSoC4\CyFlash.c ****                 CY_FLASH_CPUSS_SYSREQ_REG = CY_FLASH_CPUSS_REQ_START | CY_FLASH_API_OPCODE_WRITE_RO
 162:C:\Program Files (x86)\Cypress\PSoC Creator\4.4\PSoC Creator\1\LWO3.cydsn\Generated_Source\PSoC4\CyFlash.c ****                 CY_NOP;
 163:C:\Program Files (x86)\Cypress\PSoC Creator\4.4\PSoC Creator\1\LWO3.cydsn\Generated_Source\PSoC4\CyFlash.c ****                 retValue = CY_FLASH_API_RETURN;
 164:C:\Program Files (x86)\Cypress\PSoC Creator\4.4\PSoC Creator\1\LWO3.cydsn\Generated_Source\PSoC4\CyFlash.c ****             }
 165:C:\Program Files (x86)\Cypress\PSoC Creator\4.4\PSoC Creator\1\LWO3.cydsn\Generated_Source\PSoC4\CyFlash.c **** 
 166:C:\Program Files (x86)\Cypress\PSoC Creator\4.4\PSoC Creator\1\LWO3.cydsn\Generated_Source\PSoC4\CyFlash.c ****             #if (CY_FLASH_CHECKSUM_WORKAROUND)
 167:C:\Program Files (x86)\Cypress\PSoC Creator\4.4\PSoC Creator\1\LWO3.cydsn\Generated_Source\PSoC4\CyFlash.c **** 
 168:C:\Program Files (x86)\Cypress\PSoC Creator\4.4\PSoC Creator\1\LWO3.cydsn\Generated_Source\PSoC4\CyFlash.c ****                 if ((retValue == CYRET_SUCCESS) && (needChecksumWorkaround != 0u))
 169:C:\Program Files (x86)\Cypress\PSoC Creator\4.4\PSoC Creator\1\LWO3.cydsn\Generated_Source\PSoC4\CyFlash.c ****                 {
 170:C:\Program Files (x86)\Cypress\PSoC Creator\4.4\PSoC Creator\1\LWO3.cydsn\Generated_Source\PSoC4\CyFlash.c ****                     (void)memset((void *)&parameters[2u], 0, CY_FLASH_SIZEOF_ROW);
 171:C:\Program Files (x86)\Cypress\PSoC Creator\4.4\PSoC Creator\1\LWO3.cydsn\Generated_Source\PSoC4\CyFlash.c ****                     parameters[savedIndex] = savedValue;
 172:C:\Program Files (x86)\Cypress\PSoC Creator\4.4\PSoC Creator\1\LWO3.cydsn\Generated_Source\PSoC4\CyFlash.c **** 
 173:C:\Program Files (x86)\Cypress\PSoC Creator\4.4\PSoC Creator\1\LWO3.cydsn\Generated_Source\PSoC4\CyFlash.c ****                     /* Load Flash Bytes */
 174:C:\Program Files (x86)\Cypress\PSoC Creator\4.4\PSoC Creator\1\LWO3.cydsn\Generated_Source\PSoC4\CyFlash.c ****                     parameters[0u] = (uint32) (CY_FLASH_GET_MACRO_FROM_ROW(rowNum)        << CY_FLA
 175:C:\Program Files (x86)\Cypress\PSoC Creator\4.4\PSoC Creator\1\LWO3.cydsn\Generated_Source\PSoC4\CyFlash.c ****                                      (uint32) (CY_FLASH_PAGE_LATCH_START_ADDR             << CY_FLA
 176:C:\Program Files (x86)\Cypress\PSoC Creator\4.4\PSoC Creator\1\LWO3.cydsn\Generated_Source\PSoC4\CyFlash.c ****                                      (uint32) (CY_FLASH_KEY_TWO(CY_FLASH_API_OPCODE_LOAD) << CY_FLA
 177:C:\Program Files (x86)\Cypress\PSoC Creator\4.4\PSoC Creator\1\LWO3.cydsn\Generated_Source\PSoC4\CyFlash.c ****                                      CY_FLASH_KEY_ONE;
 178:C:\Program Files (x86)\Cypress\PSoC Creator\4.4\PSoC Creator\1\LWO3.cydsn\Generated_Source\PSoC4\CyFlash.c ****                     parameters[1u] = CY_FLASH_SIZEOF_ROW - 1u;
 179:C:\Program Files (x86)\Cypress\PSoC Creator\4.4\PSoC Creator\1\LWO3.cydsn\Generated_Source\PSoC4\CyFlash.c **** 
 180:C:\Program Files (x86)\Cypress\PSoC Creator\4.4\PSoC Creator\1\LWO3.cydsn\Generated_Source\PSoC4\CyFlash.c ****                     CY_FLASH_CPUSS_SYSARG_REG = (uint32) &parameters[0u];
 181:C:\Program Files (x86)\Cypress\PSoC Creator\4.4\PSoC Creator\1\LWO3.cydsn\Generated_Source\PSoC4\CyFlash.c ****                     CY_FLASH_CPUSS_SYSREQ_REG = CY_FLASH_CPUSS_REQ_START | CY_FLASH_API_OPCODE_LOAD
 182:C:\Program Files (x86)\Cypress\PSoC Creator\4.4\PSoC Creator\1\LWO3.cydsn\Generated_Source\PSoC4\CyFlash.c ****                     CY_NOP;
 183:C:\Program Files (x86)\Cypress\PSoC Creator\4.4\PSoC Creator\1\LWO3.cydsn\Generated_Source\PSoC4\CyFlash.c ****                     retValue = CY_FLASH_API_RETURN;
 184:C:\Program Files (x86)\Cypress\PSoC Creator\4.4\PSoC Creator\1\LWO3.cydsn\Generated_Source\PSoC4\CyFlash.c **** 
 185:C:\Program Files (x86)\Cypress\PSoC Creator\4.4\PSoC Creator\1\LWO3.cydsn\Generated_Source\PSoC4\CyFlash.c **** 
 186:C:\Program Files (x86)\Cypress\PSoC Creator\4.4\PSoC Creator\1\LWO3.cydsn\Generated_Source\PSoC4\CyFlash.c ****                     if(retValue == CY_SYS_FLASH_SUCCESS)
 187:C:\Program Files (x86)\Cypress\PSoC Creator\4.4\PSoC Creator\1\LWO3.cydsn\Generated_Source\PSoC4\CyFlash.c ****                     {
 188:C:\Program Files (x86)\Cypress\PSoC Creator\4.4\PSoC Creator\1\LWO3.cydsn\Generated_Source\PSoC4\CyFlash.c ****                         /* Program Row */
 189:C:\Program Files (x86)\Cypress\PSoC Creator\4.4\PSoC Creator\1\LWO3.cydsn\Generated_Source\PSoC4\CyFlash.c ****                         parameters[0u]  =
 190:C:\Program Files (x86)\Cypress\PSoC Creator\4.4\PSoC Creator\1\LWO3.cydsn\Generated_Source\PSoC4\CyFlash.c ****                             (uint32) (((uint32) CY_FLASH_KEY_TWO(CY_FLASH_API_OPCODE_PROGRAM_ROW) <
 191:C:\Program Files (x86)\Cypress\PSoC Creator\4.4\PSoC Creator\1\LWO3.cydsn\Generated_Source\PSoC4\CyFlash.c ****                                                     CY_FLASH_PARAM_KEY_TWO_OFFSET) | CY_FLASH_KEY_O
 192:C:\Program Files (x86)\Cypress\PSoC Creator\4.4\PSoC Creator\1\LWO3.cydsn\Generated_Source\PSoC4\CyFlash.c ****                         parameters[0u] |= (uint32)(rowNum << 16u);
 193:C:\Program Files (x86)\Cypress\PSoC Creator\4.4\PSoC Creator\1\LWO3.cydsn\Generated_Source\PSoC4\CyFlash.c **** 
 194:C:\Program Files (x86)\Cypress\PSoC Creator\4.4\PSoC Creator\1\LWO3.cydsn\Generated_Source\PSoC4\CyFlash.c ****                         CY_FLASH_CPUSS_SYSARG_REG = (uint32) &parameters[0u];
 195:C:\Program Files (x86)\Cypress\PSoC Creator\4.4\PSoC Creator\1\LWO3.cydsn\Generated_Source\PSoC4\CyFlash.c ****                         CY_FLASH_CPUSS_SYSREQ_REG = CY_FLASH_CPUSS_REQ_START | CY_FLASH_API_OPCODE_
 196:C:\Program Files (x86)\Cypress\PSoC Creator\4.4\PSoC Creator\1\LWO3.cydsn\Generated_Source\PSoC4\CyFlash.c ****                         CY_NOP;
 197:C:\Program Files (x86)\Cypress\PSoC Creator\4.4\PSoC Creator\1\LWO3.cydsn\Generated_Source\PSoC4\CyFlash.c ****                         retValue = CY_FLASH_API_RETURN;
 198:C:\Program Files (x86)\Cypress\PSoC Creator\4.4\PSoC Creator\1\LWO3.cydsn\Generated_Source\PSoC4\CyFlash.c ****                     }
 199:C:\Program Files (x86)\Cypress\PSoC Creator\4.4\PSoC Creator\1\LWO3.cydsn\Generated_Source\PSoC4\CyFlash.c ****                 }
 200:C:\Program Files (x86)\Cypress\PSoC Creator\4.4\PSoC Creator\1\LWO3.cydsn\Generated_Source\PSoC4\CyFlash.c ****             #endif  /* (CY_FLASH_CHECKSUM_WORKAROUND) */
 201:C:\Program Files (x86)\Cypress\PSoC Creator\4.4\PSoC Creator\1\LWO3.cydsn\Generated_Source\PSoC4\CyFlash.c **** 
 202:C:\Program Files (x86)\Cypress\PSoC Creator\4.4\PSoC Creator\1\LWO3.cydsn\Generated_Source\PSoC4\CyFlash.c ****             if(clkCnfRetValue == CY_SYS_FLASH_SUCCESS)
ARM GAS  C:\Users\taips\AppData\Local\Temp\cctSxJRi.s 			page 5


 203:C:\Program Files (x86)\Cypress\PSoC Creator\4.4\PSoC Creator\1\LWO3.cydsn\Generated_Source\PSoC4\CyFlash.c ****             {
 204:C:\Program Files (x86)\Cypress\PSoC Creator\4.4\PSoC Creator\1\LWO3.cydsn\Generated_Source\PSoC4\CyFlash.c ****                 clkCnfRetValue = CySysFlashClockRestore();
 205:C:\Program Files (x86)\Cypress\PSoC Creator\4.4\PSoC Creator\1\LWO3.cydsn\Generated_Source\PSoC4\CyFlash.c **** 
 206:C:\Program Files (x86)\Cypress\PSoC Creator\4.4\PSoC Creator\1\LWO3.cydsn\Generated_Source\PSoC4\CyFlash.c ****                 if(clkCnfRetValue != CY_SYS_FLASH_SUCCESS)
 207:C:\Program Files (x86)\Cypress\PSoC Creator\4.4\PSoC Creator\1\LWO3.cydsn\Generated_Source\PSoC4\CyFlash.c ****                 {
 208:C:\Program Files (x86)\Cypress\PSoC Creator\4.4\PSoC Creator\1\LWO3.cydsn\Generated_Source\PSoC4\CyFlash.c ****                     retValue = clkCnfRetValue;
 209:C:\Program Files (x86)\Cypress\PSoC Creator\4.4\PSoC Creator\1\LWO3.cydsn\Generated_Source\PSoC4\CyFlash.c ****                 }
 210:C:\Program Files (x86)\Cypress\PSoC Creator\4.4\PSoC Creator\1\LWO3.cydsn\Generated_Source\PSoC4\CyFlash.c ****             }
 211:C:\Program Files (x86)\Cypress\PSoC Creator\4.4\PSoC Creator\1\LWO3.cydsn\Generated_Source\PSoC4\CyFlash.c **** 
 212:C:\Program Files (x86)\Cypress\PSoC Creator\4.4\PSoC Creator\1\LWO3.cydsn\Generated_Source\PSoC4\CyFlash.c ****             CyExitCriticalSection(interruptState);
 213:C:\Program Files (x86)\Cypress\PSoC Creator\4.4\PSoC Creator\1\LWO3.cydsn\Generated_Source\PSoC4\CyFlash.c ****         }
 214:C:\Program Files (x86)\Cypress\PSoC Creator\4.4\PSoC Creator\1\LWO3.cydsn\Generated_Source\PSoC4\CyFlash.c ****     }
 215:C:\Program Files (x86)\Cypress\PSoC Creator\4.4\PSoC Creator\1\LWO3.cydsn\Generated_Source\PSoC4\CyFlash.c ****     else
 216:C:\Program Files (x86)\Cypress\PSoC Creator\4.4\PSoC Creator\1\LWO3.cydsn\Generated_Source\PSoC4\CyFlash.c ****     {
 217:C:\Program Files (x86)\Cypress\PSoC Creator\4.4\PSoC Creator\1\LWO3.cydsn\Generated_Source\PSoC4\CyFlash.c ****         retValue = CY_SYS_FLASH_INVALID_ADDR;
 218:C:\Program Files (x86)\Cypress\PSoC Creator\4.4\PSoC Creator\1\LWO3.cydsn\Generated_Source\PSoC4\CyFlash.c ****     }
 219:C:\Program Files (x86)\Cypress\PSoC Creator\4.4\PSoC Creator\1\LWO3.cydsn\Generated_Source\PSoC4\CyFlash.c **** 
 220:C:\Program Files (x86)\Cypress\PSoC Creator\4.4\PSoC Creator\1\LWO3.cydsn\Generated_Source\PSoC4\CyFlash.c ****     return (retValue);
 221:C:\Program Files (x86)\Cypress\PSoC Creator\4.4\PSoC Creator\1\LWO3.cydsn\Generated_Source\PSoC4\CyFlash.c **** }
 222:C:\Program Files (x86)\Cypress\PSoC Creator\4.4\PSoC Creator\1\LWO3.cydsn\Generated_Source\PSoC4\CyFlash.c **** 
 223:C:\Program Files (x86)\Cypress\PSoC Creator\4.4\PSoC Creator\1\LWO3.cydsn\Generated_Source\PSoC4\CyFlash.c **** 
 224:C:\Program Files (x86)\Cypress\PSoC Creator\4.4\PSoC Creator\1\LWO3.cydsn\Generated_Source\PSoC4\CyFlash.c **** 
 225:C:\Program Files (x86)\Cypress\PSoC Creator\4.4\PSoC Creator\1\LWO3.cydsn\Generated_Source\PSoC4\CyFlash.c **** #if (CY_IP_FLASH_PARALLEL_PGM_EN && (CY_IP_FLASH_MACROS > 1u))
 226:C:\Program Files (x86)\Cypress\PSoC Creator\4.4\PSoC Creator\1\LWO3.cydsn\Generated_Source\PSoC4\CyFlash.c **** /*******************************************************************************
 227:C:\Program Files (x86)\Cypress\PSoC Creator\4.4\PSoC Creator\1\LWO3.cydsn\Generated_Source\PSoC4\CyFlash.c **** * Function Name: CySysFlashStartWriteRow
 228:C:\Program Files (x86)\Cypress\PSoC Creator\4.4\PSoC Creator\1\LWO3.cydsn\Generated_Source\PSoC4\CyFlash.c **** ****************************************************************************//**
 229:C:\Program Files (x86)\Cypress\PSoC Creator\4.4\PSoC Creator\1\LWO3.cydsn\Generated_Source\PSoC4\CyFlash.c **** *
 230:C:\Program Files (x86)\Cypress\PSoC Creator\4.4\PSoC Creator\1\LWO3.cydsn\Generated_Source\PSoC4\CyFlash.c **** * Initiates a write to a row of Flash. A call to this API is non-blocking. 
 231:C:\Program Files (x86)\Cypress\PSoC Creator\4.4\PSoC Creator\1\LWO3.cydsn\Generated_Source\PSoC4\CyFlash.c **** * Use CySysFlashResumeWriteRow() to resume flash writes and 
 232:C:\Program Files (x86)\Cypress\PSoC Creator\4.4\PSoC Creator\1\LWO3.cydsn\Generated_Source\PSoC4\CyFlash.c **** * CySysFlashGetWriteRowStatus() to ascertain status of the write operation.
 233:C:\Program Files (x86)\Cypress\PSoC Creator\4.4\PSoC Creator\1\LWO3.cydsn\Generated_Source\PSoC4\CyFlash.c **** *
 234:C:\Program Files (x86)\Cypress\PSoC Creator\4.4\PSoC Creator\1\LWO3.cydsn\Generated_Source\PSoC4\CyFlash.c **** * The devices require HFCLK to be sourced by 48 MHz IMO during flash write.
 235:C:\Program Files (x86)\Cypress\PSoC Creator\4.4\PSoC Creator\1\LWO3.cydsn\Generated_Source\PSoC4\CyFlash.c **** * This API will modify IMO configuration; it can be later restored to original
 236:C:\Program Files (x86)\Cypress\PSoC Creator\4.4\PSoC Creator\1\LWO3.cydsn\Generated_Source\PSoC4\CyFlash.c **** * configuration by calling \ref CySysFlashGetWriteRowStatus().
 237:C:\Program Files (x86)\Cypress\PSoC Creator\4.4\PSoC Creator\1\LWO3.cydsn\Generated_Source\PSoC4\CyFlash.c **** *
 238:C:\Program Files (x86)\Cypress\PSoC Creator\4.4\PSoC Creator\1\LWO3.cydsn\Generated_Source\PSoC4\CyFlash.c **** * \note The non-blocking operation does not return success status 
 239:C:\Program Files (x86)\Cypress\PSoC Creator\4.4\PSoC Creator\1\LWO3.cydsn\Generated_Source\PSoC4\CyFlash.c **** * CY_SYS_FLASH_SUCCESS until the last \ref CySysFlashResumeWriteRow API 
 240:C:\Program Files (x86)\Cypress\PSoC Creator\4.4\PSoC Creator\1\LWO3.cydsn\Generated_Source\PSoC4\CyFlash.c **** * is complete. The CPUSS_SYSARG register will be reflecting the SRAM address 
 241:C:\Program Files (x86)\Cypress\PSoC Creator\4.4\PSoC Creator\1\LWO3.cydsn\Generated_Source\PSoC4\CyFlash.c **** * during an ongoing non-blocking operation.
 242:C:\Program Files (x86)\Cypress\PSoC Creator\4.4\PSoC Creator\1\LWO3.cydsn\Generated_Source\PSoC4\CyFlash.c **** *    
 243:C:\Program Files (x86)\Cypress\PSoC Creator\4.4\PSoC Creator\1\LWO3.cydsn\Generated_Source\PSoC4\CyFlash.c **** * \param rowNum The flash row number. The number of the flash rows is defined by
 244:C:\Program Files (x86)\Cypress\PSoC Creator\4.4\PSoC Creator\1\LWO3.cydsn\Generated_Source\PSoC4\CyFlash.c **** * the \ref CY_FLASH_NUMBER_ROWS macro for the selected device. Refer to the
 245:C:\Program Files (x86)\Cypress\PSoC Creator\4.4\PSoC Creator\1\LWO3.cydsn\Generated_Source\PSoC4\CyFlash.c **** * device datasheet for the details.
 246:C:\Program Files (x86)\Cypress\PSoC Creator\4.4\PSoC Creator\1\LWO3.cydsn\Generated_Source\PSoC4\CyFlash.c **** * \note The target flash array is calculated based on the specified flash row.
 247:C:\Program Files (x86)\Cypress\PSoC Creator\4.4\PSoC Creator\1\LWO3.cydsn\Generated_Source\PSoC4\CyFlash.c **** *
 248:C:\Program Files (x86)\Cypress\PSoC Creator\4.4\PSoC Creator\1\LWO3.cydsn\Generated_Source\PSoC4\CyFlash.c **** * \param rowData Array of bytes to write. The size of the array must be equal to
 249:C:\Program Files (x86)\Cypress\PSoC Creator\4.4\PSoC Creator\1\LWO3.cydsn\Generated_Source\PSoC4\CyFlash.c **** * the flash row size. The flash row size for the selected device is defined by
 250:C:\Program Files (x86)\Cypress\PSoC Creator\4.4\PSoC Creator\1\LWO3.cydsn\Generated_Source\PSoC4\CyFlash.c **** * the \ref CY_FLASH_SIZEOF_ROW macro. Refer to the device datasheet for the
 251:C:\Program Files (x86)\Cypress\PSoC Creator\4.4\PSoC Creator\1\LWO3.cydsn\Generated_Source\PSoC4\CyFlash.c **** * details.
 252:C:\Program Files (x86)\Cypress\PSoC Creator\4.4\PSoC Creator\1\LWO3.cydsn\Generated_Source\PSoC4\CyFlash.c **** *
 253:C:\Program Files (x86)\Cypress\PSoC Creator\4.4\PSoC Creator\1\LWO3.cydsn\Generated_Source\PSoC4\CyFlash.c **** * \return \ref group_flash_status_codes
 254:C:\Program Files (x86)\Cypress\PSoC Creator\4.4\PSoC Creator\1\LWO3.cydsn\Generated_Source\PSoC4\CyFlash.c **** *
 255:C:\Program Files (x86)\Cypress\PSoC Creator\4.4\PSoC Creator\1\LWO3.cydsn\Generated_Source\PSoC4\CyFlash.c **** *******************************************************************************/
 256:C:\Program Files (x86)\Cypress\PSoC Creator\4.4\PSoC Creator\1\LWO3.cydsn\Generated_Source\PSoC4\CyFlash.c **** uint32 CySysFlashStartWriteRow(uint32 rowNum, const uint8 rowData[])
 257:C:\Program Files (x86)\Cypress\PSoC Creator\4.4\PSoC Creator\1\LWO3.cydsn\Generated_Source\PSoC4\CyFlash.c **** {
 258:C:\Program Files (x86)\Cypress\PSoC Creator\4.4\PSoC Creator\1\LWO3.cydsn\Generated_Source\PSoC4\CyFlash.c ****     volatile uint32 retValue = CY_SYS_FLASH_SUCCESS;
 259:C:\Program Files (x86)\Cypress\PSoC Creator\4.4\PSoC Creator\1\LWO3.cydsn\Generated_Source\PSoC4\CyFlash.c ****     volatile uint32 parameters[(CY_FLASH_SIZEOF_ROW + CY_FLASH_SRAM_ROM_DATA) / sizeof(uint32)];
ARM GAS  C:\Users\taips\AppData\Local\Temp\cctSxJRi.s 			page 6


 260:C:\Program Files (x86)\Cypress\PSoC Creator\4.4\PSoC Creator\1\LWO3.cydsn\Generated_Source\PSoC4\CyFlash.c ****     uint8  interruptState;
 261:C:\Program Files (x86)\Cypress\PSoC Creator\4.4\PSoC Creator\1\LWO3.cydsn\Generated_Source\PSoC4\CyFlash.c **** 
 262:C:\Program Files (x86)\Cypress\PSoC Creator\4.4\PSoC Creator\1\LWO3.cydsn\Generated_Source\PSoC4\CyFlash.c **** #if(CY_IP_SPCIF_SYNCHRONOUS)
 263:C:\Program Files (x86)\Cypress\PSoC Creator\4.4\PSoC Creator\1\LWO3.cydsn\Generated_Source\PSoC4\CyFlash.c ****     volatile uint32 clkCnfRetValue = CY_SYS_FLASH_SUCCESS;
 264:C:\Program Files (x86)\Cypress\PSoC Creator\4.4\PSoC Creator\1\LWO3.cydsn\Generated_Source\PSoC4\CyFlash.c **** #endif  /* (CY_IP_SPCIF_SYNCHRONOUS) */    
 265:C:\Program Files (x86)\Cypress\PSoC Creator\4.4\PSoC Creator\1\LWO3.cydsn\Generated_Source\PSoC4\CyFlash.c **** 
 266:C:\Program Files (x86)\Cypress\PSoC Creator\4.4\PSoC Creator\1\LWO3.cydsn\Generated_Source\PSoC4\CyFlash.c ****     if ((rowNum < CY_FLASH_NUMBER_ROWS) && (rowData != 0u))
 267:C:\Program Files (x86)\Cypress\PSoC Creator\4.4\PSoC Creator\1\LWO3.cydsn\Generated_Source\PSoC4\CyFlash.c ****     {
 268:C:\Program Files (x86)\Cypress\PSoC Creator\4.4\PSoC Creator\1\LWO3.cydsn\Generated_Source\PSoC4\CyFlash.c ****         /* Copy data to be written into internal variable */
 269:C:\Program Files (x86)\Cypress\PSoC Creator\4.4\PSoC Creator\1\LWO3.cydsn\Generated_Source\PSoC4\CyFlash.c ****         (void)memcpy((void *)&parameters[2u], rowData, CY_FLASH_SIZEOF_ROW);
 270:C:\Program Files (x86)\Cypress\PSoC Creator\4.4\PSoC Creator\1\LWO3.cydsn\Generated_Source\PSoC4\CyFlash.c **** 
 271:C:\Program Files (x86)\Cypress\PSoC Creator\4.4\PSoC Creator\1\LWO3.cydsn\Generated_Source\PSoC4\CyFlash.c ****         /* Load Flash Bytes */
 272:C:\Program Files (x86)\Cypress\PSoC Creator\4.4\PSoC Creator\1\LWO3.cydsn\Generated_Source\PSoC4\CyFlash.c ****         parameters[0u] = (uint32) (CY_FLASH_GET_MACRO_FROM_ROW(rowNum)        << CY_FLASH_PARAM_MAC
 273:C:\Program Files (x86)\Cypress\PSoC Creator\4.4\PSoC Creator\1\LWO3.cydsn\Generated_Source\PSoC4\CyFlash.c ****                          (uint32) (CY_FLASH_PAGE_LATCH_START_ADDR             << CY_FLASH_PARAM_ADD
 274:C:\Program Files (x86)\Cypress\PSoC Creator\4.4\PSoC Creator\1\LWO3.cydsn\Generated_Source\PSoC4\CyFlash.c ****                          (uint32) (CY_FLASH_KEY_TWO(CY_FLASH_API_OPCODE_LOAD) << CY_FLASH_PARAM_KEY
 275:C:\Program Files (x86)\Cypress\PSoC Creator\4.4\PSoC Creator\1\LWO3.cydsn\Generated_Source\PSoC4\CyFlash.c ****                          CY_FLASH_KEY_ONE;
 276:C:\Program Files (x86)\Cypress\PSoC Creator\4.4\PSoC Creator\1\LWO3.cydsn\Generated_Source\PSoC4\CyFlash.c ****         parameters[1u] = CY_FLASH_SIZEOF_ROW - 1u;
 277:C:\Program Files (x86)\Cypress\PSoC Creator\4.4\PSoC Creator\1\LWO3.cydsn\Generated_Source\PSoC4\CyFlash.c **** 
 278:C:\Program Files (x86)\Cypress\PSoC Creator\4.4\PSoC Creator\1\LWO3.cydsn\Generated_Source\PSoC4\CyFlash.c ****         CY_FLASH_CPUSS_SYSARG_REG = (uint32) &parameters[0u];
 279:C:\Program Files (x86)\Cypress\PSoC Creator\4.4\PSoC Creator\1\LWO3.cydsn\Generated_Source\PSoC4\CyFlash.c ****         CY_FLASH_CPUSS_SYSREQ_REG = CY_FLASH_CPUSS_REQ_START | CY_FLASH_API_OPCODE_LOAD;
 280:C:\Program Files (x86)\Cypress\PSoC Creator\4.4\PSoC Creator\1\LWO3.cydsn\Generated_Source\PSoC4\CyFlash.c ****         CY_NOP;
 281:C:\Program Files (x86)\Cypress\PSoC Creator\4.4\PSoC Creator\1\LWO3.cydsn\Generated_Source\PSoC4\CyFlash.c ****         retValue = CY_FLASH_API_RETURN;
 282:C:\Program Files (x86)\Cypress\PSoC Creator\4.4\PSoC Creator\1\LWO3.cydsn\Generated_Source\PSoC4\CyFlash.c **** 
 283:C:\Program Files (x86)\Cypress\PSoC Creator\4.4\PSoC Creator\1\LWO3.cydsn\Generated_Source\PSoC4\CyFlash.c ****         if(retValue == CY_SYS_FLASH_SUCCESS)
 284:C:\Program Files (x86)\Cypress\PSoC Creator\4.4\PSoC Creator\1\LWO3.cydsn\Generated_Source\PSoC4\CyFlash.c ****         {
 285:C:\Program Files (x86)\Cypress\PSoC Creator\4.4\PSoC Creator\1\LWO3.cydsn\Generated_Source\PSoC4\CyFlash.c ****             /***************************************************************
 286:C:\Program Files (x86)\Cypress\PSoC Creator\4.4\PSoC Creator\1\LWO3.cydsn\Generated_Source\PSoC4\CyFlash.c ****             * Mask all the exceptions to guarantee that Flash write will
 287:C:\Program Files (x86)\Cypress\PSoC Creator\4.4\PSoC Creator\1\LWO3.cydsn\Generated_Source\PSoC4\CyFlash.c ****             * occur in the atomic way. It will not affect system call
 288:C:\Program Files (x86)\Cypress\PSoC Creator\4.4\PSoC Creator\1\LWO3.cydsn\Generated_Source\PSoC4\CyFlash.c ****             * execution (flash row write) since it is executed in the NMI
 289:C:\Program Files (x86)\Cypress\PSoC Creator\4.4\PSoC Creator\1\LWO3.cydsn\Generated_Source\PSoC4\CyFlash.c ****             * context.
 290:C:\Program Files (x86)\Cypress\PSoC Creator\4.4\PSoC Creator\1\LWO3.cydsn\Generated_Source\PSoC4\CyFlash.c ****             ***************************************************************/
 291:C:\Program Files (x86)\Cypress\PSoC Creator\4.4\PSoC Creator\1\LWO3.cydsn\Generated_Source\PSoC4\CyFlash.c ****             interruptState = CyEnterCriticalSection();
 292:C:\Program Files (x86)\Cypress\PSoC Creator\4.4\PSoC Creator\1\LWO3.cydsn\Generated_Source\PSoC4\CyFlash.c **** 
 293:C:\Program Files (x86)\Cypress\PSoC Creator\4.4\PSoC Creator\1\LWO3.cydsn\Generated_Source\PSoC4\CyFlash.c ****         #if(CY_IP_SPCIF_SYNCHRONOUS)
 294:C:\Program Files (x86)\Cypress\PSoC Creator\4.4\PSoC Creator\1\LWO3.cydsn\Generated_Source\PSoC4\CyFlash.c ****             clkCnfRetValue = CySysFlashClockBackup();
 295:C:\Program Files (x86)\Cypress\PSoC Creator\4.4\PSoC Creator\1\LWO3.cydsn\Generated_Source\PSoC4\CyFlash.c ****             
 296:C:\Program Files (x86)\Cypress\PSoC Creator\4.4\PSoC Creator\1\LWO3.cydsn\Generated_Source\PSoC4\CyFlash.c ****             if(clkCnfRetValue == CY_SYS_FLASH_SUCCESS)
 297:C:\Program Files (x86)\Cypress\PSoC Creator\4.4\PSoC Creator\1\LWO3.cydsn\Generated_Source\PSoC4\CyFlash.c ****             {
 298:C:\Program Files (x86)\Cypress\PSoC Creator\4.4\PSoC Creator\1\LWO3.cydsn\Generated_Source\PSoC4\CyFlash.c ****                 retValue = CySysFlashClockConfig();
 299:C:\Program Files (x86)\Cypress\PSoC Creator\4.4\PSoC Creator\1\LWO3.cydsn\Generated_Source\PSoC4\CyFlash.c ****             }
 300:C:\Program Files (x86)\Cypress\PSoC Creator\4.4\PSoC Creator\1\LWO3.cydsn\Generated_Source\PSoC4\CyFlash.c ****         #else
 301:C:\Program Files (x86)\Cypress\PSoC Creator\4.4\PSoC Creator\1\LWO3.cydsn\Generated_Source\PSoC4\CyFlash.c ****             (void)CySysFlashClockBackup();
 302:C:\Program Files (x86)\Cypress\PSoC Creator\4.4\PSoC Creator\1\LWO3.cydsn\Generated_Source\PSoC4\CyFlash.c ****         #endif  /* (CY_IP_SPCIF_SYNCHRONOUS) */
 303:C:\Program Files (x86)\Cypress\PSoC Creator\4.4\PSoC Creator\1\LWO3.cydsn\Generated_Source\PSoC4\CyFlash.c **** 
 304:C:\Program Files (x86)\Cypress\PSoC Creator\4.4\PSoC Creator\1\LWO3.cydsn\Generated_Source\PSoC4\CyFlash.c ****             if(retValue == CY_SYS_FLASH_SUCCESS)
 305:C:\Program Files (x86)\Cypress\PSoC Creator\4.4\PSoC Creator\1\LWO3.cydsn\Generated_Source\PSoC4\CyFlash.c ****             {
 306:C:\Program Files (x86)\Cypress\PSoC Creator\4.4\PSoC Creator\1\LWO3.cydsn\Generated_Source\PSoC4\CyFlash.c ****                 /* Non-blocking Write Row */
 307:C:\Program Files (x86)\Cypress\PSoC Creator\4.4\PSoC Creator\1\LWO3.cydsn\Generated_Source\PSoC4\CyFlash.c ****                 parameters[0u]  = (uint32) (((uint32) CY_FLASH_KEY_TWO(CY_FLASH_API_OPCODE_NON_BLOC
 308:C:\Program Files (x86)\Cypress\PSoC Creator\4.4\PSoC Creator\1\LWO3.cydsn\Generated_Source\PSoC4\CyFlash.c ****                                                         CY_FLASH_PARAM_KEY_TWO_OFFSET) | CY_FLASH_K
 309:C:\Program Files (x86)\Cypress\PSoC Creator\4.4\PSoC Creator\1\LWO3.cydsn\Generated_Source\PSoC4\CyFlash.c ****                 parameters[0u] |= (uint32)(rowNum << 16u);
 310:C:\Program Files (x86)\Cypress\PSoC Creator\4.4\PSoC Creator\1\LWO3.cydsn\Generated_Source\PSoC4\CyFlash.c **** 
 311:C:\Program Files (x86)\Cypress\PSoC Creator\4.4\PSoC Creator\1\LWO3.cydsn\Generated_Source\PSoC4\CyFlash.c ****                 CY_FLASH_CPUSS_SYSARG_REG = (uint32) &parameters[0u];
 312:C:\Program Files (x86)\Cypress\PSoC Creator\4.4\PSoC Creator\1\LWO3.cydsn\Generated_Source\PSoC4\CyFlash.c ****                 CY_FLASH_CPUSS_SYSREQ_REG = CY_FLASH_CPUSS_REQ_START | CY_FLASH_API_OPCODE_NON_BLOC
 313:C:\Program Files (x86)\Cypress\PSoC Creator\4.4\PSoC Creator\1\LWO3.cydsn\Generated_Source\PSoC4\CyFlash.c ****                 CY_NOP;
 314:C:\Program Files (x86)\Cypress\PSoC Creator\4.4\PSoC Creator\1\LWO3.cydsn\Generated_Source\PSoC4\CyFlash.c ****                 retValue = CY_FLASH_API_RETURN;
 315:C:\Program Files (x86)\Cypress\PSoC Creator\4.4\PSoC Creator\1\LWO3.cydsn\Generated_Source\PSoC4\CyFlash.c ****             }
 316:C:\Program Files (x86)\Cypress\PSoC Creator\4.4\PSoC Creator\1\LWO3.cydsn\Generated_Source\PSoC4\CyFlash.c **** 
ARM GAS  C:\Users\taips\AppData\Local\Temp\cctSxJRi.s 			page 7


 317:C:\Program Files (x86)\Cypress\PSoC Creator\4.4\PSoC Creator\1\LWO3.cydsn\Generated_Source\PSoC4\CyFlash.c ****             CyExitCriticalSection(interruptState);
 318:C:\Program Files (x86)\Cypress\PSoC Creator\4.4\PSoC Creator\1\LWO3.cydsn\Generated_Source\PSoC4\CyFlash.c ****         }
 319:C:\Program Files (x86)\Cypress\PSoC Creator\4.4\PSoC Creator\1\LWO3.cydsn\Generated_Source\PSoC4\CyFlash.c ****     }
 320:C:\Program Files (x86)\Cypress\PSoC Creator\4.4\PSoC Creator\1\LWO3.cydsn\Generated_Source\PSoC4\CyFlash.c ****     else
 321:C:\Program Files (x86)\Cypress\PSoC Creator\4.4\PSoC Creator\1\LWO3.cydsn\Generated_Source\PSoC4\CyFlash.c ****     {
 322:C:\Program Files (x86)\Cypress\PSoC Creator\4.4\PSoC Creator\1\LWO3.cydsn\Generated_Source\PSoC4\CyFlash.c ****         retValue = CY_SYS_FLASH_INVALID_ADDR;
 323:C:\Program Files (x86)\Cypress\PSoC Creator\4.4\PSoC Creator\1\LWO3.cydsn\Generated_Source\PSoC4\CyFlash.c ****     }
 324:C:\Program Files (x86)\Cypress\PSoC Creator\4.4\PSoC Creator\1\LWO3.cydsn\Generated_Source\PSoC4\CyFlash.c **** 
 325:C:\Program Files (x86)\Cypress\PSoC Creator\4.4\PSoC Creator\1\LWO3.cydsn\Generated_Source\PSoC4\CyFlash.c ****     return (retValue);
 326:C:\Program Files (x86)\Cypress\PSoC Creator\4.4\PSoC Creator\1\LWO3.cydsn\Generated_Source\PSoC4\CyFlash.c **** }
 327:C:\Program Files (x86)\Cypress\PSoC Creator\4.4\PSoC Creator\1\LWO3.cydsn\Generated_Source\PSoC4\CyFlash.c **** 
 328:C:\Program Files (x86)\Cypress\PSoC Creator\4.4\PSoC Creator\1\LWO3.cydsn\Generated_Source\PSoC4\CyFlash.c **** 
 329:C:\Program Files (x86)\Cypress\PSoC Creator\4.4\PSoC Creator\1\LWO3.cydsn\Generated_Source\PSoC4\CyFlash.c **** /*******************************************************************************
 330:C:\Program Files (x86)\Cypress\PSoC Creator\4.4\PSoC Creator\1\LWO3.cydsn\Generated_Source\PSoC4\CyFlash.c **** * Function Name: CySysFlashGetWriteRowStatus
 331:C:\Program Files (x86)\Cypress\PSoC Creator\4.4\PSoC Creator\1\LWO3.cydsn\Generated_Source\PSoC4\CyFlash.c **** ****************************************************************************//**
 332:C:\Program Files (x86)\Cypress\PSoC Creator\4.4\PSoC Creator\1\LWO3.cydsn\Generated_Source\PSoC4\CyFlash.c **** *
 333:C:\Program Files (x86)\Cypress\PSoC Creator\4.4\PSoC Creator\1\LWO3.cydsn\Generated_Source\PSoC4\CyFlash.c **** * Returns the current status of the flash write operation.
 334:C:\Program Files (x86)\Cypress\PSoC Creator\4.4\PSoC Creator\1\LWO3.cydsn\Generated_Source\PSoC4\CyFlash.c **** *
 335:C:\Program Files (x86)\Cypress\PSoC Creator\4.4\PSoC Creator\1\LWO3.cydsn\Generated_Source\PSoC4\CyFlash.c **** ** \note The non-blocking operation does not return success status 
 336:C:\Program Files (x86)\Cypress\PSoC Creator\4.4\PSoC Creator\1\LWO3.cydsn\Generated_Source\PSoC4\CyFlash.c **** * CY_SYS_FLASH_SUCCESS until the last \ref CySysFlashResumeWriteRow API 
 337:C:\Program Files (x86)\Cypress\PSoC Creator\4.4\PSoC Creator\1\LWO3.cydsn\Generated_Source\PSoC4\CyFlash.c **** * is complete. The CPUSS_SYSARG register will be reflecting the SRAM address 
 338:C:\Program Files (x86)\Cypress\PSoC Creator\4.4\PSoC Creator\1\LWO3.cydsn\Generated_Source\PSoC4\CyFlash.c **** * during an ongoing non-blocking operation.
 339:C:\Program Files (x86)\Cypress\PSoC Creator\4.4\PSoC Creator\1\LWO3.cydsn\Generated_Source\PSoC4\CyFlash.c **** * Calling this API before starting a non-blocking write row operation 
 340:C:\Program Files (x86)\Cypress\PSoC Creator\4.4\PSoC Creator\1\LWO3.cydsn\Generated_Source\PSoC4\CyFlash.c **** * using the \ref CySysFlashStartWriteRow() API will cause improper operation.
 341:C:\Program Files (x86)\Cypress\PSoC Creator\4.4\PSoC Creator\1\LWO3.cydsn\Generated_Source\PSoC4\CyFlash.c **** *
 342:C:\Program Files (x86)\Cypress\PSoC Creator\4.4\PSoC Creator\1\LWO3.cydsn\Generated_Source\PSoC4\CyFlash.c **** * \return \ref group_flash_status_codes
 343:C:\Program Files (x86)\Cypress\PSoC Creator\4.4\PSoC Creator\1\LWO3.cydsn\Generated_Source\PSoC4\CyFlash.c **** *
 344:C:\Program Files (x86)\Cypress\PSoC Creator\4.4\PSoC Creator\1\LWO3.cydsn\Generated_Source\PSoC4\CyFlash.c **** *******************************************************************************/
 345:C:\Program Files (x86)\Cypress\PSoC Creator\4.4\PSoC Creator\1\LWO3.cydsn\Generated_Source\PSoC4\CyFlash.c **** uint32 CySysFlashGetWriteRowStatus(void)
 346:C:\Program Files (x86)\Cypress\PSoC Creator\4.4\PSoC Creator\1\LWO3.cydsn\Generated_Source\PSoC4\CyFlash.c **** {
 347:C:\Program Files (x86)\Cypress\PSoC Creator\4.4\PSoC Creator\1\LWO3.cydsn\Generated_Source\PSoC4\CyFlash.c ****     volatile uint32 retValue = CY_SYS_FLASH_SUCCESS;
 348:C:\Program Files (x86)\Cypress\PSoC Creator\4.4\PSoC Creator\1\LWO3.cydsn\Generated_Source\PSoC4\CyFlash.c **** 
 349:C:\Program Files (x86)\Cypress\PSoC Creator\4.4\PSoC Creator\1\LWO3.cydsn\Generated_Source\PSoC4\CyFlash.c ****     CY_NOP;
 350:C:\Program Files (x86)\Cypress\PSoC Creator\4.4\PSoC Creator\1\LWO3.cydsn\Generated_Source\PSoC4\CyFlash.c ****     retValue = CY_FLASH_API_RETURN;
 351:C:\Program Files (x86)\Cypress\PSoC Creator\4.4\PSoC Creator\1\LWO3.cydsn\Generated_Source\PSoC4\CyFlash.c **** 
 352:C:\Program Files (x86)\Cypress\PSoC Creator\4.4\PSoC Creator\1\LWO3.cydsn\Generated_Source\PSoC4\CyFlash.c ****     (void) CySysFlashClockRestore();
 353:C:\Program Files (x86)\Cypress\PSoC Creator\4.4\PSoC Creator\1\LWO3.cydsn\Generated_Source\PSoC4\CyFlash.c **** 
 354:C:\Program Files (x86)\Cypress\PSoC Creator\4.4\PSoC Creator\1\LWO3.cydsn\Generated_Source\PSoC4\CyFlash.c ****     return (retValue);
 355:C:\Program Files (x86)\Cypress\PSoC Creator\4.4\PSoC Creator\1\LWO3.cydsn\Generated_Source\PSoC4\CyFlash.c **** }
 356:C:\Program Files (x86)\Cypress\PSoC Creator\4.4\PSoC Creator\1\LWO3.cydsn\Generated_Source\PSoC4\CyFlash.c **** 
 357:C:\Program Files (x86)\Cypress\PSoC Creator\4.4\PSoC Creator\1\LWO3.cydsn\Generated_Source\PSoC4\CyFlash.c **** 
 358:C:\Program Files (x86)\Cypress\PSoC Creator\4.4\PSoC Creator\1\LWO3.cydsn\Generated_Source\PSoC4\CyFlash.c **** /*******************************************************************************
 359:C:\Program Files (x86)\Cypress\PSoC Creator\4.4\PSoC Creator\1\LWO3.cydsn\Generated_Source\PSoC4\CyFlash.c **** * Function Name: CySysFlashResumeWriteRow
 360:C:\Program Files (x86)\Cypress\PSoC Creator\4.4\PSoC Creator\1\LWO3.cydsn\Generated_Source\PSoC4\CyFlash.c **** ****************************************************************************//**
 361:C:\Program Files (x86)\Cypress\PSoC Creator\4.4\PSoC Creator\1\LWO3.cydsn\Generated_Source\PSoC4\CyFlash.c **** *
 362:C:\Program Files (x86)\Cypress\PSoC Creator\4.4\PSoC Creator\1\LWO3.cydsn\Generated_Source\PSoC4\CyFlash.c **** * This API must be called, once the SPC interrupt is triggered to complete the
 363:C:\Program Files (x86)\Cypress\PSoC Creator\4.4\PSoC Creator\1\LWO3.cydsn\Generated_Source\PSoC4\CyFlash.c **** * non-blocking operation. It is advised not to prolong calling this API for
 364:C:\Program Files (x86)\Cypress\PSoC Creator\4.4\PSoC Creator\1\LWO3.cydsn\Generated_Source\PSoC4\CyFlash.c **** * more than 25 ms.
 365:C:\Program Files (x86)\Cypress\PSoC Creator\4.4\PSoC Creator\1\LWO3.cydsn\Generated_Source\PSoC4\CyFlash.c **** *
 366:C:\Program Files (x86)\Cypress\PSoC Creator\4.4\PSoC Creator\1\LWO3.cydsn\Generated_Source\PSoC4\CyFlash.c **** * The non-blocking write row API \ref CySysFlashStartWriteRow() requires that
 367:C:\Program Files (x86)\Cypress\PSoC Creator\4.4\PSoC Creator\1\LWO3.cydsn\Generated_Source\PSoC4\CyFlash.c **** * this API be called 3 times to complete the write. This can be done by
 368:C:\Program Files (x86)\Cypress\PSoC Creator\4.4\PSoC Creator\1\LWO3.cydsn\Generated_Source\PSoC4\CyFlash.c **** * configuring SPCIF interrupt and placing a call to this API.
 369:C:\Program Files (x86)\Cypress\PSoC Creator\4.4\PSoC Creator\1\LWO3.cydsn\Generated_Source\PSoC4\CyFlash.c **** *
 370:C:\Program Files (x86)\Cypress\PSoC Creator\4.4\PSoC Creator\1\LWO3.cydsn\Generated_Source\PSoC4\CyFlash.c **** * For CM0 based device, a non-blocking call to program a row of macro 0
 371:C:\Program Files (x86)\Cypress\PSoC Creator\4.4\PSoC Creator\1\LWO3.cydsn\Generated_Source\PSoC4\CyFlash.c **** * requires the user to set the CPUSS_CONFIG.VECS_IN_RAM bit so that the
 372:C:\Program Files (x86)\Cypress\PSoC Creator\4.4\PSoC Creator\1\LWO3.cydsn\Generated_Source\PSoC4\CyFlash.c **** * interrupt vector for the SPC is fetched from the SRAM rather than the FLASH.
 373:C:\Program Files (x86)\Cypress\PSoC Creator\4.4\PSoC Creator\1\LWO3.cydsn\Generated_Source\PSoC4\CyFlash.c **** *
ARM GAS  C:\Users\taips\AppData\Local\Temp\cctSxJRi.s 			page 8


 374:C:\Program Files (x86)\Cypress\PSoC Creator\4.4\PSoC Creator\1\LWO3.cydsn\Generated_Source\PSoC4\CyFlash.c **** * For CM0+ based device, if the user wants to keep the vector table in flash
 375:C:\Program Files (x86)\Cypress\PSoC Creator\4.4\PSoC Creator\1\LWO3.cydsn\Generated_Source\PSoC4\CyFlash.c **** * when performing non-blocking flash write then they need to make sure the
 376:C:\Program Files (x86)\Cypress\PSoC Creator\4.4\PSoC Creator\1\LWO3.cydsn\Generated_Source\PSoC4\CyFlash.c **** * vector table is placed in the flash macro which is not getting programmed by
 377:C:\Program Files (x86)\Cypress\PSoC Creator\4.4\PSoC Creator\1\LWO3.cydsn\Generated_Source\PSoC4\CyFlash.c **** * configuring the VTOR register.
 378:C:\Program Files (x86)\Cypress\PSoC Creator\4.4\PSoC Creator\1\LWO3.cydsn\Generated_Source\PSoC4\CyFlash.c **** *
 379:C:\Program Files (x86)\Cypress\PSoC Creator\4.4\PSoC Creator\1\LWO3.cydsn\Generated_Source\PSoC4\CyFlash.c **** * \note The non-blocking operation does not return success status 
 380:C:\Program Files (x86)\Cypress\PSoC Creator\4.4\PSoC Creator\1\LWO3.cydsn\Generated_Source\PSoC4\CyFlash.c **** * CY_SYS_FLASH_SUCCESS until the last Resume API is complete. 
 381:C:\Program Files (x86)\Cypress\PSoC Creator\4.4\PSoC Creator\1\LWO3.cydsn\Generated_Source\PSoC4\CyFlash.c **** * The CPUSS_SYSARG register will be reflecting the SRAM address during an 
 382:C:\Program Files (x86)\Cypress\PSoC Creator\4.4\PSoC Creator\1\LWO3.cydsn\Generated_Source\PSoC4\CyFlash.c **** * ongoing non-blocking operation.
 383:C:\Program Files (x86)\Cypress\PSoC Creator\4.4\PSoC Creator\1\LWO3.cydsn\Generated_Source\PSoC4\CyFlash.c **** *
 384:C:\Program Files (x86)\Cypress\PSoC Creator\4.4\PSoC Creator\1\LWO3.cydsn\Generated_Source\PSoC4\CyFlash.c **** * \return \ref group_flash_status_codes
 385:C:\Program Files (x86)\Cypress\PSoC Creator\4.4\PSoC Creator\1\LWO3.cydsn\Generated_Source\PSoC4\CyFlash.c **** *
 386:C:\Program Files (x86)\Cypress\PSoC Creator\4.4\PSoC Creator\1\LWO3.cydsn\Generated_Source\PSoC4\CyFlash.c **** *******************************************************************************/
 387:C:\Program Files (x86)\Cypress\PSoC Creator\4.4\PSoC Creator\1\LWO3.cydsn\Generated_Source\PSoC4\CyFlash.c **** uint32 CySysFlashResumeWriteRow(void)
 388:C:\Program Files (x86)\Cypress\PSoC Creator\4.4\PSoC Creator\1\LWO3.cydsn\Generated_Source\PSoC4\CyFlash.c **** {
 389:C:\Program Files (x86)\Cypress\PSoC Creator\4.4\PSoC Creator\1\LWO3.cydsn\Generated_Source\PSoC4\CyFlash.c ****     volatile uint32 retValue = CY_SYS_FLASH_SUCCESS;
 390:C:\Program Files (x86)\Cypress\PSoC Creator\4.4\PSoC Creator\1\LWO3.cydsn\Generated_Source\PSoC4\CyFlash.c ****     static volatile uint32 parameters[1u];
 391:C:\Program Files (x86)\Cypress\PSoC Creator\4.4\PSoC Creator\1\LWO3.cydsn\Generated_Source\PSoC4\CyFlash.c **** 
 392:C:\Program Files (x86)\Cypress\PSoC Creator\4.4\PSoC Creator\1\LWO3.cydsn\Generated_Source\PSoC4\CyFlash.c ****     /* Resume */
 393:C:\Program Files (x86)\Cypress\PSoC Creator\4.4\PSoC Creator\1\LWO3.cydsn\Generated_Source\PSoC4\CyFlash.c ****     parameters[0u] = (uint32) (((uint32) CY_FLASH_KEY_TWO(CY_FLASH_API_OPCODE_RESUME_NON_BLOCKING) 
 394:C:\Program Files (x86)\Cypress\PSoC Creator\4.4\PSoC Creator\1\LWO3.cydsn\Generated_Source\PSoC4\CyFlash.c ****                                          CY_FLASH_PARAM_KEY_TWO_OFFSET) | CY_FLASH_KEY_ONE);
 395:C:\Program Files (x86)\Cypress\PSoC Creator\4.4\PSoC Creator\1\LWO3.cydsn\Generated_Source\PSoC4\CyFlash.c ****     CY_FLASH_CPUSS_SYSARG_REG = (uint32) &parameters[0u];
 396:C:\Program Files (x86)\Cypress\PSoC Creator\4.4\PSoC Creator\1\LWO3.cydsn\Generated_Source\PSoC4\CyFlash.c ****     CY_FLASH_CPUSS_SYSREQ_REG = CY_FLASH_CPUSS_REQ_START | CY_FLASH_API_OPCODE_RESUME_NON_BLOCKING;
 397:C:\Program Files (x86)\Cypress\PSoC Creator\4.4\PSoC Creator\1\LWO3.cydsn\Generated_Source\PSoC4\CyFlash.c ****     
 398:C:\Program Files (x86)\Cypress\PSoC Creator\4.4\PSoC Creator\1\LWO3.cydsn\Generated_Source\PSoC4\CyFlash.c ****     CY_NOP;
 399:C:\Program Files (x86)\Cypress\PSoC Creator\4.4\PSoC Creator\1\LWO3.cydsn\Generated_Source\PSoC4\CyFlash.c ****     retValue = CY_FLASH_API_RETURN;
 400:C:\Program Files (x86)\Cypress\PSoC Creator\4.4\PSoC Creator\1\LWO3.cydsn\Generated_Source\PSoC4\CyFlash.c ****     
 401:C:\Program Files (x86)\Cypress\PSoC Creator\4.4\PSoC Creator\1\LWO3.cydsn\Generated_Source\PSoC4\CyFlash.c ****     return (retValue);
 402:C:\Program Files (x86)\Cypress\PSoC Creator\4.4\PSoC Creator\1\LWO3.cydsn\Generated_Source\PSoC4\CyFlash.c **** }
 403:C:\Program Files (x86)\Cypress\PSoC Creator\4.4\PSoC Creator\1\LWO3.cydsn\Generated_Source\PSoC4\CyFlash.c **** 
 404:C:\Program Files (x86)\Cypress\PSoC Creator\4.4\PSoC Creator\1\LWO3.cydsn\Generated_Source\PSoC4\CyFlash.c **** #endif /* (CY_IP_FLASH_PARALLEL_PGM_EN && (CY_IP_FLASH_MACROS > 1u)) */
 405:C:\Program Files (x86)\Cypress\PSoC Creator\4.4\PSoC Creator\1\LWO3.cydsn\Generated_Source\PSoC4\CyFlash.c **** 
 406:C:\Program Files (x86)\Cypress\PSoC Creator\4.4\PSoC Creator\1\LWO3.cydsn\Generated_Source\PSoC4\CyFlash.c **** 
 407:C:\Program Files (x86)\Cypress\PSoC Creator\4.4\PSoC Creator\1\LWO3.cydsn\Generated_Source\PSoC4\CyFlash.c **** /*******************************************************************************
 408:C:\Program Files (x86)\Cypress\PSoC Creator\4.4\PSoC Creator\1\LWO3.cydsn\Generated_Source\PSoC4\CyFlash.c **** * Function Name: CySysFlashSetWaitCycles
 409:C:\Program Files (x86)\Cypress\PSoC Creator\4.4\PSoC Creator\1\LWO3.cydsn\Generated_Source\PSoC4\CyFlash.c **** ****************************************************************************//**
 410:C:\Program Files (x86)\Cypress\PSoC Creator\4.4\PSoC Creator\1\LWO3.cydsn\Generated_Source\PSoC4\CyFlash.c **** *
 411:C:\Program Files (x86)\Cypress\PSoC Creator\4.4\PSoC Creator\1\LWO3.cydsn\Generated_Source\PSoC4\CyFlash.c **** * Sets the number of clock cycles the cache will wait before it samples data
 412:C:\Program Files (x86)\Cypress\PSoC Creator\4.4\PSoC Creator\1\LWO3.cydsn\Generated_Source\PSoC4\CyFlash.c **** * coming back from Flash. This function must be called before increasing the
 413:C:\Program Files (x86)\Cypress\PSoC Creator\4.4\PSoC Creator\1\LWO3.cydsn\Generated_Source\PSoC4\CyFlash.c **** * SYSCLK clock frequency. It can optionally be called after lowering SYSCLK
 414:C:\Program Files (x86)\Cypress\PSoC Creator\4.4\PSoC Creator\1\LWO3.cydsn\Generated_Source\PSoC4\CyFlash.c **** * clock frequency in order to improve the CPU performance.
 415:C:\Program Files (x86)\Cypress\PSoC Creator\4.4\PSoC Creator\1\LWO3.cydsn\Generated_Source\PSoC4\CyFlash.c **** *
 416:C:\Program Files (x86)\Cypress\PSoC Creator\4.4\PSoC Creator\1\LWO3.cydsn\Generated_Source\PSoC4\CyFlash.c **** * \param freq The System clock frequency in MHz.
 417:C:\Program Files (x86)\Cypress\PSoC Creator\4.4\PSoC Creator\1\LWO3.cydsn\Generated_Source\PSoC4\CyFlash.c **** *
 418:C:\Program Files (x86)\Cypress\PSoC Creator\4.4\PSoC Creator\1\LWO3.cydsn\Generated_Source\PSoC4\CyFlash.c **** * \note Invalid frequency will be ignored in Release mode and the CPU will be
 419:C:\Program Files (x86)\Cypress\PSoC Creator\4.4\PSoC Creator\1\LWO3.cydsn\Generated_Source\PSoC4\CyFlash.c **** * halted if project is compiled in Debug mode.
 420:C:\Program Files (x86)\Cypress\PSoC Creator\4.4\PSoC Creator\1\LWO3.cydsn\Generated_Source\PSoC4\CyFlash.c **** *
 421:C:\Program Files (x86)\Cypress\PSoC Creator\4.4\PSoC Creator\1\LWO3.cydsn\Generated_Source\PSoC4\CyFlash.c **** *******************************************************************************/
 422:C:\Program Files (x86)\Cypress\PSoC Creator\4.4\PSoC Creator\1\LWO3.cydsn\Generated_Source\PSoC4\CyFlash.c **** void CySysFlashSetWaitCycles(uint32 freq)
 423:C:\Program Files (x86)\Cypress\PSoC Creator\4.4\PSoC Creator\1\LWO3.cydsn\Generated_Source\PSoC4\CyFlash.c **** {
 424:C:\Program Files (x86)\Cypress\PSoC Creator\4.4\PSoC Creator\1\LWO3.cydsn\Generated_Source\PSoC4\CyFlash.c ****     uint8  interruptState;
 425:C:\Program Files (x86)\Cypress\PSoC Creator\4.4\PSoC Creator\1\LWO3.cydsn\Generated_Source\PSoC4\CyFlash.c **** 
 426:C:\Program Files (x86)\Cypress\PSoC Creator\4.4\PSoC Creator\1\LWO3.cydsn\Generated_Source\PSoC4\CyFlash.c ****     interruptState = CyEnterCriticalSection();
 427:C:\Program Files (x86)\Cypress\PSoC Creator\4.4\PSoC Creator\1\LWO3.cydsn\Generated_Source\PSoC4\CyFlash.c **** 
 428:C:\Program Files (x86)\Cypress\PSoC Creator\4.4\PSoC Creator\1\LWO3.cydsn\Generated_Source\PSoC4\CyFlash.c ****     #if (CY_IP_CPUSS)
 429:C:\Program Files (x86)\Cypress\PSoC Creator\4.4\PSoC Creator\1\LWO3.cydsn\Generated_Source\PSoC4\CyFlash.c **** 
 430:C:\Program Files (x86)\Cypress\PSoC Creator\4.4\PSoC Creator\1\LWO3.cydsn\Generated_Source\PSoC4\CyFlash.c ****         if ( freq <= CY_FLASH_SYSCLK_BOUNDARY_MHZ )
ARM GAS  C:\Users\taips\AppData\Local\Temp\cctSxJRi.s 			page 9


 431:C:\Program Files (x86)\Cypress\PSoC Creator\4.4\PSoC Creator\1\LWO3.cydsn\Generated_Source\PSoC4\CyFlash.c ****         {
 432:C:\Program Files (x86)\Cypress\PSoC Creator\4.4\PSoC Creator\1\LWO3.cydsn\Generated_Source\PSoC4\CyFlash.c ****             CY_SYS_CLK_SELECT_REG &= (uint32)(~CY_FLASH_WAIT_STATE_EN);
 433:C:\Program Files (x86)\Cypress\PSoC Creator\4.4\PSoC Creator\1\LWO3.cydsn\Generated_Source\PSoC4\CyFlash.c ****         }
 434:C:\Program Files (x86)\Cypress\PSoC Creator\4.4\PSoC Creator\1\LWO3.cydsn\Generated_Source\PSoC4\CyFlash.c ****         else
 435:C:\Program Files (x86)\Cypress\PSoC Creator\4.4\PSoC Creator\1\LWO3.cydsn\Generated_Source\PSoC4\CyFlash.c ****         {
 436:C:\Program Files (x86)\Cypress\PSoC Creator\4.4\PSoC Creator\1\LWO3.cydsn\Generated_Source\PSoC4\CyFlash.c ****             CY_SYS_CLK_SELECT_REG |= CY_FLASH_WAIT_STATE_EN;
 437:C:\Program Files (x86)\Cypress\PSoC Creator\4.4\PSoC Creator\1\LWO3.cydsn\Generated_Source\PSoC4\CyFlash.c ****         }
 438:C:\Program Files (x86)\Cypress\PSoC Creator\4.4\PSoC Creator\1\LWO3.cydsn\Generated_Source\PSoC4\CyFlash.c ****     #else
 439:C:\Program Files (x86)\Cypress\PSoC Creator\4.4\PSoC Creator\1\LWO3.cydsn\Generated_Source\PSoC4\CyFlash.c ****         #if (CY_IP_CPUSS_FLASHC_PRESENT)
 440:C:\Program Files (x86)\Cypress\PSoC Creator\4.4\PSoC Creator\1\LWO3.cydsn\Generated_Source\PSoC4\CyFlash.c ****             /* CY_IP_FM and CY_IP_FS */
 441:C:\Program Files (x86)\Cypress\PSoC Creator\4.4\PSoC Creator\1\LWO3.cydsn\Generated_Source\PSoC4\CyFlash.c ****             if (freq <= CY_FLASH_CTL_WS_0_FREQ_MAX)
 442:C:\Program Files (x86)\Cypress\PSoC Creator\4.4\PSoC Creator\1\LWO3.cydsn\Generated_Source\PSoC4\CyFlash.c ****             {
 443:C:\Program Files (x86)\Cypress\PSoC Creator\4.4\PSoC Creator\1\LWO3.cydsn\Generated_Source\PSoC4\CyFlash.c ****                 CY_FLASH_CTL_REG = (CY_FLASH_CTL_REG & ~CY_FLASH_CTL_WS_MASK) | CY_FLASH_CTL_WS_0_V
 444:C:\Program Files (x86)\Cypress\PSoC Creator\4.4\PSoC Creator\1\LWO3.cydsn\Generated_Source\PSoC4\CyFlash.c ****             } else
 445:C:\Program Files (x86)\Cypress\PSoC Creator\4.4\PSoC Creator\1\LWO3.cydsn\Generated_Source\PSoC4\CyFlash.c ****             if (freq <= CY_FLASH_CTL_WS_1_FREQ_MAX)
 446:C:\Program Files (x86)\Cypress\PSoC Creator\4.4\PSoC Creator\1\LWO3.cydsn\Generated_Source\PSoC4\CyFlash.c ****             {
 447:C:\Program Files (x86)\Cypress\PSoC Creator\4.4\PSoC Creator\1\LWO3.cydsn\Generated_Source\PSoC4\CyFlash.c ****                 CY_FLASH_CTL_REG = (CY_FLASH_CTL_REG & ~CY_FLASH_CTL_WS_MASK) | CY_FLASH_CTL_WS_1_V
 448:C:\Program Files (x86)\Cypress\PSoC Creator\4.4\PSoC Creator\1\LWO3.cydsn\Generated_Source\PSoC4\CyFlash.c ****             } else
 449:C:\Program Files (x86)\Cypress\PSoC Creator\4.4\PSoC Creator\1\LWO3.cydsn\Generated_Source\PSoC4\CyFlash.c ****             #if (CY_IP_FMLT || CY_IP_FSLT)
 450:C:\Program Files (x86)\Cypress\PSoC Creator\4.4\PSoC Creator\1\LWO3.cydsn\Generated_Source\PSoC4\CyFlash.c ****                 if (freq <= CY_FLASH_CTL_WS_2_FREQ_MAX)
 451:C:\Program Files (x86)\Cypress\PSoC Creator\4.4\PSoC Creator\1\LWO3.cydsn\Generated_Source\PSoC4\CyFlash.c ****                 {
 452:C:\Program Files (x86)\Cypress\PSoC Creator\4.4\PSoC Creator\1\LWO3.cydsn\Generated_Source\PSoC4\CyFlash.c ****                     CY_FLASH_CTL_REG = (CY_FLASH_CTL_REG & ~CY_FLASH_CTL_WS_MASK) | CY_FLASH_CTL_WS
 453:C:\Program Files (x86)\Cypress\PSoC Creator\4.4\PSoC Creator\1\LWO3.cydsn\Generated_Source\PSoC4\CyFlash.c ****                 }
 454:C:\Program Files (x86)\Cypress\PSoC Creator\4.4\PSoC Creator\1\LWO3.cydsn\Generated_Source\PSoC4\CyFlash.c ****                 else
 455:C:\Program Files (x86)\Cypress\PSoC Creator\4.4\PSoC Creator\1\LWO3.cydsn\Generated_Source\PSoC4\CyFlash.c ****             #endif  /* (CY_IP_FMLT || CY_IP_FSLT) */
 456:C:\Program Files (x86)\Cypress\PSoC Creator\4.4\PSoC Creator\1\LWO3.cydsn\Generated_Source\PSoC4\CyFlash.c ****         #endif /* (CY_IP_CPUSS_FLASHC_PRESENT) */
 457:C:\Program Files (x86)\Cypress\PSoC Creator\4.4\PSoC Creator\1\LWO3.cydsn\Generated_Source\PSoC4\CyFlash.c ****         {
 458:C:\Program Files (x86)\Cypress\PSoC Creator\4.4\PSoC Creator\1\LWO3.cydsn\Generated_Source\PSoC4\CyFlash.c ****             /* Halt CPU in debug mode if frequency is invalid */
 459:C:\Program Files (x86)\Cypress\PSoC Creator\4.4\PSoC Creator\1\LWO3.cydsn\Generated_Source\PSoC4\CyFlash.c ****             CYASSERT(0u != 0u);
 460:C:\Program Files (x86)\Cypress\PSoC Creator\4.4\PSoC Creator\1\LWO3.cydsn\Generated_Source\PSoC4\CyFlash.c ****         }
 461:C:\Program Files (x86)\Cypress\PSoC Creator\4.4\PSoC Creator\1\LWO3.cydsn\Generated_Source\PSoC4\CyFlash.c **** 
 462:C:\Program Files (x86)\Cypress\PSoC Creator\4.4\PSoC Creator\1\LWO3.cydsn\Generated_Source\PSoC4\CyFlash.c ****     #endif  /* (CY_IP_CPUSS) */
 463:C:\Program Files (x86)\Cypress\PSoC Creator\4.4\PSoC Creator\1\LWO3.cydsn\Generated_Source\PSoC4\CyFlash.c **** 
 464:C:\Program Files (x86)\Cypress\PSoC Creator\4.4\PSoC Creator\1\LWO3.cydsn\Generated_Source\PSoC4\CyFlash.c ****     CyExitCriticalSection(interruptState);
 465:C:\Program Files (x86)\Cypress\PSoC Creator\4.4\PSoC Creator\1\LWO3.cydsn\Generated_Source\PSoC4\CyFlash.c **** }
 466:C:\Program Files (x86)\Cypress\PSoC Creator\4.4\PSoC Creator\1\LWO3.cydsn\Generated_Source\PSoC4\CyFlash.c **** 
 467:C:\Program Files (x86)\Cypress\PSoC Creator\4.4\PSoC Creator\1\LWO3.cydsn\Generated_Source\PSoC4\CyFlash.c **** 
 468:C:\Program Files (x86)\Cypress\PSoC Creator\4.4\PSoC Creator\1\LWO3.cydsn\Generated_Source\PSoC4\CyFlash.c **** #if (CY_SFLASH_XTRA_ROWS)
 469:C:\Program Files (x86)\Cypress\PSoC Creator\4.4\PSoC Creator\1\LWO3.cydsn\Generated_Source\PSoC4\CyFlash.c **** /*******************************************************************************
 470:C:\Program Files (x86)\Cypress\PSoC Creator\4.4\PSoC Creator\1\LWO3.cydsn\Generated_Source\PSoC4\CyFlash.c **** * Function Name: CySysSFlashWriteUserRow
 471:C:\Program Files (x86)\Cypress\PSoC Creator\4.4\PSoC Creator\1\LWO3.cydsn\Generated_Source\PSoC4\CyFlash.c **** ****************************************************************************//**
 472:C:\Program Files (x86)\Cypress\PSoC Creator\4.4\PSoC Creator\1\LWO3.cydsn\Generated_Source\PSoC4\CyFlash.c **** *
 473:C:\Program Files (x86)\Cypress\PSoC Creator\4.4\PSoC Creator\1\LWO3.cydsn\Generated_Source\PSoC4\CyFlash.c **** * Writes data to a row of SFlash user configurable area.
 474:C:\Program Files (x86)\Cypress\PSoC Creator\4.4\PSoC Creator\1\LWO3.cydsn\Generated_Source\PSoC4\CyFlash.c **** *
 475:C:\Program Files (x86)\Cypress\PSoC Creator\4.4\PSoC Creator\1\LWO3.cydsn\Generated_Source\PSoC4\CyFlash.c **** * This API is applicable for PSoC 4100 BLE, PSoC 4200 BLE, PSoC 4100M,
 476:C:\Program Files (x86)\Cypress\PSoC Creator\4.4\PSoC Creator\1\LWO3.cydsn\Generated_Source\PSoC4\CyFlash.c **** * PSoC 4200M, and PSoC 4200L family of devices.
 477:C:\Program Files (x86)\Cypress\PSoC Creator\4.4\PSoC Creator\1\LWO3.cydsn\Generated_Source\PSoC4\CyFlash.c **** *
 478:C:\Program Files (x86)\Cypress\PSoC Creator\4.4\PSoC Creator\1\LWO3.cydsn\Generated_Source\PSoC4\CyFlash.c **** * \param rowNum The flash row number. The flash row number. The number of the
 479:C:\Program Files (x86)\Cypress\PSoC Creator\4.4\PSoC Creator\1\LWO3.cydsn\Generated_Source\PSoC4\CyFlash.c **** * flash rows is defined by the CY_SFLASH_NUMBER_USERROWS macro for the selected
 480:C:\Program Files (x86)\Cypress\PSoC Creator\4.4\PSoC Creator\1\LWO3.cydsn\Generated_Source\PSoC4\CyFlash.c **** * device. Valid range is 0-3. Refer to the device TRM for details.
 481:C:\Program Files (x86)\Cypress\PSoC Creator\4.4\PSoC Creator\1\LWO3.cydsn\Generated_Source\PSoC4\CyFlash.c **** *
 482:C:\Program Files (x86)\Cypress\PSoC Creator\4.4\PSoC Creator\1\LWO3.cydsn\Generated_Source\PSoC4\CyFlash.c **** * \param rowData Array of bytes to write. The size of the array must be equal to
 483:C:\Program Files (x86)\Cypress\PSoC Creator\4.4\PSoC Creator\1\LWO3.cydsn\Generated_Source\PSoC4\CyFlash.c **** * the flash row size. The flash row size for the selected device is defined by
 484:C:\Program Files (x86)\Cypress\PSoC Creator\4.4\PSoC Creator\1\LWO3.cydsn\Generated_Source\PSoC4\CyFlash.c **** * the \ref CY_SFLASH_SIZEOF_USERROW macro. Refer to the device TRM for the
 485:C:\Program Files (x86)\Cypress\PSoC Creator\4.4\PSoC Creator\1\LWO3.cydsn\Generated_Source\PSoC4\CyFlash.c **** * details.
 486:C:\Program Files (x86)\Cypress\PSoC Creator\4.4\PSoC Creator\1\LWO3.cydsn\Generated_Source\PSoC4\CyFlash.c **** *
 487:C:\Program Files (x86)\Cypress\PSoC Creator\4.4\PSoC Creator\1\LWO3.cydsn\Generated_Source\PSoC4\CyFlash.c **** * \return \ref group_flash_status_codes
ARM GAS  C:\Users\taips\AppData\Local\Temp\cctSxJRi.s 			page 10


 488:C:\Program Files (x86)\Cypress\PSoC Creator\4.4\PSoC Creator\1\LWO3.cydsn\Generated_Source\PSoC4\CyFlash.c **** *
 489:C:\Program Files (x86)\Cypress\PSoC Creator\4.4\PSoC Creator\1\LWO3.cydsn\Generated_Source\PSoC4\CyFlash.c **** *******************************************************************************/
 490:C:\Program Files (x86)\Cypress\PSoC Creator\4.4\PSoC Creator\1\LWO3.cydsn\Generated_Source\PSoC4\CyFlash.c **** uint32 CySysSFlashWriteUserRow(uint32 rowNum, const uint8 rowData[])
 491:C:\Program Files (x86)\Cypress\PSoC Creator\4.4\PSoC Creator\1\LWO3.cydsn\Generated_Source\PSoC4\CyFlash.c **** {
 492:C:\Program Files (x86)\Cypress\PSoC Creator\4.4\PSoC Creator\1\LWO3.cydsn\Generated_Source\PSoC4\CyFlash.c ****     volatile uint32 retValue = CY_SYS_FLASH_SUCCESS;
 493:C:\Program Files (x86)\Cypress\PSoC Creator\4.4\PSoC Creator\1\LWO3.cydsn\Generated_Source\PSoC4\CyFlash.c ****     volatile uint32 clkCnfRetValue = CY_SYS_FLASH_SUCCESS;
 494:C:\Program Files (x86)\Cypress\PSoC Creator\4.4\PSoC Creator\1\LWO3.cydsn\Generated_Source\PSoC4\CyFlash.c ****     volatile uint32 parameters[(CY_FLASH_SIZEOF_ROW + CY_FLASH_SRAM_ROM_DATA)/4u];
 495:C:\Program Files (x86)\Cypress\PSoC Creator\4.4\PSoC Creator\1\LWO3.cydsn\Generated_Source\PSoC4\CyFlash.c ****     uint8  interruptState;
 496:C:\Program Files (x86)\Cypress\PSoC Creator\4.4\PSoC Creator\1\LWO3.cydsn\Generated_Source\PSoC4\CyFlash.c **** 
 497:C:\Program Files (x86)\Cypress\PSoC Creator\4.4\PSoC Creator\1\LWO3.cydsn\Generated_Source\PSoC4\CyFlash.c **** 
 498:C:\Program Files (x86)\Cypress\PSoC Creator\4.4\PSoC Creator\1\LWO3.cydsn\Generated_Source\PSoC4\CyFlash.c ****     if ((rowNum < CY_SFLASH_NUMBER_USERROWS) && (rowData != 0u))
 499:C:\Program Files (x86)\Cypress\PSoC Creator\4.4\PSoC Creator\1\LWO3.cydsn\Generated_Source\PSoC4\CyFlash.c ****     {
 500:C:\Program Files (x86)\Cypress\PSoC Creator\4.4\PSoC Creator\1\LWO3.cydsn\Generated_Source\PSoC4\CyFlash.c ****         /* Load Flash Bytes */
 501:C:\Program Files (x86)\Cypress\PSoC Creator\4.4\PSoC Creator\1\LWO3.cydsn\Generated_Source\PSoC4\CyFlash.c ****         parameters[0u] = (uint32) (CY_FLASH_GET_MACRO_FROM_ROW(rowNum)        << CY_FLASH_PARAM_MAC
 502:C:\Program Files (x86)\Cypress\PSoC Creator\4.4\PSoC Creator\1\LWO3.cydsn\Generated_Source\PSoC4\CyFlash.c ****                          (uint32) (CY_FLASH_PAGE_LATCH_START_ADDR             << CY_FLASH_PARAM_ADD
 503:C:\Program Files (x86)\Cypress\PSoC Creator\4.4\PSoC Creator\1\LWO3.cydsn\Generated_Source\PSoC4\CyFlash.c ****                          (uint32) (CY_FLASH_KEY_TWO(CY_FLASH_API_OPCODE_LOAD) << CY_FLASH_PARAM_KEY
 504:C:\Program Files (x86)\Cypress\PSoC Creator\4.4\PSoC Creator\1\LWO3.cydsn\Generated_Source\PSoC4\CyFlash.c ****                          CY_FLASH_KEY_ONE;
 505:C:\Program Files (x86)\Cypress\PSoC Creator\4.4\PSoC Creator\1\LWO3.cydsn\Generated_Source\PSoC4\CyFlash.c ****         parameters[1u] = CY_FLASH_SIZEOF_ROW - 1u;
 506:C:\Program Files (x86)\Cypress\PSoC Creator\4.4\PSoC Creator\1\LWO3.cydsn\Generated_Source\PSoC4\CyFlash.c **** 
 507:C:\Program Files (x86)\Cypress\PSoC Creator\4.4\PSoC Creator\1\LWO3.cydsn\Generated_Source\PSoC4\CyFlash.c ****         (void)memcpy((void *)&parameters[2u], rowData, CY_FLASH_SIZEOF_ROW);
 508:C:\Program Files (x86)\Cypress\PSoC Creator\4.4\PSoC Creator\1\LWO3.cydsn\Generated_Source\PSoC4\CyFlash.c ****         CY_FLASH_CPUSS_SYSARG_REG = (uint32) &parameters[0u];
 509:C:\Program Files (x86)\Cypress\PSoC Creator\4.4\PSoC Creator\1\LWO3.cydsn\Generated_Source\PSoC4\CyFlash.c ****         CY_FLASH_CPUSS_SYSREQ_REG = CY_FLASH_CPUSS_REQ_START | CY_FLASH_API_OPCODE_LOAD;
 510:C:\Program Files (x86)\Cypress\PSoC Creator\4.4\PSoC Creator\1\LWO3.cydsn\Generated_Source\PSoC4\CyFlash.c ****         CY_NOP;
 511:C:\Program Files (x86)\Cypress\PSoC Creator\4.4\PSoC Creator\1\LWO3.cydsn\Generated_Source\PSoC4\CyFlash.c ****         retValue = CY_FLASH_API_RETURN;
 512:C:\Program Files (x86)\Cypress\PSoC Creator\4.4\PSoC Creator\1\LWO3.cydsn\Generated_Source\PSoC4\CyFlash.c **** 
 513:C:\Program Files (x86)\Cypress\PSoC Creator\4.4\PSoC Creator\1\LWO3.cydsn\Generated_Source\PSoC4\CyFlash.c ****         if(retValue == CY_SYS_FLASH_SUCCESS)
 514:C:\Program Files (x86)\Cypress\PSoC Creator\4.4\PSoC Creator\1\LWO3.cydsn\Generated_Source\PSoC4\CyFlash.c ****         {
 515:C:\Program Files (x86)\Cypress\PSoC Creator\4.4\PSoC Creator\1\LWO3.cydsn\Generated_Source\PSoC4\CyFlash.c ****             /***************************************************************
 516:C:\Program Files (x86)\Cypress\PSoC Creator\4.4\PSoC Creator\1\LWO3.cydsn\Generated_Source\PSoC4\CyFlash.c ****             * Mask all the exceptions to guarantee that Flash write will
 517:C:\Program Files (x86)\Cypress\PSoC Creator\4.4\PSoC Creator\1\LWO3.cydsn\Generated_Source\PSoC4\CyFlash.c ****             * occur in the atomic way. It will not affect system call
 518:C:\Program Files (x86)\Cypress\PSoC Creator\4.4\PSoC Creator\1\LWO3.cydsn\Generated_Source\PSoC4\CyFlash.c ****             * execution (flash row write) since it is executed in the NMI
 519:C:\Program Files (x86)\Cypress\PSoC Creator\4.4\PSoC Creator\1\LWO3.cydsn\Generated_Source\PSoC4\CyFlash.c ****             * context.
 520:C:\Program Files (x86)\Cypress\PSoC Creator\4.4\PSoC Creator\1\LWO3.cydsn\Generated_Source\PSoC4\CyFlash.c ****             ***************************************************************/
 521:C:\Program Files (x86)\Cypress\PSoC Creator\4.4\PSoC Creator\1\LWO3.cydsn\Generated_Source\PSoC4\CyFlash.c ****             interruptState = CyEnterCriticalSection();
 522:C:\Program Files (x86)\Cypress\PSoC Creator\4.4\PSoC Creator\1\LWO3.cydsn\Generated_Source\PSoC4\CyFlash.c **** 
 523:C:\Program Files (x86)\Cypress\PSoC Creator\4.4\PSoC Creator\1\LWO3.cydsn\Generated_Source\PSoC4\CyFlash.c ****             clkCnfRetValue = CySysFlashClockBackup();
 524:C:\Program Files (x86)\Cypress\PSoC Creator\4.4\PSoC Creator\1\LWO3.cydsn\Generated_Source\PSoC4\CyFlash.c **** 
 525:C:\Program Files (x86)\Cypress\PSoC Creator\4.4\PSoC Creator\1\LWO3.cydsn\Generated_Source\PSoC4\CyFlash.c ****         #if(CY_IP_SPCIF_SYNCHRONOUS)
 526:C:\Program Files (x86)\Cypress\PSoC Creator\4.4\PSoC Creator\1\LWO3.cydsn\Generated_Source\PSoC4\CyFlash.c ****             if(clkCnfRetValue == CY_SYS_FLASH_SUCCESS)
 527:C:\Program Files (x86)\Cypress\PSoC Creator\4.4\PSoC Creator\1\LWO3.cydsn\Generated_Source\PSoC4\CyFlash.c ****             {
 528:C:\Program Files (x86)\Cypress\PSoC Creator\4.4\PSoC Creator\1\LWO3.cydsn\Generated_Source\PSoC4\CyFlash.c ****                 retValue = CySysFlashClockConfig();
 529:C:\Program Files (x86)\Cypress\PSoC Creator\4.4\PSoC Creator\1\LWO3.cydsn\Generated_Source\PSoC4\CyFlash.c ****             }
 530:C:\Program Files (x86)\Cypress\PSoC Creator\4.4\PSoC Creator\1\LWO3.cydsn\Generated_Source\PSoC4\CyFlash.c ****         #endif  /* (CY_IP_SPCIF_SYNCHRONOUS) */
 531:C:\Program Files (x86)\Cypress\PSoC Creator\4.4\PSoC Creator\1\LWO3.cydsn\Generated_Source\PSoC4\CyFlash.c **** 
 532:C:\Program Files (x86)\Cypress\PSoC Creator\4.4\PSoC Creator\1\LWO3.cydsn\Generated_Source\PSoC4\CyFlash.c ****             if(retValue == CY_SYS_FLASH_SUCCESS)
 533:C:\Program Files (x86)\Cypress\PSoC Creator\4.4\PSoC Creator\1\LWO3.cydsn\Generated_Source\PSoC4\CyFlash.c ****             {
 534:C:\Program Files (x86)\Cypress\PSoC Creator\4.4\PSoC Creator\1\LWO3.cydsn\Generated_Source\PSoC4\CyFlash.c ****                 /* Write User Sflash Row */
 535:C:\Program Files (x86)\Cypress\PSoC Creator\4.4\PSoC Creator\1\LWO3.cydsn\Generated_Source\PSoC4\CyFlash.c ****                 parameters[0u]  = (uint32) (((uint32) CY_FLASH_KEY_TWO(CY_FLASH_API_OPCODE_WRITE_SF
 536:C:\Program Files (x86)\Cypress\PSoC Creator\4.4\PSoC Creator\1\LWO3.cydsn\Generated_Source\PSoC4\CyFlash.c ****                 parameters[1u] = (uint32) rowNum;
 537:C:\Program Files (x86)\Cypress\PSoC Creator\4.4\PSoC Creator\1\LWO3.cydsn\Generated_Source\PSoC4\CyFlash.c **** 
 538:C:\Program Files (x86)\Cypress\PSoC Creator\4.4\PSoC Creator\1\LWO3.cydsn\Generated_Source\PSoC4\CyFlash.c ****                 CY_FLASH_CPUSS_SYSARG_REG = (uint32) &parameters[0u];
 539:C:\Program Files (x86)\Cypress\PSoC Creator\4.4\PSoC Creator\1\LWO3.cydsn\Generated_Source\PSoC4\CyFlash.c ****                 CY_FLASH_CPUSS_SYSREQ_REG = CY_FLASH_CPUSS_REQ_START | CY_FLASH_API_OPCODE_WRITE_SF
 540:C:\Program Files (x86)\Cypress\PSoC Creator\4.4\PSoC Creator\1\LWO3.cydsn\Generated_Source\PSoC4\CyFlash.c ****                 CY_NOP;
 541:C:\Program Files (x86)\Cypress\PSoC Creator\4.4\PSoC Creator\1\LWO3.cydsn\Generated_Source\PSoC4\CyFlash.c ****                 retValue = CY_FLASH_API_RETURN;
 542:C:\Program Files (x86)\Cypress\PSoC Creator\4.4\PSoC Creator\1\LWO3.cydsn\Generated_Source\PSoC4\CyFlash.c ****             }
 543:C:\Program Files (x86)\Cypress\PSoC Creator\4.4\PSoC Creator\1\LWO3.cydsn\Generated_Source\PSoC4\CyFlash.c **** 
 544:C:\Program Files (x86)\Cypress\PSoC Creator\4.4\PSoC Creator\1\LWO3.cydsn\Generated_Source\PSoC4\CyFlash.c ****             if(clkCnfRetValue == CY_SYS_FLASH_SUCCESS)
ARM GAS  C:\Users\taips\AppData\Local\Temp\cctSxJRi.s 			page 11


 545:C:\Program Files (x86)\Cypress\PSoC Creator\4.4\PSoC Creator\1\LWO3.cydsn\Generated_Source\PSoC4\CyFlash.c ****             {
 546:C:\Program Files (x86)\Cypress\PSoC Creator\4.4\PSoC Creator\1\LWO3.cydsn\Generated_Source\PSoC4\CyFlash.c ****                 clkCnfRetValue = CySysFlashClockRestore();
 547:C:\Program Files (x86)\Cypress\PSoC Creator\4.4\PSoC Creator\1\LWO3.cydsn\Generated_Source\PSoC4\CyFlash.c ****             }
 548:C:\Program Files (x86)\Cypress\PSoC Creator\4.4\PSoC Creator\1\LWO3.cydsn\Generated_Source\PSoC4\CyFlash.c ****             CyExitCriticalSection(interruptState);
 549:C:\Program Files (x86)\Cypress\PSoC Creator\4.4\PSoC Creator\1\LWO3.cydsn\Generated_Source\PSoC4\CyFlash.c ****         }
 550:C:\Program Files (x86)\Cypress\PSoC Creator\4.4\PSoC Creator\1\LWO3.cydsn\Generated_Source\PSoC4\CyFlash.c ****     }
 551:C:\Program Files (x86)\Cypress\PSoC Creator\4.4\PSoC Creator\1\LWO3.cydsn\Generated_Source\PSoC4\CyFlash.c ****     else
 552:C:\Program Files (x86)\Cypress\PSoC Creator\4.4\PSoC Creator\1\LWO3.cydsn\Generated_Source\PSoC4\CyFlash.c ****     {
 553:C:\Program Files (x86)\Cypress\PSoC Creator\4.4\PSoC Creator\1\LWO3.cydsn\Generated_Source\PSoC4\CyFlash.c ****         retValue = CY_SYS_FLASH_INVALID_ADDR;
 554:C:\Program Files (x86)\Cypress\PSoC Creator\4.4\PSoC Creator\1\LWO3.cydsn\Generated_Source\PSoC4\CyFlash.c ****     }
 555:C:\Program Files (x86)\Cypress\PSoC Creator\4.4\PSoC Creator\1\LWO3.cydsn\Generated_Source\PSoC4\CyFlash.c **** 
 556:C:\Program Files (x86)\Cypress\PSoC Creator\4.4\PSoC Creator\1\LWO3.cydsn\Generated_Source\PSoC4\CyFlash.c ****     return (retValue);
 557:C:\Program Files (x86)\Cypress\PSoC Creator\4.4\PSoC Creator\1\LWO3.cydsn\Generated_Source\PSoC4\CyFlash.c **** }
 558:C:\Program Files (x86)\Cypress\PSoC Creator\4.4\PSoC Creator\1\LWO3.cydsn\Generated_Source\PSoC4\CyFlash.c **** #endif /* (CY_SFLASH_XTRA_ROWS) */
 559:C:\Program Files (x86)\Cypress\PSoC Creator\4.4\PSoC Creator\1\LWO3.cydsn\Generated_Source\PSoC4\CyFlash.c **** 
 560:C:\Program Files (x86)\Cypress\PSoC Creator\4.4\PSoC Creator\1\LWO3.cydsn\Generated_Source\PSoC4\CyFlash.c **** 
 561:C:\Program Files (x86)\Cypress\PSoC Creator\4.4\PSoC Creator\1\LWO3.cydsn\Generated_Source\PSoC4\CyFlash.c **** /*******************************************************************************
 562:C:\Program Files (x86)\Cypress\PSoC Creator\4.4\PSoC Creator\1\LWO3.cydsn\Generated_Source\PSoC4\CyFlash.c **** * Function Name: CySysFlashClockBackup
 563:C:\Program Files (x86)\Cypress\PSoC Creator\4.4\PSoC Creator\1\LWO3.cydsn\Generated_Source\PSoC4\CyFlash.c **** ****************************************************************************//**
 564:C:\Program Files (x86)\Cypress\PSoC Creator\4.4\PSoC Creator\1\LWO3.cydsn\Generated_Source\PSoC4\CyFlash.c **** *
 565:C:\Program Files (x86)\Cypress\PSoC Creator\4.4\PSoC Creator\1\LWO3.cydsn\Generated_Source\PSoC4\CyFlash.c **** * Backups the device clock configuration.
 566:C:\Program Files (x86)\Cypress\PSoC Creator\4.4\PSoC Creator\1\LWO3.cydsn\Generated_Source\PSoC4\CyFlash.c **** *
 567:C:\Program Files (x86)\Cypress\PSoC Creator\4.4\PSoC Creator\1\LWO3.cydsn\Generated_Source\PSoC4\CyFlash.c **** * \return The same as \ref CySysFlashWriteRow().
 568:C:\Program Files (x86)\Cypress\PSoC Creator\4.4\PSoC Creator\1\LWO3.cydsn\Generated_Source\PSoC4\CyFlash.c **** *
 569:C:\Program Files (x86)\Cypress\PSoC Creator\4.4\PSoC Creator\1\LWO3.cydsn\Generated_Source\PSoC4\CyFlash.c **** *******************************************************************************/
 570:C:\Program Files (x86)\Cypress\PSoC Creator\4.4\PSoC Creator\1\LWO3.cydsn\Generated_Source\PSoC4\CyFlash.c **** static cystatus CySysFlashClockBackup(void)
 571:C:\Program Files (x86)\Cypress\PSoC Creator\4.4\PSoC Creator\1\LWO3.cydsn\Generated_Source\PSoC4\CyFlash.c **** {
  27              		.loc 1 571 0
  28              		.cfi_startproc
  29              		@ args = 0, pretend = 0, frame = 0
  30              		@ frame_needed = 0, uses_anonymous_args = 0
  31              		@ link register save eliminated.
  32              	.LVL0:
 572:C:\Program Files (x86)\Cypress\PSoC Creator\4.4\PSoC Creator\1\LWO3.cydsn\Generated_Source\PSoC4\CyFlash.c ****     cystatus retValue = CY_SYS_FLASH_SUCCESS;
 573:C:\Program Files (x86)\Cypress\PSoC Creator\4.4\PSoC Creator\1\LWO3.cydsn\Generated_Source\PSoC4\CyFlash.c **** #if(!CY_IP_FM)
 574:C:\Program Files (x86)\Cypress\PSoC Creator\4.4\PSoC Creator\1\LWO3.cydsn\Generated_Source\PSoC4\CyFlash.c ****     #if !(CY_PSOC4_4000)
 575:C:\Program Files (x86)\Cypress\PSoC Creator\4.4\PSoC Creator\1\LWO3.cydsn\Generated_Source\PSoC4\CyFlash.c ****         #if (CY_IP_SPCIF_SYNCHRONOUS)
 576:C:\Program Files (x86)\Cypress\PSoC Creator\4.4\PSoC Creator\1\LWO3.cydsn\Generated_Source\PSoC4\CyFlash.c ****             volatile uint32   parameters[2u];
 577:C:\Program Files (x86)\Cypress\PSoC Creator\4.4\PSoC Creator\1\LWO3.cydsn\Generated_Source\PSoC4\CyFlash.c ****         #endif /* (CY_IP_SPCIF_SYNCHRONOUS) */
 578:C:\Program Files (x86)\Cypress\PSoC Creator\4.4\PSoC Creator\1\LWO3.cydsn\Generated_Source\PSoC4\CyFlash.c ****     #endif  /* !(CY_PSOC4_4000) */
 579:C:\Program Files (x86)\Cypress\PSoC Creator\4.4\PSoC Creator\1\LWO3.cydsn\Generated_Source\PSoC4\CyFlash.c **** #endif  /* (!CY_IP_FM) */
 580:C:\Program Files (x86)\Cypress\PSoC Creator\4.4\PSoC Creator\1\LWO3.cydsn\Generated_Source\PSoC4\CyFlash.c **** 
 581:C:\Program Files (x86)\Cypress\PSoC Creator\4.4\PSoC Creator\1\LWO3.cydsn\Generated_Source\PSoC4\CyFlash.c **** #if(CY_IP_FM)
 582:C:\Program Files (x86)\Cypress\PSoC Creator\4.4\PSoC Creator\1\LWO3.cydsn\Generated_Source\PSoC4\CyFlash.c **** 
 583:C:\Program Files (x86)\Cypress\PSoC Creator\4.4\PSoC Creator\1\LWO3.cydsn\Generated_Source\PSoC4\CyFlash.c ****     /***************************************************************
 584:C:\Program Files (x86)\Cypress\PSoC Creator\4.4\PSoC Creator\1\LWO3.cydsn\Generated_Source\PSoC4\CyFlash.c ****     * Preserve IMO configuration that could be changed during
 585:C:\Program Files (x86)\Cypress\PSoC Creator\4.4\PSoC Creator\1\LWO3.cydsn\Generated_Source\PSoC4\CyFlash.c ****     * system call execution (Cypress ID #150448).
 586:C:\Program Files (x86)\Cypress\PSoC Creator\4.4\PSoC Creator\1\LWO3.cydsn\Generated_Source\PSoC4\CyFlash.c ****     ***************************************************************/
 587:C:\Program Files (x86)\Cypress\PSoC Creator\4.4\PSoC Creator\1\LWO3.cydsn\Generated_Source\PSoC4\CyFlash.c ****     cySysFlashBackup.imoConfigReg = CY_SYS_CLK_IMO_CONFIG_REG;
  33              		.loc 1 587 0
  34 0000 024B     		ldr	r3, .L2
  35 0002 1A68     		ldr	r2, [r3]
  36 0004 024B     		ldr	r3, .L2+4
  37 0006 1A60     		str	r2, [r3]
 588:C:\Program Files (x86)\Cypress\PSoC Creator\4.4\PSoC Creator\1\LWO3.cydsn\Generated_Source\PSoC4\CyFlash.c **** 
 589:C:\Program Files (x86)\Cypress\PSoC Creator\4.4\PSoC Creator\1\LWO3.cydsn\Generated_Source\PSoC4\CyFlash.c **** #else   /* (CY_IP_FMLT) */
 590:C:\Program Files (x86)\Cypress\PSoC Creator\4.4\PSoC Creator\1\LWO3.cydsn\Generated_Source\PSoC4\CyFlash.c **** 
ARM GAS  C:\Users\taips\AppData\Local\Temp\cctSxJRi.s 			page 12


 591:C:\Program Files (x86)\Cypress\PSoC Creator\4.4\PSoC Creator\1\LWO3.cydsn\Generated_Source\PSoC4\CyFlash.c ****     #if (CY_PSOC4_4000)
 592:C:\Program Files (x86)\Cypress\PSoC Creator\4.4\PSoC Creator\1\LWO3.cydsn\Generated_Source\PSoC4\CyFlash.c **** 
 593:C:\Program Files (x86)\Cypress\PSoC Creator\4.4\PSoC Creator\1\LWO3.cydsn\Generated_Source\PSoC4\CyFlash.c ****         /***************************************************************************
 594:C:\Program Files (x86)\Cypress\PSoC Creator\4.4\PSoC Creator\1\LWO3.cydsn\Generated_Source\PSoC4\CyFlash.c ****         * Perform firmware clock settings backup for the PSOC4 4000 devices (the
 595:C:\Program Files (x86)\Cypress\PSoC Creator\4.4\PSoC Creator\1\LWO3.cydsn\Generated_Source\PSoC4\CyFlash.c ****         * corresponding system call is not available).
 596:C:\Program Files (x86)\Cypress\PSoC Creator\4.4\PSoC Creator\1\LWO3.cydsn\Generated_Source\PSoC4\CyFlash.c ****         ***************************************************************************/
 597:C:\Program Files (x86)\Cypress\PSoC Creator\4.4\PSoC Creator\1\LWO3.cydsn\Generated_Source\PSoC4\CyFlash.c **** 
 598:C:\Program Files (x86)\Cypress\PSoC Creator\4.4\PSoC Creator\1\LWO3.cydsn\Generated_Source\PSoC4\CyFlash.c ****         /***************************************************************************
 599:C:\Program Files (x86)\Cypress\PSoC Creator\4.4\PSoC Creator\1\LWO3.cydsn\Generated_Source\PSoC4\CyFlash.c ****         * The registers listed below are modified by CySysFlashClockConfig().
 600:C:\Program Files (x86)\Cypress\PSoC Creator\4.4\PSoC Creator\1\LWO3.cydsn\Generated_Source\PSoC4\CyFlash.c ****         *
 601:C:\Program Files (x86)\Cypress\PSoC Creator\4.4\PSoC Creator\1\LWO3.cydsn\Generated_Source\PSoC4\CyFlash.c ****         * The registers to be saved:
 602:C:\Program Files (x86)\Cypress\PSoC Creator\4.4\PSoC Creator\1\LWO3.cydsn\Generated_Source\PSoC4\CyFlash.c ****         * - CY_SYS_CLK_IMO_CONFIG_REG - IMO enable state.
 603:C:\Program Files (x86)\Cypress\PSoC Creator\4.4\PSoC Creator\1\LWO3.cydsn\Generated_Source\PSoC4\CyFlash.c ****         * - CY_SYS_CLK_SELECT_REG     - HFCLK source, divider, pump source. Save
 604:C:\Program Files (x86)\Cypress\PSoC Creator\4.4\PSoC Creator\1\LWO3.cydsn\Generated_Source\PSoC4\CyFlash.c ****         *                               entire register as it can be directly
 605:C:\Program Files (x86)\Cypress\PSoC Creator\4.4\PSoC Creator\1\LWO3.cydsn\Generated_Source\PSoC4\CyFlash.c ****         *                               written on restore (no special
 606:C:\Program Files (x86)\Cypress\PSoC Creator\4.4\PSoC Creator\1\LWO3.cydsn\Generated_Source\PSoC4\CyFlash.c ****         *                               requirements).
 607:C:\Program Files (x86)\Cypress\PSoC Creator\4.4\PSoC Creator\1\LWO3.cydsn\Generated_Source\PSoC4\CyFlash.c ****         * - CY_SYS_CLK_IMO_SELECT_REG - Save IMO frequency.
 608:C:\Program Files (x86)\Cypress\PSoC Creator\4.4\PSoC Creator\1\LWO3.cydsn\Generated_Source\PSoC4\CyFlash.c ****         *
 609:C:\Program Files (x86)\Cypress\PSoC Creator\4.4\PSoC Creator\1\LWO3.cydsn\Generated_Source\PSoC4\CyFlash.c ****         * The registers not to be saved:
 610:C:\Program Files (x86)\Cypress\PSoC Creator\4.4\PSoC Creator\1\LWO3.cydsn\Generated_Source\PSoC4\CyFlash.c ****         * - CY_SYS_CLK_IMO_TRIM1_REG  - No need to save. Function of frequency.
 611:C:\Program Files (x86)\Cypress\PSoC Creator\4.4\PSoC Creator\1\LWO3.cydsn\Generated_Source\PSoC4\CyFlash.c ****         *                               Restored by CySysClkWriteImoFreq().
 612:C:\Program Files (x86)\Cypress\PSoC Creator\4.4\PSoC Creator\1\LWO3.cydsn\Generated_Source\PSoC4\CyFlash.c ****         * - CY_SYS_CLK_IMO_TRIM3_REG  - No need to save. Function of frequency.
 613:C:\Program Files (x86)\Cypress\PSoC Creator\4.4\PSoC Creator\1\LWO3.cydsn\Generated_Source\PSoC4\CyFlash.c ****         *                               Restored by CySysClkWriteImoFreq().
 614:C:\Program Files (x86)\Cypress\PSoC Creator\4.4\PSoC Creator\1\LWO3.cydsn\Generated_Source\PSoC4\CyFlash.c ****         * - REG_CPUSS_FLASH_CTL       - Flash wait cycles. Unmodified due to system
 615:C:\Program Files (x86)\Cypress\PSoC Creator\4.4\PSoC Creator\1\LWO3.cydsn\Generated_Source\PSoC4\CyFlash.c ****         *                               clock 16 MHz limit.
 616:C:\Program Files (x86)\Cypress\PSoC Creator\4.4\PSoC Creator\1\LWO3.cydsn\Generated_Source\PSoC4\CyFlash.c ****         ***************************************************************************/
 617:C:\Program Files (x86)\Cypress\PSoC Creator\4.4\PSoC Creator\1\LWO3.cydsn\Generated_Source\PSoC4\CyFlash.c **** 
 618:C:\Program Files (x86)\Cypress\PSoC Creator\4.4\PSoC Creator\1\LWO3.cydsn\Generated_Source\PSoC4\CyFlash.c ****         cySysFlashBackup.clkSelectReg = CY_SYS_CLK_SELECT_REG;
 619:C:\Program Files (x86)\Cypress\PSoC Creator\4.4\PSoC Creator\1\LWO3.cydsn\Generated_Source\PSoC4\CyFlash.c ****         cySysFlashBackup.clkImoEna    = CY_SYS_CLK_IMO_CONFIG_REG & CY_SYS_CLK_IMO_CONFIG_ENABLE;
 620:C:\Program Files (x86)\Cypress\PSoC Creator\4.4\PSoC Creator\1\LWO3.cydsn\Generated_Source\PSoC4\CyFlash.c ****         cySysFlashBackup.clkImoFreq   = CY_SYS_CLK_IMO_MIN_FREQ_MHZ + (CY_SYS_CLK_IMO_SELECT_REG <<
 621:C:\Program Files (x86)\Cypress\PSoC Creator\4.4\PSoC Creator\1\LWO3.cydsn\Generated_Source\PSoC4\CyFlash.c **** 
 622:C:\Program Files (x86)\Cypress\PSoC Creator\4.4\PSoC Creator\1\LWO3.cydsn\Generated_Source\PSoC4\CyFlash.c ****     #else
 623:C:\Program Files (x86)\Cypress\PSoC Creator\4.4\PSoC Creator\1\LWO3.cydsn\Generated_Source\PSoC4\CyFlash.c **** 
 624:C:\Program Files (x86)\Cypress\PSoC Creator\4.4\PSoC Creator\1\LWO3.cydsn\Generated_Source\PSoC4\CyFlash.c ****         #if (CY_IP_SPCIF_SYNCHRONOUS)
 625:C:\Program Files (x86)\Cypress\PSoC Creator\4.4\PSoC Creator\1\LWO3.cydsn\Generated_Source\PSoC4\CyFlash.c ****             /* FM-Lite Clock Backup System Call */
 626:C:\Program Files (x86)\Cypress\PSoC Creator\4.4\PSoC Creator\1\LWO3.cydsn\Generated_Source\PSoC4\CyFlash.c ****             parameters[0u] =
 627:C:\Program Files (x86)\Cypress\PSoC Creator\4.4\PSoC Creator\1\LWO3.cydsn\Generated_Source\PSoC4\CyFlash.c ****                 (uint32) ((CY_FLASH_KEY_TWO(CY_FLASH_API_OPCODE_CLK_BACKUP) <<  CY_FLASH_PARAM_KEY_
 628:C:\Program Files (x86)\Cypress\PSoC Creator\4.4\PSoC Creator\1\LWO3.cydsn\Generated_Source\PSoC4\CyFlash.c ****                             CY_FLASH_KEY_ONE);
 629:C:\Program Files (x86)\Cypress\PSoC Creator\4.4\PSoC Creator\1\LWO3.cydsn\Generated_Source\PSoC4\CyFlash.c ****             parameters[1u] = (uint32) &cySysFlashBackup.clockSettings[0u];
 630:C:\Program Files (x86)\Cypress\PSoC Creator\4.4\PSoC Creator\1\LWO3.cydsn\Generated_Source\PSoC4\CyFlash.c ****             CY_FLASH_CPUSS_SYSARG_REG = (uint32) &parameters[0u];
 631:C:\Program Files (x86)\Cypress\PSoC Creator\4.4\PSoC Creator\1\LWO3.cydsn\Generated_Source\PSoC4\CyFlash.c ****             CY_FLASH_CPUSS_SYSREQ_REG = CY_FLASH_CPUSS_REQ_START | CY_FLASH_API_OPCODE_CLK_BACKUP;
 632:C:\Program Files (x86)\Cypress\PSoC Creator\4.4\PSoC Creator\1\LWO3.cydsn\Generated_Source\PSoC4\CyFlash.c ****             CY_NOP;
 633:C:\Program Files (x86)\Cypress\PSoC Creator\4.4\PSoC Creator\1\LWO3.cydsn\Generated_Source\PSoC4\CyFlash.c ****             retValue = CY_FLASH_API_RETURN;
 634:C:\Program Files (x86)\Cypress\PSoC Creator\4.4\PSoC Creator\1\LWO3.cydsn\Generated_Source\PSoC4\CyFlash.c ****         #endif /* (CY_IP_SPCIF_SYNCHRONOUS) */
 635:C:\Program Files (x86)\Cypress\PSoC Creator\4.4\PSoC Creator\1\LWO3.cydsn\Generated_Source\PSoC4\CyFlash.c **** 
 636:C:\Program Files (x86)\Cypress\PSoC Creator\4.4\PSoC Creator\1\LWO3.cydsn\Generated_Source\PSoC4\CyFlash.c ****     #endif  /* (CY_PSOC4_4000) */
 637:C:\Program Files (x86)\Cypress\PSoC Creator\4.4\PSoC Creator\1\LWO3.cydsn\Generated_Source\PSoC4\CyFlash.c **** 
 638:C:\Program Files (x86)\Cypress\PSoC Creator\4.4\PSoC Creator\1\LWO3.cydsn\Generated_Source\PSoC4\CyFlash.c **** #endif  /* (CY_IP_FM) */
 639:C:\Program Files (x86)\Cypress\PSoC Creator\4.4\PSoC Creator\1\LWO3.cydsn\Generated_Source\PSoC4\CyFlash.c **** 
 640:C:\Program Files (x86)\Cypress\PSoC Creator\4.4\PSoC Creator\1\LWO3.cydsn\Generated_Source\PSoC4\CyFlash.c ****     return (retValue);
 641:C:\Program Files (x86)\Cypress\PSoC Creator\4.4\PSoC Creator\1\LWO3.cydsn\Generated_Source\PSoC4\CyFlash.c **** }
  38              		.loc 1 641 0
  39 0008 0020     		movs	r0, #0
  40              		@ sp needed
  41 000a 7047     		bx	lr
  42              	.L3:
  43              		.align	2
ARM GAS  C:\Users\taips\AppData\Local\Temp\cctSxJRi.s 			page 13


  44              	.L2:
  45 000c 08010B40 		.word	1074462984
  46 0010 00000000 		.word	.LANCHOR0
  47              		.cfi_endproc
  48              	.LFE2:
  49              		.size	CySysFlashClockBackup, .-CySysFlashClockBackup
  50              		.section	.text.CySysFlashClockRestore,"ax",%progbits
  51              		.align	2
  52              		.code	16
  53              		.thumb_func
  54              		.type	CySysFlashClockRestore, %function
  55              	CySysFlashClockRestore:
  56              	.LFB3:
 642:C:\Program Files (x86)\Cypress\PSoC Creator\4.4\PSoC Creator\1\LWO3.cydsn\Generated_Source\PSoC4\CyFlash.c **** 
 643:C:\Program Files (x86)\Cypress\PSoC Creator\4.4\PSoC Creator\1\LWO3.cydsn\Generated_Source\PSoC4\CyFlash.c **** 
 644:C:\Program Files (x86)\Cypress\PSoC Creator\4.4\PSoC Creator\1\LWO3.cydsn\Generated_Source\PSoC4\CyFlash.c **** #if(CY_IP_SPCIF_SYNCHRONOUS)
 645:C:\Program Files (x86)\Cypress\PSoC Creator\4.4\PSoC Creator\1\LWO3.cydsn\Generated_Source\PSoC4\CyFlash.c **** /*******************************************************************************
 646:C:\Program Files (x86)\Cypress\PSoC Creator\4.4\PSoC Creator\1\LWO3.cydsn\Generated_Source\PSoC4\CyFlash.c **** * Function Name: CySysFlashClockConfig
 647:C:\Program Files (x86)\Cypress\PSoC Creator\4.4\PSoC Creator\1\LWO3.cydsn\Generated_Source\PSoC4\CyFlash.c **** ****************************************************************************//**
 648:C:\Program Files (x86)\Cypress\PSoC Creator\4.4\PSoC Creator\1\LWO3.cydsn\Generated_Source\PSoC4\CyFlash.c **** *
 649:C:\Program Files (x86)\Cypress\PSoC Creator\4.4\PSoC Creator\1\LWO3.cydsn\Generated_Source\PSoC4\CyFlash.c **** * Configures the device clocks for the flash writing.
 650:C:\Program Files (x86)\Cypress\PSoC Creator\4.4\PSoC Creator\1\LWO3.cydsn\Generated_Source\PSoC4\CyFlash.c **** *
 651:C:\Program Files (x86)\Cypress\PSoC Creator\4.4\PSoC Creator\1\LWO3.cydsn\Generated_Source\PSoC4\CyFlash.c **** * \return The same as \ref CySysFlashWriteRow().
 652:C:\Program Files (x86)\Cypress\PSoC Creator\4.4\PSoC Creator\1\LWO3.cydsn\Generated_Source\PSoC4\CyFlash.c **** *
 653:C:\Program Files (x86)\Cypress\PSoC Creator\4.4\PSoC Creator\1\LWO3.cydsn\Generated_Source\PSoC4\CyFlash.c **** *******************************************************************************/
 654:C:\Program Files (x86)\Cypress\PSoC Creator\4.4\PSoC Creator\1\LWO3.cydsn\Generated_Source\PSoC4\CyFlash.c **** static cystatus CySysFlashClockConfig(void)
 655:C:\Program Files (x86)\Cypress\PSoC Creator\4.4\PSoC Creator\1\LWO3.cydsn\Generated_Source\PSoC4\CyFlash.c **** {
 656:C:\Program Files (x86)\Cypress\PSoC Creator\4.4\PSoC Creator\1\LWO3.cydsn\Generated_Source\PSoC4\CyFlash.c ****     cystatus retValue = CY_SYS_FLASH_SUCCESS;
 657:C:\Program Files (x86)\Cypress\PSoC Creator\4.4\PSoC Creator\1\LWO3.cydsn\Generated_Source\PSoC4\CyFlash.c **** 
 658:C:\Program Files (x86)\Cypress\PSoC Creator\4.4\PSoC Creator\1\LWO3.cydsn\Generated_Source\PSoC4\CyFlash.c ****     /***************************************************************************
 659:C:\Program Files (x86)\Cypress\PSoC Creator\4.4\PSoC Creator\1\LWO3.cydsn\Generated_Source\PSoC4\CyFlash.c ****     * The FM-Lite IP uses the IMO at 48MHz for the pump clock and SPC timer
 660:C:\Program Files (x86)\Cypress\PSoC Creator\4.4\PSoC Creator\1\LWO3.cydsn\Generated_Source\PSoC4\CyFlash.c ****     * clock. The PUMP_SEL and HF clock must be set to IMO before calling Flash
 661:C:\Program Files (x86)\Cypress\PSoC Creator\4.4\PSoC Creator\1\LWO3.cydsn\Generated_Source\PSoC4\CyFlash.c ****     * write or erase operation.
 662:C:\Program Files (x86)\Cypress\PSoC Creator\4.4\PSoC Creator\1\LWO3.cydsn\Generated_Source\PSoC4\CyFlash.c ****     ***************************************************************************/
 663:C:\Program Files (x86)\Cypress\PSoC Creator\4.4\PSoC Creator\1\LWO3.cydsn\Generated_Source\PSoC4\CyFlash.c **** #if (CY_PSOC4_4000)
 664:C:\Program Files (x86)\Cypress\PSoC Creator\4.4\PSoC Creator\1\LWO3.cydsn\Generated_Source\PSoC4\CyFlash.c **** 
 665:C:\Program Files (x86)\Cypress\PSoC Creator\4.4\PSoC Creator\1\LWO3.cydsn\Generated_Source\PSoC4\CyFlash.c ****     /***************************************************************************
 666:C:\Program Files (x86)\Cypress\PSoC Creator\4.4\PSoC Creator\1\LWO3.cydsn\Generated_Source\PSoC4\CyFlash.c ****     * Perform firmware clock settings setup for the PSOC4 4000 devices (the
 667:C:\Program Files (x86)\Cypress\PSoC Creator\4.4\PSoC Creator\1\LWO3.cydsn\Generated_Source\PSoC4\CyFlash.c ****     * corresponding system call is not reliable):
 668:C:\Program Files (x86)\Cypress\PSoC Creator\4.4\PSoC Creator\1\LWO3.cydsn\Generated_Source\PSoC4\CyFlash.c ****     * - The IMO frequency should be 48 MHz
 669:C:\Program Files (x86)\Cypress\PSoC Creator\4.4\PSoC Creator\1\LWO3.cydsn\Generated_Source\PSoC4\CyFlash.c ****     * - The IMO should be source for the HFCLK
 670:C:\Program Files (x86)\Cypress\PSoC Creator\4.4\PSoC Creator\1\LWO3.cydsn\Generated_Source\PSoC4\CyFlash.c ****     * - The IMO should be the source for the charge pump clock
 671:C:\Program Files (x86)\Cypress\PSoC Creator\4.4\PSoC Creator\1\LWO3.cydsn\Generated_Source\PSoC4\CyFlash.c ****     *
 672:C:\Program Files (x86)\Cypress\PSoC Creator\4.4\PSoC Creator\1\LWO3.cydsn\Generated_Source\PSoC4\CyFlash.c ****     * Note The structure members used below are initialized by
 673:C:\Program Files (x86)\Cypress\PSoC Creator\4.4\PSoC Creator\1\LWO3.cydsn\Generated_Source\PSoC4\CyFlash.c ****     * the CySysFlashClockBackup() function.
 674:C:\Program Files (x86)\Cypress\PSoC Creator\4.4\PSoC Creator\1\LWO3.cydsn\Generated_Source\PSoC4\CyFlash.c ****     ***************************************************************************/
 675:C:\Program Files (x86)\Cypress\PSoC Creator\4.4\PSoC Creator\1\LWO3.cydsn\Generated_Source\PSoC4\CyFlash.c ****     if ((cySysFlashBackup.clkImoFreq != 48u) ||
 676:C:\Program Files (x86)\Cypress\PSoC Creator\4.4\PSoC Creator\1\LWO3.cydsn\Generated_Source\PSoC4\CyFlash.c ****         ((cySysFlashBackup.clkSelectReg & CY_SYS_CLK_SELECT_DIRECT_SEL_MASK) != CY_SYS_CLK_HFCLK_IM
 677:C:\Program Files (x86)\Cypress\PSoC Creator\4.4\PSoC Creator\1\LWO3.cydsn\Generated_Source\PSoC4\CyFlash.c ****         (((cySysFlashBackup.clkSelectReg >> CY_SYS_CLK_SELECT_PUMP_SEL_SHIFT) & CY_SYS_CLK_SELECT_P
 678:C:\Program Files (x86)\Cypress\PSoC Creator\4.4\PSoC Creator\1\LWO3.cydsn\Generated_Source\PSoC4\CyFlash.c ****             CY_SYS_CLK_SELECT_PUMP_SEL_IMO))
 679:C:\Program Files (x86)\Cypress\PSoC Creator\4.4\PSoC Creator\1\LWO3.cydsn\Generated_Source\PSoC4\CyFlash.c ****     {
 680:C:\Program Files (x86)\Cypress\PSoC Creator\4.4\PSoC Creator\1\LWO3.cydsn\Generated_Source\PSoC4\CyFlash.c ****         /***********************************************************************
 681:C:\Program Files (x86)\Cypress\PSoC Creator\4.4\PSoC Creator\1\LWO3.cydsn\Generated_Source\PSoC4\CyFlash.c ****          Set HFCLK divider to divide-by-4 to ensure that System clock frequency
 682:C:\Program Files (x86)\Cypress\PSoC Creator\4.4\PSoC Creator\1\LWO3.cydsn\Generated_Source\PSoC4\CyFlash.c ****         * is within the valid limit (16 MHz for the PSoC4 4000).
 683:C:\Program Files (x86)\Cypress\PSoC Creator\4.4\PSoC Creator\1\LWO3.cydsn\Generated_Source\PSoC4\CyFlash.c ****         ***********************************************************************/
 684:C:\Program Files (x86)\Cypress\PSoC Creator\4.4\PSoC Creator\1\LWO3.cydsn\Generated_Source\PSoC4\CyFlash.c ****         CySysClkWriteHfclkDiv(CY_SYS_CLK_HFCLK_DIV_4);
 685:C:\Program Files (x86)\Cypress\PSoC Creator\4.4\PSoC Creator\1\LWO3.cydsn\Generated_Source\PSoC4\CyFlash.c **** 
ARM GAS  C:\Users\taips\AppData\Local\Temp\cctSxJRi.s 			page 14


 686:C:\Program Files (x86)\Cypress\PSoC Creator\4.4\PSoC Creator\1\LWO3.cydsn\Generated_Source\PSoC4\CyFlash.c ****         /* The IMO frequency should be 48 MHz */
 687:C:\Program Files (x86)\Cypress\PSoC Creator\4.4\PSoC Creator\1\LWO3.cydsn\Generated_Source\PSoC4\CyFlash.c ****         if (cySysFlashBackup.clkImoFreq != 48u)
 688:C:\Program Files (x86)\Cypress\PSoC Creator\4.4\PSoC Creator\1\LWO3.cydsn\Generated_Source\PSoC4\CyFlash.c ****         {
 689:C:\Program Files (x86)\Cypress\PSoC Creator\4.4\PSoC Creator\1\LWO3.cydsn\Generated_Source\PSoC4\CyFlash.c ****             CySysClkWriteImoFreq(48u);
 690:C:\Program Files (x86)\Cypress\PSoC Creator\4.4\PSoC Creator\1\LWO3.cydsn\Generated_Source\PSoC4\CyFlash.c ****         }
 691:C:\Program Files (x86)\Cypress\PSoC Creator\4.4\PSoC Creator\1\LWO3.cydsn\Generated_Source\PSoC4\CyFlash.c ****         CySysClkImoStart();
 692:C:\Program Files (x86)\Cypress\PSoC Creator\4.4\PSoC Creator\1\LWO3.cydsn\Generated_Source\PSoC4\CyFlash.c **** 
 693:C:\Program Files (x86)\Cypress\PSoC Creator\4.4\PSoC Creator\1\LWO3.cydsn\Generated_Source\PSoC4\CyFlash.c ****         /* The IMO should be source for the HFCLK */
 694:C:\Program Files (x86)\Cypress\PSoC Creator\4.4\PSoC Creator\1\LWO3.cydsn\Generated_Source\PSoC4\CyFlash.c ****         CySysClkWriteHfclkDirect(CY_SYS_CLK_HFCLK_IMO);
 695:C:\Program Files (x86)\Cypress\PSoC Creator\4.4\PSoC Creator\1\LWO3.cydsn\Generated_Source\PSoC4\CyFlash.c **** 
 696:C:\Program Files (x86)\Cypress\PSoC Creator\4.4\PSoC Creator\1\LWO3.cydsn\Generated_Source\PSoC4\CyFlash.c ****         /* The IMO should be the source for the charge pump clock */
 697:C:\Program Files (x86)\Cypress\PSoC Creator\4.4\PSoC Creator\1\LWO3.cydsn\Generated_Source\PSoC4\CyFlash.c ****         CY_SYS_CLK_SELECT_REG =  (CY_SYS_CLK_SELECT_REG &
 698:C:\Program Files (x86)\Cypress\PSoC Creator\4.4\PSoC Creator\1\LWO3.cydsn\Generated_Source\PSoC4\CyFlash.c ****             ((uint32)~(uint32)(CY_SYS_CLK_SELECT_PUMP_SEL_MASK << CY_SYS_CLK_SELECT_PUMP_SEL_SHIFT)
 699:C:\Program Files (x86)\Cypress\PSoC Creator\4.4\PSoC Creator\1\LWO3.cydsn\Generated_Source\PSoC4\CyFlash.c ****             ((uint32)((uint32)1u << CY_SYS_CLK_SELECT_PUMP_SEL_SHIFT));
 700:C:\Program Files (x86)\Cypress\PSoC Creator\4.4\PSoC Creator\1\LWO3.cydsn\Generated_Source\PSoC4\CyFlash.c ****     }
 701:C:\Program Files (x86)\Cypress\PSoC Creator\4.4\PSoC Creator\1\LWO3.cydsn\Generated_Source\PSoC4\CyFlash.c **** 
 702:C:\Program Files (x86)\Cypress\PSoC Creator\4.4\PSoC Creator\1\LWO3.cydsn\Generated_Source\PSoC4\CyFlash.c **** #else
 703:C:\Program Files (x86)\Cypress\PSoC Creator\4.4\PSoC Creator\1\LWO3.cydsn\Generated_Source\PSoC4\CyFlash.c **** 
 704:C:\Program Files (x86)\Cypress\PSoC Creator\4.4\PSoC Creator\1\LWO3.cydsn\Generated_Source\PSoC4\CyFlash.c ****     /* FM-Lite Clock Configuration */
 705:C:\Program Files (x86)\Cypress\PSoC Creator\4.4\PSoC Creator\1\LWO3.cydsn\Generated_Source\PSoC4\CyFlash.c ****     CY_FLASH_CPUSS_SYSARG_REG =
 706:C:\Program Files (x86)\Cypress\PSoC Creator\4.4\PSoC Creator\1\LWO3.cydsn\Generated_Source\PSoC4\CyFlash.c ****         (uint32) ((CY_FLASH_KEY_TWO(CY_FLASH_API_OPCODE_CLK_CONFIG) <<  CY_FLASH_PARAM_KEY_TWO_OFFS
 707:C:\Program Files (x86)\Cypress\PSoC Creator\4.4\PSoC Creator\1\LWO3.cydsn\Generated_Source\PSoC4\CyFlash.c ****                     CY_FLASH_KEY_ONE);
 708:C:\Program Files (x86)\Cypress\PSoC Creator\4.4\PSoC Creator\1\LWO3.cydsn\Generated_Source\PSoC4\CyFlash.c ****     CY_FLASH_CPUSS_SYSREQ_REG = CY_FLASH_CPUSS_REQ_START | CY_FLASH_API_OPCODE_CLK_CONFIG;
 709:C:\Program Files (x86)\Cypress\PSoC Creator\4.4\PSoC Creator\1\LWO3.cydsn\Generated_Source\PSoC4\CyFlash.c ****     CY_NOP;
 710:C:\Program Files (x86)\Cypress\PSoC Creator\4.4\PSoC Creator\1\LWO3.cydsn\Generated_Source\PSoC4\CyFlash.c ****     retValue = CY_FLASH_API_RETURN;
 711:C:\Program Files (x86)\Cypress\PSoC Creator\4.4\PSoC Creator\1\LWO3.cydsn\Generated_Source\PSoC4\CyFlash.c **** 
 712:C:\Program Files (x86)\Cypress\PSoC Creator\4.4\PSoC Creator\1\LWO3.cydsn\Generated_Source\PSoC4\CyFlash.c **** #endif  /* (CY_PSOC4_4000) */
 713:C:\Program Files (x86)\Cypress\PSoC Creator\4.4\PSoC Creator\1\LWO3.cydsn\Generated_Source\PSoC4\CyFlash.c **** 
 714:C:\Program Files (x86)\Cypress\PSoC Creator\4.4\PSoC Creator\1\LWO3.cydsn\Generated_Source\PSoC4\CyFlash.c ****     return (retValue);
 715:C:\Program Files (x86)\Cypress\PSoC Creator\4.4\PSoC Creator\1\LWO3.cydsn\Generated_Source\PSoC4\CyFlash.c **** }
 716:C:\Program Files (x86)\Cypress\PSoC Creator\4.4\PSoC Creator\1\LWO3.cydsn\Generated_Source\PSoC4\CyFlash.c **** #endif  /* (CY_IP_SPCIF_SYNCHRONOUS) */
 717:C:\Program Files (x86)\Cypress\PSoC Creator\4.4\PSoC Creator\1\LWO3.cydsn\Generated_Source\PSoC4\CyFlash.c **** 
 718:C:\Program Files (x86)\Cypress\PSoC Creator\4.4\PSoC Creator\1\LWO3.cydsn\Generated_Source\PSoC4\CyFlash.c **** 
 719:C:\Program Files (x86)\Cypress\PSoC Creator\4.4\PSoC Creator\1\LWO3.cydsn\Generated_Source\PSoC4\CyFlash.c **** /*******************************************************************************
 720:C:\Program Files (x86)\Cypress\PSoC Creator\4.4\PSoC Creator\1\LWO3.cydsn\Generated_Source\PSoC4\CyFlash.c **** * Function Name: CySysFlashClockRestore
 721:C:\Program Files (x86)\Cypress\PSoC Creator\4.4\PSoC Creator\1\LWO3.cydsn\Generated_Source\PSoC4\CyFlash.c **** ****************************************************************************//**
 722:C:\Program Files (x86)\Cypress\PSoC Creator\4.4\PSoC Creator\1\LWO3.cydsn\Generated_Source\PSoC4\CyFlash.c **** *
 723:C:\Program Files (x86)\Cypress\PSoC Creator\4.4\PSoC Creator\1\LWO3.cydsn\Generated_Source\PSoC4\CyFlash.c **** * Restores the device clock configuration.
 724:C:\Program Files (x86)\Cypress\PSoC Creator\4.4\PSoC Creator\1\LWO3.cydsn\Generated_Source\PSoC4\CyFlash.c **** *
 725:C:\Program Files (x86)\Cypress\PSoC Creator\4.4\PSoC Creator\1\LWO3.cydsn\Generated_Source\PSoC4\CyFlash.c **** * \return The same as \ref CySysFlashWriteRow().
 726:C:\Program Files (x86)\Cypress\PSoC Creator\4.4\PSoC Creator\1\LWO3.cydsn\Generated_Source\PSoC4\CyFlash.c **** *
 727:C:\Program Files (x86)\Cypress\PSoC Creator\4.4\PSoC Creator\1\LWO3.cydsn\Generated_Source\PSoC4\CyFlash.c **** *******************************************************************************/
 728:C:\Program Files (x86)\Cypress\PSoC Creator\4.4\PSoC Creator\1\LWO3.cydsn\Generated_Source\PSoC4\CyFlash.c **** static cystatus CySysFlashClockRestore(void)
 729:C:\Program Files (x86)\Cypress\PSoC Creator\4.4\PSoC Creator\1\LWO3.cydsn\Generated_Source\PSoC4\CyFlash.c **** {
  57              		.loc 1 729 0
  58              		.cfi_startproc
  59              		@ args = 0, pretend = 0, frame = 0
  60              		@ frame_needed = 0, uses_anonymous_args = 0
  61              		@ link register save eliminated.
  62              	.LVL1:
 730:C:\Program Files (x86)\Cypress\PSoC Creator\4.4\PSoC Creator\1\LWO3.cydsn\Generated_Source\PSoC4\CyFlash.c ****     cystatus retValue = CY_SYS_FLASH_SUCCESS;
 731:C:\Program Files (x86)\Cypress\PSoC Creator\4.4\PSoC Creator\1\LWO3.cydsn\Generated_Source\PSoC4\CyFlash.c **** #if(!CY_IP_FM)
 732:C:\Program Files (x86)\Cypress\PSoC Creator\4.4\PSoC Creator\1\LWO3.cydsn\Generated_Source\PSoC4\CyFlash.c ****     #if !(CY_PSOC4_4000)
 733:C:\Program Files (x86)\Cypress\PSoC Creator\4.4\PSoC Creator\1\LWO3.cydsn\Generated_Source\PSoC4\CyFlash.c ****         #if (CY_IP_SPCIF_SYNCHRONOUS)
 734:C:\Program Files (x86)\Cypress\PSoC Creator\4.4\PSoC Creator\1\LWO3.cydsn\Generated_Source\PSoC4\CyFlash.c ****             volatile uint32   parameters[2u];
 735:C:\Program Files (x86)\Cypress\PSoC Creator\4.4\PSoC Creator\1\LWO3.cydsn\Generated_Source\PSoC4\CyFlash.c ****         #endif /* (CY_IP_SPCIF_SYNCHRONOUS) */
 736:C:\Program Files (x86)\Cypress\PSoC Creator\4.4\PSoC Creator\1\LWO3.cydsn\Generated_Source\PSoC4\CyFlash.c ****     #endif  /* !(CY_PSOC4_4000) */
ARM GAS  C:\Users\taips\AppData\Local\Temp\cctSxJRi.s 			page 15


 737:C:\Program Files (x86)\Cypress\PSoC Creator\4.4\PSoC Creator\1\LWO3.cydsn\Generated_Source\PSoC4\CyFlash.c **** #endif  /* (!CY_IP_FM) */
 738:C:\Program Files (x86)\Cypress\PSoC Creator\4.4\PSoC Creator\1\LWO3.cydsn\Generated_Source\PSoC4\CyFlash.c **** 
 739:C:\Program Files (x86)\Cypress\PSoC Creator\4.4\PSoC Creator\1\LWO3.cydsn\Generated_Source\PSoC4\CyFlash.c **** #if(CY_IP_FM)
 740:C:\Program Files (x86)\Cypress\PSoC Creator\4.4\PSoC Creator\1\LWO3.cydsn\Generated_Source\PSoC4\CyFlash.c **** 
 741:C:\Program Files (x86)\Cypress\PSoC Creator\4.4\PSoC Creator\1\LWO3.cydsn\Generated_Source\PSoC4\CyFlash.c ****     /***************************************************************
 742:C:\Program Files (x86)\Cypress\PSoC Creator\4.4\PSoC Creator\1\LWO3.cydsn\Generated_Source\PSoC4\CyFlash.c ****     * Restore IMO configuration that could be changed during
 743:C:\Program Files (x86)\Cypress\PSoC Creator\4.4\PSoC Creator\1\LWO3.cydsn\Generated_Source\PSoC4\CyFlash.c ****     * system call execution (Cypress ID #150448).
 744:C:\Program Files (x86)\Cypress\PSoC Creator\4.4\PSoC Creator\1\LWO3.cydsn\Generated_Source\PSoC4\CyFlash.c ****     ***************************************************************/
 745:C:\Program Files (x86)\Cypress\PSoC Creator\4.4\PSoC Creator\1\LWO3.cydsn\Generated_Source\PSoC4\CyFlash.c ****     CY_SYS_CLK_IMO_CONFIG_REG = cySysFlashBackup.imoConfigReg;
  63              		.loc 1 745 0
  64 0000 024B     		ldr	r3, .L5
  65 0002 1A68     		ldr	r2, [r3]
  66 0004 024B     		ldr	r3, .L5+4
  67 0006 1A60     		str	r2, [r3]
 746:C:\Program Files (x86)\Cypress\PSoC Creator\4.4\PSoC Creator\1\LWO3.cydsn\Generated_Source\PSoC4\CyFlash.c **** 
 747:C:\Program Files (x86)\Cypress\PSoC Creator\4.4\PSoC Creator\1\LWO3.cydsn\Generated_Source\PSoC4\CyFlash.c **** #else
 748:C:\Program Files (x86)\Cypress\PSoC Creator\4.4\PSoC Creator\1\LWO3.cydsn\Generated_Source\PSoC4\CyFlash.c **** 
 749:C:\Program Files (x86)\Cypress\PSoC Creator\4.4\PSoC Creator\1\LWO3.cydsn\Generated_Source\PSoC4\CyFlash.c ****     #if (CY_PSOC4_4000)
 750:C:\Program Files (x86)\Cypress\PSoC Creator\4.4\PSoC Creator\1\LWO3.cydsn\Generated_Source\PSoC4\CyFlash.c **** 
 751:C:\Program Files (x86)\Cypress\PSoC Creator\4.4\PSoC Creator\1\LWO3.cydsn\Generated_Source\PSoC4\CyFlash.c ****         /***************************************************************************
 752:C:\Program Files (x86)\Cypress\PSoC Creator\4.4\PSoC Creator\1\LWO3.cydsn\Generated_Source\PSoC4\CyFlash.c ****         * Perform firmware clock settings restore for the PSOC4 4000 devices (the
 753:C:\Program Files (x86)\Cypress\PSoC Creator\4.4\PSoC Creator\1\LWO3.cydsn\Generated_Source\PSoC4\CyFlash.c ****         * corresponding system call is not available).
 754:C:\Program Files (x86)\Cypress\PSoC Creator\4.4\PSoC Creator\1\LWO3.cydsn\Generated_Source\PSoC4\CyFlash.c ****         ***************************************************************************/
 755:C:\Program Files (x86)\Cypress\PSoC Creator\4.4\PSoC Creator\1\LWO3.cydsn\Generated_Source\PSoC4\CyFlash.c **** 
 756:C:\Program Files (x86)\Cypress\PSoC Creator\4.4\PSoC Creator\1\LWO3.cydsn\Generated_Source\PSoC4\CyFlash.c ****         /* Restore clock settings */
 757:C:\Program Files (x86)\Cypress\PSoC Creator\4.4\PSoC Creator\1\LWO3.cydsn\Generated_Source\PSoC4\CyFlash.c ****         if ((cySysFlashBackup.clkImoFreq != 48u) ||
 758:C:\Program Files (x86)\Cypress\PSoC Creator\4.4\PSoC Creator\1\LWO3.cydsn\Generated_Source\PSoC4\CyFlash.c ****             ((cySysFlashBackup.clkSelectReg & CY_SYS_CLK_SELECT_DIRECT_SEL_MASK) != CY_SYS_CLK_HFCL
 759:C:\Program Files (x86)\Cypress\PSoC Creator\4.4\PSoC Creator\1\LWO3.cydsn\Generated_Source\PSoC4\CyFlash.c ****             (((cySysFlashBackup.clkSelectReg >> CY_SYS_CLK_SELECT_PUMP_SEL_SHIFT) & CY_SYS_CLK_SELE
 760:C:\Program Files (x86)\Cypress\PSoC Creator\4.4\PSoC Creator\1\LWO3.cydsn\Generated_Source\PSoC4\CyFlash.c ****                 CY_SYS_CLK_SELECT_PUMP_SEL_IMO))
 761:C:\Program Files (x86)\Cypress\PSoC Creator\4.4\PSoC Creator\1\LWO3.cydsn\Generated_Source\PSoC4\CyFlash.c ****         {
 762:C:\Program Files (x86)\Cypress\PSoC Creator\4.4\PSoC Creator\1\LWO3.cydsn\Generated_Source\PSoC4\CyFlash.c ****             /* Restore IMO frequency if needed */
 763:C:\Program Files (x86)\Cypress\PSoC Creator\4.4\PSoC Creator\1\LWO3.cydsn\Generated_Source\PSoC4\CyFlash.c ****             if (cySysFlashBackup.clkImoFreq != 48u)
 764:C:\Program Files (x86)\Cypress\PSoC Creator\4.4\PSoC Creator\1\LWO3.cydsn\Generated_Source\PSoC4\CyFlash.c ****             {
 765:C:\Program Files (x86)\Cypress\PSoC Creator\4.4\PSoC Creator\1\LWO3.cydsn\Generated_Source\PSoC4\CyFlash.c ****                 CySysClkWriteImoFreq(cySysFlashBackup.clkImoFreq);
 766:C:\Program Files (x86)\Cypress\PSoC Creator\4.4\PSoC Creator\1\LWO3.cydsn\Generated_Source\PSoC4\CyFlash.c ****             }
 767:C:\Program Files (x86)\Cypress\PSoC Creator\4.4\PSoC Creator\1\LWO3.cydsn\Generated_Source\PSoC4\CyFlash.c **** 
 768:C:\Program Files (x86)\Cypress\PSoC Creator\4.4\PSoC Creator\1\LWO3.cydsn\Generated_Source\PSoC4\CyFlash.c ****             /* Restore HFCLK clock source */
 769:C:\Program Files (x86)\Cypress\PSoC Creator\4.4\PSoC Creator\1\LWO3.cydsn\Generated_Source\PSoC4\CyFlash.c ****             CySysClkWriteHfclkDirect(cySysFlashBackup.clkSelectReg & CY_SYS_CLK_SELECT_DIRECT_SEL_M
 770:C:\Program Files (x86)\Cypress\PSoC Creator\4.4\PSoC Creator\1\LWO3.cydsn\Generated_Source\PSoC4\CyFlash.c **** 
 771:C:\Program Files (x86)\Cypress\PSoC Creator\4.4\PSoC Creator\1\LWO3.cydsn\Generated_Source\PSoC4\CyFlash.c ****             /* Restore HFCLK divider and source for pump  */
 772:C:\Program Files (x86)\Cypress\PSoC Creator\4.4\PSoC Creator\1\LWO3.cydsn\Generated_Source\PSoC4\CyFlash.c ****             CY_SYS_CLK_SELECT_REG = cySysFlashBackup.clkSelectReg;
 773:C:\Program Files (x86)\Cypress\PSoC Creator\4.4\PSoC Creator\1\LWO3.cydsn\Generated_Source\PSoC4\CyFlash.c **** 
 774:C:\Program Files (x86)\Cypress\PSoC Creator\4.4\PSoC Creator\1\LWO3.cydsn\Generated_Source\PSoC4\CyFlash.c ****             /* Stop IMO if needed */
 775:C:\Program Files (x86)\Cypress\PSoC Creator\4.4\PSoC Creator\1\LWO3.cydsn\Generated_Source\PSoC4\CyFlash.c ****             if (0u == cySysFlashBackup.clkImoEna)
 776:C:\Program Files (x86)\Cypress\PSoC Creator\4.4\PSoC Creator\1\LWO3.cydsn\Generated_Source\PSoC4\CyFlash.c ****             {
 777:C:\Program Files (x86)\Cypress\PSoC Creator\4.4\PSoC Creator\1\LWO3.cydsn\Generated_Source\PSoC4\CyFlash.c ****                 CySysClkImoStop();
 778:C:\Program Files (x86)\Cypress\PSoC Creator\4.4\PSoC Creator\1\LWO3.cydsn\Generated_Source\PSoC4\CyFlash.c ****             }
 779:C:\Program Files (x86)\Cypress\PSoC Creator\4.4\PSoC Creator\1\LWO3.cydsn\Generated_Source\PSoC4\CyFlash.c ****         }
 780:C:\Program Files (x86)\Cypress\PSoC Creator\4.4\PSoC Creator\1\LWO3.cydsn\Generated_Source\PSoC4\CyFlash.c **** 
 781:C:\Program Files (x86)\Cypress\PSoC Creator\4.4\PSoC Creator\1\LWO3.cydsn\Generated_Source\PSoC4\CyFlash.c ****     #else
 782:C:\Program Files (x86)\Cypress\PSoC Creator\4.4\PSoC Creator\1\LWO3.cydsn\Generated_Source\PSoC4\CyFlash.c **** 
 783:C:\Program Files (x86)\Cypress\PSoC Creator\4.4\PSoC Creator\1\LWO3.cydsn\Generated_Source\PSoC4\CyFlash.c ****         #if (CY_IP_SPCIF_SYNCHRONOUS)
 784:C:\Program Files (x86)\Cypress\PSoC Creator\4.4\PSoC Creator\1\LWO3.cydsn\Generated_Source\PSoC4\CyFlash.c ****             /* FM-Lite Clock Restore */
 785:C:\Program Files (x86)\Cypress\PSoC Creator\4.4\PSoC Creator\1\LWO3.cydsn\Generated_Source\PSoC4\CyFlash.c ****             parameters[0u] =
 786:C:\Program Files (x86)\Cypress\PSoC Creator\4.4\PSoC Creator\1\LWO3.cydsn\Generated_Source\PSoC4\CyFlash.c ****                 (uint32) ((CY_FLASH_KEY_TWO(CY_FLASH_API_OPCODE_CLK_RESTORE) <<  CY_FLASH_PARAM_KEY
 787:C:\Program Files (x86)\Cypress\PSoC Creator\4.4\PSoC Creator\1\LWO3.cydsn\Generated_Source\PSoC4\CyFlash.c ****                             CY_FLASH_KEY_ONE);
 788:C:\Program Files (x86)\Cypress\PSoC Creator\4.4\PSoC Creator\1\LWO3.cydsn\Generated_Source\PSoC4\CyFlash.c ****             parameters[1u] = (uint32) &cySysFlashBackup.clockSettings[0u];
ARM GAS  C:\Users\taips\AppData\Local\Temp\cctSxJRi.s 			page 16


 789:C:\Program Files (x86)\Cypress\PSoC Creator\4.4\PSoC Creator\1\LWO3.cydsn\Generated_Source\PSoC4\CyFlash.c ****             CY_FLASH_CPUSS_SYSARG_REG = (uint32) &parameters[0u];
 790:C:\Program Files (x86)\Cypress\PSoC Creator\4.4\PSoC Creator\1\LWO3.cydsn\Generated_Source\PSoC4\CyFlash.c ****             CY_FLASH_CPUSS_SYSREQ_REG = CY_FLASH_CPUSS_REQ_START | CY_FLASH_API_OPCODE_CLK_RESTORE;
 791:C:\Program Files (x86)\Cypress\PSoC Creator\4.4\PSoC Creator\1\LWO3.cydsn\Generated_Source\PSoC4\CyFlash.c ****             CY_NOP;
 792:C:\Program Files (x86)\Cypress\PSoC Creator\4.4\PSoC Creator\1\LWO3.cydsn\Generated_Source\PSoC4\CyFlash.c ****             retValue = CY_FLASH_API_RETURN;
 793:C:\Program Files (x86)\Cypress\PSoC Creator\4.4\PSoC Creator\1\LWO3.cydsn\Generated_Source\PSoC4\CyFlash.c ****         #endif /* (CY_IP_SPCIF_SYNCHRONOUS) */
 794:C:\Program Files (x86)\Cypress\PSoC Creator\4.4\PSoC Creator\1\LWO3.cydsn\Generated_Source\PSoC4\CyFlash.c **** 
 795:C:\Program Files (x86)\Cypress\PSoC Creator\4.4\PSoC Creator\1\LWO3.cydsn\Generated_Source\PSoC4\CyFlash.c ****     #endif  /* (CY_PSOC4_4000) */
 796:C:\Program Files (x86)\Cypress\PSoC Creator\4.4\PSoC Creator\1\LWO3.cydsn\Generated_Source\PSoC4\CyFlash.c **** 
 797:C:\Program Files (x86)\Cypress\PSoC Creator\4.4\PSoC Creator\1\LWO3.cydsn\Generated_Source\PSoC4\CyFlash.c **** #endif  /* (CY_IP_FM) */
 798:C:\Program Files (x86)\Cypress\PSoC Creator\4.4\PSoC Creator\1\LWO3.cydsn\Generated_Source\PSoC4\CyFlash.c **** 
 799:C:\Program Files (x86)\Cypress\PSoC Creator\4.4\PSoC Creator\1\LWO3.cydsn\Generated_Source\PSoC4\CyFlash.c ****     return (retValue);
 800:C:\Program Files (x86)\Cypress\PSoC Creator\4.4\PSoC Creator\1\LWO3.cydsn\Generated_Source\PSoC4\CyFlash.c **** }
  68              		.loc 1 800 0
  69 0008 0020     		movs	r0, #0
  70              		@ sp needed
  71 000a 7047     		bx	lr
  72              	.L6:
  73              		.align	2
  74              	.L5:
  75 000c 00000000 		.word	.LANCHOR0
  76 0010 08010B40 		.word	1074462984
  77              		.cfi_endproc
  78              	.LFE3:
  79              		.size	CySysFlashClockRestore, .-CySysFlashClockRestore
  80              		.section	.text.CySysFlashWriteRow,"ax",%progbits
  81              		.align	2
  82              		.global	CySysFlashWriteRow
  83              		.code	16
  84              		.thumb_func
  85              		.type	CySysFlashWriteRow, %function
  86              	CySysFlashWriteRow:
  87              	.LFB0:
  82:C:\Program Files (x86)\Cypress\PSoC Creator\4.4\PSoC Creator\1\LWO3.cydsn\Generated_Source\PSoC4\CyFlash.c ****     volatile uint32 retValue = CY_SYS_FLASH_SUCCESS;
  88              		.loc 1 82 0
  89              		.cfi_startproc
  90              		@ args = 0, pretend = 0, frame = 152
  91              		@ frame_needed = 0, uses_anonymous_args = 0
  92              	.LVL2:
  93 0000 F0B5     		push	{r4, r5, r6, r7, lr}
  94              		.cfi_def_cfa_offset 20
  95              		.cfi_offset 4, -20
  96              		.cfi_offset 5, -16
  97              		.cfi_offset 6, -12
  98              		.cfi_offset 7, -8
  99              		.cfi_offset 14, -4
 100 0002 4746     		mov	r7, r8
 101 0004 80B4     		push	{r7}
 102              		.cfi_def_cfa_offset 24
 103              		.cfi_offset 8, -24
 104 0006 A6B0     		sub	sp, sp, #152
 105              		.cfi_def_cfa_offset 176
 106 0008 0500     		movs	r5, r0
  83:C:\Program Files (x86)\Cypress\PSoC Creator\4.4\PSoC Creator\1\LWO3.cydsn\Generated_Source\PSoC4\CyFlash.c ****     volatile uint32 clkCnfRetValue = CY_SYS_FLASH_SUCCESS;
 107              		.loc 1 83 0
 108 000a 0023     		movs	r3, #0
 109 000c 2593     		str	r3, [sp, #148]
  84:C:\Program Files (x86)\Cypress\PSoC Creator\4.4\PSoC Creator\1\LWO3.cydsn\Generated_Source\PSoC4\CyFlash.c ****     volatile uint32 parameters[(CY_FLASH_SIZEOF_ROW + CY_FLASH_SRAM_ROM_DATA) / sizeof(uint32)];
ARM GAS  C:\Users\taips\AppData\Local\Temp\cctSxJRi.s 			page 17


 110              		.loc 1 84 0
 111 000e 2493     		str	r3, [sp, #144]
 112              	.LVL3:
  97:C:\Program Files (x86)\Cypress\PSoC Creator\4.4\PSoC Creator\1\LWO3.cydsn\Generated_Source\PSoC4\CyFlash.c ****     {
 113              		.loc 1 97 0
 114 0010 FF28     		cmp	r0, #255
 115 0012 00D9     		bls	.LCB77
 116 0014 EFE0     		b	.L8	@long jump
 117              	.LCB77:
  97:C:\Program Files (x86)\Cypress\PSoC Creator\4.4\PSoC Creator\1\LWO3.cydsn\Generated_Source\PSoC4\CyFlash.c ****     {
 118              		.loc 1 97 0 is_stmt 0 discriminator 1
 119 0016 0029     		cmp	r1, #0
 120 0018 00D1     		bne	.LCB79
 121 001a ECE0     		b	.L8	@long jump
 122              	.LCB79:
 100:C:\Program Files (x86)\Cypress\PSoC Creator\4.4\PSoC Creator\1\LWO3.cydsn\Generated_Source\PSoC4\CyFlash.c **** 
 123              		.loc 1 100 0 is_stmt 1
 124 001c 8022     		movs	r2, #128
 125 001e 04A8     		add	r0, sp, #16
 126              	.LVL4:
 127 0020 FFF7FEFF 		bl	memcpy
 128              	.LVL5:
 104:C:\Program Files (x86)\Cypress\PSoC Creator\4.4\PSoC Creator\1\LWO3.cydsn\Generated_Source\PSoC4\CyFlash.c ****             {
 129              		.loc 1 104 0
 130 0024 0223     		movs	r3, #2
  93:C:\Program Files (x86)\Cypress\PSoC Creator\4.4\PSoC Creator\1\LWO3.cydsn\Generated_Source\PSoC4\CyFlash.c ****         uint32 i;
 131              		.loc 1 93 0
 132 0026 0020     		movs	r0, #0
  92:C:\Program Files (x86)\Cypress\PSoC Creator\4.4\PSoC Creator\1\LWO3.cydsn\Generated_Source\PSoC4\CyFlash.c ****         uint32 bits = 0u;
 133              		.loc 1 92 0
 134 0028 0021     		movs	r1, #0
  90:C:\Program Files (x86)\Cypress\PSoC Creator\4.4\PSoC Creator\1\LWO3.cydsn\Generated_Source\PSoC4\CyFlash.c ****         uint32 savedValue = 0u;
 135              		.loc 1 90 0
 136 002a 0024     		movs	r4, #0
 104:C:\Program Files (x86)\Cypress\PSoC Creator\4.4\PSoC Creator\1\LWO3.cydsn\Generated_Source\PSoC4\CyFlash.c ****             {
 137              		.loc 1 104 0
 138 002c 08E0     		b	.L9
 139              	.LVL6:
 140              	.L11:
 141              	.LBB2:
 106:C:\Program Files (x86)\Cypress\PSoC Creator\4.4\PSoC Creator\1\LWO3.cydsn\Generated_Source\PSoC4\CyFlash.c ****                 if (tmp != 0u)
 142              		.loc 1 106 0
 143 002e 9A00     		lsls	r2, r3, #2
 144 0030 02AE     		add	r6, sp, #8
 145 0032 9259     		ldr	r2, [r2, r6]
 146              	.LVL7:
 107:C:\Program Files (x86)\Cypress\PSoC Creator\4.4\PSoC Creator\1\LWO3.cydsn\Generated_Source\PSoC4\CyFlash.c ****                 {
 147              		.loc 1 107 0
 148 0034 002A     		cmp	r2, #0
 149 0036 02D0     		beq	.L10
 109:C:\Program Files (x86)\Cypress\PSoC Creator\4.4\PSoC Creator\1\LWO3.cydsn\Generated_Source\PSoC4\CyFlash.c ****                     bits |= tmp;
 150              		.loc 1 109 0
 151 0038 8918     		adds	r1, r1, r2
 152              	.LVL8:
 110:C:\Program Files (x86)\Cypress\PSoC Creator\4.4\PSoC Creator\1\LWO3.cydsn\Generated_Source\PSoC4\CyFlash.c ****                     savedIndex = i;
 153              		.loc 1 110 0
 154 003a 1043     		orrs	r0, r2
ARM GAS  C:\Users\taips\AppData\Local\Temp\cctSxJRi.s 			page 18


 155              	.LVL9:
 111:C:\Program Files (x86)\Cypress\PSoC Creator\4.4\PSoC Creator\1\LWO3.cydsn\Generated_Source\PSoC4\CyFlash.c ****                 }
 156              		.loc 1 111 0
 157 003c 1C00     		movs	r4, r3
 158              	.LVL10:
 159              	.L10:
 160              	.LBE2:
 104:C:\Program Files (x86)\Cypress\PSoC Creator\4.4\PSoC Creator\1\LWO3.cydsn\Generated_Source\PSoC4\CyFlash.c ****             {
 161              		.loc 1 104 0 discriminator 2
 162 003e 0133     		adds	r3, r3, #1
 163              	.LVL11:
 164              	.L9:
 104:C:\Program Files (x86)\Cypress\PSoC Creator\4.4\PSoC Creator\1\LWO3.cydsn\Generated_Source\PSoC4\CyFlash.c ****             {
 165              		.loc 1 104 0 is_stmt 0 discriminator 1
 166 0040 212B     		cmp	r3, #33
 167 0042 F4D9     		bls	.L11
 115:C:\Program Files (x86)\Cypress\PSoC Creator\4.4\PSoC Creator\1\LWO3.cydsn\Generated_Source\PSoC4\CyFlash.c ****             if (needChecksumWorkaround != 0u)
 168              		.loc 1 115 0 is_stmt 1
 169 0044 0029     		cmp	r1, #0
 170 0046 03D1     		bne	.L26
 115:C:\Program Files (x86)\Cypress\PSoC Creator\4.4\PSoC Creator\1\LWO3.cydsn\Generated_Source\PSoC4\CyFlash.c ****             if (needChecksumWorkaround != 0u)
 171              		.loc 1 115 0 is_stmt 0 discriminator 1
 172 0048 0028     		cmp	r0, #0
 173 004a 03D1     		bne	.L27
 115:C:\Program Files (x86)\Cypress\PSoC Creator\4.4\PSoC Creator\1\LWO3.cydsn\Generated_Source\PSoC4\CyFlash.c ****             if (needChecksumWorkaround != 0u)
 174              		.loc 1 115 0
 175 004c 0026     		movs	r6, #0
 176 004e 02E0     		b	.L12
 177              	.L26:
 178 0050 0026     		movs	r6, #0
 179 0052 00E0     		b	.L12
 180              	.L27:
 181 0054 0126     		movs	r6, #1
 182              	.L12:
 183              	.LVL12:
 116:C:\Program Files (x86)\Cypress\PSoC Creator\4.4\PSoC Creator\1\LWO3.cydsn\Generated_Source\PSoC4\CyFlash.c ****             {
 184              		.loc 1 116 0 is_stmt 1 discriminator 6
 185 0056 002E     		cmp	r6, #0
 186 0058 06D0     		beq	.L28
 118:C:\Program Files (x86)\Cypress\PSoC Creator\4.4\PSoC Creator\1\LWO3.cydsn\Generated_Source\PSoC4\CyFlash.c ****                 parameters[savedIndex] = 0u;
 187              		.loc 1 118 0
 188 005a A300     		lsls	r3, r4, #2
 189              	.LVL13:
 190 005c 02AA     		add	r2, sp, #8
 191 005e 9F58     		ldr	r7, [r3, r2]
 192              	.LVL14:
 119:C:\Program Files (x86)\Cypress\PSoC Creator\4.4\PSoC Creator\1\LWO3.cydsn\Generated_Source\PSoC4\CyFlash.c ****             }
 193              		.loc 1 119 0
 194 0060 0022     		movs	r2, #0
 195 0062 02A9     		add	r1, sp, #8
 196              	.LVL15:
 197 0064 5A50     		str	r2, [r3, r1]
 198 0066 00E0     		b	.L13
 199              	.LVL16:
 200              	.L28:
  91:C:\Program Files (x86)\Cypress\PSoC Creator\4.4\PSoC Creator\1\LWO3.cydsn\Generated_Source\PSoC4\CyFlash.c ****         uint32 checksum = 0u;
 201              		.loc 1 91 0
ARM GAS  C:\Users\taips\AppData\Local\Temp\cctSxJRi.s 			page 19


 202 0068 0027     		movs	r7, #0
 203              	.LVL17:
 204              	.L13:
 124:C:\Program Files (x86)\Cypress\PSoC Creator\4.4\PSoC Creator\1\LWO3.cydsn\Generated_Source\PSoC4\CyFlash.c ****                          (uint32) (CY_FLASH_PAGE_LATCH_START_ADDR             << CY_FLASH_PARAM_ADD
 205              		.loc 1 124 0
 206 006a 664B     		ldr	r3, .L30
 207 006c 0293     		str	r3, [sp, #8]
 128:C:\Program Files (x86)\Cypress\PSoC Creator\4.4\PSoC Creator\1\LWO3.cydsn\Generated_Source\PSoC4\CyFlash.c **** 
 208              		.loc 1 128 0
 209 006e 7F23     		movs	r3, #127
 210 0070 0393     		str	r3, [sp, #12]
 130:C:\Program Files (x86)\Cypress\PSoC Creator\4.4\PSoC Creator\1\LWO3.cydsn\Generated_Source\PSoC4\CyFlash.c ****         CY_FLASH_CPUSS_SYSREQ_REG = CY_FLASH_CPUSS_REQ_START | CY_FLASH_API_OPCODE_LOAD;
 211              		.loc 1 130 0
 212 0072 654B     		ldr	r3, .L30+4
 213 0074 02AA     		add	r2, sp, #8
 214 0076 1A60     		str	r2, [r3]
 131:C:\Program Files (x86)\Cypress\PSoC Creator\4.4\PSoC Creator\1\LWO3.cydsn\Generated_Source\PSoC4\CyFlash.c ****         CY_NOP;
 215              		.loc 1 131 0
 216 0078 6449     		ldr	r1, .L30+8
 217 007a 654A     		ldr	r2, .L30+12
 218 007c 1160     		str	r1, [r2]
 132:C:\Program Files (x86)\Cypress\PSoC Creator\4.4\PSoC Creator\1\LWO3.cydsn\Generated_Source\PSoC4\CyFlash.c ****         retValue = CY_FLASH_API_RETURN;
 219              		.loc 1 132 0
 220              		.syntax divided
 221              	@ 132 "C:\Program Files (x86)\Cypress\PSoC Creator\4.4\PSoC Creator\1\LWO3.cydsn\Generated_Source\P
 222 007e C046     		NOP
 223              	
 224              	@ 0 "" 2
 133:C:\Program Files (x86)\Cypress\PSoC Creator\4.4\PSoC Creator\1\LWO3.cydsn\Generated_Source\PSoC4\CyFlash.c **** 
 225              		.loc 1 133 0
 226              		.thumb
 227              		.syntax unified
 228 0080 1B68     		ldr	r3, [r3]
 229 0082 1B0F     		lsrs	r3, r3, #28
 230 0084 1B07     		lsls	r3, r3, #28
 231 0086 F022     		movs	r2, #240
 232 0088 1206     		lsls	r2, r2, #24
 233 008a 9342     		cmp	r3, r2
 234 008c 04D1     		bne	.L14
 133:C:\Program Files (x86)\Cypress\PSoC Creator\4.4\PSoC Creator\1\LWO3.cydsn\Generated_Source\PSoC4\CyFlash.c **** 
 235              		.loc 1 133 0 is_stmt 0 discriminator 1
 236 008e 5E4B     		ldr	r3, .L30+4
 237 0090 1B68     		ldr	r3, [r3]
 238 0092 FF22     		movs	r2, #255
 239 0094 1340     		ands	r3, r2
 240 0096 0DE0     		b	.L15
 241              	.L14:
 133:C:\Program Files (x86)\Cypress\PSoC Creator\4.4\PSoC Creator\1\LWO3.cydsn\Generated_Source\PSoC4\CyFlash.c **** 
 242              		.loc 1 133 0 discriminator 2
 243 0098 5B4B     		ldr	r3, .L30+4
 244 009a 1B68     		ldr	r3, [r3]
 245 009c 1B0F     		lsrs	r3, r3, #28
 246 009e 1B07     		lsls	r3, r3, #28
 247 00a0 A022     		movs	r2, #160
 248 00a2 1206     		lsls	r2, r2, #24
 249 00a4 9342     		cmp	r3, r2
 250 00a6 04D0     		beq	.L29
ARM GAS  C:\Users\taips\AppData\Local\Temp\cctSxJRi.s 			page 20


 133:C:\Program Files (x86)\Cypress\PSoC Creator\4.4\PSoC Creator\1\LWO3.cydsn\Generated_Source\PSoC4\CyFlash.c **** 
 251              		.loc 1 133 0 discriminator 4
 252 00a8 574B     		ldr	r3, .L30+4
 253 00aa 1B68     		ldr	r3, [r3]
 254 00ac FF22     		movs	r2, #255
 255 00ae 1340     		ands	r3, r2
 256 00b0 00E0     		b	.L15
 257              	.L29:
 133:C:\Program Files (x86)\Cypress\PSoC Creator\4.4\PSoC Creator\1\LWO3.cydsn\Generated_Source\PSoC4\CyFlash.c **** 
 258              		.loc 1 133 0
 259 00b2 0023     		movs	r3, #0
 260              	.L15:
 133:C:\Program Files (x86)\Cypress\PSoC Creator\4.4\PSoC Creator\1\LWO3.cydsn\Generated_Source\PSoC4\CyFlash.c **** 
 261              		.loc 1 133 0 discriminator 8
 262 00b4 2593     		str	r3, [sp, #148]
 135:C:\Program Files (x86)\Cypress\PSoC Creator\4.4\PSoC Creator\1\LWO3.cydsn\Generated_Source\PSoC4\CyFlash.c ****         {
 263              		.loc 1 135 0 is_stmt 1 discriminator 8
 264 00b6 259B     		ldr	r3, [sp, #148]
 265 00b8 002B     		cmp	r3, #0
 266 00ba 00D0     		beq	.LCB237
 267 00bc 9DE0     		b	.L16	@long jump
 268              	.LCB237:
 143:C:\Program Files (x86)\Cypress\PSoC Creator\4.4\PSoC Creator\1\LWO3.cydsn\Generated_Source\PSoC4\CyFlash.c **** 
 269              		.loc 1 143 0
 270 00be FFF7FEFF 		bl	CyEnterCriticalSection
 271              	.LVL18:
 272 00c2 0190     		str	r0, [sp, #4]
 273              	.LVL19:
 145:C:\Program Files (x86)\Cypress\PSoC Creator\4.4\PSoC Creator\1\LWO3.cydsn\Generated_Source\PSoC4\CyFlash.c **** 
 274              		.loc 1 145 0
 275 00c4 FFF7FEFF 		bl	CySysFlashClockBackup
 276              	.LVL20:
 277 00c8 2490     		str	r0, [sp, #144]
 154:C:\Program Files (x86)\Cypress\PSoC Creator\4.4\PSoC Creator\1\LWO3.cydsn\Generated_Source\PSoC4\CyFlash.c ****             {
 278              		.loc 1 154 0
 279 00ca 259B     		ldr	r3, [sp, #148]
 280 00cc 002B     		cmp	r3, #0
 281 00ce 25D1     		bne	.L17
 157:C:\Program Files (x86)\Cypress\PSoC Creator\4.4\PSoC Creator\1\LWO3.cydsn\Generated_Source\PSoC4\CyFlash.c ****                 parameters[0u] |= (uint32)(rowNum << 16u);
 282              		.loc 1 157 0
 283 00d0 504A     		ldr	r2, .L30+16
 284 00d2 0292     		str	r2, [sp, #8]
 158:C:\Program Files (x86)\Cypress\PSoC Creator\4.4\PSoC Creator\1\LWO3.cydsn\Generated_Source\PSoC4\CyFlash.c **** 
 285              		.loc 1 158 0
 286 00d4 0299     		ldr	r1, [sp, #8]
 287 00d6 2A04     		lsls	r2, r5, #16
 288 00d8 0A43     		orrs	r2, r1
 289 00da 0292     		str	r2, [sp, #8]
 160:C:\Program Files (x86)\Cypress\PSoC Creator\4.4\PSoC Creator\1\LWO3.cydsn\Generated_Source\PSoC4\CyFlash.c ****                 CY_FLASH_CPUSS_SYSREQ_REG = CY_FLASH_CPUSS_REQ_START | CY_FLASH_API_OPCODE_WRITE_RO
 290              		.loc 1 160 0
 291 00dc 4A4A     		ldr	r2, .L30+4
 292 00de 02A9     		add	r1, sp, #8
 293 00e0 1160     		str	r1, [r2]
 294              	.LVL21:
 161:C:\Program Files (x86)\Cypress\PSoC Creator\4.4\PSoC Creator\1\LWO3.cydsn\Generated_Source\PSoC4\CyFlash.c ****                 CY_NOP;
 295              		.loc 1 161 0
 296 00e2 4D48     		ldr	r0, .L30+20
ARM GAS  C:\Users\taips\AppData\Local\Temp\cctSxJRi.s 			page 21


 297 00e4 4A49     		ldr	r1, .L30+12
 298 00e6 0860     		str	r0, [r1]
 162:C:\Program Files (x86)\Cypress\PSoC Creator\4.4\PSoC Creator\1\LWO3.cydsn\Generated_Source\PSoC4\CyFlash.c ****                 retValue = CY_FLASH_API_RETURN;
 299              		.loc 1 162 0
 300              		.syntax divided
 301              	@ 162 "C:\Program Files (x86)\Cypress\PSoC Creator\4.4\PSoC Creator\1\LWO3.cydsn\Generated_Source\P
 302 00e8 C046     		NOP
 303              	
 304              	@ 0 "" 2
 163:C:\Program Files (x86)\Cypress\PSoC Creator\4.4\PSoC Creator\1\LWO3.cydsn\Generated_Source\PSoC4\CyFlash.c ****             }
 305              		.loc 1 163 0
 306              		.thumb
 307              		.syntax unified
 308 00ea 1268     		ldr	r2, [r2]
 309 00ec 120F     		lsrs	r2, r2, #28
 310 00ee 1207     		lsls	r2, r2, #28
 311 00f0 F021     		movs	r1, #240
 312 00f2 0906     		lsls	r1, r1, #24
 313 00f4 8A42     		cmp	r2, r1
 314 00f6 04D1     		bne	.L18
 163:C:\Program Files (x86)\Cypress\PSoC Creator\4.4\PSoC Creator\1\LWO3.cydsn\Generated_Source\PSoC4\CyFlash.c ****             }
 315              		.loc 1 163 0 is_stmt 0 discriminator 1
 316 00f8 434B     		ldr	r3, .L30+4
 317 00fa 1B68     		ldr	r3, [r3]
 318 00fc FF22     		movs	r2, #255
 319 00fe 1340     		ands	r3, r2
 320 0100 0BE0     		b	.L19
 321              	.L18:
 163:C:\Program Files (x86)\Cypress\PSoC Creator\4.4\PSoC Creator\1\LWO3.cydsn\Generated_Source\PSoC4\CyFlash.c ****             }
 322              		.loc 1 163 0 discriminator 2
 323 0102 414A     		ldr	r2, .L30+4
 324 0104 1268     		ldr	r2, [r2]
 325 0106 120F     		lsrs	r2, r2, #28
 326 0108 1207     		lsls	r2, r2, #28
 327 010a A021     		movs	r1, #160
 328 010c 0906     		lsls	r1, r1, #24
 329 010e 8A42     		cmp	r2, r1
 330 0110 03D0     		beq	.L19
 163:C:\Program Files (x86)\Cypress\PSoC Creator\4.4\PSoC Creator\1\LWO3.cydsn\Generated_Source\PSoC4\CyFlash.c ****             }
 331              		.loc 1 163 0 discriminator 4
 332 0112 3D4B     		ldr	r3, .L30+4
 333 0114 1B68     		ldr	r3, [r3]
 334 0116 FF22     		movs	r2, #255
 335 0118 1340     		ands	r3, r2
 336              	.L19:
 163:C:\Program Files (x86)\Cypress\PSoC Creator\4.4\PSoC Creator\1\LWO3.cydsn\Generated_Source\PSoC4\CyFlash.c ****             }
 337              		.loc 1 163 0 discriminator 8
 338 011a 2593     		str	r3, [sp, #148]
 339              	.L17:
 168:C:\Program Files (x86)\Cypress\PSoC Creator\4.4\PSoC Creator\1\LWO3.cydsn\Generated_Source\PSoC4\CyFlash.c ****                 {
 340              		.loc 1 168 0 is_stmt 1
 341 011c 259B     		ldr	r3, [sp, #148]
 342 011e 9846     		mov	r8, r3
 343 0120 002B     		cmp	r3, #0
 344 0122 59D1     		bne	.L20
 168:C:\Program Files (x86)\Cypress\PSoC Creator\4.4\PSoC Creator\1\LWO3.cydsn\Generated_Source\PSoC4\CyFlash.c ****                 {
 345              		.loc 1 168 0 is_stmt 0 discriminator 1
ARM GAS  C:\Users\taips\AppData\Local\Temp\cctSxJRi.s 			page 22


 346 0124 002E     		cmp	r6, #0
 347 0126 57D0     		beq	.L20
 170:C:\Program Files (x86)\Cypress\PSoC Creator\4.4\PSoC Creator\1\LWO3.cydsn\Generated_Source\PSoC4\CyFlash.c ****                     parameters[savedIndex] = savedValue;
 348              		.loc 1 170 0 is_stmt 1
 349 0128 8022     		movs	r2, #128
 350 012a 0021     		movs	r1, #0
 351 012c 04A8     		add	r0, sp, #16
 352 012e FFF7FEFF 		bl	memset
 353              	.LVL22:
 171:C:\Program Files (x86)\Cypress\PSoC Creator\4.4\PSoC Creator\1\LWO3.cydsn\Generated_Source\PSoC4\CyFlash.c **** 
 354              		.loc 1 171 0
 355 0132 A400     		lsls	r4, r4, #2
 356              	.LVL23:
 357 0134 02AB     		add	r3, sp, #8
 358 0136 E750     		str	r7, [r4, r3]
 174:C:\Program Files (x86)\Cypress\PSoC Creator\4.4\PSoC Creator\1\LWO3.cydsn\Generated_Source\PSoC4\CyFlash.c ****                                      (uint32) (CY_FLASH_PAGE_LATCH_START_ADDR             << CY_FLA
 359              		.loc 1 174 0
 360 0138 324B     		ldr	r3, .L30
 361 013a 0293     		str	r3, [sp, #8]
 178:C:\Program Files (x86)\Cypress\PSoC Creator\4.4\PSoC Creator\1\LWO3.cydsn\Generated_Source\PSoC4\CyFlash.c **** 
 362              		.loc 1 178 0
 363 013c 7F23     		movs	r3, #127
 364 013e 0393     		str	r3, [sp, #12]
 180:C:\Program Files (x86)\Cypress\PSoC Creator\4.4\PSoC Creator\1\LWO3.cydsn\Generated_Source\PSoC4\CyFlash.c ****                     CY_FLASH_CPUSS_SYSREQ_REG = CY_FLASH_CPUSS_REQ_START | CY_FLASH_API_OPCODE_LOAD
 365              		.loc 1 180 0
 366 0140 314B     		ldr	r3, .L30+4
 367 0142 02AA     		add	r2, sp, #8
 368 0144 1A60     		str	r2, [r3]
 181:C:\Program Files (x86)\Cypress\PSoC Creator\4.4\PSoC Creator\1\LWO3.cydsn\Generated_Source\PSoC4\CyFlash.c ****                     CY_NOP;
 369              		.loc 1 181 0
 370 0146 3149     		ldr	r1, .L30+8
 371 0148 314A     		ldr	r2, .L30+12
 372 014a 1160     		str	r1, [r2]
 182:C:\Program Files (x86)\Cypress\PSoC Creator\4.4\PSoC Creator\1\LWO3.cydsn\Generated_Source\PSoC4\CyFlash.c ****                     retValue = CY_FLASH_API_RETURN;
 373              		.loc 1 182 0
 374              		.syntax divided
 375              	@ 182 "C:\Program Files (x86)\Cypress\PSoC Creator\4.4\PSoC Creator\1\LWO3.cydsn\Generated_Source\P
 376 014c C046     		NOP
 377              	
 378              	@ 0 "" 2
 183:C:\Program Files (x86)\Cypress\PSoC Creator\4.4\PSoC Creator\1\LWO3.cydsn\Generated_Source\PSoC4\CyFlash.c **** 
 379              		.loc 1 183 0
 380              		.thumb
 381              		.syntax unified
 382 014e 1B68     		ldr	r3, [r3]
 383 0150 1B0F     		lsrs	r3, r3, #28
 384 0152 1B07     		lsls	r3, r3, #28
 385 0154 F022     		movs	r2, #240
 386 0156 1206     		lsls	r2, r2, #24
 387 0158 9342     		cmp	r3, r2
 388 015a 05D1     		bne	.L21
 183:C:\Program Files (x86)\Cypress\PSoC Creator\4.4\PSoC Creator\1\LWO3.cydsn\Generated_Source\PSoC4\CyFlash.c **** 
 389              		.loc 1 183 0 is_stmt 0 discriminator 1
 390 015c 2A4B     		ldr	r3, .L30+4
 391 015e 1B68     		ldr	r3, [r3]
 392 0160 FF22     		movs	r2, #255
 393 0162 1A40     		ands	r2, r3
ARM GAS  C:\Users\taips\AppData\Local\Temp\cctSxJRi.s 			page 23


 394 0164 9046     		mov	r8, r2
 395 0166 0CE0     		b	.L22
 396              	.L21:
 183:C:\Program Files (x86)\Cypress\PSoC Creator\4.4\PSoC Creator\1\LWO3.cydsn\Generated_Source\PSoC4\CyFlash.c **** 
 397              		.loc 1 183 0 discriminator 2
 398 0168 274B     		ldr	r3, .L30+4
 399 016a 1B68     		ldr	r3, [r3]
 400 016c 1B0F     		lsrs	r3, r3, #28
 401 016e 1B07     		lsls	r3, r3, #28
 402 0170 A022     		movs	r2, #160
 403 0172 1206     		lsls	r2, r2, #24
 404 0174 9342     		cmp	r3, r2
 405 0176 04D0     		beq	.L22
 183:C:\Program Files (x86)\Cypress\PSoC Creator\4.4\PSoC Creator\1\LWO3.cydsn\Generated_Source\PSoC4\CyFlash.c **** 
 406              		.loc 1 183 0 discriminator 4
 407 0178 234B     		ldr	r3, .L30+4
 408 017a 1B68     		ldr	r3, [r3]
 409 017c FF22     		movs	r2, #255
 410 017e 1A40     		ands	r2, r3
 411 0180 9046     		mov	r8, r2
 412              	.L22:
 183:C:\Program Files (x86)\Cypress\PSoC Creator\4.4\PSoC Creator\1\LWO3.cydsn\Generated_Source\PSoC4\CyFlash.c **** 
 413              		.loc 1 183 0 discriminator 8
 414 0182 4346     		mov	r3, r8
 415 0184 2593     		str	r3, [sp, #148]
 186:C:\Program Files (x86)\Cypress\PSoC Creator\4.4\PSoC Creator\1\LWO3.cydsn\Generated_Source\PSoC4\CyFlash.c ****                     {
 416              		.loc 1 186 0 is_stmt 1 discriminator 8
 417 0186 259B     		ldr	r3, [sp, #148]
 418 0188 002B     		cmp	r3, #0
 419 018a 25D1     		bne	.L20
 189:C:\Program Files (x86)\Cypress\PSoC Creator\4.4\PSoC Creator\1\LWO3.cydsn\Generated_Source\PSoC4\CyFlash.c ****                             (uint32) (((uint32) CY_FLASH_KEY_TWO(CY_FLASH_API_OPCODE_PROGRAM_ROW) <
 420              		.loc 1 189 0
 421 018c 234A     		ldr	r2, .L30+24
 422 018e 0292     		str	r2, [sp, #8]
 192:C:\Program Files (x86)\Cypress\PSoC Creator\4.4\PSoC Creator\1\LWO3.cydsn\Generated_Source\PSoC4\CyFlash.c **** 
 423              		.loc 1 192 0
 424 0190 029A     		ldr	r2, [sp, #8]
 425 0192 2D04     		lsls	r5, r5, #16
 426              	.LVL24:
 427 0194 1543     		orrs	r5, r2
 428 0196 0295     		str	r5, [sp, #8]
 194:C:\Program Files (x86)\Cypress\PSoC Creator\4.4\PSoC Creator\1\LWO3.cydsn\Generated_Source\PSoC4\CyFlash.c ****                         CY_FLASH_CPUSS_SYSREQ_REG = CY_FLASH_CPUSS_REQ_START | CY_FLASH_API_OPCODE_
 429              		.loc 1 194 0
 430 0198 1B4A     		ldr	r2, .L30+4
 431 019a 02A9     		add	r1, sp, #8
 432 019c 1160     		str	r1, [r2]
 195:C:\Program Files (x86)\Cypress\PSoC Creator\4.4\PSoC Creator\1\LWO3.cydsn\Generated_Source\PSoC4\CyFlash.c ****                         CY_NOP;
 433              		.loc 1 195 0
 434 019e 2048     		ldr	r0, .L30+28
 435 01a0 1B49     		ldr	r1, .L30+12
 436 01a2 0860     		str	r0, [r1]
 196:C:\Program Files (x86)\Cypress\PSoC Creator\4.4\PSoC Creator\1\LWO3.cydsn\Generated_Source\PSoC4\CyFlash.c ****                         retValue = CY_FLASH_API_RETURN;
 437              		.loc 1 196 0
 438              		.syntax divided
 439              	@ 196 "C:\Program Files (x86)\Cypress\PSoC Creator\4.4\PSoC Creator\1\LWO3.cydsn\Generated_Source\P
 440 01a4 C046     		NOP
 441              	
ARM GAS  C:\Users\taips\AppData\Local\Temp\cctSxJRi.s 			page 24


 442              	@ 0 "" 2
 197:C:\Program Files (x86)\Cypress\PSoC Creator\4.4\PSoC Creator\1\LWO3.cydsn\Generated_Source\PSoC4\CyFlash.c ****                     }
 443              		.loc 1 197 0
 444              		.thumb
 445              		.syntax unified
 446 01a6 1268     		ldr	r2, [r2]
 447 01a8 120F     		lsrs	r2, r2, #28
 448 01aa 1207     		lsls	r2, r2, #28
 449 01ac F021     		movs	r1, #240
 450 01ae 0906     		lsls	r1, r1, #24
 451 01b0 8A42     		cmp	r2, r1
 452 01b2 04D1     		bne	.L23
 197:C:\Program Files (x86)\Cypress\PSoC Creator\4.4\PSoC Creator\1\LWO3.cydsn\Generated_Source\PSoC4\CyFlash.c ****                     }
 453              		.loc 1 197 0 is_stmt 0 discriminator 1
 454 01b4 144B     		ldr	r3, .L30+4
 455 01b6 1B68     		ldr	r3, [r3]
 456 01b8 FF22     		movs	r2, #255
 457 01ba 1340     		ands	r3, r2
 458 01bc 0BE0     		b	.L24
 459              	.L23:
 197:C:\Program Files (x86)\Cypress\PSoC Creator\4.4\PSoC Creator\1\LWO3.cydsn\Generated_Source\PSoC4\CyFlash.c ****                     }
 460              		.loc 1 197 0 discriminator 2
 461 01be 124A     		ldr	r2, .L30+4
 462 01c0 1268     		ldr	r2, [r2]
 463 01c2 120F     		lsrs	r2, r2, #28
 464 01c4 1207     		lsls	r2, r2, #28
 465 01c6 A021     		movs	r1, #160
 466 01c8 0906     		lsls	r1, r1, #24
 467 01ca 8A42     		cmp	r2, r1
 468 01cc 03D0     		beq	.L24
 197:C:\Program Files (x86)\Cypress\PSoC Creator\4.4\PSoC Creator\1\LWO3.cydsn\Generated_Source\PSoC4\CyFlash.c ****                     }
 469              		.loc 1 197 0 discriminator 4
 470 01ce 0E4B     		ldr	r3, .L30+4
 471 01d0 1B68     		ldr	r3, [r3]
 472 01d2 FF22     		movs	r2, #255
 473 01d4 1340     		ands	r3, r2
 474              	.L24:
 197:C:\Program Files (x86)\Cypress\PSoC Creator\4.4\PSoC Creator\1\LWO3.cydsn\Generated_Source\PSoC4\CyFlash.c ****                     }
 475              		.loc 1 197 0 discriminator 8
 476 01d6 2593     		str	r3, [sp, #148]
 477              	.L20:
 202:C:\Program Files (x86)\Cypress\PSoC Creator\4.4\PSoC Creator\1\LWO3.cydsn\Generated_Source\PSoC4\CyFlash.c ****             {
 478              		.loc 1 202 0 is_stmt 1
 479 01d8 249B     		ldr	r3, [sp, #144]
 480 01da 002B     		cmp	r3, #0
 481 01dc 07D1     		bne	.L25
 204:C:\Program Files (x86)\Cypress\PSoC Creator\4.4\PSoC Creator\1\LWO3.cydsn\Generated_Source\PSoC4\CyFlash.c **** 
 482              		.loc 1 204 0
 483 01de FFF7FEFF 		bl	CySysFlashClockRestore
 484              	.LVL25:
 485 01e2 2490     		str	r0, [sp, #144]
 206:C:\Program Files (x86)\Cypress\PSoC Creator\4.4\PSoC Creator\1\LWO3.cydsn\Generated_Source\PSoC4\CyFlash.c ****                 {
 486              		.loc 1 206 0
 487 01e4 249B     		ldr	r3, [sp, #144]
 488 01e6 002B     		cmp	r3, #0
 489 01e8 01D0     		beq	.L25
 208:C:\Program Files (x86)\Cypress\PSoC Creator\4.4\PSoC Creator\1\LWO3.cydsn\Generated_Source\PSoC4\CyFlash.c ****                 }
ARM GAS  C:\Users\taips\AppData\Local\Temp\cctSxJRi.s 			page 25


 490              		.loc 1 208 0
 491 01ea 249B     		ldr	r3, [sp, #144]
 492 01ec 2593     		str	r3, [sp, #148]
 493              	.L25:
 212:C:\Program Files (x86)\Cypress\PSoC Creator\4.4\PSoC Creator\1\LWO3.cydsn\Generated_Source\PSoC4\CyFlash.c ****         }
 494              		.loc 1 212 0
 495 01ee 0198     		ldr	r0, [sp, #4]
 496 01f0 FFF7FEFF 		bl	CyExitCriticalSection
 497              	.LVL26:
 498 01f4 01E0     		b	.L16
 499              	.LVL27:
 500              	.L8:
 217:C:\Program Files (x86)\Cypress\PSoC Creator\4.4\PSoC Creator\1\LWO3.cydsn\Generated_Source\PSoC4\CyFlash.c ****     }
 501              		.loc 1 217 0
 502 01f6 0423     		movs	r3, #4
 503 01f8 2593     		str	r3, [sp, #148]
 504              	.LVL28:
 505              	.L16:
 220:C:\Program Files (x86)\Cypress\PSoC Creator\4.4\PSoC Creator\1\LWO3.cydsn\Generated_Source\PSoC4\CyFlash.c **** }
 506              		.loc 1 220 0
 507 01fa 2598     		ldr	r0, [sp, #148]
 221:C:\Program Files (x86)\Cypress\PSoC Creator\4.4\PSoC Creator\1\LWO3.cydsn\Generated_Source\PSoC4\CyFlash.c **** 
 508              		.loc 1 221 0
 509 01fc 26B0     		add	sp, sp, #152
 510              		@ sp needed
 511 01fe 04BC     		pop	{r2}
 512 0200 9046     		mov	r8, r2
 513 0202 F0BD     		pop	{r4, r5, r6, r7, pc}
 514              	.L31:
 515              		.align	2
 516              	.L30:
 517 0204 B6D70000 		.word	55222
 518 0208 08000040 		.word	1073741832
 519 020c 04000080 		.word	-2147483644
 520 0210 04000040 		.word	1073741828
 521 0214 B6D80000 		.word	55478
 522 0218 05000080 		.word	-2147483643
 523 021c B6D90000 		.word	55734
 524 0220 06000080 		.word	-2147483642
 525              		.cfi_endproc
 526              	.LFE0:
 527              		.size	CySysFlashWriteRow, .-CySysFlashWriteRow
 528              		.section	.text.CySysFlashSetWaitCycles,"ax",%progbits
 529              		.align	2
 530              		.global	CySysFlashSetWaitCycles
 531              		.code	16
 532              		.thumb_func
 533              		.type	CySysFlashSetWaitCycles, %function
 534              	CySysFlashSetWaitCycles:
 535              	.LFB1:
 423:C:\Program Files (x86)\Cypress\PSoC Creator\4.4\PSoC Creator\1\LWO3.cydsn\Generated_Source\PSoC4\CyFlash.c ****     uint8  interruptState;
 536              		.loc 1 423 0
 537              		.cfi_startproc
 538              		@ args = 0, pretend = 0, frame = 0
 539              		@ frame_needed = 0, uses_anonymous_args = 0
 540              	.LVL29:
 541 0000 10B5     		push	{r4, lr}
ARM GAS  C:\Users\taips\AppData\Local\Temp\cctSxJRi.s 			page 26


 542              		.cfi_def_cfa_offset 8
 543              		.cfi_offset 4, -8
 544              		.cfi_offset 14, -4
 545 0002 0400     		movs	r4, r0
 426:C:\Program Files (x86)\Cypress\PSoC Creator\4.4\PSoC Creator\1\LWO3.cydsn\Generated_Source\PSoC4\CyFlash.c **** 
 546              		.loc 1 426 0
 547 0004 FFF7FEFF 		bl	CyEnterCriticalSection
 548              	.LVL30:
 430:C:\Program Files (x86)\Cypress\PSoC Creator\4.4\PSoC Creator\1\LWO3.cydsn\Generated_Source\PSoC4\CyFlash.c ****         {
 549              		.loc 1 430 0
 550 0008 182C     		cmp	r4, #24
 551 000a 05D8     		bhi	.L33
 432:C:\Program Files (x86)\Cypress\PSoC Creator\4.4\PSoC Creator\1\LWO3.cydsn\Generated_Source\PSoC4\CyFlash.c ****         }
 552              		.loc 1 432 0
 553 000c 074A     		ldr	r2, .L35
 554 000e 1168     		ldr	r1, [r2]
 555 0010 074B     		ldr	r3, .L35+4
 556 0012 0B40     		ands	r3, r1
 557 0014 1360     		str	r3, [r2]
 558 0016 05E0     		b	.L34
 559              	.L33:
 436:C:\Program Files (x86)\Cypress\PSoC Creator\4.4\PSoC Creator\1\LWO3.cydsn\Generated_Source\PSoC4\CyFlash.c ****         }
 560              		.loc 1 436 0
 561 0018 044A     		ldr	r2, .L35
 562 001a 1368     		ldr	r3, [r2]
 563 001c 8021     		movs	r1, #128
 564 001e C902     		lsls	r1, r1, #11
 565 0020 0B43     		orrs	r3, r1
 566 0022 1360     		str	r3, [r2]
 567              	.L34:
 464:C:\Program Files (x86)\Cypress\PSoC Creator\4.4\PSoC Creator\1\LWO3.cydsn\Generated_Source\PSoC4\CyFlash.c **** }
 568              		.loc 1 464 0
 569 0024 FFF7FEFF 		bl	CyExitCriticalSection
 570              	.LVL31:
 465:C:\Program Files (x86)\Cypress\PSoC Creator\4.4\PSoC Creator\1\LWO3.cydsn\Generated_Source\PSoC4\CyFlash.c **** 
 571              		.loc 1 465 0
 572              		@ sp needed
 573              	.LVL32:
 574 0028 10BD     		pop	{r4, pc}
 575              	.L36:
 576 002a C046     		.align	2
 577              	.L35:
 578 002c 00010B40 		.word	1074462976
 579 0030 FFFFFBFF 		.word	-262145
 580              		.cfi_endproc
 581              	.LFE1:
 582              		.size	CySysFlashSetWaitCycles, .-CySysFlashSetWaitCycles
 583              		.bss
 584              		.align	2
 585              		.set	.LANCHOR0,. + 0
 586              		.type	cySysFlashBackup, %object
 587              		.size	cySysFlashBackup, 4
 588              	cySysFlashBackup:
 589 0000 00000000 		.space	4
 590              		.text
 591              	.Letext0:
 592              		.file 2 "C:\\Program Files (x86)\\Cypress\\PSoC Creator\\4.4\\PSoC Creator\\1\\LWO3.cydsn\\Generat
ARM GAS  C:\Users\taips\AppData\Local\Temp\cctSxJRi.s 			page 27


 593              		.file 3 "C:\\Program Files (x86)\\Cypress\\PSoC Creator\\4.4\\PSoC Creator\\1\\LWO3.cydsn\\Generat
 594              		.file 4 "C:\\Program Files (x86)\\Cypress\\PSoC Creator\\4.4\\PSoC Creator\\1\\LWO3.cydsn\\Generat
 595              		.section	.debug_info,"",%progbits
 596              	.Ldebug_info0:
 597 0000 35030000 		.4byte	0x335
 598 0004 0400     		.2byte	0x4
 599 0006 00000000 		.4byte	.Ldebug_abbrev0
 600 000a 04       		.byte	0x4
 601 000b 01       		.uleb128 0x1
 602 000c BA010000 		.4byte	.LASF39
 603 0010 0C       		.byte	0xc
 604 0011 6A000000 		.4byte	.LASF40
 605 0015 00000000 		.4byte	.Ldebug_ranges0+0
 606 0019 00000000 		.4byte	0
 607 001d 00000000 		.4byte	.Ldebug_line0
 608 0021 02       		.uleb128 0x2
 609 0022 01       		.byte	0x1
 610 0023 06       		.byte	0x6
 611 0024 00030000 		.4byte	.LASF0
 612 0028 02       		.uleb128 0x2
 613 0029 01       		.byte	0x1
 614 002a 08       		.byte	0x8
 615 002b E4000000 		.4byte	.LASF1
 616 002f 02       		.uleb128 0x2
 617 0030 02       		.byte	0x2
 618 0031 05       		.byte	0x5
 619 0032 2B010000 		.4byte	.LASF2
 620 0036 02       		.uleb128 0x2
 621 0037 02       		.byte	0x2
 622 0038 07       		.byte	0x7
 623 0039 57000000 		.4byte	.LASF3
 624 003d 02       		.uleb128 0x2
 625 003e 04       		.byte	0x4
 626 003f 05       		.byte	0x5
 627 0040 CE020000 		.4byte	.LASF4
 628 0044 02       		.uleb128 0x2
 629 0045 04       		.byte	0x4
 630 0046 07       		.byte	0x7
 631 0047 05010000 		.4byte	.LASF5
 632 004b 02       		.uleb128 0x2
 633 004c 08       		.byte	0x8
 634 004d 05       		.byte	0x5
 635 004e 51020000 		.4byte	.LASF6
 636 0052 02       		.uleb128 0x2
 637 0053 08       		.byte	0x8
 638 0054 07       		.byte	0x7
 639 0055 1F030000 		.4byte	.LASF7
 640 0059 03       		.uleb128 0x3
 641 005a 04       		.byte	0x4
 642 005b 05       		.byte	0x5
 643 005c 696E7400 		.ascii	"int\000"
 644 0060 02       		.uleb128 0x2
 645 0061 04       		.byte	0x4
 646 0062 07       		.byte	0x7
 647 0063 71010000 		.4byte	.LASF8
 648 0067 04       		.uleb128 0x4
 649 0068 17010000 		.4byte	.LASF9
ARM GAS  C:\Users\taips\AppData\Local\Temp\cctSxJRi.s 			page 28


 650 006c 02       		.byte	0x2
 651 006d FB01     		.2byte	0x1fb
 652 006f 28000000 		.4byte	0x28
 653 0073 04       		.uleb128 0x4
 654 0074 4C010000 		.4byte	.LASF10
 655 0078 02       		.byte	0x2
 656 0079 FC01     		.2byte	0x1fc
 657 007b 36000000 		.4byte	0x36
 658 007f 04       		.uleb128 0x4
 659 0080 53010000 		.4byte	.LASF11
 660 0084 02       		.byte	0x2
 661 0085 FD01     		.2byte	0x1fd
 662 0087 44000000 		.4byte	0x44
 663 008b 02       		.uleb128 0x2
 664 008c 04       		.byte	0x4
 665 008d 04       		.byte	0x4
 666 008e D5000000 		.4byte	.LASF12
 667 0092 02       		.uleb128 0x2
 668 0093 08       		.byte	0x8
 669 0094 04       		.byte	0x4
 670 0095 24010000 		.4byte	.LASF13
 671 0099 02       		.uleb128 0x2
 672 009a 01       		.byte	0x1
 673 009b 08       		.byte	0x8
 674 009c D7020000 		.4byte	.LASF14
 675 00a0 04       		.uleb128 0x4
 676 00a1 00000000 		.4byte	.LASF15
 677 00a5 02       		.byte	0x2
 678 00a6 9D02     		.2byte	0x29d
 679 00a8 44000000 		.4byte	0x44
 680 00ac 04       		.uleb128 0x4
 681 00ad 09000000 		.4byte	.LASF16
 682 00b1 02       		.byte	0x2
 683 00b2 A702     		.2byte	0x2a7
 684 00b4 B8000000 		.4byte	0xb8
 685 00b8 05       		.uleb128 0x5
 686 00b9 7F000000 		.4byte	0x7f
 687 00bd 02       		.uleb128 0x2
 688 00be 08       		.byte	0x8
 689 00bf 04       		.byte	0x4
 690 00c0 DC020000 		.4byte	.LASF17
 691 00c4 02       		.uleb128 0x2
 692 00c5 04       		.byte	0x4
 693 00c6 07       		.byte	0x7
 694 00c7 48020000 		.4byte	.LASF18
 695 00cb 06       		.uleb128 0x6
 696 00cc 2A000000 		.4byte	.LASF41
 697 00d0 04       		.byte	0x4
 698 00d1 03       		.byte	0x3
 699 00d2 D7       		.byte	0xd7
 700 00d3 E4000000 		.4byte	0xe4
 701 00d7 07       		.uleb128 0x7
 702 00d8 5F020000 		.4byte	.LASF42
 703 00dc 03       		.byte	0x3
 704 00dd DA       		.byte	0xda
 705 00de 7F000000 		.4byte	0x7f
 706 00e2 00       		.byte	0
ARM GAS  C:\Users\taips\AppData\Local\Temp\cctSxJRi.s 			page 29


 707 00e3 00       		.byte	0
 708 00e4 08       		.uleb128 0x8
 709 00e5 AD020000 		.4byte	.LASF19
 710 00e9 03       		.byte	0x3
 711 00ea ED       		.byte	0xed
 712 00eb CB000000 		.4byte	0xcb
 713 00ef 09       		.uleb128 0x9
 714 00f0 97020000 		.4byte	.LASF20
 715 00f4 01       		.byte	0x1
 716 00f5 3A02     		.2byte	0x23a
 717 00f7 A0000000 		.4byte	0xa0
 718 00fb 00000000 		.4byte	.LFB2
 719 00ff 14000000 		.4byte	.LFE2-.LFB2
 720 0103 01       		.uleb128 0x1
 721 0104 9C       		.byte	0x9c
 722 0105 17010000 		.4byte	0x117
 723 0109 0A       		.uleb128 0xa
 724 010a 1A000000 		.4byte	.LASF22
 725 010e 01       		.byte	0x1
 726 010f 3C02     		.2byte	0x23c
 727 0111 A0000000 		.4byte	0xa0
 728 0115 00       		.byte	0
 729 0116 00       		.byte	0
 730 0117 09       		.uleb128 0x9
 731 0118 35010000 		.4byte	.LASF21
 732 011c 01       		.byte	0x1
 733 011d D802     		.2byte	0x2d8
 734 011f A0000000 		.4byte	0xa0
 735 0123 00000000 		.4byte	.LFB3
 736 0127 14000000 		.4byte	.LFE3-.LFB3
 737 012b 01       		.uleb128 0x1
 738 012c 9C       		.byte	0x9c
 739 012d 3F010000 		.4byte	0x13f
 740 0131 0A       		.uleb128 0xa
 741 0132 1A000000 		.4byte	.LASF22
 742 0136 01       		.byte	0x1
 743 0137 DA02     		.2byte	0x2da
 744 0139 A0000000 		.4byte	0xa0
 745 013d 00       		.byte	0
 746 013e 00       		.byte	0
 747 013f 0B       		.uleb128 0xb
 748 0140 0C030000 		.4byte	.LASF43
 749 0144 01       		.byte	0x1
 750 0145 51       		.byte	0x51
 751 0146 7F000000 		.4byte	0x7f
 752 014a 00000000 		.4byte	.LFB0
 753 014e 24020000 		.4byte	.LFE0-.LFB0
 754 0152 01       		.uleb128 0x1
 755 0153 9C       		.byte	0x9c
 756 0154 96020000 		.4byte	0x296
 757 0158 0C       		.uleb128 0xc
 758 0159 23000000 		.4byte	.LASF23
 759 015d 01       		.byte	0x1
 760 015e 51       		.byte	0x51
 761 015f 7F000000 		.4byte	0x7f
 762 0163 00000000 		.4byte	.LLST0
 763 0167 0C       		.uleb128 0xc
ARM GAS  C:\Users\taips\AppData\Local\Temp\cctSxJRi.s 			page 30


 764 0168 F2000000 		.4byte	.LASF24
 765 016c 01       		.byte	0x1
 766 016d 51       		.byte	0x51
 767 016e 96020000 		.4byte	0x296
 768 0172 45000000 		.4byte	.LLST1
 769 0176 0D       		.uleb128 0xd
 770 0177 1A000000 		.4byte	.LASF22
 771 017b 01       		.byte	0x1
 772 017c 53       		.byte	0x53
 773 017d B8000000 		.4byte	0xb8
 774 0181 02       		.uleb128 0x2
 775 0182 91       		.byte	0x91
 776 0183 64       		.sleb128 -28
 777 0184 0D       		.uleb128 0xd
 778 0185 7D020000 		.4byte	.LASF25
 779 0189 01       		.byte	0x1
 780 018a 54       		.byte	0x54
 781 018b B8000000 		.4byte	0xb8
 782 018f 02       		.uleb128 0x2
 783 0190 91       		.byte	0x91
 784 0191 60       		.sleb128 -32
 785 0192 0D       		.uleb128 0xd
 786 0193 FA000000 		.4byte	.LASF26
 787 0197 01       		.byte	0x1
 788 0198 55       		.byte	0x55
 789 0199 B1020000 		.4byte	0x2b1
 790 019d 03       		.uleb128 0x3
 791 019e 91       		.byte	0x91
 792 019f D87E     		.sleb128 -168
 793 01a1 0E       		.uleb128 0xe
 794 01a2 AB010000 		.4byte	.LASF27
 795 01a6 01       		.byte	0x1
 796 01a7 56       		.byte	0x56
 797 01a8 67000000 		.4byte	0x67
 798 01ac 7F000000 		.4byte	.LLST2
 799 01b0 0E       		.uleb128 0xe
 800 01b1 94010000 		.4byte	.LASF28
 801 01b5 01       		.byte	0x1
 802 01b6 59       		.byte	0x59
 803 01b7 7F000000 		.4byte	0x7f
 804 01bb 94000000 		.4byte	.LLST3
 805 01bf 0E       		.uleb128 0xe
 806 01c0 0F000000 		.4byte	.LASF29
 807 01c4 01       		.byte	0x1
 808 01c5 5A       		.byte	0x5a
 809 01c6 7F000000 		.4byte	0x7f
 810 01ca BF000000 		.4byte	.LLST4
 811 01ce 0E       		.uleb128 0xe
 812 01cf 8C020000 		.4byte	.LASF30
 813 01d3 01       		.byte	0x1
 814 01d4 5B       		.byte	0x5b
 815 01d5 7F000000 		.4byte	0x7f
 816 01d9 00010000 		.4byte	.LLST5
 817 01dd 0E       		.uleb128 0xe
 818 01de DB000000 		.4byte	.LASF31
 819 01e2 01       		.byte	0x1
 820 01e3 5C       		.byte	0x5c
ARM GAS  C:\Users\taips\AppData\Local\Temp\cctSxJRi.s 			page 31


 821 01e4 7F000000 		.4byte	0x7f
 822 01e8 42010000 		.4byte	.LLST6
 823 01ec 0E       		.uleb128 0xe
 824 01ed 73020000 		.4byte	.LASF32
 825 01f1 01       		.byte	0x1
 826 01f2 5D       		.byte	0x5d
 827 01f3 7F000000 		.4byte	0x7f
 828 01f7 78010000 		.4byte	.LLST7
 829 01fb 0F       		.uleb128 0xf
 830 01fc 6900     		.ascii	"i\000"
 831 01fe 01       		.byte	0x1
 832 01ff 5E       		.byte	0x5e
 833 0200 7F000000 		.4byte	0x7f
 834 0204 A3010000 		.4byte	.LLST8
 835 0208 10       		.uleb128 0x10
 836 0209 2E000000 		.4byte	.LBB2
 837 020d 10000000 		.4byte	.LBE2-.LBB2
 838 0211 25020000 		.4byte	0x225
 839 0215 0F       		.uleb128 0xf
 840 0216 746D7000 		.ascii	"tmp\000"
 841 021a 01       		.byte	0x1
 842 021b 6A       		.byte	0x6a
 843 021c 7F000000 		.4byte	0x7f
 844 0220 CD010000 		.4byte	.LLST9
 845 0224 00       		.byte	0
 846 0225 11       		.uleb128 0x11
 847 0226 24000000 		.4byte	.LVL5
 848 022a 10030000 		.4byte	0x310
 849 022e 47020000 		.4byte	0x247
 850 0232 12       		.uleb128 0x12
 851 0233 01       		.uleb128 0x1
 852 0234 50       		.byte	0x50
 853 0235 03       		.uleb128 0x3
 854 0236 91       		.byte	0x91
 855 0237 E07E     		.sleb128 -160
 856 0239 12       		.uleb128 0x12
 857 023a 01       		.uleb128 0x1
 858 023b 51       		.byte	0x51
 859 023c 03       		.uleb128 0x3
 860 023d F3       		.byte	0xf3
 861 023e 01       		.uleb128 0x1
 862 023f 51       		.byte	0x51
 863 0240 12       		.uleb128 0x12
 864 0241 01       		.uleb128 0x1
 865 0242 52       		.byte	0x52
 866 0243 02       		.uleb128 0x2
 867 0244 08       		.byte	0x8
 868 0245 80       		.byte	0x80
 869 0246 00       		.byte	0
 870 0247 13       		.uleb128 0x13
 871 0248 C2000000 		.4byte	.LVL18
 872 024c 19030000 		.4byte	0x319
 873 0250 13       		.uleb128 0x13
 874 0251 C8000000 		.4byte	.LVL20
 875 0255 EF000000 		.4byte	0xef
 876 0259 11       		.uleb128 0x11
 877 025a 32010000 		.4byte	.LVL22
ARM GAS  C:\Users\taips\AppData\Local\Temp\cctSxJRi.s 			page 32


 878 025e 24030000 		.4byte	0x324
 879 0262 79020000 		.4byte	0x279
 880 0266 12       		.uleb128 0x12
 881 0267 01       		.uleb128 0x1
 882 0268 50       		.byte	0x50
 883 0269 03       		.uleb128 0x3
 884 026a 91       		.byte	0x91
 885 026b E07E     		.sleb128 -160
 886 026d 12       		.uleb128 0x12
 887 026e 01       		.uleb128 0x1
 888 026f 51       		.byte	0x51
 889 0270 01       		.uleb128 0x1
 890 0271 30       		.byte	0x30
 891 0272 12       		.uleb128 0x12
 892 0273 01       		.uleb128 0x1
 893 0274 52       		.byte	0x52
 894 0275 02       		.uleb128 0x2
 895 0276 08       		.byte	0x8
 896 0277 80       		.byte	0x80
 897 0278 00       		.byte	0
 898 0279 13       		.uleb128 0x13
 899 027a E2010000 		.4byte	.LVL25
 900 027e 17010000 		.4byte	0x117
 901 0282 14       		.uleb128 0x14
 902 0283 F4010000 		.4byte	.LVL26
 903 0287 2D030000 		.4byte	0x32d
 904 028b 12       		.uleb128 0x12
 905 028c 01       		.uleb128 0x1
 906 028d 50       		.byte	0x50
 907 028e 05       		.uleb128 0x5
 908 028f 91       		.byte	0x91
 909 0290 D47E     		.sleb128 -172
 910 0292 94       		.byte	0x94
 911 0293 01       		.byte	0x1
 912 0294 00       		.byte	0
 913 0295 00       		.byte	0
 914 0296 15       		.uleb128 0x15
 915 0297 04       		.byte	0x4
 916 0298 9C020000 		.4byte	0x29c
 917 029c 16       		.uleb128 0x16
 918 029d 67000000 		.4byte	0x67
 919 02a1 17       		.uleb128 0x17
 920 02a2 B8000000 		.4byte	0xb8
 921 02a6 B1020000 		.4byte	0x2b1
 922 02aa 18       		.uleb128 0x18
 923 02ab C4000000 		.4byte	0xc4
 924 02af 21       		.byte	0x21
 925 02b0 00       		.byte	0
 926 02b1 05       		.uleb128 0x5
 927 02b2 A1020000 		.4byte	0x2a1
 928 02b6 19       		.uleb128 0x19
 929 02b7 E8020000 		.4byte	.LASF44
 930 02bb 01       		.byte	0x1
 931 02bc A601     		.2byte	0x1a6
 932 02be 00000000 		.4byte	.LFB1
 933 02c2 34000000 		.4byte	.LFE1-.LFB1
 934 02c6 01       		.uleb128 0x1
ARM GAS  C:\Users\taips\AppData\Local\Temp\cctSxJRi.s 			page 33


 935 02c7 9C       		.byte	0x9c
 936 02c8 FF020000 		.4byte	0x2ff
 937 02cc 1A       		.uleb128 0x1a
 938 02cd 78020000 		.4byte	.LASF33
 939 02d1 01       		.byte	0x1
 940 02d2 A601     		.2byte	0x1a6
 941 02d4 7F000000 		.4byte	0x7f
 942 02d8 E0010000 		.4byte	.LLST10
 943 02dc 1B       		.uleb128 0x1b
 944 02dd AB010000 		.4byte	.LASF27
 945 02e1 01       		.byte	0x1
 946 02e2 A801     		.2byte	0x1a8
 947 02e4 67000000 		.4byte	0x67
 948 02e8 0C020000 		.4byte	.LLST11
 949 02ec 13       		.uleb128 0x13
 950 02ed 08000000 		.4byte	.LVL30
 951 02f1 19030000 		.4byte	0x319
 952 02f5 13       		.uleb128 0x13
 953 02f6 28000000 		.4byte	.LVL31
 954 02fa 2D030000 		.4byte	0x32d
 955 02fe 00       		.byte	0
 956 02ff 0D       		.uleb128 0xd
 957 0300 46000000 		.4byte	.LASF34
 958 0304 01       		.byte	0x1
 959 0305 22       		.byte	0x22
 960 0306 E4000000 		.4byte	0xe4
 961 030a 05       		.uleb128 0x5
 962 030b 03       		.byte	0x3
 963 030c 00000000 		.4byte	cySysFlashBackup
 964 0310 1C       		.uleb128 0x1c
 965 0311 6C020000 		.4byte	.LASF35
 966 0315 6C020000 		.4byte	.LASF35
 967 0319 1D       		.uleb128 0x1d
 968 031a 5A010000 		.4byte	.LASF37
 969 031e 5A010000 		.4byte	.LASF37
 970 0322 04       		.byte	0x4
 971 0323 F8       		.byte	0xf8
 972 0324 1C       		.uleb128 0x1c
 973 0325 1D010000 		.4byte	.LASF36
 974 0329 1D010000 		.4byte	.LASF36
 975 032d 1D       		.uleb128 0x1d
 976 032e 7E010000 		.4byte	.LASF38
 977 0332 7E010000 		.4byte	.LASF38
 978 0336 04       		.byte	0x4
 979 0337 F9       		.byte	0xf9
 980 0338 00       		.byte	0
 981              		.section	.debug_abbrev,"",%progbits
 982              	.Ldebug_abbrev0:
 983 0000 01       		.uleb128 0x1
 984 0001 11       		.uleb128 0x11
 985 0002 01       		.byte	0x1
 986 0003 25       		.uleb128 0x25
 987 0004 0E       		.uleb128 0xe
 988 0005 13       		.uleb128 0x13
 989 0006 0B       		.uleb128 0xb
 990 0007 03       		.uleb128 0x3
 991 0008 0E       		.uleb128 0xe
ARM GAS  C:\Users\taips\AppData\Local\Temp\cctSxJRi.s 			page 34


 992 0009 55       		.uleb128 0x55
 993 000a 17       		.uleb128 0x17
 994 000b 11       		.uleb128 0x11
 995 000c 01       		.uleb128 0x1
 996 000d 10       		.uleb128 0x10
 997 000e 17       		.uleb128 0x17
 998 000f 00       		.byte	0
 999 0010 00       		.byte	0
 1000 0011 02       		.uleb128 0x2
 1001 0012 24       		.uleb128 0x24
 1002 0013 00       		.byte	0
 1003 0014 0B       		.uleb128 0xb
 1004 0015 0B       		.uleb128 0xb
 1005 0016 3E       		.uleb128 0x3e
 1006 0017 0B       		.uleb128 0xb
 1007 0018 03       		.uleb128 0x3
 1008 0019 0E       		.uleb128 0xe
 1009 001a 00       		.byte	0
 1010 001b 00       		.byte	0
 1011 001c 03       		.uleb128 0x3
 1012 001d 24       		.uleb128 0x24
 1013 001e 00       		.byte	0
 1014 001f 0B       		.uleb128 0xb
 1015 0020 0B       		.uleb128 0xb
 1016 0021 3E       		.uleb128 0x3e
 1017 0022 0B       		.uleb128 0xb
 1018 0023 03       		.uleb128 0x3
 1019 0024 08       		.uleb128 0x8
 1020 0025 00       		.byte	0
 1021 0026 00       		.byte	0
 1022 0027 04       		.uleb128 0x4
 1023 0028 16       		.uleb128 0x16
 1024 0029 00       		.byte	0
 1025 002a 03       		.uleb128 0x3
 1026 002b 0E       		.uleb128 0xe
 1027 002c 3A       		.uleb128 0x3a
 1028 002d 0B       		.uleb128 0xb
 1029 002e 3B       		.uleb128 0x3b
 1030 002f 05       		.uleb128 0x5
 1031 0030 49       		.uleb128 0x49
 1032 0031 13       		.uleb128 0x13
 1033 0032 00       		.byte	0
 1034 0033 00       		.byte	0
 1035 0034 05       		.uleb128 0x5
 1036 0035 35       		.uleb128 0x35
 1037 0036 00       		.byte	0
 1038 0037 49       		.uleb128 0x49
 1039 0038 13       		.uleb128 0x13
 1040 0039 00       		.byte	0
 1041 003a 00       		.byte	0
 1042 003b 06       		.uleb128 0x6
 1043 003c 13       		.uleb128 0x13
 1044 003d 01       		.byte	0x1
 1045 003e 03       		.uleb128 0x3
 1046 003f 0E       		.uleb128 0xe
 1047 0040 0B       		.uleb128 0xb
 1048 0041 0B       		.uleb128 0xb
ARM GAS  C:\Users\taips\AppData\Local\Temp\cctSxJRi.s 			page 35


 1049 0042 3A       		.uleb128 0x3a
 1050 0043 0B       		.uleb128 0xb
 1051 0044 3B       		.uleb128 0x3b
 1052 0045 0B       		.uleb128 0xb
 1053 0046 01       		.uleb128 0x1
 1054 0047 13       		.uleb128 0x13
 1055 0048 00       		.byte	0
 1056 0049 00       		.byte	0
 1057 004a 07       		.uleb128 0x7
 1058 004b 0D       		.uleb128 0xd
 1059 004c 00       		.byte	0
 1060 004d 03       		.uleb128 0x3
 1061 004e 0E       		.uleb128 0xe
 1062 004f 3A       		.uleb128 0x3a
 1063 0050 0B       		.uleb128 0xb
 1064 0051 3B       		.uleb128 0x3b
 1065 0052 0B       		.uleb128 0xb
 1066 0053 49       		.uleb128 0x49
 1067 0054 13       		.uleb128 0x13
 1068 0055 38       		.uleb128 0x38
 1069 0056 0B       		.uleb128 0xb
 1070 0057 00       		.byte	0
 1071 0058 00       		.byte	0
 1072 0059 08       		.uleb128 0x8
 1073 005a 16       		.uleb128 0x16
 1074 005b 00       		.byte	0
 1075 005c 03       		.uleb128 0x3
 1076 005d 0E       		.uleb128 0xe
 1077 005e 3A       		.uleb128 0x3a
 1078 005f 0B       		.uleb128 0xb
 1079 0060 3B       		.uleb128 0x3b
 1080 0061 0B       		.uleb128 0xb
 1081 0062 49       		.uleb128 0x49
 1082 0063 13       		.uleb128 0x13
 1083 0064 00       		.byte	0
 1084 0065 00       		.byte	0
 1085 0066 09       		.uleb128 0x9
 1086 0067 2E       		.uleb128 0x2e
 1087 0068 01       		.byte	0x1
 1088 0069 03       		.uleb128 0x3
 1089 006a 0E       		.uleb128 0xe
 1090 006b 3A       		.uleb128 0x3a
 1091 006c 0B       		.uleb128 0xb
 1092 006d 3B       		.uleb128 0x3b
 1093 006e 05       		.uleb128 0x5
 1094 006f 27       		.uleb128 0x27
 1095 0070 19       		.uleb128 0x19
 1096 0071 49       		.uleb128 0x49
 1097 0072 13       		.uleb128 0x13
 1098 0073 11       		.uleb128 0x11
 1099 0074 01       		.uleb128 0x1
 1100 0075 12       		.uleb128 0x12
 1101 0076 06       		.uleb128 0x6
 1102 0077 40       		.uleb128 0x40
 1103 0078 18       		.uleb128 0x18
 1104 0079 9742     		.uleb128 0x2117
 1105 007b 19       		.uleb128 0x19
ARM GAS  C:\Users\taips\AppData\Local\Temp\cctSxJRi.s 			page 36


 1106 007c 01       		.uleb128 0x1
 1107 007d 13       		.uleb128 0x13
 1108 007e 00       		.byte	0
 1109 007f 00       		.byte	0
 1110 0080 0A       		.uleb128 0xa
 1111 0081 34       		.uleb128 0x34
 1112 0082 00       		.byte	0
 1113 0083 03       		.uleb128 0x3
 1114 0084 0E       		.uleb128 0xe
 1115 0085 3A       		.uleb128 0x3a
 1116 0086 0B       		.uleb128 0xb
 1117 0087 3B       		.uleb128 0x3b
 1118 0088 05       		.uleb128 0x5
 1119 0089 49       		.uleb128 0x49
 1120 008a 13       		.uleb128 0x13
 1121 008b 1C       		.uleb128 0x1c
 1122 008c 0B       		.uleb128 0xb
 1123 008d 00       		.byte	0
 1124 008e 00       		.byte	0
 1125 008f 0B       		.uleb128 0xb
 1126 0090 2E       		.uleb128 0x2e
 1127 0091 01       		.byte	0x1
 1128 0092 3F       		.uleb128 0x3f
 1129 0093 19       		.uleb128 0x19
 1130 0094 03       		.uleb128 0x3
 1131 0095 0E       		.uleb128 0xe
 1132 0096 3A       		.uleb128 0x3a
 1133 0097 0B       		.uleb128 0xb
 1134 0098 3B       		.uleb128 0x3b
 1135 0099 0B       		.uleb128 0xb
 1136 009a 27       		.uleb128 0x27
 1137 009b 19       		.uleb128 0x19
 1138 009c 49       		.uleb128 0x49
 1139 009d 13       		.uleb128 0x13
 1140 009e 11       		.uleb128 0x11
 1141 009f 01       		.uleb128 0x1
 1142 00a0 12       		.uleb128 0x12
 1143 00a1 06       		.uleb128 0x6
 1144 00a2 40       		.uleb128 0x40
 1145 00a3 18       		.uleb128 0x18
 1146 00a4 9742     		.uleb128 0x2117
 1147 00a6 19       		.uleb128 0x19
 1148 00a7 01       		.uleb128 0x1
 1149 00a8 13       		.uleb128 0x13
 1150 00a9 00       		.byte	0
 1151 00aa 00       		.byte	0
 1152 00ab 0C       		.uleb128 0xc
 1153 00ac 05       		.uleb128 0x5
 1154 00ad 00       		.byte	0
 1155 00ae 03       		.uleb128 0x3
 1156 00af 0E       		.uleb128 0xe
 1157 00b0 3A       		.uleb128 0x3a
 1158 00b1 0B       		.uleb128 0xb
 1159 00b2 3B       		.uleb128 0x3b
 1160 00b3 0B       		.uleb128 0xb
 1161 00b4 49       		.uleb128 0x49
 1162 00b5 13       		.uleb128 0x13
ARM GAS  C:\Users\taips\AppData\Local\Temp\cctSxJRi.s 			page 37


 1163 00b6 02       		.uleb128 0x2
 1164 00b7 17       		.uleb128 0x17
 1165 00b8 00       		.byte	0
 1166 00b9 00       		.byte	0
 1167 00ba 0D       		.uleb128 0xd
 1168 00bb 34       		.uleb128 0x34
 1169 00bc 00       		.byte	0
 1170 00bd 03       		.uleb128 0x3
 1171 00be 0E       		.uleb128 0xe
 1172 00bf 3A       		.uleb128 0x3a
 1173 00c0 0B       		.uleb128 0xb
 1174 00c1 3B       		.uleb128 0x3b
 1175 00c2 0B       		.uleb128 0xb
 1176 00c3 49       		.uleb128 0x49
 1177 00c4 13       		.uleb128 0x13
 1178 00c5 02       		.uleb128 0x2
 1179 00c6 18       		.uleb128 0x18
 1180 00c7 00       		.byte	0
 1181 00c8 00       		.byte	0
 1182 00c9 0E       		.uleb128 0xe
 1183 00ca 34       		.uleb128 0x34
 1184 00cb 00       		.byte	0
 1185 00cc 03       		.uleb128 0x3
 1186 00cd 0E       		.uleb128 0xe
 1187 00ce 3A       		.uleb128 0x3a
 1188 00cf 0B       		.uleb128 0xb
 1189 00d0 3B       		.uleb128 0x3b
 1190 00d1 0B       		.uleb128 0xb
 1191 00d2 49       		.uleb128 0x49
 1192 00d3 13       		.uleb128 0x13
 1193 00d4 02       		.uleb128 0x2
 1194 00d5 17       		.uleb128 0x17
 1195 00d6 00       		.byte	0
 1196 00d7 00       		.byte	0
 1197 00d8 0F       		.uleb128 0xf
 1198 00d9 34       		.uleb128 0x34
 1199 00da 00       		.byte	0
 1200 00db 03       		.uleb128 0x3
 1201 00dc 08       		.uleb128 0x8
 1202 00dd 3A       		.uleb128 0x3a
 1203 00de 0B       		.uleb128 0xb
 1204 00df 3B       		.uleb128 0x3b
 1205 00e0 0B       		.uleb128 0xb
 1206 00e1 49       		.uleb128 0x49
 1207 00e2 13       		.uleb128 0x13
 1208 00e3 02       		.uleb128 0x2
 1209 00e4 17       		.uleb128 0x17
 1210 00e5 00       		.byte	0
 1211 00e6 00       		.byte	0
 1212 00e7 10       		.uleb128 0x10
 1213 00e8 0B       		.uleb128 0xb
 1214 00e9 01       		.byte	0x1
 1215 00ea 11       		.uleb128 0x11
 1216 00eb 01       		.uleb128 0x1
 1217 00ec 12       		.uleb128 0x12
 1218 00ed 06       		.uleb128 0x6
 1219 00ee 01       		.uleb128 0x1
ARM GAS  C:\Users\taips\AppData\Local\Temp\cctSxJRi.s 			page 38


 1220 00ef 13       		.uleb128 0x13
 1221 00f0 00       		.byte	0
 1222 00f1 00       		.byte	0
 1223 00f2 11       		.uleb128 0x11
 1224 00f3 898201   		.uleb128 0x4109
 1225 00f6 01       		.byte	0x1
 1226 00f7 11       		.uleb128 0x11
 1227 00f8 01       		.uleb128 0x1
 1228 00f9 31       		.uleb128 0x31
 1229 00fa 13       		.uleb128 0x13
 1230 00fb 01       		.uleb128 0x1
 1231 00fc 13       		.uleb128 0x13
 1232 00fd 00       		.byte	0
 1233 00fe 00       		.byte	0
 1234 00ff 12       		.uleb128 0x12
 1235 0100 8A8201   		.uleb128 0x410a
 1236 0103 00       		.byte	0
 1237 0104 02       		.uleb128 0x2
 1238 0105 18       		.uleb128 0x18
 1239 0106 9142     		.uleb128 0x2111
 1240 0108 18       		.uleb128 0x18
 1241 0109 00       		.byte	0
 1242 010a 00       		.byte	0
 1243 010b 13       		.uleb128 0x13
 1244 010c 898201   		.uleb128 0x4109
 1245 010f 00       		.byte	0
 1246 0110 11       		.uleb128 0x11
 1247 0111 01       		.uleb128 0x1
 1248 0112 31       		.uleb128 0x31
 1249 0113 13       		.uleb128 0x13
 1250 0114 00       		.byte	0
 1251 0115 00       		.byte	0
 1252 0116 14       		.uleb128 0x14
 1253 0117 898201   		.uleb128 0x4109
 1254 011a 01       		.byte	0x1
 1255 011b 11       		.uleb128 0x11
 1256 011c 01       		.uleb128 0x1
 1257 011d 31       		.uleb128 0x31
 1258 011e 13       		.uleb128 0x13
 1259 011f 00       		.byte	0
 1260 0120 00       		.byte	0
 1261 0121 15       		.uleb128 0x15
 1262 0122 0F       		.uleb128 0xf
 1263 0123 00       		.byte	0
 1264 0124 0B       		.uleb128 0xb
 1265 0125 0B       		.uleb128 0xb
 1266 0126 49       		.uleb128 0x49
 1267 0127 13       		.uleb128 0x13
 1268 0128 00       		.byte	0
 1269 0129 00       		.byte	0
 1270 012a 16       		.uleb128 0x16
 1271 012b 26       		.uleb128 0x26
 1272 012c 00       		.byte	0
 1273 012d 49       		.uleb128 0x49
 1274 012e 13       		.uleb128 0x13
 1275 012f 00       		.byte	0
 1276 0130 00       		.byte	0
ARM GAS  C:\Users\taips\AppData\Local\Temp\cctSxJRi.s 			page 39


 1277 0131 17       		.uleb128 0x17
 1278 0132 01       		.uleb128 0x1
 1279 0133 01       		.byte	0x1
 1280 0134 49       		.uleb128 0x49
 1281 0135 13       		.uleb128 0x13
 1282 0136 01       		.uleb128 0x1
 1283 0137 13       		.uleb128 0x13
 1284 0138 00       		.byte	0
 1285 0139 00       		.byte	0
 1286 013a 18       		.uleb128 0x18
 1287 013b 21       		.uleb128 0x21
 1288 013c 00       		.byte	0
 1289 013d 49       		.uleb128 0x49
 1290 013e 13       		.uleb128 0x13
 1291 013f 2F       		.uleb128 0x2f
 1292 0140 0B       		.uleb128 0xb
 1293 0141 00       		.byte	0
 1294 0142 00       		.byte	0
 1295 0143 19       		.uleb128 0x19
 1296 0144 2E       		.uleb128 0x2e
 1297 0145 01       		.byte	0x1
 1298 0146 3F       		.uleb128 0x3f
 1299 0147 19       		.uleb128 0x19
 1300 0148 03       		.uleb128 0x3
 1301 0149 0E       		.uleb128 0xe
 1302 014a 3A       		.uleb128 0x3a
 1303 014b 0B       		.uleb128 0xb
 1304 014c 3B       		.uleb128 0x3b
 1305 014d 05       		.uleb128 0x5
 1306 014e 27       		.uleb128 0x27
 1307 014f 19       		.uleb128 0x19
 1308 0150 11       		.uleb128 0x11
 1309 0151 01       		.uleb128 0x1
 1310 0152 12       		.uleb128 0x12
 1311 0153 06       		.uleb128 0x6
 1312 0154 40       		.uleb128 0x40
 1313 0155 18       		.uleb128 0x18
 1314 0156 9742     		.uleb128 0x2117
 1315 0158 19       		.uleb128 0x19
 1316 0159 01       		.uleb128 0x1
 1317 015a 13       		.uleb128 0x13
 1318 015b 00       		.byte	0
 1319 015c 00       		.byte	0
 1320 015d 1A       		.uleb128 0x1a
 1321 015e 05       		.uleb128 0x5
 1322 015f 00       		.byte	0
 1323 0160 03       		.uleb128 0x3
 1324 0161 0E       		.uleb128 0xe
 1325 0162 3A       		.uleb128 0x3a
 1326 0163 0B       		.uleb128 0xb
 1327 0164 3B       		.uleb128 0x3b
 1328 0165 05       		.uleb128 0x5
 1329 0166 49       		.uleb128 0x49
 1330 0167 13       		.uleb128 0x13
 1331 0168 02       		.uleb128 0x2
 1332 0169 17       		.uleb128 0x17
 1333 016a 00       		.byte	0
ARM GAS  C:\Users\taips\AppData\Local\Temp\cctSxJRi.s 			page 40


 1334 016b 00       		.byte	0
 1335 016c 1B       		.uleb128 0x1b
 1336 016d 34       		.uleb128 0x34
 1337 016e 00       		.byte	0
 1338 016f 03       		.uleb128 0x3
 1339 0170 0E       		.uleb128 0xe
 1340 0171 3A       		.uleb128 0x3a
 1341 0172 0B       		.uleb128 0xb
 1342 0173 3B       		.uleb128 0x3b
 1343 0174 05       		.uleb128 0x5
 1344 0175 49       		.uleb128 0x49
 1345 0176 13       		.uleb128 0x13
 1346 0177 02       		.uleb128 0x2
 1347 0178 17       		.uleb128 0x17
 1348 0179 00       		.byte	0
 1349 017a 00       		.byte	0
 1350 017b 1C       		.uleb128 0x1c
 1351 017c 2E       		.uleb128 0x2e
 1352 017d 00       		.byte	0
 1353 017e 3F       		.uleb128 0x3f
 1354 017f 19       		.uleb128 0x19
 1355 0180 3C       		.uleb128 0x3c
 1356 0181 19       		.uleb128 0x19
 1357 0182 6E       		.uleb128 0x6e
 1358 0183 0E       		.uleb128 0xe
 1359 0184 03       		.uleb128 0x3
 1360 0185 0E       		.uleb128 0xe
 1361 0186 00       		.byte	0
 1362 0187 00       		.byte	0
 1363 0188 1D       		.uleb128 0x1d
 1364 0189 2E       		.uleb128 0x2e
 1365 018a 00       		.byte	0
 1366 018b 3F       		.uleb128 0x3f
 1367 018c 19       		.uleb128 0x19
 1368 018d 3C       		.uleb128 0x3c
 1369 018e 19       		.uleb128 0x19
 1370 018f 6E       		.uleb128 0x6e
 1371 0190 0E       		.uleb128 0xe
 1372 0191 03       		.uleb128 0x3
 1373 0192 0E       		.uleb128 0xe
 1374 0193 3A       		.uleb128 0x3a
 1375 0194 0B       		.uleb128 0xb
 1376 0195 3B       		.uleb128 0x3b
 1377 0196 0B       		.uleb128 0xb
 1378 0197 00       		.byte	0
 1379 0198 00       		.byte	0
 1380 0199 00       		.byte	0
 1381              		.section	.debug_loc,"",%progbits
 1382              	.Ldebug_loc0:
 1383              	.LLST0:
 1384 0000 00000000 		.4byte	.LVL2
 1385 0004 20000000 		.4byte	.LVL4
 1386 0008 0100     		.2byte	0x1
 1387 000a 50       		.byte	0x50
 1388 000b 20000000 		.4byte	.LVL4
 1389 000f 94010000 		.4byte	.LVL24
 1390 0013 0100     		.2byte	0x1
ARM GAS  C:\Users\taips\AppData\Local\Temp\cctSxJRi.s 			page 41


 1391 0015 55       		.byte	0x55
 1392 0016 94010000 		.4byte	.LVL24
 1393 001a F6010000 		.4byte	.LVL27
 1394 001e 0400     		.2byte	0x4
 1395 0020 F3       		.byte	0xf3
 1396 0021 01       		.uleb128 0x1
 1397 0022 50       		.byte	0x50
 1398 0023 9F       		.byte	0x9f
 1399 0024 F6010000 		.4byte	.LVL27
 1400 0028 FA010000 		.4byte	.LVL28
 1401 002c 0100     		.2byte	0x1
 1402 002e 50       		.byte	0x50
 1403 002f FA010000 		.4byte	.LVL28
 1404 0033 24020000 		.4byte	.LFE0
 1405 0037 0400     		.2byte	0x4
 1406 0039 F3       		.byte	0xf3
 1407 003a 01       		.uleb128 0x1
 1408 003b 50       		.byte	0x50
 1409 003c 9F       		.byte	0x9f
 1410 003d 00000000 		.4byte	0
 1411 0041 00000000 		.4byte	0
 1412              	.LLST1:
 1413 0045 00000000 		.4byte	.LVL2
 1414 0049 23000000 		.4byte	.LVL5-1
 1415 004d 0100     		.2byte	0x1
 1416 004f 51       		.byte	0x51
 1417 0050 23000000 		.4byte	.LVL5-1
 1418 0054 F6010000 		.4byte	.LVL27
 1419 0058 0400     		.2byte	0x4
 1420 005a F3       		.byte	0xf3
 1421 005b 01       		.uleb128 0x1
 1422 005c 51       		.byte	0x51
 1423 005d 9F       		.byte	0x9f
 1424 005e F6010000 		.4byte	.LVL27
 1425 0062 FA010000 		.4byte	.LVL28
 1426 0066 0100     		.2byte	0x1
 1427 0068 51       		.byte	0x51
 1428 0069 FA010000 		.4byte	.LVL28
 1429 006d 24020000 		.4byte	.LFE0
 1430 0071 0400     		.2byte	0x4
 1431 0073 F3       		.byte	0xf3
 1432 0074 01       		.uleb128 0x1
 1433 0075 51       		.byte	0x51
 1434 0076 9F       		.byte	0x9f
 1435 0077 00000000 		.4byte	0
 1436 007b 00000000 		.4byte	0
 1437              	.LLST2:
 1438 007f C4000000 		.4byte	.LVL19
 1439 0083 E2000000 		.4byte	.LVL21
 1440 0087 0300     		.2byte	0x3
 1441 0089 91       		.byte	0x91
 1442 008a D47E     		.sleb128 -172
 1443 008c 00000000 		.4byte	0
 1444 0090 00000000 		.4byte	0
 1445              	.LLST3:
 1446 0094 10000000 		.4byte	.LVL3
 1447 0098 56000000 		.4byte	.LVL12
ARM GAS  C:\Users\taips\AppData\Local\Temp\cctSxJRi.s 			page 42


 1448 009c 0200     		.2byte	0x2
 1449 009e 30       		.byte	0x30
 1450 009f 9F       		.byte	0x9f
 1451 00a0 56000000 		.4byte	.LVL12
 1452 00a4 F6010000 		.4byte	.LVL27
 1453 00a8 0100     		.2byte	0x1
 1454 00aa 56       		.byte	0x56
 1455 00ab F6010000 		.4byte	.LVL27
 1456 00af FA010000 		.4byte	.LVL28
 1457 00b3 0200     		.2byte	0x2
 1458 00b5 30       		.byte	0x30
 1459 00b6 9F       		.byte	0x9f
 1460 00b7 00000000 		.4byte	0
 1461 00bb 00000000 		.4byte	0
 1462              	.LLST4:
 1463 00bf 10000000 		.4byte	.LVL3
 1464 00c3 2E000000 		.4byte	.LVL6
 1465 00c7 0200     		.2byte	0x2
 1466 00c9 30       		.byte	0x30
 1467 00ca 9F       		.byte	0x9f
 1468 00cb 2E000000 		.4byte	.LVL6
 1469 00cf 3C000000 		.4byte	.LVL9
 1470 00d3 0100     		.2byte	0x1
 1471 00d5 54       		.byte	0x54
 1472 00d6 3C000000 		.4byte	.LVL9
 1473 00da 3E000000 		.4byte	.LVL10
 1474 00de 0100     		.2byte	0x1
 1475 00e0 53       		.byte	0x53
 1476 00e1 3E000000 		.4byte	.LVL10
 1477 00e5 34010000 		.4byte	.LVL23
 1478 00e9 0100     		.2byte	0x1
 1479 00eb 54       		.byte	0x54
 1480 00ec F6010000 		.4byte	.LVL27
 1481 00f0 FA010000 		.4byte	.LVL28
 1482 00f4 0200     		.2byte	0x2
 1483 00f6 30       		.byte	0x30
 1484 00f7 9F       		.byte	0x9f
 1485 00f8 00000000 		.4byte	0
 1486 00fc 00000000 		.4byte	0
 1487              	.LLST5:
 1488 0100 10000000 		.4byte	.LVL3
 1489 0104 60000000 		.4byte	.LVL14
 1490 0108 0200     		.2byte	0x2
 1491 010a 30       		.byte	0x30
 1492 010b 9F       		.byte	0x9f
 1493 010c 60000000 		.4byte	.LVL14
 1494 0110 68000000 		.4byte	.LVL16
 1495 0114 0100     		.2byte	0x1
 1496 0116 57       		.byte	0x57
 1497 0117 68000000 		.4byte	.LVL16
 1498 011b 6A000000 		.4byte	.LVL17
 1499 011f 0200     		.2byte	0x2
 1500 0121 30       		.byte	0x30
 1501 0122 9F       		.byte	0x9f
 1502 0123 6A000000 		.4byte	.LVL17
 1503 0127 F6010000 		.4byte	.LVL27
 1504 012b 0100     		.2byte	0x1
ARM GAS  C:\Users\taips\AppData\Local\Temp\cctSxJRi.s 			page 43


 1505 012d 57       		.byte	0x57
 1506 012e F6010000 		.4byte	.LVL27
 1507 0132 FA010000 		.4byte	.LVL28
 1508 0136 0200     		.2byte	0x2
 1509 0138 30       		.byte	0x30
 1510 0139 9F       		.byte	0x9f
 1511 013a 00000000 		.4byte	0
 1512 013e 00000000 		.4byte	0
 1513              	.LLST6:
 1514 0142 10000000 		.4byte	.LVL3
 1515 0146 2E000000 		.4byte	.LVL6
 1516 014a 0200     		.2byte	0x2
 1517 014c 30       		.byte	0x30
 1518 014d 9F       		.byte	0x9f
 1519 014e 2E000000 		.4byte	.LVL6
 1520 0152 64000000 		.4byte	.LVL15
 1521 0156 0100     		.2byte	0x1
 1522 0158 51       		.byte	0x51
 1523 0159 68000000 		.4byte	.LVL16
 1524 015d 6A000000 		.4byte	.LVL17
 1525 0161 0100     		.2byte	0x1
 1526 0163 51       		.byte	0x51
 1527 0164 F6010000 		.4byte	.LVL27
 1528 0168 FA010000 		.4byte	.LVL28
 1529 016c 0200     		.2byte	0x2
 1530 016e 30       		.byte	0x30
 1531 016f 9F       		.byte	0x9f
 1532 0170 00000000 		.4byte	0
 1533 0174 00000000 		.4byte	0
 1534              	.LLST7:
 1535 0178 10000000 		.4byte	.LVL3
 1536 017c 2E000000 		.4byte	.LVL6
 1537 0180 0200     		.2byte	0x2
 1538 0182 30       		.byte	0x30
 1539 0183 9F       		.byte	0x9f
 1540 0184 2E000000 		.4byte	.LVL6
 1541 0188 C1000000 		.4byte	.LVL18-1
 1542 018c 0100     		.2byte	0x1
 1543 018e 50       		.byte	0x50
 1544 018f F6010000 		.4byte	.LVL27
 1545 0193 FA010000 		.4byte	.LVL28
 1546 0197 0200     		.2byte	0x2
 1547 0199 30       		.byte	0x30
 1548 019a 9F       		.byte	0x9f
 1549 019b 00000000 		.4byte	0
 1550 019f 00000000 		.4byte	0
 1551              	.LLST8:
 1552 01a3 24000000 		.4byte	.LVL5
 1553 01a7 2E000000 		.4byte	.LVL6
 1554 01ab 0200     		.2byte	0x2
 1555 01ad 32       		.byte	0x32
 1556 01ae 9F       		.byte	0x9f
 1557 01af 2E000000 		.4byte	.LVL6
 1558 01b3 5C000000 		.4byte	.LVL13
 1559 01b7 0100     		.2byte	0x1
 1560 01b9 53       		.byte	0x53
 1561 01ba 68000000 		.4byte	.LVL16
ARM GAS  C:\Users\taips\AppData\Local\Temp\cctSxJRi.s 			page 44


 1562 01be 6A000000 		.4byte	.LVL17
 1563 01c2 0100     		.2byte	0x1
 1564 01c4 53       		.byte	0x53
 1565 01c5 00000000 		.4byte	0
 1566 01c9 00000000 		.4byte	0
 1567              	.LLST9:
 1568 01cd 34000000 		.4byte	.LVL7
 1569 01d1 40000000 		.4byte	.LVL11
 1570 01d5 0100     		.2byte	0x1
 1571 01d7 52       		.byte	0x52
 1572 01d8 00000000 		.4byte	0
 1573 01dc 00000000 		.4byte	0
 1574              	.LLST10:
 1575 01e0 00000000 		.4byte	.LVL29
 1576 01e4 07000000 		.4byte	.LVL30-1
 1577 01e8 0100     		.2byte	0x1
 1578 01ea 50       		.byte	0x50
 1579 01eb 07000000 		.4byte	.LVL30-1
 1580 01ef 28000000 		.4byte	.LVL32
 1581 01f3 0100     		.2byte	0x1
 1582 01f5 54       		.byte	0x54
 1583 01f6 28000000 		.4byte	.LVL32
 1584 01fa 34000000 		.4byte	.LFE1
 1585 01fe 0400     		.2byte	0x4
 1586 0200 F3       		.byte	0xf3
 1587 0201 01       		.uleb128 0x1
 1588 0202 50       		.byte	0x50
 1589 0203 9F       		.byte	0x9f
 1590 0204 00000000 		.4byte	0
 1591 0208 00000000 		.4byte	0
 1592              	.LLST11:
 1593 020c 08000000 		.4byte	.LVL30
 1594 0210 27000000 		.4byte	.LVL31-1
 1595 0214 0100     		.2byte	0x1
 1596 0216 50       		.byte	0x50
 1597 0217 00000000 		.4byte	0
 1598 021b 00000000 		.4byte	0
 1599              		.section	.debug_aranges,"",%progbits
 1600 0000 34000000 		.4byte	0x34
 1601 0004 0200     		.2byte	0x2
 1602 0006 00000000 		.4byte	.Ldebug_info0
 1603 000a 04       		.byte	0x4
 1604 000b 00       		.byte	0
 1605 000c 0000     		.2byte	0
 1606 000e 0000     		.2byte	0
 1607 0010 00000000 		.4byte	.LFB2
 1608 0014 14000000 		.4byte	.LFE2-.LFB2
 1609 0018 00000000 		.4byte	.LFB3
 1610 001c 14000000 		.4byte	.LFE3-.LFB3
 1611 0020 00000000 		.4byte	.LFB0
 1612 0024 24020000 		.4byte	.LFE0-.LFB0
 1613 0028 00000000 		.4byte	.LFB1
 1614 002c 34000000 		.4byte	.LFE1-.LFB1
 1615 0030 00000000 		.4byte	0
 1616 0034 00000000 		.4byte	0
 1617              		.section	.debug_ranges,"",%progbits
 1618              	.Ldebug_ranges0:
ARM GAS  C:\Users\taips\AppData\Local\Temp\cctSxJRi.s 			page 45


 1619 0000 00000000 		.4byte	.LFB2
 1620 0004 14000000 		.4byte	.LFE2
 1621 0008 00000000 		.4byte	.LFB3
 1622 000c 14000000 		.4byte	.LFE3
 1623 0010 00000000 		.4byte	.LFB0
 1624 0014 24020000 		.4byte	.LFE0
 1625 0018 00000000 		.4byte	.LFB1
 1626 001c 34000000 		.4byte	.LFE1
 1627 0020 00000000 		.4byte	0
 1628 0024 00000000 		.4byte	0
 1629              		.section	.debug_line,"",%progbits
 1630              	.Ldebug_line0:
 1631 0000 D2010000 		.section	.debug_str,"MS",%progbits,1
 1631      0200A600 
 1631      00000201 
 1631      FB0E0D00 
 1631      01010101 
 1632              	.LASF15:
 1633 0000 63797374 		.ascii	"cystatus\000"
 1633      61747573 
 1633      00
 1634              	.LASF16:
 1635 0009 72656733 		.ascii	"reg32\000"
 1635      3200
 1636              	.LASF29:
 1637 000f 73617665 		.ascii	"savedIndex\000"
 1637      64496E64 
 1637      657800
 1638              	.LASF22:
 1639 001a 72657456 		.ascii	"retValue\000"
 1639      616C7565 
 1639      00
 1640              	.LASF23:
 1641 0023 726F774E 		.ascii	"rowNum\000"
 1641      756D00
 1642              	.LASF41:
 1643 002a 63795379 		.ascii	"cySysFlashClockBackupStruct\000"
 1643      73466C61 
 1643      7368436C 
 1643      6F636B42 
 1643      61636B75 
 1644              	.LASF34:
 1645 0046 63795379 		.ascii	"cySysFlashBackup\000"
 1645      73466C61 
 1645      73684261 
 1645      636B7570 
 1645      00
 1646              	.LASF3:
 1647 0057 73686F72 		.ascii	"short unsigned int\000"
 1647      7420756E 
 1647      7369676E 
 1647      65642069 
 1647      6E7400
 1648              	.LASF40:
 1649 006a 433A5C50 		.ascii	"C:\\Program Files (x86)\\Cypress\\PSoC Creator\\4.4"
 1649      726F6772 
 1649      616D2046 
ARM GAS  C:\Users\taips\AppData\Local\Temp\cctSxJRi.s 			page 46


 1649      696C6573 
 1649      20287838 
 1650 0099 5C50536F 		.ascii	"\\PSoC Creator\\1\\LWO3.cydsn\\Generated_Source\\PS"
 1650      43204372 
 1650      6561746F 
 1650      725C315C 
 1650      4C574F33 
 1651 00c7 6F43345C 		.ascii	"oC4\\CyFlash.c\000"
 1651      4379466C 
 1651      6173682E 
 1651      6300
 1652              	.LASF12:
 1653 00d5 666C6F61 		.ascii	"float\000"
 1653      7400
 1654              	.LASF31:
 1655 00db 63686563 		.ascii	"checksum\000"
 1655      6B73756D 
 1655      00
 1656              	.LASF1:
 1657 00e4 756E7369 		.ascii	"unsigned char\000"
 1657      676E6564 
 1657      20636861 
 1657      7200
 1658              	.LASF24:
 1659 00f2 726F7744 		.ascii	"rowData\000"
 1659      61746100 
 1660              	.LASF26:
 1661 00fa 70617261 		.ascii	"parameters\000"
 1661      6D657465 
 1661      727300
 1662              	.LASF5:
 1663 0105 6C6F6E67 		.ascii	"long unsigned int\000"
 1663      20756E73 
 1663      69676E65 
 1663      6420696E 
 1663      7400
 1664              	.LASF9:
 1665 0117 75696E74 		.ascii	"uint8\000"
 1665      3800
 1666              	.LASF36:
 1667 011d 6D656D73 		.ascii	"memset\000"
 1667      657400
 1668              	.LASF13:
 1669 0124 646F7562 		.ascii	"double\000"
 1669      6C6500
 1670              	.LASF2:
 1671 012b 73686F72 		.ascii	"short int\000"
 1671      7420696E 
 1671      7400
 1672              	.LASF21:
 1673 0135 43795379 		.ascii	"CySysFlashClockRestore\000"
 1673      73466C61 
 1673      7368436C 
 1673      6F636B52 
 1673      6573746F 
 1674              	.LASF10:
 1675 014c 75696E74 		.ascii	"uint16\000"
ARM GAS  C:\Users\taips\AppData\Local\Temp\cctSxJRi.s 			page 47


 1675      313600
 1676              	.LASF11:
 1677 0153 75696E74 		.ascii	"uint32\000"
 1677      333200
 1678              	.LASF37:
 1679 015a 4379456E 		.ascii	"CyEnterCriticalSection\000"
 1679      74657243 
 1679      72697469 
 1679      63616C53 
 1679      65637469 
 1680              	.LASF8:
 1681 0171 756E7369 		.ascii	"unsigned int\000"
 1681      676E6564 
 1681      20696E74 
 1681      00
 1682              	.LASF38:
 1683 017e 43794578 		.ascii	"CyExitCriticalSection\000"
 1683      69744372 
 1683      69746963 
 1683      616C5365 
 1683      6374696F 
 1684              	.LASF28:
 1685 0194 6E656564 		.ascii	"needChecksumWorkaround\000"
 1685      43686563 
 1685      6B73756D 
 1685      576F726B 
 1685      61726F75 
 1686              	.LASF27:
 1687 01ab 696E7465 		.ascii	"interruptState\000"
 1687      72727570 
 1687      74537461 
 1687      746500
 1688              	.LASF39:
 1689 01ba 474E5520 		.ascii	"GNU C11 5.4.1 20160609 (release) [ARM/embedded-5-br"
 1689      43313120 
 1689      352E342E 
 1689      31203230 
 1689      31363036 
 1690 01ed 616E6368 		.ascii	"anch revision 237715] -mcpu=cortex-m0 -mthumb -g -O"
 1690      20726576 
 1690      6973696F 
 1690      6E203233 
 1690      37373135 
 1691 0220 67202D66 		.ascii	"g -ffunction-sections -ffat-lto-objects\000"
 1691      66756E63 
 1691      74696F6E 
 1691      2D736563 
 1691      74696F6E 
 1692              	.LASF18:
 1693 0248 73697A65 		.ascii	"sizetype\000"
 1693      74797065 
 1693      00
 1694              	.LASF6:
 1695 0251 6C6F6E67 		.ascii	"long long int\000"
 1695      206C6F6E 
 1695      6720696E 
 1695      7400
ARM GAS  C:\Users\taips\AppData\Local\Temp\cctSxJRi.s 			page 48


 1696              	.LASF42:
 1697 025f 696D6F43 		.ascii	"imoConfigReg\000"
 1697      6F6E6669 
 1697      67526567 
 1697      00
 1698              	.LASF35:
 1699 026c 6D656D63 		.ascii	"memcpy\000"
 1699      707900
 1700              	.LASF32:
 1701 0273 62697473 		.ascii	"bits\000"
 1701      00
 1702              	.LASF33:
 1703 0278 66726571 		.ascii	"freq\000"
 1703      00
 1704              	.LASF25:
 1705 027d 636C6B43 		.ascii	"clkCnfRetValue\000"
 1705      6E665265 
 1705      7456616C 
 1705      756500
 1706              	.LASF30:
 1707 028c 73617665 		.ascii	"savedValue\000"
 1707      6456616C 
 1707      756500
 1708              	.LASF20:
 1709 0297 43795379 		.ascii	"CySysFlashClockBackup\000"
 1709      73466C61 
 1709      7368436C 
 1709      6F636B42 
 1709      61636B75 
 1710              	.LASF19:
 1711 02ad 43595F53 		.ascii	"CY_SYS_FLASH_CLOCK_BACKUP_STRUCT\000"
 1711      59535F46 
 1711      4C415348 
 1711      5F434C4F 
 1711      434B5F42 
 1712              	.LASF4:
 1713 02ce 6C6F6E67 		.ascii	"long int\000"
 1713      20696E74 
 1713      00
 1714              	.LASF14:
 1715 02d7 63686172 		.ascii	"char\000"
 1715      00
 1716              	.LASF17:
 1717 02dc 6C6F6E67 		.ascii	"long double\000"
 1717      20646F75 
 1717      626C6500 
 1718              	.LASF44:
 1719 02e8 43795379 		.ascii	"CySysFlashSetWaitCycles\000"
 1719      73466C61 
 1719      73685365 
 1719      74576169 
 1719      74437963 
 1720              	.LASF0:
 1721 0300 7369676E 		.ascii	"signed char\000"
 1721      65642063 
 1721      68617200 
 1722              	.LASF43:
ARM GAS  C:\Users\taips\AppData\Local\Temp\cctSxJRi.s 			page 49


 1723 030c 43795379 		.ascii	"CySysFlashWriteRow\000"
 1723      73466C61 
 1723      73685772 
 1723      69746552 
 1723      6F7700
 1724              	.LASF7:
 1725 031f 6C6F6E67 		.ascii	"long long unsigned int\000"
 1725      206C6F6E 
 1725      6720756E 
 1725      7369676E 
 1725      65642069 
 1726              		.ident	"GCC: (GNU Tools for ARM Embedded Processors) 5.4.1 20160609 (release) [ARM/embedded-5-bran
