ARM GAS  C:\Users\taips\AppData\Local\Temp\cc1EP6RD.s 			page 1


   1              		.syntax unified
   2              		.cpu cortex-m0
   3              		.fpu softvfp
   4              		.eabi_attribute 20, 1
   5              		.eabi_attribute 21, 1
   6              		.eabi_attribute 23, 3
   7              		.eabi_attribute 24, 1
   8              		.eabi_attribute 25, 1
   9              		.eabi_attribute 26, 1
  10              		.eabi_attribute 30, 6
  11              		.eabi_attribute 34, 0
  12              		.eabi_attribute 18, 4
  13              		.thumb
  14              		.syntax unified
  15              		.file	"cyfitter_cfg.c"
  16              		.text
  17              	.Ltext0:
  18              		.cfi_sections	.debug_frame
  19              		.section	.text.CYMEMZERO,"ax",%progbits
  20              		.align	2
  21              		.code	16
  22              		.thumb_func
  23              		.type	CYMEMZERO, %function
  24              	CYMEMZERO:
  25              	.LFB0:
  26              		.file 1 "C:\\Program Files (x86)\\Cypress\\PSoC Creator\\4.4\\PSoC Creator\\1\\CapSense_CSD_P4_Des
   1:C:\Program Files (x86)\Cypress\PSoC Creator\4.4\PSoC Creator\1\CapSense_CSD_P4_Design01.cydsn\Generated_Source\PSoC4\cyfitter_cfg.c **** 
   2:C:\Program Files (x86)\Cypress\PSoC Creator\4.4\PSoC Creator\1\CapSense_CSD_P4_Design01.cydsn\Generated_Source\PSoC4\cyfitter_cfg.c **** /*******************************************************************************
   3:C:\Program Files (x86)\Cypress\PSoC Creator\4.4\PSoC Creator\1\CapSense_CSD_P4_Design01.cydsn\Generated_Source\PSoC4\cyfitter_cfg.c **** * File Name: cyfitter_cfg.c
   4:C:\Program Files (x86)\Cypress\PSoC Creator\4.4\PSoC Creator\1\CapSense_CSD_P4_Design01.cydsn\Generated_Source\PSoC4\cyfitter_cfg.c **** * 
   5:C:\Program Files (x86)\Cypress\PSoC Creator\4.4\PSoC Creator\1\CapSense_CSD_P4_Design01.cydsn\Generated_Source\PSoC4\cyfitter_cfg.c **** * PSoC Creator  4.4
   6:C:\Program Files (x86)\Cypress\PSoC Creator\4.4\PSoC Creator\1\CapSense_CSD_P4_Design01.cydsn\Generated_Source\PSoC4\cyfitter_cfg.c **** *
   7:C:\Program Files (x86)\Cypress\PSoC Creator\4.4\PSoC Creator\1\CapSense_CSD_P4_Design01.cydsn\Generated_Source\PSoC4\cyfitter_cfg.c **** * Description:
   8:C:\Program Files (x86)\Cypress\PSoC Creator\4.4\PSoC Creator\1\CapSense_CSD_P4_Design01.cydsn\Generated_Source\PSoC4\cyfitter_cfg.c **** * This file contains device initialization code.
   9:C:\Program Files (x86)\Cypress\PSoC Creator\4.4\PSoC Creator\1\CapSense_CSD_P4_Design01.cydsn\Generated_Source\PSoC4\cyfitter_cfg.c **** * Except for the user defined sections in CyClockStartupError(), this file should not be modified.
  10:C:\Program Files (x86)\Cypress\PSoC Creator\4.4\PSoC Creator\1\CapSense_CSD_P4_Design01.cydsn\Generated_Source\PSoC4\cyfitter_cfg.c **** * This file is automatically generated by PSoC Creator.
  11:C:\Program Files (x86)\Cypress\PSoC Creator\4.4\PSoC Creator\1\CapSense_CSD_P4_Design01.cydsn\Generated_Source\PSoC4\cyfitter_cfg.c **** *
  12:C:\Program Files (x86)\Cypress\PSoC Creator\4.4\PSoC Creator\1\CapSense_CSD_P4_Design01.cydsn\Generated_Source\PSoC4\cyfitter_cfg.c **** ********************************************************************************
  13:C:\Program Files (x86)\Cypress\PSoC Creator\4.4\PSoC Creator\1\CapSense_CSD_P4_Design01.cydsn\Generated_Source\PSoC4\cyfitter_cfg.c **** * Copyright (c) 2007-2020 Cypress Semiconductor.  All rights reserved.
  14:C:\Program Files (x86)\Cypress\PSoC Creator\4.4\PSoC Creator\1\CapSense_CSD_P4_Design01.cydsn\Generated_Source\PSoC4\cyfitter_cfg.c **** * You may use this file only in accordance with the license, terms, conditions, 
  15:C:\Program Files (x86)\Cypress\PSoC Creator\4.4\PSoC Creator\1\CapSense_CSD_P4_Design01.cydsn\Generated_Source\PSoC4\cyfitter_cfg.c **** * disclaimers, and limitations in the end user license agreement accompanying 
  16:C:\Program Files (x86)\Cypress\PSoC Creator\4.4\PSoC Creator\1\CapSense_CSD_P4_Design01.cydsn\Generated_Source\PSoC4\cyfitter_cfg.c **** * the software package with which this file was provided.
  17:C:\Program Files (x86)\Cypress\PSoC Creator\4.4\PSoC Creator\1\CapSense_CSD_P4_Design01.cydsn\Generated_Source\PSoC4\cyfitter_cfg.c **** ********************************************************************************/
  18:C:\Program Files (x86)\Cypress\PSoC Creator\4.4\PSoC Creator\1\CapSense_CSD_P4_Design01.cydsn\Generated_Source\PSoC4\cyfitter_cfg.c **** 
  19:C:\Program Files (x86)\Cypress\PSoC Creator\4.4\PSoC Creator\1\CapSense_CSD_P4_Design01.cydsn\Generated_Source\PSoC4\cyfitter_cfg.c **** #include <string.h>
  20:C:\Program Files (x86)\Cypress\PSoC Creator\4.4\PSoC Creator\1\CapSense_CSD_P4_Design01.cydsn\Generated_Source\PSoC4\cyfitter_cfg.c **** #include "cytypes.h"
  21:C:\Program Files (x86)\Cypress\PSoC Creator\4.4\PSoC Creator\1\CapSense_CSD_P4_Design01.cydsn\Generated_Source\PSoC4\cyfitter_cfg.c **** #include "cydevice_trm.h"
  22:C:\Program Files (x86)\Cypress\PSoC Creator\4.4\PSoC Creator\1\CapSense_CSD_P4_Design01.cydsn\Generated_Source\PSoC4\cyfitter_cfg.c **** #include "cyfitter.h"
  23:C:\Program Files (x86)\Cypress\PSoC Creator\4.4\PSoC Creator\1\CapSense_CSD_P4_Design01.cydsn\Generated_Source\PSoC4\cyfitter_cfg.c **** #include "CyLib.h"
  24:C:\Program Files (x86)\Cypress\PSoC Creator\4.4\PSoC Creator\1\CapSense_CSD_P4_Design01.cydsn\Generated_Source\PSoC4\cyfitter_cfg.c **** #include "cyfitter_cfg.h"
  25:C:\Program Files (x86)\Cypress\PSoC Creator\4.4\PSoC Creator\1\CapSense_CSD_P4_Design01.cydsn\Generated_Source\PSoC4\cyfitter_cfg.c **** #include "cyapicallbacks.h"
  26:C:\Program Files (x86)\Cypress\PSoC Creator\4.4\PSoC Creator\1\CapSense_CSD_P4_Design01.cydsn\Generated_Source\PSoC4\cyfitter_cfg.c **** 
  27:C:\Program Files (x86)\Cypress\PSoC Creator\4.4\PSoC Creator\1\CapSense_CSD_P4_Design01.cydsn\Generated_Source\PSoC4\cyfitter_cfg.c **** 
  28:C:\Program Files (x86)\Cypress\PSoC Creator\4.4\PSoC Creator\1\CapSense_CSD_P4_Design01.cydsn\Generated_Source\PSoC4\cyfitter_cfg.c **** #if defined(__GNUC__) || defined(__ARMCC_VERSION)
  29:C:\Program Files (x86)\Cypress\PSoC Creator\4.4\PSoC Creator\1\CapSense_CSD_P4_Design01.cydsn\Generated_Source\PSoC4\cyfitter_cfg.c ****     #define CYPACKED 
  30:C:\Program Files (x86)\Cypress\PSoC Creator\4.4\PSoC Creator\1\CapSense_CSD_P4_Design01.cydsn\Generated_Source\PSoC4\cyfitter_cfg.c ****     #define CYPACKED_ATTR __attribute__ ((packed))
  31:C:\Program Files (x86)\Cypress\PSoC Creator\4.4\PSoC Creator\1\CapSense_CSD_P4_Design01.cydsn\Generated_Source\PSoC4\cyfitter_cfg.c ****     #define CYALIGNED __attribute__ ((aligned))
ARM GAS  C:\Users\taips\AppData\Local\Temp\cc1EP6RD.s 			page 2


  32:C:\Program Files (x86)\Cypress\PSoC Creator\4.4\PSoC Creator\1\CapSense_CSD_P4_Design01.cydsn\Generated_Source\PSoC4\cyfitter_cfg.c ****     #define CY_CFG_UNUSED __attribute__ ((unused))
  33:C:\Program Files (x86)\Cypress\PSoC Creator\4.4\PSoC Creator\1\CapSense_CSD_P4_Design01.cydsn\Generated_Source\PSoC4\cyfitter_cfg.c ****     #ifndef CY_CFG_SECTION
  34:C:\Program Files (x86)\Cypress\PSoC Creator\4.4\PSoC Creator\1\CapSense_CSD_P4_Design01.cydsn\Generated_Source\PSoC4\cyfitter_cfg.c ****         #define CY_CFG_SECTION __attribute__ ((section(".psocinit")))
  35:C:\Program Files (x86)\Cypress\PSoC Creator\4.4\PSoC Creator\1\CapSense_CSD_P4_Design01.cydsn\Generated_Source\PSoC4\cyfitter_cfg.c ****     #endif
  36:C:\Program Files (x86)\Cypress\PSoC Creator\4.4\PSoC Creator\1\CapSense_CSD_P4_Design01.cydsn\Generated_Source\PSoC4\cyfitter_cfg.c ****     
  37:C:\Program Files (x86)\Cypress\PSoC Creator\4.4\PSoC Creator\1\CapSense_CSD_P4_Design01.cydsn\Generated_Source\PSoC4\cyfitter_cfg.c ****     #if defined(__ARMCC_VERSION)
  38:C:\Program Files (x86)\Cypress\PSoC Creator\4.4\PSoC Creator\1\CapSense_CSD_P4_Design01.cydsn\Generated_Source\PSoC4\cyfitter_cfg.c ****         #define CY_CFG_MEMORY_BARRIER() __memory_changed()
  39:C:\Program Files (x86)\Cypress\PSoC Creator\4.4\PSoC Creator\1\CapSense_CSD_P4_Design01.cydsn\Generated_Source\PSoC4\cyfitter_cfg.c ****     #else
  40:C:\Program Files (x86)\Cypress\PSoC Creator\4.4\PSoC Creator\1\CapSense_CSD_P4_Design01.cydsn\Generated_Source\PSoC4\cyfitter_cfg.c ****         #define CY_CFG_MEMORY_BARRIER() __sync_synchronize()
  41:C:\Program Files (x86)\Cypress\PSoC Creator\4.4\PSoC Creator\1\CapSense_CSD_P4_Design01.cydsn\Generated_Source\PSoC4\cyfitter_cfg.c ****     #endif
  42:C:\Program Files (x86)\Cypress\PSoC Creator\4.4\PSoC Creator\1\CapSense_CSD_P4_Design01.cydsn\Generated_Source\PSoC4\cyfitter_cfg.c ****     
  43:C:\Program Files (x86)\Cypress\PSoC Creator\4.4\PSoC Creator\1\CapSense_CSD_P4_Design01.cydsn\Generated_Source\PSoC4\cyfitter_cfg.c **** #elif defined(__ICCARM__)
  44:C:\Program Files (x86)\Cypress\PSoC Creator\4.4\PSoC Creator\1\CapSense_CSD_P4_Design01.cydsn\Generated_Source\PSoC4\cyfitter_cfg.c ****     #include <intrinsics.h>
  45:C:\Program Files (x86)\Cypress\PSoC Creator\4.4\PSoC Creator\1\CapSense_CSD_P4_Design01.cydsn\Generated_Source\PSoC4\cyfitter_cfg.c **** 
  46:C:\Program Files (x86)\Cypress\PSoC Creator\4.4\PSoC Creator\1\CapSense_CSD_P4_Design01.cydsn\Generated_Source\PSoC4\cyfitter_cfg.c ****     #define CYPACKED __packed
  47:C:\Program Files (x86)\Cypress\PSoC Creator\4.4\PSoC Creator\1\CapSense_CSD_P4_Design01.cydsn\Generated_Source\PSoC4\cyfitter_cfg.c ****     #define CYPACKED_ATTR 
  48:C:\Program Files (x86)\Cypress\PSoC Creator\4.4\PSoC Creator\1\CapSense_CSD_P4_Design01.cydsn\Generated_Source\PSoC4\cyfitter_cfg.c ****     #define CYALIGNED _Pragma("data_alignment=4")
  49:C:\Program Files (x86)\Cypress\PSoC Creator\4.4\PSoC Creator\1\CapSense_CSD_P4_Design01.cydsn\Generated_Source\PSoC4\cyfitter_cfg.c ****     #define CY_CFG_UNUSED _Pragma("diag_suppress=Pe177")
  50:C:\Program Files (x86)\Cypress\PSoC Creator\4.4\PSoC Creator\1\CapSense_CSD_P4_Design01.cydsn\Generated_Source\PSoC4\cyfitter_cfg.c ****     #define CY_CFG_SECTION _Pragma("location=\".psocinit\"")
  51:C:\Program Files (x86)\Cypress\PSoC Creator\4.4\PSoC Creator\1\CapSense_CSD_P4_Design01.cydsn\Generated_Source\PSoC4\cyfitter_cfg.c ****     
  52:C:\Program Files (x86)\Cypress\PSoC Creator\4.4\PSoC Creator\1\CapSense_CSD_P4_Design01.cydsn\Generated_Source\PSoC4\cyfitter_cfg.c ****     #define CY_CFG_MEMORY_BARRIER() __DMB()
  53:C:\Program Files (x86)\Cypress\PSoC Creator\4.4\PSoC Creator\1\CapSense_CSD_P4_Design01.cydsn\Generated_Source\PSoC4\cyfitter_cfg.c ****     
  54:C:\Program Files (x86)\Cypress\PSoC Creator\4.4\PSoC Creator\1\CapSense_CSD_P4_Design01.cydsn\Generated_Source\PSoC4\cyfitter_cfg.c **** #else
  55:C:\Program Files (x86)\Cypress\PSoC Creator\4.4\PSoC Creator\1\CapSense_CSD_P4_Design01.cydsn\Generated_Source\PSoC4\cyfitter_cfg.c ****     #error Unsupported toolchain
  56:C:\Program Files (x86)\Cypress\PSoC Creator\4.4\PSoC Creator\1\CapSense_CSD_P4_Design01.cydsn\Generated_Source\PSoC4\cyfitter_cfg.c **** #endif
  57:C:\Program Files (x86)\Cypress\PSoC Creator\4.4\PSoC Creator\1\CapSense_CSD_P4_Design01.cydsn\Generated_Source\PSoC4\cyfitter_cfg.c **** 
  58:C:\Program Files (x86)\Cypress\PSoC Creator\4.4\PSoC Creator\1\CapSense_CSD_P4_Design01.cydsn\Generated_Source\PSoC4\cyfitter_cfg.c **** #ifndef CYCODE
  59:C:\Program Files (x86)\Cypress\PSoC Creator\4.4\PSoC Creator\1\CapSense_CSD_P4_Design01.cydsn\Generated_Source\PSoC4\cyfitter_cfg.c ****     #define CYCODE
  60:C:\Program Files (x86)\Cypress\PSoC Creator\4.4\PSoC Creator\1\CapSense_CSD_P4_Design01.cydsn\Generated_Source\PSoC4\cyfitter_cfg.c **** #endif
  61:C:\Program Files (x86)\Cypress\PSoC Creator\4.4\PSoC Creator\1\CapSense_CSD_P4_Design01.cydsn\Generated_Source\PSoC4\cyfitter_cfg.c **** #ifndef CYDATA
  62:C:\Program Files (x86)\Cypress\PSoC Creator\4.4\PSoC Creator\1\CapSense_CSD_P4_Design01.cydsn\Generated_Source\PSoC4\cyfitter_cfg.c ****     #define CYDATA
  63:C:\Program Files (x86)\Cypress\PSoC Creator\4.4\PSoC Creator\1\CapSense_CSD_P4_Design01.cydsn\Generated_Source\PSoC4\cyfitter_cfg.c **** #endif
  64:C:\Program Files (x86)\Cypress\PSoC Creator\4.4\PSoC Creator\1\CapSense_CSD_P4_Design01.cydsn\Generated_Source\PSoC4\cyfitter_cfg.c **** #ifndef CYFAR
  65:C:\Program Files (x86)\Cypress\PSoC Creator\4.4\PSoC Creator\1\CapSense_CSD_P4_Design01.cydsn\Generated_Source\PSoC4\cyfitter_cfg.c ****     #define CYFAR
  66:C:\Program Files (x86)\Cypress\PSoC Creator\4.4\PSoC Creator\1\CapSense_CSD_P4_Design01.cydsn\Generated_Source\PSoC4\cyfitter_cfg.c **** #endif
  67:C:\Program Files (x86)\Cypress\PSoC Creator\4.4\PSoC Creator\1\CapSense_CSD_P4_Design01.cydsn\Generated_Source\PSoC4\cyfitter_cfg.c **** #ifndef CYXDATA
  68:C:\Program Files (x86)\Cypress\PSoC Creator\4.4\PSoC Creator\1\CapSense_CSD_P4_Design01.cydsn\Generated_Source\PSoC4\cyfitter_cfg.c ****     #define CYXDATA
  69:C:\Program Files (x86)\Cypress\PSoC Creator\4.4\PSoC Creator\1\CapSense_CSD_P4_Design01.cydsn\Generated_Source\PSoC4\cyfitter_cfg.c **** #endif
  70:C:\Program Files (x86)\Cypress\PSoC Creator\4.4\PSoC Creator\1\CapSense_CSD_P4_Design01.cydsn\Generated_Source\PSoC4\cyfitter_cfg.c **** 
  71:C:\Program Files (x86)\Cypress\PSoC Creator\4.4\PSoC Creator\1\CapSense_CSD_P4_Design01.cydsn\Generated_Source\PSoC4\cyfitter_cfg.c **** 
  72:C:\Program Files (x86)\Cypress\PSoC Creator\4.4\PSoC Creator\1\CapSense_CSD_P4_Design01.cydsn\Generated_Source\PSoC4\cyfitter_cfg.c **** CY_CFG_UNUSED
  73:C:\Program Files (x86)\Cypress\PSoC Creator\4.4\PSoC Creator\1\CapSense_CSD_P4_Design01.cydsn\Generated_Source\PSoC4\cyfitter_cfg.c **** static void CYMEMZERO(void *s, size_t n);
  74:C:\Program Files (x86)\Cypress\PSoC Creator\4.4\PSoC Creator\1\CapSense_CSD_P4_Design01.cydsn\Generated_Source\PSoC4\cyfitter_cfg.c **** CY_CFG_UNUSED
  75:C:\Program Files (x86)\Cypress\PSoC Creator\4.4\PSoC Creator\1\CapSense_CSD_P4_Design01.cydsn\Generated_Source\PSoC4\cyfitter_cfg.c **** static void CYMEMZERO(void *s, size_t n)
  76:C:\Program Files (x86)\Cypress\PSoC Creator\4.4\PSoC Creator\1\CapSense_CSD_P4_Design01.cydsn\Generated_Source\PSoC4\cyfitter_cfg.c **** {
  27              		.loc 1 76 0
  28              		.cfi_startproc
  29              		@ args = 0, pretend = 0, frame = 8
  30              		@ frame_needed = 1, uses_anonymous_args = 0
  31 0000 80B5     		push	{r7, lr}
  32              		.cfi_def_cfa_offset 8
  33              		.cfi_offset 7, -8
  34              		.cfi_offset 14, -4
  35 0002 82B0     		sub	sp, sp, #8
  36              		.cfi_def_cfa_offset 16
  37 0004 00AF     		add	r7, sp, #0
  38              		.cfi_def_cfa_register 7
ARM GAS  C:\Users\taips\AppData\Local\Temp\cc1EP6RD.s 			page 3


  39 0006 7860     		str	r0, [r7, #4]
  40 0008 3960     		str	r1, [r7]
  77:C:\Program Files (x86)\Cypress\PSoC Creator\4.4\PSoC Creator\1\CapSense_CSD_P4_Design01.cydsn\Generated_Source\PSoC4\cyfitter_cfg.c **** 	(void)memset(s, 0, n);
  41              		.loc 1 77 0
  42 000a 3A68     		ldr	r2, [r7]
  43 000c 7B68     		ldr	r3, [r7, #4]
  44 000e 0021     		movs	r1, #0
  45 0010 1800     		movs	r0, r3
  46 0012 FFF7FEFF 		bl	memset
  78:C:\Program Files (x86)\Cypress\PSoC Creator\4.4\PSoC Creator\1\CapSense_CSD_P4_Design01.cydsn\Generated_Source\PSoC4\cyfitter_cfg.c **** }
  47              		.loc 1 78 0
  48 0016 C046     		nop
  49 0018 BD46     		mov	sp, r7
  50 001a 02B0     		add	sp, sp, #8
  51              		@ sp needed
  52 001c 80BD     		pop	{r7, pc}
  53              		.cfi_endproc
  54              	.LFE0:
  55              		.size	CYMEMZERO, .-CYMEMZERO
  56 001e C046     		.section	.text.CYCONFIGCPY,"ax",%progbits
  57              		.align	2
  58              		.code	16
  59              		.thumb_func
  60              		.type	CYCONFIGCPY, %function
  61              	CYCONFIGCPY:
  62              	.LFB1:
  79:C:\Program Files (x86)\Cypress\PSoC Creator\4.4\PSoC Creator\1\CapSense_CSD_P4_Design01.cydsn\Generated_Source\PSoC4\cyfitter_cfg.c **** CY_CFG_UNUSED
  80:C:\Program Files (x86)\Cypress\PSoC Creator\4.4\PSoC Creator\1\CapSense_CSD_P4_Design01.cydsn\Generated_Source\PSoC4\cyfitter_cfg.c **** static void CYCONFIGCPY(void *dest, const void *src, size_t n);
  81:C:\Program Files (x86)\Cypress\PSoC Creator\4.4\PSoC Creator\1\CapSense_CSD_P4_Design01.cydsn\Generated_Source\PSoC4\cyfitter_cfg.c **** CY_CFG_UNUSED
  82:C:\Program Files (x86)\Cypress\PSoC Creator\4.4\PSoC Creator\1\CapSense_CSD_P4_Design01.cydsn\Generated_Source\PSoC4\cyfitter_cfg.c **** static void CYCONFIGCPY(void *dest, const void *src, size_t n)
  83:C:\Program Files (x86)\Cypress\PSoC Creator\4.4\PSoC Creator\1\CapSense_CSD_P4_Design01.cydsn\Generated_Source\PSoC4\cyfitter_cfg.c **** {
  63              		.loc 1 83 0
  64              		.cfi_startproc
  65              		@ args = 0, pretend = 0, frame = 16
  66              		@ frame_needed = 1, uses_anonymous_args = 0
  67 0000 80B5     		push	{r7, lr}
  68              		.cfi_def_cfa_offset 8
  69              		.cfi_offset 7, -8
  70              		.cfi_offset 14, -4
  71 0002 84B0     		sub	sp, sp, #16
  72              		.cfi_def_cfa_offset 24
  73 0004 00AF     		add	r7, sp, #0
  74              		.cfi_def_cfa_register 7
  75 0006 F860     		str	r0, [r7, #12]
  76 0008 B960     		str	r1, [r7, #8]
  77 000a 7A60     		str	r2, [r7, #4]
  84:C:\Program Files (x86)\Cypress\PSoC Creator\4.4\PSoC Creator\1\CapSense_CSD_P4_Design01.cydsn\Generated_Source\PSoC4\cyfitter_cfg.c **** 	(void)memcpy(dest, src, n);
  78              		.loc 1 84 0
  79 000c 7A68     		ldr	r2, [r7, #4]
  80 000e B968     		ldr	r1, [r7, #8]
  81 0010 FB68     		ldr	r3, [r7, #12]
  82 0012 1800     		movs	r0, r3
  83 0014 FFF7FEFF 		bl	memcpy
  85:C:\Program Files (x86)\Cypress\PSoC Creator\4.4\PSoC Creator\1\CapSense_CSD_P4_Design01.cydsn\Generated_Source\PSoC4\cyfitter_cfg.c **** }
  84              		.loc 1 85 0
  85 0018 C046     		nop
  86 001a BD46     		mov	sp, r7
ARM GAS  C:\Users\taips\AppData\Local\Temp\cc1EP6RD.s 			page 4


  87 001c 04B0     		add	sp, sp, #16
  88              		@ sp needed
  89 001e 80BD     		pop	{r7, pc}
  90              		.cfi_endproc
  91              	.LFE1:
  92              		.size	CYCONFIGCPY, .-CYCONFIGCPY
  93              		.section	.text.CYCONFIGCPYCODE,"ax",%progbits
  94              		.align	2
  95              		.code	16
  96              		.thumb_func
  97              		.type	CYCONFIGCPYCODE, %function
  98              	CYCONFIGCPYCODE:
  99              	.LFB2:
  86:C:\Program Files (x86)\Cypress\PSoC Creator\4.4\PSoC Creator\1\CapSense_CSD_P4_Design01.cydsn\Generated_Source\PSoC4\cyfitter_cfg.c **** CY_CFG_UNUSED
  87:C:\Program Files (x86)\Cypress\PSoC Creator\4.4\PSoC Creator\1\CapSense_CSD_P4_Design01.cydsn\Generated_Source\PSoC4\cyfitter_cfg.c **** static void CYCONFIGCPYCODE(void *dest, const void *src, size_t n);
  88:C:\Program Files (x86)\Cypress\PSoC Creator\4.4\PSoC Creator\1\CapSense_CSD_P4_Design01.cydsn\Generated_Source\PSoC4\cyfitter_cfg.c **** CY_CFG_UNUSED
  89:C:\Program Files (x86)\Cypress\PSoC Creator\4.4\PSoC Creator\1\CapSense_CSD_P4_Design01.cydsn\Generated_Source\PSoC4\cyfitter_cfg.c **** static void CYCONFIGCPYCODE(void *dest, const void *src, size_t n)
  90:C:\Program Files (x86)\Cypress\PSoC Creator\4.4\PSoC Creator\1\CapSense_CSD_P4_Design01.cydsn\Generated_Source\PSoC4\cyfitter_cfg.c **** {
 100              		.loc 1 90 0
 101              		.cfi_startproc
 102              		@ args = 0, pretend = 0, frame = 16
 103              		@ frame_needed = 1, uses_anonymous_args = 0
 104 0000 80B5     		push	{r7, lr}
 105              		.cfi_def_cfa_offset 8
 106              		.cfi_offset 7, -8
 107              		.cfi_offset 14, -4
 108 0002 84B0     		sub	sp, sp, #16
 109              		.cfi_def_cfa_offset 24
 110 0004 00AF     		add	r7, sp, #0
 111              		.cfi_def_cfa_register 7
 112 0006 F860     		str	r0, [r7, #12]
 113 0008 B960     		str	r1, [r7, #8]
 114 000a 7A60     		str	r2, [r7, #4]
  91:C:\Program Files (x86)\Cypress\PSoC Creator\4.4\PSoC Creator\1\CapSense_CSD_P4_Design01.cydsn\Generated_Source\PSoC4\cyfitter_cfg.c **** 	(void)memcpy(dest, src, n);
 115              		.loc 1 91 0
 116 000c 7A68     		ldr	r2, [r7, #4]
 117 000e B968     		ldr	r1, [r7, #8]
 118 0010 FB68     		ldr	r3, [r7, #12]
 119 0012 1800     		movs	r0, r3
 120 0014 FFF7FEFF 		bl	memcpy
  92:C:\Program Files (x86)\Cypress\PSoC Creator\4.4\PSoC Creator\1\CapSense_CSD_P4_Design01.cydsn\Generated_Source\PSoC4\cyfitter_cfg.c **** }
 121              		.loc 1 92 0
 122 0018 C046     		nop
 123 001a BD46     		mov	sp, r7
 124 001c 04B0     		add	sp, sp, #16
 125              		@ sp needed
 126 001e 80BD     		pop	{r7, pc}
 127              		.cfi_endproc
 128              	.LFE2:
 129              		.size	CYCONFIGCPYCODE, .-CYCONFIGCPYCODE
 130              		.section	.text.cfg_write_bytes32,"ax",%progbits
 131              		.align	2
 132              		.code	16
 133              		.thumb_func
 134              		.type	cfg_write_bytes32, %function
 135              	cfg_write_bytes32:
 136              	.LFB3:
ARM GAS  C:\Users\taips\AppData\Local\Temp\cc1EP6RD.s 			page 5


  93:C:\Program Files (x86)\Cypress\PSoC Creator\4.4\PSoC Creator\1\CapSense_CSD_P4_Design01.cydsn\Generated_Source\PSoC4\cyfitter_cfg.c **** 
  94:C:\Program Files (x86)\Cypress\PSoC Creator\4.4\PSoC Creator\1\CapSense_CSD_P4_Design01.cydsn\Generated_Source\PSoC4\cyfitter_cfg.c **** 
  95:C:\Program Files (x86)\Cypress\PSoC Creator\4.4\PSoC Creator\1\CapSense_CSD_P4_Design01.cydsn\Generated_Source\PSoC4\cyfitter_cfg.c **** 
  96:C:\Program Files (x86)\Cypress\PSoC Creator\4.4\PSoC Creator\1\CapSense_CSD_P4_Design01.cydsn\Generated_Source\PSoC4\cyfitter_cfg.c **** 
  97:C:\Program Files (x86)\Cypress\PSoC Creator\4.4\PSoC Creator\1\CapSense_CSD_P4_Design01.cydsn\Generated_Source\PSoC4\cyfitter_cfg.c **** /* Clock startup error codes                                                   */
  98:C:\Program Files (x86)\Cypress\PSoC Creator\4.4\PSoC Creator\1\CapSense_CSD_P4_Design01.cydsn\Generated_Source\PSoC4\cyfitter_cfg.c **** #define CYCLOCKSTART_NO_ERROR    0u
  99:C:\Program Files (x86)\Cypress\PSoC Creator\4.4\PSoC Creator\1\CapSense_CSD_P4_Design01.cydsn\Generated_Source\PSoC4\cyfitter_cfg.c **** #define CYCLOCKSTART_XTAL_ERROR  1u
 100:C:\Program Files (x86)\Cypress\PSoC Creator\4.4\PSoC Creator\1\CapSense_CSD_P4_Design01.cydsn\Generated_Source\PSoC4\cyfitter_cfg.c **** #define CYCLOCKSTART_32KHZ_ERROR 2u
 101:C:\Program Files (x86)\Cypress\PSoC Creator\4.4\PSoC Creator\1\CapSense_CSD_P4_Design01.cydsn\Generated_Source\PSoC4\cyfitter_cfg.c **** #define CYCLOCKSTART_PLL_ERROR   3u
 102:C:\Program Files (x86)\Cypress\PSoC Creator\4.4\PSoC Creator\1\CapSense_CSD_P4_Design01.cydsn\Generated_Source\PSoC4\cyfitter_cfg.c **** #define CYCLOCKSTART_FLL_ERROR   4u
 103:C:\Program Files (x86)\Cypress\PSoC Creator\4.4\PSoC Creator\1\CapSense_CSD_P4_Design01.cydsn\Generated_Source\PSoC4\cyfitter_cfg.c **** #define CYCLOCKSTART_WCO_ERROR   5u
 104:C:\Program Files (x86)\Cypress\PSoC Creator\4.4\PSoC Creator\1\CapSense_CSD_P4_Design01.cydsn\Generated_Source\PSoC4\cyfitter_cfg.c **** 
 105:C:\Program Files (x86)\Cypress\PSoC Creator\4.4\PSoC Creator\1\CapSense_CSD_P4_Design01.cydsn\Generated_Source\PSoC4\cyfitter_cfg.c **** 
 106:C:\Program Files (x86)\Cypress\PSoC Creator\4.4\PSoC Creator\1\CapSense_CSD_P4_Design01.cydsn\Generated_Source\PSoC4\cyfitter_cfg.c **** #ifdef CY_NEED_CYCLOCKSTARTUPERROR
 107:C:\Program Files (x86)\Cypress\PSoC Creator\4.4\PSoC Creator\1\CapSense_CSD_P4_Design01.cydsn\Generated_Source\PSoC4\cyfitter_cfg.c **** /*******************************************************************************
 108:C:\Program Files (x86)\Cypress\PSoC Creator\4.4\PSoC Creator\1\CapSense_CSD_P4_Design01.cydsn\Generated_Source\PSoC4\cyfitter_cfg.c **** * Function Name: CyClockStartupError
 109:C:\Program Files (x86)\Cypress\PSoC Creator\4.4\PSoC Creator\1\CapSense_CSD_P4_Design01.cydsn\Generated_Source\PSoC4\cyfitter_cfg.c **** ********************************************************************************
 110:C:\Program Files (x86)\Cypress\PSoC Creator\4.4\PSoC Creator\1\CapSense_CSD_P4_Design01.cydsn\Generated_Source\PSoC4\cyfitter_cfg.c **** * Summary:
 111:C:\Program Files (x86)\Cypress\PSoC Creator\4.4\PSoC Creator\1\CapSense_CSD_P4_Design01.cydsn\Generated_Source\PSoC4\cyfitter_cfg.c **** *  If an error is encountered during clock configuration (crystal startup error,
 112:C:\Program Files (x86)\Cypress\PSoC Creator\4.4\PSoC Creator\1\CapSense_CSD_P4_Design01.cydsn\Generated_Source\PSoC4\cyfitter_cfg.c **** *  PLL lock error, etc.), the system will end up here.  Unless reimplemented by
 113:C:\Program Files (x86)\Cypress\PSoC Creator\4.4\PSoC Creator\1\CapSense_CSD_P4_Design01.cydsn\Generated_Source\PSoC4\cyfitter_cfg.c **** *  the customer, this function will stop in an infinite loop.
 114:C:\Program Files (x86)\Cypress\PSoC Creator\4.4\PSoC Creator\1\CapSense_CSD_P4_Design01.cydsn\Generated_Source\PSoC4\cyfitter_cfg.c **** *
 115:C:\Program Files (x86)\Cypress\PSoC Creator\4.4\PSoC Creator\1\CapSense_CSD_P4_Design01.cydsn\Generated_Source\PSoC4\cyfitter_cfg.c **** * Parameters:
 116:C:\Program Files (x86)\Cypress\PSoC Creator\4.4\PSoC Creator\1\CapSense_CSD_P4_Design01.cydsn\Generated_Source\PSoC4\cyfitter_cfg.c **** *   void
 117:C:\Program Files (x86)\Cypress\PSoC Creator\4.4\PSoC Creator\1\CapSense_CSD_P4_Design01.cydsn\Generated_Source\PSoC4\cyfitter_cfg.c **** *
 118:C:\Program Files (x86)\Cypress\PSoC Creator\4.4\PSoC Creator\1\CapSense_CSD_P4_Design01.cydsn\Generated_Source\PSoC4\cyfitter_cfg.c **** * Return:
 119:C:\Program Files (x86)\Cypress\PSoC Creator\4.4\PSoC Creator\1\CapSense_CSD_P4_Design01.cydsn\Generated_Source\PSoC4\cyfitter_cfg.c **** *   void
 120:C:\Program Files (x86)\Cypress\PSoC Creator\4.4\PSoC Creator\1\CapSense_CSD_P4_Design01.cydsn\Generated_Source\PSoC4\cyfitter_cfg.c **** *
 121:C:\Program Files (x86)\Cypress\PSoC Creator\4.4\PSoC Creator\1\CapSense_CSD_P4_Design01.cydsn\Generated_Source\PSoC4\cyfitter_cfg.c **** *******************************************************************************/
 122:C:\Program Files (x86)\Cypress\PSoC Creator\4.4\PSoC Creator\1\CapSense_CSD_P4_Design01.cydsn\Generated_Source\PSoC4\cyfitter_cfg.c **** CY_CFG_UNUSED
 123:C:\Program Files (x86)\Cypress\PSoC Creator\4.4\PSoC Creator\1\CapSense_CSD_P4_Design01.cydsn\Generated_Source\PSoC4\cyfitter_cfg.c **** static void CyClockStartupError(uint8 errorCode);
 124:C:\Program Files (x86)\Cypress\PSoC Creator\4.4\PSoC Creator\1\CapSense_CSD_P4_Design01.cydsn\Generated_Source\PSoC4\cyfitter_cfg.c **** CY_CFG_UNUSED
 125:C:\Program Files (x86)\Cypress\PSoC Creator\4.4\PSoC Creator\1\CapSense_CSD_P4_Design01.cydsn\Generated_Source\PSoC4\cyfitter_cfg.c **** static void CyClockStartupError(uint8 errorCode)
 126:C:\Program Files (x86)\Cypress\PSoC Creator\4.4\PSoC Creator\1\CapSense_CSD_P4_Design01.cydsn\Generated_Source\PSoC4\cyfitter_cfg.c **** {
 127:C:\Program Files (x86)\Cypress\PSoC Creator\4.4\PSoC Creator\1\CapSense_CSD_P4_Design01.cydsn\Generated_Source\PSoC4\cyfitter_cfg.c ****     /* To remove the compiler warning if errorCode not used.                */
 128:C:\Program Files (x86)\Cypress\PSoC Creator\4.4\PSoC Creator\1\CapSense_CSD_P4_Design01.cydsn\Generated_Source\PSoC4\cyfitter_cfg.c ****     errorCode = errorCode;
 129:C:\Program Files (x86)\Cypress\PSoC Creator\4.4\PSoC Creator\1\CapSense_CSD_P4_Design01.cydsn\Generated_Source\PSoC4\cyfitter_cfg.c **** 
 130:C:\Program Files (x86)\Cypress\PSoC Creator\4.4\PSoC Creator\1\CapSense_CSD_P4_Design01.cydsn\Generated_Source\PSoC4\cyfitter_cfg.c ****     /* If we have a clock startup error (bad MHz crystal, PLL lock, etc.),  */
 131:C:\Program Files (x86)\Cypress\PSoC Creator\4.4\PSoC Creator\1\CapSense_CSD_P4_Design01.cydsn\Generated_Source\PSoC4\cyfitter_cfg.c ****     /* we will end up here to allow the customer to implement something to  */
 132:C:\Program Files (x86)\Cypress\PSoC Creator\4.4\PSoC Creator\1\CapSense_CSD_P4_Design01.cydsn\Generated_Source\PSoC4\cyfitter_cfg.c ****     /* deal with the clock condition.                                       */
 133:C:\Program Files (x86)\Cypress\PSoC Creator\4.4\PSoC Creator\1\CapSense_CSD_P4_Design01.cydsn\Generated_Source\PSoC4\cyfitter_cfg.c **** 
 134:C:\Program Files (x86)\Cypress\PSoC Creator\4.4\PSoC Creator\1\CapSense_CSD_P4_Design01.cydsn\Generated_Source\PSoC4\cyfitter_cfg.c **** #ifdef CY_CFG_CLOCK_STARTUP_ERROR_CALLBACK
 135:C:\Program Files (x86)\Cypress\PSoC Creator\4.4\PSoC Creator\1\CapSense_CSD_P4_Design01.cydsn\Generated_Source\PSoC4\cyfitter_cfg.c ****     CY_CFG_Clock_Startup_ErrorCallback();
 136:C:\Program Files (x86)\Cypress\PSoC Creator\4.4\PSoC Creator\1\CapSense_CSD_P4_Design01.cydsn\Generated_Source\PSoC4\cyfitter_cfg.c **** #else
 137:C:\Program Files (x86)\Cypress\PSoC Creator\4.4\PSoC Creator\1\CapSense_CSD_P4_Design01.cydsn\Generated_Source\PSoC4\cyfitter_cfg.c ****     /*  If not using CY_CFG_CLOCK_STARTUP_ERROR_CALLBACK, place your clock startup code here. */
 138:C:\Program Files (x86)\Cypress\PSoC Creator\4.4\PSoC Creator\1\CapSense_CSD_P4_Design01.cydsn\Generated_Source\PSoC4\cyfitter_cfg.c ****     /* `#START CyClockStartupError` */
 139:C:\Program Files (x86)\Cypress\PSoC Creator\4.4\PSoC Creator\1\CapSense_CSD_P4_Design01.cydsn\Generated_Source\PSoC4\cyfitter_cfg.c **** 
 140:C:\Program Files (x86)\Cypress\PSoC Creator\4.4\PSoC Creator\1\CapSense_CSD_P4_Design01.cydsn\Generated_Source\PSoC4\cyfitter_cfg.c **** 
 141:C:\Program Files (x86)\Cypress\PSoC Creator\4.4\PSoC Creator\1\CapSense_CSD_P4_Design01.cydsn\Generated_Source\PSoC4\cyfitter_cfg.c **** 
 142:C:\Program Files (x86)\Cypress\PSoC Creator\4.4\PSoC Creator\1\CapSense_CSD_P4_Design01.cydsn\Generated_Source\PSoC4\cyfitter_cfg.c ****     /* `#END` */
 143:C:\Program Files (x86)\Cypress\PSoC Creator\4.4\PSoC Creator\1\CapSense_CSD_P4_Design01.cydsn\Generated_Source\PSoC4\cyfitter_cfg.c **** 
 144:C:\Program Files (x86)\Cypress\PSoC Creator\4.4\PSoC Creator\1\CapSense_CSD_P4_Design01.cydsn\Generated_Source\PSoC4\cyfitter_cfg.c ****     while(1) {}
 145:C:\Program Files (x86)\Cypress\PSoC Creator\4.4\PSoC Creator\1\CapSense_CSD_P4_Design01.cydsn\Generated_Source\PSoC4\cyfitter_cfg.c **** #endif /* CY_CFG_CLOCK_STARTUP_ERROR_CALLBACK */
 146:C:\Program Files (x86)\Cypress\PSoC Creator\4.4\PSoC Creator\1\CapSense_CSD_P4_Design01.cydsn\Generated_Source\PSoC4\cyfitter_cfg.c **** }
 147:C:\Program Files (x86)\Cypress\PSoC Creator\4.4\PSoC Creator\1\CapSense_CSD_P4_Design01.cydsn\Generated_Source\PSoC4\cyfitter_cfg.c **** #endif
 148:C:\Program Files (x86)\Cypress\PSoC Creator\4.4\PSoC Creator\1\CapSense_CSD_P4_Design01.cydsn\Generated_Source\PSoC4\cyfitter_cfg.c **** 
 149:C:\Program Files (x86)\Cypress\PSoC Creator\4.4\PSoC Creator\1\CapSense_CSD_P4_Design01.cydsn\Generated_Source\PSoC4\cyfitter_cfg.c **** #define CY_CFG_BASE_ADDR_COUNT 7u
ARM GAS  C:\Users\taips\AppData\Local\Temp\cc1EP6RD.s 			page 6


 150:C:\Program Files (x86)\Cypress\PSoC Creator\4.4\PSoC Creator\1\CapSense_CSD_P4_Design01.cydsn\Generated_Source\PSoC4\cyfitter_cfg.c **** CYPACKED typedef struct
 151:C:\Program Files (x86)\Cypress\PSoC Creator\4.4\PSoC Creator\1\CapSense_CSD_P4_Design01.cydsn\Generated_Source\PSoC4\cyfitter_cfg.c **** {
 152:C:\Program Files (x86)\Cypress\PSoC Creator\4.4\PSoC Creator\1\CapSense_CSD_P4_Design01.cydsn\Generated_Source\PSoC4\cyfitter_cfg.c **** 	uint8 offset;
 153:C:\Program Files (x86)\Cypress\PSoC Creator\4.4\PSoC Creator\1\CapSense_CSD_P4_Design01.cydsn\Generated_Source\PSoC4\cyfitter_cfg.c **** 	uint8 value;
 154:C:\Program Files (x86)\Cypress\PSoC Creator\4.4\PSoC Creator\1\CapSense_CSD_P4_Design01.cydsn\Generated_Source\PSoC4\cyfitter_cfg.c **** } CYPACKED_ATTR cy_cfg_addrvalue_t;
 155:C:\Program Files (x86)\Cypress\PSoC Creator\4.4\PSoC Creator\1\CapSense_CSD_P4_Design01.cydsn\Generated_Source\PSoC4\cyfitter_cfg.c **** 
 156:C:\Program Files (x86)\Cypress\PSoC Creator\4.4\PSoC Creator\1\CapSense_CSD_P4_Design01.cydsn\Generated_Source\PSoC4\cyfitter_cfg.c **** 
 157:C:\Program Files (x86)\Cypress\PSoC Creator\4.4\PSoC Creator\1\CapSense_CSD_P4_Design01.cydsn\Generated_Source\PSoC4\cyfitter_cfg.c **** 
 158:C:\Program Files (x86)\Cypress\PSoC Creator\4.4\PSoC Creator\1\CapSense_CSD_P4_Design01.cydsn\Generated_Source\PSoC4\cyfitter_cfg.c **** /*******************************************************************************
 159:C:\Program Files (x86)\Cypress\PSoC Creator\4.4\PSoC Creator\1\CapSense_CSD_P4_Design01.cydsn\Generated_Source\PSoC4\cyfitter_cfg.c **** * Function Name: cfg_write_bytes32
 160:C:\Program Files (x86)\Cypress\PSoC Creator\4.4\PSoC Creator\1\CapSense_CSD_P4_Design01.cydsn\Generated_Source\PSoC4\cyfitter_cfg.c **** ********************************************************************************
 161:C:\Program Files (x86)\Cypress\PSoC Creator\4.4\PSoC Creator\1\CapSense_CSD_P4_Design01.cydsn\Generated_Source\PSoC4\cyfitter_cfg.c **** * Summary:
 162:C:\Program Files (x86)\Cypress\PSoC Creator\4.4\PSoC Creator\1\CapSense_CSD_P4_Design01.cydsn\Generated_Source\PSoC4\cyfitter_cfg.c **** *  This function is used for setting up the chip configuration areas that
 163:C:\Program Files (x86)\Cypress\PSoC Creator\4.4\PSoC Creator\1\CapSense_CSD_P4_Design01.cydsn\Generated_Source\PSoC4\cyfitter_cfg.c **** *  contain relatively sparse data.
 164:C:\Program Files (x86)\Cypress\PSoC Creator\4.4\PSoC Creator\1\CapSense_CSD_P4_Design01.cydsn\Generated_Source\PSoC4\cyfitter_cfg.c **** *
 165:C:\Program Files (x86)\Cypress\PSoC Creator\4.4\PSoC Creator\1\CapSense_CSD_P4_Design01.cydsn\Generated_Source\PSoC4\cyfitter_cfg.c **** * Parameters:
 166:C:\Program Files (x86)\Cypress\PSoC Creator\4.4\PSoC Creator\1\CapSense_CSD_P4_Design01.cydsn\Generated_Source\PSoC4\cyfitter_cfg.c **** *   void
 167:C:\Program Files (x86)\Cypress\PSoC Creator\4.4\PSoC Creator\1\CapSense_CSD_P4_Design01.cydsn\Generated_Source\PSoC4\cyfitter_cfg.c **** *
 168:C:\Program Files (x86)\Cypress\PSoC Creator\4.4\PSoC Creator\1\CapSense_CSD_P4_Design01.cydsn\Generated_Source\PSoC4\cyfitter_cfg.c **** * Return:
 169:C:\Program Files (x86)\Cypress\PSoC Creator\4.4\PSoC Creator\1\CapSense_CSD_P4_Design01.cydsn\Generated_Source\PSoC4\cyfitter_cfg.c **** *   void
 170:C:\Program Files (x86)\Cypress\PSoC Creator\4.4\PSoC Creator\1\CapSense_CSD_P4_Design01.cydsn\Generated_Source\PSoC4\cyfitter_cfg.c **** *
 171:C:\Program Files (x86)\Cypress\PSoC Creator\4.4\PSoC Creator\1\CapSense_CSD_P4_Design01.cydsn\Generated_Source\PSoC4\cyfitter_cfg.c **** *******************************************************************************/
 172:C:\Program Files (x86)\Cypress\PSoC Creator\4.4\PSoC Creator\1\CapSense_CSD_P4_Design01.cydsn\Generated_Source\PSoC4\cyfitter_cfg.c **** static void cfg_write_bytes32(const uint32 addr_table[], const cy_cfg_addrvalue_t data_table[]);
 173:C:\Program Files (x86)\Cypress\PSoC Creator\4.4\PSoC Creator\1\CapSense_CSD_P4_Design01.cydsn\Generated_Source\PSoC4\cyfitter_cfg.c **** static void cfg_write_bytes32(const uint32 addr_table[], const cy_cfg_addrvalue_t data_table[])
 174:C:\Program Files (x86)\Cypress\PSoC Creator\4.4\PSoC Creator\1\CapSense_CSD_P4_Design01.cydsn\Generated_Source\PSoC4\cyfitter_cfg.c **** {
 137              		.loc 1 174 0
 138              		.cfi_startproc
 139              		@ args = 0, pretend = 0, frame = 24
 140              		@ frame_needed = 1, uses_anonymous_args = 0
 141 0000 80B5     		push	{r7, lr}
 142              		.cfi_def_cfa_offset 8
 143              		.cfi_offset 7, -8
 144              		.cfi_offset 14, -4
 145 0002 86B0     		sub	sp, sp, #24
 146              		.cfi_def_cfa_offset 32
 147 0004 00AF     		add	r7, sp, #0
 148              		.cfi_def_cfa_register 7
 149 0006 7860     		str	r0, [r7, #4]
 150 0008 3960     		str	r1, [r7]
 175:C:\Program Files (x86)\Cypress\PSoC Creator\4.4\PSoC Creator\1\CapSense_CSD_P4_Design01.cydsn\Generated_Source\PSoC4\cyfitter_cfg.c **** 	/* For 32-bit little-endian architectures */
 176:C:\Program Files (x86)\Cypress\PSoC Creator\4.4\PSoC Creator\1\CapSense_CSD_P4_Design01.cydsn\Generated_Source\PSoC4\cyfitter_cfg.c **** 	uint32 i, j = 0u;
 151              		.loc 1 176 0
 152 000a 0023     		movs	r3, #0
 153 000c 3B61     		str	r3, [r7, #16]
 177:C:\Program Files (x86)\Cypress\PSoC Creator\4.4\PSoC Creator\1\CapSense_CSD_P4_Design01.cydsn\Generated_Source\PSoC4\cyfitter_cfg.c **** 	for (i = 0u; i < CY_CFG_BASE_ADDR_COUNT; i++)
 154              		.loc 1 177 0
 155 000e 0023     		movs	r3, #0
 156 0010 7B61     		str	r3, [r7, #20]
 157 0012 2FE0     		b	.L5
 158              	.L8:
 159              	.LBB2:
 178:C:\Program Files (x86)\Cypress\PSoC Creator\4.4\PSoC Creator\1\CapSense_CSD_P4_Design01.cydsn\Generated_Source\PSoC4\cyfitter_cfg.c **** 	{
 179:C:\Program Files (x86)\Cypress\PSoC Creator\4.4\PSoC Creator\1\CapSense_CSD_P4_Design01.cydsn\Generated_Source\PSoC4\cyfitter_cfg.c **** 		uint32 baseAddr = addr_table[i];
 160              		.loc 1 179 0
 161 0014 7B69     		ldr	r3, [r7, #20]
 162 0016 9B00     		lsls	r3, r3, #2
 163 0018 7A68     		ldr	r2, [r7, #4]
ARM GAS  C:\Users\taips\AppData\Local\Temp\cc1EP6RD.s 			page 7


 164 001a D318     		adds	r3, r2, r3
 165 001c 1B68     		ldr	r3, [r3]
 166 001e BB60     		str	r3, [r7, #8]
 180:C:\Program Files (x86)\Cypress\PSoC Creator\4.4\PSoC Creator\1\CapSense_CSD_P4_Design01.cydsn\Generated_Source\PSoC4\cyfitter_cfg.c **** 		uint8 count = (uint8)baseAddr;
 167              		.loc 1 180 0
 168 0020 0F23     		movs	r3, #15
 169 0022 FB18     		adds	r3, r7, r3
 170 0024 BA68     		ldr	r2, [r7, #8]
 171 0026 1A70     		strb	r2, [r3]
 181:C:\Program Files (x86)\Cypress\PSoC Creator\4.4\PSoC Creator\1\CapSense_CSD_P4_Design01.cydsn\Generated_Source\PSoC4\cyfitter_cfg.c **** 		baseAddr &= 0xFFFFFF00u;
 172              		.loc 1 181 0
 173 0028 BB68     		ldr	r3, [r7, #8]
 174 002a FF22     		movs	r2, #255
 175 002c 9343     		bics	r3, r2
 176 002e BB60     		str	r3, [r7, #8]
 182:C:\Program Files (x86)\Cypress\PSoC Creator\4.4\PSoC Creator\1\CapSense_CSD_P4_Design01.cydsn\Generated_Source\PSoC4\cyfitter_cfg.c **** 		while (count != 0u)
 177              		.loc 1 182 0
 178 0030 18E0     		b	.L6
 179              	.L7:
 183:C:\Program Files (x86)\Cypress\PSoC Creator\4.4\PSoC Creator\1\CapSense_CSD_P4_Design01.cydsn\Generated_Source\PSoC4\cyfitter_cfg.c **** 		{
 184:C:\Program Files (x86)\Cypress\PSoC Creator\4.4\PSoC Creator\1\CapSense_CSD_P4_Design01.cydsn\Generated_Source\PSoC4\cyfitter_cfg.c **** 			CY_SET_REG8((void *)(baseAddr + data_table[j].offset), data_table[j].value);
 180              		.loc 1 184 0
 181 0032 3B69     		ldr	r3, [r7, #16]
 182 0034 5B00     		lsls	r3, r3, #1
 183 0036 3A68     		ldr	r2, [r7]
 184 0038 D318     		adds	r3, r2, r3
 185 003a 1B78     		ldrb	r3, [r3]
 186 003c 1A00     		movs	r2, r3
 187 003e BB68     		ldr	r3, [r7, #8]
 188 0040 D318     		adds	r3, r2, r3
 189 0042 1900     		movs	r1, r3
 190 0044 3B69     		ldr	r3, [r7, #16]
 191 0046 5B00     		lsls	r3, r3, #1
 192 0048 3A68     		ldr	r2, [r7]
 193 004a D318     		adds	r3, r2, r3
 194 004c 5B78     		ldrb	r3, [r3, #1]
 195 004e 0B70     		strb	r3, [r1]
 185:C:\Program Files (x86)\Cypress\PSoC Creator\4.4\PSoC Creator\1\CapSense_CSD_P4_Design01.cydsn\Generated_Source\PSoC4\cyfitter_cfg.c **** 			j++;
 196              		.loc 1 185 0
 197 0050 3B69     		ldr	r3, [r7, #16]
 198 0052 0133     		adds	r3, r3, #1
 199 0054 3B61     		str	r3, [r7, #16]
 186:C:\Program Files (x86)\Cypress\PSoC Creator\4.4\PSoC Creator\1\CapSense_CSD_P4_Design01.cydsn\Generated_Source\PSoC4\cyfitter_cfg.c **** 			count--;
 200              		.loc 1 186 0
 201 0056 0F23     		movs	r3, #15
 202 0058 FB18     		adds	r3, r7, r3
 203 005a 1A78     		ldrb	r2, [r3]
 204 005c 0F23     		movs	r3, #15
 205 005e FB18     		adds	r3, r7, r3
 206 0060 013A     		subs	r2, r2, #1
 207 0062 1A70     		strb	r2, [r3]
 208              	.L6:
 182:C:\Program Files (x86)\Cypress\PSoC Creator\4.4\PSoC Creator\1\CapSense_CSD_P4_Design01.cydsn\Generated_Source\PSoC4\cyfitter_cfg.c **** 		{
 209              		.loc 1 182 0
 210 0064 0F23     		movs	r3, #15
 211 0066 FB18     		adds	r3, r7, r3
 212 0068 1B78     		ldrb	r3, [r3]
ARM GAS  C:\Users\taips\AppData\Local\Temp\cc1EP6RD.s 			page 8


 213 006a 002B     		cmp	r3, #0
 214 006c E1D1     		bne	.L7
 215              	.LBE2:
 177:C:\Program Files (x86)\Cypress\PSoC Creator\4.4\PSoC Creator\1\CapSense_CSD_P4_Design01.cydsn\Generated_Source\PSoC4\cyfitter_cfg.c **** 	{
 216              		.loc 1 177 0 discriminator 2
 217 006e 7B69     		ldr	r3, [r7, #20]
 218 0070 0133     		adds	r3, r3, #1
 219 0072 7B61     		str	r3, [r7, #20]
 220              	.L5:
 177:C:\Program Files (x86)\Cypress\PSoC Creator\4.4\PSoC Creator\1\CapSense_CSD_P4_Design01.cydsn\Generated_Source\PSoC4\cyfitter_cfg.c **** 	{
 221              		.loc 1 177 0 is_stmt 0 discriminator 1
 222 0074 7B69     		ldr	r3, [r7, #20]
 223 0076 062B     		cmp	r3, #6
 224 0078 CCD9     		bls	.L8
 187:C:\Program Files (x86)\Cypress\PSoC Creator\4.4\PSoC Creator\1\CapSense_CSD_P4_Design01.cydsn\Generated_Source\PSoC4\cyfitter_cfg.c **** 		}
 188:C:\Program Files (x86)\Cypress\PSoC Creator\4.4\PSoC Creator\1\CapSense_CSD_P4_Design01.cydsn\Generated_Source\PSoC4\cyfitter_cfg.c **** 	}
 189:C:\Program Files (x86)\Cypress\PSoC Creator\4.4\PSoC Creator\1\CapSense_CSD_P4_Design01.cydsn\Generated_Source\PSoC4\cyfitter_cfg.c **** }
 225              		.loc 1 189 0 is_stmt 1
 226 007a C046     		nop
 227 007c BD46     		mov	sp, r7
 228 007e 06B0     		add	sp, sp, #24
 229              		@ sp needed
 230 0080 80BD     		pop	{r7, pc}
 231              		.cfi_endproc
 232              	.LFE3:
 233              		.size	cfg_write_bytes32, .-cfg_write_bytes32
 234 0082 C046     		.section	.psocinit,"ax",%progbits
 235              		.align	2
 236              		.code	16
 237              		.thumb_func
 238              		.type	ClockSetup, %function
 239              	ClockSetup:
 240              	.LFB4:
 190:C:\Program Files (x86)\Cypress\PSoC Creator\4.4\PSoC Creator\1\CapSense_CSD_P4_Design01.cydsn\Generated_Source\PSoC4\cyfitter_cfg.c **** 
 191:C:\Program Files (x86)\Cypress\PSoC Creator\4.4\PSoC Creator\1\CapSense_CSD_P4_Design01.cydsn\Generated_Source\PSoC4\cyfitter_cfg.c **** 
 192:C:\Program Files (x86)\Cypress\PSoC Creator\4.4\PSoC Creator\1\CapSense_CSD_P4_Design01.cydsn\Generated_Source\PSoC4\cyfitter_cfg.c **** /*******************************************************************************
 193:C:\Program Files (x86)\Cypress\PSoC Creator\4.4\PSoC Creator\1\CapSense_CSD_P4_Design01.cydsn\Generated_Source\PSoC4\cyfitter_cfg.c **** * Function Name: ClockSetup
 194:C:\Program Files (x86)\Cypress\PSoC Creator\4.4\PSoC Creator\1\CapSense_CSD_P4_Design01.cydsn\Generated_Source\PSoC4\cyfitter_cfg.c **** ********************************************************************************
 195:C:\Program Files (x86)\Cypress\PSoC Creator\4.4\PSoC Creator\1\CapSense_CSD_P4_Design01.cydsn\Generated_Source\PSoC4\cyfitter_cfg.c **** *
 196:C:\Program Files (x86)\Cypress\PSoC Creator\4.4\PSoC Creator\1\CapSense_CSD_P4_Design01.cydsn\Generated_Source\PSoC4\cyfitter_cfg.c **** * Summary:
 197:C:\Program Files (x86)\Cypress\PSoC Creator\4.4\PSoC Creator\1\CapSense_CSD_P4_Design01.cydsn\Generated_Source\PSoC4\cyfitter_cfg.c **** *   Performs the initialization of all of the clocks in the device based on the
 198:C:\Program Files (x86)\Cypress\PSoC Creator\4.4\PSoC Creator\1\CapSense_CSD_P4_Design01.cydsn\Generated_Source\PSoC4\cyfitter_cfg.c **** *   settings in the Clock tab of the DWR.  This includes enabling the requested
 199:C:\Program Files (x86)\Cypress\PSoC Creator\4.4\PSoC Creator\1\CapSense_CSD_P4_Design01.cydsn\Generated_Source\PSoC4\cyfitter_cfg.c **** *   clocks and setting the necessary dividers to produce the desired frequency. 
 200:C:\Program Files (x86)\Cypress\PSoC Creator\4.4\PSoC Creator\1\CapSense_CSD_P4_Design01.cydsn\Generated_Source\PSoC4\cyfitter_cfg.c **** *
 201:C:\Program Files (x86)\Cypress\PSoC Creator\4.4\PSoC Creator\1\CapSense_CSD_P4_Design01.cydsn\Generated_Source\PSoC4\cyfitter_cfg.c **** * Parameters:
 202:C:\Program Files (x86)\Cypress\PSoC Creator\4.4\PSoC Creator\1\CapSense_CSD_P4_Design01.cydsn\Generated_Source\PSoC4\cyfitter_cfg.c **** *   void
 203:C:\Program Files (x86)\Cypress\PSoC Creator\4.4\PSoC Creator\1\CapSense_CSD_P4_Design01.cydsn\Generated_Source\PSoC4\cyfitter_cfg.c **** *
 204:C:\Program Files (x86)\Cypress\PSoC Creator\4.4\PSoC Creator\1\CapSense_CSD_P4_Design01.cydsn\Generated_Source\PSoC4\cyfitter_cfg.c **** * Return:
 205:C:\Program Files (x86)\Cypress\PSoC Creator\4.4\PSoC Creator\1\CapSense_CSD_P4_Design01.cydsn\Generated_Source\PSoC4\cyfitter_cfg.c **** *   void
 206:C:\Program Files (x86)\Cypress\PSoC Creator\4.4\PSoC Creator\1\CapSense_CSD_P4_Design01.cydsn\Generated_Source\PSoC4\cyfitter_cfg.c **** *
 207:C:\Program Files (x86)\Cypress\PSoC Creator\4.4\PSoC Creator\1\CapSense_CSD_P4_Design01.cydsn\Generated_Source\PSoC4\cyfitter_cfg.c **** *******************************************************************************/
 208:C:\Program Files (x86)\Cypress\PSoC Creator\4.4\PSoC Creator\1\CapSense_CSD_P4_Design01.cydsn\Generated_Source\PSoC4\cyfitter_cfg.c **** static void ClockSetup(void);
 209:C:\Program Files (x86)\Cypress\PSoC Creator\4.4\PSoC Creator\1\CapSense_CSD_P4_Design01.cydsn\Generated_Source\PSoC4\cyfitter_cfg.c **** CY_CFG_SECTION
 210:C:\Program Files (x86)\Cypress\PSoC Creator\4.4\PSoC Creator\1\CapSense_CSD_P4_Design01.cydsn\Generated_Source\PSoC4\cyfitter_cfg.c **** static void ClockSetup(void)
 211:C:\Program Files (x86)\Cypress\PSoC Creator\4.4\PSoC Creator\1\CapSense_CSD_P4_Design01.cydsn\Generated_Source\PSoC4\cyfitter_cfg.c **** {
 241              		.loc 1 211 0
 242              		.cfi_startproc
ARM GAS  C:\Users\taips\AppData\Local\Temp\cc1EP6RD.s 			page 9


 243              		@ args = 0, pretend = 0, frame = 0
 244              		@ frame_needed = 1, uses_anonymous_args = 0
 245 0000 80B5     		push	{r7, lr}
 246              		.cfi_def_cfa_offset 8
 247              		.cfi_offset 7, -8
 248              		.cfi_offset 14, -4
 249 0002 00AF     		add	r7, sp, #0
 250              		.cfi_def_cfa_register 7
 212:C:\Program Files (x86)\Cypress\PSoC Creator\4.4\PSoC Creator\1\CapSense_CSD_P4_Design01.cydsn\Generated_Source\PSoC4\cyfitter_cfg.c **** 	/* Enable HALF_EN before trimming for the flash accelerator. */
 213:C:\Program Files (x86)\Cypress\PSoC Creator\4.4\PSoC Creator\1\CapSense_CSD_P4_Design01.cydsn\Generated_Source\PSoC4\cyfitter_cfg.c **** 	CY_SET_REG32((void CYXDATA *)(CYREG_CLK_SELECT), (CY_GET_REG32((void *)CYREG_CLK_SELECT) | 0x00040
 251              		.loc 1 213 0
 252 0004 184B     		ldr	r3, .L10
 253 0006 184A     		ldr	r2, .L10
 254 0008 1268     		ldr	r2, [r2]
 255 000a 8021     		movs	r1, #128
 256 000c C902     		lsls	r1, r1, #11
 257 000e 0A43     		orrs	r2, r1
 258 0010 1A60     		str	r2, [r3]
 214:C:\Program Files (x86)\Cypress\PSoC Creator\4.4\PSoC Creator\1\CapSense_CSD_P4_Design01.cydsn\Generated_Source\PSoC4\cyfitter_cfg.c **** 
 215:C:\Program Files (x86)\Cypress\PSoC Creator\4.4\PSoC Creator\1\CapSense_CSD_P4_Design01.cydsn\Generated_Source\PSoC4\cyfitter_cfg.c **** 	/* Setup and trim IMO based on desired frequency. */
 216:C:\Program Files (x86)\Cypress\PSoC Creator\4.4\PSoC Creator\1\CapSense_CSD_P4_Design01.cydsn\Generated_Source\PSoC4\cyfitter_cfg.c **** 	CySysClkWriteImoFreq(24u);
 259              		.loc 1 216 0
 260 0012 1820     		movs	r0, #24
 261 0014 FFF7FEFF 		bl	CySysClkWriteImoFreq
 217:C:\Program Files (x86)\Cypress\PSoC Creator\4.4\PSoC Creator\1\CapSense_CSD_P4_Design01.cydsn\Generated_Source\PSoC4\cyfitter_cfg.c **** 
 218:C:\Program Files (x86)\Cypress\PSoC Creator\4.4\PSoC Creator\1\CapSense_CSD_P4_Design01.cydsn\Generated_Source\PSoC4\cyfitter_cfg.c **** 	/* Disable HALF_EN since it is not required at this IMO frequency. */
 219:C:\Program Files (x86)\Cypress\PSoC Creator\4.4\PSoC Creator\1\CapSense_CSD_P4_Design01.cydsn\Generated_Source\PSoC4\cyfitter_cfg.c **** 	CY_SET_REG32((void CYXDATA *)(CYREG_CLK_SELECT), (CY_GET_REG32((void *)CYREG_CLK_SELECT) & 0xFFFBF
 262              		.loc 1 219 0
 263 0018 134B     		ldr	r3, .L10
 264 001a 134A     		ldr	r2, .L10
 265 001c 1268     		ldr	r2, [r2]
 266 001e 1349     		ldr	r1, .L10+4
 267 0020 0A40     		ands	r2, r1
 268 0022 1A60     		str	r2, [r3]
 220:C:\Program Files (x86)\Cypress\PSoC Creator\4.4\PSoC Creator\1\CapSense_CSD_P4_Design01.cydsn\Generated_Source\PSoC4\cyfitter_cfg.c **** 	/* CYDEV_CLK_ILO_CONFIG Starting address: CYDEV_CLK_ILO_CONFIG */
 221:C:\Program Files (x86)\Cypress\PSoC Creator\4.4\PSoC Creator\1\CapSense_CSD_P4_Design01.cydsn\Generated_Source\PSoC4\cyfitter_cfg.c **** 	CY_SET_REG32((void *)(CYREG_CLK_ILO_CONFIG), 0x80000006u);
 269              		.loc 1 221 0
 270 0024 124B     		ldr	r3, .L10+8
 271 0026 134A     		ldr	r2, .L10+12
 272 0028 1A60     		str	r2, [r3]
 222:C:\Program Files (x86)\Cypress\PSoC Creator\4.4\PSoC Creator\1\CapSense_CSD_P4_Design01.cydsn\Generated_Source\PSoC4\cyfitter_cfg.c **** 
 223:C:\Program Files (x86)\Cypress\PSoC Creator\4.4\PSoC Creator\1\CapSense_CSD_P4_Design01.cydsn\Generated_Source\PSoC4\cyfitter_cfg.c **** 
 224:C:\Program Files (x86)\Cypress\PSoC Creator\4.4\PSoC Creator\1\CapSense_CSD_P4_Design01.cydsn\Generated_Source\PSoC4\cyfitter_cfg.c **** 	/* CYDEV_CLK_SELECT00 Starting address: CYDEV_CLK_SELECT00 */
 225:C:\Program Files (x86)\Cypress\PSoC Creator\4.4\PSoC Creator\1\CapSense_CSD_P4_Design01.cydsn\Generated_Source\PSoC4\cyfitter_cfg.c **** 	CY_SET_REG32((void *)(CYREG_CLK_SELECT05), 0x00000020u);
 273              		.loc 1 225 0
 274 002a 134B     		ldr	r3, .L10+16
 275 002c 2022     		movs	r2, #32
 276 002e 1A60     		str	r2, [r3]
 226:C:\Program Files (x86)\Cypress\PSoC Creator\4.4\PSoC Creator\1\CapSense_CSD_P4_Design01.cydsn\Generated_Source\PSoC4\cyfitter_cfg.c **** 	CY_SET_REG32((void *)(CYREG_CLK_SELECT06), 0x00000010u);
 277              		.loc 1 226 0
 278 0030 124B     		ldr	r3, .L10+20
 279 0032 1022     		movs	r2, #16
 280 0034 1A60     		str	r2, [r3]
 227:C:\Program Files (x86)\Cypress\PSoC Creator\4.4\PSoC Creator\1\CapSense_CSD_P4_Design01.cydsn\Generated_Source\PSoC4\cyfitter_cfg.c **** 	CY_SET_REG32((void *)(CYREG_CLK_SELECT08), 0x00000030u);
 281              		.loc 1 227 0
 282 0036 124B     		ldr	r3, .L10+24
 283 0038 3022     		movs	r2, #48
ARM GAS  C:\Users\taips\AppData\Local\Temp\cc1EP6RD.s 			page 10


 284 003a 1A60     		str	r2, [r3]
 228:C:\Program Files (x86)\Cypress\PSoC Creator\4.4\PSoC Creator\1\CapSense_CSD_P4_Design01.cydsn\Generated_Source\PSoC4\cyfitter_cfg.c **** 
 229:C:\Program Files (x86)\Cypress\PSoC Creator\4.4\PSoC Creator\1\CapSense_CSD_P4_Design01.cydsn\Generated_Source\PSoC4\cyfitter_cfg.c **** 	/* CYDEV_CLK_IMO_CONFIG Starting address: CYDEV_CLK_IMO_CONFIG */
 230:C:\Program Files (x86)\Cypress\PSoC Creator\4.4\PSoC Creator\1\CapSense_CSD_P4_Design01.cydsn\Generated_Source\PSoC4\cyfitter_cfg.c **** 	CY_SET_REG32((void *)(CYREG_CLK_IMO_CONFIG), 0x80000000u);
 285              		.loc 1 230 0
 286 003c 114B     		ldr	r3, .L10+28
 287 003e 8022     		movs	r2, #128
 288 0040 1206     		lsls	r2, r2, #24
 289 0042 1A60     		str	r2, [r3]
 231:C:\Program Files (x86)\Cypress\PSoC Creator\4.4\PSoC Creator\1\CapSense_CSD_P4_Design01.cydsn\Generated_Source\PSoC4\cyfitter_cfg.c **** 
 232:C:\Program Files (x86)\Cypress\PSoC Creator\4.4\PSoC Creator\1\CapSense_CSD_P4_Design01.cydsn\Generated_Source\PSoC4\cyfitter_cfg.c **** 	/* CYDEV_CLK_SELECT Starting address: CYDEV_CLK_SELECT */
 233:C:\Program Files (x86)\Cypress\PSoC Creator\4.4\PSoC Creator\1\CapSense_CSD_P4_Design01.cydsn\Generated_Source\PSoC4\cyfitter_cfg.c **** 	CY_SET_REG32((void *)(CYREG_CLK_SELECT), 0x00000000u);
 290              		.loc 1 233 0
 291 0044 084B     		ldr	r3, .L10
 292 0046 0022     		movs	r2, #0
 293 0048 1A60     		str	r2, [r3]
 234:C:\Program Files (x86)\Cypress\PSoC Creator\4.4\PSoC Creator\1\CapSense_CSD_P4_Design01.cydsn\Generated_Source\PSoC4\cyfitter_cfg.c **** 
 235:C:\Program Files (x86)\Cypress\PSoC Creator\4.4\PSoC Creator\1\CapSense_CSD_P4_Design01.cydsn\Generated_Source\PSoC4\cyfitter_cfg.c **** 	/* CYDEV_CLK_DIVIDER_A00 Starting address: CYDEV_CLK_DIVIDER_A00 */
 236:C:\Program Files (x86)\Cypress\PSoC Creator\4.4\PSoC Creator\1\CapSense_CSD_P4_Design01.cydsn\Generated_Source\PSoC4\cyfitter_cfg.c **** 	CY_SET_REG32((void *)(CYREG_CLK_DIVIDER_A00), 0x800000FEu);
 294              		.loc 1 236 0
 295 004a 0F4B     		ldr	r3, .L10+32
 296 004c 0F4A     		ldr	r2, .L10+36
 297 004e 1A60     		str	r2, [r3]
 237:C:\Program Files (x86)\Cypress\PSoC Creator\4.4\PSoC Creator\1\CapSense_CSD_P4_Design01.cydsn\Generated_Source\PSoC4\cyfitter_cfg.c **** 
 238:C:\Program Files (x86)\Cypress\PSoC Creator\4.4\PSoC Creator\1\CapSense_CSD_P4_Design01.cydsn\Generated_Source\PSoC4\cyfitter_cfg.c **** 	/* CYDEV_CLK_DIVIDER_B00 Starting address: CYDEV_CLK_DIVIDER_B00 */
 239:C:\Program Files (x86)\Cypress\PSoC Creator\4.4\PSoC Creator\1\CapSense_CSD_P4_Design01.cydsn\Generated_Source\PSoC4\cyfitter_cfg.c **** 	CY_SET_REG32((void *)(CYREG_CLK_DIVIDER_B00), 0xC00000FEu);
 298              		.loc 1 239 0
 299 0050 0F4B     		ldr	r3, .L10+40
 300 0052 104A     		ldr	r2, .L10+44
 301 0054 1A60     		str	r2, [r3]
 240:C:\Program Files (x86)\Cypress\PSoC Creator\4.4\PSoC Creator\1\CapSense_CSD_P4_Design01.cydsn\Generated_Source\PSoC4\cyfitter_cfg.c **** 
 241:C:\Program Files (x86)\Cypress\PSoC Creator\4.4\PSoC Creator\1\CapSense_CSD_P4_Design01.cydsn\Generated_Source\PSoC4\cyfitter_cfg.c **** 	/* CYDEV_CLK_DIVIDER_C00 Starting address: CYDEV_CLK_DIVIDER_C00 */
 242:C:\Program Files (x86)\Cypress\PSoC Creator\4.4\PSoC Creator\1\CapSense_CSD_P4_Design01.cydsn\Generated_Source\PSoC4\cyfitter_cfg.c **** 	CY_SET_REG32((void *)(CYREG_CLK_DIVIDER_C00), 0x80000001u);
 302              		.loc 1 242 0
 303 0056 104B     		ldr	r3, .L10+48
 304 0058 104A     		ldr	r2, .L10+52
 305 005a 1A60     		str	r2, [r3]
 243:C:\Program Files (x86)\Cypress\PSoC Creator\4.4\PSoC Creator\1\CapSense_CSD_P4_Design01.cydsn\Generated_Source\PSoC4\cyfitter_cfg.c **** 
 244:C:\Program Files (x86)\Cypress\PSoC Creator\4.4\PSoC Creator\1\CapSense_CSD_P4_Design01.cydsn\Generated_Source\PSoC4\cyfitter_cfg.c **** 	CY_SET_REG32((void *)(CYREG_WDT_CONFIG), 0x00000000u);
 306              		.loc 1 244 0
 307 005c 104B     		ldr	r3, .L10+56
 308 005e 0022     		movs	r2, #0
 309 0060 1A60     		str	r2, [r3]
 245:C:\Program Files (x86)\Cypress\PSoC Creator\4.4\PSoC Creator\1\CapSense_CSD_P4_Design01.cydsn\Generated_Source\PSoC4\cyfitter_cfg.c **** }
 310              		.loc 1 245 0
 311 0062 C046     		nop
 312 0064 BD46     		mov	sp, r7
 313              		@ sp needed
 314 0066 80BD     		pop	{r7, pc}
 315              	.L11:
 316              		.align	2
 317              	.L10:
 318 0068 00010B40 		.word	1074462976
 319 006c FFFFFBFF 		.word	-262145
 320 0070 04010B40 		.word	1074462980
 321 0074 06000080 		.word	-2147483642
 322 0078 14020240 		.word	1073873428
ARM GAS  C:\Users\taips\AppData\Local\Temp\cc1EP6RD.s 			page 11


 323 007c 18020240 		.word	1073873432
 324 0080 20020240 		.word	1073873440
 325 0084 08010B40 		.word	1074462984
 326 0088 00000240 		.word	1073872896
 327 008c FE000080 		.word	-2147483394
 328 0090 40000240 		.word	1073872960
 329 0094 FE0000C0 		.word	-1073741570
 330 0098 80000240 		.word	1073873024
 331 009c 01000080 		.word	-2147483647
 332 00a0 0C020B40 		.word	1074463244
 333              		.cfi_endproc
 334              	.LFE4:
 335              		.size	ClockSetup, .-ClockSetup
 336              		.section	.text.AnalogSetDefault,"ax",%progbits
 337              		.align	2
 338              		.code	16
 339              		.thumb_func
 340              		.type	AnalogSetDefault, %function
 341              	AnalogSetDefault:
 342              	.LFB5:
 246:C:\Program Files (x86)\Cypress\PSoC Creator\4.4\PSoC Creator\1\CapSense_CSD_P4_Design01.cydsn\Generated_Source\PSoC4\cyfitter_cfg.c **** 
 247:C:\Program Files (x86)\Cypress\PSoC Creator\4.4\PSoC Creator\1\CapSense_CSD_P4_Design01.cydsn\Generated_Source\PSoC4\cyfitter_cfg.c **** 
 248:C:\Program Files (x86)\Cypress\PSoC Creator\4.4\PSoC Creator\1\CapSense_CSD_P4_Design01.cydsn\Generated_Source\PSoC4\cyfitter_cfg.c **** /* Analog API Functions */
 249:C:\Program Files (x86)\Cypress\PSoC Creator\4.4\PSoC Creator\1\CapSense_CSD_P4_Design01.cydsn\Generated_Source\PSoC4\cyfitter_cfg.c **** 
 250:C:\Program Files (x86)\Cypress\PSoC Creator\4.4\PSoC Creator\1\CapSense_CSD_P4_Design01.cydsn\Generated_Source\PSoC4\cyfitter_cfg.c **** 
 251:C:\Program Files (x86)\Cypress\PSoC Creator\4.4\PSoC Creator\1\CapSense_CSD_P4_Design01.cydsn\Generated_Source\PSoC4\cyfitter_cfg.c **** /*******************************************************************************
 252:C:\Program Files (x86)\Cypress\PSoC Creator\4.4\PSoC Creator\1\CapSense_CSD_P4_Design01.cydsn\Generated_Source\PSoC4\cyfitter_cfg.c **** * Function Name: AnalogSetDefault
 253:C:\Program Files (x86)\Cypress\PSoC Creator\4.4\PSoC Creator\1\CapSense_CSD_P4_Design01.cydsn\Generated_Source\PSoC4\cyfitter_cfg.c **** ********************************************************************************
 254:C:\Program Files (x86)\Cypress\PSoC Creator\4.4\PSoC Creator\1\CapSense_CSD_P4_Design01.cydsn\Generated_Source\PSoC4\cyfitter_cfg.c **** *
 255:C:\Program Files (x86)\Cypress\PSoC Creator\4.4\PSoC Creator\1\CapSense_CSD_P4_Design01.cydsn\Generated_Source\PSoC4\cyfitter_cfg.c **** * Summary:
 256:C:\Program Files (x86)\Cypress\PSoC Creator\4.4\PSoC Creator\1\CapSense_CSD_P4_Design01.cydsn\Generated_Source\PSoC4\cyfitter_cfg.c **** *  Sets up the analog portions of the chip to default values based on chip
 257:C:\Program Files (x86)\Cypress\PSoC Creator\4.4\PSoC Creator\1\CapSense_CSD_P4_Design01.cydsn\Generated_Source\PSoC4\cyfitter_cfg.c **** *  configuration options from the project.
 258:C:\Program Files (x86)\Cypress\PSoC Creator\4.4\PSoC Creator\1\CapSense_CSD_P4_Design01.cydsn\Generated_Source\PSoC4\cyfitter_cfg.c **** *
 259:C:\Program Files (x86)\Cypress\PSoC Creator\4.4\PSoC Creator\1\CapSense_CSD_P4_Design01.cydsn\Generated_Source\PSoC4\cyfitter_cfg.c **** * Parameters:
 260:C:\Program Files (x86)\Cypress\PSoC Creator\4.4\PSoC Creator\1\CapSense_CSD_P4_Design01.cydsn\Generated_Source\PSoC4\cyfitter_cfg.c **** *  void
 261:C:\Program Files (x86)\Cypress\PSoC Creator\4.4\PSoC Creator\1\CapSense_CSD_P4_Design01.cydsn\Generated_Source\PSoC4\cyfitter_cfg.c **** *
 262:C:\Program Files (x86)\Cypress\PSoC Creator\4.4\PSoC Creator\1\CapSense_CSD_P4_Design01.cydsn\Generated_Source\PSoC4\cyfitter_cfg.c **** * Return:
 263:C:\Program Files (x86)\Cypress\PSoC Creator\4.4\PSoC Creator\1\CapSense_CSD_P4_Design01.cydsn\Generated_Source\PSoC4\cyfitter_cfg.c **** *  void
 264:C:\Program Files (x86)\Cypress\PSoC Creator\4.4\PSoC Creator\1\CapSense_CSD_P4_Design01.cydsn\Generated_Source\PSoC4\cyfitter_cfg.c **** *
 265:C:\Program Files (x86)\Cypress\PSoC Creator\4.4\PSoC Creator\1\CapSense_CSD_P4_Design01.cydsn\Generated_Source\PSoC4\cyfitter_cfg.c **** *******************************************************************************/
 266:C:\Program Files (x86)\Cypress\PSoC Creator\4.4\PSoC Creator\1\CapSense_CSD_P4_Design01.cydsn\Generated_Source\PSoC4\cyfitter_cfg.c **** static void AnalogSetDefault(void);
 267:C:\Program Files (x86)\Cypress\PSoC Creator\4.4\PSoC Creator\1\CapSense_CSD_P4_Design01.cydsn\Generated_Source\PSoC4\cyfitter_cfg.c **** static void AnalogSetDefault(void)
 268:C:\Program Files (x86)\Cypress\PSoC Creator\4.4\PSoC Creator\1\CapSense_CSD_P4_Design01.cydsn\Generated_Source\PSoC4\cyfitter_cfg.c **** {
 343              		.loc 1 268 0
 344              		.cfi_startproc
 345              		@ args = 0, pretend = 0, frame = 0
 346              		@ frame_needed = 1, uses_anonymous_args = 0
 347 0000 80B5     		push	{r7, lr}
 348              		.cfi_def_cfa_offset 8
 349              		.cfi_offset 7, -8
 350              		.cfi_offset 14, -4
 351 0002 00AF     		add	r7, sp, #0
 352              		.cfi_def_cfa_register 7
 269:C:\Program Files (x86)\Cypress\PSoC Creator\4.4\PSoC Creator\1\CapSense_CSD_P4_Design01.cydsn\Generated_Source\PSoC4\cyfitter_cfg.c **** 	SetAnalogRoutingPumps(1);
 353              		.loc 1 269 0
 354 0004 0120     		movs	r0, #1
 355 0006 FFF7FEFF 		bl	SetAnalogRoutingPumps
ARM GAS  C:\Users\taips\AppData\Local\Temp\cc1EP6RD.s 			page 12


 270:C:\Program Files (x86)\Cypress\PSoC Creator\4.4\PSoC Creator\1\CapSense_CSD_P4_Design01.cydsn\Generated_Source\PSoC4\cyfitter_cfg.c **** }
 356              		.loc 1 270 0
 357 000a C046     		nop
 358 000c BD46     		mov	sp, r7
 359              		@ sp needed
 360 000e 80BD     		pop	{r7, pc}
 361              		.cfi_endproc
 362              	.LFE5:
 363              		.size	AnalogSetDefault, .-AnalogSetDefault
 364              		.section	.text.SetAnalogRoutingPumps,"ax",%progbits
 365              		.align	2
 366              		.global	SetAnalogRoutingPumps
 367              		.code	16
 368              		.thumb_func
 369              		.type	SetAnalogRoutingPumps, %function
 370              	SetAnalogRoutingPumps:
 371              	.LFB6:
 271:C:\Program Files (x86)\Cypress\PSoC Creator\4.4\PSoC Creator\1\CapSense_CSD_P4_Design01.cydsn\Generated_Source\PSoC4\cyfitter_cfg.c **** 
 272:C:\Program Files (x86)\Cypress\PSoC Creator\4.4\PSoC Creator\1\CapSense_CSD_P4_Design01.cydsn\Generated_Source\PSoC4\cyfitter_cfg.c **** 
 273:C:\Program Files (x86)\Cypress\PSoC Creator\4.4\PSoC Creator\1\CapSense_CSD_P4_Design01.cydsn\Generated_Source\PSoC4\cyfitter_cfg.c **** /*******************************************************************************
 274:C:\Program Files (x86)\Cypress\PSoC Creator\4.4\PSoC Creator\1\CapSense_CSD_P4_Design01.cydsn\Generated_Source\PSoC4\cyfitter_cfg.c **** * Function Name: SetAnalogRoutingPumps
 275:C:\Program Files (x86)\Cypress\PSoC Creator\4.4\PSoC Creator\1\CapSense_CSD_P4_Design01.cydsn\Generated_Source\PSoC4\cyfitter_cfg.c **** ********************************************************************************
 276:C:\Program Files (x86)\Cypress\PSoC Creator\4.4\PSoC Creator\1\CapSense_CSD_P4_Design01.cydsn\Generated_Source\PSoC4\cyfitter_cfg.c **** *
 277:C:\Program Files (x86)\Cypress\PSoC Creator\4.4\PSoC Creator\1\CapSense_CSD_P4_Design01.cydsn\Generated_Source\PSoC4\cyfitter_cfg.c **** * Summary:
 278:C:\Program Files (x86)\Cypress\PSoC Creator\4.4\PSoC Creator\1\CapSense_CSD_P4_Design01.cydsn\Generated_Source\PSoC4\cyfitter_cfg.c **** * Enables or disables the analog pumps feeding analog routing switches.
 279:C:\Program Files (x86)\Cypress\PSoC Creator\4.4\PSoC Creator\1\CapSense_CSD_P4_Design01.cydsn\Generated_Source\PSoC4\cyfitter_cfg.c **** * Intended to be called at startup, based on the Vdda system configuration;
 280:C:\Program Files (x86)\Cypress\PSoC Creator\4.4\PSoC Creator\1\CapSense_CSD_P4_Design01.cydsn\Generated_Source\PSoC4\cyfitter_cfg.c **** * may be called during operation when the user informs us that the Vdda voltage crossed the pump th
 281:C:\Program Files (x86)\Cypress\PSoC Creator\4.4\PSoC Creator\1\CapSense_CSD_P4_Design01.cydsn\Generated_Source\PSoC4\cyfitter_cfg.c **** *
 282:C:\Program Files (x86)\Cypress\PSoC Creator\4.4\PSoC Creator\1\CapSense_CSD_P4_Design01.cydsn\Generated_Source\PSoC4\cyfitter_cfg.c **** * Parameters:
 283:C:\Program Files (x86)\Cypress\PSoC Creator\4.4\PSoC Creator\1\CapSense_CSD_P4_Design01.cydsn\Generated_Source\PSoC4\cyfitter_cfg.c **** *  enabled - 1 to enable the pumps, 0 to disable the pumps
 284:C:\Program Files (x86)\Cypress\PSoC Creator\4.4\PSoC Creator\1\CapSense_CSD_P4_Design01.cydsn\Generated_Source\PSoC4\cyfitter_cfg.c **** *
 285:C:\Program Files (x86)\Cypress\PSoC Creator\4.4\PSoC Creator\1\CapSense_CSD_P4_Design01.cydsn\Generated_Source\PSoC4\cyfitter_cfg.c **** * Return:
 286:C:\Program Files (x86)\Cypress\PSoC Creator\4.4\PSoC Creator\1\CapSense_CSD_P4_Design01.cydsn\Generated_Source\PSoC4\cyfitter_cfg.c **** *  void
 287:C:\Program Files (x86)\Cypress\PSoC Creator\4.4\PSoC Creator\1\CapSense_CSD_P4_Design01.cydsn\Generated_Source\PSoC4\cyfitter_cfg.c **** *
 288:C:\Program Files (x86)\Cypress\PSoC Creator\4.4\PSoC Creator\1\CapSense_CSD_P4_Design01.cydsn\Generated_Source\PSoC4\cyfitter_cfg.c **** *******************************************************************************/
 289:C:\Program Files (x86)\Cypress\PSoC Creator\4.4\PSoC Creator\1\CapSense_CSD_P4_Design01.cydsn\Generated_Source\PSoC4\cyfitter_cfg.c **** void SetAnalogRoutingPumps(uint8 enabled)
 290:C:\Program Files (x86)\Cypress\PSoC Creator\4.4\PSoC Creator\1\CapSense_CSD_P4_Design01.cydsn\Generated_Source\PSoC4\cyfitter_cfg.c **** {
 372              		.loc 1 290 0
 373              		.cfi_startproc
 374              		@ args = 0, pretend = 0, frame = 16
 375              		@ frame_needed = 1, uses_anonymous_args = 0
 376 0000 80B5     		push	{r7, lr}
 377              		.cfi_def_cfa_offset 8
 378              		.cfi_offset 7, -8
 379              		.cfi_offset 14, -4
 380 0002 84B0     		sub	sp, sp, #16
 381              		.cfi_def_cfa_offset 24
 382 0004 00AF     		add	r7, sp, #0
 383              		.cfi_def_cfa_register 7
 384 0006 0200     		movs	r2, r0
 385 0008 FB1D     		adds	r3, r7, #7
 386 000a 1A70     		strb	r2, [r3]
 291:C:\Program Files (x86)\Cypress\PSoC Creator\4.4\PSoC Creator\1\CapSense_CSD_P4_Design01.cydsn\Generated_Source\PSoC4\cyfitter_cfg.c **** 	uint32 regValue = CY_GET_XTND_REG32((void *)(CYREG_SAR_PUMP_CTRL));
 387              		.loc 1 291 0
 388 000c 154B     		ldr	r3, .L18
 389 000e 1B68     		ldr	r3, [r3]
 390 0010 FB60     		str	r3, [r7, #12]
ARM GAS  C:\Users\taips\AppData\Local\Temp\cc1EP6RD.s 			page 13


 292:C:\Program Files (x86)\Cypress\PSoC Creator\4.4\PSoC Creator\1\CapSense_CSD_P4_Design01.cydsn\Generated_Source\PSoC4\cyfitter_cfg.c **** 	if (enabled != 0u)
 391              		.loc 1 292 0
 392 0012 FB1D     		adds	r3, r7, #7
 393 0014 1B78     		ldrb	r3, [r3]
 394 0016 002B     		cmp	r3, #0
 395 0018 05D0     		beq	.L14
 293:C:\Program Files (x86)\Cypress\PSoC Creator\4.4\PSoC Creator\1\CapSense_CSD_P4_Design01.cydsn\Generated_Source\PSoC4\cyfitter_cfg.c **** 	{
 294:C:\Program Files (x86)\Cypress\PSoC Creator\4.4\PSoC Creator\1\CapSense_CSD_P4_Design01.cydsn\Generated_Source\PSoC4\cyfitter_cfg.c **** 		regValue |= 0x80000000u;
 396              		.loc 1 294 0
 397 001a FB68     		ldr	r3, [r7, #12]
 398 001c 8022     		movs	r2, #128
 399 001e 1206     		lsls	r2, r2, #24
 400 0020 1343     		orrs	r3, r2
 401 0022 FB60     		str	r3, [r7, #12]
 402 0024 03E0     		b	.L15
 403              	.L14:
 295:C:\Program Files (x86)\Cypress\PSoC Creator\4.4\PSoC Creator\1\CapSense_CSD_P4_Design01.cydsn\Generated_Source\PSoC4\cyfitter_cfg.c **** 	}
 296:C:\Program Files (x86)\Cypress\PSoC Creator\4.4\PSoC Creator\1\CapSense_CSD_P4_Design01.cydsn\Generated_Source\PSoC4\cyfitter_cfg.c **** 	else
 297:C:\Program Files (x86)\Cypress\PSoC Creator\4.4\PSoC Creator\1\CapSense_CSD_P4_Design01.cydsn\Generated_Source\PSoC4\cyfitter_cfg.c **** 	{
 298:C:\Program Files (x86)\Cypress\PSoC Creator\4.4\PSoC Creator\1\CapSense_CSD_P4_Design01.cydsn\Generated_Source\PSoC4\cyfitter_cfg.c **** 		regValue &= ~0x80000000u;
 404              		.loc 1 298 0
 405 0026 FB68     		ldr	r3, [r7, #12]
 406 0028 5B00     		lsls	r3, r3, #1
 407 002a 5B08     		lsrs	r3, r3, #1
 408 002c FB60     		str	r3, [r7, #12]
 409              	.L15:
 299:C:\Program Files (x86)\Cypress\PSoC Creator\4.4\PSoC Creator\1\CapSense_CSD_P4_Design01.cydsn\Generated_Source\PSoC4\cyfitter_cfg.c **** 	}
 300:C:\Program Files (x86)\Cypress\PSoC Creator\4.4\PSoC Creator\1\CapSense_CSD_P4_Design01.cydsn\Generated_Source\PSoC4\cyfitter_cfg.c **** 	CY_SET_XTND_REG32((void *)(CYREG_SAR_PUMP_CTRL), regValue);
 410              		.loc 1 300 0
 411 002e 0D4B     		ldr	r3, .L18
 412 0030 FA68     		ldr	r2, [r7, #12]
 413 0032 1A60     		str	r2, [r3]
 301:C:\Program Files (x86)\Cypress\PSoC Creator\4.4\PSoC Creator\1\CapSense_CSD_P4_Design01.cydsn\Generated_Source\PSoC4\cyfitter_cfg.c **** 	regValue = CY_GET_XTND_REG32((void *)(CYREG_CLK_IMO_CONFIG));
 414              		.loc 1 301 0
 415 0034 0C4B     		ldr	r3, .L18+4
 416 0036 1B68     		ldr	r3, [r3]
 417 0038 FB60     		str	r3, [r7, #12]
 302:C:\Program Files (x86)\Cypress\PSoC Creator\4.4\PSoC Creator\1\CapSense_CSD_P4_Design01.cydsn\Generated_Source\PSoC4\cyfitter_cfg.c **** 	if (enabled != 0u)
 418              		.loc 1 302 0
 419 003a FB1D     		adds	r3, r7, #7
 420 003c 1B78     		ldrb	r3, [r3]
 421 003e 002B     		cmp	r3, #0
 422 0040 05D0     		beq	.L16
 303:C:\Program Files (x86)\Cypress\PSoC Creator\4.4\PSoC Creator\1\CapSense_CSD_P4_Design01.cydsn\Generated_Source\PSoC4\cyfitter_cfg.c **** 	{
 304:C:\Program Files (x86)\Cypress\PSoC Creator\4.4\PSoC Creator\1\CapSense_CSD_P4_Design01.cydsn\Generated_Source\PSoC4\cyfitter_cfg.c **** 		regValue |= 0x02000000u;
 423              		.loc 1 304 0
 424 0042 FB68     		ldr	r3, [r7, #12]
 425 0044 8022     		movs	r2, #128
 426 0046 9204     		lsls	r2, r2, #18
 427 0048 1343     		orrs	r3, r2
 428 004a FB60     		str	r3, [r7, #12]
 429 004c 03E0     		b	.L17
 430              	.L16:
 305:C:\Program Files (x86)\Cypress\PSoC Creator\4.4\PSoC Creator\1\CapSense_CSD_P4_Design01.cydsn\Generated_Source\PSoC4\cyfitter_cfg.c **** 	}
 306:C:\Program Files (x86)\Cypress\PSoC Creator\4.4\PSoC Creator\1\CapSense_CSD_P4_Design01.cydsn\Generated_Source\PSoC4\cyfitter_cfg.c **** 	else
 307:C:\Program Files (x86)\Cypress\PSoC Creator\4.4\PSoC Creator\1\CapSense_CSD_P4_Design01.cydsn\Generated_Source\PSoC4\cyfitter_cfg.c **** 	{
 308:C:\Program Files (x86)\Cypress\PSoC Creator\4.4\PSoC Creator\1\CapSense_CSD_P4_Design01.cydsn\Generated_Source\PSoC4\cyfitter_cfg.c **** 		regValue &= ~0x02000000u;
ARM GAS  C:\Users\taips\AppData\Local\Temp\cc1EP6RD.s 			page 14


 431              		.loc 1 308 0
 432 004e FB68     		ldr	r3, [r7, #12]
 433 0050 064A     		ldr	r2, .L18+8
 434 0052 1340     		ands	r3, r2
 435 0054 FB60     		str	r3, [r7, #12]
 436              	.L17:
 309:C:\Program Files (x86)\Cypress\PSoC Creator\4.4\PSoC Creator\1\CapSense_CSD_P4_Design01.cydsn\Generated_Source\PSoC4\cyfitter_cfg.c **** 	}
 310:C:\Program Files (x86)\Cypress\PSoC Creator\4.4\PSoC Creator\1\CapSense_CSD_P4_Design01.cydsn\Generated_Source\PSoC4\cyfitter_cfg.c **** 	CY_SET_XTND_REG32((void *)(CYREG_CLK_IMO_CONFIG), regValue);
 437              		.loc 1 310 0
 438 0056 044B     		ldr	r3, .L18+4
 439 0058 FA68     		ldr	r2, [r7, #12]
 440 005a 1A60     		str	r2, [r3]
 311:C:\Program Files (x86)\Cypress\PSoC Creator\4.4\PSoC Creator\1\CapSense_CSD_P4_Design01.cydsn\Generated_Source\PSoC4\cyfitter_cfg.c **** }
 441              		.loc 1 311 0
 442 005c C046     		nop
 443 005e BD46     		mov	sp, r7
 444 0060 04B0     		add	sp, sp, #16
 445              		@ sp needed
 446 0062 80BD     		pop	{r7, pc}
 447              	.L19:
 448              		.align	2
 449              	.L18:
 450 0064 80031A40 		.word	1075446656
 451 0068 08010B40 		.word	1074462984
 452 006c FFFFFFFD 		.word	-33554433
 453              		.cfi_endproc
 454              	.LFE6:
 455              		.size	SetAnalogRoutingPumps, .-SetAnalogRoutingPumps
 456              		.section	.psocinit
 457              		.align	2
 458              		.global	cyfitter_cfg
 459              		.code	16
 460              		.thumb_func
 461              		.type	cyfitter_cfg, %function
 462              	cyfitter_cfg:
 463              	.LFB7:
 312:C:\Program Files (x86)\Cypress\PSoC Creator\4.4\PSoC Creator\1\CapSense_CSD_P4_Design01.cydsn\Generated_Source\PSoC4\cyfitter_cfg.c **** 
 313:C:\Program Files (x86)\Cypress\PSoC Creator\4.4\PSoC Creator\1\CapSense_CSD_P4_Design01.cydsn\Generated_Source\PSoC4\cyfitter_cfg.c **** 
 314:C:\Program Files (x86)\Cypress\PSoC Creator\4.4\PSoC Creator\1\CapSense_CSD_P4_Design01.cydsn\Generated_Source\PSoC4\cyfitter_cfg.c **** 
 315:C:\Program Files (x86)\Cypress\PSoC Creator\4.4\PSoC Creator\1\CapSense_CSD_P4_Design01.cydsn\Generated_Source\PSoC4\cyfitter_cfg.c **** 
 316:C:\Program Files (x86)\Cypress\PSoC Creator\4.4\PSoC Creator\1\CapSense_CSD_P4_Design01.cydsn\Generated_Source\PSoC4\cyfitter_cfg.c **** /*******************************************************************************
 317:C:\Program Files (x86)\Cypress\PSoC Creator\4.4\PSoC Creator\1\CapSense_CSD_P4_Design01.cydsn\Generated_Source\PSoC4\cyfitter_cfg.c **** * Function Name: cyfitter_cfg
 318:C:\Program Files (x86)\Cypress\PSoC Creator\4.4\PSoC Creator\1\CapSense_CSD_P4_Design01.cydsn\Generated_Source\PSoC4\cyfitter_cfg.c **** ********************************************************************************
 319:C:\Program Files (x86)\Cypress\PSoC Creator\4.4\PSoC Creator\1\CapSense_CSD_P4_Design01.cydsn\Generated_Source\PSoC4\cyfitter_cfg.c **** * Summary:
 320:C:\Program Files (x86)\Cypress\PSoC Creator\4.4\PSoC Creator\1\CapSense_CSD_P4_Design01.cydsn\Generated_Source\PSoC4\cyfitter_cfg.c **** *  This function is called by the start-up code for the selected device. It
 321:C:\Program Files (x86)\Cypress\PSoC Creator\4.4\PSoC Creator\1\CapSense_CSD_P4_Design01.cydsn\Generated_Source\PSoC4\cyfitter_cfg.c **** *  performs all of the necessary device configuration based on the design
 322:C:\Program Files (x86)\Cypress\PSoC Creator\4.4\PSoC Creator\1\CapSense_CSD_P4_Design01.cydsn\Generated_Source\PSoC4\cyfitter_cfg.c **** *  settings.  This includes settings from the Design Wide Resources (DWR) such
 323:C:\Program Files (x86)\Cypress\PSoC Creator\4.4\PSoC Creator\1\CapSense_CSD_P4_Design01.cydsn\Generated_Source\PSoC4\cyfitter_cfg.c **** *  as Clocks and Pins as well as any component configuration that is necessary.
 324:C:\Program Files (x86)\Cypress\PSoC Creator\4.4\PSoC Creator\1\CapSense_CSD_P4_Design01.cydsn\Generated_Source\PSoC4\cyfitter_cfg.c **** *
 325:C:\Program Files (x86)\Cypress\PSoC Creator\4.4\PSoC Creator\1\CapSense_CSD_P4_Design01.cydsn\Generated_Source\PSoC4\cyfitter_cfg.c **** * Parameters:
 326:C:\Program Files (x86)\Cypress\PSoC Creator\4.4\PSoC Creator\1\CapSense_CSD_P4_Design01.cydsn\Generated_Source\PSoC4\cyfitter_cfg.c **** *   void
 327:C:\Program Files (x86)\Cypress\PSoC Creator\4.4\PSoC Creator\1\CapSense_CSD_P4_Design01.cydsn\Generated_Source\PSoC4\cyfitter_cfg.c **** *
 328:C:\Program Files (x86)\Cypress\PSoC Creator\4.4\PSoC Creator\1\CapSense_CSD_P4_Design01.cydsn\Generated_Source\PSoC4\cyfitter_cfg.c **** * Return:
 329:C:\Program Files (x86)\Cypress\PSoC Creator\4.4\PSoC Creator\1\CapSense_CSD_P4_Design01.cydsn\Generated_Source\PSoC4\cyfitter_cfg.c **** *   void
 330:C:\Program Files (x86)\Cypress\PSoC Creator\4.4\PSoC Creator\1\CapSense_CSD_P4_Design01.cydsn\Generated_Source\PSoC4\cyfitter_cfg.c **** *
 331:C:\Program Files (x86)\Cypress\PSoC Creator\4.4\PSoC Creator\1\CapSense_CSD_P4_Design01.cydsn\Generated_Source\PSoC4\cyfitter_cfg.c **** *******************************************************************************/
 332:C:\Program Files (x86)\Cypress\PSoC Creator\4.4\PSoC Creator\1\CapSense_CSD_P4_Design01.cydsn\Generated_Source\PSoC4\cyfitter_cfg.c **** CY_CFG_SECTION
ARM GAS  C:\Users\taips\AppData\Local\Temp\cc1EP6RD.s 			page 15


 333:C:\Program Files (x86)\Cypress\PSoC Creator\4.4\PSoC Creator\1\CapSense_CSD_P4_Design01.cydsn\Generated_Source\PSoC4\cyfitter_cfg.c **** void cyfitter_cfg(void)
 334:C:\Program Files (x86)\Cypress\PSoC Creator\4.4\PSoC Creator\1\CapSense_CSD_P4_Design01.cydsn\Generated_Source\PSoC4\cyfitter_cfg.c **** {
 464              		.loc 1 334 0
 465              		.cfi_startproc
 466              		@ args = 0, pretend = 0, frame = 8
 467              		@ frame_needed = 1, uses_anonymous_args = 0
 468 00a4 80B5     		push	{r7, lr}
 469              		.cfi_def_cfa_offset 8
 470              		.cfi_offset 7, -8
 471              		.cfi_offset 14, -4
 472 00a6 82B0     		sub	sp, sp, #8
 473              		.cfi_def_cfa_offset 16
 474 00a8 00AF     		add	r7, sp, #0
 475              		.cfi_def_cfa_register 7
 335:C:\Program Files (x86)\Cypress\PSoC Creator\4.4\PSoC Creator\1\CapSense_CSD_P4_Design01.cydsn\Generated_Source\PSoC4\cyfitter_cfg.c **** 	/* Disable interrupts by default. Let user enable if/when they want. */
 336:C:\Program Files (x86)\Cypress\PSoC Creator\4.4\PSoC Creator\1\CapSense_CSD_P4_Design01.cydsn\Generated_Source\PSoC4\cyfitter_cfg.c **** 	CyGlobalIntDisable;
 476              		.loc 1 336 0
 477              		.syntax divided
 478              	@ 336 "C:\Program Files (x86)\Cypress\PSoC Creator\4.4\PSoC Creator\1\CapSense_CSD_P4_Design01.cyds
 479 00aa 72B6     		CPSID   i
 480              	@ 0 "" 2
 481              		.thumb
 482              		.syntax unified
 483              	.LBB3:
 337:C:\Program Files (x86)\Cypress\PSoC Creator\4.4\PSoC Creator\1\CapSense_CSD_P4_Design01.cydsn\Generated_Source\PSoC4\cyfitter_cfg.c **** 
 338:C:\Program Files (x86)\Cypress\PSoC Creator\4.4\PSoC Creator\1\CapSense_CSD_P4_Design01.cydsn\Generated_Source\PSoC4\cyfitter_cfg.c **** 	{
 339:C:\Program Files (x86)\Cypress\PSoC Creator\4.4\PSoC Creator\1\CapSense_CSD_P4_Design01.cydsn\Generated_Source\PSoC4\cyfitter_cfg.c **** 		static const uint32 CYCODE cy_cfg_addr_table[] = {
 340:C:\Program Files (x86)\Cypress\PSoC Creator\4.4\PSoC Creator\1\CapSense_CSD_P4_Design01.cydsn\Generated_Source\PSoC4\cyfitter_cfg.c **** 			0x400F3004u, /* Base address: 0x400F3000 Count: 4 */
 341:C:\Program Files (x86)\Cypress\PSoC Creator\4.4\PSoC Creator\1\CapSense_CSD_P4_Design01.cydsn\Generated_Source\PSoC4\cyfitter_cfg.c **** 			0x400F3102u, /* Base address: 0x400F3100 Count: 2 */
 342:C:\Program Files (x86)\Cypress\PSoC Creator\4.4\PSoC Creator\1\CapSense_CSD_P4_Design01.cydsn\Generated_Source\PSoC4\cyfitter_cfg.c **** 			0x400F3302u, /* Base address: 0x400F3300 Count: 2 */
 343:C:\Program Files (x86)\Cypress\PSoC Creator\4.4\PSoC Creator\1\CapSense_CSD_P4_Design01.cydsn\Generated_Source\PSoC4\cyfitter_cfg.c **** 			0x400F4006u, /* Base address: 0x400F4000 Count: 6 */
 344:C:\Program Files (x86)\Cypress\PSoC Creator\4.4\PSoC Creator\1\CapSense_CSD_P4_Design01.cydsn\Generated_Source\PSoC4\cyfitter_cfg.c **** 			0x400F4102u, /* Base address: 0x400F4100 Count: 2 */
 345:C:\Program Files (x86)\Cypress\PSoC Creator\4.4\PSoC Creator\1\CapSense_CSD_P4_Design01.cydsn\Generated_Source\PSoC4\cyfitter_cfg.c **** 			0x400F4204u, /* Base address: 0x400F4200 Count: 4 */
 346:C:\Program Files (x86)\Cypress\PSoC Creator\4.4\PSoC Creator\1\CapSense_CSD_P4_Design01.cydsn\Generated_Source\PSoC4\cyfitter_cfg.c **** 			0x400F430Cu, /* Base address: 0x400F4300 Count: 12 */
 347:C:\Program Files (x86)\Cypress\PSoC Creator\4.4\PSoC Creator\1\CapSense_CSD_P4_Design01.cydsn\Generated_Source\PSoC4\cyfitter_cfg.c **** 		};
 348:C:\Program Files (x86)\Cypress\PSoC Creator\4.4\PSoC Creator\1\CapSense_CSD_P4_Design01.cydsn\Generated_Source\PSoC4\cyfitter_cfg.c **** 
 349:C:\Program Files (x86)\Cypress\PSoC Creator\4.4\PSoC Creator\1\CapSense_CSD_P4_Design01.cydsn\Generated_Source\PSoC4\cyfitter_cfg.c **** 		static const cy_cfg_addrvalue_t CYCODE cy_cfg_data_table[] = {
 350:C:\Program Files (x86)\Cypress\PSoC Creator\4.4\PSoC Creator\1\CapSense_CSD_P4_Design01.cydsn\Generated_Source\PSoC4\cyfitter_cfg.c **** 			{0x38u, 0x80u},
 351:C:\Program Files (x86)\Cypress\PSoC Creator\4.4\PSoC Creator\1\CapSense_CSD_P4_Design01.cydsn\Generated_Source\PSoC4\cyfitter_cfg.c **** 			{0x3Eu, 0x40u},
 352:C:\Program Files (x86)\Cypress\PSoC Creator\4.4\PSoC Creator\1\CapSense_CSD_P4_Design01.cydsn\Generated_Source\PSoC4\cyfitter_cfg.c **** 			{0x58u, 0x04u},
 353:C:\Program Files (x86)\Cypress\PSoC Creator\4.4\PSoC Creator\1\CapSense_CSD_P4_Design01.cydsn\Generated_Source\PSoC4\cyfitter_cfg.c **** 			{0x5Fu, 0x01u},
 354:C:\Program Files (x86)\Cypress\PSoC Creator\4.4\PSoC Creator\1\CapSense_CSD_P4_Design01.cydsn\Generated_Source\PSoC4\cyfitter_cfg.c **** 			{0x18u, 0x01u},
 355:C:\Program Files (x86)\Cypress\PSoC Creator\4.4\PSoC Creator\1\CapSense_CSD_P4_Design01.cydsn\Generated_Source\PSoC4\cyfitter_cfg.c **** 			{0xE2u, 0x04u},
 356:C:\Program Files (x86)\Cypress\PSoC Creator\4.4\PSoC Creator\1\CapSense_CSD_P4_Design01.cydsn\Generated_Source\PSoC4\cyfitter_cfg.c **** 			{0xB4u, 0x01u},
 357:C:\Program Files (x86)\Cypress\PSoC Creator\4.4\PSoC Creator\1\CapSense_CSD_P4_Design01.cydsn\Generated_Source\PSoC4\cyfitter_cfg.c **** 			{0xEAu, 0x01u},
 358:C:\Program Files (x86)\Cypress\PSoC Creator\4.4\PSoC Creator\1\CapSense_CSD_P4_Design01.cydsn\Generated_Source\PSoC4\cyfitter_cfg.c **** 			{0x52u, 0x02u},
 359:C:\Program Files (x86)\Cypress\PSoC Creator\4.4\PSoC Creator\1\CapSense_CSD_P4_Design01.cydsn\Generated_Source\PSoC4\cyfitter_cfg.c **** 			{0x54u, 0x02u},
 360:C:\Program Files (x86)\Cypress\PSoC Creator\4.4\PSoC Creator\1\CapSense_CSD_P4_Design01.cydsn\Generated_Source\PSoC4\cyfitter_cfg.c **** 			{0x80u, 0x02u},
 361:C:\Program Files (x86)\Cypress\PSoC Creator\4.4\PSoC Creator\1\CapSense_CSD_P4_Design01.cydsn\Generated_Source\PSoC4\cyfitter_cfg.c **** 			{0xD4u, 0x80u},
 362:C:\Program Files (x86)\Cypress\PSoC Creator\4.4\PSoC Creator\1\CapSense_CSD_P4_Design01.cydsn\Generated_Source\PSoC4\cyfitter_cfg.c **** 			{0xD6u, 0x20u},
 363:C:\Program Files (x86)\Cypress\PSoC Creator\4.4\PSoC Creator\1\CapSense_CSD_P4_Design01.cydsn\Generated_Source\PSoC4\cyfitter_cfg.c **** 			{0xE2u, 0x20u},
 364:C:\Program Files (x86)\Cypress\PSoC Creator\4.4\PSoC Creator\1\CapSense_CSD_P4_Design01.cydsn\Generated_Source\PSoC4\cyfitter_cfg.c **** 			{0xAAu, 0x02u},
 365:C:\Program Files (x86)\Cypress\PSoC Creator\4.4\PSoC Creator\1\CapSense_CSD_P4_Design01.cydsn\Generated_Source\PSoC4\cyfitter_cfg.c **** 			{0xEAu, 0x80u},
 366:C:\Program Files (x86)\Cypress\PSoC Creator\4.4\PSoC Creator\1\CapSense_CSD_P4_Design01.cydsn\Generated_Source\PSoC4\cyfitter_cfg.c **** 			{0x6Cu, 0x40u},
 367:C:\Program Files (x86)\Cypress\PSoC Creator\4.4\PSoC Creator\1\CapSense_CSD_P4_Design01.cydsn\Generated_Source\PSoC4\cyfitter_cfg.c **** 			{0x70u, 0x08u},
 368:C:\Program Files (x86)\Cypress\PSoC Creator\4.4\PSoC Creator\1\CapSense_CSD_P4_Design01.cydsn\Generated_Source\PSoC4\cyfitter_cfg.c **** 			{0x80u, 0x10u},
 369:C:\Program Files (x86)\Cypress\PSoC Creator\4.4\PSoC Creator\1\CapSense_CSD_P4_Design01.cydsn\Generated_Source\PSoC4\cyfitter_cfg.c **** 			{0xDCu, 0x03u},
ARM GAS  C:\Users\taips\AppData\Local\Temp\cc1EP6RD.s 			page 16


 370:C:\Program Files (x86)\Cypress\PSoC Creator\4.4\PSoC Creator\1\CapSense_CSD_P4_Design01.cydsn\Generated_Source\PSoC4\cyfitter_cfg.c **** 			{0x18u, 0x20u},
 371:C:\Program Files (x86)\Cypress\PSoC Creator\4.4\PSoC Creator\1\CapSense_CSD_P4_Design01.cydsn\Generated_Source\PSoC4\cyfitter_cfg.c **** 			{0x20u, 0x01u},
 372:C:\Program Files (x86)\Cypress\PSoC Creator\4.4\PSoC Creator\1\CapSense_CSD_P4_Design01.cydsn\Generated_Source\PSoC4\cyfitter_cfg.c **** 			{0x61u, 0x02u},
 373:C:\Program Files (x86)\Cypress\PSoC Creator\4.4\PSoC Creator\1\CapSense_CSD_P4_Design01.cydsn\Generated_Source\PSoC4\cyfitter_cfg.c **** 			{0x94u, 0x21u},
 374:C:\Program Files (x86)\Cypress\PSoC Creator\4.4\PSoC Creator\1\CapSense_CSD_P4_Design01.cydsn\Generated_Source\PSoC4\cyfitter_cfg.c **** 			{0xA1u, 0x02u},
 375:C:\Program Files (x86)\Cypress\PSoC Creator\4.4\PSoC Creator\1\CapSense_CSD_P4_Design01.cydsn\Generated_Source\PSoC4\cyfitter_cfg.c **** 			{0xA8u, 0x01u},
 376:C:\Program Files (x86)\Cypress\PSoC Creator\4.4\PSoC Creator\1\CapSense_CSD_P4_Design01.cydsn\Generated_Source\PSoC4\cyfitter_cfg.c **** 			{0xB4u, 0x48u},
 377:C:\Program Files (x86)\Cypress\PSoC Creator\4.4\PSoC Creator\1\CapSense_CSD_P4_Design01.cydsn\Generated_Source\PSoC4\cyfitter_cfg.c **** 			{0xB5u, 0x02u},
 378:C:\Program Files (x86)\Cypress\PSoC Creator\4.4\PSoC Creator\1\CapSense_CSD_P4_Design01.cydsn\Generated_Source\PSoC4\cyfitter_cfg.c **** 			{0xC6u, 0x08u},
 379:C:\Program Files (x86)\Cypress\PSoC Creator\4.4\PSoC Creator\1\CapSense_CSD_P4_Design01.cydsn\Generated_Source\PSoC4\cyfitter_cfg.c **** 			{0xC8u, 0x08u},
 380:C:\Program Files (x86)\Cypress\PSoC Creator\4.4\PSoC Creator\1\CapSense_CSD_P4_Design01.cydsn\Generated_Source\PSoC4\cyfitter_cfg.c **** 			{0xD8u, 0x02u},
 381:C:\Program Files (x86)\Cypress\PSoC Creator\4.4\PSoC Creator\1\CapSense_CSD_P4_Design01.cydsn\Generated_Source\PSoC4\cyfitter_cfg.c **** 			{0xECu, 0x08u},
 382:C:\Program Files (x86)\Cypress\PSoC Creator\4.4\PSoC Creator\1\CapSense_CSD_P4_Design01.cydsn\Generated_Source\PSoC4\cyfitter_cfg.c **** 		};
 383:C:\Program Files (x86)\Cypress\PSoC Creator\4.4\PSoC Creator\1\CapSense_CSD_P4_Design01.cydsn\Generated_Source\PSoC4\cyfitter_cfg.c **** 
 384:C:\Program Files (x86)\Cypress\PSoC Creator\4.4\PSoC Creator\1\CapSense_CSD_P4_Design01.cydsn\Generated_Source\PSoC4\cyfitter_cfg.c **** 
 385:C:\Program Files (x86)\Cypress\PSoC Creator\4.4\PSoC Creator\1\CapSense_CSD_P4_Design01.cydsn\Generated_Source\PSoC4\cyfitter_cfg.c **** 
 386:C:\Program Files (x86)\Cypress\PSoC Creator\4.4\PSoC Creator\1\CapSense_CSD_P4_Design01.cydsn\Generated_Source\PSoC4\cyfitter_cfg.c **** 		CYPACKED typedef struct {
 387:C:\Program Files (x86)\Cypress\PSoC Creator\4.4\PSoC Creator\1\CapSense_CSD_P4_Design01.cydsn\Generated_Source\PSoC4\cyfitter_cfg.c **** 			void CYFAR *address;
 388:C:\Program Files (x86)\Cypress\PSoC Creator\4.4\PSoC Creator\1\CapSense_CSD_P4_Design01.cydsn\Generated_Source\PSoC4\cyfitter_cfg.c **** 			uint16 size;
 389:C:\Program Files (x86)\Cypress\PSoC Creator\4.4\PSoC Creator\1\CapSense_CSD_P4_Design01.cydsn\Generated_Source\PSoC4\cyfitter_cfg.c **** 		} CYPACKED_ATTR cfg_memset_t;
 390:C:\Program Files (x86)\Cypress\PSoC Creator\4.4\PSoC Creator\1\CapSense_CSD_P4_Design01.cydsn\Generated_Source\PSoC4\cyfitter_cfg.c **** 
 391:C:\Program Files (x86)\Cypress\PSoC Creator\4.4\PSoC Creator\1\CapSense_CSD_P4_Design01.cydsn\Generated_Source\PSoC4\cyfitter_cfg.c **** 		static const cfg_memset_t CYCODE cfg_memset_list[] = {
 392:C:\Program Files (x86)\Cypress\PSoC Creator\4.4\PSoC Creator\1\CapSense_CSD_P4_Design01.cydsn\Generated_Source\PSoC4\cyfitter_cfg.c **** 			/* address, size */
 393:C:\Program Files (x86)\Cypress\PSoC Creator\4.4\PSoC Creator\1\CapSense_CSD_P4_Design01.cydsn\Generated_Source\PSoC4\cyfitter_cfg.c **** 			{(void CYFAR *)(CYDEV_UDB_P0_U0_BASE), 1024u},
 394:C:\Program Files (x86)\Cypress\PSoC Creator\4.4\PSoC Creator\1\CapSense_CSD_P4_Design01.cydsn\Generated_Source\PSoC4\cyfitter_cfg.c **** 			{(void CYFAR *)(CYDEV_UDB_DSI0_BASE), 1024u},
 395:C:\Program Files (x86)\Cypress\PSoC Creator\4.4\PSoC Creator\1\CapSense_CSD_P4_Design01.cydsn\Generated_Source\PSoC4\cyfitter_cfg.c **** 		};
 396:C:\Program Files (x86)\Cypress\PSoC Creator\4.4\PSoC Creator\1\CapSense_CSD_P4_Design01.cydsn\Generated_Source\PSoC4\cyfitter_cfg.c **** 
 397:C:\Program Files (x86)\Cypress\PSoC Creator\4.4\PSoC Creator\1\CapSense_CSD_P4_Design01.cydsn\Generated_Source\PSoC4\cyfitter_cfg.c **** 		uint8 CYDATA i;
 398:C:\Program Files (x86)\Cypress\PSoC Creator\4.4\PSoC Creator\1\CapSense_CSD_P4_Design01.cydsn\Generated_Source\PSoC4\cyfitter_cfg.c **** 
 399:C:\Program Files (x86)\Cypress\PSoC Creator\4.4\PSoC Creator\1\CapSense_CSD_P4_Design01.cydsn\Generated_Source\PSoC4\cyfitter_cfg.c **** 		/* Zero out critical memory blocks before beginning configuration */
 400:C:\Program Files (x86)\Cypress\PSoC Creator\4.4\PSoC Creator\1\CapSense_CSD_P4_Design01.cydsn\Generated_Source\PSoC4\cyfitter_cfg.c **** 		for (i = 0u; i < (sizeof(cfg_memset_list)/sizeof(cfg_memset_list[0])); i++)
 484              		.loc 1 400 0
 485 00ac FB1D     		adds	r3, r7, #7
 486 00ae 0022     		movs	r2, #0
 487 00b0 1A70     		strb	r2, [r3]
 488 00b2 22E0     		b	.L21
 489              	.L22:
 490              	.LBB4:
 401:C:\Program Files (x86)\Cypress\PSoC Creator\4.4\PSoC Creator\1\CapSense_CSD_P4_Design01.cydsn\Generated_Source\PSoC4\cyfitter_cfg.c **** 		{
 402:C:\Program Files (x86)\Cypress\PSoC Creator\4.4\PSoC Creator\1\CapSense_CSD_P4_Design01.cydsn\Generated_Source\PSoC4\cyfitter_cfg.c **** 			const cfg_memset_t CYCODE * CYDATA ms = &cfg_memset_list[i];
 491              		.loc 1 402 0 discriminator 3
 492 00b4 FB1D     		adds	r3, r7, #7
 493 00b6 1A78     		ldrb	r2, [r3]
 494 00b8 1300     		movs	r3, r2
 495 00ba 5B00     		lsls	r3, r3, #1
 496 00bc 9B18     		adds	r3, r3, r2
 497 00be 5B00     		lsls	r3, r3, #1
 498 00c0 3A4A     		ldr	r2, .L23
 499 00c2 9B18     		adds	r3, r3, r2
 500 00c4 3B60     		str	r3, [r7]
 403:C:\Program Files (x86)\Cypress\PSoC Creator\4.4\PSoC Creator\1\CapSense_CSD_P4_Design01.cydsn\Generated_Source\PSoC4\cyfitter_cfg.c **** 			CYMEMZERO(ms->address, (size_t)(uint32)(ms->size));
 501              		.loc 1 403 0 discriminator 3
 502 00c6 3B68     		ldr	r3, [r7]
 503 00c8 1A78     		ldrb	r2, [r3]
 504 00ca 5978     		ldrb	r1, [r3, #1]
 505 00cc 0902     		lsls	r1, r1, #8
 506 00ce 0A43     		orrs	r2, r1
ARM GAS  C:\Users\taips\AppData\Local\Temp\cc1EP6RD.s 			page 17


 507 00d0 9978     		ldrb	r1, [r3, #2]
 508 00d2 0904     		lsls	r1, r1, #16
 509 00d4 0A43     		orrs	r2, r1
 510 00d6 DB78     		ldrb	r3, [r3, #3]
 511 00d8 1B06     		lsls	r3, r3, #24
 512 00da 1343     		orrs	r3, r2
 513 00dc 1800     		movs	r0, r3
 514 00de 3B68     		ldr	r3, [r7]
 515 00e0 1A79     		ldrb	r2, [r3, #4]
 516 00e2 5B79     		ldrb	r3, [r3, #5]
 517 00e4 1B02     		lsls	r3, r3, #8
 518 00e6 1343     		orrs	r3, r2
 519 00e8 9BB2     		uxth	r3, r3
 520 00ea 1900     		movs	r1, r3
 521 00ec FFF7FEFF 		bl	CYMEMZERO
 522              	.LBE4:
 400:C:\Program Files (x86)\Cypress\PSoC Creator\4.4\PSoC Creator\1\CapSense_CSD_P4_Design01.cydsn\Generated_Source\PSoC4\cyfitter_cfg.c **** 		{
 523              		.loc 1 400 0 discriminator 3
 524 00f0 FB1D     		adds	r3, r7, #7
 525 00f2 1A78     		ldrb	r2, [r3]
 526 00f4 FB1D     		adds	r3, r7, #7
 527 00f6 0132     		adds	r2, r2, #1
 528 00f8 1A70     		strb	r2, [r3]
 529              	.L21:
 400:C:\Program Files (x86)\Cypress\PSoC Creator\4.4\PSoC Creator\1\CapSense_CSD_P4_Design01.cydsn\Generated_Source\PSoC4\cyfitter_cfg.c **** 		{
 530              		.loc 1 400 0 is_stmt 0 discriminator 1
 531 00fa FB1D     		adds	r3, r7, #7
 532 00fc 1B78     		ldrb	r3, [r3]
 533 00fe 012B     		cmp	r3, #1
 534 0100 D8D9     		bls	.L22
 404:C:\Program Files (x86)\Cypress\PSoC Creator\4.4\PSoC Creator\1\CapSense_CSD_P4_Design01.cydsn\Generated_Source\PSoC4\cyfitter_cfg.c **** 		}
 405:C:\Program Files (x86)\Cypress\PSoC Creator\4.4\PSoC Creator\1\CapSense_CSD_P4_Design01.cydsn\Generated_Source\PSoC4\cyfitter_cfg.c **** 
 406:C:\Program Files (x86)\Cypress\PSoC Creator\4.4\PSoC Creator\1\CapSense_CSD_P4_Design01.cydsn\Generated_Source\PSoC4\cyfitter_cfg.c **** 		cfg_write_bytes32(cy_cfg_addr_table, cy_cfg_data_table);
 535              		.loc 1 406 0 is_stmt 1
 536 0102 2B4A     		ldr	r2, .L23+4
 537 0104 2B4B     		ldr	r3, .L23+8
 538 0106 1100     		movs	r1, r2
 539 0108 1800     		movs	r0, r3
 540 010a FFF7FEFF 		bl	cfg_write_bytes32
 407:C:\Program Files (x86)\Cypress\PSoC Creator\4.4\PSoC Creator\1\CapSense_CSD_P4_Design01.cydsn\Generated_Source\PSoC4\cyfitter_cfg.c **** 
 408:C:\Program Files (x86)\Cypress\PSoC Creator\4.4\PSoC Creator\1\CapSense_CSD_P4_Design01.cydsn\Generated_Source\PSoC4\cyfitter_cfg.c **** 		/* HSIOM Starting address: CYDEV_HSIOM_BASE */
 409:C:\Program Files (x86)\Cypress\PSoC Creator\4.4\PSoC Creator\1\CapSense_CSD_P4_Design01.cydsn\Generated_Source\PSoC4\cyfitter_cfg.c **** 		CY_SET_REG32((void *)(CYDEV_HSIOM_BASE), 0x00003300u);
 541              		.loc 1 409 0
 542 010e 2A4B     		ldr	r3, .L23+12
 543 0110 CC22     		movs	r2, #204
 544 0112 9201     		lsls	r2, r2, #6
 545 0114 1A60     		str	r2, [r3]
 410:C:\Program Files (x86)\Cypress\PSoC Creator\4.4\PSoC Creator\1\CapSense_CSD_P4_Design01.cydsn\Generated_Source\PSoC4\cyfitter_cfg.c **** 		CY_SET_REG32((void *)(CYREG_HSIOM_PORT_SEL3), 0x0000EE00u);
 546              		.loc 1 410 0
 547 0116 294B     		ldr	r3, .L23+16
 548 0118 EE22     		movs	r2, #238
 549 011a 1202     		lsls	r2, r2, #8
 550 011c 1A60     		str	r2, [r3]
 411:C:\Program Files (x86)\Cypress\PSoC Creator\4.4\PSoC Creator\1\CapSense_CSD_P4_Design01.cydsn\Generated_Source\PSoC4\cyfitter_cfg.c **** 
 412:C:\Program Files (x86)\Cypress\PSoC Creator\4.4\PSoC Creator\1\CapSense_CSD_P4_Design01.cydsn\Generated_Source\PSoC4\cyfitter_cfg.c **** 		/* UDB_PA_0 Starting address: CYDEV_UDB_PA0_BASE */
 413:C:\Program Files (x86)\Cypress\PSoC Creator\4.4\PSoC Creator\1\CapSense_CSD_P4_Design01.cydsn\Generated_Source\PSoC4\cyfitter_cfg.c **** 		CY_SET_REG32((void *)(CYDEV_UDB_PA0_BASE), 0x00990000u);
 551              		.loc 1 413 0
ARM GAS  C:\Users\taips\AppData\Local\Temp\cc1EP6RD.s 			page 18


 552 011e 284B     		ldr	r3, .L23+20
 553 0120 9922     		movs	r2, #153
 554 0122 1204     		lsls	r2, r2, #16
 555 0124 1A60     		str	r2, [r3]
 414:C:\Program Files (x86)\Cypress\PSoC Creator\4.4\PSoC Creator\1\CapSense_CSD_P4_Design01.cydsn\Generated_Source\PSoC4\cyfitter_cfg.c **** 		CY_SET_REG32((void *)(CYREG_UDB_PA0_CFG8), 0x00B00000u);
 556              		.loc 1 414 0
 557 0126 274B     		ldr	r3, .L23+24
 558 0128 B022     		movs	r2, #176
 559 012a 1204     		lsls	r2, r2, #16
 560 012c 1A60     		str	r2, [r3]
 415:C:\Program Files (x86)\Cypress\PSoC Creator\4.4\PSoC Creator\1\CapSense_CSD_P4_Design01.cydsn\Generated_Source\PSoC4\cyfitter_cfg.c **** 
 416:C:\Program Files (x86)\Cypress\PSoC Creator\4.4\PSoC Creator\1\CapSense_CSD_P4_Design01.cydsn\Generated_Source\PSoC4\cyfitter_cfg.c **** 		/* UDB_PA_1 Starting address: CYDEV_UDB_PA1_BASE */
 417:C:\Program Files (x86)\Cypress\PSoC Creator\4.4\PSoC Creator\1\CapSense_CSD_P4_Design01.cydsn\Generated_Source\PSoC4\cyfitter_cfg.c **** 		CY_SET_REG32((void *)(CYDEV_UDB_PA1_BASE), 0x00990000u);
 561              		.loc 1 417 0
 562 012e 264B     		ldr	r3, .L23+28
 563 0130 9922     		movs	r2, #153
 564 0132 1204     		lsls	r2, r2, #16
 565 0134 1A60     		str	r2, [r3]
 418:C:\Program Files (x86)\Cypress\PSoC Creator\4.4\PSoC Creator\1\CapSense_CSD_P4_Design01.cydsn\Generated_Source\PSoC4\cyfitter_cfg.c **** 
 419:C:\Program Files (x86)\Cypress\PSoC Creator\4.4\PSoC Creator\1\CapSense_CSD_P4_Design01.cydsn\Generated_Source\PSoC4\cyfitter_cfg.c **** 		/* UDB_PA_3 Starting address: CYDEV_UDB_PA3_BASE */
 420:C:\Program Files (x86)\Cypress\PSoC Creator\4.4\PSoC Creator\1\CapSense_CSD_P4_Design01.cydsn\Generated_Source\PSoC4\cyfitter_cfg.c **** 		CY_SET_REG32((void *)(CYDEV_UDB_PA3_BASE), 0x00990000u);
 566              		.loc 1 420 0
 567 0136 254B     		ldr	r3, .L23+32
 568 0138 9922     		movs	r2, #153
 569 013a 1204     		lsls	r2, r2, #16
 570 013c 1A60     		str	r2, [r3]
 421:C:\Program Files (x86)\Cypress\PSoC Creator\4.4\PSoC Creator\1\CapSense_CSD_P4_Design01.cydsn\Generated_Source\PSoC4\cyfitter_cfg.c **** 		CY_SET_REG32((void *)(CYREG_UDB_PA3_CFG8), 0x20000000u);
 571              		.loc 1 421 0
 572 013e 244B     		ldr	r3, .L23+36
 573 0140 8022     		movs	r2, #128
 574 0142 9205     		lsls	r2, r2, #22
 575 0144 1A60     		str	r2, [r3]
 422:C:\Program Files (x86)\Cypress\PSoC Creator\4.4\PSoC Creator\1\CapSense_CSD_P4_Design01.cydsn\Generated_Source\PSoC4\cyfitter_cfg.c **** 
 423:C:\Program Files (x86)\Cypress\PSoC Creator\4.4\PSoC Creator\1\CapSense_CSD_P4_Design01.cydsn\Generated_Source\PSoC4\cyfitter_cfg.c **** 		/* Enable UDB array and digital routing */
 424:C:\Program Files (x86)\Cypress\PSoC Creator\4.4\PSoC Creator\1\CapSense_CSD_P4_Design01.cydsn\Generated_Source\PSoC4\cyfitter_cfg.c **** 		CY_SET_XTND_REG8((void *)CYREG_UDB_UDBIF_WAIT_CFG, (uint8)((CY_GET_XTND_REG8((void *)CYREG_UDB_UD
 576              		.loc 1 424 0
 577 0146 234A     		ldr	r2, .L23+40
 578 0148 224B     		ldr	r3, .L23+40
 579 014a 1B78     		ldrb	r3, [r3]
 580 014c DBB2     		uxtb	r3, r3
 581 014e 3C21     		movs	r1, #60
 582 0150 8B43     		bics	r3, r1
 583 0152 DBB2     		uxtb	r3, r3
 584 0154 1421     		movs	r1, #20
 585 0156 0B43     		orrs	r3, r1
 586 0158 DBB2     		uxtb	r3, r3
 587 015a 1370     		strb	r3, [r2]
 425:C:\Program Files (x86)\Cypress\PSoC Creator\4.4\PSoC Creator\1\CapSense_CSD_P4_Design01.cydsn\Generated_Source\PSoC4\cyfitter_cfg.c **** 		CY_SET_XTND_REG8((void *)CYREG_UDB_UDBIF_BANK_CTL, (uint8)(CY_GET_XTND_REG8((void *)CYREG_UDB_UDB
 588              		.loc 1 425 0
 589 015c 1E4A     		ldr	r2, .L23+44
 590 015e 1E4B     		ldr	r3, .L23+44
 591 0160 1B78     		ldrb	r3, [r3]
 592 0162 DBB2     		uxtb	r3, r3
 593 0164 1621     		movs	r1, #22
 594 0166 0B43     		orrs	r3, r1
 595 0168 DBB2     		uxtb	r3, r3
 596 016a 1370     		strb	r3, [r2]
ARM GAS  C:\Users\taips\AppData\Local\Temp\cc1EP6RD.s 			page 19


 597              	.LBE3:
 426:C:\Program Files (x86)\Cypress\PSoC Creator\4.4\PSoC Creator\1\CapSense_CSD_P4_Design01.cydsn\Generated_Source\PSoC4\cyfitter_cfg.c **** 	}
 427:C:\Program Files (x86)\Cypress\PSoC Creator\4.4\PSoC Creator\1\CapSense_CSD_P4_Design01.cydsn\Generated_Source\PSoC4\cyfitter_cfg.c **** 
 428:C:\Program Files (x86)\Cypress\PSoC Creator\4.4\PSoC Creator\1\CapSense_CSD_P4_Design01.cydsn\Generated_Source\PSoC4\cyfitter_cfg.c **** 	/* Perform second pass device configuration. These items must be configured in specific order afte
 429:C:\Program Files (x86)\Cypress\PSoC Creator\4.4\PSoC Creator\1\CapSense_CSD_P4_Design01.cydsn\Generated_Source\PSoC4\cyfitter_cfg.c **** 	/* IOPINS0_0 Starting address: CYDEV_PRT0_BASE */
 430:C:\Program Files (x86)\Cypress\PSoC Creator\4.4\PSoC Creator\1\CapSense_CSD_P4_Design01.cydsn\Generated_Source\PSoC4\cyfitter_cfg.c **** 	CY_SET_REG32((void *)(CYDEV_PRT0_BASE), 0x0000000Cu);
 598              		.loc 1 430 0
 599 016c 1B4B     		ldr	r3, .L23+48
 600 016e 0C22     		movs	r2, #12
 601 0170 1A60     		str	r2, [r3]
 431:C:\Program Files (x86)\Cypress\PSoC Creator\4.4\PSoC Creator\1\CapSense_CSD_P4_Design01.cydsn\Generated_Source\PSoC4\cyfitter_cfg.c **** 	CY_SET_REG32((void *)(CYREG_PRT0_PC), 0x00000D80u);
 602              		.loc 1 431 0
 603 0172 1B4B     		ldr	r3, .L23+52
 604 0174 D822     		movs	r2, #216
 605 0176 1201     		lsls	r2, r2, #4
 606 0178 1A60     		str	r2, [r3]
 432:C:\Program Files (x86)\Cypress\PSoC Creator\4.4\PSoC Creator\1\CapSense_CSD_P4_Design01.cydsn\Generated_Source\PSoC4\cyfitter_cfg.c **** 
 433:C:\Program Files (x86)\Cypress\PSoC Creator\4.4\PSoC Creator\1\CapSense_CSD_P4_Design01.cydsn\Generated_Source\PSoC4\cyfitter_cfg.c **** 	/* IOPINS0_1 Starting address: CYDEV_PRT1_BASE */
 434:C:\Program Files (x86)\Cypress\PSoC Creator\4.4\PSoC Creator\1\CapSense_CSD_P4_Design01.cydsn\Generated_Source\PSoC4\cyfitter_cfg.c **** 	CY_SET_REG32((void *)(CYDEV_PRT1_BASE), 0x0000003Eu);
 607              		.loc 1 434 0
 608 017a 1A4B     		ldr	r3, .L23+56
 609 017c 3E22     		movs	r2, #62
 610 017e 1A60     		str	r2, [r3]
 435:C:\Program Files (x86)\Cypress\PSoC Creator\4.4\PSoC Creator\1\CapSense_CSD_P4_Design01.cydsn\Generated_Source\PSoC4\cyfitter_cfg.c **** 	CY_SET_REG32((void *)(CYREG_PRT1_PC2), 0x0000003Eu);
 611              		.loc 1 435 0
 612 0180 194B     		ldr	r3, .L23+60
 613 0182 3E22     		movs	r2, #62
 614 0184 1A60     		str	r2, [r3]
 436:C:\Program Files (x86)\Cypress\PSoC Creator\4.4\PSoC Creator\1\CapSense_CSD_P4_Design01.cydsn\Generated_Source\PSoC4\cyfitter_cfg.c **** 
 437:C:\Program Files (x86)\Cypress\PSoC Creator\4.4\PSoC Creator\1\CapSense_CSD_P4_Design01.cydsn\Generated_Source\PSoC4\cyfitter_cfg.c **** 	/* IOPINS0_3 Starting address: CYDEV_PRT3_BASE */
 438:C:\Program Files (x86)\Cypress\PSoC Creator\4.4\PSoC Creator\1\CapSense_CSD_P4_Design01.cydsn\Generated_Source\PSoC4\cyfitter_cfg.c **** 	CY_SET_REG32((void *)(CYREG_PRT3_PC), 0x00000D80u);
 615              		.loc 1 438 0
 616 0186 194B     		ldr	r3, .L23+64
 617 0188 D822     		movs	r2, #216
 618 018a 1201     		lsls	r2, r2, #4
 619 018c 1A60     		str	r2, [r3]
 439:C:\Program Files (x86)\Cypress\PSoC Creator\4.4\PSoC Creator\1\CapSense_CSD_P4_Design01.cydsn\Generated_Source\PSoC4\cyfitter_cfg.c **** 
 440:C:\Program Files (x86)\Cypress\PSoC Creator\4.4\PSoC Creator\1\CapSense_CSD_P4_Design01.cydsn\Generated_Source\PSoC4\cyfitter_cfg.c **** 	/* IOPINS0_4 Starting address: CYDEV_PRT4_BASE */
 441:C:\Program Files (x86)\Cypress\PSoC Creator\4.4\PSoC Creator\1\CapSense_CSD_P4_Design01.cydsn\Generated_Source\PSoC4\cyfitter_cfg.c **** 	CY_SET_REG32((void *)(CYDEV_PRT4_BASE), 0x00000004u);
 620              		.loc 1 441 0
 621 018e 184B     		ldr	r3, .L23+68
 622 0190 0422     		movs	r2, #4
 623 0192 1A60     		str	r2, [r3]
 442:C:\Program Files (x86)\Cypress\PSoC Creator\4.4\PSoC Creator\1\CapSense_CSD_P4_Design01.cydsn\Generated_Source\PSoC4\cyfitter_cfg.c **** 	CY_SET_REG32((void *)(CYREG_PRT4_PC2), 0x00000004u);
 624              		.loc 1 442 0
 625 0194 174B     		ldr	r3, .L23+72
 626 0196 0422     		movs	r2, #4
 627 0198 1A60     		str	r2, [r3]
 443:C:\Program Files (x86)\Cypress\PSoC Creator\4.4\PSoC Creator\1\CapSense_CSD_P4_Design01.cydsn\Generated_Source\PSoC4\cyfitter_cfg.c **** 
 444:C:\Program Files (x86)\Cypress\PSoC Creator\4.4\PSoC Creator\1\CapSense_CSD_P4_Design01.cydsn\Generated_Source\PSoC4\cyfitter_cfg.c **** 
 445:C:\Program Files (x86)\Cypress\PSoC Creator\4.4\PSoC Creator\1\CapSense_CSD_P4_Design01.cydsn\Generated_Source\PSoC4\cyfitter_cfg.c **** 	/* Setup clocks based on selections from Clock DWR */
 446:C:\Program Files (x86)\Cypress\PSoC Creator\4.4\PSoC Creator\1\CapSense_CSD_P4_Design01.cydsn\Generated_Source\PSoC4\cyfitter_cfg.c **** 	ClockSetup();
 628              		.loc 1 446 0
 629 019a FFF731FF 		bl	ClockSetup
 447:C:\Program Files (x86)\Cypress\PSoC Creator\4.4\PSoC Creator\1\CapSense_CSD_P4_Design01.cydsn\Generated_Source\PSoC4\cyfitter_cfg.c **** 
 448:C:\Program Files (x86)\Cypress\PSoC Creator\4.4\PSoC Creator\1\CapSense_CSD_P4_Design01.cydsn\Generated_Source\PSoC4\cyfitter_cfg.c **** 	/* Perform basic analog initialization to defaults */
 449:C:\Program Files (x86)\Cypress\PSoC Creator\4.4\PSoC Creator\1\CapSense_CSD_P4_Design01.cydsn\Generated_Source\PSoC4\cyfitter_cfg.c **** 	AnalogSetDefault();
ARM GAS  C:\Users\taips\AppData\Local\Temp\cc1EP6RD.s 			page 20


 630              		.loc 1 449 0
 631 019e FFF7FEFF 		bl	AnalogSetDefault
 450:C:\Program Files (x86)\Cypress\PSoC Creator\4.4\PSoC Creator\1\CapSense_CSD_P4_Design01.cydsn\Generated_Source\PSoC4\cyfitter_cfg.c **** 
 451:C:\Program Files (x86)\Cypress\PSoC Creator\4.4\PSoC Creator\1\CapSense_CSD_P4_Design01.cydsn\Generated_Source\PSoC4\cyfitter_cfg.c **** }
 632              		.loc 1 451 0
 633 01a2 C046     		nop
 634 01a4 BD46     		mov	sp, r7
 635 01a6 02B0     		add	sp, sp, #8
 636              		@ sp needed
 637 01a8 80BD     		pop	{r7, pc}
 638              	.L24:
 639 01aa C046     		.align	2
 640              	.L23:
 641 01ac 00000000 		.word	cfg_memset_list.4876
 642 01b0 28000000 		.word	cy_cfg_data_table.4871
 643 01b4 0C000000 		.word	cy_cfg_addr_table.4870
 644 01b8 00000140 		.word	1073807360
 645 01bc 0C000140 		.word	1073807372
 646 01c0 00500F40 		.word	1074745344
 647 01c4 08500F40 		.word	1074745352
 648 01c8 10500F40 		.word	1074745360
 649 01cc 30500F40 		.word	1074745392
 650 01d0 38500F40 		.word	1074745400
 651 01d4 01700F40 		.word	1074753537
 652 01d8 00700F40 		.word	1074753536
 653 01dc 00000440 		.word	1074003968
 654 01e0 08000440 		.word	1074003976
 655 01e4 00010440 		.word	1074004224
 656 01e8 18010440 		.word	1074004248
 657 01ec 08030440 		.word	1074004744
 658 01f0 00040440 		.word	1074004992
 659 01f4 18040440 		.word	1074005016
 660              		.cfi_endproc
 661              	.LFE7:
 662              		.size	cyfitter_cfg, .-cyfitter_cfg
 663              		.section	.rodata
 664              		.align	2
 665              		.type	cfg_memset_list.4876, %object
 666              		.size	cfg_memset_list.4876, 12
 667              	cfg_memset_list.4876:
 668 0000 00300F40 		.word	1074737152
 669 0004 0004     		.short	1024
 670 0006 00400F40 		.4byte	1074741248
 671 000a 0004     		.short	1024
 672              		.align	2
 673              		.type	cy_cfg_addr_table.4870, %object
 674              		.size	cy_cfg_addr_table.4870, 28
 675              	cy_cfg_addr_table.4870:
 676 000c 04300F40 		.word	1074737156
 677 0010 02310F40 		.word	1074737410
 678 0014 02330F40 		.word	1074737922
 679 0018 06400F40 		.word	1074741254
 680 001c 02410F40 		.word	1074741506
 681 0020 04420F40 		.word	1074741764
 682 0024 0C430F40 		.word	1074742028
 683              		.align	2
 684              		.type	cy_cfg_data_table.4871, %object
ARM GAS  C:\Users\taips\AppData\Local\Temp\cc1EP6RD.s 			page 21


 685              		.size	cy_cfg_data_table.4871, 64
 686              	cy_cfg_data_table.4871:
 687 0028 38       		.byte	56
 688 0029 80       		.byte	-128
 689 002a 3E       		.byte	62
 690 002b 40       		.byte	64
 691 002c 58       		.byte	88
 692 002d 04       		.byte	4
 693 002e 5F       		.byte	95
 694 002f 01       		.byte	1
 695 0030 18       		.byte	24
 696 0031 01       		.byte	1
 697 0032 E2       		.byte	-30
 698 0033 04       		.byte	4
 699 0034 B4       		.byte	-76
 700 0035 01       		.byte	1
 701 0036 EA       		.byte	-22
 702 0037 01       		.byte	1
 703 0038 52       		.byte	82
 704 0039 02       		.byte	2
 705 003a 54       		.byte	84
 706 003b 02       		.byte	2
 707 003c 80       		.byte	-128
 708 003d 02       		.byte	2
 709 003e D4       		.byte	-44
 710 003f 80       		.byte	-128
 711 0040 D6       		.byte	-42
 712 0041 20       		.byte	32
 713 0042 E2       		.byte	-30
 714 0043 20       		.byte	32
 715 0044 AA       		.byte	-86
 716 0045 02       		.byte	2
 717 0046 EA       		.byte	-22
 718 0047 80       		.byte	-128
 719 0048 6C       		.byte	108
 720 0049 40       		.byte	64
 721 004a 70       		.byte	112
 722 004b 08       		.byte	8
 723 004c 80       		.byte	-128
 724 004d 10       		.byte	16
 725 004e DC       		.byte	-36
 726 004f 03       		.byte	3
 727 0050 18       		.byte	24
 728 0051 20       		.byte	32
 729 0052 20       		.byte	32
 730 0053 01       		.byte	1
 731 0054 61       		.byte	97
 732 0055 02       		.byte	2
 733 0056 94       		.byte	-108
 734 0057 21       		.byte	33
 735 0058 A1       		.byte	-95
 736 0059 02       		.byte	2
 737 005a A8       		.byte	-88
 738 005b 01       		.byte	1
 739 005c B4       		.byte	-76
 740 005d 48       		.byte	72
 741 005e B5       		.byte	-75
ARM GAS  C:\Users\taips\AppData\Local\Temp\cc1EP6RD.s 			page 22


 742 005f 02       		.byte	2
 743 0060 C6       		.byte	-58
 744 0061 08       		.byte	8
 745 0062 C8       		.byte	-56
 746 0063 08       		.byte	8
 747 0064 D8       		.byte	-40
 748 0065 02       		.byte	2
 749 0066 EC       		.byte	-20
 750 0067 08       		.byte	8
 751              		.text
 752              	.Letext0:
 753              		.file 2 "c:\\program files (x86)\\cypress\\psoc creator\\4.4\\psoc creator\\import\\gnu\\arm\\5.4.
 754              		.file 3 "C:\\Program Files (x86)\\Cypress\\PSoC Creator\\4.4\\PSoC Creator\\1\\CapSense_CSD_P4_Des
 755              		.section	.debug_info,"",%progbits
 756              	.Ldebug_info0:
 757 0000 8B030000 		.4byte	0x38b
 758 0004 0400     		.2byte	0x4
 759 0006 00000000 		.4byte	.Ldebug_abbrev0
 760 000a 04       		.byte	0x4
 761 000b 01       		.uleb128 0x1
 762 000c B0000000 		.4byte	.LASF44
 763 0010 0C       		.byte	0xc
 764 0011 6A020000 		.4byte	.LASF45
 765 0015 00000000 		.4byte	.Ldebug_ranges0+0
 766 0019 00000000 		.4byte	0
 767 001d 00000000 		.4byte	.Ldebug_line0
 768 0021 02       		.uleb128 0x2
 769 0022 04       		.byte	0x4
 770 0023 05       		.byte	0x5
 771 0024 696E7400 		.ascii	"int\000"
 772 0028 03       		.uleb128 0x3
 773 0029 16000000 		.4byte	.LASF12
 774 002d 02       		.byte	0x2
 775 002e D8       		.byte	0xd8
 776 002f 33000000 		.4byte	0x33
 777 0033 04       		.uleb128 0x4
 778 0034 04       		.byte	0x4
 779 0035 07       		.byte	0x7
 780 0036 AC010000 		.4byte	.LASF0
 781 003a 04       		.uleb128 0x4
 782 003b 08       		.byte	0x8
 783 003c 05       		.byte	0x5
 784 003d F7010000 		.4byte	.LASF1
 785 0041 04       		.uleb128 0x4
 786 0042 08       		.byte	0x8
 787 0043 04       		.byte	0x4
 788 0044 3F020000 		.4byte	.LASF2
 789 0048 04       		.uleb128 0x4
 790 0049 01       		.byte	0x1
 791 004a 06       		.byte	0x6
 792 004b 4B020000 		.4byte	.LASF3
 793 004f 04       		.uleb128 0x4
 794 0050 01       		.byte	0x1
 795 0051 08       		.byte	0x8
 796 0052 54010000 		.4byte	.LASF4
 797 0056 04       		.uleb128 0x4
 798 0057 02       		.byte	0x2
ARM GAS  C:\Users\taips\AppData\Local\Temp\cc1EP6RD.s 			page 23


 799 0058 05       		.byte	0x5
 800 0059 24020000 		.4byte	.LASF5
 801 005d 04       		.uleb128 0x4
 802 005e 02       		.byte	0x2
 803 005f 07       		.byte	0x7
 804 0060 57020000 		.4byte	.LASF6
 805 0064 04       		.uleb128 0x4
 806 0065 04       		.byte	0x4
 807 0066 05       		.byte	0x5
 808 0067 36020000 		.4byte	.LASF7
 809 006b 04       		.uleb128 0x4
 810 006c 04       		.byte	0x4
 811 006d 07       		.byte	0x7
 812 006e 8E000000 		.4byte	.LASF8
 813 0072 04       		.uleb128 0x4
 814 0073 08       		.byte	0x8
 815 0074 07       		.byte	0x7
 816 0075 C1010000 		.4byte	.LASF9
 817 0079 04       		.uleb128 0x4
 818 007a 04       		.byte	0x4
 819 007b 07       		.byte	0x7
 820 007c EE010000 		.4byte	.LASF10
 821 0080 05       		.uleb128 0x5
 822 0081 04       		.byte	0x4
 823 0082 04       		.uleb128 0x4
 824 0083 01       		.byte	0x1
 825 0084 08       		.byte	0x8
 826 0085 05020000 		.4byte	.LASF11
 827 0089 06       		.uleb128 0x6
 828 008a A0000000 		.4byte	.LASF13
 829 008e 03       		.byte	0x3
 830 008f D201     		.2byte	0x1d2
 831 0091 4F000000 		.4byte	0x4f
 832 0095 06       		.uleb128 0x6
 833 0096 93010000 		.4byte	.LASF14
 834 009a 03       		.byte	0x3
 835 009b D301     		.2byte	0x1d3
 836 009d 5D000000 		.4byte	0x5d
 837 00a1 06       		.uleb128 0x6
 838 00a2 A5010000 		.4byte	.LASF15
 839 00a6 03       		.byte	0x3
 840 00a7 D401     		.2byte	0x1d4
 841 00a9 6B000000 		.4byte	0x6b
 842 00ad 04       		.uleb128 0x4
 843 00ae 04       		.byte	0x4
 844 00af 04       		.byte	0x4
 845 00b0 69000000 		.4byte	.LASF16
 846 00b4 04       		.uleb128 0x4
 847 00b5 08       		.byte	0x8
 848 00b6 04       		.byte	0x4
 849 00b7 62010000 		.4byte	.LASF17
 850 00bb 06       		.uleb128 0x6
 851 00bc 89000000 		.4byte	.LASF18
 852 00c0 03       		.byte	0x3
 853 00c1 7C02     		.2byte	0x27c
 854 00c3 C7000000 		.4byte	0xc7
 855 00c7 07       		.uleb128 0x7
ARM GAS  C:\Users\taips\AppData\Local\Temp\cc1EP6RD.s 			page 24


 856 00c8 89000000 		.4byte	0x89
 857 00cc 06       		.uleb128 0x6
 858 00cd 10000000 		.4byte	.LASF19
 859 00d1 03       		.byte	0x3
 860 00d2 7E02     		.2byte	0x27e
 861 00d4 D8000000 		.4byte	0xd8
 862 00d8 07       		.uleb128 0x7
 863 00d9 A1000000 		.4byte	0xa1
 864 00dd 08       		.uleb128 0x8
 865 00de 02       		.byte	0x2
 866 00df 01       		.byte	0x1
 867 00e0 96       		.byte	0x96
 868 00e1 FE000000 		.4byte	0xfe
 869 00e5 09       		.uleb128 0x9
 870 00e6 1D020000 		.4byte	.LASF20
 871 00ea 01       		.byte	0x1
 872 00eb 98       		.byte	0x98
 873 00ec 89000000 		.4byte	0x89
 874 00f0 00       		.byte	0
 875 00f1 09       		.uleb128 0x9
 876 00f2 2E000000 		.4byte	.LASF21
 877 00f6 01       		.byte	0x1
 878 00f7 99       		.byte	0x99
 879 00f8 89000000 		.4byte	0x89
 880 00fc 01       		.byte	0x1
 881 00fd 00       		.byte	0
 882 00fe 03       		.uleb128 0x3
 883 00ff 0A020000 		.4byte	.LASF22
 884 0103 01       		.byte	0x1
 885 0104 9A       		.byte	0x9a
 886 0105 DD000000 		.4byte	0xdd
 887 0109 0A       		.uleb128 0xa
 888 010a A6000000 		.4byte	.LASF23
 889 010e 01       		.byte	0x1
 890 010f 4B       		.byte	0x4b
 891 0110 00000000 		.4byte	.LFB0
 892 0114 1E000000 		.4byte	.LFE0-.LFB0
 893 0118 01       		.uleb128 0x1
 894 0119 9C       		.byte	0x9c
 895 011a 37010000 		.4byte	0x137
 896 011e 0B       		.uleb128 0xb
 897 011f 7300     		.ascii	"s\000"
 898 0121 01       		.byte	0x1
 899 0122 4B       		.byte	0x4b
 900 0123 80000000 		.4byte	0x80
 901 0127 02       		.uleb128 0x2
 902 0128 91       		.byte	0x91
 903 0129 74       		.sleb128 -12
 904 012a 0B       		.uleb128 0xb
 905 012b 6E00     		.ascii	"n\000"
 906 012d 01       		.byte	0x1
 907 012e 4B       		.byte	0x4b
 908 012f 28000000 		.4byte	0x28
 909 0133 02       		.uleb128 0x2
 910 0134 91       		.byte	0x91
 911 0135 70       		.sleb128 -16
 912 0136 00       		.byte	0
ARM GAS  C:\Users\taips\AppData\Local\Temp\cc1EP6RD.s 			page 25


 913 0137 0A       		.uleb128 0xa
 914 0138 F7020000 		.4byte	.LASF24
 915 013c 01       		.byte	0x1
 916 013d 52       		.byte	0x52
 917 013e 00000000 		.4byte	.LFB1
 918 0142 20000000 		.4byte	.LFE1-.LFB1
 919 0146 01       		.uleb128 0x1
 920 0147 9C       		.byte	0x9c
 921 0148 75010000 		.4byte	0x175
 922 014c 0C       		.uleb128 0xc
 923 014d 6F000000 		.4byte	.LASF25
 924 0151 01       		.byte	0x1
 925 0152 52       		.byte	0x52
 926 0153 80000000 		.4byte	0x80
 927 0157 02       		.uleb128 0x2
 928 0158 91       		.byte	0x91
 929 0159 74       		.sleb128 -12
 930 015a 0B       		.uleb128 0xb
 931 015b 73726300 		.ascii	"src\000"
 932 015f 01       		.byte	0x1
 933 0160 52       		.byte	0x52
 934 0161 75010000 		.4byte	0x175
 935 0165 02       		.uleb128 0x2
 936 0166 91       		.byte	0x91
 937 0167 70       		.sleb128 -16
 938 0168 0B       		.uleb128 0xb
 939 0169 6E00     		.ascii	"n\000"
 940 016b 01       		.byte	0x1
 941 016c 52       		.byte	0x52
 942 016d 28000000 		.4byte	0x28
 943 0171 02       		.uleb128 0x2
 944 0172 91       		.byte	0x91
 945 0173 6C       		.sleb128 -20
 946 0174 00       		.byte	0
 947 0175 0D       		.uleb128 0xd
 948 0176 04       		.byte	0x4
 949 0177 7B010000 		.4byte	0x17b
 950 017b 0E       		.uleb128 0xe
 951 017c 0A       		.uleb128 0xa
 952 017d 00000000 		.4byte	.LASF26
 953 0181 01       		.byte	0x1
 954 0182 59       		.byte	0x59
 955 0183 00000000 		.4byte	.LFB2
 956 0187 20000000 		.4byte	.LFE2-.LFB2
 957 018b 01       		.uleb128 0x1
 958 018c 9C       		.byte	0x9c
 959 018d BA010000 		.4byte	0x1ba
 960 0191 0C       		.uleb128 0xc
 961 0192 6F000000 		.4byte	.LASF25
 962 0196 01       		.byte	0x1
 963 0197 59       		.byte	0x59
 964 0198 80000000 		.4byte	0x80
 965 019c 02       		.uleb128 0x2
 966 019d 91       		.byte	0x91
 967 019e 74       		.sleb128 -12
 968 019f 0B       		.uleb128 0xb
 969 01a0 73726300 		.ascii	"src\000"
ARM GAS  C:\Users\taips\AppData\Local\Temp\cc1EP6RD.s 			page 26


 970 01a4 01       		.byte	0x1
 971 01a5 59       		.byte	0x59
 972 01a6 75010000 		.4byte	0x175
 973 01aa 02       		.uleb128 0x2
 974 01ab 91       		.byte	0x91
 975 01ac 70       		.sleb128 -16
 976 01ad 0B       		.uleb128 0xb
 977 01ae 6E00     		.ascii	"n\000"
 978 01b0 01       		.byte	0x1
 979 01b1 59       		.byte	0x59
 980 01b2 28000000 		.4byte	0x28
 981 01b6 02       		.uleb128 0x2
 982 01b7 91       		.byte	0x91
 983 01b8 6C       		.sleb128 -20
 984 01b9 00       		.byte	0
 985 01ba 0F       		.uleb128 0xf
 986 01bb 69010000 		.4byte	.LASF27
 987 01bf 01       		.byte	0x1
 988 01c0 AD       		.byte	0xad
 989 01c1 00000000 		.4byte	.LFB3
 990 01c5 82000000 		.4byte	.LFE3-.LFB3
 991 01c9 01       		.uleb128 0x1
 992 01ca 9C       		.byte	0x9c
 993 01cb 2A020000 		.4byte	0x22a
 994 01cf 0C       		.uleb128 0xc
 995 01d0 88010000 		.4byte	.LASF28
 996 01d4 01       		.byte	0x1
 997 01d5 AD       		.byte	0xad
 998 01d6 2A020000 		.4byte	0x22a
 999 01da 02       		.uleb128 0x2
 1000 01db 91       		.byte	0x91
 1001 01dc 64       		.sleb128 -28
 1002 01dd 0C       		.uleb128 0xc
 1003 01de 9A010000 		.4byte	.LASF29
 1004 01e2 01       		.byte	0x1
 1005 01e3 AD       		.byte	0xad
 1006 01e4 35020000 		.4byte	0x235
 1007 01e8 02       		.uleb128 0x2
 1008 01e9 91       		.byte	0x91
 1009 01ea 60       		.sleb128 -32
 1010 01eb 10       		.uleb128 0x10
 1011 01ec 6900     		.ascii	"i\000"
 1012 01ee 01       		.byte	0x1
 1013 01ef B0       		.byte	0xb0
 1014 01f0 A1000000 		.4byte	0xa1
 1015 01f4 02       		.uleb128 0x2
 1016 01f5 91       		.byte	0x91
 1017 01f6 74       		.sleb128 -12
 1018 01f7 10       		.uleb128 0x10
 1019 01f8 6A00     		.ascii	"j\000"
 1020 01fa 01       		.byte	0x1
 1021 01fb B0       		.byte	0xb0
 1022 01fc A1000000 		.4byte	0xa1
 1023 0200 02       		.uleb128 0x2
 1024 0201 91       		.byte	0x91
 1025 0202 70       		.sleb128 -16
 1026 0203 11       		.uleb128 0x11
ARM GAS  C:\Users\taips\AppData\Local\Temp\cc1EP6RD.s 			page 27


 1027 0204 14000000 		.4byte	.LBB2
 1028 0208 5A000000 		.4byte	.LBE2-.LBB2
 1029 020c 12       		.uleb128 0x12
 1030 020d E5010000 		.4byte	.LASF30
 1031 0211 01       		.byte	0x1
 1032 0212 B3       		.byte	0xb3
 1033 0213 A1000000 		.4byte	0xa1
 1034 0217 02       		.uleb128 0x2
 1035 0218 91       		.byte	0x91
 1036 0219 68       		.sleb128 -24
 1037 021a 12       		.uleb128 0x12
 1038 021b 34000000 		.4byte	.LASF31
 1039 021f 01       		.byte	0x1
 1040 0220 B4       		.byte	0xb4
 1041 0221 89000000 		.4byte	0x89
 1042 0225 02       		.uleb128 0x2
 1043 0226 91       		.byte	0x91
 1044 0227 6F       		.sleb128 -17
 1045 0228 00       		.byte	0
 1046 0229 00       		.byte	0
 1047 022a 0D       		.uleb128 0xd
 1048 022b 04       		.byte	0x4
 1049 022c 30020000 		.4byte	0x230
 1050 0230 13       		.uleb128 0x13
 1051 0231 A1000000 		.4byte	0xa1
 1052 0235 0D       		.uleb128 0xd
 1053 0236 04       		.byte	0x4
 1054 0237 3B020000 		.4byte	0x23b
 1055 023b 13       		.uleb128 0x13
 1056 023c FE000000 		.4byte	0xfe
 1057 0240 14       		.uleb128 0x14
 1058 0241 3A000000 		.4byte	.LASF32
 1059 0245 01       		.byte	0x1
 1060 0246 D2       		.byte	0xd2
 1061 0247 00000000 		.4byte	.LFB4
 1062 024b A4000000 		.4byte	.LFE4-.LFB4
 1063 024f 01       		.uleb128 0x1
 1064 0250 9C       		.byte	0x9c
 1065 0251 15       		.uleb128 0x15
 1066 0252 1D000000 		.4byte	.LASF33
 1067 0256 01       		.byte	0x1
 1068 0257 0B01     		.2byte	0x10b
 1069 0259 00000000 		.4byte	.LFB5
 1070 025d 10000000 		.4byte	.LFE5-.LFB5
 1071 0261 01       		.uleb128 0x1
 1072 0262 9C       		.byte	0x9c
 1073 0263 16       		.uleb128 0x16
 1074 0264 3E010000 		.4byte	.LASF36
 1075 0268 01       		.byte	0x1
 1076 0269 2101     		.2byte	0x121
 1077 026b 00000000 		.4byte	.LFB6
 1078 026f 70000000 		.4byte	.LFE6-.LFB6
 1079 0273 01       		.uleb128 0x1
 1080 0274 9C       		.byte	0x9c
 1081 0275 98020000 		.4byte	0x298
 1082 0279 17       		.uleb128 0x17
 1083 027a 2E020000 		.4byte	.LASF34
ARM GAS  C:\Users\taips\AppData\Local\Temp\cc1EP6RD.s 			page 28


 1084 027e 01       		.byte	0x1
 1085 027f 2101     		.2byte	0x121
 1086 0281 89000000 		.4byte	0x89
 1087 0285 02       		.uleb128 0x2
 1088 0286 91       		.byte	0x91
 1089 0287 6F       		.sleb128 -17
 1090 0288 18       		.uleb128 0x18
 1091 0289 EE020000 		.4byte	.LASF35
 1092 028d 01       		.byte	0x1
 1093 028e 2301     		.2byte	0x123
 1094 0290 A1000000 		.4byte	0xa1
 1095 0294 02       		.uleb128 0x2
 1096 0295 91       		.byte	0x91
 1097 0296 74       		.sleb128 -12
 1098 0297 00       		.byte	0
 1099 0298 19       		.uleb128 0x19
 1100 0299 7B010000 		.4byte	.LASF37
 1101 029d 01       		.byte	0x1
 1102 029e 4D01     		.2byte	0x14d
 1103 02a0 A4000000 		.4byte	.LFB7
 1104 02a4 54010000 		.4byte	.LFE7-.LFB7
 1105 02a8 01       		.uleb128 0x1
 1106 02a9 9C       		.byte	0x9c
 1107 02aa 64030000 		.4byte	0x364
 1108 02ae 11       		.uleb128 0x11
 1109 02af AC000000 		.4byte	.LBB3
 1110 02b3 C0000000 		.4byte	.LBE3-.LBB3
 1111 02b7 18       		.uleb128 0x18
 1112 02b8 45000000 		.4byte	.LASF38
 1113 02bc 01       		.byte	0x1
 1114 02bd 5301     		.2byte	0x153
 1115 02bf 74030000 		.4byte	0x374
 1116 02c3 05       		.uleb128 0x5
 1117 02c4 03       		.byte	0x3
 1118 02c5 0C000000 		.4byte	cy_cfg_addr_table.4870
 1119 02c9 18       		.uleb128 0x18
 1120 02ca 57000000 		.4byte	.LASF39
 1121 02ce 01       		.byte	0x1
 1122 02cf 5D01     		.2byte	0x15d
 1123 02d1 89030000 		.4byte	0x389
 1124 02d5 05       		.uleb128 0x5
 1125 02d6 03       		.byte	0x3
 1126 02d7 28000000 		.4byte	cy_cfg_data_table.4871
 1127 02db 1A       		.uleb128 0x1a
 1128 02dc 06       		.byte	0x6
 1129 02dd 01       		.byte	0x1
 1130 02de 8201     		.2byte	0x182
 1131 02e0 FF020000 		.4byte	0x2ff
 1132 02e4 1B       		.uleb128 0x1b
 1133 02e5 B9010000 		.4byte	.LASF40
 1134 02e9 01       		.byte	0x1
 1135 02ea 8301     		.2byte	0x183
 1136 02ec 80000000 		.4byte	0x80
 1137 02f0 00       		.byte	0
 1138 02f1 1B       		.uleb128 0x1b
 1139 02f2 84000000 		.4byte	.LASF41
 1140 02f6 01       		.byte	0x1
ARM GAS  C:\Users\taips\AppData\Local\Temp\cc1EP6RD.s 			page 29


 1141 02f7 8401     		.2byte	0x184
 1142 02f9 95000000 		.4byte	0x95
 1143 02fd 04       		.byte	0x4
 1144 02fe 00       		.byte	0
 1145 02ff 06       		.uleb128 0x6
 1146 0300 D8010000 		.4byte	.LASF42
 1147 0304 01       		.byte	0x1
 1148 0305 8501     		.2byte	0x185
 1149 0307 DB020000 		.4byte	0x2db
 1150 030b 1C       		.uleb128 0x1c
 1151 030c 1B030000 		.4byte	0x31b
 1152 0310 1B030000 		.4byte	0x31b
 1153 0314 1D       		.uleb128 0x1d
 1154 0315 79000000 		.4byte	0x79
 1155 0319 01       		.byte	0x1
 1156 031a 00       		.byte	0
 1157 031b 13       		.uleb128 0x13
 1158 031c FF020000 		.4byte	0x2ff
 1159 0320 18       		.uleb128 0x18
 1160 0321 74000000 		.4byte	.LASF43
 1161 0325 01       		.byte	0x1
 1162 0326 8701     		.2byte	0x187
 1163 0328 32030000 		.4byte	0x332
 1164 032c 05       		.uleb128 0x5
 1165 032d 03       		.byte	0x3
 1166 032e 00000000 		.4byte	cfg_memset_list.4876
 1167 0332 13       		.uleb128 0x13
 1168 0333 0B030000 		.4byte	0x30b
 1169 0337 1E       		.uleb128 0x1e
 1170 0338 6900     		.ascii	"i\000"
 1171 033a 01       		.byte	0x1
 1172 033b 8D01     		.2byte	0x18d
 1173 033d 89000000 		.4byte	0x89
 1174 0341 02       		.uleb128 0x2
 1175 0342 91       		.byte	0x91
 1176 0343 77       		.sleb128 -9
 1177 0344 11       		.uleb128 0x11
 1178 0345 B4000000 		.4byte	.LBB4
 1179 0349 3C000000 		.4byte	.LBE4-.LBB4
 1180 034d 1E       		.uleb128 0x1e
 1181 034e 6D7300   		.ascii	"ms\000"
 1182 0351 01       		.byte	0x1
 1183 0352 9201     		.2byte	0x192
 1184 0354 5B030000 		.4byte	0x35b
 1185 0358 02       		.uleb128 0x2
 1186 0359 91       		.byte	0x91
 1187 035a 70       		.sleb128 -16
 1188 035b 0D       		.uleb128 0xd
 1189 035c 04       		.byte	0x4
 1190 035d 1B030000 		.4byte	0x31b
 1191 0361 00       		.byte	0
 1192 0362 00       		.byte	0
 1193 0363 00       		.byte	0
 1194 0364 1C       		.uleb128 0x1c
 1195 0365 30020000 		.4byte	0x230
 1196 0369 74030000 		.4byte	0x374
 1197 036d 1D       		.uleb128 0x1d
ARM GAS  C:\Users\taips\AppData\Local\Temp\cc1EP6RD.s 			page 30


 1198 036e 79000000 		.4byte	0x79
 1199 0372 06       		.byte	0x6
 1200 0373 00       		.byte	0
 1201 0374 13       		.uleb128 0x13
 1202 0375 64030000 		.4byte	0x364
 1203 0379 1C       		.uleb128 0x1c
 1204 037a 3B020000 		.4byte	0x23b
 1205 037e 89030000 		.4byte	0x389
 1206 0382 1D       		.uleb128 0x1d
 1207 0383 79000000 		.4byte	0x79
 1208 0387 1F       		.byte	0x1f
 1209 0388 00       		.byte	0
 1210 0389 13       		.uleb128 0x13
 1211 038a 79030000 		.4byte	0x379
 1212 038e 00       		.byte	0
 1213              		.section	.debug_abbrev,"",%progbits
 1214              	.Ldebug_abbrev0:
 1215 0000 01       		.uleb128 0x1
 1216 0001 11       		.uleb128 0x11
 1217 0002 01       		.byte	0x1
 1218 0003 25       		.uleb128 0x25
 1219 0004 0E       		.uleb128 0xe
 1220 0005 13       		.uleb128 0x13
 1221 0006 0B       		.uleb128 0xb
 1222 0007 03       		.uleb128 0x3
 1223 0008 0E       		.uleb128 0xe
 1224 0009 55       		.uleb128 0x55
 1225 000a 17       		.uleb128 0x17
 1226 000b 11       		.uleb128 0x11
 1227 000c 01       		.uleb128 0x1
 1228 000d 10       		.uleb128 0x10
 1229 000e 17       		.uleb128 0x17
 1230 000f 00       		.byte	0
 1231 0010 00       		.byte	0
 1232 0011 02       		.uleb128 0x2
 1233 0012 24       		.uleb128 0x24
 1234 0013 00       		.byte	0
 1235 0014 0B       		.uleb128 0xb
 1236 0015 0B       		.uleb128 0xb
 1237 0016 3E       		.uleb128 0x3e
 1238 0017 0B       		.uleb128 0xb
 1239 0018 03       		.uleb128 0x3
 1240 0019 08       		.uleb128 0x8
 1241 001a 00       		.byte	0
 1242 001b 00       		.byte	0
 1243 001c 03       		.uleb128 0x3
 1244 001d 16       		.uleb128 0x16
 1245 001e 00       		.byte	0
 1246 001f 03       		.uleb128 0x3
 1247 0020 0E       		.uleb128 0xe
 1248 0021 3A       		.uleb128 0x3a
 1249 0022 0B       		.uleb128 0xb
 1250 0023 3B       		.uleb128 0x3b
 1251 0024 0B       		.uleb128 0xb
 1252 0025 49       		.uleb128 0x49
 1253 0026 13       		.uleb128 0x13
 1254 0027 00       		.byte	0
ARM GAS  C:\Users\taips\AppData\Local\Temp\cc1EP6RD.s 			page 31


 1255 0028 00       		.byte	0
 1256 0029 04       		.uleb128 0x4
 1257 002a 24       		.uleb128 0x24
 1258 002b 00       		.byte	0
 1259 002c 0B       		.uleb128 0xb
 1260 002d 0B       		.uleb128 0xb
 1261 002e 3E       		.uleb128 0x3e
 1262 002f 0B       		.uleb128 0xb
 1263 0030 03       		.uleb128 0x3
 1264 0031 0E       		.uleb128 0xe
 1265 0032 00       		.byte	0
 1266 0033 00       		.byte	0
 1267 0034 05       		.uleb128 0x5
 1268 0035 0F       		.uleb128 0xf
 1269 0036 00       		.byte	0
 1270 0037 0B       		.uleb128 0xb
 1271 0038 0B       		.uleb128 0xb
 1272 0039 00       		.byte	0
 1273 003a 00       		.byte	0
 1274 003b 06       		.uleb128 0x6
 1275 003c 16       		.uleb128 0x16
 1276 003d 00       		.byte	0
 1277 003e 03       		.uleb128 0x3
 1278 003f 0E       		.uleb128 0xe
 1279 0040 3A       		.uleb128 0x3a
 1280 0041 0B       		.uleb128 0xb
 1281 0042 3B       		.uleb128 0x3b
 1282 0043 05       		.uleb128 0x5
 1283 0044 49       		.uleb128 0x49
 1284 0045 13       		.uleb128 0x13
 1285 0046 00       		.byte	0
 1286 0047 00       		.byte	0
 1287 0048 07       		.uleb128 0x7
 1288 0049 35       		.uleb128 0x35
 1289 004a 00       		.byte	0
 1290 004b 49       		.uleb128 0x49
 1291 004c 13       		.uleb128 0x13
 1292 004d 00       		.byte	0
 1293 004e 00       		.byte	0
 1294 004f 08       		.uleb128 0x8
 1295 0050 13       		.uleb128 0x13
 1296 0051 01       		.byte	0x1
 1297 0052 0B       		.uleb128 0xb
 1298 0053 0B       		.uleb128 0xb
 1299 0054 3A       		.uleb128 0x3a
 1300 0055 0B       		.uleb128 0xb
 1301 0056 3B       		.uleb128 0x3b
 1302 0057 0B       		.uleb128 0xb
 1303 0058 01       		.uleb128 0x1
 1304 0059 13       		.uleb128 0x13
 1305 005a 00       		.byte	0
 1306 005b 00       		.byte	0
 1307 005c 09       		.uleb128 0x9
 1308 005d 0D       		.uleb128 0xd
 1309 005e 00       		.byte	0
 1310 005f 03       		.uleb128 0x3
 1311 0060 0E       		.uleb128 0xe
ARM GAS  C:\Users\taips\AppData\Local\Temp\cc1EP6RD.s 			page 32


 1312 0061 3A       		.uleb128 0x3a
 1313 0062 0B       		.uleb128 0xb
 1314 0063 3B       		.uleb128 0x3b
 1315 0064 0B       		.uleb128 0xb
 1316 0065 49       		.uleb128 0x49
 1317 0066 13       		.uleb128 0x13
 1318 0067 38       		.uleb128 0x38
 1319 0068 0B       		.uleb128 0xb
 1320 0069 00       		.byte	0
 1321 006a 00       		.byte	0
 1322 006b 0A       		.uleb128 0xa
 1323 006c 2E       		.uleb128 0x2e
 1324 006d 01       		.byte	0x1
 1325 006e 03       		.uleb128 0x3
 1326 006f 0E       		.uleb128 0xe
 1327 0070 3A       		.uleb128 0x3a
 1328 0071 0B       		.uleb128 0xb
 1329 0072 3B       		.uleb128 0x3b
 1330 0073 0B       		.uleb128 0xb
 1331 0074 27       		.uleb128 0x27
 1332 0075 19       		.uleb128 0x19
 1333 0076 11       		.uleb128 0x11
 1334 0077 01       		.uleb128 0x1
 1335 0078 12       		.uleb128 0x12
 1336 0079 06       		.uleb128 0x6
 1337 007a 40       		.uleb128 0x40
 1338 007b 18       		.uleb128 0x18
 1339 007c 9642     		.uleb128 0x2116
 1340 007e 19       		.uleb128 0x19
 1341 007f 01       		.uleb128 0x1
 1342 0080 13       		.uleb128 0x13
 1343 0081 00       		.byte	0
 1344 0082 00       		.byte	0
 1345 0083 0B       		.uleb128 0xb
 1346 0084 05       		.uleb128 0x5
 1347 0085 00       		.byte	0
 1348 0086 03       		.uleb128 0x3
 1349 0087 08       		.uleb128 0x8
 1350 0088 3A       		.uleb128 0x3a
 1351 0089 0B       		.uleb128 0xb
 1352 008a 3B       		.uleb128 0x3b
 1353 008b 0B       		.uleb128 0xb
 1354 008c 49       		.uleb128 0x49
 1355 008d 13       		.uleb128 0x13
 1356 008e 02       		.uleb128 0x2
 1357 008f 18       		.uleb128 0x18
 1358 0090 00       		.byte	0
 1359 0091 00       		.byte	0
 1360 0092 0C       		.uleb128 0xc
 1361 0093 05       		.uleb128 0x5
 1362 0094 00       		.byte	0
 1363 0095 03       		.uleb128 0x3
 1364 0096 0E       		.uleb128 0xe
 1365 0097 3A       		.uleb128 0x3a
 1366 0098 0B       		.uleb128 0xb
 1367 0099 3B       		.uleb128 0x3b
 1368 009a 0B       		.uleb128 0xb
ARM GAS  C:\Users\taips\AppData\Local\Temp\cc1EP6RD.s 			page 33


 1369 009b 49       		.uleb128 0x49
 1370 009c 13       		.uleb128 0x13
 1371 009d 02       		.uleb128 0x2
 1372 009e 18       		.uleb128 0x18
 1373 009f 00       		.byte	0
 1374 00a0 00       		.byte	0
 1375 00a1 0D       		.uleb128 0xd
 1376 00a2 0F       		.uleb128 0xf
 1377 00a3 00       		.byte	0
 1378 00a4 0B       		.uleb128 0xb
 1379 00a5 0B       		.uleb128 0xb
 1380 00a6 49       		.uleb128 0x49
 1381 00a7 13       		.uleb128 0x13
 1382 00a8 00       		.byte	0
 1383 00a9 00       		.byte	0
 1384 00aa 0E       		.uleb128 0xe
 1385 00ab 26       		.uleb128 0x26
 1386 00ac 00       		.byte	0
 1387 00ad 00       		.byte	0
 1388 00ae 00       		.byte	0
 1389 00af 0F       		.uleb128 0xf
 1390 00b0 2E       		.uleb128 0x2e
 1391 00b1 01       		.byte	0x1
 1392 00b2 03       		.uleb128 0x3
 1393 00b3 0E       		.uleb128 0xe
 1394 00b4 3A       		.uleb128 0x3a
 1395 00b5 0B       		.uleb128 0xb
 1396 00b6 3B       		.uleb128 0x3b
 1397 00b7 0B       		.uleb128 0xb
 1398 00b8 27       		.uleb128 0x27
 1399 00b9 19       		.uleb128 0x19
 1400 00ba 11       		.uleb128 0x11
 1401 00bb 01       		.uleb128 0x1
 1402 00bc 12       		.uleb128 0x12
 1403 00bd 06       		.uleb128 0x6
 1404 00be 40       		.uleb128 0x40
 1405 00bf 18       		.uleb128 0x18
 1406 00c0 9742     		.uleb128 0x2117
 1407 00c2 19       		.uleb128 0x19
 1408 00c3 01       		.uleb128 0x1
 1409 00c4 13       		.uleb128 0x13
 1410 00c5 00       		.byte	0
 1411 00c6 00       		.byte	0
 1412 00c7 10       		.uleb128 0x10
 1413 00c8 34       		.uleb128 0x34
 1414 00c9 00       		.byte	0
 1415 00ca 03       		.uleb128 0x3
 1416 00cb 08       		.uleb128 0x8
 1417 00cc 3A       		.uleb128 0x3a
 1418 00cd 0B       		.uleb128 0xb
 1419 00ce 3B       		.uleb128 0x3b
 1420 00cf 0B       		.uleb128 0xb
 1421 00d0 49       		.uleb128 0x49
 1422 00d1 13       		.uleb128 0x13
 1423 00d2 02       		.uleb128 0x2
 1424 00d3 18       		.uleb128 0x18
 1425 00d4 00       		.byte	0
ARM GAS  C:\Users\taips\AppData\Local\Temp\cc1EP6RD.s 			page 34


 1426 00d5 00       		.byte	0
 1427 00d6 11       		.uleb128 0x11
 1428 00d7 0B       		.uleb128 0xb
 1429 00d8 01       		.byte	0x1
 1430 00d9 11       		.uleb128 0x11
 1431 00da 01       		.uleb128 0x1
 1432 00db 12       		.uleb128 0x12
 1433 00dc 06       		.uleb128 0x6
 1434 00dd 00       		.byte	0
 1435 00de 00       		.byte	0
 1436 00df 12       		.uleb128 0x12
 1437 00e0 34       		.uleb128 0x34
 1438 00e1 00       		.byte	0
 1439 00e2 03       		.uleb128 0x3
 1440 00e3 0E       		.uleb128 0xe
 1441 00e4 3A       		.uleb128 0x3a
 1442 00e5 0B       		.uleb128 0xb
 1443 00e6 3B       		.uleb128 0x3b
 1444 00e7 0B       		.uleb128 0xb
 1445 00e8 49       		.uleb128 0x49
 1446 00e9 13       		.uleb128 0x13
 1447 00ea 02       		.uleb128 0x2
 1448 00eb 18       		.uleb128 0x18
 1449 00ec 00       		.byte	0
 1450 00ed 00       		.byte	0
 1451 00ee 13       		.uleb128 0x13
 1452 00ef 26       		.uleb128 0x26
 1453 00f0 00       		.byte	0
 1454 00f1 49       		.uleb128 0x49
 1455 00f2 13       		.uleb128 0x13
 1456 00f3 00       		.byte	0
 1457 00f4 00       		.byte	0
 1458 00f5 14       		.uleb128 0x14
 1459 00f6 2E       		.uleb128 0x2e
 1460 00f7 00       		.byte	0
 1461 00f8 03       		.uleb128 0x3
 1462 00f9 0E       		.uleb128 0xe
 1463 00fa 3A       		.uleb128 0x3a
 1464 00fb 0B       		.uleb128 0xb
 1465 00fc 3B       		.uleb128 0x3b
 1466 00fd 0B       		.uleb128 0xb
 1467 00fe 27       		.uleb128 0x27
 1468 00ff 19       		.uleb128 0x19
 1469 0100 11       		.uleb128 0x11
 1470 0101 01       		.uleb128 0x1
 1471 0102 12       		.uleb128 0x12
 1472 0103 06       		.uleb128 0x6
 1473 0104 40       		.uleb128 0x40
 1474 0105 18       		.uleb128 0x18
 1475 0106 9642     		.uleb128 0x2116
 1476 0108 19       		.uleb128 0x19
 1477 0109 00       		.byte	0
 1478 010a 00       		.byte	0
 1479 010b 15       		.uleb128 0x15
 1480 010c 2E       		.uleb128 0x2e
 1481 010d 00       		.byte	0
 1482 010e 03       		.uleb128 0x3
ARM GAS  C:\Users\taips\AppData\Local\Temp\cc1EP6RD.s 			page 35


 1483 010f 0E       		.uleb128 0xe
 1484 0110 3A       		.uleb128 0x3a
 1485 0111 0B       		.uleb128 0xb
 1486 0112 3B       		.uleb128 0x3b
 1487 0113 05       		.uleb128 0x5
 1488 0114 27       		.uleb128 0x27
 1489 0115 19       		.uleb128 0x19
 1490 0116 11       		.uleb128 0x11
 1491 0117 01       		.uleb128 0x1
 1492 0118 12       		.uleb128 0x12
 1493 0119 06       		.uleb128 0x6
 1494 011a 40       		.uleb128 0x40
 1495 011b 18       		.uleb128 0x18
 1496 011c 9642     		.uleb128 0x2116
 1497 011e 19       		.uleb128 0x19
 1498 011f 00       		.byte	0
 1499 0120 00       		.byte	0
 1500 0121 16       		.uleb128 0x16
 1501 0122 2E       		.uleb128 0x2e
 1502 0123 01       		.byte	0x1
 1503 0124 3F       		.uleb128 0x3f
 1504 0125 19       		.uleb128 0x19
 1505 0126 03       		.uleb128 0x3
 1506 0127 0E       		.uleb128 0xe
 1507 0128 3A       		.uleb128 0x3a
 1508 0129 0B       		.uleb128 0xb
 1509 012a 3B       		.uleb128 0x3b
 1510 012b 05       		.uleb128 0x5
 1511 012c 27       		.uleb128 0x27
 1512 012d 19       		.uleb128 0x19
 1513 012e 11       		.uleb128 0x11
 1514 012f 01       		.uleb128 0x1
 1515 0130 12       		.uleb128 0x12
 1516 0131 06       		.uleb128 0x6
 1517 0132 40       		.uleb128 0x40
 1518 0133 18       		.uleb128 0x18
 1519 0134 9742     		.uleb128 0x2117
 1520 0136 19       		.uleb128 0x19
 1521 0137 01       		.uleb128 0x1
 1522 0138 13       		.uleb128 0x13
 1523 0139 00       		.byte	0
 1524 013a 00       		.byte	0
 1525 013b 17       		.uleb128 0x17
 1526 013c 05       		.uleb128 0x5
 1527 013d 00       		.byte	0
 1528 013e 03       		.uleb128 0x3
 1529 013f 0E       		.uleb128 0xe
 1530 0140 3A       		.uleb128 0x3a
 1531 0141 0B       		.uleb128 0xb
 1532 0142 3B       		.uleb128 0x3b
 1533 0143 05       		.uleb128 0x5
 1534 0144 49       		.uleb128 0x49
 1535 0145 13       		.uleb128 0x13
 1536 0146 02       		.uleb128 0x2
 1537 0147 18       		.uleb128 0x18
 1538 0148 00       		.byte	0
 1539 0149 00       		.byte	0
ARM GAS  C:\Users\taips\AppData\Local\Temp\cc1EP6RD.s 			page 36


 1540 014a 18       		.uleb128 0x18
 1541 014b 34       		.uleb128 0x34
 1542 014c 00       		.byte	0
 1543 014d 03       		.uleb128 0x3
 1544 014e 0E       		.uleb128 0xe
 1545 014f 3A       		.uleb128 0x3a
 1546 0150 0B       		.uleb128 0xb
 1547 0151 3B       		.uleb128 0x3b
 1548 0152 05       		.uleb128 0x5
 1549 0153 49       		.uleb128 0x49
 1550 0154 13       		.uleb128 0x13
 1551 0155 02       		.uleb128 0x2
 1552 0156 18       		.uleb128 0x18
 1553 0157 00       		.byte	0
 1554 0158 00       		.byte	0
 1555 0159 19       		.uleb128 0x19
 1556 015a 2E       		.uleb128 0x2e
 1557 015b 01       		.byte	0x1
 1558 015c 3F       		.uleb128 0x3f
 1559 015d 19       		.uleb128 0x19
 1560 015e 03       		.uleb128 0x3
 1561 015f 0E       		.uleb128 0xe
 1562 0160 3A       		.uleb128 0x3a
 1563 0161 0B       		.uleb128 0xb
 1564 0162 3B       		.uleb128 0x3b
 1565 0163 05       		.uleb128 0x5
 1566 0164 27       		.uleb128 0x27
 1567 0165 19       		.uleb128 0x19
 1568 0166 11       		.uleb128 0x11
 1569 0167 01       		.uleb128 0x1
 1570 0168 12       		.uleb128 0x12
 1571 0169 06       		.uleb128 0x6
 1572 016a 40       		.uleb128 0x40
 1573 016b 18       		.uleb128 0x18
 1574 016c 9642     		.uleb128 0x2116
 1575 016e 19       		.uleb128 0x19
 1576 016f 01       		.uleb128 0x1
 1577 0170 13       		.uleb128 0x13
 1578 0171 00       		.byte	0
 1579 0172 00       		.byte	0
 1580 0173 1A       		.uleb128 0x1a
 1581 0174 13       		.uleb128 0x13
 1582 0175 01       		.byte	0x1
 1583 0176 0B       		.uleb128 0xb
 1584 0177 0B       		.uleb128 0xb
 1585 0178 3A       		.uleb128 0x3a
 1586 0179 0B       		.uleb128 0xb
 1587 017a 3B       		.uleb128 0x3b
 1588 017b 05       		.uleb128 0x5
 1589 017c 01       		.uleb128 0x1
 1590 017d 13       		.uleb128 0x13
 1591 017e 00       		.byte	0
 1592 017f 00       		.byte	0
 1593 0180 1B       		.uleb128 0x1b
 1594 0181 0D       		.uleb128 0xd
 1595 0182 00       		.byte	0
 1596 0183 03       		.uleb128 0x3
ARM GAS  C:\Users\taips\AppData\Local\Temp\cc1EP6RD.s 			page 37


 1597 0184 0E       		.uleb128 0xe
 1598 0185 3A       		.uleb128 0x3a
 1599 0186 0B       		.uleb128 0xb
 1600 0187 3B       		.uleb128 0x3b
 1601 0188 05       		.uleb128 0x5
 1602 0189 49       		.uleb128 0x49
 1603 018a 13       		.uleb128 0x13
 1604 018b 38       		.uleb128 0x38
 1605 018c 0B       		.uleb128 0xb
 1606 018d 00       		.byte	0
 1607 018e 00       		.byte	0
 1608 018f 1C       		.uleb128 0x1c
 1609 0190 01       		.uleb128 0x1
 1610 0191 01       		.byte	0x1
 1611 0192 49       		.uleb128 0x49
 1612 0193 13       		.uleb128 0x13
 1613 0194 01       		.uleb128 0x1
 1614 0195 13       		.uleb128 0x13
 1615 0196 00       		.byte	0
 1616 0197 00       		.byte	0
 1617 0198 1D       		.uleb128 0x1d
 1618 0199 21       		.uleb128 0x21
 1619 019a 00       		.byte	0
 1620 019b 49       		.uleb128 0x49
 1621 019c 13       		.uleb128 0x13
 1622 019d 2F       		.uleb128 0x2f
 1623 019e 0B       		.uleb128 0xb
 1624 019f 00       		.byte	0
 1625 01a0 00       		.byte	0
 1626 01a1 1E       		.uleb128 0x1e
 1627 01a2 34       		.uleb128 0x34
 1628 01a3 00       		.byte	0
 1629 01a4 03       		.uleb128 0x3
 1630 01a5 08       		.uleb128 0x8
 1631 01a6 3A       		.uleb128 0x3a
 1632 01a7 0B       		.uleb128 0xb
 1633 01a8 3B       		.uleb128 0x3b
 1634 01a9 05       		.uleb128 0x5
 1635 01aa 49       		.uleb128 0x49
 1636 01ab 13       		.uleb128 0x13
 1637 01ac 02       		.uleb128 0x2
 1638 01ad 18       		.uleb128 0x18
 1639 01ae 00       		.byte	0
 1640 01af 00       		.byte	0
 1641 01b0 00       		.byte	0
 1642              		.section	.debug_aranges,"",%progbits
 1643 0000 54000000 		.4byte	0x54
 1644 0004 0200     		.2byte	0x2
 1645 0006 00000000 		.4byte	.Ldebug_info0
 1646 000a 04       		.byte	0x4
 1647 000b 00       		.byte	0
 1648 000c 0000     		.2byte	0
 1649 000e 0000     		.2byte	0
 1650 0010 00000000 		.4byte	.LFB0
 1651 0014 1E000000 		.4byte	.LFE0-.LFB0
 1652 0018 00000000 		.4byte	.LFB1
 1653 001c 20000000 		.4byte	.LFE1-.LFB1
ARM GAS  C:\Users\taips\AppData\Local\Temp\cc1EP6RD.s 			page 38


 1654 0020 00000000 		.4byte	.LFB2
 1655 0024 20000000 		.4byte	.LFE2-.LFB2
 1656 0028 00000000 		.4byte	.LFB3
 1657 002c 82000000 		.4byte	.LFE3-.LFB3
 1658 0030 00000000 		.4byte	.LFB4
 1659 0034 A4000000 		.4byte	.LFE4-.LFB4
 1660 0038 00000000 		.4byte	.LFB5
 1661 003c 10000000 		.4byte	.LFE5-.LFB5
 1662 0040 00000000 		.4byte	.LFB6
 1663 0044 70000000 		.4byte	.LFE6-.LFB6
 1664 0048 A4000000 		.4byte	.LFB7
 1665 004c 54010000 		.4byte	.LFE7-.LFB7
 1666 0050 00000000 		.4byte	0
 1667 0054 00000000 		.4byte	0
 1668              		.section	.debug_ranges,"",%progbits
 1669              	.Ldebug_ranges0:
 1670 0000 00000000 		.4byte	.LFB0
 1671 0004 1E000000 		.4byte	.LFE0
 1672 0008 00000000 		.4byte	.LFB1
 1673 000c 20000000 		.4byte	.LFE1
 1674 0010 00000000 		.4byte	.LFB2
 1675 0014 20000000 		.4byte	.LFE2
 1676 0018 00000000 		.4byte	.LFB3
 1677 001c 82000000 		.4byte	.LFE3
 1678 0020 00000000 		.4byte	.LFB4
 1679 0024 A4000000 		.4byte	.LFE4
 1680 0028 00000000 		.4byte	.LFB5
 1681 002c 10000000 		.4byte	.LFE5
 1682 0030 00000000 		.4byte	.LFB6
 1683 0034 70000000 		.4byte	.LFE6
 1684 0038 A4000000 		.4byte	.LFB7
 1685 003c F8010000 		.4byte	.LFE7
 1686 0040 00000000 		.4byte	0
 1687 0044 00000000 		.4byte	0
 1688              		.section	.debug_line,"",%progbits
 1689              	.Ldebug_line0:
 1690 0000 0E020000 		.section	.debug_str,"MS",%progbits,1
 1690      02002901 
 1690      00000201 
 1690      FB0E0D00 
 1690      01010101 
 1691              	.LASF26:
 1692 0000 4359434F 		.ascii	"CYCONFIGCPYCODE\000"
 1692      4E464947 
 1692      43505943 
 1692      4F444500 
 1693              	.LASF19:
 1694 0010 72656733 		.ascii	"reg32\000"
 1694      3200
 1695              	.LASF12:
 1696 0016 73697A65 		.ascii	"size_t\000"
 1696      5F7400
 1697              	.LASF33:
 1698 001d 416E616C 		.ascii	"AnalogSetDefault\000"
 1698      6F675365 
 1698      74446566 
 1698      61756C74 
ARM GAS  C:\Users\taips\AppData\Local\Temp\cc1EP6RD.s 			page 39


 1698      00
 1699              	.LASF21:
 1700 002e 76616C75 		.ascii	"value\000"
 1700      6500
 1701              	.LASF31:
 1702 0034 636F756E 		.ascii	"count\000"
 1702      7400
 1703              	.LASF32:
 1704 003a 436C6F63 		.ascii	"ClockSetup\000"
 1704      6B536574 
 1704      757000
 1705              	.LASF38:
 1706 0045 63795F63 		.ascii	"cy_cfg_addr_table\000"
 1706      66675F61 
 1706      6464725F 
 1706      7461626C 
 1706      6500
 1707              	.LASF39:
 1708 0057 63795F63 		.ascii	"cy_cfg_data_table\000"
 1708      66675F64 
 1708      6174615F 
 1708      7461626C 
 1708      6500
 1709              	.LASF16:
 1710 0069 666C6F61 		.ascii	"float\000"
 1710      7400
 1711              	.LASF25:
 1712 006f 64657374 		.ascii	"dest\000"
 1712      00
 1713              	.LASF43:
 1714 0074 6366675F 		.ascii	"cfg_memset_list\000"
 1714      6D656D73 
 1714      65745F6C 
 1714      69737400 
 1715              	.LASF41:
 1716 0084 73697A65 		.ascii	"size\000"
 1716      00
 1717              	.LASF18:
 1718 0089 72656738 		.ascii	"reg8\000"
 1718      00
 1719              	.LASF8:
 1720 008e 6C6F6E67 		.ascii	"long unsigned int\000"
 1720      20756E73 
 1720      69676E65 
 1720      6420696E 
 1720      7400
 1721              	.LASF13:
 1722 00a0 75696E74 		.ascii	"uint8\000"
 1722      3800
 1723              	.LASF23:
 1724 00a6 43594D45 		.ascii	"CYMEMZERO\000"
 1724      4D5A4552 
 1724      4F00
 1725              	.LASF44:
 1726 00b0 474E5520 		.ascii	"GNU C11 5.4.1 20160609 (release) [ARM/embedded-5-br"
 1726      43313120 
 1726      352E342E 
ARM GAS  C:\Users\taips\AppData\Local\Temp\cc1EP6RD.s 			page 40


 1726      31203230 
 1726      31363036 
 1727 00e3 616E6368 		.ascii	"anch revision 237715] -mcpu=cortex-m0 -mthumb -g -O"
 1727      20726576 
 1727      6973696F 
 1727      6E203233 
 1727      37373135 
 1728 0116 30202D66 		.ascii	"0 -ffunction-sections -ffat-lto-objects\000"
 1728      66756E63 
 1728      74696F6E 
 1728      2D736563 
 1728      74696F6E 
 1729              	.LASF36:
 1730 013e 53657441 		.ascii	"SetAnalogRoutingPumps\000"
 1730      6E616C6F 
 1730      67526F75 
 1730      74696E67 
 1730      50756D70 
 1731              	.LASF4:
 1732 0154 756E7369 		.ascii	"unsigned char\000"
 1732      676E6564 
 1732      20636861 
 1732      7200
 1733              	.LASF17:
 1734 0162 646F7562 		.ascii	"double\000"
 1734      6C6500
 1735              	.LASF27:
 1736 0169 6366675F 		.ascii	"cfg_write_bytes32\000"
 1736      77726974 
 1736      655F6279 
 1736      74657333 
 1736      3200
 1737              	.LASF37:
 1738 017b 63796669 		.ascii	"cyfitter_cfg\000"
 1738      74746572 
 1738      5F636667 
 1738      00
 1739              	.LASF28:
 1740 0188 61646472 		.ascii	"addr_table\000"
 1740      5F746162 
 1740      6C6500
 1741              	.LASF14:
 1742 0193 75696E74 		.ascii	"uint16\000"
 1742      313600
 1743              	.LASF29:
 1744 019a 64617461 		.ascii	"data_table\000"
 1744      5F746162 
 1744      6C6500
 1745              	.LASF15:
 1746 01a5 75696E74 		.ascii	"uint32\000"
 1746      333200
 1747              	.LASF0:
 1748 01ac 756E7369 		.ascii	"unsigned int\000"
 1748      676E6564 
 1748      20696E74 
 1748      00
 1749              	.LASF40:
ARM GAS  C:\Users\taips\AppData\Local\Temp\cc1EP6RD.s 			page 41


 1750 01b9 61646472 		.ascii	"address\000"
 1750      65737300 
 1751              	.LASF9:
 1752 01c1 6C6F6E67 		.ascii	"long long unsigned int\000"
 1752      206C6F6E 
 1752      6720756E 
 1752      7369676E 
 1752      65642069 
 1753              	.LASF42:
 1754 01d8 6366675F 		.ascii	"cfg_memset_t\000"
 1754      6D656D73 
 1754      65745F74 
 1754      00
 1755              	.LASF30:
 1756 01e5 62617365 		.ascii	"baseAddr\000"
 1756      41646472 
 1756      00
 1757              	.LASF10:
 1758 01ee 73697A65 		.ascii	"sizetype\000"
 1758      74797065 
 1758      00
 1759              	.LASF1:
 1760 01f7 6C6F6E67 		.ascii	"long long int\000"
 1760      206C6F6E 
 1760      6720696E 
 1760      7400
 1761              	.LASF11:
 1762 0205 63686172 		.ascii	"char\000"
 1762      00
 1763              	.LASF22:
 1764 020a 63795F63 		.ascii	"cy_cfg_addrvalue_t\000"
 1764      66675F61 
 1764      64647276 
 1764      616C7565 
 1764      5F7400
 1765              	.LASF20:
 1766 021d 6F666673 		.ascii	"offset\000"
 1766      657400
 1767              	.LASF5:
 1768 0224 73686F72 		.ascii	"short int\000"
 1768      7420696E 
 1768      7400
 1769              	.LASF34:
 1770 022e 656E6162 		.ascii	"enabled\000"
 1770      6C656400 
 1771              	.LASF7:
 1772 0236 6C6F6E67 		.ascii	"long int\000"
 1772      20696E74 
 1772      00
 1773              	.LASF2:
 1774 023f 6C6F6E67 		.ascii	"long double\000"
 1774      20646F75 
 1774      626C6500 
 1775              	.LASF3:
 1776 024b 7369676E 		.ascii	"signed char\000"
 1776      65642063 
 1776      68617200 
ARM GAS  C:\Users\taips\AppData\Local\Temp\cc1EP6RD.s 			page 42


 1777              	.LASF6:
 1778 0257 73686F72 		.ascii	"short unsigned int\000"
 1778      7420756E 
 1778      7369676E 
 1778      65642069 
 1778      6E7400
 1779              	.LASF45:
 1780 026a 433A5C50 		.ascii	"C:\\Program Files (x86)\\Cypress\\PSoC Creator\\4.4"
 1780      726F6772 
 1780      616D2046 
 1780      696C6573 
 1780      20287838 
 1781 0299 5C50536F 		.ascii	"\\PSoC Creator\\1\\CapSense_CSD_P4_Design01.cydsn\\"
 1781      43204372 
 1781      6561746F 
 1781      725C315C 
 1781      43617053 
 1782 02c8 47656E65 		.ascii	"Generated_Source\\PSoC4\\cyfitter_cfg.c\000"
 1782      72617465 
 1782      645F536F 
 1782      75726365 
 1782      5C50536F 
 1783              	.LASF35:
 1784 02ee 72656756 		.ascii	"regValue\000"
 1784      616C7565 
 1784      00
 1785              	.LASF24:
 1786 02f7 4359434F 		.ascii	"CYCONFIGCPY\000"
 1786      4E464947 
 1786      43505900 
 1787              		.ident	"GCC: (GNU Tools for ARM Embedded Processors) 5.4.1 20160609 (release) [ARM/embedded-5-bran
