ARM GAS  C:\Users\taips\AppData\Local\Temp\ccHT8htL.s 			page 1


   1              		.syntax unified
   2              		.cpu cortex-m0
   3              		.fpu softvfp
   4              		.eabi_attribute 20, 1
   5              		.eabi_attribute 21, 1
   6              		.eabi_attribute 23, 3
   7              		.eabi_attribute 24, 1
   8              		.eabi_attribute 25, 1
   9              		.eabi_attribute 26, 1
  10              		.eabi_attribute 30, 6
  11              		.eabi_attribute 34, 0
  12              		.eabi_attribute 18, 4
  13              		.thumb
  14              		.syntax unified
  15              		.file	"CyFlash.c"
  16              		.text
  17              	.Ltext0:
  18              		.cfi_sections	.debug_frame
  19              		.bss
  20              		.align	2
  21              	cySysFlashBackup:
  22 0000 00000000 		.space	4
  23              		.section	.text.CySysFlashWriteRow,"ax",%progbits
  24              		.align	2
  25              		.global	CySysFlashWriteRow
  26              		.code	16
  27              		.thumb_func
  28              		.type	CySysFlashWriteRow, %function
  29              	CySysFlashWriteRow:
  30              	.LFB0:
  31              		.file 1 "C:\\Program Files (x86)\\Cypress\\PSoC Creator\\4.4\\PSoC Creator\\1\\CapSense_CSD_P4_Des
   1:C:\Program Files (x86)\Cypress\PSoC Creator\4.4\PSoC Creator\1\CapSense_CSD_P4_Design01.cydsn\Generated_Source\PSoC4\CyFlash.c **** /***************************************************************************//**
   2:C:\Program Files (x86)\Cypress\PSoC Creator\4.4\PSoC Creator\1\CapSense_CSD_P4_Design01.cydsn\Generated_Source\PSoC4\CyFlash.c **** * \file CyFlash.c
   3:C:\Program Files (x86)\Cypress\PSoC Creator\4.4\PSoC Creator\1\CapSense_CSD_P4_Design01.cydsn\Generated_Source\PSoC4\CyFlash.c **** * \version 5.60
   4:C:\Program Files (x86)\Cypress\PSoC Creator\4.4\PSoC Creator\1\CapSense_CSD_P4_Design01.cydsn\Generated_Source\PSoC4\CyFlash.c **** *
   5:C:\Program Files (x86)\Cypress\PSoC Creator\4.4\PSoC Creator\1\CapSense_CSD_P4_Design01.cydsn\Generated_Source\PSoC4\CyFlash.c **** * \brief Provides an API for the FLASH.
   6:C:\Program Files (x86)\Cypress\PSoC Creator\4.4\PSoC Creator\1\CapSense_CSD_P4_Design01.cydsn\Generated_Source\PSoC4\CyFlash.c **** *
   7:C:\Program Files (x86)\Cypress\PSoC Creator\4.4\PSoC Creator\1\CapSense_CSD_P4_Design01.cydsn\Generated_Source\PSoC4\CyFlash.c **** * \note This code is endian agnostic.
   8:C:\Program Files (x86)\Cypress\PSoC Creator\4.4\PSoC Creator\1\CapSense_CSD_P4_Design01.cydsn\Generated_Source\PSoC4\CyFlash.c **** *
   9:C:\Program Files (x86)\Cypress\PSoC Creator\4.4\PSoC Creator\1\CapSense_CSD_P4_Design01.cydsn\Generated_Source\PSoC4\CyFlash.c **** * \note Documentation of the API's in this file is located in the System
  10:C:\Program Files (x86)\Cypress\PSoC Creator\4.4\PSoC Creator\1\CapSense_CSD_P4_Design01.cydsn\Generated_Source\PSoC4\CyFlash.c **** * Reference Guide provided with PSoC Creator.
  11:C:\Program Files (x86)\Cypress\PSoC Creator\4.4\PSoC Creator\1\CapSense_CSD_P4_Design01.cydsn\Generated_Source\PSoC4\CyFlash.c **** *
  12:C:\Program Files (x86)\Cypress\PSoC Creator\4.4\PSoC Creator\1\CapSense_CSD_P4_Design01.cydsn\Generated_Source\PSoC4\CyFlash.c **** ********************************************************************************
  13:C:\Program Files (x86)\Cypress\PSoC Creator\4.4\PSoC Creator\1\CapSense_CSD_P4_Design01.cydsn\Generated_Source\PSoC4\CyFlash.c **** * \copyright
  14:C:\Program Files (x86)\Cypress\PSoC Creator\4.4\PSoC Creator\1\CapSense_CSD_P4_Design01.cydsn\Generated_Source\PSoC4\CyFlash.c **** * Copyright 2010-2017, Cypress Semiconductor Corporation.  All rights reserved.
  15:C:\Program Files (x86)\Cypress\PSoC Creator\4.4\PSoC Creator\1\CapSense_CSD_P4_Design01.cydsn\Generated_Source\PSoC4\CyFlash.c **** * You may use this file only in accordance with the license, terms, conditions,
  16:C:\Program Files (x86)\Cypress\PSoC Creator\4.4\PSoC Creator\1\CapSense_CSD_P4_Design01.cydsn\Generated_Source\PSoC4\CyFlash.c **** * disclaimers, and limitations in the end user license agreement accompanying
  17:C:\Program Files (x86)\Cypress\PSoC Creator\4.4\PSoC Creator\1\CapSense_CSD_P4_Design01.cydsn\Generated_Source\PSoC4\CyFlash.c **** * the software package with which this file was provided.
  18:C:\Program Files (x86)\Cypress\PSoC Creator\4.4\PSoC Creator\1\CapSense_CSD_P4_Design01.cydsn\Generated_Source\PSoC4\CyFlash.c **** *******************************************************************************/
  19:C:\Program Files (x86)\Cypress\PSoC Creator\4.4\PSoC Creator\1\CapSense_CSD_P4_Design01.cydsn\Generated_Source\PSoC4\CyFlash.c **** 
  20:C:\Program Files (x86)\Cypress\PSoC Creator\4.4\PSoC Creator\1\CapSense_CSD_P4_Design01.cydsn\Generated_Source\PSoC4\CyFlash.c **** #include "CyFlash.h"
  21:C:\Program Files (x86)\Cypress\PSoC Creator\4.4\PSoC Creator\1\CapSense_CSD_P4_Design01.cydsn\Generated_Source\PSoC4\CyFlash.c **** 
  22:C:\Program Files (x86)\Cypress\PSoC Creator\4.4\PSoC Creator\1\CapSense_CSD_P4_Design01.cydsn\Generated_Source\PSoC4\CyFlash.c **** 
  23:C:\Program Files (x86)\Cypress\PSoC Creator\4.4\PSoC Creator\1\CapSense_CSD_P4_Design01.cydsn\Generated_Source\PSoC4\CyFlash.c **** /*******************************************************************************
  24:C:\Program Files (x86)\Cypress\PSoC Creator\4.4\PSoC Creator\1\CapSense_CSD_P4_Design01.cydsn\Generated_Source\PSoC4\CyFlash.c **** * Cypress identified a defect with the Flash write functionality of the
  25:C:\Program Files (x86)\Cypress\PSoC Creator\4.4\PSoC Creator\1\CapSense_CSD_P4_Design01.cydsn\Generated_Source\PSoC4\CyFlash.c **** * PSoC 4000, PSoC 4000U, PSoC 4100, and PSoC 4200 devices. The 
  26:C:\Program Files (x86)\Cypress\PSoC Creator\4.4\PSoC Creator\1\CapSense_CSD_P4_Design01.cydsn\Generated_Source\PSoC4\CyFlash.c **** * CySysFlashWriteRow() function now checks the data to be written and, if 
ARM GAS  C:\Users\taips\AppData\Local\Temp\ccHT8htL.s 			page 2


  27:C:\Program Files (x86)\Cypress\PSoC Creator\4.4\PSoC Creator\1\CapSense_CSD_P4_Design01.cydsn\Generated_Source\PSoC4\CyFlash.c **** * necessary, modifies it to have a non-zero checksum. After writing to Flash, 
  28:C:\Program Files (x86)\Cypress\PSoC Creator\4.4\PSoC Creator\1\CapSense_CSD_P4_Design01.cydsn\Generated_Source\PSoC4\CyFlash.c **** * the modified data is replaced (Flash program) with 
  29:C:\Program Files (x86)\Cypress\PSoC Creator\4.4\PSoC Creator\1\CapSense_CSD_P4_Design01.cydsn\Generated_Source\PSoC4\CyFlash.c **** * the correct (original) data.
  30:C:\Program Files (x86)\Cypress\PSoC Creator\4.4\PSoC Creator\1\CapSense_CSD_P4_Design01.cydsn\Generated_Source\PSoC4\CyFlash.c **** *******************************************************************************/
  31:C:\Program Files (x86)\Cypress\PSoC Creator\4.4\PSoC Creator\1\CapSense_CSD_P4_Design01.cydsn\Generated_Source\PSoC4\CyFlash.c **** #define CY_FLASH_CHECKSUM_WORKAROUND    (CY_PSOC4_4000 || CY_PSOC4_4100 || CY_PSOC4_4200 || CY_PSOC
  32:C:\Program Files (x86)\Cypress\PSoC Creator\4.4\PSoC Creator\1\CapSense_CSD_P4_Design01.cydsn\Generated_Source\PSoC4\CyFlash.c **** 
  33:C:\Program Files (x86)\Cypress\PSoC Creator\4.4\PSoC Creator\1\CapSense_CSD_P4_Design01.cydsn\Generated_Source\PSoC4\CyFlash.c **** #if (CY_IP_FM || ((!CY_PSOC4_4000) && CY_IP_SPCIF_SYNCHRONOUS) || (!CY_IP_FM) && CY_PSOC4_4000)
  34:C:\Program Files (x86)\Cypress\PSoC Creator\4.4\PSoC Creator\1\CapSense_CSD_P4_Design01.cydsn\Generated_Source\PSoC4\CyFlash.c ****     static CY_SYS_FLASH_CLOCK_BACKUP_STRUCT cySysFlashBackup;
  35:C:\Program Files (x86)\Cypress\PSoC Creator\4.4\PSoC Creator\1\CapSense_CSD_P4_Design01.cydsn\Generated_Source\PSoC4\CyFlash.c **** #endif /* (CY_IP_FM || ((!CY_PSOC4_4000) && CY_IP_SPCIF_SYNCHRONOUS) || (!CY_IP_FM) && CY_PSOC4_400
  36:C:\Program Files (x86)\Cypress\PSoC Creator\4.4\PSoC Creator\1\CapSense_CSD_P4_Design01.cydsn\Generated_Source\PSoC4\CyFlash.c **** 
  37:C:\Program Files (x86)\Cypress\PSoC Creator\4.4\PSoC Creator\1\CapSense_CSD_P4_Design01.cydsn\Generated_Source\PSoC4\CyFlash.c **** static cystatus CySysFlashClockBackup(void);
  38:C:\Program Files (x86)\Cypress\PSoC Creator\4.4\PSoC Creator\1\CapSense_CSD_P4_Design01.cydsn\Generated_Source\PSoC4\CyFlash.c **** static cystatus CySysFlashClockRestore(void);
  39:C:\Program Files (x86)\Cypress\PSoC Creator\4.4\PSoC Creator\1\CapSense_CSD_P4_Design01.cydsn\Generated_Source\PSoC4\CyFlash.c **** #if(CY_IP_SPCIF_SYNCHRONOUS)
  40:C:\Program Files (x86)\Cypress\PSoC Creator\4.4\PSoC Creator\1\CapSense_CSD_P4_Design01.cydsn\Generated_Source\PSoC4\CyFlash.c ****     static cystatus CySysFlashClockConfig(void);
  41:C:\Program Files (x86)\Cypress\PSoC Creator\4.4\PSoC Creator\1\CapSense_CSD_P4_Design01.cydsn\Generated_Source\PSoC4\CyFlash.c **** #endif  /* (CY_IP_SPCIF_SYNCHRONOUS) */
  42:C:\Program Files (x86)\Cypress\PSoC Creator\4.4\PSoC Creator\1\CapSense_CSD_P4_Design01.cydsn\Generated_Source\PSoC4\CyFlash.c **** 
  43:C:\Program Files (x86)\Cypress\PSoC Creator\4.4\PSoC Creator\1\CapSense_CSD_P4_Design01.cydsn\Generated_Source\PSoC4\CyFlash.c **** 
  44:C:\Program Files (x86)\Cypress\PSoC Creator\4.4\PSoC Creator\1\CapSense_CSD_P4_Design01.cydsn\Generated_Source\PSoC4\CyFlash.c **** /*******************************************************************************
  45:C:\Program Files (x86)\Cypress\PSoC Creator\4.4\PSoC Creator\1\CapSense_CSD_P4_Design01.cydsn\Generated_Source\PSoC4\CyFlash.c **** * Function Name: CySysFlashWriteRow
  46:C:\Program Files (x86)\Cypress\PSoC Creator\4.4\PSoC Creator\1\CapSense_CSD_P4_Design01.cydsn\Generated_Source\PSoC4\CyFlash.c **** ****************************************************************************//**
  47:C:\Program Files (x86)\Cypress\PSoC Creator\4.4\PSoC Creator\1\CapSense_CSD_P4_Design01.cydsn\Generated_Source\PSoC4\CyFlash.c **** *
  48:C:\Program Files (x86)\Cypress\PSoC Creator\4.4\PSoC Creator\1\CapSense_CSD_P4_Design01.cydsn\Generated_Source\PSoC4\CyFlash.c **** * Erases a row of Flash and programs it with the new data.
  49:C:\Program Files (x86)\Cypress\PSoC Creator\4.4\PSoC Creator\1\CapSense_CSD_P4_Design01.cydsn\Generated_Source\PSoC4\CyFlash.c **** *
  50:C:\Program Files (x86)\Cypress\PSoC Creator\4.4\PSoC Creator\1\CapSense_CSD_P4_Design01.cydsn\Generated_Source\PSoC4\CyFlash.c **** * The IMO must be enabled before calling this function. The operation of the
  51:C:\Program Files (x86)\Cypress\PSoC Creator\4.4\PSoC Creator\1\CapSense_CSD_P4_Design01.cydsn\Generated_Source\PSoC4\CyFlash.c **** * flash writing hardware is dependent on the IMO.
  52:C:\Program Files (x86)\Cypress\PSoC Creator\4.4\PSoC Creator\1\CapSense_CSD_P4_Design01.cydsn\Generated_Source\PSoC4\CyFlash.c **** *
  53:C:\Program Files (x86)\Cypress\PSoC Creator\4.4\PSoC Creator\1\CapSense_CSD_P4_Design01.cydsn\Generated_Source\PSoC4\CyFlash.c **** * For PSoC 4000, PSoC 4100 BLE and PSoC 4200 BLE devices (PSoC 4100 BLE and
  54:C:\Program Files (x86)\Cypress\PSoC Creator\4.4\PSoC Creator\1\CapSense_CSD_P4_Design01.cydsn\Generated_Source\PSoC4\CyFlash.c **** * PSoC 4200 BLE devices with 256K of Flash memory are not affected), this API
  55:C:\Program Files (x86)\Cypress\PSoC Creator\4.4\PSoC Creator\1\CapSense_CSD_P4_Design01.cydsn\Generated_Source\PSoC4\CyFlash.c **** * will automatically modify the clock settings for the device. Writing to
  56:C:\Program Files (x86)\Cypress\PSoC Creator\4.4\PSoC Creator\1\CapSense_CSD_P4_Design01.cydsn\Generated_Source\PSoC4\CyFlash.c **** * flash requires that changes be made to the IMO and HFCLK settings. The
  57:C:\Program Files (x86)\Cypress\PSoC Creator\4.4\PSoC Creator\1\CapSense_CSD_P4_Design01.cydsn\Generated_Source\PSoC4\CyFlash.c **** * configuration is restored before returning. This will impact the operation
  58:C:\Program Files (x86)\Cypress\PSoC Creator\4.4\PSoC Creator\1\CapSense_CSD_P4_Design01.cydsn\Generated_Source\PSoC4\CyFlash.c **** * of most of the hardware in the device.
  59:C:\Program Files (x86)\Cypress\PSoC Creator\4.4\PSoC Creator\1\CapSense_CSD_P4_Design01.cydsn\Generated_Source\PSoC4\CyFlash.c **** *
  60:C:\Program Files (x86)\Cypress\PSoC Creator\4.4\PSoC Creator\1\CapSense_CSD_P4_Design01.cydsn\Generated_Source\PSoC4\CyFlash.c **** * For PSoC 4000 devices this API will automatically modify the clock settings
  61:C:\Program Files (x86)\Cypress\PSoC Creator\4.4\PSoC Creator\1\CapSense_CSD_P4_Design01.cydsn\Generated_Source\PSoC4\CyFlash.c **** * for the device. Writing to flash requires that changes be made to the IMO
  62:C:\Program Files (x86)\Cypress\PSoC Creator\4.4\PSoC Creator\1\CapSense_CSD_P4_Design01.cydsn\Generated_Source\PSoC4\CyFlash.c **** * and HFCLK settings. The configuration is restored before returning. HFCLK
  63:C:\Program Files (x86)\Cypress\PSoC Creator\4.4\PSoC Creator\1\CapSense_CSD_P4_Design01.cydsn\Generated_Source\PSoC4\CyFlash.c **** * will have several frequency changes during the operation of this API between
  64:C:\Program Files (x86)\Cypress\PSoC Creator\4.4\PSoC Creator\1\CapSense_CSD_P4_Design01.cydsn\Generated_Source\PSoC4\CyFlash.c **** * a minimum frequency of the current IMO frequency divided by 8 and a maximum
  65:C:\Program Files (x86)\Cypress\PSoC Creator\4.4\PSoC Creator\1\CapSense_CSD_P4_Design01.cydsn\Generated_Source\PSoC4\CyFlash.c **** * frequency of 12 MHz. This will impact the operation of most of the hardware
  66:C:\Program Files (x86)\Cypress\PSoC Creator\4.4\PSoC Creator\1\CapSense_CSD_P4_Design01.cydsn\Generated_Source\PSoC4\CyFlash.c **** * in the device.
  67:C:\Program Files (x86)\Cypress\PSoC Creator\4.4\PSoC Creator\1\CapSense_CSD_P4_Design01.cydsn\Generated_Source\PSoC4\CyFlash.c **** *
  68:C:\Program Files (x86)\Cypress\PSoC Creator\4.4\PSoC Creator\1\CapSense_CSD_P4_Design01.cydsn\Generated_Source\PSoC4\CyFlash.c **** * \param rowNum The flash row number. The number of the flash rows is defined by
  69:C:\Program Files (x86)\Cypress\PSoC Creator\4.4\PSoC Creator\1\CapSense_CSD_P4_Design01.cydsn\Generated_Source\PSoC4\CyFlash.c **** * the \ref CY_FLASH_NUMBER_ROWS macro for the selected device. Refer to the
  70:C:\Program Files (x86)\Cypress\PSoC Creator\4.4\PSoC Creator\1\CapSense_CSD_P4_Design01.cydsn\Generated_Source\PSoC4\CyFlash.c **** * device datasheet for the details.
  71:C:\Program Files (x86)\Cypress\PSoC Creator\4.4\PSoC Creator\1\CapSense_CSD_P4_Design01.cydsn\Generated_Source\PSoC4\CyFlash.c **** * \note The target flash array is calculated based on the specified flash row.
  72:C:\Program Files (x86)\Cypress\PSoC Creator\4.4\PSoC Creator\1\CapSense_CSD_P4_Design01.cydsn\Generated_Source\PSoC4\CyFlash.c **** *
  73:C:\Program Files (x86)\Cypress\PSoC Creator\4.4\PSoC Creator\1\CapSense_CSD_P4_Design01.cydsn\Generated_Source\PSoC4\CyFlash.c **** * \param rowData Array of bytes to write. The size of the array must be equal to
  74:C:\Program Files (x86)\Cypress\PSoC Creator\4.4\PSoC Creator\1\CapSense_CSD_P4_Design01.cydsn\Generated_Source\PSoC4\CyFlash.c **** * the flash row size. The flash row size for the selected device is defined by
  75:C:\Program Files (x86)\Cypress\PSoC Creator\4.4\PSoC Creator\1\CapSense_CSD_P4_Design01.cydsn\Generated_Source\PSoC4\CyFlash.c **** * the \ref CY_FLASH_SIZEOF_ROW macro. Refer to the device datasheet for the
  76:C:\Program Files (x86)\Cypress\PSoC Creator\4.4\PSoC Creator\1\CapSense_CSD_P4_Design01.cydsn\Generated_Source\PSoC4\CyFlash.c **** * details.
  77:C:\Program Files (x86)\Cypress\PSoC Creator\4.4\PSoC Creator\1\CapSense_CSD_P4_Design01.cydsn\Generated_Source\PSoC4\CyFlash.c **** *
  78:C:\Program Files (x86)\Cypress\PSoC Creator\4.4\PSoC Creator\1\CapSense_CSD_P4_Design01.cydsn\Generated_Source\PSoC4\CyFlash.c **** * \return \ref group_flash_status_codes
  79:C:\Program Files (x86)\Cypress\PSoC Creator\4.4\PSoC Creator\1\CapSense_CSD_P4_Design01.cydsn\Generated_Source\PSoC4\CyFlash.c **** *
  80:C:\Program Files (x86)\Cypress\PSoC Creator\4.4\PSoC Creator\1\CapSense_CSD_P4_Design01.cydsn\Generated_Source\PSoC4\CyFlash.c **** *******************************************************************************/
  81:C:\Program Files (x86)\Cypress\PSoC Creator\4.4\PSoC Creator\1\CapSense_CSD_P4_Design01.cydsn\Generated_Source\PSoC4\CyFlash.c **** uint32 CySysFlashWriteRow(uint32 rowNum, const uint8 rowData[])
  82:C:\Program Files (x86)\Cypress\PSoC Creator\4.4\PSoC Creator\1\CapSense_CSD_P4_Design01.cydsn\Generated_Source\PSoC4\CyFlash.c **** {
  32              		.loc 1 82 0
ARM GAS  C:\Users\taips\AppData\Local\Temp\ccHT8htL.s 			page 3


  33              		.cfi_startproc
  34              		@ args = 0, pretend = 0, frame = 184
  35              		@ frame_needed = 1, uses_anonymous_args = 0
  36 0000 90B5     		push	{r4, r7, lr}
  37              		.cfi_def_cfa_offset 12
  38              		.cfi_offset 4, -12
  39              		.cfi_offset 7, -8
  40              		.cfi_offset 14, -4
  41 0002 AFB0     		sub	sp, sp, #188
  42              		.cfi_def_cfa_offset 200
  43 0004 00AF     		add	r7, sp, #0
  44              		.cfi_def_cfa_register 7
  45 0006 7860     		str	r0, [r7, #4]
  46 0008 3960     		str	r1, [r7]
  83:C:\Program Files (x86)\Cypress\PSoC Creator\4.4\PSoC Creator\1\CapSense_CSD_P4_Design01.cydsn\Generated_Source\PSoC4\CyFlash.c ****     volatile uint32 retValue = CY_SYS_FLASH_SUCCESS;
  47              		.loc 1 83 0
  48 000a 0023     		movs	r3, #0
  49 000c 9422     		movs	r2, #148
  50 000e BA18     		adds	r2, r7, r2
  51 0010 1360     		str	r3, [r2]
  84:C:\Program Files (x86)\Cypress\PSoC Creator\4.4\PSoC Creator\1\CapSense_CSD_P4_Design01.cydsn\Generated_Source\PSoC4\CyFlash.c ****     volatile uint32 clkCnfRetValue = CY_SYS_FLASH_SUCCESS;
  52              		.loc 1 84 0
  53 0012 0023     		movs	r3, #0
  54 0014 9022     		movs	r2, #144
  55 0016 BA18     		adds	r2, r7, r2
  56 0018 1360     		str	r3, [r2]
  85:C:\Program Files (x86)\Cypress\PSoC Creator\4.4\PSoC Creator\1\CapSense_CSD_P4_Design01.cydsn\Generated_Source\PSoC4\CyFlash.c ****     volatile uint32 parameters[(CY_FLASH_SIZEOF_ROW + CY_FLASH_SRAM_ROM_DATA) / sizeof(uint32)];
  86:C:\Program Files (x86)\Cypress\PSoC Creator\4.4\PSoC Creator\1\CapSense_CSD_P4_Design01.cydsn\Generated_Source\PSoC4\CyFlash.c ****     uint8  interruptState;
  87:C:\Program Files (x86)\Cypress\PSoC Creator\4.4\PSoC Creator\1\CapSense_CSD_P4_Design01.cydsn\Generated_Source\PSoC4\CyFlash.c **** 
  88:C:\Program Files (x86)\Cypress\PSoC Creator\4.4\PSoC Creator\1\CapSense_CSD_P4_Design01.cydsn\Generated_Source\PSoC4\CyFlash.c ****     #if (CY_FLASH_CHECKSUM_WORKAROUND)
  89:C:\Program Files (x86)\Cypress\PSoC Creator\4.4\PSoC Creator\1\CapSense_CSD_P4_Design01.cydsn\Generated_Source\PSoC4\CyFlash.c ****         uint32 needChecksumWorkaround = 0u;
  57              		.loc 1 89 0
  58 001a 0023     		movs	r3, #0
  59 001c A022     		movs	r2, #160
  60 001e BA18     		adds	r2, r7, r2
  61 0020 1360     		str	r3, [r2]
  90:C:\Program Files (x86)\Cypress\PSoC Creator\4.4\PSoC Creator\1\CapSense_CSD_P4_Design01.cydsn\Generated_Source\PSoC4\CyFlash.c ****         uint32 savedIndex = 0u;
  62              		.loc 1 90 0
  63 0022 0023     		movs	r3, #0
  64 0024 B422     		movs	r2, #180
  65 0026 BA18     		adds	r2, r7, r2
  66 0028 1360     		str	r3, [r2]
  91:C:\Program Files (x86)\Cypress\PSoC Creator\4.4\PSoC Creator\1\CapSense_CSD_P4_Design01.cydsn\Generated_Source\PSoC4\CyFlash.c ****         uint32 savedValue = 0u;
  67              		.loc 1 91 0
  68 002a 0023     		movs	r3, #0
  69 002c B022     		movs	r2, #176
  70 002e BA18     		adds	r2, r7, r2
  71 0030 1360     		str	r3, [r2]
  92:C:\Program Files (x86)\Cypress\PSoC Creator\4.4\PSoC Creator\1\CapSense_CSD_P4_Design01.cydsn\Generated_Source\PSoC4\CyFlash.c ****         uint32 checksum = 0u;
  72              		.loc 1 92 0
  73 0032 0023     		movs	r3, #0
  74 0034 AC22     		movs	r2, #172
  75 0036 BA18     		adds	r2, r7, r2
  76 0038 1360     		str	r3, [r2]
  93:C:\Program Files (x86)\Cypress\PSoC Creator\4.4\PSoC Creator\1\CapSense_CSD_P4_Design01.cydsn\Generated_Source\PSoC4\CyFlash.c ****         uint32 bits = 0u;
  77              		.loc 1 93 0
  78 003a 0023     		movs	r3, #0
ARM GAS  C:\Users\taips\AppData\Local\Temp\ccHT8htL.s 			page 4


  79 003c A822     		movs	r2, #168
  80 003e BA18     		adds	r2, r7, r2
  81 0040 1360     		str	r3, [r2]
  94:C:\Program Files (x86)\Cypress\PSoC Creator\4.4\PSoC Creator\1\CapSense_CSD_P4_Design01.cydsn\Generated_Source\PSoC4\CyFlash.c ****         uint32 i;
  95:C:\Program Files (x86)\Cypress\PSoC Creator\4.4\PSoC Creator\1\CapSense_CSD_P4_Design01.cydsn\Generated_Source\PSoC4\CyFlash.c ****     #endif  /* (CY_FLASH_CHECKSUM_WORKAROUND) */
  96:C:\Program Files (x86)\Cypress\PSoC Creator\4.4\PSoC Creator\1\CapSense_CSD_P4_Design01.cydsn\Generated_Source\PSoC4\CyFlash.c **** 
  97:C:\Program Files (x86)\Cypress\PSoC Creator\4.4\PSoC Creator\1\CapSense_CSD_P4_Design01.cydsn\Generated_Source\PSoC4\CyFlash.c ****     if ((rowNum < CY_FLASH_NUMBER_ROWS) && (rowData != 0u))
  82              		.loc 1 97 0
  83 0042 7B68     		ldr	r3, [r7, #4]
  84 0044 FF2B     		cmp	r3, #255
  85 0046 00D9     		bls	.LCB45
  86 0048 85E1     		b	.L2	@long jump
  87              	.LCB45:
  88              		.loc 1 97 0 is_stmt 0 discriminator 1
  89 004a 3B68     		ldr	r3, [r7]
  90 004c 002B     		cmp	r3, #0
  91 004e 00D1     		bne	.LCB48
  92 0050 81E1     		b	.L2	@long jump
  93              	.LCB48:
  98:C:\Program Files (x86)\Cypress\PSoC Creator\4.4\PSoC Creator\1\CapSense_CSD_P4_Design01.cydsn\Generated_Source\PSoC4\CyFlash.c ****     {
  99:C:\Program Files (x86)\Cypress\PSoC Creator\4.4\PSoC Creator\1\CapSense_CSD_P4_Design01.cydsn\Generated_Source\PSoC4\CyFlash.c ****         /* Copy data to be written into internal variable */
 100:C:\Program Files (x86)\Cypress\PSoC Creator\4.4\PSoC Creator\1\CapSense_CSD_P4_Design01.cydsn\Generated_Source\PSoC4\CyFlash.c ****         (void)memcpy((void *)&parameters[2u], rowData, CY_FLASH_SIZEOF_ROW);
  94              		.loc 1 100 0 is_stmt 1
  95 0052 3968     		ldr	r1, [r7]
  96 0054 0823     		movs	r3, #8
  97 0056 FB18     		adds	r3, r7, r3
  98 0058 0833     		adds	r3, r3, #8
  99 005a 8022     		movs	r2, #128
 100 005c 1800     		movs	r0, r3
 101 005e FFF7FEFF 		bl	memcpy
 101:C:\Program Files (x86)\Cypress\PSoC Creator\4.4\PSoC Creator\1\CapSense_CSD_P4_Design01.cydsn\Generated_Source\PSoC4\CyFlash.c **** 
 102:C:\Program Files (x86)\Cypress\PSoC Creator\4.4\PSoC Creator\1\CapSense_CSD_P4_Design01.cydsn\Generated_Source\PSoC4\CyFlash.c ****         #if (CY_FLASH_CHECKSUM_WORKAROUND)
 103:C:\Program Files (x86)\Cypress\PSoC Creator\4.4\PSoC Creator\1\CapSense_CSD_P4_Design01.cydsn\Generated_Source\PSoC4\CyFlash.c **** 
 104:C:\Program Files (x86)\Cypress\PSoC Creator\4.4\PSoC Creator\1\CapSense_CSD_P4_Design01.cydsn\Generated_Source\PSoC4\CyFlash.c ****             for (i = 2u; i < ((CY_FLASH_SIZEOF_ROW / sizeof(uint32)) + 2u); i++)
 102              		.loc 1 104 0
 103 0062 0223     		movs	r3, #2
 104 0064 A422     		movs	r2, #164
 105 0066 BA18     		adds	r2, r7, r2
 106 0068 1360     		str	r3, [r2]
 107 006a 2FE0     		b	.L3
 108              	.L5:
 109              	.LBB2:
 105:C:\Program Files (x86)\Cypress\PSoC Creator\4.4\PSoC Creator\1\CapSense_CSD_P4_Design01.cydsn\Generated_Source\PSoC4\CyFlash.c ****             {
 106:C:\Program Files (x86)\Cypress\PSoC Creator\4.4\PSoC Creator\1\CapSense_CSD_P4_Design01.cydsn\Generated_Source\PSoC4\CyFlash.c ****                 uint32 tmp = parameters[i];
 110              		.loc 1 106 0
 111 006c 0823     		movs	r3, #8
 112 006e FB18     		adds	r3, r7, r3
 113 0070 A422     		movs	r2, #164
 114 0072 BA18     		adds	r2, r7, r2
 115 0074 1268     		ldr	r2, [r2]
 116 0076 9200     		lsls	r2, r2, #2
 117 0078 D358     		ldr	r3, [r2, r3]
 118 007a 9C22     		movs	r2, #156
 119 007c BA18     		adds	r2, r7, r2
 120 007e 1360     		str	r3, [r2]
 107:C:\Program Files (x86)\Cypress\PSoC Creator\4.4\PSoC Creator\1\CapSense_CSD_P4_Design01.cydsn\Generated_Source\PSoC4\CyFlash.c ****                 if (tmp != 0u)
 121              		.loc 1 107 0
ARM GAS  C:\Users\taips\AppData\Local\Temp\ccHT8htL.s 			page 5


 122 0080 9C23     		movs	r3, #156
 123 0082 FB18     		adds	r3, r7, r3
 124 0084 1B68     		ldr	r3, [r3]
 125 0086 002B     		cmp	r3, #0
 126 0088 19D0     		beq	.L4
 108:C:\Program Files (x86)\Cypress\PSoC Creator\4.4\PSoC Creator\1\CapSense_CSD_P4_Design01.cydsn\Generated_Source\PSoC4\CyFlash.c ****                 {
 109:C:\Program Files (x86)\Cypress\PSoC Creator\4.4\PSoC Creator\1\CapSense_CSD_P4_Design01.cydsn\Generated_Source\PSoC4\CyFlash.c ****                     checksum += tmp;
 127              		.loc 1 109 0
 128 008a AC23     		movs	r3, #172
 129 008c FB18     		adds	r3, r7, r3
 130 008e 1A68     		ldr	r2, [r3]
 131 0090 9C23     		movs	r3, #156
 132 0092 FB18     		adds	r3, r7, r3
 133 0094 1B68     		ldr	r3, [r3]
 134 0096 D318     		adds	r3, r2, r3
 135 0098 AC22     		movs	r2, #172
 136 009a BA18     		adds	r2, r7, r2
 137 009c 1360     		str	r3, [r2]
 110:C:\Program Files (x86)\Cypress\PSoC Creator\4.4\PSoC Creator\1\CapSense_CSD_P4_Design01.cydsn\Generated_Source\PSoC4\CyFlash.c ****                     bits |= tmp;
 138              		.loc 1 110 0
 139 009e A823     		movs	r3, #168
 140 00a0 FB18     		adds	r3, r7, r3
 141 00a2 1A68     		ldr	r2, [r3]
 142 00a4 9C23     		movs	r3, #156
 143 00a6 FB18     		adds	r3, r7, r3
 144 00a8 1B68     		ldr	r3, [r3]
 145 00aa 1343     		orrs	r3, r2
 146 00ac A822     		movs	r2, #168
 147 00ae BA18     		adds	r2, r7, r2
 148 00b0 1360     		str	r3, [r2]
 111:C:\Program Files (x86)\Cypress\PSoC Creator\4.4\PSoC Creator\1\CapSense_CSD_P4_Design01.cydsn\Generated_Source\PSoC4\CyFlash.c ****                     savedIndex = i;
 149              		.loc 1 111 0
 150 00b2 A423     		movs	r3, #164
 151 00b4 FB18     		adds	r3, r7, r3
 152 00b6 1B68     		ldr	r3, [r3]
 153 00b8 B422     		movs	r2, #180
 154 00ba BA18     		adds	r2, r7, r2
 155 00bc 1360     		str	r3, [r2]
 156              	.L4:
 157              	.LBE2:
 104:C:\Program Files (x86)\Cypress\PSoC Creator\4.4\PSoC Creator\1\CapSense_CSD_P4_Design01.cydsn\Generated_Source\PSoC4\CyFlash.c ****             {
 158              		.loc 1 104 0 discriminator 2
 159 00be A423     		movs	r3, #164
 160 00c0 FB18     		adds	r3, r7, r3
 161 00c2 1B68     		ldr	r3, [r3]
 162 00c4 0133     		adds	r3, r3, #1
 163 00c6 A422     		movs	r2, #164
 164 00c8 BA18     		adds	r2, r7, r2
 165 00ca 1360     		str	r3, [r2]
 166              	.L3:
 104:C:\Program Files (x86)\Cypress\PSoC Creator\4.4\PSoC Creator\1\CapSense_CSD_P4_Design01.cydsn\Generated_Source\PSoC4\CyFlash.c ****             {
 167              		.loc 1 104 0 is_stmt 0 discriminator 1
 168 00cc A423     		movs	r3, #164
 169 00ce FB18     		adds	r3, r7, r3
 170 00d0 1B68     		ldr	r3, [r3]
 171 00d2 212B     		cmp	r3, #33
 172 00d4 CAD9     		bls	.L5
ARM GAS  C:\Users\taips\AppData\Local\Temp\ccHT8htL.s 			page 6


 112:C:\Program Files (x86)\Cypress\PSoC Creator\4.4\PSoC Creator\1\CapSense_CSD_P4_Design01.cydsn\Generated_Source\PSoC4\CyFlash.c ****                 }
 113:C:\Program Files (x86)\Cypress\PSoC Creator\4.4\PSoC Creator\1\CapSense_CSD_P4_Design01.cydsn\Generated_Source\PSoC4\CyFlash.c ****             }
 114:C:\Program Files (x86)\Cypress\PSoC Creator\4.4\PSoC Creator\1\CapSense_CSD_P4_Design01.cydsn\Generated_Source\PSoC4\CyFlash.c **** 
 115:C:\Program Files (x86)\Cypress\PSoC Creator\4.4\PSoC Creator\1\CapSense_CSD_P4_Design01.cydsn\Generated_Source\PSoC4\CyFlash.c ****             needChecksumWorkaround = ((checksum == 0u) && (bits != 0u)) ? 1u : 0u;
 173              		.loc 1 115 0 is_stmt 1
 174 00d6 AC23     		movs	r3, #172
 175 00d8 FB18     		adds	r3, r7, r3
 176 00da 1B68     		ldr	r3, [r3]
 177 00dc 002B     		cmp	r3, #0
 178 00de 06D1     		bne	.L6
 179              		.loc 1 115 0 is_stmt 0 discriminator 1
 180 00e0 A823     		movs	r3, #168
 181 00e2 FB18     		adds	r3, r7, r3
 182 00e4 1B68     		ldr	r3, [r3]
 183 00e6 002B     		cmp	r3, #0
 184 00e8 01D0     		beq	.L6
 185              		.loc 1 115 0 discriminator 3
 186 00ea 0123     		movs	r3, #1
 187 00ec 00E0     		b	.L7
 188              	.L6:
 189              		.loc 1 115 0 discriminator 4
 190 00ee 0023     		movs	r3, #0
 191              	.L7:
 192              		.loc 1 115 0 discriminator 6
 193 00f0 A022     		movs	r2, #160
 194 00f2 BA18     		adds	r2, r7, r2
 195 00f4 1360     		str	r3, [r2]
 116:C:\Program Files (x86)\Cypress\PSoC Creator\4.4\PSoC Creator\1\CapSense_CSD_P4_Design01.cydsn\Generated_Source\PSoC4\CyFlash.c ****             if (needChecksumWorkaround != 0u)
 196              		.loc 1 116 0 is_stmt 1 discriminator 6
 197 00f6 A023     		movs	r3, #160
 198 00f8 FB18     		adds	r3, r7, r3
 199 00fa 1B68     		ldr	r3, [r3]
 200 00fc 002B     		cmp	r3, #0
 201 00fe 11D0     		beq	.L8
 117:C:\Program Files (x86)\Cypress\PSoC Creator\4.4\PSoC Creator\1\CapSense_CSD_P4_Design01.cydsn\Generated_Source\PSoC4\CyFlash.c ****             {
 118:C:\Program Files (x86)\Cypress\PSoC Creator\4.4\PSoC Creator\1\CapSense_CSD_P4_Design01.cydsn\Generated_Source\PSoC4\CyFlash.c ****                 savedValue = parameters[savedIndex];
 202              		.loc 1 118 0
 203 0100 0823     		movs	r3, #8
 204 0102 FB18     		adds	r3, r7, r3
 205 0104 B422     		movs	r2, #180
 206 0106 BA18     		adds	r2, r7, r2
 207 0108 1268     		ldr	r2, [r2]
 208 010a 9200     		lsls	r2, r2, #2
 209 010c D358     		ldr	r3, [r2, r3]
 210 010e B022     		movs	r2, #176
 211 0110 BA18     		adds	r2, r7, r2
 212 0112 1360     		str	r3, [r2]
 119:C:\Program Files (x86)\Cypress\PSoC Creator\4.4\PSoC Creator\1\CapSense_CSD_P4_Design01.cydsn\Generated_Source\PSoC4\CyFlash.c ****                 parameters[savedIndex] = 0u;
 213              		.loc 1 119 0
 214 0114 0823     		movs	r3, #8
 215 0116 FB18     		adds	r3, r7, r3
 216 0118 B422     		movs	r2, #180
 217 011a BA18     		adds	r2, r7, r2
 218 011c 1268     		ldr	r2, [r2]
 219 011e 9200     		lsls	r2, r2, #2
 220 0120 0021     		movs	r1, #0
 221 0122 D150     		str	r1, [r2, r3]
ARM GAS  C:\Users\taips\AppData\Local\Temp\ccHT8htL.s 			page 7


 222              	.L8:
 120:C:\Program Files (x86)\Cypress\PSoC Creator\4.4\PSoC Creator\1\CapSense_CSD_P4_Design01.cydsn\Generated_Source\PSoC4\CyFlash.c ****             }
 121:C:\Program Files (x86)\Cypress\PSoC Creator\4.4\PSoC Creator\1\CapSense_CSD_P4_Design01.cydsn\Generated_Source\PSoC4\CyFlash.c ****         #endif  /* (CY_FLASH_CHECKSUM_WORKAROUND) */
 122:C:\Program Files (x86)\Cypress\PSoC Creator\4.4\PSoC Creator\1\CapSense_CSD_P4_Design01.cydsn\Generated_Source\PSoC4\CyFlash.c **** 
 123:C:\Program Files (x86)\Cypress\PSoC Creator\4.4\PSoC Creator\1\CapSense_CSD_P4_Design01.cydsn\Generated_Source\PSoC4\CyFlash.c ****         /* Load Flash Bytes */
 124:C:\Program Files (x86)\Cypress\PSoC Creator\4.4\PSoC Creator\1\CapSense_CSD_P4_Design01.cydsn\Generated_Source\PSoC4\CyFlash.c ****         parameters[0u] = (uint32) (CY_FLASH_GET_MACRO_FROM_ROW(rowNum)        << CY_FLASH_PARAM_MAC
 223              		.loc 1 124 0
 224 0124 0823     		movs	r3, #8
 225 0126 FB18     		adds	r3, r7, r3
 226 0128 904A     		ldr	r2, .L31
 227 012a 1A60     		str	r2, [r3]
 125:C:\Program Files (x86)\Cypress\PSoC Creator\4.4\PSoC Creator\1\CapSense_CSD_P4_Design01.cydsn\Generated_Source\PSoC4\CyFlash.c ****                          (uint32) (CY_FLASH_PAGE_LATCH_START_ADDR             << CY_FLASH_PARAM_ADD
 126:C:\Program Files (x86)\Cypress\PSoC Creator\4.4\PSoC Creator\1\CapSense_CSD_P4_Design01.cydsn\Generated_Source\PSoC4\CyFlash.c ****                          (uint32) (CY_FLASH_KEY_TWO(CY_FLASH_API_OPCODE_LOAD) << CY_FLASH_PARAM_KEY
 127:C:\Program Files (x86)\Cypress\PSoC Creator\4.4\PSoC Creator\1\CapSense_CSD_P4_Design01.cydsn\Generated_Source\PSoC4\CyFlash.c ****                          CY_FLASH_KEY_ONE;
 128:C:\Program Files (x86)\Cypress\PSoC Creator\4.4\PSoC Creator\1\CapSense_CSD_P4_Design01.cydsn\Generated_Source\PSoC4\CyFlash.c ****         parameters[1u] = CY_FLASH_SIZEOF_ROW - 1u;
 228              		.loc 1 128 0
 229 012c 0823     		movs	r3, #8
 230 012e FB18     		adds	r3, r7, r3
 231 0130 7F22     		movs	r2, #127
 232 0132 5A60     		str	r2, [r3, #4]
 129:C:\Program Files (x86)\Cypress\PSoC Creator\4.4\PSoC Creator\1\CapSense_CSD_P4_Design01.cydsn\Generated_Source\PSoC4\CyFlash.c **** 
 130:C:\Program Files (x86)\Cypress\PSoC Creator\4.4\PSoC Creator\1\CapSense_CSD_P4_Design01.cydsn\Generated_Source\PSoC4\CyFlash.c ****         CY_FLASH_CPUSS_SYSARG_REG = (uint32) &parameters[0u];
 233              		.loc 1 130 0
 234 0134 8E4B     		ldr	r3, .L31+4
 235 0136 0822     		movs	r2, #8
 236 0138 BA18     		adds	r2, r7, r2
 237 013a 1A60     		str	r2, [r3]
 131:C:\Program Files (x86)\Cypress\PSoC Creator\4.4\PSoC Creator\1\CapSense_CSD_P4_Design01.cydsn\Generated_Source\PSoC4\CyFlash.c ****         CY_FLASH_CPUSS_SYSREQ_REG = CY_FLASH_CPUSS_REQ_START | CY_FLASH_API_OPCODE_LOAD;
 238              		.loc 1 131 0
 239 013c 8D4B     		ldr	r3, .L31+8
 240 013e 8E4A     		ldr	r2, .L31+12
 241 0140 1A60     		str	r2, [r3]
 132:C:\Program Files (x86)\Cypress\PSoC Creator\4.4\PSoC Creator\1\CapSense_CSD_P4_Design01.cydsn\Generated_Source\PSoC4\CyFlash.c ****         CY_NOP;
 242              		.loc 1 132 0
 243              		.syntax divided
 244              	@ 132 "C:\Program Files (x86)\Cypress\PSoC Creator\4.4\PSoC Creator\1\CapSense_CSD_P4_Design01.cyds
 245 0142 C046     		NOP
 246              	
 247              	@ 0 "" 2
 133:C:\Program Files (x86)\Cypress\PSoC Creator\4.4\PSoC Creator\1\CapSense_CSD_P4_Design01.cydsn\Generated_Source\PSoC4\CyFlash.c ****         retValue = CY_FLASH_API_RETURN;
 248              		.loc 1 133 0
 249              		.thumb
 250              		.syntax unified
 251 0144 8A4B     		ldr	r3, .L31+4
 252 0146 1B68     		ldr	r3, [r3]
 253 0148 1B0F     		lsrs	r3, r3, #28
 254 014a 1A07     		lsls	r2, r3, #28
 255 014c F023     		movs	r3, #240
 256 014e 1B06     		lsls	r3, r3, #24
 257 0150 9A42     		cmp	r2, r3
 258 0152 04D1     		bne	.L9
 259              		.loc 1 133 0 is_stmt 0 discriminator 1
 260 0154 864B     		ldr	r3, .L31+4
 261 0156 1B68     		ldr	r3, [r3]
 262 0158 FF22     		movs	r2, #255
 263 015a 1340     		ands	r3, r2
 264 015c 0DE0     		b	.L10
ARM GAS  C:\Users\taips\AppData\Local\Temp\ccHT8htL.s 			page 8


 265              	.L9:
 266              		.loc 1 133 0 discriminator 2
 267 015e 844B     		ldr	r3, .L31+4
 268 0160 1B68     		ldr	r3, [r3]
 269 0162 1B0F     		lsrs	r3, r3, #28
 270 0164 1A07     		lsls	r2, r3, #28
 271 0166 A023     		movs	r3, #160
 272 0168 1B06     		lsls	r3, r3, #24
 273 016a 9A42     		cmp	r2, r3
 274 016c 04D0     		beq	.L11
 275              		.loc 1 133 0 discriminator 4
 276 016e 804B     		ldr	r3, .L31+4
 277 0170 1B68     		ldr	r3, [r3]
 278 0172 FF22     		movs	r2, #255
 279 0174 1340     		ands	r3, r2
 280 0176 00E0     		b	.L10
 281              	.L11:
 282              		.loc 1 133 0 discriminator 5
 283 0178 0023     		movs	r3, #0
 284              	.L10:
 285              		.loc 1 133 0 discriminator 8
 286 017a 9422     		movs	r2, #148
 287 017c BA18     		adds	r2, r7, r2
 288 017e 1360     		str	r3, [r2]
 134:C:\Program Files (x86)\Cypress\PSoC Creator\4.4\PSoC Creator\1\CapSense_CSD_P4_Design01.cydsn\Generated_Source\PSoC4\CyFlash.c **** 
 135:C:\Program Files (x86)\Cypress\PSoC Creator\4.4\PSoC Creator\1\CapSense_CSD_P4_Design01.cydsn\Generated_Source\PSoC4\CyFlash.c ****         if(retValue == CY_SYS_FLASH_SUCCESS)
 289              		.loc 1 135 0 is_stmt 1 discriminator 8
 290 0180 9423     		movs	r3, #148
 291 0182 FB18     		adds	r3, r7, r3
 292 0184 1B68     		ldr	r3, [r3]
 293 0186 002B     		cmp	r3, #0
 294 0188 00D0     		beq	.LCB227
 295 018a E8E0     		b	.L29	@long jump
 296              	.LCB227:
 136:C:\Program Files (x86)\Cypress\PSoC Creator\4.4\PSoC Creator\1\CapSense_CSD_P4_Design01.cydsn\Generated_Source\PSoC4\CyFlash.c ****         {
 137:C:\Program Files (x86)\Cypress\PSoC Creator\4.4\PSoC Creator\1\CapSense_CSD_P4_Design01.cydsn\Generated_Source\PSoC4\CyFlash.c ****             /***************************************************************
 138:C:\Program Files (x86)\Cypress\PSoC Creator\4.4\PSoC Creator\1\CapSense_CSD_P4_Design01.cydsn\Generated_Source\PSoC4\CyFlash.c ****             * Mask all the exceptions to guarantee that Flash write will
 139:C:\Program Files (x86)\Cypress\PSoC Creator\4.4\PSoC Creator\1\CapSense_CSD_P4_Design01.cydsn\Generated_Source\PSoC4\CyFlash.c ****             * occur in the atomic way. It will not affect system call
 140:C:\Program Files (x86)\Cypress\PSoC Creator\4.4\PSoC Creator\1\CapSense_CSD_P4_Design01.cydsn\Generated_Source\PSoC4\CyFlash.c ****             * execution (flash row write) since it is executed in the NMI
 141:C:\Program Files (x86)\Cypress\PSoC Creator\4.4\PSoC Creator\1\CapSense_CSD_P4_Design01.cydsn\Generated_Source\PSoC4\CyFlash.c ****             * context.
 142:C:\Program Files (x86)\Cypress\PSoC Creator\4.4\PSoC Creator\1\CapSense_CSD_P4_Design01.cydsn\Generated_Source\PSoC4\CyFlash.c ****             ***************************************************************/
 143:C:\Program Files (x86)\Cypress\PSoC Creator\4.4\PSoC Creator\1\CapSense_CSD_P4_Design01.cydsn\Generated_Source\PSoC4\CyFlash.c ****             interruptState = CyEnterCriticalSection();
 297              		.loc 1 143 0
 298 018c 9B23     		movs	r3, #155
 299 018e FC18     		adds	r4, r7, r3
 300 0190 FFF7FEFF 		bl	CyEnterCriticalSection
 301 0194 0300     		movs	r3, r0
 302 0196 2370     		strb	r3, [r4]
 144:C:\Program Files (x86)\Cypress\PSoC Creator\4.4\PSoC Creator\1\CapSense_CSD_P4_Design01.cydsn\Generated_Source\PSoC4\CyFlash.c **** 
 145:C:\Program Files (x86)\Cypress\PSoC Creator\4.4\PSoC Creator\1\CapSense_CSD_P4_Design01.cydsn\Generated_Source\PSoC4\CyFlash.c ****             clkCnfRetValue = CySysFlashClockBackup();
 303              		.loc 1 145 0
 304 0198 FFF7FEFF 		bl	CySysFlashClockBackup
 305 019c 0300     		movs	r3, r0
 306 019e 9022     		movs	r2, #144
 307 01a0 BA18     		adds	r2, r7, r2
 308 01a2 1360     		str	r3, [r2]
 146:C:\Program Files (x86)\Cypress\PSoC Creator\4.4\PSoC Creator\1\CapSense_CSD_P4_Design01.cydsn\Generated_Source\PSoC4\CyFlash.c **** 
ARM GAS  C:\Users\taips\AppData\Local\Temp\ccHT8htL.s 			page 9


 147:C:\Program Files (x86)\Cypress\PSoC Creator\4.4\PSoC Creator\1\CapSense_CSD_P4_Design01.cydsn\Generated_Source\PSoC4\CyFlash.c ****         #if(CY_IP_SPCIF_SYNCHRONOUS)
 148:C:\Program Files (x86)\Cypress\PSoC Creator\4.4\PSoC Creator\1\CapSense_CSD_P4_Design01.cydsn\Generated_Source\PSoC4\CyFlash.c ****             if(clkCnfRetValue == CY_SYS_FLASH_SUCCESS)
 149:C:\Program Files (x86)\Cypress\PSoC Creator\4.4\PSoC Creator\1\CapSense_CSD_P4_Design01.cydsn\Generated_Source\PSoC4\CyFlash.c ****             {
 150:C:\Program Files (x86)\Cypress\PSoC Creator\4.4\PSoC Creator\1\CapSense_CSD_P4_Design01.cydsn\Generated_Source\PSoC4\CyFlash.c ****                 retValue = CySysFlashClockConfig();
 151:C:\Program Files (x86)\Cypress\PSoC Creator\4.4\PSoC Creator\1\CapSense_CSD_P4_Design01.cydsn\Generated_Source\PSoC4\CyFlash.c ****             }
 152:C:\Program Files (x86)\Cypress\PSoC Creator\4.4\PSoC Creator\1\CapSense_CSD_P4_Design01.cydsn\Generated_Source\PSoC4\CyFlash.c ****         #endif  /* (CY_IP_SPCIF_SYNCHRONOUS) */
 153:C:\Program Files (x86)\Cypress\PSoC Creator\4.4\PSoC Creator\1\CapSense_CSD_P4_Design01.cydsn\Generated_Source\PSoC4\CyFlash.c **** 
 154:C:\Program Files (x86)\Cypress\PSoC Creator\4.4\PSoC Creator\1\CapSense_CSD_P4_Design01.cydsn\Generated_Source\PSoC4\CyFlash.c ****             if(retValue == CY_SYS_FLASH_SUCCESS)
 309              		.loc 1 154 0
 310 01a4 9423     		movs	r3, #148
 311 01a6 FB18     		adds	r3, r7, r3
 312 01a8 1B68     		ldr	r3, [r3]
 313 01aa 002B     		cmp	r3, #0
 314 01ac 32D1     		bne	.L14
 155:C:\Program Files (x86)\Cypress\PSoC Creator\4.4\PSoC Creator\1\CapSense_CSD_P4_Design01.cydsn\Generated_Source\PSoC4\CyFlash.c ****             {
 156:C:\Program Files (x86)\Cypress\PSoC Creator\4.4\PSoC Creator\1\CapSense_CSD_P4_Design01.cydsn\Generated_Source\PSoC4\CyFlash.c ****                 /* Write Row */
 157:C:\Program Files (x86)\Cypress\PSoC Creator\4.4\PSoC Creator\1\CapSense_CSD_P4_Design01.cydsn\Generated_Source\PSoC4\CyFlash.c ****                 parameters[0u]  = (uint32) (((uint32) CY_FLASH_KEY_TWO(CY_FLASH_API_OPCODE_WRITE_RO
 315              		.loc 1 157 0
 316 01ae 0823     		movs	r3, #8
 317 01b0 FB18     		adds	r3, r7, r3
 318 01b2 724A     		ldr	r2, .L31+16
 319 01b4 1A60     		str	r2, [r3]
 158:C:\Program Files (x86)\Cypress\PSoC Creator\4.4\PSoC Creator\1\CapSense_CSD_P4_Design01.cydsn\Generated_Source\PSoC4\CyFlash.c ****                 parameters[0u] |= (uint32)(rowNum << 16u);
 320              		.loc 1 158 0
 321 01b6 0823     		movs	r3, #8
 322 01b8 FB18     		adds	r3, r7, r3
 323 01ba 1A68     		ldr	r2, [r3]
 324 01bc 7B68     		ldr	r3, [r7, #4]
 325 01be 1B04     		lsls	r3, r3, #16
 326 01c0 1A43     		orrs	r2, r3
 327 01c2 0823     		movs	r3, #8
 328 01c4 FB18     		adds	r3, r7, r3
 329 01c6 1A60     		str	r2, [r3]
 159:C:\Program Files (x86)\Cypress\PSoC Creator\4.4\PSoC Creator\1\CapSense_CSD_P4_Design01.cydsn\Generated_Source\PSoC4\CyFlash.c **** 
 160:C:\Program Files (x86)\Cypress\PSoC Creator\4.4\PSoC Creator\1\CapSense_CSD_P4_Design01.cydsn\Generated_Source\PSoC4\CyFlash.c ****                 CY_FLASH_CPUSS_SYSARG_REG = (uint32) &parameters[0u];
 330              		.loc 1 160 0
 331 01c8 694B     		ldr	r3, .L31+4
 332 01ca 0822     		movs	r2, #8
 333 01cc BA18     		adds	r2, r7, r2
 334 01ce 1A60     		str	r2, [r3]
 161:C:\Program Files (x86)\Cypress\PSoC Creator\4.4\PSoC Creator\1\CapSense_CSD_P4_Design01.cydsn\Generated_Source\PSoC4\CyFlash.c ****                 CY_FLASH_CPUSS_SYSREQ_REG = CY_FLASH_CPUSS_REQ_START | CY_FLASH_API_OPCODE_WRITE_RO
 335              		.loc 1 161 0
 336 01d0 684B     		ldr	r3, .L31+8
 337 01d2 6B4A     		ldr	r2, .L31+20
 338 01d4 1A60     		str	r2, [r3]
 162:C:\Program Files (x86)\Cypress\PSoC Creator\4.4\PSoC Creator\1\CapSense_CSD_P4_Design01.cydsn\Generated_Source\PSoC4\CyFlash.c ****                 CY_NOP;
 339              		.loc 1 162 0
 340              		.syntax divided
 341              	@ 162 "C:\Program Files (x86)\Cypress\PSoC Creator\4.4\PSoC Creator\1\CapSense_CSD_P4_Design01.cyds
 342 01d6 C046     		NOP
 343              	
 344              	@ 0 "" 2
 163:C:\Program Files (x86)\Cypress\PSoC Creator\4.4\PSoC Creator\1\CapSense_CSD_P4_Design01.cydsn\Generated_Source\PSoC4\CyFlash.c ****                 retValue = CY_FLASH_API_RETURN;
 345              		.loc 1 163 0
 346              		.thumb
 347              		.syntax unified
 348 01d8 654B     		ldr	r3, .L31+4
ARM GAS  C:\Users\taips\AppData\Local\Temp\ccHT8htL.s 			page 10


 349 01da 1B68     		ldr	r3, [r3]
 350 01dc 1B0F     		lsrs	r3, r3, #28
 351 01de 1A07     		lsls	r2, r3, #28
 352 01e0 F023     		movs	r3, #240
 353 01e2 1B06     		lsls	r3, r3, #24
 354 01e4 9A42     		cmp	r2, r3
 355 01e6 04D1     		bne	.L15
 356              		.loc 1 163 0 is_stmt 0 discriminator 1
 357 01e8 614B     		ldr	r3, .L31+4
 358 01ea 1B68     		ldr	r3, [r3]
 359 01ec FF22     		movs	r2, #255
 360 01ee 1340     		ands	r3, r2
 361 01f0 0DE0     		b	.L16
 362              	.L15:
 363              		.loc 1 163 0 discriminator 2
 364 01f2 5F4B     		ldr	r3, .L31+4
 365 01f4 1B68     		ldr	r3, [r3]
 366 01f6 1B0F     		lsrs	r3, r3, #28
 367 01f8 1A07     		lsls	r2, r3, #28
 368 01fa A023     		movs	r3, #160
 369 01fc 1B06     		lsls	r3, r3, #24
 370 01fe 9A42     		cmp	r2, r3
 371 0200 04D0     		beq	.L17
 372              		.loc 1 163 0 discriminator 4
 373 0202 5B4B     		ldr	r3, .L31+4
 374 0204 1B68     		ldr	r3, [r3]
 375 0206 FF22     		movs	r2, #255
 376 0208 1340     		ands	r3, r2
 377 020a 00E0     		b	.L16
 378              	.L17:
 379              		.loc 1 163 0 discriminator 5
 380 020c 0023     		movs	r3, #0
 381              	.L16:
 382              		.loc 1 163 0 discriminator 8
 383 020e 9422     		movs	r2, #148
 384 0210 BA18     		adds	r2, r7, r2
 385 0212 1360     		str	r3, [r2]
 386              	.L14:
 164:C:\Program Files (x86)\Cypress\PSoC Creator\4.4\PSoC Creator\1\CapSense_CSD_P4_Design01.cydsn\Generated_Source\PSoC4\CyFlash.c ****             }
 165:C:\Program Files (x86)\Cypress\PSoC Creator\4.4\PSoC Creator\1\CapSense_CSD_P4_Design01.cydsn\Generated_Source\PSoC4\CyFlash.c **** 
 166:C:\Program Files (x86)\Cypress\PSoC Creator\4.4\PSoC Creator\1\CapSense_CSD_P4_Design01.cydsn\Generated_Source\PSoC4\CyFlash.c ****             #if (CY_FLASH_CHECKSUM_WORKAROUND)
 167:C:\Program Files (x86)\Cypress\PSoC Creator\4.4\PSoC Creator\1\CapSense_CSD_P4_Design01.cydsn\Generated_Source\PSoC4\CyFlash.c **** 
 168:C:\Program Files (x86)\Cypress\PSoC Creator\4.4\PSoC Creator\1\CapSense_CSD_P4_Design01.cydsn\Generated_Source\PSoC4\CyFlash.c ****                 if ((retValue == CYRET_SUCCESS) && (needChecksumWorkaround != 0u))
 387              		.loc 1 168 0 is_stmt 1
 388 0214 9423     		movs	r3, #148
 389 0216 FB18     		adds	r3, r7, r3
 390 0218 1B68     		ldr	r3, [r3]
 391 021a 002B     		cmp	r3, #0
 392 021c 00D0     		beq	.LCB308
 393 021e 7DE0     		b	.L19	@long jump
 394              	.LCB308:
 395              		.loc 1 168 0 is_stmt 0 discriminator 1
 396 0220 A023     		movs	r3, #160
 397 0222 FB18     		adds	r3, r7, r3
 398 0224 1B68     		ldr	r3, [r3]
 399 0226 002B     		cmp	r3, #0
 400 0228 00D1     		bne	.LCB313
ARM GAS  C:\Users\taips\AppData\Local\Temp\ccHT8htL.s 			page 11


 401 022a 77E0     		b	.L19	@long jump
 402              	.LCB313:
 169:C:\Program Files (x86)\Cypress\PSoC Creator\4.4\PSoC Creator\1\CapSense_CSD_P4_Design01.cydsn\Generated_Source\PSoC4\CyFlash.c ****                 {
 170:C:\Program Files (x86)\Cypress\PSoC Creator\4.4\PSoC Creator\1\CapSense_CSD_P4_Design01.cydsn\Generated_Source\PSoC4\CyFlash.c ****                     (void)memset((void *)&parameters[2u], 0, CY_FLASH_SIZEOF_ROW);
 403              		.loc 1 170 0 is_stmt 1
 404 022c 0823     		movs	r3, #8
 405 022e FB18     		adds	r3, r7, r3
 406 0230 0833     		adds	r3, r3, #8
 407 0232 8022     		movs	r2, #128
 408 0234 0021     		movs	r1, #0
 409 0236 1800     		movs	r0, r3
 410 0238 FFF7FEFF 		bl	memset
 171:C:\Program Files (x86)\Cypress\PSoC Creator\4.4\PSoC Creator\1\CapSense_CSD_P4_Design01.cydsn\Generated_Source\PSoC4\CyFlash.c ****                     parameters[savedIndex] = savedValue;
 411              		.loc 1 171 0
 412 023c 0823     		movs	r3, #8
 413 023e FB18     		adds	r3, r7, r3
 414 0240 B422     		movs	r2, #180
 415 0242 BA18     		adds	r2, r7, r2
 416 0244 1268     		ldr	r2, [r2]
 417 0246 9200     		lsls	r2, r2, #2
 418 0248 B021     		movs	r1, #176
 419 024a 7918     		adds	r1, r7, r1
 420 024c 0968     		ldr	r1, [r1]
 421 024e D150     		str	r1, [r2, r3]
 172:C:\Program Files (x86)\Cypress\PSoC Creator\4.4\PSoC Creator\1\CapSense_CSD_P4_Design01.cydsn\Generated_Source\PSoC4\CyFlash.c **** 
 173:C:\Program Files (x86)\Cypress\PSoC Creator\4.4\PSoC Creator\1\CapSense_CSD_P4_Design01.cydsn\Generated_Source\PSoC4\CyFlash.c ****                     /* Load Flash Bytes */
 174:C:\Program Files (x86)\Cypress\PSoC Creator\4.4\PSoC Creator\1\CapSense_CSD_P4_Design01.cydsn\Generated_Source\PSoC4\CyFlash.c ****                     parameters[0u] = (uint32) (CY_FLASH_GET_MACRO_FROM_ROW(rowNum)        << CY_FLA
 422              		.loc 1 174 0
 423 0250 0823     		movs	r3, #8
 424 0252 FB18     		adds	r3, r7, r3
 425 0254 454A     		ldr	r2, .L31
 426 0256 1A60     		str	r2, [r3]
 175:C:\Program Files (x86)\Cypress\PSoC Creator\4.4\PSoC Creator\1\CapSense_CSD_P4_Design01.cydsn\Generated_Source\PSoC4\CyFlash.c ****                                      (uint32) (CY_FLASH_PAGE_LATCH_START_ADDR             << CY_FLA
 176:C:\Program Files (x86)\Cypress\PSoC Creator\4.4\PSoC Creator\1\CapSense_CSD_P4_Design01.cydsn\Generated_Source\PSoC4\CyFlash.c ****                                      (uint32) (CY_FLASH_KEY_TWO(CY_FLASH_API_OPCODE_LOAD) << CY_FLA
 177:C:\Program Files (x86)\Cypress\PSoC Creator\4.4\PSoC Creator\1\CapSense_CSD_P4_Design01.cydsn\Generated_Source\PSoC4\CyFlash.c ****                                      CY_FLASH_KEY_ONE;
 178:C:\Program Files (x86)\Cypress\PSoC Creator\4.4\PSoC Creator\1\CapSense_CSD_P4_Design01.cydsn\Generated_Source\PSoC4\CyFlash.c ****                     parameters[1u] = CY_FLASH_SIZEOF_ROW - 1u;
 427              		.loc 1 178 0
 428 0258 0823     		movs	r3, #8
 429 025a FB18     		adds	r3, r7, r3
 430 025c 7F22     		movs	r2, #127
 431 025e 5A60     		str	r2, [r3, #4]
 179:C:\Program Files (x86)\Cypress\PSoC Creator\4.4\PSoC Creator\1\CapSense_CSD_P4_Design01.cydsn\Generated_Source\PSoC4\CyFlash.c **** 
 180:C:\Program Files (x86)\Cypress\PSoC Creator\4.4\PSoC Creator\1\CapSense_CSD_P4_Design01.cydsn\Generated_Source\PSoC4\CyFlash.c ****                     CY_FLASH_CPUSS_SYSARG_REG = (uint32) &parameters[0u];
 432              		.loc 1 180 0
 433 0260 434B     		ldr	r3, .L31+4
 434 0262 0822     		movs	r2, #8
 435 0264 BA18     		adds	r2, r7, r2
 436 0266 1A60     		str	r2, [r3]
 181:C:\Program Files (x86)\Cypress\PSoC Creator\4.4\PSoC Creator\1\CapSense_CSD_P4_Design01.cydsn\Generated_Source\PSoC4\CyFlash.c ****                     CY_FLASH_CPUSS_SYSREQ_REG = CY_FLASH_CPUSS_REQ_START | CY_FLASH_API_OPCODE_LOAD
 437              		.loc 1 181 0
 438 0268 424B     		ldr	r3, .L31+8
 439 026a 434A     		ldr	r2, .L31+12
 440 026c 1A60     		str	r2, [r3]
 182:C:\Program Files (x86)\Cypress\PSoC Creator\4.4\PSoC Creator\1\CapSense_CSD_P4_Design01.cydsn\Generated_Source\PSoC4\CyFlash.c ****                     CY_NOP;
 441              		.loc 1 182 0
 442              		.syntax divided
 443              	@ 182 "C:\Program Files (x86)\Cypress\PSoC Creator\4.4\PSoC Creator\1\CapSense_CSD_P4_Design01.cyds
ARM GAS  C:\Users\taips\AppData\Local\Temp\ccHT8htL.s 			page 12


 444 026e C046     		NOP
 445              	
 446              	@ 0 "" 2
 183:C:\Program Files (x86)\Cypress\PSoC Creator\4.4\PSoC Creator\1\CapSense_CSD_P4_Design01.cydsn\Generated_Source\PSoC4\CyFlash.c ****                     retValue = CY_FLASH_API_RETURN;
 447              		.loc 1 183 0
 448              		.thumb
 449              		.syntax unified
 450 0270 3F4B     		ldr	r3, .L31+4
 451 0272 1B68     		ldr	r3, [r3]
 452 0274 1B0F     		lsrs	r3, r3, #28
 453 0276 1A07     		lsls	r2, r3, #28
 454 0278 F023     		movs	r3, #240
 455 027a 1B06     		lsls	r3, r3, #24
 456 027c 9A42     		cmp	r2, r3
 457 027e 04D1     		bne	.L20
 458              		.loc 1 183 0 is_stmt 0 discriminator 1
 459 0280 3B4B     		ldr	r3, .L31+4
 460 0282 1B68     		ldr	r3, [r3]
 461 0284 FF22     		movs	r2, #255
 462 0286 1340     		ands	r3, r2
 463 0288 0DE0     		b	.L21
 464              	.L20:
 465              		.loc 1 183 0 discriminator 2
 466 028a 394B     		ldr	r3, .L31+4
 467 028c 1B68     		ldr	r3, [r3]
 468 028e 1B0F     		lsrs	r3, r3, #28
 469 0290 1A07     		lsls	r2, r3, #28
 470 0292 A023     		movs	r3, #160
 471 0294 1B06     		lsls	r3, r3, #24
 472 0296 9A42     		cmp	r2, r3
 473 0298 04D0     		beq	.L22
 474              		.loc 1 183 0 discriminator 4
 475 029a 354B     		ldr	r3, .L31+4
 476 029c 1B68     		ldr	r3, [r3]
 477 029e FF22     		movs	r2, #255
 478 02a0 1340     		ands	r3, r2
 479 02a2 00E0     		b	.L21
 480              	.L22:
 481              		.loc 1 183 0 discriminator 5
 482 02a4 0023     		movs	r3, #0
 483              	.L21:
 484              		.loc 1 183 0 discriminator 8
 485 02a6 9422     		movs	r2, #148
 486 02a8 BA18     		adds	r2, r7, r2
 487 02aa 1360     		str	r3, [r2]
 184:C:\Program Files (x86)\Cypress\PSoC Creator\4.4\PSoC Creator\1\CapSense_CSD_P4_Design01.cydsn\Generated_Source\PSoC4\CyFlash.c **** 
 185:C:\Program Files (x86)\Cypress\PSoC Creator\4.4\PSoC Creator\1\CapSense_CSD_P4_Design01.cydsn\Generated_Source\PSoC4\CyFlash.c **** 
 186:C:\Program Files (x86)\Cypress\PSoC Creator\4.4\PSoC Creator\1\CapSense_CSD_P4_Design01.cydsn\Generated_Source\PSoC4\CyFlash.c ****                     if(retValue == CY_SYS_FLASH_SUCCESS)
 488              		.loc 1 186 0 is_stmt 1 discriminator 8
 489 02ac 9423     		movs	r3, #148
 490 02ae FB18     		adds	r3, r7, r3
 491 02b0 1B68     		ldr	r3, [r3]
 492 02b2 002B     		cmp	r3, #0
 493 02b4 32D1     		bne	.L19
 187:C:\Program Files (x86)\Cypress\PSoC Creator\4.4\PSoC Creator\1\CapSense_CSD_P4_Design01.cydsn\Generated_Source\PSoC4\CyFlash.c ****                     {
 188:C:\Program Files (x86)\Cypress\PSoC Creator\4.4\PSoC Creator\1\CapSense_CSD_P4_Design01.cydsn\Generated_Source\PSoC4\CyFlash.c ****                         /* Program Row */
 189:C:\Program Files (x86)\Cypress\PSoC Creator\4.4\PSoC Creator\1\CapSense_CSD_P4_Design01.cydsn\Generated_Source\PSoC4\CyFlash.c ****                         parameters[0u]  =
ARM GAS  C:\Users\taips\AppData\Local\Temp\ccHT8htL.s 			page 13


 494              		.loc 1 189 0
 495 02b6 0823     		movs	r3, #8
 496 02b8 FB18     		adds	r3, r7, r3
 497 02ba 324A     		ldr	r2, .L31+24
 498 02bc 1A60     		str	r2, [r3]
 190:C:\Program Files (x86)\Cypress\PSoC Creator\4.4\PSoC Creator\1\CapSense_CSD_P4_Design01.cydsn\Generated_Source\PSoC4\CyFlash.c ****                             (uint32) (((uint32) CY_FLASH_KEY_TWO(CY_FLASH_API_OPCODE_PROGRAM_ROW) <
 191:C:\Program Files (x86)\Cypress\PSoC Creator\4.4\PSoC Creator\1\CapSense_CSD_P4_Design01.cydsn\Generated_Source\PSoC4\CyFlash.c ****                                                     CY_FLASH_PARAM_KEY_TWO_OFFSET) | CY_FLASH_KEY_O
 192:C:\Program Files (x86)\Cypress\PSoC Creator\4.4\PSoC Creator\1\CapSense_CSD_P4_Design01.cydsn\Generated_Source\PSoC4\CyFlash.c ****                         parameters[0u] |= (uint32)(rowNum << 16u);
 499              		.loc 1 192 0
 500 02be 0823     		movs	r3, #8
 501 02c0 FB18     		adds	r3, r7, r3
 502 02c2 1A68     		ldr	r2, [r3]
 503 02c4 7B68     		ldr	r3, [r7, #4]
 504 02c6 1B04     		lsls	r3, r3, #16
 505 02c8 1A43     		orrs	r2, r3
 506 02ca 0823     		movs	r3, #8
 507 02cc FB18     		adds	r3, r7, r3
 508 02ce 1A60     		str	r2, [r3]
 193:C:\Program Files (x86)\Cypress\PSoC Creator\4.4\PSoC Creator\1\CapSense_CSD_P4_Design01.cydsn\Generated_Source\PSoC4\CyFlash.c **** 
 194:C:\Program Files (x86)\Cypress\PSoC Creator\4.4\PSoC Creator\1\CapSense_CSD_P4_Design01.cydsn\Generated_Source\PSoC4\CyFlash.c ****                         CY_FLASH_CPUSS_SYSARG_REG = (uint32) &parameters[0u];
 509              		.loc 1 194 0
 510 02d0 274B     		ldr	r3, .L31+4
 511 02d2 0822     		movs	r2, #8
 512 02d4 BA18     		adds	r2, r7, r2
 513 02d6 1A60     		str	r2, [r3]
 195:C:\Program Files (x86)\Cypress\PSoC Creator\4.4\PSoC Creator\1\CapSense_CSD_P4_Design01.cydsn\Generated_Source\PSoC4\CyFlash.c ****                         CY_FLASH_CPUSS_SYSREQ_REG = CY_FLASH_CPUSS_REQ_START | CY_FLASH_API_OPCODE_
 514              		.loc 1 195 0
 515 02d8 264B     		ldr	r3, .L31+8
 516 02da 2B4A     		ldr	r2, .L31+28
 517 02dc 1A60     		str	r2, [r3]
 196:C:\Program Files (x86)\Cypress\PSoC Creator\4.4\PSoC Creator\1\CapSense_CSD_P4_Design01.cydsn\Generated_Source\PSoC4\CyFlash.c ****                         CY_NOP;
 518              		.loc 1 196 0
 519              		.syntax divided
 520              	@ 196 "C:\Program Files (x86)\Cypress\PSoC Creator\4.4\PSoC Creator\1\CapSense_CSD_P4_Design01.cyds
 521 02de C046     		NOP
 522              	
 523              	@ 0 "" 2
 197:C:\Program Files (x86)\Cypress\PSoC Creator\4.4\PSoC Creator\1\CapSense_CSD_P4_Design01.cydsn\Generated_Source\PSoC4\CyFlash.c ****                         retValue = CY_FLASH_API_RETURN;
 524              		.loc 1 197 0
 525              		.thumb
 526              		.syntax unified
 527 02e0 234B     		ldr	r3, .L31+4
 528 02e2 1B68     		ldr	r3, [r3]
 529 02e4 1B0F     		lsrs	r3, r3, #28
 530 02e6 1A07     		lsls	r2, r3, #28
 531 02e8 F023     		movs	r3, #240
 532 02ea 1B06     		lsls	r3, r3, #24
 533 02ec 9A42     		cmp	r2, r3
 534 02ee 04D1     		bne	.L24
 535              		.loc 1 197 0 is_stmt 0 discriminator 1
 536 02f0 1F4B     		ldr	r3, .L31+4
 537 02f2 1B68     		ldr	r3, [r3]
 538 02f4 FF22     		movs	r2, #255
 539 02f6 1340     		ands	r3, r2
 540 02f8 0DE0     		b	.L25
 541              	.L24:
 542              		.loc 1 197 0 discriminator 2
ARM GAS  C:\Users\taips\AppData\Local\Temp\ccHT8htL.s 			page 14


 543 02fa 1D4B     		ldr	r3, .L31+4
 544 02fc 1B68     		ldr	r3, [r3]
 545 02fe 1B0F     		lsrs	r3, r3, #28
 546 0300 1A07     		lsls	r2, r3, #28
 547 0302 A023     		movs	r3, #160
 548 0304 1B06     		lsls	r3, r3, #24
 549 0306 9A42     		cmp	r2, r3
 550 0308 04D0     		beq	.L26
 551              		.loc 1 197 0 discriminator 4
 552 030a 194B     		ldr	r3, .L31+4
 553 030c 1B68     		ldr	r3, [r3]
 554 030e FF22     		movs	r2, #255
 555 0310 1340     		ands	r3, r2
 556 0312 00E0     		b	.L25
 557              	.L26:
 558              		.loc 1 197 0 discriminator 5
 559 0314 0023     		movs	r3, #0
 560              	.L25:
 561              		.loc 1 197 0 discriminator 8
 562 0316 9422     		movs	r2, #148
 563 0318 BA18     		adds	r2, r7, r2
 564 031a 1360     		str	r3, [r2]
 565              	.L19:
 198:C:\Program Files (x86)\Cypress\PSoC Creator\4.4\PSoC Creator\1\CapSense_CSD_P4_Design01.cydsn\Generated_Source\PSoC4\CyFlash.c ****                     }
 199:C:\Program Files (x86)\Cypress\PSoC Creator\4.4\PSoC Creator\1\CapSense_CSD_P4_Design01.cydsn\Generated_Source\PSoC4\CyFlash.c ****                 }
 200:C:\Program Files (x86)\Cypress\PSoC Creator\4.4\PSoC Creator\1\CapSense_CSD_P4_Design01.cydsn\Generated_Source\PSoC4\CyFlash.c ****             #endif  /* (CY_FLASH_CHECKSUM_WORKAROUND) */
 201:C:\Program Files (x86)\Cypress\PSoC Creator\4.4\PSoC Creator\1\CapSense_CSD_P4_Design01.cydsn\Generated_Source\PSoC4\CyFlash.c **** 
 202:C:\Program Files (x86)\Cypress\PSoC Creator\4.4\PSoC Creator\1\CapSense_CSD_P4_Design01.cydsn\Generated_Source\PSoC4\CyFlash.c ****             if(clkCnfRetValue == CY_SYS_FLASH_SUCCESS)
 566              		.loc 1 202 0 is_stmt 1
 567 031c 9023     		movs	r3, #144
 568 031e FB18     		adds	r3, r7, r3
 569 0320 1B68     		ldr	r3, [r3]
 570 0322 002B     		cmp	r3, #0
 571 0324 10D1     		bne	.L28
 203:C:\Program Files (x86)\Cypress\PSoC Creator\4.4\PSoC Creator\1\CapSense_CSD_P4_Design01.cydsn\Generated_Source\PSoC4\CyFlash.c ****             {
 204:C:\Program Files (x86)\Cypress\PSoC Creator\4.4\PSoC Creator\1\CapSense_CSD_P4_Design01.cydsn\Generated_Source\PSoC4\CyFlash.c ****                 clkCnfRetValue = CySysFlashClockRestore();
 572              		.loc 1 204 0
 573 0326 FFF7FEFF 		bl	CySysFlashClockRestore
 574 032a 0300     		movs	r3, r0
 575 032c 9022     		movs	r2, #144
 576 032e BA18     		adds	r2, r7, r2
 577 0330 1360     		str	r3, [r2]
 205:C:\Program Files (x86)\Cypress\PSoC Creator\4.4\PSoC Creator\1\CapSense_CSD_P4_Design01.cydsn\Generated_Source\PSoC4\CyFlash.c **** 
 206:C:\Program Files (x86)\Cypress\PSoC Creator\4.4\PSoC Creator\1\CapSense_CSD_P4_Design01.cydsn\Generated_Source\PSoC4\CyFlash.c ****                 if(clkCnfRetValue != CY_SYS_FLASH_SUCCESS)
 578              		.loc 1 206 0
 579 0332 9023     		movs	r3, #144
 580 0334 FB18     		adds	r3, r7, r3
 581 0336 1B68     		ldr	r3, [r3]
 582 0338 002B     		cmp	r3, #0
 583 033a 05D0     		beq	.L28
 207:C:\Program Files (x86)\Cypress\PSoC Creator\4.4\PSoC Creator\1\CapSense_CSD_P4_Design01.cydsn\Generated_Source\PSoC4\CyFlash.c ****                 {
 208:C:\Program Files (x86)\Cypress\PSoC Creator\4.4\PSoC Creator\1\CapSense_CSD_P4_Design01.cydsn\Generated_Source\PSoC4\CyFlash.c ****                     retValue = clkCnfRetValue;
 584              		.loc 1 208 0
 585 033c 9023     		movs	r3, #144
 586 033e FB18     		adds	r3, r7, r3
 587 0340 1B68     		ldr	r3, [r3]
 588 0342 9422     		movs	r2, #148
ARM GAS  C:\Users\taips\AppData\Local\Temp\ccHT8htL.s 			page 15


 589 0344 BA18     		adds	r2, r7, r2
 590 0346 1360     		str	r3, [r2]
 591              	.L28:
 209:C:\Program Files (x86)\Cypress\PSoC Creator\4.4\PSoC Creator\1\CapSense_CSD_P4_Design01.cydsn\Generated_Source\PSoC4\CyFlash.c ****                 }
 210:C:\Program Files (x86)\Cypress\PSoC Creator\4.4\PSoC Creator\1\CapSense_CSD_P4_Design01.cydsn\Generated_Source\PSoC4\CyFlash.c ****             }
 211:C:\Program Files (x86)\Cypress\PSoC Creator\4.4\PSoC Creator\1\CapSense_CSD_P4_Design01.cydsn\Generated_Source\PSoC4\CyFlash.c **** 
 212:C:\Program Files (x86)\Cypress\PSoC Creator\4.4\PSoC Creator\1\CapSense_CSD_P4_Design01.cydsn\Generated_Source\PSoC4\CyFlash.c ****             CyExitCriticalSection(interruptState);
 592              		.loc 1 212 0
 593 0348 9B23     		movs	r3, #155
 594 034a FB18     		adds	r3, r7, r3
 595 034c 1B78     		ldrb	r3, [r3]
 596 034e 1800     		movs	r0, r3
 597 0350 FFF7FEFF 		bl	CyExitCriticalSection
 135:C:\Program Files (x86)\Cypress\PSoC Creator\4.4\PSoC Creator\1\CapSense_CSD_P4_Design01.cydsn\Generated_Source\PSoC4\CyFlash.c ****         {
 598              		.loc 1 135 0
 599 0354 03E0     		b	.L29
 600              	.L2:
 213:C:\Program Files (x86)\Cypress\PSoC Creator\4.4\PSoC Creator\1\CapSense_CSD_P4_Design01.cydsn\Generated_Source\PSoC4\CyFlash.c ****         }
 214:C:\Program Files (x86)\Cypress\PSoC Creator\4.4\PSoC Creator\1\CapSense_CSD_P4_Design01.cydsn\Generated_Source\PSoC4\CyFlash.c ****     }
 215:C:\Program Files (x86)\Cypress\PSoC Creator\4.4\PSoC Creator\1\CapSense_CSD_P4_Design01.cydsn\Generated_Source\PSoC4\CyFlash.c ****     else
 216:C:\Program Files (x86)\Cypress\PSoC Creator\4.4\PSoC Creator\1\CapSense_CSD_P4_Design01.cydsn\Generated_Source\PSoC4\CyFlash.c ****     {
 217:C:\Program Files (x86)\Cypress\PSoC Creator\4.4\PSoC Creator\1\CapSense_CSD_P4_Design01.cydsn\Generated_Source\PSoC4\CyFlash.c ****         retValue = CY_SYS_FLASH_INVALID_ADDR;
 601              		.loc 1 217 0
 602 0356 0423     		movs	r3, #4
 603 0358 9422     		movs	r2, #148
 604 035a BA18     		adds	r2, r7, r2
 605 035c 1360     		str	r3, [r2]
 606              	.L29:
 218:C:\Program Files (x86)\Cypress\PSoC Creator\4.4\PSoC Creator\1\CapSense_CSD_P4_Design01.cydsn\Generated_Source\PSoC4\CyFlash.c ****     }
 219:C:\Program Files (x86)\Cypress\PSoC Creator\4.4\PSoC Creator\1\CapSense_CSD_P4_Design01.cydsn\Generated_Source\PSoC4\CyFlash.c **** 
 220:C:\Program Files (x86)\Cypress\PSoC Creator\4.4\PSoC Creator\1\CapSense_CSD_P4_Design01.cydsn\Generated_Source\PSoC4\CyFlash.c ****     return (retValue);
 607              		.loc 1 220 0
 608 035e 9423     		movs	r3, #148
 609 0360 FB18     		adds	r3, r7, r3
 610 0362 1B68     		ldr	r3, [r3]
 221:C:\Program Files (x86)\Cypress\PSoC Creator\4.4\PSoC Creator\1\CapSense_CSD_P4_Design01.cydsn\Generated_Source\PSoC4\CyFlash.c **** }
 611              		.loc 1 221 0
 612 0364 1800     		movs	r0, r3
 613 0366 BD46     		mov	sp, r7
 614 0368 2FB0     		add	sp, sp, #188
 615              		@ sp needed
 616 036a 90BD     		pop	{r4, r7, pc}
 617              	.L32:
 618              		.align	2
 619              	.L31:
 620 036c B6D70000 		.word	55222
 621 0370 08000040 		.word	1073741832
 622 0374 04000040 		.word	1073741828
 623 0378 04000080 		.word	-2147483644
 624 037c B6D80000 		.word	55478
 625 0380 05000080 		.word	-2147483643
 626 0384 B6D90000 		.word	55734
 627 0388 06000080 		.word	-2147483642
 628              		.cfi_endproc
 629              	.LFE0:
 630              		.size	CySysFlashWriteRow, .-CySysFlashWriteRow
 631              		.section	.text.CySysFlashSetWaitCycles,"ax",%progbits
ARM GAS  C:\Users\taips\AppData\Local\Temp\ccHT8htL.s 			page 16


 632              		.align	2
 633              		.global	CySysFlashSetWaitCycles
 634              		.code	16
 635              		.thumb_func
 636              		.type	CySysFlashSetWaitCycles, %function
 637              	CySysFlashSetWaitCycles:
 638              	.LFB1:
 222:C:\Program Files (x86)\Cypress\PSoC Creator\4.4\PSoC Creator\1\CapSense_CSD_P4_Design01.cydsn\Generated_Source\PSoC4\CyFlash.c **** 
 223:C:\Program Files (x86)\Cypress\PSoC Creator\4.4\PSoC Creator\1\CapSense_CSD_P4_Design01.cydsn\Generated_Source\PSoC4\CyFlash.c **** 
 224:C:\Program Files (x86)\Cypress\PSoC Creator\4.4\PSoC Creator\1\CapSense_CSD_P4_Design01.cydsn\Generated_Source\PSoC4\CyFlash.c **** 
 225:C:\Program Files (x86)\Cypress\PSoC Creator\4.4\PSoC Creator\1\CapSense_CSD_P4_Design01.cydsn\Generated_Source\PSoC4\CyFlash.c **** #if (CY_IP_FLASH_PARALLEL_PGM_EN && (CY_IP_FLASH_MACROS > 1u))
 226:C:\Program Files (x86)\Cypress\PSoC Creator\4.4\PSoC Creator\1\CapSense_CSD_P4_Design01.cydsn\Generated_Source\PSoC4\CyFlash.c **** /*******************************************************************************
 227:C:\Program Files (x86)\Cypress\PSoC Creator\4.4\PSoC Creator\1\CapSense_CSD_P4_Design01.cydsn\Generated_Source\PSoC4\CyFlash.c **** * Function Name: CySysFlashStartWriteRow
 228:C:\Program Files (x86)\Cypress\PSoC Creator\4.4\PSoC Creator\1\CapSense_CSD_P4_Design01.cydsn\Generated_Source\PSoC4\CyFlash.c **** ****************************************************************************//**
 229:C:\Program Files (x86)\Cypress\PSoC Creator\4.4\PSoC Creator\1\CapSense_CSD_P4_Design01.cydsn\Generated_Source\PSoC4\CyFlash.c **** *
 230:C:\Program Files (x86)\Cypress\PSoC Creator\4.4\PSoC Creator\1\CapSense_CSD_P4_Design01.cydsn\Generated_Source\PSoC4\CyFlash.c **** * Initiates a write to a row of Flash. A call to this API is non-blocking. 
 231:C:\Program Files (x86)\Cypress\PSoC Creator\4.4\PSoC Creator\1\CapSense_CSD_P4_Design01.cydsn\Generated_Source\PSoC4\CyFlash.c **** * Use CySysFlashResumeWriteRow() to resume flash writes and 
 232:C:\Program Files (x86)\Cypress\PSoC Creator\4.4\PSoC Creator\1\CapSense_CSD_P4_Design01.cydsn\Generated_Source\PSoC4\CyFlash.c **** * CySysFlashGetWriteRowStatus() to ascertain status of the write operation.
 233:C:\Program Files (x86)\Cypress\PSoC Creator\4.4\PSoC Creator\1\CapSense_CSD_P4_Design01.cydsn\Generated_Source\PSoC4\CyFlash.c **** *
 234:C:\Program Files (x86)\Cypress\PSoC Creator\4.4\PSoC Creator\1\CapSense_CSD_P4_Design01.cydsn\Generated_Source\PSoC4\CyFlash.c **** * The devices require HFCLK to be sourced by 48 MHz IMO during flash write.
 235:C:\Program Files (x86)\Cypress\PSoC Creator\4.4\PSoC Creator\1\CapSense_CSD_P4_Design01.cydsn\Generated_Source\PSoC4\CyFlash.c **** * This API will modify IMO configuration; it can be later restored to original
 236:C:\Program Files (x86)\Cypress\PSoC Creator\4.4\PSoC Creator\1\CapSense_CSD_P4_Design01.cydsn\Generated_Source\PSoC4\CyFlash.c **** * configuration by calling \ref CySysFlashGetWriteRowStatus().
 237:C:\Program Files (x86)\Cypress\PSoC Creator\4.4\PSoC Creator\1\CapSense_CSD_P4_Design01.cydsn\Generated_Source\PSoC4\CyFlash.c **** *
 238:C:\Program Files (x86)\Cypress\PSoC Creator\4.4\PSoC Creator\1\CapSense_CSD_P4_Design01.cydsn\Generated_Source\PSoC4\CyFlash.c **** * \note The non-blocking operation does not return success status 
 239:C:\Program Files (x86)\Cypress\PSoC Creator\4.4\PSoC Creator\1\CapSense_CSD_P4_Design01.cydsn\Generated_Source\PSoC4\CyFlash.c **** * CY_SYS_FLASH_SUCCESS until the last \ref CySysFlashResumeWriteRow API 
 240:C:\Program Files (x86)\Cypress\PSoC Creator\4.4\PSoC Creator\1\CapSense_CSD_P4_Design01.cydsn\Generated_Source\PSoC4\CyFlash.c **** * is complete. The CPUSS_SYSARG register will be reflecting the SRAM address 
 241:C:\Program Files (x86)\Cypress\PSoC Creator\4.4\PSoC Creator\1\CapSense_CSD_P4_Design01.cydsn\Generated_Source\PSoC4\CyFlash.c **** * during an ongoing non-blocking operation.
 242:C:\Program Files (x86)\Cypress\PSoC Creator\4.4\PSoC Creator\1\CapSense_CSD_P4_Design01.cydsn\Generated_Source\PSoC4\CyFlash.c **** *    
 243:C:\Program Files (x86)\Cypress\PSoC Creator\4.4\PSoC Creator\1\CapSense_CSD_P4_Design01.cydsn\Generated_Source\PSoC4\CyFlash.c **** * \param rowNum The flash row number. The number of the flash rows is defined by
 244:C:\Program Files (x86)\Cypress\PSoC Creator\4.4\PSoC Creator\1\CapSense_CSD_P4_Design01.cydsn\Generated_Source\PSoC4\CyFlash.c **** * the \ref CY_FLASH_NUMBER_ROWS macro for the selected device. Refer to the
 245:C:\Program Files (x86)\Cypress\PSoC Creator\4.4\PSoC Creator\1\CapSense_CSD_P4_Design01.cydsn\Generated_Source\PSoC4\CyFlash.c **** * device datasheet for the details.
 246:C:\Program Files (x86)\Cypress\PSoC Creator\4.4\PSoC Creator\1\CapSense_CSD_P4_Design01.cydsn\Generated_Source\PSoC4\CyFlash.c **** * \note The target flash array is calculated based on the specified flash row.
 247:C:\Program Files (x86)\Cypress\PSoC Creator\4.4\PSoC Creator\1\CapSense_CSD_P4_Design01.cydsn\Generated_Source\PSoC4\CyFlash.c **** *
 248:C:\Program Files (x86)\Cypress\PSoC Creator\4.4\PSoC Creator\1\CapSense_CSD_P4_Design01.cydsn\Generated_Source\PSoC4\CyFlash.c **** * \param rowData Array of bytes to write. The size of the array must be equal to
 249:C:\Program Files (x86)\Cypress\PSoC Creator\4.4\PSoC Creator\1\CapSense_CSD_P4_Design01.cydsn\Generated_Source\PSoC4\CyFlash.c **** * the flash row size. The flash row size for the selected device is defined by
 250:C:\Program Files (x86)\Cypress\PSoC Creator\4.4\PSoC Creator\1\CapSense_CSD_P4_Design01.cydsn\Generated_Source\PSoC4\CyFlash.c **** * the \ref CY_FLASH_SIZEOF_ROW macro. Refer to the device datasheet for the
 251:C:\Program Files (x86)\Cypress\PSoC Creator\4.4\PSoC Creator\1\CapSense_CSD_P4_Design01.cydsn\Generated_Source\PSoC4\CyFlash.c **** * details.
 252:C:\Program Files (x86)\Cypress\PSoC Creator\4.4\PSoC Creator\1\CapSense_CSD_P4_Design01.cydsn\Generated_Source\PSoC4\CyFlash.c **** *
 253:C:\Program Files (x86)\Cypress\PSoC Creator\4.4\PSoC Creator\1\CapSense_CSD_P4_Design01.cydsn\Generated_Source\PSoC4\CyFlash.c **** * \return \ref group_flash_status_codes
 254:C:\Program Files (x86)\Cypress\PSoC Creator\4.4\PSoC Creator\1\CapSense_CSD_P4_Design01.cydsn\Generated_Source\PSoC4\CyFlash.c **** *
 255:C:\Program Files (x86)\Cypress\PSoC Creator\4.4\PSoC Creator\1\CapSense_CSD_P4_Design01.cydsn\Generated_Source\PSoC4\CyFlash.c **** *******************************************************************************/
 256:C:\Program Files (x86)\Cypress\PSoC Creator\4.4\PSoC Creator\1\CapSense_CSD_P4_Design01.cydsn\Generated_Source\PSoC4\CyFlash.c **** uint32 CySysFlashStartWriteRow(uint32 rowNum, const uint8 rowData[])
 257:C:\Program Files (x86)\Cypress\PSoC Creator\4.4\PSoC Creator\1\CapSense_CSD_P4_Design01.cydsn\Generated_Source\PSoC4\CyFlash.c **** {
 258:C:\Program Files (x86)\Cypress\PSoC Creator\4.4\PSoC Creator\1\CapSense_CSD_P4_Design01.cydsn\Generated_Source\PSoC4\CyFlash.c ****     volatile uint32 retValue = CY_SYS_FLASH_SUCCESS;
 259:C:\Program Files (x86)\Cypress\PSoC Creator\4.4\PSoC Creator\1\CapSense_CSD_P4_Design01.cydsn\Generated_Source\PSoC4\CyFlash.c ****     volatile uint32 parameters[(CY_FLASH_SIZEOF_ROW + CY_FLASH_SRAM_ROM_DATA) / sizeof(uint32)];
 260:C:\Program Files (x86)\Cypress\PSoC Creator\4.4\PSoC Creator\1\CapSense_CSD_P4_Design01.cydsn\Generated_Source\PSoC4\CyFlash.c ****     uint8  interruptState;
 261:C:\Program Files (x86)\Cypress\PSoC Creator\4.4\PSoC Creator\1\CapSense_CSD_P4_Design01.cydsn\Generated_Source\PSoC4\CyFlash.c **** 
 262:C:\Program Files (x86)\Cypress\PSoC Creator\4.4\PSoC Creator\1\CapSense_CSD_P4_Design01.cydsn\Generated_Source\PSoC4\CyFlash.c **** #if(CY_IP_SPCIF_SYNCHRONOUS)
 263:C:\Program Files (x86)\Cypress\PSoC Creator\4.4\PSoC Creator\1\CapSense_CSD_P4_Design01.cydsn\Generated_Source\PSoC4\CyFlash.c ****     volatile uint32 clkCnfRetValue = CY_SYS_FLASH_SUCCESS;
 264:C:\Program Files (x86)\Cypress\PSoC Creator\4.4\PSoC Creator\1\CapSense_CSD_P4_Design01.cydsn\Generated_Source\PSoC4\CyFlash.c **** #endif  /* (CY_IP_SPCIF_SYNCHRONOUS) */    
 265:C:\Program Files (x86)\Cypress\PSoC Creator\4.4\PSoC Creator\1\CapSense_CSD_P4_Design01.cydsn\Generated_Source\PSoC4\CyFlash.c **** 
 266:C:\Program Files (x86)\Cypress\PSoC Creator\4.4\PSoC Creator\1\CapSense_CSD_P4_Design01.cydsn\Generated_Source\PSoC4\CyFlash.c ****     if ((rowNum < CY_FLASH_NUMBER_ROWS) && (rowData != 0u))
 267:C:\Program Files (x86)\Cypress\PSoC Creator\4.4\PSoC Creator\1\CapSense_CSD_P4_Design01.cydsn\Generated_Source\PSoC4\CyFlash.c ****     {
 268:C:\Program Files (x86)\Cypress\PSoC Creator\4.4\PSoC Creator\1\CapSense_CSD_P4_Design01.cydsn\Generated_Source\PSoC4\CyFlash.c ****         /* Copy data to be written into internal variable */
 269:C:\Program Files (x86)\Cypress\PSoC Creator\4.4\PSoC Creator\1\CapSense_CSD_P4_Design01.cydsn\Generated_Source\PSoC4\CyFlash.c ****         (void)memcpy((void *)&parameters[2u], rowData, CY_FLASH_SIZEOF_ROW);
 270:C:\Program Files (x86)\Cypress\PSoC Creator\4.4\PSoC Creator\1\CapSense_CSD_P4_Design01.cydsn\Generated_Source\PSoC4\CyFlash.c **** 
 271:C:\Program Files (x86)\Cypress\PSoC Creator\4.4\PSoC Creator\1\CapSense_CSD_P4_Design01.cydsn\Generated_Source\PSoC4\CyFlash.c ****         /* Load Flash Bytes */
ARM GAS  C:\Users\taips\AppData\Local\Temp\ccHT8htL.s 			page 17


 272:C:\Program Files (x86)\Cypress\PSoC Creator\4.4\PSoC Creator\1\CapSense_CSD_P4_Design01.cydsn\Generated_Source\PSoC4\CyFlash.c ****         parameters[0u] = (uint32) (CY_FLASH_GET_MACRO_FROM_ROW(rowNum)        << CY_FLASH_PARAM_MAC
 273:C:\Program Files (x86)\Cypress\PSoC Creator\4.4\PSoC Creator\1\CapSense_CSD_P4_Design01.cydsn\Generated_Source\PSoC4\CyFlash.c ****                          (uint32) (CY_FLASH_PAGE_LATCH_START_ADDR             << CY_FLASH_PARAM_ADD
 274:C:\Program Files (x86)\Cypress\PSoC Creator\4.4\PSoC Creator\1\CapSense_CSD_P4_Design01.cydsn\Generated_Source\PSoC4\CyFlash.c ****                          (uint32) (CY_FLASH_KEY_TWO(CY_FLASH_API_OPCODE_LOAD) << CY_FLASH_PARAM_KEY
 275:C:\Program Files (x86)\Cypress\PSoC Creator\4.4\PSoC Creator\1\CapSense_CSD_P4_Design01.cydsn\Generated_Source\PSoC4\CyFlash.c ****                          CY_FLASH_KEY_ONE;
 276:C:\Program Files (x86)\Cypress\PSoC Creator\4.4\PSoC Creator\1\CapSense_CSD_P4_Design01.cydsn\Generated_Source\PSoC4\CyFlash.c ****         parameters[1u] = CY_FLASH_SIZEOF_ROW - 1u;
 277:C:\Program Files (x86)\Cypress\PSoC Creator\4.4\PSoC Creator\1\CapSense_CSD_P4_Design01.cydsn\Generated_Source\PSoC4\CyFlash.c **** 
 278:C:\Program Files (x86)\Cypress\PSoC Creator\4.4\PSoC Creator\1\CapSense_CSD_P4_Design01.cydsn\Generated_Source\PSoC4\CyFlash.c ****         CY_FLASH_CPUSS_SYSARG_REG = (uint32) &parameters[0u];
 279:C:\Program Files (x86)\Cypress\PSoC Creator\4.4\PSoC Creator\1\CapSense_CSD_P4_Design01.cydsn\Generated_Source\PSoC4\CyFlash.c ****         CY_FLASH_CPUSS_SYSREQ_REG = CY_FLASH_CPUSS_REQ_START | CY_FLASH_API_OPCODE_LOAD;
 280:C:\Program Files (x86)\Cypress\PSoC Creator\4.4\PSoC Creator\1\CapSense_CSD_P4_Design01.cydsn\Generated_Source\PSoC4\CyFlash.c ****         CY_NOP;
 281:C:\Program Files (x86)\Cypress\PSoC Creator\4.4\PSoC Creator\1\CapSense_CSD_P4_Design01.cydsn\Generated_Source\PSoC4\CyFlash.c ****         retValue = CY_FLASH_API_RETURN;
 282:C:\Program Files (x86)\Cypress\PSoC Creator\4.4\PSoC Creator\1\CapSense_CSD_P4_Design01.cydsn\Generated_Source\PSoC4\CyFlash.c **** 
 283:C:\Program Files (x86)\Cypress\PSoC Creator\4.4\PSoC Creator\1\CapSense_CSD_P4_Design01.cydsn\Generated_Source\PSoC4\CyFlash.c ****         if(retValue == CY_SYS_FLASH_SUCCESS)
 284:C:\Program Files (x86)\Cypress\PSoC Creator\4.4\PSoC Creator\1\CapSense_CSD_P4_Design01.cydsn\Generated_Source\PSoC4\CyFlash.c ****         {
 285:C:\Program Files (x86)\Cypress\PSoC Creator\4.4\PSoC Creator\1\CapSense_CSD_P4_Design01.cydsn\Generated_Source\PSoC4\CyFlash.c ****             /***************************************************************
 286:C:\Program Files (x86)\Cypress\PSoC Creator\4.4\PSoC Creator\1\CapSense_CSD_P4_Design01.cydsn\Generated_Source\PSoC4\CyFlash.c ****             * Mask all the exceptions to guarantee that Flash write will
 287:C:\Program Files (x86)\Cypress\PSoC Creator\4.4\PSoC Creator\1\CapSense_CSD_P4_Design01.cydsn\Generated_Source\PSoC4\CyFlash.c ****             * occur in the atomic way. It will not affect system call
 288:C:\Program Files (x86)\Cypress\PSoC Creator\4.4\PSoC Creator\1\CapSense_CSD_P4_Design01.cydsn\Generated_Source\PSoC4\CyFlash.c ****             * execution (flash row write) since it is executed in the NMI
 289:C:\Program Files (x86)\Cypress\PSoC Creator\4.4\PSoC Creator\1\CapSense_CSD_P4_Design01.cydsn\Generated_Source\PSoC4\CyFlash.c ****             * context.
 290:C:\Program Files (x86)\Cypress\PSoC Creator\4.4\PSoC Creator\1\CapSense_CSD_P4_Design01.cydsn\Generated_Source\PSoC4\CyFlash.c ****             ***************************************************************/
 291:C:\Program Files (x86)\Cypress\PSoC Creator\4.4\PSoC Creator\1\CapSense_CSD_P4_Design01.cydsn\Generated_Source\PSoC4\CyFlash.c ****             interruptState = CyEnterCriticalSection();
 292:C:\Program Files (x86)\Cypress\PSoC Creator\4.4\PSoC Creator\1\CapSense_CSD_P4_Design01.cydsn\Generated_Source\PSoC4\CyFlash.c **** 
 293:C:\Program Files (x86)\Cypress\PSoC Creator\4.4\PSoC Creator\1\CapSense_CSD_P4_Design01.cydsn\Generated_Source\PSoC4\CyFlash.c ****         #if(CY_IP_SPCIF_SYNCHRONOUS)
 294:C:\Program Files (x86)\Cypress\PSoC Creator\4.4\PSoC Creator\1\CapSense_CSD_P4_Design01.cydsn\Generated_Source\PSoC4\CyFlash.c ****             clkCnfRetValue = CySysFlashClockBackup();
 295:C:\Program Files (x86)\Cypress\PSoC Creator\4.4\PSoC Creator\1\CapSense_CSD_P4_Design01.cydsn\Generated_Source\PSoC4\CyFlash.c ****             
 296:C:\Program Files (x86)\Cypress\PSoC Creator\4.4\PSoC Creator\1\CapSense_CSD_P4_Design01.cydsn\Generated_Source\PSoC4\CyFlash.c ****             if(clkCnfRetValue == CY_SYS_FLASH_SUCCESS)
 297:C:\Program Files (x86)\Cypress\PSoC Creator\4.4\PSoC Creator\1\CapSense_CSD_P4_Design01.cydsn\Generated_Source\PSoC4\CyFlash.c ****             {
 298:C:\Program Files (x86)\Cypress\PSoC Creator\4.4\PSoC Creator\1\CapSense_CSD_P4_Design01.cydsn\Generated_Source\PSoC4\CyFlash.c ****                 retValue = CySysFlashClockConfig();
 299:C:\Program Files (x86)\Cypress\PSoC Creator\4.4\PSoC Creator\1\CapSense_CSD_P4_Design01.cydsn\Generated_Source\PSoC4\CyFlash.c ****             }
 300:C:\Program Files (x86)\Cypress\PSoC Creator\4.4\PSoC Creator\1\CapSense_CSD_P4_Design01.cydsn\Generated_Source\PSoC4\CyFlash.c ****         #else
 301:C:\Program Files (x86)\Cypress\PSoC Creator\4.4\PSoC Creator\1\CapSense_CSD_P4_Design01.cydsn\Generated_Source\PSoC4\CyFlash.c ****             (void)CySysFlashClockBackup();
 302:C:\Program Files (x86)\Cypress\PSoC Creator\4.4\PSoC Creator\1\CapSense_CSD_P4_Design01.cydsn\Generated_Source\PSoC4\CyFlash.c ****         #endif  /* (CY_IP_SPCIF_SYNCHRONOUS) */
 303:C:\Program Files (x86)\Cypress\PSoC Creator\4.4\PSoC Creator\1\CapSense_CSD_P4_Design01.cydsn\Generated_Source\PSoC4\CyFlash.c **** 
 304:C:\Program Files (x86)\Cypress\PSoC Creator\4.4\PSoC Creator\1\CapSense_CSD_P4_Design01.cydsn\Generated_Source\PSoC4\CyFlash.c ****             if(retValue == CY_SYS_FLASH_SUCCESS)
 305:C:\Program Files (x86)\Cypress\PSoC Creator\4.4\PSoC Creator\1\CapSense_CSD_P4_Design01.cydsn\Generated_Source\PSoC4\CyFlash.c ****             {
 306:C:\Program Files (x86)\Cypress\PSoC Creator\4.4\PSoC Creator\1\CapSense_CSD_P4_Design01.cydsn\Generated_Source\PSoC4\CyFlash.c ****                 /* Non-blocking Write Row */
 307:C:\Program Files (x86)\Cypress\PSoC Creator\4.4\PSoC Creator\1\CapSense_CSD_P4_Design01.cydsn\Generated_Source\PSoC4\CyFlash.c ****                 parameters[0u]  = (uint32) (((uint32) CY_FLASH_KEY_TWO(CY_FLASH_API_OPCODE_NON_BLOC
 308:C:\Program Files (x86)\Cypress\PSoC Creator\4.4\PSoC Creator\1\CapSense_CSD_P4_Design01.cydsn\Generated_Source\PSoC4\CyFlash.c ****                                                         CY_FLASH_PARAM_KEY_TWO_OFFSET) | CY_FLASH_K
 309:C:\Program Files (x86)\Cypress\PSoC Creator\4.4\PSoC Creator\1\CapSense_CSD_P4_Design01.cydsn\Generated_Source\PSoC4\CyFlash.c ****                 parameters[0u] |= (uint32)(rowNum << 16u);
 310:C:\Program Files (x86)\Cypress\PSoC Creator\4.4\PSoC Creator\1\CapSense_CSD_P4_Design01.cydsn\Generated_Source\PSoC4\CyFlash.c **** 
 311:C:\Program Files (x86)\Cypress\PSoC Creator\4.4\PSoC Creator\1\CapSense_CSD_P4_Design01.cydsn\Generated_Source\PSoC4\CyFlash.c ****                 CY_FLASH_CPUSS_SYSARG_REG = (uint32) &parameters[0u];
 312:C:\Program Files (x86)\Cypress\PSoC Creator\4.4\PSoC Creator\1\CapSense_CSD_P4_Design01.cydsn\Generated_Source\PSoC4\CyFlash.c ****                 CY_FLASH_CPUSS_SYSREQ_REG = CY_FLASH_CPUSS_REQ_START | CY_FLASH_API_OPCODE_NON_BLOC
 313:C:\Program Files (x86)\Cypress\PSoC Creator\4.4\PSoC Creator\1\CapSense_CSD_P4_Design01.cydsn\Generated_Source\PSoC4\CyFlash.c ****                 CY_NOP;
 314:C:\Program Files (x86)\Cypress\PSoC Creator\4.4\PSoC Creator\1\CapSense_CSD_P4_Design01.cydsn\Generated_Source\PSoC4\CyFlash.c ****                 retValue = CY_FLASH_API_RETURN;
 315:C:\Program Files (x86)\Cypress\PSoC Creator\4.4\PSoC Creator\1\CapSense_CSD_P4_Design01.cydsn\Generated_Source\PSoC4\CyFlash.c ****             }
 316:C:\Program Files (x86)\Cypress\PSoC Creator\4.4\PSoC Creator\1\CapSense_CSD_P4_Design01.cydsn\Generated_Source\PSoC4\CyFlash.c **** 
 317:C:\Program Files (x86)\Cypress\PSoC Creator\4.4\PSoC Creator\1\CapSense_CSD_P4_Design01.cydsn\Generated_Source\PSoC4\CyFlash.c ****             CyExitCriticalSection(interruptState);
 318:C:\Program Files (x86)\Cypress\PSoC Creator\4.4\PSoC Creator\1\CapSense_CSD_P4_Design01.cydsn\Generated_Source\PSoC4\CyFlash.c ****         }
 319:C:\Program Files (x86)\Cypress\PSoC Creator\4.4\PSoC Creator\1\CapSense_CSD_P4_Design01.cydsn\Generated_Source\PSoC4\CyFlash.c ****     }
 320:C:\Program Files (x86)\Cypress\PSoC Creator\4.4\PSoC Creator\1\CapSense_CSD_P4_Design01.cydsn\Generated_Source\PSoC4\CyFlash.c ****     else
 321:C:\Program Files (x86)\Cypress\PSoC Creator\4.4\PSoC Creator\1\CapSense_CSD_P4_Design01.cydsn\Generated_Source\PSoC4\CyFlash.c ****     {
 322:C:\Program Files (x86)\Cypress\PSoC Creator\4.4\PSoC Creator\1\CapSense_CSD_P4_Design01.cydsn\Generated_Source\PSoC4\CyFlash.c ****         retValue = CY_SYS_FLASH_INVALID_ADDR;
 323:C:\Program Files (x86)\Cypress\PSoC Creator\4.4\PSoC Creator\1\CapSense_CSD_P4_Design01.cydsn\Generated_Source\PSoC4\CyFlash.c ****     }
 324:C:\Program Files (x86)\Cypress\PSoC Creator\4.4\PSoC Creator\1\CapSense_CSD_P4_Design01.cydsn\Generated_Source\PSoC4\CyFlash.c **** 
 325:C:\Program Files (x86)\Cypress\PSoC Creator\4.4\PSoC Creator\1\CapSense_CSD_P4_Design01.cydsn\Generated_Source\PSoC4\CyFlash.c ****     return (retValue);
 326:C:\Program Files (x86)\Cypress\PSoC Creator\4.4\PSoC Creator\1\CapSense_CSD_P4_Design01.cydsn\Generated_Source\PSoC4\CyFlash.c **** }
 327:C:\Program Files (x86)\Cypress\PSoC Creator\4.4\PSoC Creator\1\CapSense_CSD_P4_Design01.cydsn\Generated_Source\PSoC4\CyFlash.c **** 
 328:C:\Program Files (x86)\Cypress\PSoC Creator\4.4\PSoC Creator\1\CapSense_CSD_P4_Design01.cydsn\Generated_Source\PSoC4\CyFlash.c **** 
ARM GAS  C:\Users\taips\AppData\Local\Temp\ccHT8htL.s 			page 18


 329:C:\Program Files (x86)\Cypress\PSoC Creator\4.4\PSoC Creator\1\CapSense_CSD_P4_Design01.cydsn\Generated_Source\PSoC4\CyFlash.c **** /*******************************************************************************
 330:C:\Program Files (x86)\Cypress\PSoC Creator\4.4\PSoC Creator\1\CapSense_CSD_P4_Design01.cydsn\Generated_Source\PSoC4\CyFlash.c **** * Function Name: CySysFlashGetWriteRowStatus
 331:C:\Program Files (x86)\Cypress\PSoC Creator\4.4\PSoC Creator\1\CapSense_CSD_P4_Design01.cydsn\Generated_Source\PSoC4\CyFlash.c **** ****************************************************************************//**
 332:C:\Program Files (x86)\Cypress\PSoC Creator\4.4\PSoC Creator\1\CapSense_CSD_P4_Design01.cydsn\Generated_Source\PSoC4\CyFlash.c **** *
 333:C:\Program Files (x86)\Cypress\PSoC Creator\4.4\PSoC Creator\1\CapSense_CSD_P4_Design01.cydsn\Generated_Source\PSoC4\CyFlash.c **** * Returns the current status of the flash write operation.
 334:C:\Program Files (x86)\Cypress\PSoC Creator\4.4\PSoC Creator\1\CapSense_CSD_P4_Design01.cydsn\Generated_Source\PSoC4\CyFlash.c **** *
 335:C:\Program Files (x86)\Cypress\PSoC Creator\4.4\PSoC Creator\1\CapSense_CSD_P4_Design01.cydsn\Generated_Source\PSoC4\CyFlash.c **** ** \note The non-blocking operation does not return success status 
 336:C:\Program Files (x86)\Cypress\PSoC Creator\4.4\PSoC Creator\1\CapSense_CSD_P4_Design01.cydsn\Generated_Source\PSoC4\CyFlash.c **** * CY_SYS_FLASH_SUCCESS until the last \ref CySysFlashResumeWriteRow API 
 337:C:\Program Files (x86)\Cypress\PSoC Creator\4.4\PSoC Creator\1\CapSense_CSD_P4_Design01.cydsn\Generated_Source\PSoC4\CyFlash.c **** * is complete. The CPUSS_SYSARG register will be reflecting the SRAM address 
 338:C:\Program Files (x86)\Cypress\PSoC Creator\4.4\PSoC Creator\1\CapSense_CSD_P4_Design01.cydsn\Generated_Source\PSoC4\CyFlash.c **** * during an ongoing non-blocking operation.
 339:C:\Program Files (x86)\Cypress\PSoC Creator\4.4\PSoC Creator\1\CapSense_CSD_P4_Design01.cydsn\Generated_Source\PSoC4\CyFlash.c **** * Calling this API before starting a non-blocking write row operation 
 340:C:\Program Files (x86)\Cypress\PSoC Creator\4.4\PSoC Creator\1\CapSense_CSD_P4_Design01.cydsn\Generated_Source\PSoC4\CyFlash.c **** * using the \ref CySysFlashStartWriteRow() API will cause improper operation.
 341:C:\Program Files (x86)\Cypress\PSoC Creator\4.4\PSoC Creator\1\CapSense_CSD_P4_Design01.cydsn\Generated_Source\PSoC4\CyFlash.c **** *
 342:C:\Program Files (x86)\Cypress\PSoC Creator\4.4\PSoC Creator\1\CapSense_CSD_P4_Design01.cydsn\Generated_Source\PSoC4\CyFlash.c **** * \return \ref group_flash_status_codes
 343:C:\Program Files (x86)\Cypress\PSoC Creator\4.4\PSoC Creator\1\CapSense_CSD_P4_Design01.cydsn\Generated_Source\PSoC4\CyFlash.c **** *
 344:C:\Program Files (x86)\Cypress\PSoC Creator\4.4\PSoC Creator\1\CapSense_CSD_P4_Design01.cydsn\Generated_Source\PSoC4\CyFlash.c **** *******************************************************************************/
 345:C:\Program Files (x86)\Cypress\PSoC Creator\4.4\PSoC Creator\1\CapSense_CSD_P4_Design01.cydsn\Generated_Source\PSoC4\CyFlash.c **** uint32 CySysFlashGetWriteRowStatus(void)
 346:C:\Program Files (x86)\Cypress\PSoC Creator\4.4\PSoC Creator\1\CapSense_CSD_P4_Design01.cydsn\Generated_Source\PSoC4\CyFlash.c **** {
 347:C:\Program Files (x86)\Cypress\PSoC Creator\4.4\PSoC Creator\1\CapSense_CSD_P4_Design01.cydsn\Generated_Source\PSoC4\CyFlash.c ****     volatile uint32 retValue = CY_SYS_FLASH_SUCCESS;
 348:C:\Program Files (x86)\Cypress\PSoC Creator\4.4\PSoC Creator\1\CapSense_CSD_P4_Design01.cydsn\Generated_Source\PSoC4\CyFlash.c **** 
 349:C:\Program Files (x86)\Cypress\PSoC Creator\4.4\PSoC Creator\1\CapSense_CSD_P4_Design01.cydsn\Generated_Source\PSoC4\CyFlash.c ****     CY_NOP;
 350:C:\Program Files (x86)\Cypress\PSoC Creator\4.4\PSoC Creator\1\CapSense_CSD_P4_Design01.cydsn\Generated_Source\PSoC4\CyFlash.c ****     retValue = CY_FLASH_API_RETURN;
 351:C:\Program Files (x86)\Cypress\PSoC Creator\4.4\PSoC Creator\1\CapSense_CSD_P4_Design01.cydsn\Generated_Source\PSoC4\CyFlash.c **** 
 352:C:\Program Files (x86)\Cypress\PSoC Creator\4.4\PSoC Creator\1\CapSense_CSD_P4_Design01.cydsn\Generated_Source\PSoC4\CyFlash.c ****     (void) CySysFlashClockRestore();
 353:C:\Program Files (x86)\Cypress\PSoC Creator\4.4\PSoC Creator\1\CapSense_CSD_P4_Design01.cydsn\Generated_Source\PSoC4\CyFlash.c **** 
 354:C:\Program Files (x86)\Cypress\PSoC Creator\4.4\PSoC Creator\1\CapSense_CSD_P4_Design01.cydsn\Generated_Source\PSoC4\CyFlash.c ****     return (retValue);
 355:C:\Program Files (x86)\Cypress\PSoC Creator\4.4\PSoC Creator\1\CapSense_CSD_P4_Design01.cydsn\Generated_Source\PSoC4\CyFlash.c **** }
 356:C:\Program Files (x86)\Cypress\PSoC Creator\4.4\PSoC Creator\1\CapSense_CSD_P4_Design01.cydsn\Generated_Source\PSoC4\CyFlash.c **** 
 357:C:\Program Files (x86)\Cypress\PSoC Creator\4.4\PSoC Creator\1\CapSense_CSD_P4_Design01.cydsn\Generated_Source\PSoC4\CyFlash.c **** 
 358:C:\Program Files (x86)\Cypress\PSoC Creator\4.4\PSoC Creator\1\CapSense_CSD_P4_Design01.cydsn\Generated_Source\PSoC4\CyFlash.c **** /*******************************************************************************
 359:C:\Program Files (x86)\Cypress\PSoC Creator\4.4\PSoC Creator\1\CapSense_CSD_P4_Design01.cydsn\Generated_Source\PSoC4\CyFlash.c **** * Function Name: CySysFlashResumeWriteRow
 360:C:\Program Files (x86)\Cypress\PSoC Creator\4.4\PSoC Creator\1\CapSense_CSD_P4_Design01.cydsn\Generated_Source\PSoC4\CyFlash.c **** ****************************************************************************//**
 361:C:\Program Files (x86)\Cypress\PSoC Creator\4.4\PSoC Creator\1\CapSense_CSD_P4_Design01.cydsn\Generated_Source\PSoC4\CyFlash.c **** *
 362:C:\Program Files (x86)\Cypress\PSoC Creator\4.4\PSoC Creator\1\CapSense_CSD_P4_Design01.cydsn\Generated_Source\PSoC4\CyFlash.c **** * This API must be called, once the SPC interrupt is triggered to complete the
 363:C:\Program Files (x86)\Cypress\PSoC Creator\4.4\PSoC Creator\1\CapSense_CSD_P4_Design01.cydsn\Generated_Source\PSoC4\CyFlash.c **** * non-blocking operation. It is advised not to prolong calling this API for
 364:C:\Program Files (x86)\Cypress\PSoC Creator\4.4\PSoC Creator\1\CapSense_CSD_P4_Design01.cydsn\Generated_Source\PSoC4\CyFlash.c **** * more than 25 ms.
 365:C:\Program Files (x86)\Cypress\PSoC Creator\4.4\PSoC Creator\1\CapSense_CSD_P4_Design01.cydsn\Generated_Source\PSoC4\CyFlash.c **** *
 366:C:\Program Files (x86)\Cypress\PSoC Creator\4.4\PSoC Creator\1\CapSense_CSD_P4_Design01.cydsn\Generated_Source\PSoC4\CyFlash.c **** * The non-blocking write row API \ref CySysFlashStartWriteRow() requires that
 367:C:\Program Files (x86)\Cypress\PSoC Creator\4.4\PSoC Creator\1\CapSense_CSD_P4_Design01.cydsn\Generated_Source\PSoC4\CyFlash.c **** * this API be called 3 times to complete the write. This can be done by
 368:C:\Program Files (x86)\Cypress\PSoC Creator\4.4\PSoC Creator\1\CapSense_CSD_P4_Design01.cydsn\Generated_Source\PSoC4\CyFlash.c **** * configuring SPCIF interrupt and placing a call to this API.
 369:C:\Program Files (x86)\Cypress\PSoC Creator\4.4\PSoC Creator\1\CapSense_CSD_P4_Design01.cydsn\Generated_Source\PSoC4\CyFlash.c **** *
 370:C:\Program Files (x86)\Cypress\PSoC Creator\4.4\PSoC Creator\1\CapSense_CSD_P4_Design01.cydsn\Generated_Source\PSoC4\CyFlash.c **** * For CM0 based device, a non-blocking call to program a row of macro 0
 371:C:\Program Files (x86)\Cypress\PSoC Creator\4.4\PSoC Creator\1\CapSense_CSD_P4_Design01.cydsn\Generated_Source\PSoC4\CyFlash.c **** * requires the user to set the CPUSS_CONFIG.VECS_IN_RAM bit so that the
 372:C:\Program Files (x86)\Cypress\PSoC Creator\4.4\PSoC Creator\1\CapSense_CSD_P4_Design01.cydsn\Generated_Source\PSoC4\CyFlash.c **** * interrupt vector for the SPC is fetched from the SRAM rather than the FLASH.
 373:C:\Program Files (x86)\Cypress\PSoC Creator\4.4\PSoC Creator\1\CapSense_CSD_P4_Design01.cydsn\Generated_Source\PSoC4\CyFlash.c **** *
 374:C:\Program Files (x86)\Cypress\PSoC Creator\4.4\PSoC Creator\1\CapSense_CSD_P4_Design01.cydsn\Generated_Source\PSoC4\CyFlash.c **** * For CM0+ based device, if the user wants to keep the vector table in flash
 375:C:\Program Files (x86)\Cypress\PSoC Creator\4.4\PSoC Creator\1\CapSense_CSD_P4_Design01.cydsn\Generated_Source\PSoC4\CyFlash.c **** * when performing non-blocking flash write then they need to make sure the
 376:C:\Program Files (x86)\Cypress\PSoC Creator\4.4\PSoC Creator\1\CapSense_CSD_P4_Design01.cydsn\Generated_Source\PSoC4\CyFlash.c **** * vector table is placed in the flash macro which is not getting programmed by
 377:C:\Program Files (x86)\Cypress\PSoC Creator\4.4\PSoC Creator\1\CapSense_CSD_P4_Design01.cydsn\Generated_Source\PSoC4\CyFlash.c **** * configuring the VTOR register.
 378:C:\Program Files (x86)\Cypress\PSoC Creator\4.4\PSoC Creator\1\CapSense_CSD_P4_Design01.cydsn\Generated_Source\PSoC4\CyFlash.c **** *
 379:C:\Program Files (x86)\Cypress\PSoC Creator\4.4\PSoC Creator\1\CapSense_CSD_P4_Design01.cydsn\Generated_Source\PSoC4\CyFlash.c **** * \note The non-blocking operation does not return success status 
 380:C:\Program Files (x86)\Cypress\PSoC Creator\4.4\PSoC Creator\1\CapSense_CSD_P4_Design01.cydsn\Generated_Source\PSoC4\CyFlash.c **** * CY_SYS_FLASH_SUCCESS until the last Resume API is complete. 
 381:C:\Program Files (x86)\Cypress\PSoC Creator\4.4\PSoC Creator\1\CapSense_CSD_P4_Design01.cydsn\Generated_Source\PSoC4\CyFlash.c **** * The CPUSS_SYSARG register will be reflecting the SRAM address during an 
 382:C:\Program Files (x86)\Cypress\PSoC Creator\4.4\PSoC Creator\1\CapSense_CSD_P4_Design01.cydsn\Generated_Source\PSoC4\CyFlash.c **** * ongoing non-blocking operation.
 383:C:\Program Files (x86)\Cypress\PSoC Creator\4.4\PSoC Creator\1\CapSense_CSD_P4_Design01.cydsn\Generated_Source\PSoC4\CyFlash.c **** *
 384:C:\Program Files (x86)\Cypress\PSoC Creator\4.4\PSoC Creator\1\CapSense_CSD_P4_Design01.cydsn\Generated_Source\PSoC4\CyFlash.c **** * \return \ref group_flash_status_codes
 385:C:\Program Files (x86)\Cypress\PSoC Creator\4.4\PSoC Creator\1\CapSense_CSD_P4_Design01.cydsn\Generated_Source\PSoC4\CyFlash.c **** *
ARM GAS  C:\Users\taips\AppData\Local\Temp\ccHT8htL.s 			page 19


 386:C:\Program Files (x86)\Cypress\PSoC Creator\4.4\PSoC Creator\1\CapSense_CSD_P4_Design01.cydsn\Generated_Source\PSoC4\CyFlash.c **** *******************************************************************************/
 387:C:\Program Files (x86)\Cypress\PSoC Creator\4.4\PSoC Creator\1\CapSense_CSD_P4_Design01.cydsn\Generated_Source\PSoC4\CyFlash.c **** uint32 CySysFlashResumeWriteRow(void)
 388:C:\Program Files (x86)\Cypress\PSoC Creator\4.4\PSoC Creator\1\CapSense_CSD_P4_Design01.cydsn\Generated_Source\PSoC4\CyFlash.c **** {
 389:C:\Program Files (x86)\Cypress\PSoC Creator\4.4\PSoC Creator\1\CapSense_CSD_P4_Design01.cydsn\Generated_Source\PSoC4\CyFlash.c ****     volatile uint32 retValue = CY_SYS_FLASH_SUCCESS;
 390:C:\Program Files (x86)\Cypress\PSoC Creator\4.4\PSoC Creator\1\CapSense_CSD_P4_Design01.cydsn\Generated_Source\PSoC4\CyFlash.c ****     static volatile uint32 parameters[1u];
 391:C:\Program Files (x86)\Cypress\PSoC Creator\4.4\PSoC Creator\1\CapSense_CSD_P4_Design01.cydsn\Generated_Source\PSoC4\CyFlash.c **** 
 392:C:\Program Files (x86)\Cypress\PSoC Creator\4.4\PSoC Creator\1\CapSense_CSD_P4_Design01.cydsn\Generated_Source\PSoC4\CyFlash.c ****     /* Resume */
 393:C:\Program Files (x86)\Cypress\PSoC Creator\4.4\PSoC Creator\1\CapSense_CSD_P4_Design01.cydsn\Generated_Source\PSoC4\CyFlash.c ****     parameters[0u] = (uint32) (((uint32) CY_FLASH_KEY_TWO(CY_FLASH_API_OPCODE_RESUME_NON_BLOCKING) 
 394:C:\Program Files (x86)\Cypress\PSoC Creator\4.4\PSoC Creator\1\CapSense_CSD_P4_Design01.cydsn\Generated_Source\PSoC4\CyFlash.c ****                                          CY_FLASH_PARAM_KEY_TWO_OFFSET) | CY_FLASH_KEY_ONE);
 395:C:\Program Files (x86)\Cypress\PSoC Creator\4.4\PSoC Creator\1\CapSense_CSD_P4_Design01.cydsn\Generated_Source\PSoC4\CyFlash.c ****     CY_FLASH_CPUSS_SYSARG_REG = (uint32) &parameters[0u];
 396:C:\Program Files (x86)\Cypress\PSoC Creator\4.4\PSoC Creator\1\CapSense_CSD_P4_Design01.cydsn\Generated_Source\PSoC4\CyFlash.c ****     CY_FLASH_CPUSS_SYSREQ_REG = CY_FLASH_CPUSS_REQ_START | CY_FLASH_API_OPCODE_RESUME_NON_BLOCKING;
 397:C:\Program Files (x86)\Cypress\PSoC Creator\4.4\PSoC Creator\1\CapSense_CSD_P4_Design01.cydsn\Generated_Source\PSoC4\CyFlash.c ****     
 398:C:\Program Files (x86)\Cypress\PSoC Creator\4.4\PSoC Creator\1\CapSense_CSD_P4_Design01.cydsn\Generated_Source\PSoC4\CyFlash.c ****     CY_NOP;
 399:C:\Program Files (x86)\Cypress\PSoC Creator\4.4\PSoC Creator\1\CapSense_CSD_P4_Design01.cydsn\Generated_Source\PSoC4\CyFlash.c ****     retValue = CY_FLASH_API_RETURN;
 400:C:\Program Files (x86)\Cypress\PSoC Creator\4.4\PSoC Creator\1\CapSense_CSD_P4_Design01.cydsn\Generated_Source\PSoC4\CyFlash.c ****     
 401:C:\Program Files (x86)\Cypress\PSoC Creator\4.4\PSoC Creator\1\CapSense_CSD_P4_Design01.cydsn\Generated_Source\PSoC4\CyFlash.c ****     return (retValue);
 402:C:\Program Files (x86)\Cypress\PSoC Creator\4.4\PSoC Creator\1\CapSense_CSD_P4_Design01.cydsn\Generated_Source\PSoC4\CyFlash.c **** }
 403:C:\Program Files (x86)\Cypress\PSoC Creator\4.4\PSoC Creator\1\CapSense_CSD_P4_Design01.cydsn\Generated_Source\PSoC4\CyFlash.c **** 
 404:C:\Program Files (x86)\Cypress\PSoC Creator\4.4\PSoC Creator\1\CapSense_CSD_P4_Design01.cydsn\Generated_Source\PSoC4\CyFlash.c **** #endif /* (CY_IP_FLASH_PARALLEL_PGM_EN && (CY_IP_FLASH_MACROS > 1u)) */
 405:C:\Program Files (x86)\Cypress\PSoC Creator\4.4\PSoC Creator\1\CapSense_CSD_P4_Design01.cydsn\Generated_Source\PSoC4\CyFlash.c **** 
 406:C:\Program Files (x86)\Cypress\PSoC Creator\4.4\PSoC Creator\1\CapSense_CSD_P4_Design01.cydsn\Generated_Source\PSoC4\CyFlash.c **** 
 407:C:\Program Files (x86)\Cypress\PSoC Creator\4.4\PSoC Creator\1\CapSense_CSD_P4_Design01.cydsn\Generated_Source\PSoC4\CyFlash.c **** /*******************************************************************************
 408:C:\Program Files (x86)\Cypress\PSoC Creator\4.4\PSoC Creator\1\CapSense_CSD_P4_Design01.cydsn\Generated_Source\PSoC4\CyFlash.c **** * Function Name: CySysFlashSetWaitCycles
 409:C:\Program Files (x86)\Cypress\PSoC Creator\4.4\PSoC Creator\1\CapSense_CSD_P4_Design01.cydsn\Generated_Source\PSoC4\CyFlash.c **** ****************************************************************************//**
 410:C:\Program Files (x86)\Cypress\PSoC Creator\4.4\PSoC Creator\1\CapSense_CSD_P4_Design01.cydsn\Generated_Source\PSoC4\CyFlash.c **** *
 411:C:\Program Files (x86)\Cypress\PSoC Creator\4.4\PSoC Creator\1\CapSense_CSD_P4_Design01.cydsn\Generated_Source\PSoC4\CyFlash.c **** * Sets the number of clock cycles the cache will wait before it samples data
 412:C:\Program Files (x86)\Cypress\PSoC Creator\4.4\PSoC Creator\1\CapSense_CSD_P4_Design01.cydsn\Generated_Source\PSoC4\CyFlash.c **** * coming back from Flash. This function must be called before increasing the
 413:C:\Program Files (x86)\Cypress\PSoC Creator\4.4\PSoC Creator\1\CapSense_CSD_P4_Design01.cydsn\Generated_Source\PSoC4\CyFlash.c **** * SYSCLK clock frequency. It can optionally be called after lowering SYSCLK
 414:C:\Program Files (x86)\Cypress\PSoC Creator\4.4\PSoC Creator\1\CapSense_CSD_P4_Design01.cydsn\Generated_Source\PSoC4\CyFlash.c **** * clock frequency in order to improve the CPU performance.
 415:C:\Program Files (x86)\Cypress\PSoC Creator\4.4\PSoC Creator\1\CapSense_CSD_P4_Design01.cydsn\Generated_Source\PSoC4\CyFlash.c **** *
 416:C:\Program Files (x86)\Cypress\PSoC Creator\4.4\PSoC Creator\1\CapSense_CSD_P4_Design01.cydsn\Generated_Source\PSoC4\CyFlash.c **** * \param freq The System clock frequency in MHz.
 417:C:\Program Files (x86)\Cypress\PSoC Creator\4.4\PSoC Creator\1\CapSense_CSD_P4_Design01.cydsn\Generated_Source\PSoC4\CyFlash.c **** *
 418:C:\Program Files (x86)\Cypress\PSoC Creator\4.4\PSoC Creator\1\CapSense_CSD_P4_Design01.cydsn\Generated_Source\PSoC4\CyFlash.c **** * \note Invalid frequency will be ignored in Release mode and the CPU will be
 419:C:\Program Files (x86)\Cypress\PSoC Creator\4.4\PSoC Creator\1\CapSense_CSD_P4_Design01.cydsn\Generated_Source\PSoC4\CyFlash.c **** * halted if project is compiled in Debug mode.
 420:C:\Program Files (x86)\Cypress\PSoC Creator\4.4\PSoC Creator\1\CapSense_CSD_P4_Design01.cydsn\Generated_Source\PSoC4\CyFlash.c **** *
 421:C:\Program Files (x86)\Cypress\PSoC Creator\4.4\PSoC Creator\1\CapSense_CSD_P4_Design01.cydsn\Generated_Source\PSoC4\CyFlash.c **** *******************************************************************************/
 422:C:\Program Files (x86)\Cypress\PSoC Creator\4.4\PSoC Creator\1\CapSense_CSD_P4_Design01.cydsn\Generated_Source\PSoC4\CyFlash.c **** void CySysFlashSetWaitCycles(uint32 freq)
 423:C:\Program Files (x86)\Cypress\PSoC Creator\4.4\PSoC Creator\1\CapSense_CSD_P4_Design01.cydsn\Generated_Source\PSoC4\CyFlash.c **** {
 639              		.loc 1 423 0
 640              		.cfi_startproc
 641              		@ args = 0, pretend = 0, frame = 16
 642              		@ frame_needed = 1, uses_anonymous_args = 0
 643 0000 90B5     		push	{r4, r7, lr}
 644              		.cfi_def_cfa_offset 12
 645              		.cfi_offset 4, -12
 646              		.cfi_offset 7, -8
 647              		.cfi_offset 14, -4
 648 0002 85B0     		sub	sp, sp, #20
 649              		.cfi_def_cfa_offset 32
 650 0004 00AF     		add	r7, sp, #0
 651              		.cfi_def_cfa_register 7
 652 0006 7860     		str	r0, [r7, #4]
 424:C:\Program Files (x86)\Cypress\PSoC Creator\4.4\PSoC Creator\1\CapSense_CSD_P4_Design01.cydsn\Generated_Source\PSoC4\CyFlash.c ****     uint8  interruptState;
 425:C:\Program Files (x86)\Cypress\PSoC Creator\4.4\PSoC Creator\1\CapSense_CSD_P4_Design01.cydsn\Generated_Source\PSoC4\CyFlash.c **** 
 426:C:\Program Files (x86)\Cypress\PSoC Creator\4.4\PSoC Creator\1\CapSense_CSD_P4_Design01.cydsn\Generated_Source\PSoC4\CyFlash.c ****     interruptState = CyEnterCriticalSection();
 653              		.loc 1 426 0
 654 0008 0F23     		movs	r3, #15
ARM GAS  C:\Users\taips\AppData\Local\Temp\ccHT8htL.s 			page 20


 655 000a FC18     		adds	r4, r7, r3
 656 000c FFF7FEFF 		bl	CyEnterCriticalSection
 657 0010 0300     		movs	r3, r0
 658 0012 2370     		strb	r3, [r4]
 427:C:\Program Files (x86)\Cypress\PSoC Creator\4.4\PSoC Creator\1\CapSense_CSD_P4_Design01.cydsn\Generated_Source\PSoC4\CyFlash.c **** 
 428:C:\Program Files (x86)\Cypress\PSoC Creator\4.4\PSoC Creator\1\CapSense_CSD_P4_Design01.cydsn\Generated_Source\PSoC4\CyFlash.c ****     #if (CY_IP_CPUSS)
 429:C:\Program Files (x86)\Cypress\PSoC Creator\4.4\PSoC Creator\1\CapSense_CSD_P4_Design01.cydsn\Generated_Source\PSoC4\CyFlash.c **** 
 430:C:\Program Files (x86)\Cypress\PSoC Creator\4.4\PSoC Creator\1\CapSense_CSD_P4_Design01.cydsn\Generated_Source\PSoC4\CyFlash.c ****         if ( freq <= CY_FLASH_SYSCLK_BOUNDARY_MHZ )
 659              		.loc 1 430 0
 660 0014 7B68     		ldr	r3, [r7, #4]
 661 0016 182B     		cmp	r3, #24
 662 0018 06D8     		bhi	.L34
 431:C:\Program Files (x86)\Cypress\PSoC Creator\4.4\PSoC Creator\1\CapSense_CSD_P4_Design01.cydsn\Generated_Source\PSoC4\CyFlash.c ****         {
 432:C:\Program Files (x86)\Cypress\PSoC Creator\4.4\PSoC Creator\1\CapSense_CSD_P4_Design01.cydsn\Generated_Source\PSoC4\CyFlash.c ****             CY_SYS_CLK_SELECT_REG &= (uint32)(~CY_FLASH_WAIT_STATE_EN);
 663              		.loc 1 432 0
 664 001a 0C4B     		ldr	r3, .L36
 665 001c 0B4A     		ldr	r2, .L36
 666 001e 1268     		ldr	r2, [r2]
 667 0020 0B49     		ldr	r1, .L36+4
 668 0022 0A40     		ands	r2, r1
 669 0024 1A60     		str	r2, [r3]
 670 0026 06E0     		b	.L35
 671              	.L34:
 433:C:\Program Files (x86)\Cypress\PSoC Creator\4.4\PSoC Creator\1\CapSense_CSD_P4_Design01.cydsn\Generated_Source\PSoC4\CyFlash.c ****         }
 434:C:\Program Files (x86)\Cypress\PSoC Creator\4.4\PSoC Creator\1\CapSense_CSD_P4_Design01.cydsn\Generated_Source\PSoC4\CyFlash.c ****         else
 435:C:\Program Files (x86)\Cypress\PSoC Creator\4.4\PSoC Creator\1\CapSense_CSD_P4_Design01.cydsn\Generated_Source\PSoC4\CyFlash.c ****         {
 436:C:\Program Files (x86)\Cypress\PSoC Creator\4.4\PSoC Creator\1\CapSense_CSD_P4_Design01.cydsn\Generated_Source\PSoC4\CyFlash.c ****             CY_SYS_CLK_SELECT_REG |= CY_FLASH_WAIT_STATE_EN;
 672              		.loc 1 436 0
 673 0028 084B     		ldr	r3, .L36
 674 002a 084A     		ldr	r2, .L36
 675 002c 1268     		ldr	r2, [r2]
 676 002e 8021     		movs	r1, #128
 677 0030 C902     		lsls	r1, r1, #11
 678 0032 0A43     		orrs	r2, r1
 679 0034 1A60     		str	r2, [r3]
 680              	.L35:
 437:C:\Program Files (x86)\Cypress\PSoC Creator\4.4\PSoC Creator\1\CapSense_CSD_P4_Design01.cydsn\Generated_Source\PSoC4\CyFlash.c ****         }
 438:C:\Program Files (x86)\Cypress\PSoC Creator\4.4\PSoC Creator\1\CapSense_CSD_P4_Design01.cydsn\Generated_Source\PSoC4\CyFlash.c ****     #else
 439:C:\Program Files (x86)\Cypress\PSoC Creator\4.4\PSoC Creator\1\CapSense_CSD_P4_Design01.cydsn\Generated_Source\PSoC4\CyFlash.c ****         #if (CY_IP_CPUSS_FLASHC_PRESENT)
 440:C:\Program Files (x86)\Cypress\PSoC Creator\4.4\PSoC Creator\1\CapSense_CSD_P4_Design01.cydsn\Generated_Source\PSoC4\CyFlash.c ****             /* CY_IP_FM and CY_IP_FS */
 441:C:\Program Files (x86)\Cypress\PSoC Creator\4.4\PSoC Creator\1\CapSense_CSD_P4_Design01.cydsn\Generated_Source\PSoC4\CyFlash.c ****             if (freq <= CY_FLASH_CTL_WS_0_FREQ_MAX)
 442:C:\Program Files (x86)\Cypress\PSoC Creator\4.4\PSoC Creator\1\CapSense_CSD_P4_Design01.cydsn\Generated_Source\PSoC4\CyFlash.c ****             {
 443:C:\Program Files (x86)\Cypress\PSoC Creator\4.4\PSoC Creator\1\CapSense_CSD_P4_Design01.cydsn\Generated_Source\PSoC4\CyFlash.c ****                 CY_FLASH_CTL_REG = (CY_FLASH_CTL_REG & ~CY_FLASH_CTL_WS_MASK) | CY_FLASH_CTL_WS_0_V
 444:C:\Program Files (x86)\Cypress\PSoC Creator\4.4\PSoC Creator\1\CapSense_CSD_P4_Design01.cydsn\Generated_Source\PSoC4\CyFlash.c ****             } else
 445:C:\Program Files (x86)\Cypress\PSoC Creator\4.4\PSoC Creator\1\CapSense_CSD_P4_Design01.cydsn\Generated_Source\PSoC4\CyFlash.c ****             if (freq <= CY_FLASH_CTL_WS_1_FREQ_MAX)
 446:C:\Program Files (x86)\Cypress\PSoC Creator\4.4\PSoC Creator\1\CapSense_CSD_P4_Design01.cydsn\Generated_Source\PSoC4\CyFlash.c ****             {
 447:C:\Program Files (x86)\Cypress\PSoC Creator\4.4\PSoC Creator\1\CapSense_CSD_P4_Design01.cydsn\Generated_Source\PSoC4\CyFlash.c ****                 CY_FLASH_CTL_REG = (CY_FLASH_CTL_REG & ~CY_FLASH_CTL_WS_MASK) | CY_FLASH_CTL_WS_1_V
 448:C:\Program Files (x86)\Cypress\PSoC Creator\4.4\PSoC Creator\1\CapSense_CSD_P4_Design01.cydsn\Generated_Source\PSoC4\CyFlash.c ****             } else
 449:C:\Program Files (x86)\Cypress\PSoC Creator\4.4\PSoC Creator\1\CapSense_CSD_P4_Design01.cydsn\Generated_Source\PSoC4\CyFlash.c ****             #if (CY_IP_FMLT || CY_IP_FSLT)
 450:C:\Program Files (x86)\Cypress\PSoC Creator\4.4\PSoC Creator\1\CapSense_CSD_P4_Design01.cydsn\Generated_Source\PSoC4\CyFlash.c ****                 if (freq <= CY_FLASH_CTL_WS_2_FREQ_MAX)
 451:C:\Program Files (x86)\Cypress\PSoC Creator\4.4\PSoC Creator\1\CapSense_CSD_P4_Design01.cydsn\Generated_Source\PSoC4\CyFlash.c ****                 {
 452:C:\Program Files (x86)\Cypress\PSoC Creator\4.4\PSoC Creator\1\CapSense_CSD_P4_Design01.cydsn\Generated_Source\PSoC4\CyFlash.c ****                     CY_FLASH_CTL_REG = (CY_FLASH_CTL_REG & ~CY_FLASH_CTL_WS_MASK) | CY_FLASH_CTL_WS
 453:C:\Program Files (x86)\Cypress\PSoC Creator\4.4\PSoC Creator\1\CapSense_CSD_P4_Design01.cydsn\Generated_Source\PSoC4\CyFlash.c ****                 }
 454:C:\Program Files (x86)\Cypress\PSoC Creator\4.4\PSoC Creator\1\CapSense_CSD_P4_Design01.cydsn\Generated_Source\PSoC4\CyFlash.c ****                 else
 455:C:\Program Files (x86)\Cypress\PSoC Creator\4.4\PSoC Creator\1\CapSense_CSD_P4_Design01.cydsn\Generated_Source\PSoC4\CyFlash.c ****             #endif  /* (CY_IP_FMLT || CY_IP_FSLT) */
 456:C:\Program Files (x86)\Cypress\PSoC Creator\4.4\PSoC Creator\1\CapSense_CSD_P4_Design01.cydsn\Generated_Source\PSoC4\CyFlash.c ****         #endif /* (CY_IP_CPUSS_FLASHC_PRESENT) */
 457:C:\Program Files (x86)\Cypress\PSoC Creator\4.4\PSoC Creator\1\CapSense_CSD_P4_Design01.cydsn\Generated_Source\PSoC4\CyFlash.c ****         {
ARM GAS  C:\Users\taips\AppData\Local\Temp\ccHT8htL.s 			page 21


 458:C:\Program Files (x86)\Cypress\PSoC Creator\4.4\PSoC Creator\1\CapSense_CSD_P4_Design01.cydsn\Generated_Source\PSoC4\CyFlash.c ****             /* Halt CPU in debug mode if frequency is invalid */
 459:C:\Program Files (x86)\Cypress\PSoC Creator\4.4\PSoC Creator\1\CapSense_CSD_P4_Design01.cydsn\Generated_Source\PSoC4\CyFlash.c ****             CYASSERT(0u != 0u);
 460:C:\Program Files (x86)\Cypress\PSoC Creator\4.4\PSoC Creator\1\CapSense_CSD_P4_Design01.cydsn\Generated_Source\PSoC4\CyFlash.c ****         }
 461:C:\Program Files (x86)\Cypress\PSoC Creator\4.4\PSoC Creator\1\CapSense_CSD_P4_Design01.cydsn\Generated_Source\PSoC4\CyFlash.c **** 
 462:C:\Program Files (x86)\Cypress\PSoC Creator\4.4\PSoC Creator\1\CapSense_CSD_P4_Design01.cydsn\Generated_Source\PSoC4\CyFlash.c ****     #endif  /* (CY_IP_CPUSS) */
 463:C:\Program Files (x86)\Cypress\PSoC Creator\4.4\PSoC Creator\1\CapSense_CSD_P4_Design01.cydsn\Generated_Source\PSoC4\CyFlash.c **** 
 464:C:\Program Files (x86)\Cypress\PSoC Creator\4.4\PSoC Creator\1\CapSense_CSD_P4_Design01.cydsn\Generated_Source\PSoC4\CyFlash.c ****     CyExitCriticalSection(interruptState);
 681              		.loc 1 464 0
 682 0036 0F23     		movs	r3, #15
 683 0038 FB18     		adds	r3, r7, r3
 684 003a 1B78     		ldrb	r3, [r3]
 685 003c 1800     		movs	r0, r3
 686 003e FFF7FEFF 		bl	CyExitCriticalSection
 465:C:\Program Files (x86)\Cypress\PSoC Creator\4.4\PSoC Creator\1\CapSense_CSD_P4_Design01.cydsn\Generated_Source\PSoC4\CyFlash.c **** }
 687              		.loc 1 465 0
 688 0042 C046     		nop
 689 0044 BD46     		mov	sp, r7
 690 0046 05B0     		add	sp, sp, #20
 691              		@ sp needed
 692 0048 90BD     		pop	{r4, r7, pc}
 693              	.L37:
 694 004a C046     		.align	2
 695              	.L36:
 696 004c 00010B40 		.word	1074462976
 697 0050 FFFFFBFF 		.word	-262145
 698              		.cfi_endproc
 699              	.LFE1:
 700              		.size	CySysFlashSetWaitCycles, .-CySysFlashSetWaitCycles
 701              		.section	.text.CySysFlashClockBackup,"ax",%progbits
 702              		.align	2
 703              		.code	16
 704              		.thumb_func
 705              		.type	CySysFlashClockBackup, %function
 706              	CySysFlashClockBackup:
 707              	.LFB2:
 466:C:\Program Files (x86)\Cypress\PSoC Creator\4.4\PSoC Creator\1\CapSense_CSD_P4_Design01.cydsn\Generated_Source\PSoC4\CyFlash.c **** 
 467:C:\Program Files (x86)\Cypress\PSoC Creator\4.4\PSoC Creator\1\CapSense_CSD_P4_Design01.cydsn\Generated_Source\PSoC4\CyFlash.c **** 
 468:C:\Program Files (x86)\Cypress\PSoC Creator\4.4\PSoC Creator\1\CapSense_CSD_P4_Design01.cydsn\Generated_Source\PSoC4\CyFlash.c **** #if (CY_SFLASH_XTRA_ROWS)
 469:C:\Program Files (x86)\Cypress\PSoC Creator\4.4\PSoC Creator\1\CapSense_CSD_P4_Design01.cydsn\Generated_Source\PSoC4\CyFlash.c **** /*******************************************************************************
 470:C:\Program Files (x86)\Cypress\PSoC Creator\4.4\PSoC Creator\1\CapSense_CSD_P4_Design01.cydsn\Generated_Source\PSoC4\CyFlash.c **** * Function Name: CySysSFlashWriteUserRow
 471:C:\Program Files (x86)\Cypress\PSoC Creator\4.4\PSoC Creator\1\CapSense_CSD_P4_Design01.cydsn\Generated_Source\PSoC4\CyFlash.c **** ****************************************************************************//**
 472:C:\Program Files (x86)\Cypress\PSoC Creator\4.4\PSoC Creator\1\CapSense_CSD_P4_Design01.cydsn\Generated_Source\PSoC4\CyFlash.c **** *
 473:C:\Program Files (x86)\Cypress\PSoC Creator\4.4\PSoC Creator\1\CapSense_CSD_P4_Design01.cydsn\Generated_Source\PSoC4\CyFlash.c **** * Writes data to a row of SFlash user configurable area.
 474:C:\Program Files (x86)\Cypress\PSoC Creator\4.4\PSoC Creator\1\CapSense_CSD_P4_Design01.cydsn\Generated_Source\PSoC4\CyFlash.c **** *
 475:C:\Program Files (x86)\Cypress\PSoC Creator\4.4\PSoC Creator\1\CapSense_CSD_P4_Design01.cydsn\Generated_Source\PSoC4\CyFlash.c **** * This API is applicable for PSoC 4100 BLE, PSoC 4200 BLE, PSoC 4100M,
 476:C:\Program Files (x86)\Cypress\PSoC Creator\4.4\PSoC Creator\1\CapSense_CSD_P4_Design01.cydsn\Generated_Source\PSoC4\CyFlash.c **** * PSoC 4200M, and PSoC 4200L family of devices.
 477:C:\Program Files (x86)\Cypress\PSoC Creator\4.4\PSoC Creator\1\CapSense_CSD_P4_Design01.cydsn\Generated_Source\PSoC4\CyFlash.c **** *
 478:C:\Program Files (x86)\Cypress\PSoC Creator\4.4\PSoC Creator\1\CapSense_CSD_P4_Design01.cydsn\Generated_Source\PSoC4\CyFlash.c **** * \param rowNum The flash row number. The flash row number. The number of the
 479:C:\Program Files (x86)\Cypress\PSoC Creator\4.4\PSoC Creator\1\CapSense_CSD_P4_Design01.cydsn\Generated_Source\PSoC4\CyFlash.c **** * flash rows is defined by the CY_SFLASH_NUMBER_USERROWS macro for the selected
 480:C:\Program Files (x86)\Cypress\PSoC Creator\4.4\PSoC Creator\1\CapSense_CSD_P4_Design01.cydsn\Generated_Source\PSoC4\CyFlash.c **** * device. Valid range is 0-3. Refer to the device TRM for details.
 481:C:\Program Files (x86)\Cypress\PSoC Creator\4.4\PSoC Creator\1\CapSense_CSD_P4_Design01.cydsn\Generated_Source\PSoC4\CyFlash.c **** *
 482:C:\Program Files (x86)\Cypress\PSoC Creator\4.4\PSoC Creator\1\CapSense_CSD_P4_Design01.cydsn\Generated_Source\PSoC4\CyFlash.c **** * \param rowData Array of bytes to write. The size of the array must be equal to
 483:C:\Program Files (x86)\Cypress\PSoC Creator\4.4\PSoC Creator\1\CapSense_CSD_P4_Design01.cydsn\Generated_Source\PSoC4\CyFlash.c **** * the flash row size. The flash row size for the selected device is defined by
 484:C:\Program Files (x86)\Cypress\PSoC Creator\4.4\PSoC Creator\1\CapSense_CSD_P4_Design01.cydsn\Generated_Source\PSoC4\CyFlash.c **** * the \ref CY_SFLASH_SIZEOF_USERROW macro. Refer to the device TRM for the
 485:C:\Program Files (x86)\Cypress\PSoC Creator\4.4\PSoC Creator\1\CapSense_CSD_P4_Design01.cydsn\Generated_Source\PSoC4\CyFlash.c **** * details.
 486:C:\Program Files (x86)\Cypress\PSoC Creator\4.4\PSoC Creator\1\CapSense_CSD_P4_Design01.cydsn\Generated_Source\PSoC4\CyFlash.c **** *
 487:C:\Program Files (x86)\Cypress\PSoC Creator\4.4\PSoC Creator\1\CapSense_CSD_P4_Design01.cydsn\Generated_Source\PSoC4\CyFlash.c **** * \return \ref group_flash_status_codes
ARM GAS  C:\Users\taips\AppData\Local\Temp\ccHT8htL.s 			page 22


 488:C:\Program Files (x86)\Cypress\PSoC Creator\4.4\PSoC Creator\1\CapSense_CSD_P4_Design01.cydsn\Generated_Source\PSoC4\CyFlash.c **** *
 489:C:\Program Files (x86)\Cypress\PSoC Creator\4.4\PSoC Creator\1\CapSense_CSD_P4_Design01.cydsn\Generated_Source\PSoC4\CyFlash.c **** *******************************************************************************/
 490:C:\Program Files (x86)\Cypress\PSoC Creator\4.4\PSoC Creator\1\CapSense_CSD_P4_Design01.cydsn\Generated_Source\PSoC4\CyFlash.c **** uint32 CySysSFlashWriteUserRow(uint32 rowNum, const uint8 rowData[])
 491:C:\Program Files (x86)\Cypress\PSoC Creator\4.4\PSoC Creator\1\CapSense_CSD_P4_Design01.cydsn\Generated_Source\PSoC4\CyFlash.c **** {
 492:C:\Program Files (x86)\Cypress\PSoC Creator\4.4\PSoC Creator\1\CapSense_CSD_P4_Design01.cydsn\Generated_Source\PSoC4\CyFlash.c ****     volatile uint32 retValue = CY_SYS_FLASH_SUCCESS;
 493:C:\Program Files (x86)\Cypress\PSoC Creator\4.4\PSoC Creator\1\CapSense_CSD_P4_Design01.cydsn\Generated_Source\PSoC4\CyFlash.c ****     volatile uint32 clkCnfRetValue = CY_SYS_FLASH_SUCCESS;
 494:C:\Program Files (x86)\Cypress\PSoC Creator\4.4\PSoC Creator\1\CapSense_CSD_P4_Design01.cydsn\Generated_Source\PSoC4\CyFlash.c ****     volatile uint32 parameters[(CY_FLASH_SIZEOF_ROW + CY_FLASH_SRAM_ROM_DATA)/4u];
 495:C:\Program Files (x86)\Cypress\PSoC Creator\4.4\PSoC Creator\1\CapSense_CSD_P4_Design01.cydsn\Generated_Source\PSoC4\CyFlash.c ****     uint8  interruptState;
 496:C:\Program Files (x86)\Cypress\PSoC Creator\4.4\PSoC Creator\1\CapSense_CSD_P4_Design01.cydsn\Generated_Source\PSoC4\CyFlash.c **** 
 497:C:\Program Files (x86)\Cypress\PSoC Creator\4.4\PSoC Creator\1\CapSense_CSD_P4_Design01.cydsn\Generated_Source\PSoC4\CyFlash.c **** 
 498:C:\Program Files (x86)\Cypress\PSoC Creator\4.4\PSoC Creator\1\CapSense_CSD_P4_Design01.cydsn\Generated_Source\PSoC4\CyFlash.c ****     if ((rowNum < CY_SFLASH_NUMBER_USERROWS) && (rowData != 0u))
 499:C:\Program Files (x86)\Cypress\PSoC Creator\4.4\PSoC Creator\1\CapSense_CSD_P4_Design01.cydsn\Generated_Source\PSoC4\CyFlash.c ****     {
 500:C:\Program Files (x86)\Cypress\PSoC Creator\4.4\PSoC Creator\1\CapSense_CSD_P4_Design01.cydsn\Generated_Source\PSoC4\CyFlash.c ****         /* Load Flash Bytes */
 501:C:\Program Files (x86)\Cypress\PSoC Creator\4.4\PSoC Creator\1\CapSense_CSD_P4_Design01.cydsn\Generated_Source\PSoC4\CyFlash.c ****         parameters[0u] = (uint32) (CY_FLASH_GET_MACRO_FROM_ROW(rowNum)        << CY_FLASH_PARAM_MAC
 502:C:\Program Files (x86)\Cypress\PSoC Creator\4.4\PSoC Creator\1\CapSense_CSD_P4_Design01.cydsn\Generated_Source\PSoC4\CyFlash.c ****                          (uint32) (CY_FLASH_PAGE_LATCH_START_ADDR             << CY_FLASH_PARAM_ADD
 503:C:\Program Files (x86)\Cypress\PSoC Creator\4.4\PSoC Creator\1\CapSense_CSD_P4_Design01.cydsn\Generated_Source\PSoC4\CyFlash.c ****                          (uint32) (CY_FLASH_KEY_TWO(CY_FLASH_API_OPCODE_LOAD) << CY_FLASH_PARAM_KEY
 504:C:\Program Files (x86)\Cypress\PSoC Creator\4.4\PSoC Creator\1\CapSense_CSD_P4_Design01.cydsn\Generated_Source\PSoC4\CyFlash.c ****                          CY_FLASH_KEY_ONE;
 505:C:\Program Files (x86)\Cypress\PSoC Creator\4.4\PSoC Creator\1\CapSense_CSD_P4_Design01.cydsn\Generated_Source\PSoC4\CyFlash.c ****         parameters[1u] = CY_FLASH_SIZEOF_ROW - 1u;
 506:C:\Program Files (x86)\Cypress\PSoC Creator\4.4\PSoC Creator\1\CapSense_CSD_P4_Design01.cydsn\Generated_Source\PSoC4\CyFlash.c **** 
 507:C:\Program Files (x86)\Cypress\PSoC Creator\4.4\PSoC Creator\1\CapSense_CSD_P4_Design01.cydsn\Generated_Source\PSoC4\CyFlash.c ****         (void)memcpy((void *)&parameters[2u], rowData, CY_FLASH_SIZEOF_ROW);
 508:C:\Program Files (x86)\Cypress\PSoC Creator\4.4\PSoC Creator\1\CapSense_CSD_P4_Design01.cydsn\Generated_Source\PSoC4\CyFlash.c ****         CY_FLASH_CPUSS_SYSARG_REG = (uint32) &parameters[0u];
 509:C:\Program Files (x86)\Cypress\PSoC Creator\4.4\PSoC Creator\1\CapSense_CSD_P4_Design01.cydsn\Generated_Source\PSoC4\CyFlash.c ****         CY_FLASH_CPUSS_SYSREQ_REG = CY_FLASH_CPUSS_REQ_START | CY_FLASH_API_OPCODE_LOAD;
 510:C:\Program Files (x86)\Cypress\PSoC Creator\4.4\PSoC Creator\1\CapSense_CSD_P4_Design01.cydsn\Generated_Source\PSoC4\CyFlash.c ****         CY_NOP;
 511:C:\Program Files (x86)\Cypress\PSoC Creator\4.4\PSoC Creator\1\CapSense_CSD_P4_Design01.cydsn\Generated_Source\PSoC4\CyFlash.c ****         retValue = CY_FLASH_API_RETURN;
 512:C:\Program Files (x86)\Cypress\PSoC Creator\4.4\PSoC Creator\1\CapSense_CSD_P4_Design01.cydsn\Generated_Source\PSoC4\CyFlash.c **** 
 513:C:\Program Files (x86)\Cypress\PSoC Creator\4.4\PSoC Creator\1\CapSense_CSD_P4_Design01.cydsn\Generated_Source\PSoC4\CyFlash.c ****         if(retValue == CY_SYS_FLASH_SUCCESS)
 514:C:\Program Files (x86)\Cypress\PSoC Creator\4.4\PSoC Creator\1\CapSense_CSD_P4_Design01.cydsn\Generated_Source\PSoC4\CyFlash.c ****         {
 515:C:\Program Files (x86)\Cypress\PSoC Creator\4.4\PSoC Creator\1\CapSense_CSD_P4_Design01.cydsn\Generated_Source\PSoC4\CyFlash.c ****             /***************************************************************
 516:C:\Program Files (x86)\Cypress\PSoC Creator\4.4\PSoC Creator\1\CapSense_CSD_P4_Design01.cydsn\Generated_Source\PSoC4\CyFlash.c ****             * Mask all the exceptions to guarantee that Flash write will
 517:C:\Program Files (x86)\Cypress\PSoC Creator\4.4\PSoC Creator\1\CapSense_CSD_P4_Design01.cydsn\Generated_Source\PSoC4\CyFlash.c ****             * occur in the atomic way. It will not affect system call
 518:C:\Program Files (x86)\Cypress\PSoC Creator\4.4\PSoC Creator\1\CapSense_CSD_P4_Design01.cydsn\Generated_Source\PSoC4\CyFlash.c ****             * execution (flash row write) since it is executed in the NMI
 519:C:\Program Files (x86)\Cypress\PSoC Creator\4.4\PSoC Creator\1\CapSense_CSD_P4_Design01.cydsn\Generated_Source\PSoC4\CyFlash.c ****             * context.
 520:C:\Program Files (x86)\Cypress\PSoC Creator\4.4\PSoC Creator\1\CapSense_CSD_P4_Design01.cydsn\Generated_Source\PSoC4\CyFlash.c ****             ***************************************************************/
 521:C:\Program Files (x86)\Cypress\PSoC Creator\4.4\PSoC Creator\1\CapSense_CSD_P4_Design01.cydsn\Generated_Source\PSoC4\CyFlash.c ****             interruptState = CyEnterCriticalSection();
 522:C:\Program Files (x86)\Cypress\PSoC Creator\4.4\PSoC Creator\1\CapSense_CSD_P4_Design01.cydsn\Generated_Source\PSoC4\CyFlash.c **** 
 523:C:\Program Files (x86)\Cypress\PSoC Creator\4.4\PSoC Creator\1\CapSense_CSD_P4_Design01.cydsn\Generated_Source\PSoC4\CyFlash.c ****             clkCnfRetValue = CySysFlashClockBackup();
 524:C:\Program Files (x86)\Cypress\PSoC Creator\4.4\PSoC Creator\1\CapSense_CSD_P4_Design01.cydsn\Generated_Source\PSoC4\CyFlash.c **** 
 525:C:\Program Files (x86)\Cypress\PSoC Creator\4.4\PSoC Creator\1\CapSense_CSD_P4_Design01.cydsn\Generated_Source\PSoC4\CyFlash.c ****         #if(CY_IP_SPCIF_SYNCHRONOUS)
 526:C:\Program Files (x86)\Cypress\PSoC Creator\4.4\PSoC Creator\1\CapSense_CSD_P4_Design01.cydsn\Generated_Source\PSoC4\CyFlash.c ****             if(clkCnfRetValue == CY_SYS_FLASH_SUCCESS)
 527:C:\Program Files (x86)\Cypress\PSoC Creator\4.4\PSoC Creator\1\CapSense_CSD_P4_Design01.cydsn\Generated_Source\PSoC4\CyFlash.c ****             {
 528:C:\Program Files (x86)\Cypress\PSoC Creator\4.4\PSoC Creator\1\CapSense_CSD_P4_Design01.cydsn\Generated_Source\PSoC4\CyFlash.c ****                 retValue = CySysFlashClockConfig();
 529:C:\Program Files (x86)\Cypress\PSoC Creator\4.4\PSoC Creator\1\CapSense_CSD_P4_Design01.cydsn\Generated_Source\PSoC4\CyFlash.c ****             }
 530:C:\Program Files (x86)\Cypress\PSoC Creator\4.4\PSoC Creator\1\CapSense_CSD_P4_Design01.cydsn\Generated_Source\PSoC4\CyFlash.c ****         #endif  /* (CY_IP_SPCIF_SYNCHRONOUS) */
 531:C:\Program Files (x86)\Cypress\PSoC Creator\4.4\PSoC Creator\1\CapSense_CSD_P4_Design01.cydsn\Generated_Source\PSoC4\CyFlash.c **** 
 532:C:\Program Files (x86)\Cypress\PSoC Creator\4.4\PSoC Creator\1\CapSense_CSD_P4_Design01.cydsn\Generated_Source\PSoC4\CyFlash.c ****             if(retValue == CY_SYS_FLASH_SUCCESS)
 533:C:\Program Files (x86)\Cypress\PSoC Creator\4.4\PSoC Creator\1\CapSense_CSD_P4_Design01.cydsn\Generated_Source\PSoC4\CyFlash.c ****             {
 534:C:\Program Files (x86)\Cypress\PSoC Creator\4.4\PSoC Creator\1\CapSense_CSD_P4_Design01.cydsn\Generated_Source\PSoC4\CyFlash.c ****                 /* Write User Sflash Row */
 535:C:\Program Files (x86)\Cypress\PSoC Creator\4.4\PSoC Creator\1\CapSense_CSD_P4_Design01.cydsn\Generated_Source\PSoC4\CyFlash.c ****                 parameters[0u]  = (uint32) (((uint32) CY_FLASH_KEY_TWO(CY_FLASH_API_OPCODE_WRITE_SF
 536:C:\Program Files (x86)\Cypress\PSoC Creator\4.4\PSoC Creator\1\CapSense_CSD_P4_Design01.cydsn\Generated_Source\PSoC4\CyFlash.c ****                 parameters[1u] = (uint32) rowNum;
 537:C:\Program Files (x86)\Cypress\PSoC Creator\4.4\PSoC Creator\1\CapSense_CSD_P4_Design01.cydsn\Generated_Source\PSoC4\CyFlash.c **** 
 538:C:\Program Files (x86)\Cypress\PSoC Creator\4.4\PSoC Creator\1\CapSense_CSD_P4_Design01.cydsn\Generated_Source\PSoC4\CyFlash.c ****                 CY_FLASH_CPUSS_SYSARG_REG = (uint32) &parameters[0u];
 539:C:\Program Files (x86)\Cypress\PSoC Creator\4.4\PSoC Creator\1\CapSense_CSD_P4_Design01.cydsn\Generated_Source\PSoC4\CyFlash.c ****                 CY_FLASH_CPUSS_SYSREQ_REG = CY_FLASH_CPUSS_REQ_START | CY_FLASH_API_OPCODE_WRITE_SF
 540:C:\Program Files (x86)\Cypress\PSoC Creator\4.4\PSoC Creator\1\CapSense_CSD_P4_Design01.cydsn\Generated_Source\PSoC4\CyFlash.c ****                 CY_NOP;
 541:C:\Program Files (x86)\Cypress\PSoC Creator\4.4\PSoC Creator\1\CapSense_CSD_P4_Design01.cydsn\Generated_Source\PSoC4\CyFlash.c ****                 retValue = CY_FLASH_API_RETURN;
 542:C:\Program Files (x86)\Cypress\PSoC Creator\4.4\PSoC Creator\1\CapSense_CSD_P4_Design01.cydsn\Generated_Source\PSoC4\CyFlash.c ****             }
 543:C:\Program Files (x86)\Cypress\PSoC Creator\4.4\PSoC Creator\1\CapSense_CSD_P4_Design01.cydsn\Generated_Source\PSoC4\CyFlash.c **** 
 544:C:\Program Files (x86)\Cypress\PSoC Creator\4.4\PSoC Creator\1\CapSense_CSD_P4_Design01.cydsn\Generated_Source\PSoC4\CyFlash.c ****             if(clkCnfRetValue == CY_SYS_FLASH_SUCCESS)
ARM GAS  C:\Users\taips\AppData\Local\Temp\ccHT8htL.s 			page 23


 545:C:\Program Files (x86)\Cypress\PSoC Creator\4.4\PSoC Creator\1\CapSense_CSD_P4_Design01.cydsn\Generated_Source\PSoC4\CyFlash.c ****             {
 546:C:\Program Files (x86)\Cypress\PSoC Creator\4.4\PSoC Creator\1\CapSense_CSD_P4_Design01.cydsn\Generated_Source\PSoC4\CyFlash.c ****                 clkCnfRetValue = CySysFlashClockRestore();
 547:C:\Program Files (x86)\Cypress\PSoC Creator\4.4\PSoC Creator\1\CapSense_CSD_P4_Design01.cydsn\Generated_Source\PSoC4\CyFlash.c ****             }
 548:C:\Program Files (x86)\Cypress\PSoC Creator\4.4\PSoC Creator\1\CapSense_CSD_P4_Design01.cydsn\Generated_Source\PSoC4\CyFlash.c ****             CyExitCriticalSection(interruptState);
 549:C:\Program Files (x86)\Cypress\PSoC Creator\4.4\PSoC Creator\1\CapSense_CSD_P4_Design01.cydsn\Generated_Source\PSoC4\CyFlash.c ****         }
 550:C:\Program Files (x86)\Cypress\PSoC Creator\4.4\PSoC Creator\1\CapSense_CSD_P4_Design01.cydsn\Generated_Source\PSoC4\CyFlash.c ****     }
 551:C:\Program Files (x86)\Cypress\PSoC Creator\4.4\PSoC Creator\1\CapSense_CSD_P4_Design01.cydsn\Generated_Source\PSoC4\CyFlash.c ****     else
 552:C:\Program Files (x86)\Cypress\PSoC Creator\4.4\PSoC Creator\1\CapSense_CSD_P4_Design01.cydsn\Generated_Source\PSoC4\CyFlash.c ****     {
 553:C:\Program Files (x86)\Cypress\PSoC Creator\4.4\PSoC Creator\1\CapSense_CSD_P4_Design01.cydsn\Generated_Source\PSoC4\CyFlash.c ****         retValue = CY_SYS_FLASH_INVALID_ADDR;
 554:C:\Program Files (x86)\Cypress\PSoC Creator\4.4\PSoC Creator\1\CapSense_CSD_P4_Design01.cydsn\Generated_Source\PSoC4\CyFlash.c ****     }
 555:C:\Program Files (x86)\Cypress\PSoC Creator\4.4\PSoC Creator\1\CapSense_CSD_P4_Design01.cydsn\Generated_Source\PSoC4\CyFlash.c **** 
 556:C:\Program Files (x86)\Cypress\PSoC Creator\4.4\PSoC Creator\1\CapSense_CSD_P4_Design01.cydsn\Generated_Source\PSoC4\CyFlash.c ****     return (retValue);
 557:C:\Program Files (x86)\Cypress\PSoC Creator\4.4\PSoC Creator\1\CapSense_CSD_P4_Design01.cydsn\Generated_Source\PSoC4\CyFlash.c **** }
 558:C:\Program Files (x86)\Cypress\PSoC Creator\4.4\PSoC Creator\1\CapSense_CSD_P4_Design01.cydsn\Generated_Source\PSoC4\CyFlash.c **** #endif /* (CY_SFLASH_XTRA_ROWS) */
 559:C:\Program Files (x86)\Cypress\PSoC Creator\4.4\PSoC Creator\1\CapSense_CSD_P4_Design01.cydsn\Generated_Source\PSoC4\CyFlash.c **** 
 560:C:\Program Files (x86)\Cypress\PSoC Creator\4.4\PSoC Creator\1\CapSense_CSD_P4_Design01.cydsn\Generated_Source\PSoC4\CyFlash.c **** 
 561:C:\Program Files (x86)\Cypress\PSoC Creator\4.4\PSoC Creator\1\CapSense_CSD_P4_Design01.cydsn\Generated_Source\PSoC4\CyFlash.c **** /*******************************************************************************
 562:C:\Program Files (x86)\Cypress\PSoC Creator\4.4\PSoC Creator\1\CapSense_CSD_P4_Design01.cydsn\Generated_Source\PSoC4\CyFlash.c **** * Function Name: CySysFlashClockBackup
 563:C:\Program Files (x86)\Cypress\PSoC Creator\4.4\PSoC Creator\1\CapSense_CSD_P4_Design01.cydsn\Generated_Source\PSoC4\CyFlash.c **** ****************************************************************************//**
 564:C:\Program Files (x86)\Cypress\PSoC Creator\4.4\PSoC Creator\1\CapSense_CSD_P4_Design01.cydsn\Generated_Source\PSoC4\CyFlash.c **** *
 565:C:\Program Files (x86)\Cypress\PSoC Creator\4.4\PSoC Creator\1\CapSense_CSD_P4_Design01.cydsn\Generated_Source\PSoC4\CyFlash.c **** * Backups the device clock configuration.
 566:C:\Program Files (x86)\Cypress\PSoC Creator\4.4\PSoC Creator\1\CapSense_CSD_P4_Design01.cydsn\Generated_Source\PSoC4\CyFlash.c **** *
 567:C:\Program Files (x86)\Cypress\PSoC Creator\4.4\PSoC Creator\1\CapSense_CSD_P4_Design01.cydsn\Generated_Source\PSoC4\CyFlash.c **** * \return The same as \ref CySysFlashWriteRow().
 568:C:\Program Files (x86)\Cypress\PSoC Creator\4.4\PSoC Creator\1\CapSense_CSD_P4_Design01.cydsn\Generated_Source\PSoC4\CyFlash.c **** *
 569:C:\Program Files (x86)\Cypress\PSoC Creator\4.4\PSoC Creator\1\CapSense_CSD_P4_Design01.cydsn\Generated_Source\PSoC4\CyFlash.c **** *******************************************************************************/
 570:C:\Program Files (x86)\Cypress\PSoC Creator\4.4\PSoC Creator\1\CapSense_CSD_P4_Design01.cydsn\Generated_Source\PSoC4\CyFlash.c **** static cystatus CySysFlashClockBackup(void)
 571:C:\Program Files (x86)\Cypress\PSoC Creator\4.4\PSoC Creator\1\CapSense_CSD_P4_Design01.cydsn\Generated_Source\PSoC4\CyFlash.c **** {
 708              		.loc 1 571 0
 709              		.cfi_startproc
 710              		@ args = 0, pretend = 0, frame = 8
 711              		@ frame_needed = 1, uses_anonymous_args = 0
 712 0000 80B5     		push	{r7, lr}
 713              		.cfi_def_cfa_offset 8
 714              		.cfi_offset 7, -8
 715              		.cfi_offset 14, -4
 716 0002 82B0     		sub	sp, sp, #8
 717              		.cfi_def_cfa_offset 16
 718 0004 00AF     		add	r7, sp, #0
 719              		.cfi_def_cfa_register 7
 572:C:\Program Files (x86)\Cypress\PSoC Creator\4.4\PSoC Creator\1\CapSense_CSD_P4_Design01.cydsn\Generated_Source\PSoC4\CyFlash.c ****     cystatus retValue = CY_SYS_FLASH_SUCCESS;
 720              		.loc 1 572 0
 721 0006 0023     		movs	r3, #0
 722 0008 7B60     		str	r3, [r7, #4]
 573:C:\Program Files (x86)\Cypress\PSoC Creator\4.4\PSoC Creator\1\CapSense_CSD_P4_Design01.cydsn\Generated_Source\PSoC4\CyFlash.c **** #if(!CY_IP_FM)
 574:C:\Program Files (x86)\Cypress\PSoC Creator\4.4\PSoC Creator\1\CapSense_CSD_P4_Design01.cydsn\Generated_Source\PSoC4\CyFlash.c ****     #if !(CY_PSOC4_4000)
 575:C:\Program Files (x86)\Cypress\PSoC Creator\4.4\PSoC Creator\1\CapSense_CSD_P4_Design01.cydsn\Generated_Source\PSoC4\CyFlash.c ****         #if (CY_IP_SPCIF_SYNCHRONOUS)
 576:C:\Program Files (x86)\Cypress\PSoC Creator\4.4\PSoC Creator\1\CapSense_CSD_P4_Design01.cydsn\Generated_Source\PSoC4\CyFlash.c ****             volatile uint32   parameters[2u];
 577:C:\Program Files (x86)\Cypress\PSoC Creator\4.4\PSoC Creator\1\CapSense_CSD_P4_Design01.cydsn\Generated_Source\PSoC4\CyFlash.c ****         #endif /* (CY_IP_SPCIF_SYNCHRONOUS) */
 578:C:\Program Files (x86)\Cypress\PSoC Creator\4.4\PSoC Creator\1\CapSense_CSD_P4_Design01.cydsn\Generated_Source\PSoC4\CyFlash.c ****     #endif  /* !(CY_PSOC4_4000) */
 579:C:\Program Files (x86)\Cypress\PSoC Creator\4.4\PSoC Creator\1\CapSense_CSD_P4_Design01.cydsn\Generated_Source\PSoC4\CyFlash.c **** #endif  /* (!CY_IP_FM) */
 580:C:\Program Files (x86)\Cypress\PSoC Creator\4.4\PSoC Creator\1\CapSense_CSD_P4_Design01.cydsn\Generated_Source\PSoC4\CyFlash.c **** 
 581:C:\Program Files (x86)\Cypress\PSoC Creator\4.4\PSoC Creator\1\CapSense_CSD_P4_Design01.cydsn\Generated_Source\PSoC4\CyFlash.c **** #if(CY_IP_FM)
 582:C:\Program Files (x86)\Cypress\PSoC Creator\4.4\PSoC Creator\1\CapSense_CSD_P4_Design01.cydsn\Generated_Source\PSoC4\CyFlash.c **** 
 583:C:\Program Files (x86)\Cypress\PSoC Creator\4.4\PSoC Creator\1\CapSense_CSD_P4_Design01.cydsn\Generated_Source\PSoC4\CyFlash.c ****     /***************************************************************
 584:C:\Program Files (x86)\Cypress\PSoC Creator\4.4\PSoC Creator\1\CapSense_CSD_P4_Design01.cydsn\Generated_Source\PSoC4\CyFlash.c ****     * Preserve IMO configuration that could be changed during
 585:C:\Program Files (x86)\Cypress\PSoC Creator\4.4\PSoC Creator\1\CapSense_CSD_P4_Design01.cydsn\Generated_Source\PSoC4\CyFlash.c ****     * system call execution (Cypress ID #150448).
 586:C:\Program Files (x86)\Cypress\PSoC Creator\4.4\PSoC Creator\1\CapSense_CSD_P4_Design01.cydsn\Generated_Source\PSoC4\CyFlash.c ****     ***************************************************************/
ARM GAS  C:\Users\taips\AppData\Local\Temp\ccHT8htL.s 			page 24


 587:C:\Program Files (x86)\Cypress\PSoC Creator\4.4\PSoC Creator\1\CapSense_CSD_P4_Design01.cydsn\Generated_Source\PSoC4\CyFlash.c ****     cySysFlashBackup.imoConfigReg = CY_SYS_CLK_IMO_CONFIG_REG;
 723              		.loc 1 587 0
 724 000a 044B     		ldr	r3, .L40
 725 000c 1A68     		ldr	r2, [r3]
 726 000e 044B     		ldr	r3, .L40+4
 727 0010 1A60     		str	r2, [r3]
 588:C:\Program Files (x86)\Cypress\PSoC Creator\4.4\PSoC Creator\1\CapSense_CSD_P4_Design01.cydsn\Generated_Source\PSoC4\CyFlash.c **** 
 589:C:\Program Files (x86)\Cypress\PSoC Creator\4.4\PSoC Creator\1\CapSense_CSD_P4_Design01.cydsn\Generated_Source\PSoC4\CyFlash.c **** #else   /* (CY_IP_FMLT) */
 590:C:\Program Files (x86)\Cypress\PSoC Creator\4.4\PSoC Creator\1\CapSense_CSD_P4_Design01.cydsn\Generated_Source\PSoC4\CyFlash.c **** 
 591:C:\Program Files (x86)\Cypress\PSoC Creator\4.4\PSoC Creator\1\CapSense_CSD_P4_Design01.cydsn\Generated_Source\PSoC4\CyFlash.c ****     #if (CY_PSOC4_4000)
 592:C:\Program Files (x86)\Cypress\PSoC Creator\4.4\PSoC Creator\1\CapSense_CSD_P4_Design01.cydsn\Generated_Source\PSoC4\CyFlash.c **** 
 593:C:\Program Files (x86)\Cypress\PSoC Creator\4.4\PSoC Creator\1\CapSense_CSD_P4_Design01.cydsn\Generated_Source\PSoC4\CyFlash.c ****         /***************************************************************************
 594:C:\Program Files (x86)\Cypress\PSoC Creator\4.4\PSoC Creator\1\CapSense_CSD_P4_Design01.cydsn\Generated_Source\PSoC4\CyFlash.c ****         * Perform firmware clock settings backup for the PSOC4 4000 devices (the
 595:C:\Program Files (x86)\Cypress\PSoC Creator\4.4\PSoC Creator\1\CapSense_CSD_P4_Design01.cydsn\Generated_Source\PSoC4\CyFlash.c ****         * corresponding system call is not available).
 596:C:\Program Files (x86)\Cypress\PSoC Creator\4.4\PSoC Creator\1\CapSense_CSD_P4_Design01.cydsn\Generated_Source\PSoC4\CyFlash.c ****         ***************************************************************************/
 597:C:\Program Files (x86)\Cypress\PSoC Creator\4.4\PSoC Creator\1\CapSense_CSD_P4_Design01.cydsn\Generated_Source\PSoC4\CyFlash.c **** 
 598:C:\Program Files (x86)\Cypress\PSoC Creator\4.4\PSoC Creator\1\CapSense_CSD_P4_Design01.cydsn\Generated_Source\PSoC4\CyFlash.c ****         /***************************************************************************
 599:C:\Program Files (x86)\Cypress\PSoC Creator\4.4\PSoC Creator\1\CapSense_CSD_P4_Design01.cydsn\Generated_Source\PSoC4\CyFlash.c ****         * The registers listed below are modified by CySysFlashClockConfig().
 600:C:\Program Files (x86)\Cypress\PSoC Creator\4.4\PSoC Creator\1\CapSense_CSD_P4_Design01.cydsn\Generated_Source\PSoC4\CyFlash.c ****         *
 601:C:\Program Files (x86)\Cypress\PSoC Creator\4.4\PSoC Creator\1\CapSense_CSD_P4_Design01.cydsn\Generated_Source\PSoC4\CyFlash.c ****         * The registers to be saved:
 602:C:\Program Files (x86)\Cypress\PSoC Creator\4.4\PSoC Creator\1\CapSense_CSD_P4_Design01.cydsn\Generated_Source\PSoC4\CyFlash.c ****         * - CY_SYS_CLK_IMO_CONFIG_REG - IMO enable state.
 603:C:\Program Files (x86)\Cypress\PSoC Creator\4.4\PSoC Creator\1\CapSense_CSD_P4_Design01.cydsn\Generated_Source\PSoC4\CyFlash.c ****         * - CY_SYS_CLK_SELECT_REG     - HFCLK source, divider, pump source. Save
 604:C:\Program Files (x86)\Cypress\PSoC Creator\4.4\PSoC Creator\1\CapSense_CSD_P4_Design01.cydsn\Generated_Source\PSoC4\CyFlash.c ****         *                               entire register as it can be directly
 605:C:\Program Files (x86)\Cypress\PSoC Creator\4.4\PSoC Creator\1\CapSense_CSD_P4_Design01.cydsn\Generated_Source\PSoC4\CyFlash.c ****         *                               written on restore (no special
 606:C:\Program Files (x86)\Cypress\PSoC Creator\4.4\PSoC Creator\1\CapSense_CSD_P4_Design01.cydsn\Generated_Source\PSoC4\CyFlash.c ****         *                               requirements).
 607:C:\Program Files (x86)\Cypress\PSoC Creator\4.4\PSoC Creator\1\CapSense_CSD_P4_Design01.cydsn\Generated_Source\PSoC4\CyFlash.c ****         * - CY_SYS_CLK_IMO_SELECT_REG - Save IMO frequency.
 608:C:\Program Files (x86)\Cypress\PSoC Creator\4.4\PSoC Creator\1\CapSense_CSD_P4_Design01.cydsn\Generated_Source\PSoC4\CyFlash.c ****         *
 609:C:\Program Files (x86)\Cypress\PSoC Creator\4.4\PSoC Creator\1\CapSense_CSD_P4_Design01.cydsn\Generated_Source\PSoC4\CyFlash.c ****         * The registers not to be saved:
 610:C:\Program Files (x86)\Cypress\PSoC Creator\4.4\PSoC Creator\1\CapSense_CSD_P4_Design01.cydsn\Generated_Source\PSoC4\CyFlash.c ****         * - CY_SYS_CLK_IMO_TRIM1_REG  - No need to save. Function of frequency.
 611:C:\Program Files (x86)\Cypress\PSoC Creator\4.4\PSoC Creator\1\CapSense_CSD_P4_Design01.cydsn\Generated_Source\PSoC4\CyFlash.c ****         *                               Restored by CySysClkWriteImoFreq().
 612:C:\Program Files (x86)\Cypress\PSoC Creator\4.4\PSoC Creator\1\CapSense_CSD_P4_Design01.cydsn\Generated_Source\PSoC4\CyFlash.c ****         * - CY_SYS_CLK_IMO_TRIM3_REG  - No need to save. Function of frequency.
 613:C:\Program Files (x86)\Cypress\PSoC Creator\4.4\PSoC Creator\1\CapSense_CSD_P4_Design01.cydsn\Generated_Source\PSoC4\CyFlash.c ****         *                               Restored by CySysClkWriteImoFreq().
 614:C:\Program Files (x86)\Cypress\PSoC Creator\4.4\PSoC Creator\1\CapSense_CSD_P4_Design01.cydsn\Generated_Source\PSoC4\CyFlash.c ****         * - REG_CPUSS_FLASH_CTL       - Flash wait cycles. Unmodified due to system
 615:C:\Program Files (x86)\Cypress\PSoC Creator\4.4\PSoC Creator\1\CapSense_CSD_P4_Design01.cydsn\Generated_Source\PSoC4\CyFlash.c ****         *                               clock 16 MHz limit.
 616:C:\Program Files (x86)\Cypress\PSoC Creator\4.4\PSoC Creator\1\CapSense_CSD_P4_Design01.cydsn\Generated_Source\PSoC4\CyFlash.c ****         ***************************************************************************/
 617:C:\Program Files (x86)\Cypress\PSoC Creator\4.4\PSoC Creator\1\CapSense_CSD_P4_Design01.cydsn\Generated_Source\PSoC4\CyFlash.c **** 
 618:C:\Program Files (x86)\Cypress\PSoC Creator\4.4\PSoC Creator\1\CapSense_CSD_P4_Design01.cydsn\Generated_Source\PSoC4\CyFlash.c ****         cySysFlashBackup.clkSelectReg = CY_SYS_CLK_SELECT_REG;
 619:C:\Program Files (x86)\Cypress\PSoC Creator\4.4\PSoC Creator\1\CapSense_CSD_P4_Design01.cydsn\Generated_Source\PSoC4\CyFlash.c ****         cySysFlashBackup.clkImoEna    = CY_SYS_CLK_IMO_CONFIG_REG & CY_SYS_CLK_IMO_CONFIG_ENABLE;
 620:C:\Program Files (x86)\Cypress\PSoC Creator\4.4\PSoC Creator\1\CapSense_CSD_P4_Design01.cydsn\Generated_Source\PSoC4\CyFlash.c ****         cySysFlashBackup.clkImoFreq   = CY_SYS_CLK_IMO_MIN_FREQ_MHZ + (CY_SYS_CLK_IMO_SELECT_REG <<
 621:C:\Program Files (x86)\Cypress\PSoC Creator\4.4\PSoC Creator\1\CapSense_CSD_P4_Design01.cydsn\Generated_Source\PSoC4\CyFlash.c **** 
 622:C:\Program Files (x86)\Cypress\PSoC Creator\4.4\PSoC Creator\1\CapSense_CSD_P4_Design01.cydsn\Generated_Source\PSoC4\CyFlash.c ****     #else
 623:C:\Program Files (x86)\Cypress\PSoC Creator\4.4\PSoC Creator\1\CapSense_CSD_P4_Design01.cydsn\Generated_Source\PSoC4\CyFlash.c **** 
 624:C:\Program Files (x86)\Cypress\PSoC Creator\4.4\PSoC Creator\1\CapSense_CSD_P4_Design01.cydsn\Generated_Source\PSoC4\CyFlash.c ****         #if (CY_IP_SPCIF_SYNCHRONOUS)
 625:C:\Program Files (x86)\Cypress\PSoC Creator\4.4\PSoC Creator\1\CapSense_CSD_P4_Design01.cydsn\Generated_Source\PSoC4\CyFlash.c ****             /* FM-Lite Clock Backup System Call */
 626:C:\Program Files (x86)\Cypress\PSoC Creator\4.4\PSoC Creator\1\CapSense_CSD_P4_Design01.cydsn\Generated_Source\PSoC4\CyFlash.c ****             parameters[0u] =
 627:C:\Program Files (x86)\Cypress\PSoC Creator\4.4\PSoC Creator\1\CapSense_CSD_P4_Design01.cydsn\Generated_Source\PSoC4\CyFlash.c ****                 (uint32) ((CY_FLASH_KEY_TWO(CY_FLASH_API_OPCODE_CLK_BACKUP) <<  CY_FLASH_PARAM_KEY_
 628:C:\Program Files (x86)\Cypress\PSoC Creator\4.4\PSoC Creator\1\CapSense_CSD_P4_Design01.cydsn\Generated_Source\PSoC4\CyFlash.c ****                             CY_FLASH_KEY_ONE);
 629:C:\Program Files (x86)\Cypress\PSoC Creator\4.4\PSoC Creator\1\CapSense_CSD_P4_Design01.cydsn\Generated_Source\PSoC4\CyFlash.c ****             parameters[1u] = (uint32) &cySysFlashBackup.clockSettings[0u];
 630:C:\Program Files (x86)\Cypress\PSoC Creator\4.4\PSoC Creator\1\CapSense_CSD_P4_Design01.cydsn\Generated_Source\PSoC4\CyFlash.c ****             CY_FLASH_CPUSS_SYSARG_REG = (uint32) &parameters[0u];
 631:C:\Program Files (x86)\Cypress\PSoC Creator\4.4\PSoC Creator\1\CapSense_CSD_P4_Design01.cydsn\Generated_Source\PSoC4\CyFlash.c ****             CY_FLASH_CPUSS_SYSREQ_REG = CY_FLASH_CPUSS_REQ_START | CY_FLASH_API_OPCODE_CLK_BACKUP;
 632:C:\Program Files (x86)\Cypress\PSoC Creator\4.4\PSoC Creator\1\CapSense_CSD_P4_Design01.cydsn\Generated_Source\PSoC4\CyFlash.c ****             CY_NOP;
 633:C:\Program Files (x86)\Cypress\PSoC Creator\4.4\PSoC Creator\1\CapSense_CSD_P4_Design01.cydsn\Generated_Source\PSoC4\CyFlash.c ****             retValue = CY_FLASH_API_RETURN;
 634:C:\Program Files (x86)\Cypress\PSoC Creator\4.4\PSoC Creator\1\CapSense_CSD_P4_Design01.cydsn\Generated_Source\PSoC4\CyFlash.c ****         #endif /* (CY_IP_SPCIF_SYNCHRONOUS) */
 635:C:\Program Files (x86)\Cypress\PSoC Creator\4.4\PSoC Creator\1\CapSense_CSD_P4_Design01.cydsn\Generated_Source\PSoC4\CyFlash.c **** 
 636:C:\Program Files (x86)\Cypress\PSoC Creator\4.4\PSoC Creator\1\CapSense_CSD_P4_Design01.cydsn\Generated_Source\PSoC4\CyFlash.c ****     #endif  /* (CY_PSOC4_4000) */
 637:C:\Program Files (x86)\Cypress\PSoC Creator\4.4\PSoC Creator\1\CapSense_CSD_P4_Design01.cydsn\Generated_Source\PSoC4\CyFlash.c **** 
 638:C:\Program Files (x86)\Cypress\PSoC Creator\4.4\PSoC Creator\1\CapSense_CSD_P4_Design01.cydsn\Generated_Source\PSoC4\CyFlash.c **** #endif  /* (CY_IP_FM) */
ARM GAS  C:\Users\taips\AppData\Local\Temp\ccHT8htL.s 			page 25


 639:C:\Program Files (x86)\Cypress\PSoC Creator\4.4\PSoC Creator\1\CapSense_CSD_P4_Design01.cydsn\Generated_Source\PSoC4\CyFlash.c **** 
 640:C:\Program Files (x86)\Cypress\PSoC Creator\4.4\PSoC Creator\1\CapSense_CSD_P4_Design01.cydsn\Generated_Source\PSoC4\CyFlash.c ****     return (retValue);
 728              		.loc 1 640 0
 729 0012 7B68     		ldr	r3, [r7, #4]
 641:C:\Program Files (x86)\Cypress\PSoC Creator\4.4\PSoC Creator\1\CapSense_CSD_P4_Design01.cydsn\Generated_Source\PSoC4\CyFlash.c **** }
 730              		.loc 1 641 0
 731 0014 1800     		movs	r0, r3
 732 0016 BD46     		mov	sp, r7
 733 0018 02B0     		add	sp, sp, #8
 734              		@ sp needed
 735 001a 80BD     		pop	{r7, pc}
 736              	.L41:
 737              		.align	2
 738              	.L40:
 739 001c 08010B40 		.word	1074462984
 740 0020 00000000 		.word	cySysFlashBackup
 741              		.cfi_endproc
 742              	.LFE2:
 743              		.size	CySysFlashClockBackup, .-CySysFlashClockBackup
 744              		.section	.text.CySysFlashClockRestore,"ax",%progbits
 745              		.align	2
 746              		.code	16
 747              		.thumb_func
 748              		.type	CySysFlashClockRestore, %function
 749              	CySysFlashClockRestore:
 750              	.LFB3:
 642:C:\Program Files (x86)\Cypress\PSoC Creator\4.4\PSoC Creator\1\CapSense_CSD_P4_Design01.cydsn\Generated_Source\PSoC4\CyFlash.c **** 
 643:C:\Program Files (x86)\Cypress\PSoC Creator\4.4\PSoC Creator\1\CapSense_CSD_P4_Design01.cydsn\Generated_Source\PSoC4\CyFlash.c **** 
 644:C:\Program Files (x86)\Cypress\PSoC Creator\4.4\PSoC Creator\1\CapSense_CSD_P4_Design01.cydsn\Generated_Source\PSoC4\CyFlash.c **** #if(CY_IP_SPCIF_SYNCHRONOUS)
 645:C:\Program Files (x86)\Cypress\PSoC Creator\4.4\PSoC Creator\1\CapSense_CSD_P4_Design01.cydsn\Generated_Source\PSoC4\CyFlash.c **** /*******************************************************************************
 646:C:\Program Files (x86)\Cypress\PSoC Creator\4.4\PSoC Creator\1\CapSense_CSD_P4_Design01.cydsn\Generated_Source\PSoC4\CyFlash.c **** * Function Name: CySysFlashClockConfig
 647:C:\Program Files (x86)\Cypress\PSoC Creator\4.4\PSoC Creator\1\CapSense_CSD_P4_Design01.cydsn\Generated_Source\PSoC4\CyFlash.c **** ****************************************************************************//**
 648:C:\Program Files (x86)\Cypress\PSoC Creator\4.4\PSoC Creator\1\CapSense_CSD_P4_Design01.cydsn\Generated_Source\PSoC4\CyFlash.c **** *
 649:C:\Program Files (x86)\Cypress\PSoC Creator\4.4\PSoC Creator\1\CapSense_CSD_P4_Design01.cydsn\Generated_Source\PSoC4\CyFlash.c **** * Configures the device clocks for the flash writing.
 650:C:\Program Files (x86)\Cypress\PSoC Creator\4.4\PSoC Creator\1\CapSense_CSD_P4_Design01.cydsn\Generated_Source\PSoC4\CyFlash.c **** *
 651:C:\Program Files (x86)\Cypress\PSoC Creator\4.4\PSoC Creator\1\CapSense_CSD_P4_Design01.cydsn\Generated_Source\PSoC4\CyFlash.c **** * \return The same as \ref CySysFlashWriteRow().
 652:C:\Program Files (x86)\Cypress\PSoC Creator\4.4\PSoC Creator\1\CapSense_CSD_P4_Design01.cydsn\Generated_Source\PSoC4\CyFlash.c **** *
 653:C:\Program Files (x86)\Cypress\PSoC Creator\4.4\PSoC Creator\1\CapSense_CSD_P4_Design01.cydsn\Generated_Source\PSoC4\CyFlash.c **** *******************************************************************************/
 654:C:\Program Files (x86)\Cypress\PSoC Creator\4.4\PSoC Creator\1\CapSense_CSD_P4_Design01.cydsn\Generated_Source\PSoC4\CyFlash.c **** static cystatus CySysFlashClockConfig(void)
 655:C:\Program Files (x86)\Cypress\PSoC Creator\4.4\PSoC Creator\1\CapSense_CSD_P4_Design01.cydsn\Generated_Source\PSoC4\CyFlash.c **** {
 656:C:\Program Files (x86)\Cypress\PSoC Creator\4.4\PSoC Creator\1\CapSense_CSD_P4_Design01.cydsn\Generated_Source\PSoC4\CyFlash.c ****     cystatus retValue = CY_SYS_FLASH_SUCCESS;
 657:C:\Program Files (x86)\Cypress\PSoC Creator\4.4\PSoC Creator\1\CapSense_CSD_P4_Design01.cydsn\Generated_Source\PSoC4\CyFlash.c **** 
 658:C:\Program Files (x86)\Cypress\PSoC Creator\4.4\PSoC Creator\1\CapSense_CSD_P4_Design01.cydsn\Generated_Source\PSoC4\CyFlash.c ****     /***************************************************************************
 659:C:\Program Files (x86)\Cypress\PSoC Creator\4.4\PSoC Creator\1\CapSense_CSD_P4_Design01.cydsn\Generated_Source\PSoC4\CyFlash.c ****     * The FM-Lite IP uses the IMO at 48MHz for the pump clock and SPC timer
 660:C:\Program Files (x86)\Cypress\PSoC Creator\4.4\PSoC Creator\1\CapSense_CSD_P4_Design01.cydsn\Generated_Source\PSoC4\CyFlash.c ****     * clock. The PUMP_SEL and HF clock must be set to IMO before calling Flash
 661:C:\Program Files (x86)\Cypress\PSoC Creator\4.4\PSoC Creator\1\CapSense_CSD_P4_Design01.cydsn\Generated_Source\PSoC4\CyFlash.c ****     * write or erase operation.
 662:C:\Program Files (x86)\Cypress\PSoC Creator\4.4\PSoC Creator\1\CapSense_CSD_P4_Design01.cydsn\Generated_Source\PSoC4\CyFlash.c ****     ***************************************************************************/
 663:C:\Program Files (x86)\Cypress\PSoC Creator\4.4\PSoC Creator\1\CapSense_CSD_P4_Design01.cydsn\Generated_Source\PSoC4\CyFlash.c **** #if (CY_PSOC4_4000)
 664:C:\Program Files (x86)\Cypress\PSoC Creator\4.4\PSoC Creator\1\CapSense_CSD_P4_Design01.cydsn\Generated_Source\PSoC4\CyFlash.c **** 
 665:C:\Program Files (x86)\Cypress\PSoC Creator\4.4\PSoC Creator\1\CapSense_CSD_P4_Design01.cydsn\Generated_Source\PSoC4\CyFlash.c ****     /***************************************************************************
 666:C:\Program Files (x86)\Cypress\PSoC Creator\4.4\PSoC Creator\1\CapSense_CSD_P4_Design01.cydsn\Generated_Source\PSoC4\CyFlash.c ****     * Perform firmware clock settings setup for the PSOC4 4000 devices (the
 667:C:\Program Files (x86)\Cypress\PSoC Creator\4.4\PSoC Creator\1\CapSense_CSD_P4_Design01.cydsn\Generated_Source\PSoC4\CyFlash.c ****     * corresponding system call is not reliable):
 668:C:\Program Files (x86)\Cypress\PSoC Creator\4.4\PSoC Creator\1\CapSense_CSD_P4_Design01.cydsn\Generated_Source\PSoC4\CyFlash.c ****     * - The IMO frequency should be 48 MHz
 669:C:\Program Files (x86)\Cypress\PSoC Creator\4.4\PSoC Creator\1\CapSense_CSD_P4_Design01.cydsn\Generated_Source\PSoC4\CyFlash.c ****     * - The IMO should be source for the HFCLK
 670:C:\Program Files (x86)\Cypress\PSoC Creator\4.4\PSoC Creator\1\CapSense_CSD_P4_Design01.cydsn\Generated_Source\PSoC4\CyFlash.c ****     * - The IMO should be the source for the charge pump clock
 671:C:\Program Files (x86)\Cypress\PSoC Creator\4.4\PSoC Creator\1\CapSense_CSD_P4_Design01.cydsn\Generated_Source\PSoC4\CyFlash.c ****     *
 672:C:\Program Files (x86)\Cypress\PSoC Creator\4.4\PSoC Creator\1\CapSense_CSD_P4_Design01.cydsn\Generated_Source\PSoC4\CyFlash.c ****     * Note The structure members used below are initialized by
ARM GAS  C:\Users\taips\AppData\Local\Temp\ccHT8htL.s 			page 26


 673:C:\Program Files (x86)\Cypress\PSoC Creator\4.4\PSoC Creator\1\CapSense_CSD_P4_Design01.cydsn\Generated_Source\PSoC4\CyFlash.c ****     * the CySysFlashClockBackup() function.
 674:C:\Program Files (x86)\Cypress\PSoC Creator\4.4\PSoC Creator\1\CapSense_CSD_P4_Design01.cydsn\Generated_Source\PSoC4\CyFlash.c ****     ***************************************************************************/
 675:C:\Program Files (x86)\Cypress\PSoC Creator\4.4\PSoC Creator\1\CapSense_CSD_P4_Design01.cydsn\Generated_Source\PSoC4\CyFlash.c ****     if ((cySysFlashBackup.clkImoFreq != 48u) ||
 676:C:\Program Files (x86)\Cypress\PSoC Creator\4.4\PSoC Creator\1\CapSense_CSD_P4_Design01.cydsn\Generated_Source\PSoC4\CyFlash.c ****         ((cySysFlashBackup.clkSelectReg & CY_SYS_CLK_SELECT_DIRECT_SEL_MASK) != CY_SYS_CLK_HFCLK_IM
 677:C:\Program Files (x86)\Cypress\PSoC Creator\4.4\PSoC Creator\1\CapSense_CSD_P4_Design01.cydsn\Generated_Source\PSoC4\CyFlash.c ****         (((cySysFlashBackup.clkSelectReg >> CY_SYS_CLK_SELECT_PUMP_SEL_SHIFT) & CY_SYS_CLK_SELECT_P
 678:C:\Program Files (x86)\Cypress\PSoC Creator\4.4\PSoC Creator\1\CapSense_CSD_P4_Design01.cydsn\Generated_Source\PSoC4\CyFlash.c ****             CY_SYS_CLK_SELECT_PUMP_SEL_IMO))
 679:C:\Program Files (x86)\Cypress\PSoC Creator\4.4\PSoC Creator\1\CapSense_CSD_P4_Design01.cydsn\Generated_Source\PSoC4\CyFlash.c ****     {
 680:C:\Program Files (x86)\Cypress\PSoC Creator\4.4\PSoC Creator\1\CapSense_CSD_P4_Design01.cydsn\Generated_Source\PSoC4\CyFlash.c ****         /***********************************************************************
 681:C:\Program Files (x86)\Cypress\PSoC Creator\4.4\PSoC Creator\1\CapSense_CSD_P4_Design01.cydsn\Generated_Source\PSoC4\CyFlash.c ****          Set HFCLK divider to divide-by-4 to ensure that System clock frequency
 682:C:\Program Files (x86)\Cypress\PSoC Creator\4.4\PSoC Creator\1\CapSense_CSD_P4_Design01.cydsn\Generated_Source\PSoC4\CyFlash.c ****         * is within the valid limit (16 MHz for the PSoC4 4000).
 683:C:\Program Files (x86)\Cypress\PSoC Creator\4.4\PSoC Creator\1\CapSense_CSD_P4_Design01.cydsn\Generated_Source\PSoC4\CyFlash.c ****         ***********************************************************************/
 684:C:\Program Files (x86)\Cypress\PSoC Creator\4.4\PSoC Creator\1\CapSense_CSD_P4_Design01.cydsn\Generated_Source\PSoC4\CyFlash.c ****         CySysClkWriteHfclkDiv(CY_SYS_CLK_HFCLK_DIV_4);
 685:C:\Program Files (x86)\Cypress\PSoC Creator\4.4\PSoC Creator\1\CapSense_CSD_P4_Design01.cydsn\Generated_Source\PSoC4\CyFlash.c **** 
 686:C:\Program Files (x86)\Cypress\PSoC Creator\4.4\PSoC Creator\1\CapSense_CSD_P4_Design01.cydsn\Generated_Source\PSoC4\CyFlash.c ****         /* The IMO frequency should be 48 MHz */
 687:C:\Program Files (x86)\Cypress\PSoC Creator\4.4\PSoC Creator\1\CapSense_CSD_P4_Design01.cydsn\Generated_Source\PSoC4\CyFlash.c ****         if (cySysFlashBackup.clkImoFreq != 48u)
 688:C:\Program Files (x86)\Cypress\PSoC Creator\4.4\PSoC Creator\1\CapSense_CSD_P4_Design01.cydsn\Generated_Source\PSoC4\CyFlash.c ****         {
 689:C:\Program Files (x86)\Cypress\PSoC Creator\4.4\PSoC Creator\1\CapSense_CSD_P4_Design01.cydsn\Generated_Source\PSoC4\CyFlash.c ****             CySysClkWriteImoFreq(48u);
 690:C:\Program Files (x86)\Cypress\PSoC Creator\4.4\PSoC Creator\1\CapSense_CSD_P4_Design01.cydsn\Generated_Source\PSoC4\CyFlash.c ****         }
 691:C:\Program Files (x86)\Cypress\PSoC Creator\4.4\PSoC Creator\1\CapSense_CSD_P4_Design01.cydsn\Generated_Source\PSoC4\CyFlash.c ****         CySysClkImoStart();
 692:C:\Program Files (x86)\Cypress\PSoC Creator\4.4\PSoC Creator\1\CapSense_CSD_P4_Design01.cydsn\Generated_Source\PSoC4\CyFlash.c **** 
 693:C:\Program Files (x86)\Cypress\PSoC Creator\4.4\PSoC Creator\1\CapSense_CSD_P4_Design01.cydsn\Generated_Source\PSoC4\CyFlash.c ****         /* The IMO should be source for the HFCLK */
 694:C:\Program Files (x86)\Cypress\PSoC Creator\4.4\PSoC Creator\1\CapSense_CSD_P4_Design01.cydsn\Generated_Source\PSoC4\CyFlash.c ****         CySysClkWriteHfclkDirect(CY_SYS_CLK_HFCLK_IMO);
 695:C:\Program Files (x86)\Cypress\PSoC Creator\4.4\PSoC Creator\1\CapSense_CSD_P4_Design01.cydsn\Generated_Source\PSoC4\CyFlash.c **** 
 696:C:\Program Files (x86)\Cypress\PSoC Creator\4.4\PSoC Creator\1\CapSense_CSD_P4_Design01.cydsn\Generated_Source\PSoC4\CyFlash.c ****         /* The IMO should be the source for the charge pump clock */
 697:C:\Program Files (x86)\Cypress\PSoC Creator\4.4\PSoC Creator\1\CapSense_CSD_P4_Design01.cydsn\Generated_Source\PSoC4\CyFlash.c ****         CY_SYS_CLK_SELECT_REG =  (CY_SYS_CLK_SELECT_REG &
 698:C:\Program Files (x86)\Cypress\PSoC Creator\4.4\PSoC Creator\1\CapSense_CSD_P4_Design01.cydsn\Generated_Source\PSoC4\CyFlash.c ****             ((uint32)~(uint32)(CY_SYS_CLK_SELECT_PUMP_SEL_MASK << CY_SYS_CLK_SELECT_PUMP_SEL_SHIFT)
 699:C:\Program Files (x86)\Cypress\PSoC Creator\4.4\PSoC Creator\1\CapSense_CSD_P4_Design01.cydsn\Generated_Source\PSoC4\CyFlash.c ****             ((uint32)((uint32)1u << CY_SYS_CLK_SELECT_PUMP_SEL_SHIFT));
 700:C:\Program Files (x86)\Cypress\PSoC Creator\4.4\PSoC Creator\1\CapSense_CSD_P4_Design01.cydsn\Generated_Source\PSoC4\CyFlash.c ****     }
 701:C:\Program Files (x86)\Cypress\PSoC Creator\4.4\PSoC Creator\1\CapSense_CSD_P4_Design01.cydsn\Generated_Source\PSoC4\CyFlash.c **** 
 702:C:\Program Files (x86)\Cypress\PSoC Creator\4.4\PSoC Creator\1\CapSense_CSD_P4_Design01.cydsn\Generated_Source\PSoC4\CyFlash.c **** #else
 703:C:\Program Files (x86)\Cypress\PSoC Creator\4.4\PSoC Creator\1\CapSense_CSD_P4_Design01.cydsn\Generated_Source\PSoC4\CyFlash.c **** 
 704:C:\Program Files (x86)\Cypress\PSoC Creator\4.4\PSoC Creator\1\CapSense_CSD_P4_Design01.cydsn\Generated_Source\PSoC4\CyFlash.c ****     /* FM-Lite Clock Configuration */
 705:C:\Program Files (x86)\Cypress\PSoC Creator\4.4\PSoC Creator\1\CapSense_CSD_P4_Design01.cydsn\Generated_Source\PSoC4\CyFlash.c ****     CY_FLASH_CPUSS_SYSARG_REG =
 706:C:\Program Files (x86)\Cypress\PSoC Creator\4.4\PSoC Creator\1\CapSense_CSD_P4_Design01.cydsn\Generated_Source\PSoC4\CyFlash.c ****         (uint32) ((CY_FLASH_KEY_TWO(CY_FLASH_API_OPCODE_CLK_CONFIG) <<  CY_FLASH_PARAM_KEY_TWO_OFFS
 707:C:\Program Files (x86)\Cypress\PSoC Creator\4.4\PSoC Creator\1\CapSense_CSD_P4_Design01.cydsn\Generated_Source\PSoC4\CyFlash.c ****                     CY_FLASH_KEY_ONE);
 708:C:\Program Files (x86)\Cypress\PSoC Creator\4.4\PSoC Creator\1\CapSense_CSD_P4_Design01.cydsn\Generated_Source\PSoC4\CyFlash.c ****     CY_FLASH_CPUSS_SYSREQ_REG = CY_FLASH_CPUSS_REQ_START | CY_FLASH_API_OPCODE_CLK_CONFIG;
 709:C:\Program Files (x86)\Cypress\PSoC Creator\4.4\PSoC Creator\1\CapSense_CSD_P4_Design01.cydsn\Generated_Source\PSoC4\CyFlash.c ****     CY_NOP;
 710:C:\Program Files (x86)\Cypress\PSoC Creator\4.4\PSoC Creator\1\CapSense_CSD_P4_Design01.cydsn\Generated_Source\PSoC4\CyFlash.c ****     retValue = CY_FLASH_API_RETURN;
 711:C:\Program Files (x86)\Cypress\PSoC Creator\4.4\PSoC Creator\1\CapSense_CSD_P4_Design01.cydsn\Generated_Source\PSoC4\CyFlash.c **** 
 712:C:\Program Files (x86)\Cypress\PSoC Creator\4.4\PSoC Creator\1\CapSense_CSD_P4_Design01.cydsn\Generated_Source\PSoC4\CyFlash.c **** #endif  /* (CY_PSOC4_4000) */
 713:C:\Program Files (x86)\Cypress\PSoC Creator\4.4\PSoC Creator\1\CapSense_CSD_P4_Design01.cydsn\Generated_Source\PSoC4\CyFlash.c **** 
 714:C:\Program Files (x86)\Cypress\PSoC Creator\4.4\PSoC Creator\1\CapSense_CSD_P4_Design01.cydsn\Generated_Source\PSoC4\CyFlash.c ****     return (retValue);
 715:C:\Program Files (x86)\Cypress\PSoC Creator\4.4\PSoC Creator\1\CapSense_CSD_P4_Design01.cydsn\Generated_Source\PSoC4\CyFlash.c **** }
 716:C:\Program Files (x86)\Cypress\PSoC Creator\4.4\PSoC Creator\1\CapSense_CSD_P4_Design01.cydsn\Generated_Source\PSoC4\CyFlash.c **** #endif  /* (CY_IP_SPCIF_SYNCHRONOUS) */
 717:C:\Program Files (x86)\Cypress\PSoC Creator\4.4\PSoC Creator\1\CapSense_CSD_P4_Design01.cydsn\Generated_Source\PSoC4\CyFlash.c **** 
 718:C:\Program Files (x86)\Cypress\PSoC Creator\4.4\PSoC Creator\1\CapSense_CSD_P4_Design01.cydsn\Generated_Source\PSoC4\CyFlash.c **** 
 719:C:\Program Files (x86)\Cypress\PSoC Creator\4.4\PSoC Creator\1\CapSense_CSD_P4_Design01.cydsn\Generated_Source\PSoC4\CyFlash.c **** /*******************************************************************************
 720:C:\Program Files (x86)\Cypress\PSoC Creator\4.4\PSoC Creator\1\CapSense_CSD_P4_Design01.cydsn\Generated_Source\PSoC4\CyFlash.c **** * Function Name: CySysFlashClockRestore
 721:C:\Program Files (x86)\Cypress\PSoC Creator\4.4\PSoC Creator\1\CapSense_CSD_P4_Design01.cydsn\Generated_Source\PSoC4\CyFlash.c **** ****************************************************************************//**
 722:C:\Program Files (x86)\Cypress\PSoC Creator\4.4\PSoC Creator\1\CapSense_CSD_P4_Design01.cydsn\Generated_Source\PSoC4\CyFlash.c **** *
 723:C:\Program Files (x86)\Cypress\PSoC Creator\4.4\PSoC Creator\1\CapSense_CSD_P4_Design01.cydsn\Generated_Source\PSoC4\CyFlash.c **** * Restores the device clock configuration.
 724:C:\Program Files (x86)\Cypress\PSoC Creator\4.4\PSoC Creator\1\CapSense_CSD_P4_Design01.cydsn\Generated_Source\PSoC4\CyFlash.c **** *
 725:C:\Program Files (x86)\Cypress\PSoC Creator\4.4\PSoC Creator\1\CapSense_CSD_P4_Design01.cydsn\Generated_Source\PSoC4\CyFlash.c **** * \return The same as \ref CySysFlashWriteRow().
 726:C:\Program Files (x86)\Cypress\PSoC Creator\4.4\PSoC Creator\1\CapSense_CSD_P4_Design01.cydsn\Generated_Source\PSoC4\CyFlash.c **** *
 727:C:\Program Files (x86)\Cypress\PSoC Creator\4.4\PSoC Creator\1\CapSense_CSD_P4_Design01.cydsn\Generated_Source\PSoC4\CyFlash.c **** *******************************************************************************/
 728:C:\Program Files (x86)\Cypress\PSoC Creator\4.4\PSoC Creator\1\CapSense_CSD_P4_Design01.cydsn\Generated_Source\PSoC4\CyFlash.c **** static cystatus CySysFlashClockRestore(void)
 729:C:\Program Files (x86)\Cypress\PSoC Creator\4.4\PSoC Creator\1\CapSense_CSD_P4_Design01.cydsn\Generated_Source\PSoC4\CyFlash.c **** {
ARM GAS  C:\Users\taips\AppData\Local\Temp\ccHT8htL.s 			page 27


 751              		.loc 1 729 0
 752              		.cfi_startproc
 753              		@ args = 0, pretend = 0, frame = 8
 754              		@ frame_needed = 1, uses_anonymous_args = 0
 755 0000 80B5     		push	{r7, lr}
 756              		.cfi_def_cfa_offset 8
 757              		.cfi_offset 7, -8
 758              		.cfi_offset 14, -4
 759 0002 82B0     		sub	sp, sp, #8
 760              		.cfi_def_cfa_offset 16
 761 0004 00AF     		add	r7, sp, #0
 762              		.cfi_def_cfa_register 7
 730:C:\Program Files (x86)\Cypress\PSoC Creator\4.4\PSoC Creator\1\CapSense_CSD_P4_Design01.cydsn\Generated_Source\PSoC4\CyFlash.c ****     cystatus retValue = CY_SYS_FLASH_SUCCESS;
 763              		.loc 1 730 0
 764 0006 0023     		movs	r3, #0
 765 0008 7B60     		str	r3, [r7, #4]
 731:C:\Program Files (x86)\Cypress\PSoC Creator\4.4\PSoC Creator\1\CapSense_CSD_P4_Design01.cydsn\Generated_Source\PSoC4\CyFlash.c **** #if(!CY_IP_FM)
 732:C:\Program Files (x86)\Cypress\PSoC Creator\4.4\PSoC Creator\1\CapSense_CSD_P4_Design01.cydsn\Generated_Source\PSoC4\CyFlash.c ****     #if !(CY_PSOC4_4000)
 733:C:\Program Files (x86)\Cypress\PSoC Creator\4.4\PSoC Creator\1\CapSense_CSD_P4_Design01.cydsn\Generated_Source\PSoC4\CyFlash.c ****         #if (CY_IP_SPCIF_SYNCHRONOUS)
 734:C:\Program Files (x86)\Cypress\PSoC Creator\4.4\PSoC Creator\1\CapSense_CSD_P4_Design01.cydsn\Generated_Source\PSoC4\CyFlash.c ****             volatile uint32   parameters[2u];
 735:C:\Program Files (x86)\Cypress\PSoC Creator\4.4\PSoC Creator\1\CapSense_CSD_P4_Design01.cydsn\Generated_Source\PSoC4\CyFlash.c ****         #endif /* (CY_IP_SPCIF_SYNCHRONOUS) */
 736:C:\Program Files (x86)\Cypress\PSoC Creator\4.4\PSoC Creator\1\CapSense_CSD_P4_Design01.cydsn\Generated_Source\PSoC4\CyFlash.c ****     #endif  /* !(CY_PSOC4_4000) */
 737:C:\Program Files (x86)\Cypress\PSoC Creator\4.4\PSoC Creator\1\CapSense_CSD_P4_Design01.cydsn\Generated_Source\PSoC4\CyFlash.c **** #endif  /* (!CY_IP_FM) */
 738:C:\Program Files (x86)\Cypress\PSoC Creator\4.4\PSoC Creator\1\CapSense_CSD_P4_Design01.cydsn\Generated_Source\PSoC4\CyFlash.c **** 
 739:C:\Program Files (x86)\Cypress\PSoC Creator\4.4\PSoC Creator\1\CapSense_CSD_P4_Design01.cydsn\Generated_Source\PSoC4\CyFlash.c **** #if(CY_IP_FM)
 740:C:\Program Files (x86)\Cypress\PSoC Creator\4.4\PSoC Creator\1\CapSense_CSD_P4_Design01.cydsn\Generated_Source\PSoC4\CyFlash.c **** 
 741:C:\Program Files (x86)\Cypress\PSoC Creator\4.4\PSoC Creator\1\CapSense_CSD_P4_Design01.cydsn\Generated_Source\PSoC4\CyFlash.c ****     /***************************************************************
 742:C:\Program Files (x86)\Cypress\PSoC Creator\4.4\PSoC Creator\1\CapSense_CSD_P4_Design01.cydsn\Generated_Source\PSoC4\CyFlash.c ****     * Restore IMO configuration that could be changed during
 743:C:\Program Files (x86)\Cypress\PSoC Creator\4.4\PSoC Creator\1\CapSense_CSD_P4_Design01.cydsn\Generated_Source\PSoC4\CyFlash.c ****     * system call execution (Cypress ID #150448).
 744:C:\Program Files (x86)\Cypress\PSoC Creator\4.4\PSoC Creator\1\CapSense_CSD_P4_Design01.cydsn\Generated_Source\PSoC4\CyFlash.c ****     ***************************************************************/
 745:C:\Program Files (x86)\Cypress\PSoC Creator\4.4\PSoC Creator\1\CapSense_CSD_P4_Design01.cydsn\Generated_Source\PSoC4\CyFlash.c ****     CY_SYS_CLK_IMO_CONFIG_REG = cySysFlashBackup.imoConfigReg;
 766              		.loc 1 745 0
 767 000a 044A     		ldr	r2, .L44
 768 000c 044B     		ldr	r3, .L44+4
 769 000e 1B68     		ldr	r3, [r3]
 770 0010 1360     		str	r3, [r2]
 746:C:\Program Files (x86)\Cypress\PSoC Creator\4.4\PSoC Creator\1\CapSense_CSD_P4_Design01.cydsn\Generated_Source\PSoC4\CyFlash.c **** 
 747:C:\Program Files (x86)\Cypress\PSoC Creator\4.4\PSoC Creator\1\CapSense_CSD_P4_Design01.cydsn\Generated_Source\PSoC4\CyFlash.c **** #else
 748:C:\Program Files (x86)\Cypress\PSoC Creator\4.4\PSoC Creator\1\CapSense_CSD_P4_Design01.cydsn\Generated_Source\PSoC4\CyFlash.c **** 
 749:C:\Program Files (x86)\Cypress\PSoC Creator\4.4\PSoC Creator\1\CapSense_CSD_P4_Design01.cydsn\Generated_Source\PSoC4\CyFlash.c ****     #if (CY_PSOC4_4000)
 750:C:\Program Files (x86)\Cypress\PSoC Creator\4.4\PSoC Creator\1\CapSense_CSD_P4_Design01.cydsn\Generated_Source\PSoC4\CyFlash.c **** 
 751:C:\Program Files (x86)\Cypress\PSoC Creator\4.4\PSoC Creator\1\CapSense_CSD_P4_Design01.cydsn\Generated_Source\PSoC4\CyFlash.c ****         /***************************************************************************
 752:C:\Program Files (x86)\Cypress\PSoC Creator\4.4\PSoC Creator\1\CapSense_CSD_P4_Design01.cydsn\Generated_Source\PSoC4\CyFlash.c ****         * Perform firmware clock settings restore for the PSOC4 4000 devices (the
 753:C:\Program Files (x86)\Cypress\PSoC Creator\4.4\PSoC Creator\1\CapSense_CSD_P4_Design01.cydsn\Generated_Source\PSoC4\CyFlash.c ****         * corresponding system call is not available).
 754:C:\Program Files (x86)\Cypress\PSoC Creator\4.4\PSoC Creator\1\CapSense_CSD_P4_Design01.cydsn\Generated_Source\PSoC4\CyFlash.c ****         ***************************************************************************/
 755:C:\Program Files (x86)\Cypress\PSoC Creator\4.4\PSoC Creator\1\CapSense_CSD_P4_Design01.cydsn\Generated_Source\PSoC4\CyFlash.c **** 
 756:C:\Program Files (x86)\Cypress\PSoC Creator\4.4\PSoC Creator\1\CapSense_CSD_P4_Design01.cydsn\Generated_Source\PSoC4\CyFlash.c ****         /* Restore clock settings */
 757:C:\Program Files (x86)\Cypress\PSoC Creator\4.4\PSoC Creator\1\CapSense_CSD_P4_Design01.cydsn\Generated_Source\PSoC4\CyFlash.c ****         if ((cySysFlashBackup.clkImoFreq != 48u) ||
 758:C:\Program Files (x86)\Cypress\PSoC Creator\4.4\PSoC Creator\1\CapSense_CSD_P4_Design01.cydsn\Generated_Source\PSoC4\CyFlash.c ****             ((cySysFlashBackup.clkSelectReg & CY_SYS_CLK_SELECT_DIRECT_SEL_MASK) != CY_SYS_CLK_HFCL
 759:C:\Program Files (x86)\Cypress\PSoC Creator\4.4\PSoC Creator\1\CapSense_CSD_P4_Design01.cydsn\Generated_Source\PSoC4\CyFlash.c ****             (((cySysFlashBackup.clkSelectReg >> CY_SYS_CLK_SELECT_PUMP_SEL_SHIFT) & CY_SYS_CLK_SELE
 760:C:\Program Files (x86)\Cypress\PSoC Creator\4.4\PSoC Creator\1\CapSense_CSD_P4_Design01.cydsn\Generated_Source\PSoC4\CyFlash.c ****                 CY_SYS_CLK_SELECT_PUMP_SEL_IMO))
 761:C:\Program Files (x86)\Cypress\PSoC Creator\4.4\PSoC Creator\1\CapSense_CSD_P4_Design01.cydsn\Generated_Source\PSoC4\CyFlash.c ****         {
 762:C:\Program Files (x86)\Cypress\PSoC Creator\4.4\PSoC Creator\1\CapSense_CSD_P4_Design01.cydsn\Generated_Source\PSoC4\CyFlash.c ****             /* Restore IMO frequency if needed */
 763:C:\Program Files (x86)\Cypress\PSoC Creator\4.4\PSoC Creator\1\CapSense_CSD_P4_Design01.cydsn\Generated_Source\PSoC4\CyFlash.c ****             if (cySysFlashBackup.clkImoFreq != 48u)
 764:C:\Program Files (x86)\Cypress\PSoC Creator\4.4\PSoC Creator\1\CapSense_CSD_P4_Design01.cydsn\Generated_Source\PSoC4\CyFlash.c ****             {
 765:C:\Program Files (x86)\Cypress\PSoC Creator\4.4\PSoC Creator\1\CapSense_CSD_P4_Design01.cydsn\Generated_Source\PSoC4\CyFlash.c ****                 CySysClkWriteImoFreq(cySysFlashBackup.clkImoFreq);
 766:C:\Program Files (x86)\Cypress\PSoC Creator\4.4\PSoC Creator\1\CapSense_CSD_P4_Design01.cydsn\Generated_Source\PSoC4\CyFlash.c ****             }
ARM GAS  C:\Users\taips\AppData\Local\Temp\ccHT8htL.s 			page 28


 767:C:\Program Files (x86)\Cypress\PSoC Creator\4.4\PSoC Creator\1\CapSense_CSD_P4_Design01.cydsn\Generated_Source\PSoC4\CyFlash.c **** 
 768:C:\Program Files (x86)\Cypress\PSoC Creator\4.4\PSoC Creator\1\CapSense_CSD_P4_Design01.cydsn\Generated_Source\PSoC4\CyFlash.c ****             /* Restore HFCLK clock source */
 769:C:\Program Files (x86)\Cypress\PSoC Creator\4.4\PSoC Creator\1\CapSense_CSD_P4_Design01.cydsn\Generated_Source\PSoC4\CyFlash.c ****             CySysClkWriteHfclkDirect(cySysFlashBackup.clkSelectReg & CY_SYS_CLK_SELECT_DIRECT_SEL_M
 770:C:\Program Files (x86)\Cypress\PSoC Creator\4.4\PSoC Creator\1\CapSense_CSD_P4_Design01.cydsn\Generated_Source\PSoC4\CyFlash.c **** 
 771:C:\Program Files (x86)\Cypress\PSoC Creator\4.4\PSoC Creator\1\CapSense_CSD_P4_Design01.cydsn\Generated_Source\PSoC4\CyFlash.c ****             /* Restore HFCLK divider and source for pump  */
 772:C:\Program Files (x86)\Cypress\PSoC Creator\4.4\PSoC Creator\1\CapSense_CSD_P4_Design01.cydsn\Generated_Source\PSoC4\CyFlash.c ****             CY_SYS_CLK_SELECT_REG = cySysFlashBackup.clkSelectReg;
 773:C:\Program Files (x86)\Cypress\PSoC Creator\4.4\PSoC Creator\1\CapSense_CSD_P4_Design01.cydsn\Generated_Source\PSoC4\CyFlash.c **** 
 774:C:\Program Files (x86)\Cypress\PSoC Creator\4.4\PSoC Creator\1\CapSense_CSD_P4_Design01.cydsn\Generated_Source\PSoC4\CyFlash.c ****             /* Stop IMO if needed */
 775:C:\Program Files (x86)\Cypress\PSoC Creator\4.4\PSoC Creator\1\CapSense_CSD_P4_Design01.cydsn\Generated_Source\PSoC4\CyFlash.c ****             if (0u == cySysFlashBackup.clkImoEna)
 776:C:\Program Files (x86)\Cypress\PSoC Creator\4.4\PSoC Creator\1\CapSense_CSD_P4_Design01.cydsn\Generated_Source\PSoC4\CyFlash.c ****             {
 777:C:\Program Files (x86)\Cypress\PSoC Creator\4.4\PSoC Creator\1\CapSense_CSD_P4_Design01.cydsn\Generated_Source\PSoC4\CyFlash.c ****                 CySysClkImoStop();
 778:C:\Program Files (x86)\Cypress\PSoC Creator\4.4\PSoC Creator\1\CapSense_CSD_P4_Design01.cydsn\Generated_Source\PSoC4\CyFlash.c ****             }
 779:C:\Program Files (x86)\Cypress\PSoC Creator\4.4\PSoC Creator\1\CapSense_CSD_P4_Design01.cydsn\Generated_Source\PSoC4\CyFlash.c ****         }
 780:C:\Program Files (x86)\Cypress\PSoC Creator\4.4\PSoC Creator\1\CapSense_CSD_P4_Design01.cydsn\Generated_Source\PSoC4\CyFlash.c **** 
 781:C:\Program Files (x86)\Cypress\PSoC Creator\4.4\PSoC Creator\1\CapSense_CSD_P4_Design01.cydsn\Generated_Source\PSoC4\CyFlash.c ****     #else
 782:C:\Program Files (x86)\Cypress\PSoC Creator\4.4\PSoC Creator\1\CapSense_CSD_P4_Design01.cydsn\Generated_Source\PSoC4\CyFlash.c **** 
 783:C:\Program Files (x86)\Cypress\PSoC Creator\4.4\PSoC Creator\1\CapSense_CSD_P4_Design01.cydsn\Generated_Source\PSoC4\CyFlash.c ****         #if (CY_IP_SPCIF_SYNCHRONOUS)
 784:C:\Program Files (x86)\Cypress\PSoC Creator\4.4\PSoC Creator\1\CapSense_CSD_P4_Design01.cydsn\Generated_Source\PSoC4\CyFlash.c ****             /* FM-Lite Clock Restore */
 785:C:\Program Files (x86)\Cypress\PSoC Creator\4.4\PSoC Creator\1\CapSense_CSD_P4_Design01.cydsn\Generated_Source\PSoC4\CyFlash.c ****             parameters[0u] =
 786:C:\Program Files (x86)\Cypress\PSoC Creator\4.4\PSoC Creator\1\CapSense_CSD_P4_Design01.cydsn\Generated_Source\PSoC4\CyFlash.c ****                 (uint32) ((CY_FLASH_KEY_TWO(CY_FLASH_API_OPCODE_CLK_RESTORE) <<  CY_FLASH_PARAM_KEY
 787:C:\Program Files (x86)\Cypress\PSoC Creator\4.4\PSoC Creator\1\CapSense_CSD_P4_Design01.cydsn\Generated_Source\PSoC4\CyFlash.c ****                             CY_FLASH_KEY_ONE);
 788:C:\Program Files (x86)\Cypress\PSoC Creator\4.4\PSoC Creator\1\CapSense_CSD_P4_Design01.cydsn\Generated_Source\PSoC4\CyFlash.c ****             parameters[1u] = (uint32) &cySysFlashBackup.clockSettings[0u];
 789:C:\Program Files (x86)\Cypress\PSoC Creator\4.4\PSoC Creator\1\CapSense_CSD_P4_Design01.cydsn\Generated_Source\PSoC4\CyFlash.c ****             CY_FLASH_CPUSS_SYSARG_REG = (uint32) &parameters[0u];
 790:C:\Program Files (x86)\Cypress\PSoC Creator\4.4\PSoC Creator\1\CapSense_CSD_P4_Design01.cydsn\Generated_Source\PSoC4\CyFlash.c ****             CY_FLASH_CPUSS_SYSREQ_REG = CY_FLASH_CPUSS_REQ_START | CY_FLASH_API_OPCODE_CLK_RESTORE;
 791:C:\Program Files (x86)\Cypress\PSoC Creator\4.4\PSoC Creator\1\CapSense_CSD_P4_Design01.cydsn\Generated_Source\PSoC4\CyFlash.c ****             CY_NOP;
 792:C:\Program Files (x86)\Cypress\PSoC Creator\4.4\PSoC Creator\1\CapSense_CSD_P4_Design01.cydsn\Generated_Source\PSoC4\CyFlash.c ****             retValue = CY_FLASH_API_RETURN;
 793:C:\Program Files (x86)\Cypress\PSoC Creator\4.4\PSoC Creator\1\CapSense_CSD_P4_Design01.cydsn\Generated_Source\PSoC4\CyFlash.c ****         #endif /* (CY_IP_SPCIF_SYNCHRONOUS) */
 794:C:\Program Files (x86)\Cypress\PSoC Creator\4.4\PSoC Creator\1\CapSense_CSD_P4_Design01.cydsn\Generated_Source\PSoC4\CyFlash.c **** 
 795:C:\Program Files (x86)\Cypress\PSoC Creator\4.4\PSoC Creator\1\CapSense_CSD_P4_Design01.cydsn\Generated_Source\PSoC4\CyFlash.c ****     #endif  /* (CY_PSOC4_4000) */
 796:C:\Program Files (x86)\Cypress\PSoC Creator\4.4\PSoC Creator\1\CapSense_CSD_P4_Design01.cydsn\Generated_Source\PSoC4\CyFlash.c **** 
 797:C:\Program Files (x86)\Cypress\PSoC Creator\4.4\PSoC Creator\1\CapSense_CSD_P4_Design01.cydsn\Generated_Source\PSoC4\CyFlash.c **** #endif  /* (CY_IP_FM) */
 798:C:\Program Files (x86)\Cypress\PSoC Creator\4.4\PSoC Creator\1\CapSense_CSD_P4_Design01.cydsn\Generated_Source\PSoC4\CyFlash.c **** 
 799:C:\Program Files (x86)\Cypress\PSoC Creator\4.4\PSoC Creator\1\CapSense_CSD_P4_Design01.cydsn\Generated_Source\PSoC4\CyFlash.c ****     return (retValue);
 771              		.loc 1 799 0
 772 0012 7B68     		ldr	r3, [r7, #4]
 800:C:\Program Files (x86)\Cypress\PSoC Creator\4.4\PSoC Creator\1\CapSense_CSD_P4_Design01.cydsn\Generated_Source\PSoC4\CyFlash.c **** }
 773              		.loc 1 800 0
 774 0014 1800     		movs	r0, r3
 775 0016 BD46     		mov	sp, r7
 776 0018 02B0     		add	sp, sp, #8
 777              		@ sp needed
 778 001a 80BD     		pop	{r7, pc}
 779              	.L45:
 780              		.align	2
 781              	.L44:
 782 001c 08010B40 		.word	1074462984
 783 0020 00000000 		.word	cySysFlashBackup
 784              		.cfi_endproc
 785              	.LFE3:
 786              		.size	CySysFlashClockRestore, .-CySysFlashClockRestore
 787              		.text
 788              	.Letext0:
 789              		.file 2 "C:\\Program Files (x86)\\Cypress\\PSoC Creator\\4.4\\PSoC Creator\\1\\CapSense_CSD_P4_Des
 790              		.file 3 "C:\\Program Files (x86)\\Cypress\\PSoC Creator\\4.4\\PSoC Creator\\1\\CapSense_CSD_P4_Des
 791              		.section	.debug_info,"",%progbits
 792              	.Ldebug_info0:
 793 0000 81020000 		.4byte	0x281
ARM GAS  C:\Users\taips\AppData\Local\Temp\ccHT8htL.s 			page 29


 794 0004 0400     		.2byte	0x4
 795 0006 00000000 		.4byte	.Ldebug_abbrev0
 796 000a 04       		.byte	0x4
 797 000b 01       		.uleb128 0x1
 798 000c 31010000 		.4byte	.LASF35
 799 0010 0C       		.byte	0xc
 800 0011 6A000000 		.4byte	.LASF36
 801 0015 00000000 		.4byte	.Ldebug_ranges0+0
 802 0019 00000000 		.4byte	0
 803 001d 00000000 		.4byte	.Ldebug_line0
 804 0021 02       		.uleb128 0x2
 805 0022 01       		.byte	0x1
 806 0023 06       		.byte	0x6
 807 0024 D8020000 		.4byte	.LASF0
 808 0028 02       		.uleb128 0x2
 809 0029 01       		.byte	0x1
 810 002a 08       		.byte	0x8
 811 002b F8000000 		.4byte	.LASF1
 812 002f 02       		.uleb128 0x2
 813 0030 02       		.byte	0x2
 814 0031 05       		.byte	0x5
 815 0032 C6010000 		.4byte	.LASF2
 816 0036 02       		.uleb128 0x2
 817 0037 02       		.byte	0x2
 818 0038 07       		.byte	0x7
 819 0039 57000000 		.4byte	.LASF3
 820 003d 02       		.uleb128 0x2
 821 003e 04       		.byte	0x4
 822 003f 05       		.byte	0x5
 823 0040 C3020000 		.4byte	.LASF4
 824 0044 02       		.uleb128 0x2
 825 0045 04       		.byte	0x4
 826 0046 07       		.byte	0x7
 827 0047 19010000 		.4byte	.LASF5
 828 004b 02       		.uleb128 0x2
 829 004c 08       		.byte	0x8
 830 004d 05       		.byte	0x5
 831 004e 48020000 		.4byte	.LASF6
 832 0052 02       		.uleb128 0x2
 833 0053 08       		.byte	0x8
 834 0054 07       		.byte	0x7
 835 0055 02020000 		.4byte	.LASF7
 836 0059 03       		.uleb128 0x3
 837 005a 04       		.byte	0x4
 838 005b 05       		.byte	0x5
 839 005c 696E7400 		.ascii	"int\000"
 840 0060 02       		.uleb128 0x2
 841 0061 04       		.byte	0x4
 842 0062 07       		.byte	0x7
 843 0063 F5010000 		.4byte	.LASF8
 844 0067 04       		.uleb128 0x4
 845 0068 2B010000 		.4byte	.LASF9
 846 006c 02       		.byte	0x2
 847 006d D201     		.2byte	0x1d2
 848 006f 28000000 		.4byte	0x28
 849 0073 04       		.uleb128 0x4
 850 0074 E7010000 		.4byte	.LASF10
ARM GAS  C:\Users\taips\AppData\Local\Temp\ccHT8htL.s 			page 30


 851 0078 02       		.byte	0x2
 852 0079 D301     		.2byte	0x1d3
 853 007b 36000000 		.4byte	0x36
 854 007f 04       		.uleb128 0x4
 855 0080 EE010000 		.4byte	.LASF11
 856 0084 02       		.byte	0x2
 857 0085 D401     		.2byte	0x1d4
 858 0087 44000000 		.4byte	0x44
 859 008b 02       		.uleb128 0x2
 860 008c 04       		.byte	0x4
 861 008d 04       		.byte	0x4
 862 008e E9000000 		.4byte	.LASF12
 863 0092 02       		.uleb128 0x2
 864 0093 08       		.byte	0x8
 865 0094 04       		.byte	0x4
 866 0095 BF010000 		.4byte	.LASF13
 867 0099 02       		.uleb128 0x2
 868 009a 01       		.byte	0x1
 869 009b 08       		.byte	0x8
 870 009c 63020000 		.4byte	.LASF14
 871 00a0 04       		.uleb128 0x4
 872 00a1 00000000 		.4byte	.LASF15
 873 00a5 02       		.byte	0x2
 874 00a6 7402     		.2byte	0x274
 875 00a8 44000000 		.4byte	0x44
 876 00ac 04       		.uleb128 0x4
 877 00ad 09000000 		.4byte	.LASF16
 878 00b1 02       		.byte	0x2
 879 00b2 7E02     		.2byte	0x27e
 880 00b4 B8000000 		.4byte	0xb8
 881 00b8 05       		.uleb128 0x5
 882 00b9 7F000000 		.4byte	0x7f
 883 00bd 02       		.uleb128 0x2
 884 00be 08       		.byte	0x8
 885 00bf 04       		.byte	0x4
 886 00c0 CC020000 		.4byte	.LASF17
 887 00c4 02       		.uleb128 0x2
 888 00c5 04       		.byte	0x4
 889 00c6 07       		.byte	0x7
 890 00c7 3F020000 		.4byte	.LASF18
 891 00cb 06       		.uleb128 0x6
 892 00cc 2A000000 		.4byte	.LASF37
 893 00d0 04       		.byte	0x4
 894 00d1 03       		.byte	0x3
 895 00d2 D7       		.byte	0xd7
 896 00d3 E4000000 		.4byte	0xe4
 897 00d7 07       		.uleb128 0x7
 898 00d8 56020000 		.4byte	.LASF38
 899 00dc 03       		.byte	0x3
 900 00dd DA       		.byte	0xda
 901 00de 7F000000 		.4byte	0x7f
 902 00e2 00       		.byte	0
 903 00e3 00       		.byte	0
 904 00e4 08       		.uleb128 0x8
 905 00e5 A2020000 		.4byte	.LASF19
 906 00e9 03       		.byte	0x3
 907 00ea ED       		.byte	0xed
ARM GAS  C:\Users\taips\AppData\Local\Temp\ccHT8htL.s 			page 31


 908 00eb CB000000 		.4byte	0xcb
 909 00ef 09       		.uleb128 0x9
 910 00f0 E4020000 		.4byte	.LASF39
 911 00f4 01       		.byte	0x1
 912 00f5 51       		.byte	0x51
 913 00f6 7F000000 		.4byte	0x7f
 914 00fa 00000000 		.4byte	.LFB0
 915 00fe 8C030000 		.4byte	.LFE0-.LFB0
 916 0102 01       		.uleb128 0x1
 917 0103 9C       		.byte	0x9c
 918 0104 CA010000 		.4byte	0x1ca
 919 0108 0A       		.uleb128 0xa
 920 0109 23000000 		.4byte	.LASF20
 921 010d 01       		.byte	0x1
 922 010e 51       		.byte	0x51
 923 010f 7F000000 		.4byte	0x7f
 924 0113 03       		.uleb128 0x3
 925 0114 91       		.byte	0x91
 926 0115 BC7E     		.sleb128 -196
 927 0117 0A       		.uleb128 0xa
 928 0118 06010000 		.4byte	.LASF21
 929 011c 01       		.byte	0x1
 930 011d 51       		.byte	0x51
 931 011e CA010000 		.4byte	0x1ca
 932 0122 03       		.uleb128 0x3
 933 0123 91       		.byte	0x91
 934 0124 B87E     		.sleb128 -200
 935 0126 0B       		.uleb128 0xb
 936 0127 1A000000 		.4byte	.LASF22
 937 012b 01       		.byte	0x1
 938 012c 53       		.byte	0x53
 939 012d B8000000 		.4byte	0xb8
 940 0131 02       		.uleb128 0x2
 941 0132 91       		.byte	0x91
 942 0133 4C       		.sleb128 -52
 943 0134 0B       		.uleb128 0xb
 944 0135 72020000 		.4byte	.LASF23
 945 0139 01       		.byte	0x1
 946 013a 54       		.byte	0x54
 947 013b B8000000 		.4byte	0xb8
 948 013f 02       		.uleb128 0x2
 949 0140 91       		.byte	0x91
 950 0141 48       		.sleb128 -56
 951 0142 0B       		.uleb128 0xb
 952 0143 0E010000 		.4byte	.LASF24
 953 0147 01       		.byte	0x1
 954 0148 55       		.byte	0x55
 955 0149 E5010000 		.4byte	0x1e5
 956 014d 03       		.uleb128 0x3
 957 014e 91       		.byte	0x91
 958 014f C07E     		.sleb128 -192
 959 0151 0B       		.uleb128 0xb
 960 0152 30020000 		.4byte	.LASF25
 961 0156 01       		.byte	0x1
 962 0157 56       		.byte	0x56
 963 0158 67000000 		.4byte	0x67
 964 015c 02       		.uleb128 0x2
ARM GAS  C:\Users\taips\AppData\Local\Temp\ccHT8htL.s 			page 32


 965 015d 91       		.byte	0x91
 966 015e 53       		.sleb128 -45
 967 015f 0B       		.uleb128 0xb
 968 0160 19020000 		.4byte	.LASF26
 969 0164 01       		.byte	0x1
 970 0165 59       		.byte	0x59
 971 0166 7F000000 		.4byte	0x7f
 972 016a 02       		.uleb128 0x2
 973 016b 91       		.byte	0x91
 974 016c 58       		.sleb128 -40
 975 016d 0B       		.uleb128 0xb
 976 016e 0F000000 		.4byte	.LASF27
 977 0172 01       		.byte	0x1
 978 0173 5A       		.byte	0x5a
 979 0174 7F000000 		.4byte	0x7f
 980 0178 02       		.uleb128 0x2
 981 0179 91       		.byte	0x91
 982 017a 6C       		.sleb128 -20
 983 017b 0B       		.uleb128 0xb
 984 017c 81020000 		.4byte	.LASF28
 985 0180 01       		.byte	0x1
 986 0181 5B       		.byte	0x5b
 987 0182 7F000000 		.4byte	0x7f
 988 0186 02       		.uleb128 0x2
 989 0187 91       		.byte	0x91
 990 0188 68       		.sleb128 -24
 991 0189 0B       		.uleb128 0xb
 992 018a EF000000 		.4byte	.LASF29
 993 018e 01       		.byte	0x1
 994 018f 5C       		.byte	0x5c
 995 0190 7F000000 		.4byte	0x7f
 996 0194 02       		.uleb128 0x2
 997 0195 91       		.byte	0x91
 998 0196 64       		.sleb128 -28
 999 0197 0B       		.uleb128 0xb
 1000 0198 68020000 		.4byte	.LASF30
 1001 019c 01       		.byte	0x1
 1002 019d 5D       		.byte	0x5d
 1003 019e 7F000000 		.4byte	0x7f
 1004 01a2 02       		.uleb128 0x2
 1005 01a3 91       		.byte	0x91
 1006 01a4 60       		.sleb128 -32
 1007 01a5 0C       		.uleb128 0xc
 1008 01a6 6900     		.ascii	"i\000"
 1009 01a8 01       		.byte	0x1
 1010 01a9 5E       		.byte	0x5e
 1011 01aa 7F000000 		.4byte	0x7f
 1012 01ae 02       		.uleb128 0x2
 1013 01af 91       		.byte	0x91
 1014 01b0 5C       		.sleb128 -36
 1015 01b1 0D       		.uleb128 0xd
 1016 01b2 6C000000 		.4byte	.LBB2
 1017 01b6 52000000 		.4byte	.LBE2-.LBB2
 1018 01ba 0C       		.uleb128 0xc
 1019 01bb 746D7000 		.ascii	"tmp\000"
 1020 01bf 01       		.byte	0x1
 1021 01c0 6A       		.byte	0x6a
ARM GAS  C:\Users\taips\AppData\Local\Temp\ccHT8htL.s 			page 33


 1022 01c1 7F000000 		.4byte	0x7f
 1023 01c5 02       		.uleb128 0x2
 1024 01c6 91       		.byte	0x91
 1025 01c7 54       		.sleb128 -44
 1026 01c8 00       		.byte	0
 1027 01c9 00       		.byte	0
 1028 01ca 0E       		.uleb128 0xe
 1029 01cb 04       		.byte	0x4
 1030 01cc D0010000 		.4byte	0x1d0
 1031 01d0 0F       		.uleb128 0xf
 1032 01d1 67000000 		.4byte	0x67
 1033 01d5 10       		.uleb128 0x10
 1034 01d6 B8000000 		.4byte	0xb8
 1035 01da E5010000 		.4byte	0x1e5
 1036 01de 11       		.uleb128 0x11
 1037 01df C4000000 		.4byte	0xc4
 1038 01e3 21       		.byte	0x21
 1039 01e4 00       		.byte	0
 1040 01e5 05       		.uleb128 0x5
 1041 01e6 D5010000 		.4byte	0x1d5
 1042 01ea 12       		.uleb128 0x12
 1043 01eb F7020000 		.4byte	.LASF40
 1044 01ef 01       		.byte	0x1
 1045 01f0 A601     		.2byte	0x1a6
 1046 01f2 00000000 		.4byte	.LFB1
 1047 01f6 54000000 		.4byte	.LFE1-.LFB1
 1048 01fa 01       		.uleb128 0x1
 1049 01fb 9C       		.byte	0x9c
 1050 01fc 1F020000 		.4byte	0x21f
 1051 0200 13       		.uleb128 0x13
 1052 0201 6D020000 		.4byte	.LASF31
 1053 0205 01       		.byte	0x1
 1054 0206 A601     		.2byte	0x1a6
 1055 0208 7F000000 		.4byte	0x7f
 1056 020c 02       		.uleb128 0x2
 1057 020d 91       		.byte	0x91
 1058 020e 64       		.sleb128 -28
 1059 020f 14       		.uleb128 0x14
 1060 0210 30020000 		.4byte	.LASF25
 1061 0214 01       		.byte	0x1
 1062 0215 A801     		.2byte	0x1a8
 1063 0217 67000000 		.4byte	0x67
 1064 021b 02       		.uleb128 0x2
 1065 021c 91       		.byte	0x91
 1066 021d 6F       		.sleb128 -17
 1067 021e 00       		.byte	0
 1068 021f 15       		.uleb128 0x15
 1069 0220 8C020000 		.4byte	.LASF32
 1070 0224 01       		.byte	0x1
 1071 0225 3A02     		.2byte	0x23a
 1072 0227 A0000000 		.4byte	0xa0
 1073 022b 00000000 		.4byte	.LFB2
 1074 022f 24000000 		.4byte	.LFE2-.LFB2
 1075 0233 01       		.uleb128 0x1
 1076 0234 9C       		.byte	0x9c
 1077 0235 49020000 		.4byte	0x249
 1078 0239 14       		.uleb128 0x14
ARM GAS  C:\Users\taips\AppData\Local\Temp\ccHT8htL.s 			page 34


 1079 023a 1A000000 		.4byte	.LASF22
 1080 023e 01       		.byte	0x1
 1081 023f 3C02     		.2byte	0x23c
 1082 0241 A0000000 		.4byte	0xa0
 1083 0245 02       		.uleb128 0x2
 1084 0246 91       		.byte	0x91
 1085 0247 74       		.sleb128 -12
 1086 0248 00       		.byte	0
 1087 0249 15       		.uleb128 0x15
 1088 024a D0010000 		.4byte	.LASF33
 1089 024e 01       		.byte	0x1
 1090 024f D802     		.2byte	0x2d8
 1091 0251 A0000000 		.4byte	0xa0
 1092 0255 00000000 		.4byte	.LFB3
 1093 0259 24000000 		.4byte	.LFE3-.LFB3
 1094 025d 01       		.uleb128 0x1
 1095 025e 9C       		.byte	0x9c
 1096 025f 73020000 		.4byte	0x273
 1097 0263 14       		.uleb128 0x14
 1098 0264 1A000000 		.4byte	.LASF22
 1099 0268 01       		.byte	0x1
 1100 0269 DA02     		.2byte	0x2da
 1101 026b A0000000 		.4byte	0xa0
 1102 026f 02       		.uleb128 0x2
 1103 0270 91       		.byte	0x91
 1104 0271 74       		.sleb128 -12
 1105 0272 00       		.byte	0
 1106 0273 0B       		.uleb128 0xb
 1107 0274 46000000 		.4byte	.LASF34
 1108 0278 01       		.byte	0x1
 1109 0279 22       		.byte	0x22
 1110 027a E4000000 		.4byte	0xe4
 1111 027e 05       		.uleb128 0x5
 1112 027f 03       		.byte	0x3
 1113 0280 00000000 		.4byte	cySysFlashBackup
 1114 0284 00       		.byte	0
 1115              		.section	.debug_abbrev,"",%progbits
 1116              	.Ldebug_abbrev0:
 1117 0000 01       		.uleb128 0x1
 1118 0001 11       		.uleb128 0x11
 1119 0002 01       		.byte	0x1
 1120 0003 25       		.uleb128 0x25
 1121 0004 0E       		.uleb128 0xe
 1122 0005 13       		.uleb128 0x13
 1123 0006 0B       		.uleb128 0xb
 1124 0007 03       		.uleb128 0x3
 1125 0008 0E       		.uleb128 0xe
 1126 0009 55       		.uleb128 0x55
 1127 000a 17       		.uleb128 0x17
 1128 000b 11       		.uleb128 0x11
 1129 000c 01       		.uleb128 0x1
 1130 000d 10       		.uleb128 0x10
 1131 000e 17       		.uleb128 0x17
 1132 000f 00       		.byte	0
 1133 0010 00       		.byte	0
 1134 0011 02       		.uleb128 0x2
 1135 0012 24       		.uleb128 0x24
ARM GAS  C:\Users\taips\AppData\Local\Temp\ccHT8htL.s 			page 35


 1136 0013 00       		.byte	0
 1137 0014 0B       		.uleb128 0xb
 1138 0015 0B       		.uleb128 0xb
 1139 0016 3E       		.uleb128 0x3e
 1140 0017 0B       		.uleb128 0xb
 1141 0018 03       		.uleb128 0x3
 1142 0019 0E       		.uleb128 0xe
 1143 001a 00       		.byte	0
 1144 001b 00       		.byte	0
 1145 001c 03       		.uleb128 0x3
 1146 001d 24       		.uleb128 0x24
 1147 001e 00       		.byte	0
 1148 001f 0B       		.uleb128 0xb
 1149 0020 0B       		.uleb128 0xb
 1150 0021 3E       		.uleb128 0x3e
 1151 0022 0B       		.uleb128 0xb
 1152 0023 03       		.uleb128 0x3
 1153 0024 08       		.uleb128 0x8
 1154 0025 00       		.byte	0
 1155 0026 00       		.byte	0
 1156 0027 04       		.uleb128 0x4
 1157 0028 16       		.uleb128 0x16
 1158 0029 00       		.byte	0
 1159 002a 03       		.uleb128 0x3
 1160 002b 0E       		.uleb128 0xe
 1161 002c 3A       		.uleb128 0x3a
 1162 002d 0B       		.uleb128 0xb
 1163 002e 3B       		.uleb128 0x3b
 1164 002f 05       		.uleb128 0x5
 1165 0030 49       		.uleb128 0x49
 1166 0031 13       		.uleb128 0x13
 1167 0032 00       		.byte	0
 1168 0033 00       		.byte	0
 1169 0034 05       		.uleb128 0x5
 1170 0035 35       		.uleb128 0x35
 1171 0036 00       		.byte	0
 1172 0037 49       		.uleb128 0x49
 1173 0038 13       		.uleb128 0x13
 1174 0039 00       		.byte	0
 1175 003a 00       		.byte	0
 1176 003b 06       		.uleb128 0x6
 1177 003c 13       		.uleb128 0x13
 1178 003d 01       		.byte	0x1
 1179 003e 03       		.uleb128 0x3
 1180 003f 0E       		.uleb128 0xe
 1181 0040 0B       		.uleb128 0xb
 1182 0041 0B       		.uleb128 0xb
 1183 0042 3A       		.uleb128 0x3a
 1184 0043 0B       		.uleb128 0xb
 1185 0044 3B       		.uleb128 0x3b
 1186 0045 0B       		.uleb128 0xb
 1187 0046 01       		.uleb128 0x1
 1188 0047 13       		.uleb128 0x13
 1189 0048 00       		.byte	0
 1190 0049 00       		.byte	0
 1191 004a 07       		.uleb128 0x7
 1192 004b 0D       		.uleb128 0xd
ARM GAS  C:\Users\taips\AppData\Local\Temp\ccHT8htL.s 			page 36


 1193 004c 00       		.byte	0
 1194 004d 03       		.uleb128 0x3
 1195 004e 0E       		.uleb128 0xe
 1196 004f 3A       		.uleb128 0x3a
 1197 0050 0B       		.uleb128 0xb
 1198 0051 3B       		.uleb128 0x3b
 1199 0052 0B       		.uleb128 0xb
 1200 0053 49       		.uleb128 0x49
 1201 0054 13       		.uleb128 0x13
 1202 0055 38       		.uleb128 0x38
 1203 0056 0B       		.uleb128 0xb
 1204 0057 00       		.byte	0
 1205 0058 00       		.byte	0
 1206 0059 08       		.uleb128 0x8
 1207 005a 16       		.uleb128 0x16
 1208 005b 00       		.byte	0
 1209 005c 03       		.uleb128 0x3
 1210 005d 0E       		.uleb128 0xe
 1211 005e 3A       		.uleb128 0x3a
 1212 005f 0B       		.uleb128 0xb
 1213 0060 3B       		.uleb128 0x3b
 1214 0061 0B       		.uleb128 0xb
 1215 0062 49       		.uleb128 0x49
 1216 0063 13       		.uleb128 0x13
 1217 0064 00       		.byte	0
 1218 0065 00       		.byte	0
 1219 0066 09       		.uleb128 0x9
 1220 0067 2E       		.uleb128 0x2e
 1221 0068 01       		.byte	0x1
 1222 0069 3F       		.uleb128 0x3f
 1223 006a 19       		.uleb128 0x19
 1224 006b 03       		.uleb128 0x3
 1225 006c 0E       		.uleb128 0xe
 1226 006d 3A       		.uleb128 0x3a
 1227 006e 0B       		.uleb128 0xb
 1228 006f 3B       		.uleb128 0x3b
 1229 0070 0B       		.uleb128 0xb
 1230 0071 27       		.uleb128 0x27
 1231 0072 19       		.uleb128 0x19
 1232 0073 49       		.uleb128 0x49
 1233 0074 13       		.uleb128 0x13
 1234 0075 11       		.uleb128 0x11
 1235 0076 01       		.uleb128 0x1
 1236 0077 12       		.uleb128 0x12
 1237 0078 06       		.uleb128 0x6
 1238 0079 40       		.uleb128 0x40
 1239 007a 18       		.uleb128 0x18
 1240 007b 9642     		.uleb128 0x2116
 1241 007d 19       		.uleb128 0x19
 1242 007e 01       		.uleb128 0x1
 1243 007f 13       		.uleb128 0x13
 1244 0080 00       		.byte	0
 1245 0081 00       		.byte	0
 1246 0082 0A       		.uleb128 0xa
 1247 0083 05       		.uleb128 0x5
 1248 0084 00       		.byte	0
 1249 0085 03       		.uleb128 0x3
ARM GAS  C:\Users\taips\AppData\Local\Temp\ccHT8htL.s 			page 37


 1250 0086 0E       		.uleb128 0xe
 1251 0087 3A       		.uleb128 0x3a
 1252 0088 0B       		.uleb128 0xb
 1253 0089 3B       		.uleb128 0x3b
 1254 008a 0B       		.uleb128 0xb
 1255 008b 49       		.uleb128 0x49
 1256 008c 13       		.uleb128 0x13
 1257 008d 02       		.uleb128 0x2
 1258 008e 18       		.uleb128 0x18
 1259 008f 00       		.byte	0
 1260 0090 00       		.byte	0
 1261 0091 0B       		.uleb128 0xb
 1262 0092 34       		.uleb128 0x34
 1263 0093 00       		.byte	0
 1264 0094 03       		.uleb128 0x3
 1265 0095 0E       		.uleb128 0xe
 1266 0096 3A       		.uleb128 0x3a
 1267 0097 0B       		.uleb128 0xb
 1268 0098 3B       		.uleb128 0x3b
 1269 0099 0B       		.uleb128 0xb
 1270 009a 49       		.uleb128 0x49
 1271 009b 13       		.uleb128 0x13
 1272 009c 02       		.uleb128 0x2
 1273 009d 18       		.uleb128 0x18
 1274 009e 00       		.byte	0
 1275 009f 00       		.byte	0
 1276 00a0 0C       		.uleb128 0xc
 1277 00a1 34       		.uleb128 0x34
 1278 00a2 00       		.byte	0
 1279 00a3 03       		.uleb128 0x3
 1280 00a4 08       		.uleb128 0x8
 1281 00a5 3A       		.uleb128 0x3a
 1282 00a6 0B       		.uleb128 0xb
 1283 00a7 3B       		.uleb128 0x3b
 1284 00a8 0B       		.uleb128 0xb
 1285 00a9 49       		.uleb128 0x49
 1286 00aa 13       		.uleb128 0x13
 1287 00ab 02       		.uleb128 0x2
 1288 00ac 18       		.uleb128 0x18
 1289 00ad 00       		.byte	0
 1290 00ae 00       		.byte	0
 1291 00af 0D       		.uleb128 0xd
 1292 00b0 0B       		.uleb128 0xb
 1293 00b1 01       		.byte	0x1
 1294 00b2 11       		.uleb128 0x11
 1295 00b3 01       		.uleb128 0x1
 1296 00b4 12       		.uleb128 0x12
 1297 00b5 06       		.uleb128 0x6
 1298 00b6 00       		.byte	0
 1299 00b7 00       		.byte	0
 1300 00b8 0E       		.uleb128 0xe
 1301 00b9 0F       		.uleb128 0xf
 1302 00ba 00       		.byte	0
 1303 00bb 0B       		.uleb128 0xb
 1304 00bc 0B       		.uleb128 0xb
 1305 00bd 49       		.uleb128 0x49
 1306 00be 13       		.uleb128 0x13
ARM GAS  C:\Users\taips\AppData\Local\Temp\ccHT8htL.s 			page 38


 1307 00bf 00       		.byte	0
 1308 00c0 00       		.byte	0
 1309 00c1 0F       		.uleb128 0xf
 1310 00c2 26       		.uleb128 0x26
 1311 00c3 00       		.byte	0
 1312 00c4 49       		.uleb128 0x49
 1313 00c5 13       		.uleb128 0x13
 1314 00c6 00       		.byte	0
 1315 00c7 00       		.byte	0
 1316 00c8 10       		.uleb128 0x10
 1317 00c9 01       		.uleb128 0x1
 1318 00ca 01       		.byte	0x1
 1319 00cb 49       		.uleb128 0x49
 1320 00cc 13       		.uleb128 0x13
 1321 00cd 01       		.uleb128 0x1
 1322 00ce 13       		.uleb128 0x13
 1323 00cf 00       		.byte	0
 1324 00d0 00       		.byte	0
 1325 00d1 11       		.uleb128 0x11
 1326 00d2 21       		.uleb128 0x21
 1327 00d3 00       		.byte	0
 1328 00d4 49       		.uleb128 0x49
 1329 00d5 13       		.uleb128 0x13
 1330 00d6 2F       		.uleb128 0x2f
 1331 00d7 0B       		.uleb128 0xb
 1332 00d8 00       		.byte	0
 1333 00d9 00       		.byte	0
 1334 00da 12       		.uleb128 0x12
 1335 00db 2E       		.uleb128 0x2e
 1336 00dc 01       		.byte	0x1
 1337 00dd 3F       		.uleb128 0x3f
 1338 00de 19       		.uleb128 0x19
 1339 00df 03       		.uleb128 0x3
 1340 00e0 0E       		.uleb128 0xe
 1341 00e1 3A       		.uleb128 0x3a
 1342 00e2 0B       		.uleb128 0xb
 1343 00e3 3B       		.uleb128 0x3b
 1344 00e4 05       		.uleb128 0x5
 1345 00e5 27       		.uleb128 0x27
 1346 00e6 19       		.uleb128 0x19
 1347 00e7 11       		.uleb128 0x11
 1348 00e8 01       		.uleb128 0x1
 1349 00e9 12       		.uleb128 0x12
 1350 00ea 06       		.uleb128 0x6
 1351 00eb 40       		.uleb128 0x40
 1352 00ec 18       		.uleb128 0x18
 1353 00ed 9642     		.uleb128 0x2116
 1354 00ef 19       		.uleb128 0x19
 1355 00f0 01       		.uleb128 0x1
 1356 00f1 13       		.uleb128 0x13
 1357 00f2 00       		.byte	0
 1358 00f3 00       		.byte	0
 1359 00f4 13       		.uleb128 0x13
 1360 00f5 05       		.uleb128 0x5
 1361 00f6 00       		.byte	0
 1362 00f7 03       		.uleb128 0x3
 1363 00f8 0E       		.uleb128 0xe
ARM GAS  C:\Users\taips\AppData\Local\Temp\ccHT8htL.s 			page 39


 1364 00f9 3A       		.uleb128 0x3a
 1365 00fa 0B       		.uleb128 0xb
 1366 00fb 3B       		.uleb128 0x3b
 1367 00fc 05       		.uleb128 0x5
 1368 00fd 49       		.uleb128 0x49
 1369 00fe 13       		.uleb128 0x13
 1370 00ff 02       		.uleb128 0x2
 1371 0100 18       		.uleb128 0x18
 1372 0101 00       		.byte	0
 1373 0102 00       		.byte	0
 1374 0103 14       		.uleb128 0x14
 1375 0104 34       		.uleb128 0x34
 1376 0105 00       		.byte	0
 1377 0106 03       		.uleb128 0x3
 1378 0107 0E       		.uleb128 0xe
 1379 0108 3A       		.uleb128 0x3a
 1380 0109 0B       		.uleb128 0xb
 1381 010a 3B       		.uleb128 0x3b
 1382 010b 05       		.uleb128 0x5
 1383 010c 49       		.uleb128 0x49
 1384 010d 13       		.uleb128 0x13
 1385 010e 02       		.uleb128 0x2
 1386 010f 18       		.uleb128 0x18
 1387 0110 00       		.byte	0
 1388 0111 00       		.byte	0
 1389 0112 15       		.uleb128 0x15
 1390 0113 2E       		.uleb128 0x2e
 1391 0114 01       		.byte	0x1
 1392 0115 03       		.uleb128 0x3
 1393 0116 0E       		.uleb128 0xe
 1394 0117 3A       		.uleb128 0x3a
 1395 0118 0B       		.uleb128 0xb
 1396 0119 3B       		.uleb128 0x3b
 1397 011a 05       		.uleb128 0x5
 1398 011b 27       		.uleb128 0x27
 1399 011c 19       		.uleb128 0x19
 1400 011d 49       		.uleb128 0x49
 1401 011e 13       		.uleb128 0x13
 1402 011f 11       		.uleb128 0x11
 1403 0120 01       		.uleb128 0x1
 1404 0121 12       		.uleb128 0x12
 1405 0122 06       		.uleb128 0x6
 1406 0123 40       		.uleb128 0x40
 1407 0124 18       		.uleb128 0x18
 1408 0125 9742     		.uleb128 0x2117
 1409 0127 19       		.uleb128 0x19
 1410 0128 01       		.uleb128 0x1
 1411 0129 13       		.uleb128 0x13
 1412 012a 00       		.byte	0
 1413 012b 00       		.byte	0
 1414 012c 00       		.byte	0
 1415              		.section	.debug_aranges,"",%progbits
 1416 0000 34000000 		.4byte	0x34
 1417 0004 0200     		.2byte	0x2
 1418 0006 00000000 		.4byte	.Ldebug_info0
 1419 000a 04       		.byte	0x4
 1420 000b 00       		.byte	0
ARM GAS  C:\Users\taips\AppData\Local\Temp\ccHT8htL.s 			page 40


 1421 000c 0000     		.2byte	0
 1422 000e 0000     		.2byte	0
 1423 0010 00000000 		.4byte	.LFB0
 1424 0014 8C030000 		.4byte	.LFE0-.LFB0
 1425 0018 00000000 		.4byte	.LFB1
 1426 001c 54000000 		.4byte	.LFE1-.LFB1
 1427 0020 00000000 		.4byte	.LFB2
 1428 0024 24000000 		.4byte	.LFE2-.LFB2
 1429 0028 00000000 		.4byte	.LFB3
 1430 002c 24000000 		.4byte	.LFE3-.LFB3
 1431 0030 00000000 		.4byte	0
 1432 0034 00000000 		.4byte	0
 1433              		.section	.debug_ranges,"",%progbits
 1434              	.Ldebug_ranges0:
 1435 0000 00000000 		.4byte	.LFB0
 1436 0004 8C030000 		.4byte	.LFE0
 1437 0008 00000000 		.4byte	.LFB1
 1438 000c 54000000 		.4byte	.LFE1
 1439 0010 00000000 		.4byte	.LFB2
 1440 0014 24000000 		.4byte	.LFE2
 1441 0018 00000000 		.4byte	.LFB3
 1442 001c 24000000 		.4byte	.LFE3
 1443 0020 00000000 		.4byte	0
 1444 0024 00000000 		.4byte	0
 1445              		.section	.debug_line,"",%progbits
 1446              	.Ldebug_line0:
 1447 0000 FD010000 		.section	.debug_str,"MS",%progbits,1
 1447      0200AF00 
 1447      00000201 
 1447      FB0E0D00 
 1447      01010101 
 1448              	.LASF15:
 1449 0000 63797374 		.ascii	"cystatus\000"
 1449      61747573 
 1449      00
 1450              	.LASF16:
 1451 0009 72656733 		.ascii	"reg32\000"
 1451      3200
 1452              	.LASF27:
 1453 000f 73617665 		.ascii	"savedIndex\000"
 1453      64496E64 
 1453      657800
 1454              	.LASF22:
 1455 001a 72657456 		.ascii	"retValue\000"
 1455      616C7565 
 1455      00
 1456              	.LASF20:
 1457 0023 726F774E 		.ascii	"rowNum\000"
 1457      756D00
 1458              	.LASF37:
 1459 002a 63795379 		.ascii	"cySysFlashClockBackupStruct\000"
 1459      73466C61 
 1459      7368436C 
 1459      6F636B42 
 1459      61636B75 
 1460              	.LASF34:
 1461 0046 63795379 		.ascii	"cySysFlashBackup\000"
ARM GAS  C:\Users\taips\AppData\Local\Temp\ccHT8htL.s 			page 41


 1461      73466C61 
 1461      73684261 
 1461      636B7570 
 1461      00
 1462              	.LASF3:
 1463 0057 73686F72 		.ascii	"short unsigned int\000"
 1463      7420756E 
 1463      7369676E 
 1463      65642069 
 1463      6E7400
 1464              	.LASF36:
 1465 006a 433A5C50 		.ascii	"C:\\Program Files (x86)\\Cypress\\PSoC Creator\\4.4"
 1465      726F6772 
 1465      616D2046 
 1465      696C6573 
 1465      20287838 
 1466 0099 5C50536F 		.ascii	"\\PSoC Creator\\1\\CapSense_CSD_P4_Design01.cydsn\\"
 1466      43204372 
 1466      6561746F 
 1466      725C315C 
 1466      43617053 
 1467 00c8 47656E65 		.ascii	"Generated_Source\\PSoC4\\CyFlash.c\000"
 1467      72617465 
 1467      645F536F 
 1467      75726365 
 1467      5C50536F 
 1468              	.LASF12:
 1469 00e9 666C6F61 		.ascii	"float\000"
 1469      7400
 1470              	.LASF29:
 1471 00ef 63686563 		.ascii	"checksum\000"
 1471      6B73756D 
 1471      00
 1472              	.LASF1:
 1473 00f8 756E7369 		.ascii	"unsigned char\000"
 1473      676E6564 
 1473      20636861 
 1473      7200
 1474              	.LASF21:
 1475 0106 726F7744 		.ascii	"rowData\000"
 1475      61746100 
 1476              	.LASF24:
 1477 010e 70617261 		.ascii	"parameters\000"
 1477      6D657465 
 1477      727300
 1478              	.LASF5:
 1479 0119 6C6F6E67 		.ascii	"long unsigned int\000"
 1479      20756E73 
 1479      69676E65 
 1479      6420696E 
 1479      7400
 1480              	.LASF9:
 1481 012b 75696E74 		.ascii	"uint8\000"
 1481      3800
 1482              	.LASF35:
 1483 0131 474E5520 		.ascii	"GNU C11 5.4.1 20160609 (release) [ARM/embedded-5-br"
 1483      43313120 
ARM GAS  C:\Users\taips\AppData\Local\Temp\ccHT8htL.s 			page 42


 1483      352E342E 
 1483      31203230 
 1483      31363036 
 1484 0164 616E6368 		.ascii	"anch revision 237715] -mcpu=cortex-m0 -mthumb -g -O"
 1484      20726576 
 1484      6973696F 
 1484      6E203233 
 1484      37373135 
 1485 0197 30202D66 		.ascii	"0 -ffunction-sections -ffat-lto-objects\000"
 1485      66756E63 
 1485      74696F6E 
 1485      2D736563 
 1485      74696F6E 
 1486              	.LASF13:
 1487 01bf 646F7562 		.ascii	"double\000"
 1487      6C6500
 1488              	.LASF2:
 1489 01c6 73686F72 		.ascii	"short int\000"
 1489      7420696E 
 1489      7400
 1490              	.LASF33:
 1491 01d0 43795379 		.ascii	"CySysFlashClockRestore\000"
 1491      73466C61 
 1491      7368436C 
 1491      6F636B52 
 1491      6573746F 
 1492              	.LASF10:
 1493 01e7 75696E74 		.ascii	"uint16\000"
 1493      313600
 1494              	.LASF11:
 1495 01ee 75696E74 		.ascii	"uint32\000"
 1495      333200
 1496              	.LASF8:
 1497 01f5 756E7369 		.ascii	"unsigned int\000"
 1497      676E6564 
 1497      20696E74 
 1497      00
 1498              	.LASF7:
 1499 0202 6C6F6E67 		.ascii	"long long unsigned int\000"
 1499      206C6F6E 
 1499      6720756E 
 1499      7369676E 
 1499      65642069 
 1500              	.LASF26:
 1501 0219 6E656564 		.ascii	"needChecksumWorkaround\000"
 1501      43686563 
 1501      6B73756D 
 1501      576F726B 
 1501      61726F75 
 1502              	.LASF25:
 1503 0230 696E7465 		.ascii	"interruptState\000"
 1503      72727570 
 1503      74537461 
 1503      746500
 1504              	.LASF18:
 1505 023f 73697A65 		.ascii	"sizetype\000"
 1505      74797065 
ARM GAS  C:\Users\taips\AppData\Local\Temp\ccHT8htL.s 			page 43


 1505      00
 1506              	.LASF6:
 1507 0248 6C6F6E67 		.ascii	"long long int\000"
 1507      206C6F6E 
 1507      6720696E 
 1507      7400
 1508              	.LASF38:
 1509 0256 696D6F43 		.ascii	"imoConfigReg\000"
 1509      6F6E6669 
 1509      67526567 
 1509      00
 1510              	.LASF14:
 1511 0263 63686172 		.ascii	"char\000"
 1511      00
 1512              	.LASF30:
 1513 0268 62697473 		.ascii	"bits\000"
 1513      00
 1514              	.LASF31:
 1515 026d 66726571 		.ascii	"freq\000"
 1515      00
 1516              	.LASF23:
 1517 0272 636C6B43 		.ascii	"clkCnfRetValue\000"
 1517      6E665265 
 1517      7456616C 
 1517      756500
 1518              	.LASF28:
 1519 0281 73617665 		.ascii	"savedValue\000"
 1519      6456616C 
 1519      756500
 1520              	.LASF32:
 1521 028c 43795379 		.ascii	"CySysFlashClockBackup\000"
 1521      73466C61 
 1521      7368436C 
 1521      6F636B42 
 1521      61636B75 
 1522              	.LASF19:
 1523 02a2 43595F53 		.ascii	"CY_SYS_FLASH_CLOCK_BACKUP_STRUCT\000"
 1523      59535F46 
 1523      4C415348 
 1523      5F434C4F 
 1523      434B5F42 
 1524              	.LASF4:
 1525 02c3 6C6F6E67 		.ascii	"long int\000"
 1525      20696E74 
 1525      00
 1526              	.LASF17:
 1527 02cc 6C6F6E67 		.ascii	"long double\000"
 1527      20646F75 
 1527      626C6500 
 1528              	.LASF0:
 1529 02d8 7369676E 		.ascii	"signed char\000"
 1529      65642063 
 1529      68617200 
 1530              	.LASF39:
 1531 02e4 43795379 		.ascii	"CySysFlashWriteRow\000"
 1531      73466C61 
 1531      73685772 
ARM GAS  C:\Users\taips\AppData\Local\Temp\ccHT8htL.s 			page 44


 1531      69746552 
 1531      6F7700
 1532              	.LASF40:
 1533 02f7 43795379 		.ascii	"CySysFlashSetWaitCycles\000"
 1533      73466C61 
 1533      73685365 
 1533      74576169 
 1533      74437963 
 1534              		.ident	"GCC: (GNU Tools for ARM Embedded Processors) 5.4.1 20160609 (release) [ARM/embedded-5-bran
