ARM GAS  C:\Users\taips\AppData\Local\Temp\ccbT16OQ.s 			page 1


   1              		.syntax unified
   2              		.cpu cortex-m0
   3              		.fpu softvfp
   4              		.eabi_attribute 20, 1
   5              		.eabi_attribute 21, 1
   6              		.eabi_attribute 23, 3
   7              		.eabi_attribute 24, 1
   8              		.eabi_attribute 25, 1
   9              		.eabi_attribute 26, 1
  10              		.eabi_attribute 30, 6
  11              		.eabi_attribute 34, 0
  12              		.eabi_attribute 18, 4
  13              		.thumb
  14              		.syntax unified
  15              		.file	"CyLib.c"
  16              		.text
  17              	.Ltext0:
  18              		.cfi_sections	.debug_frame
  19              		.global	cydelayFreqHz
  20              		.data
  21              		.align	2
  22              		.type	cydelayFreqHz, %object
  23              		.size	cydelayFreqHz, 4
  24              	cydelayFreqHz:
  25 0000 00366E01 		.word	24000000
  26              		.global	cydelayFreqKhz
  27              		.align	2
  28              		.type	cydelayFreqKhz, %object
  29              		.size	cydelayFreqKhz, 4
  30              	cydelayFreqKhz:
  31 0004 C05D0000 		.word	24000
  32              		.global	cydelayFreqMhz
  33              		.type	cydelayFreqMhz, %object
  34              		.size	cydelayFreqMhz, 1
  35              	cydelayFreqMhz:
  36 0008 18       		.byte	24
  37              		.global	cydelay32kMs
  38 0009 000000   		.align	2
  39              		.type	cydelay32kMs, %object
  40              		.size	cydelay32kMs, 4
  41              	cydelay32kMs:
  42 000c 0000E02E 		.word	786432000
  43              		.bss
  44              		.align	2
  45              	CySysTickCallbacks:
  46 0000 00000000 		.space	20
  46      00000000 
  46      00000000 
  46      00000000 
  46      00000000 
  47              		.global	CySysTickInitVar
  48              		.align	2
  49              		.type	CySysTickInitVar, %object
  50              		.size	CySysTickInitVar, 4
  51              	CySysTickInitVar:
  52 0014 00000000 		.space	4
  53              		.global	cyImoFreqMhz2Reg
ARM GAS  C:\Users\taips\AppData\Local\Temp\ccbT16OQ.s 			page 2


  54              		.section	.rodata
  55              		.align	2
  56              		.type	cyImoFreqMhz2Reg, %object
  57              		.size	cyImoFreqMhz2Reg, 46
  58              	cyImoFreqMhz2Reg:
  59 0000 03       		.byte	3
  60 0001 04       		.byte	4
  61 0002 05       		.byte	5
  62 0003 06       		.byte	6
  63 0004 07       		.byte	7
  64 0005 08       		.byte	8
  65 0006 09       		.byte	9
  66 0007 0A       		.byte	10
  67 0008 0B       		.byte	11
  68 0009 0C       		.byte	12
  69 000a 0E       		.byte	14
  70 000b 0F       		.byte	15
  71 000c 10       		.byte	16
  72 000d 11       		.byte	17
  73 000e 12       		.byte	18
  74 000f 13       		.byte	19
  75 0010 14       		.byte	20
  76 0011 15       		.byte	21
  77 0012 16       		.byte	22
  78 0013 17       		.byte	23
  79 0014 18       		.byte	24
  80 0015 19       		.byte	25
  81 0016 1B       		.byte	27
  82 0017 1C       		.byte	28
  83 0018 1D       		.byte	29
  84 0019 1E       		.byte	30
  85 001a 1F       		.byte	31
  86 001b 20       		.byte	32
  87 001c 21       		.byte	33
  88 001d 22       		.byte	34
  89 001e 23       		.byte	35
  90 001f 25       		.byte	37
  91 0020 26       		.byte	38
  92 0021 27       		.byte	39
  93 0022 28       		.byte	40
  94 0023 29       		.byte	41
  95 0024 2A       		.byte	42
  96 0025 2B       		.byte	43
  97 0026 2E       		.byte	46
  98 0027 2F       		.byte	47
  99 0028 30       		.byte	48
 100 0029 31       		.byte	49
 101 002a 32       		.byte	50
 102 002b 33       		.byte	51
 103 002c 34       		.byte	52
 104 002d 35       		.byte	53
 105              		.global	CySysClkPumpConfig
 106              		.data
 107              		.align	2
 108              		.type	CySysClkPumpConfig, %object
 109              		.size	CySysClkPumpConfig, 4
 110              	CySysClkPumpConfig:
ARM GAS  C:\Users\taips\AppData\Local\Temp\ccbT16OQ.s 			page 3


 111 0010 01000000 		.word	1
 112              		.section	.text.CySysClkImoStart,"ax",%progbits
 113              		.align	2
 114              		.global	CySysClkImoStart
 115              		.code	16
 116              		.thumb_func
 117              		.type	CySysClkImoStart, %function
 118              	CySysClkImoStart:
 119              	.LFB0:
 120              		.file 1 "C:\\Program Files (x86)\\Cypress\\PSoC Creator\\4.4\\PSoC Creator\\1\\CapSense_CSD_P4_Des
   1:C:\Program Files (x86)\Cypress\PSoC Creator\4.4\PSoC Creator\1\CapSense_CSD_P4_Design01.cydsn\Generated_Source\PSoC4\CyLib.c **** /***************************************************************************//**
   2:C:\Program Files (x86)\Cypress\PSoC Creator\4.4\PSoC Creator\1\CapSense_CSD_P4_Design01.cydsn\Generated_Source\PSoC4\CyLib.c **** * \file CyLib.c
   3:C:\Program Files (x86)\Cypress\PSoC Creator\4.4\PSoC Creator\1\CapSense_CSD_P4_Design01.cydsn\Generated_Source\PSoC4\CyLib.c **** * \version 5.60
   4:C:\Program Files (x86)\Cypress\PSoC Creator\4.4\PSoC Creator\1\CapSense_CSD_P4_Design01.cydsn\Generated_Source\PSoC4\CyLib.c **** *
   5:C:\Program Files (x86)\Cypress\PSoC Creator\4.4\PSoC Creator\1\CapSense_CSD_P4_Design01.cydsn\Generated_Source\PSoC4\CyLib.c **** * \brief Provides a system API for the Clocking, Interrupts, SysTick, and
   6:C:\Program Files (x86)\Cypress\PSoC Creator\4.4\PSoC Creator\1\CapSense_CSD_P4_Design01.cydsn\Generated_Source\PSoC4\CyLib.c **** * Voltage Detect.
   7:C:\Program Files (x86)\Cypress\PSoC Creator\4.4\PSoC Creator\1\CapSense_CSD_P4_Design01.cydsn\Generated_Source\PSoC4\CyLib.c **** *
   8:C:\Program Files (x86)\Cypress\PSoC Creator\4.4\PSoC Creator\1\CapSense_CSD_P4_Design01.cydsn\Generated_Source\PSoC4\CyLib.c **** * \note Documentation of the API's in this file is located in the PSoC 4 System
   9:C:\Program Files (x86)\Cypress\PSoC Creator\4.4\PSoC Creator\1\CapSense_CSD_P4_Design01.cydsn\Generated_Source\PSoC4\CyLib.c **** * Reference Guide provided with PSoC Creator.
  10:C:\Program Files (x86)\Cypress\PSoC Creator\4.4\PSoC Creator\1\CapSense_CSD_P4_Design01.cydsn\Generated_Source\PSoC4\CyLib.c **** *
  11:C:\Program Files (x86)\Cypress\PSoC Creator\4.4\PSoC Creator\1\CapSense_CSD_P4_Design01.cydsn\Generated_Source\PSoC4\CyLib.c **** ********************************************************************************
  12:C:\Program Files (x86)\Cypress\PSoC Creator\4.4\PSoC Creator\1\CapSense_CSD_P4_Design01.cydsn\Generated_Source\PSoC4\CyLib.c **** * \copyright
  13:C:\Program Files (x86)\Cypress\PSoC Creator\4.4\PSoC Creator\1\CapSense_CSD_P4_Design01.cydsn\Generated_Source\PSoC4\CyLib.c **** * Copyright 2010-2017, Cypress Semiconductor Corporation.  All rights reserved.
  14:C:\Program Files (x86)\Cypress\PSoC Creator\4.4\PSoC Creator\1\CapSense_CSD_P4_Design01.cydsn\Generated_Source\PSoC4\CyLib.c **** * You may use this file only in accordance with the license, terms, conditions,
  15:C:\Program Files (x86)\Cypress\PSoC Creator\4.4\PSoC Creator\1\CapSense_CSD_P4_Design01.cydsn\Generated_Source\PSoC4\CyLib.c **** * disclaimers, and limitations in the end user license agreement accompanying
  16:C:\Program Files (x86)\Cypress\PSoC Creator\4.4\PSoC Creator\1\CapSense_CSD_P4_Design01.cydsn\Generated_Source\PSoC4\CyLib.c **** * the software package with which this file was provided.
  17:C:\Program Files (x86)\Cypress\PSoC Creator\4.4\PSoC Creator\1\CapSense_CSD_P4_Design01.cydsn\Generated_Source\PSoC4\CyLib.c **** *******************************************************************************/
  18:C:\Program Files (x86)\Cypress\PSoC Creator\4.4\PSoC Creator\1\CapSense_CSD_P4_Design01.cydsn\Generated_Source\PSoC4\CyLib.c **** 
  19:C:\Program Files (x86)\Cypress\PSoC Creator\4.4\PSoC Creator\1\CapSense_CSD_P4_Design01.cydsn\Generated_Source\PSoC4\CyLib.c **** #include "CyLib.h"
  20:C:\Program Files (x86)\Cypress\PSoC Creator\4.4\PSoC Creator\1\CapSense_CSD_P4_Design01.cydsn\Generated_Source\PSoC4\CyLib.c **** 
  21:C:\Program Files (x86)\Cypress\PSoC Creator\4.4\PSoC Creator\1\CapSense_CSD_P4_Design01.cydsn\Generated_Source\PSoC4\CyLib.c **** /* CySysClkWriteImoFreq() || CySysClkImoEnableWcoLock() */
  22:C:\Program Files (x86)\Cypress\PSoC Creator\4.4\PSoC Creator\1\CapSense_CSD_P4_Design01.cydsn\Generated_Source\PSoC4\CyLib.c **** #if ((CY_IP_SRSSV2 && CY_IP_FMLT) || CY_IP_IMO_TRIMMABLE_BY_WCO)
  23:C:\Program Files (x86)\Cypress\PSoC Creator\4.4\PSoC Creator\1\CapSense_CSD_P4_Design01.cydsn\Generated_Source\PSoC4\CyLib.c ****     #include "CyFlash.h"
  24:C:\Program Files (x86)\Cypress\PSoC Creator\4.4\PSoC Creator\1\CapSense_CSD_P4_Design01.cydsn\Generated_Source\PSoC4\CyLib.c **** #endif /* (CY_IP_SRSSV2 && CY_IP_FMLT) */
  25:C:\Program Files (x86)\Cypress\PSoC Creator\4.4\PSoC Creator\1\CapSense_CSD_P4_Design01.cydsn\Generated_Source\PSoC4\CyLib.c **** 
  26:C:\Program Files (x86)\Cypress\PSoC Creator\4.4\PSoC Creator\1\CapSense_CSD_P4_Design01.cydsn\Generated_Source\PSoC4\CyLib.c **** /* Do not use these definitions directly in your application */
  27:C:\Program Files (x86)\Cypress\PSoC Creator\4.4\PSoC Creator\1\CapSense_CSD_P4_Design01.cydsn\Generated_Source\PSoC4\CyLib.c **** uint32 cydelayFreqHz  = CYDEV_BCLK__SYSCLK__HZ;
  28:C:\Program Files (x86)\Cypress\PSoC Creator\4.4\PSoC Creator\1\CapSense_CSD_P4_Design01.cydsn\Generated_Source\PSoC4\CyLib.c **** uint32 cydelayFreqKhz = (CYDEV_BCLK__SYSCLK__HZ + CY_DELAY_1K_MINUS_1_THRESHOLD) / CY_DELAY_1K_THRE
  29:C:\Program Files (x86)\Cypress\PSoC Creator\4.4\PSoC Creator\1\CapSense_CSD_P4_Design01.cydsn\Generated_Source\PSoC4\CyLib.c **** uint8  cydelayFreqMhz = (uint8)((CYDEV_BCLK__SYSCLK__HZ + CY_DELAY_1M_MINUS_1_THRESHOLD) / CY_DELAY
  30:C:\Program Files (x86)\Cypress\PSoC Creator\4.4\PSoC Creator\1\CapSense_CSD_P4_Design01.cydsn\Generated_Source\PSoC4\CyLib.c **** uint32 cydelay32kMs   = CY_DELAY_MS_OVERFLOW * ((CYDEV_BCLK__SYSCLK__HZ + CY_DELAY_1K_MINUS_1_THRES
  31:C:\Program Files (x86)\Cypress\PSoC Creator\4.4\PSoC Creator\1\CapSense_CSD_P4_Design01.cydsn\Generated_Source\PSoC4\CyLib.c ****                         CY_DELAY_1K_THRESHOLD);
  32:C:\Program Files (x86)\Cypress\PSoC Creator\4.4\PSoC Creator\1\CapSense_CSD_P4_Design01.cydsn\Generated_Source\PSoC4\CyLib.c **** 
  33:C:\Program Files (x86)\Cypress\PSoC Creator\4.4\PSoC Creator\1\CapSense_CSD_P4_Design01.cydsn\Generated_Source\PSoC4\CyLib.c **** 
  34:C:\Program Files (x86)\Cypress\PSoC Creator\4.4\PSoC Creator\1\CapSense_CSD_P4_Design01.cydsn\Generated_Source\PSoC4\CyLib.c **** static cySysTickCallback CySysTickCallbacks[CY_SYS_SYST_NUM_OF_CALLBACKS];
  35:C:\Program Files (x86)\Cypress\PSoC Creator\4.4\PSoC Creator\1\CapSense_CSD_P4_Design01.cydsn\Generated_Source\PSoC4\CyLib.c **** static void CySysTickServiceCallbacks(void);
  36:C:\Program Files (x86)\Cypress\PSoC Creator\4.4\PSoC Creator\1\CapSense_CSD_P4_Design01.cydsn\Generated_Source\PSoC4\CyLib.c **** 
  37:C:\Program Files (x86)\Cypress\PSoC Creator\4.4\PSoC Creator\1\CapSense_CSD_P4_Design01.cydsn\Generated_Source\PSoC4\CyLib.c **** #if (CY_IP_SRSSV2 && CY_IP_PLL)
  38:C:\Program Files (x86)\Cypress\PSoC Creator\4.4\PSoC Creator\1\CapSense_CSD_P4_Design01.cydsn\Generated_Source\PSoC4\CyLib.c ****     static uint32 CySysClkPllGetBypassMode(uint32 pll);
  39:C:\Program Files (x86)\Cypress\PSoC Creator\4.4\PSoC Creator\1\CapSense_CSD_P4_Design01.cydsn\Generated_Source\PSoC4\CyLib.c ****     static cystatus CySysClkPllConfigChangeAllowed(uint32 pll);
  40:C:\Program Files (x86)\Cypress\PSoC Creator\4.4\PSoC Creator\1\CapSense_CSD_P4_Design01.cydsn\Generated_Source\PSoC4\CyLib.c **** #endif /* #if (CY_IP_SRSSV2 && CY_IP_PLL) */
  41:C:\Program Files (x86)\Cypress\PSoC Creator\4.4\PSoC Creator\1\CapSense_CSD_P4_Design01.cydsn\Generated_Source\PSoC4\CyLib.c **** 
  42:C:\Program Files (x86)\Cypress\PSoC Creator\4.4\PSoC Creator\1\CapSense_CSD_P4_Design01.cydsn\Generated_Source\PSoC4\CyLib.c **** 
  43:C:\Program Files (x86)\Cypress\PSoC Creator\4.4\PSoC Creator\1\CapSense_CSD_P4_Design01.cydsn\Generated_Source\PSoC4\CyLib.c **** /***************************************************************************//**
  44:C:\Program Files (x86)\Cypress\PSoC Creator\4.4\PSoC Creator\1\CapSense_CSD_P4_Design01.cydsn\Generated_Source\PSoC4\CyLib.c **** * Indicates whether or not the SysTick has been initialized. The variable is
  45:C:\Program Files (x86)\Cypress\PSoC Creator\4.4\PSoC Creator\1\CapSense_CSD_P4_Design01.cydsn\Generated_Source\PSoC4\CyLib.c **** * initialized to 0 and set to 1 the first time CySysTickStart() is called.
  46:C:\Program Files (x86)\Cypress\PSoC Creator\4.4\PSoC Creator\1\CapSense_CSD_P4_Design01.cydsn\Generated_Source\PSoC4\CyLib.c **** *
  47:C:\Program Files (x86)\Cypress\PSoC Creator\4.4\PSoC Creator\1\CapSense_CSD_P4_Design01.cydsn\Generated_Source\PSoC4\CyLib.c **** * This allows the component to restart without reinitialization after the first
ARM GAS  C:\Users\taips\AppData\Local\Temp\ccbT16OQ.s 			page 4


  48:C:\Program Files (x86)\Cypress\PSoC Creator\4.4\PSoC Creator\1\CapSense_CSD_P4_Design01.cydsn\Generated_Source\PSoC4\CyLib.c **** * call to the CySysTickStart() routine.
  49:C:\Program Files (x86)\Cypress\PSoC Creator\4.4\PSoC Creator\1\CapSense_CSD_P4_Design01.cydsn\Generated_Source\PSoC4\CyLib.c **** *
  50:C:\Program Files (x86)\Cypress\PSoC Creator\4.4\PSoC Creator\1\CapSense_CSD_P4_Design01.cydsn\Generated_Source\PSoC4\CyLib.c **** * If reinitialization of the SysTick is required, call CySysTickInit() before
  51:C:\Program Files (x86)\Cypress\PSoC Creator\4.4\PSoC Creator\1\CapSense_CSD_P4_Design01.cydsn\Generated_Source\PSoC4\CyLib.c **** * calling CySysTickStart(). Alternatively, the SysTick can be reinitialized by
  52:C:\Program Files (x86)\Cypress\PSoC Creator\4.4\PSoC Creator\1\CapSense_CSD_P4_Design01.cydsn\Generated_Source\PSoC4\CyLib.c **** * calling the CySysTickInit() and CySysTickEnable() functions.
  53:C:\Program Files (x86)\Cypress\PSoC Creator\4.4\PSoC Creator\1\CapSense_CSD_P4_Design01.cydsn\Generated_Source\PSoC4\CyLib.c **** *******************************************************************************/
  54:C:\Program Files (x86)\Cypress\PSoC Creator\4.4\PSoC Creator\1\CapSense_CSD_P4_Design01.cydsn\Generated_Source\PSoC4\CyLib.c **** uint32 CySysTickInitVar = 0u;
  55:C:\Program Files (x86)\Cypress\PSoC Creator\4.4\PSoC Creator\1\CapSense_CSD_P4_Design01.cydsn\Generated_Source\PSoC4\CyLib.c **** 
  56:C:\Program Files (x86)\Cypress\PSoC Creator\4.4\PSoC Creator\1\CapSense_CSD_P4_Design01.cydsn\Generated_Source\PSoC4\CyLib.c **** 
  57:C:\Program Files (x86)\Cypress\PSoC Creator\4.4\PSoC Creator\1\CapSense_CSD_P4_Design01.cydsn\Generated_Source\PSoC4\CyLib.c **** #if(CY_IP_SRSSV2)
  58:C:\Program Files (x86)\Cypress\PSoC Creator\4.4\PSoC Creator\1\CapSense_CSD_P4_Design01.cydsn\Generated_Source\PSoC4\CyLib.c ****         /* Conversion between CySysClkWriteImoFreq() parameter and register's value */
  59:C:\Program Files (x86)\Cypress\PSoC Creator\4.4\PSoC Creator\1\CapSense_CSD_P4_Design01.cydsn\Generated_Source\PSoC4\CyLib.c ****         const uint8 cyImoFreqMhz2Reg[CY_SYS_CLK_IMO_FREQ_TABLE_SIZE] = {
  60:C:\Program Files (x86)\Cypress\PSoC Creator\4.4\PSoC Creator\1\CapSense_CSD_P4_Design01.cydsn\Generated_Source\PSoC4\CyLib.c ****             /*  3 MHz */ 0x03u,  /*  4 MHz */ 0x04u,  /*  5 MHz */ 0x05u,  /*  6 MHz */ 0x06u,
  61:C:\Program Files (x86)\Cypress\PSoC Creator\4.4\PSoC Creator\1\CapSense_CSD_P4_Design01.cydsn\Generated_Source\PSoC4\CyLib.c ****             /*  7 MHz */ 0x07u,  /*  8 MHz */ 0x08u,  /*  9 MHz */ 0x09u,  /* 10 MHz */ 0x0Au,
  62:C:\Program Files (x86)\Cypress\PSoC Creator\4.4\PSoC Creator\1\CapSense_CSD_P4_Design01.cydsn\Generated_Source\PSoC4\CyLib.c ****             /* 11 MHz */ 0x0Bu,  /* 12 MHz */ 0x0Cu,  /* 13 MHz */ 0x0Eu,  /* 14 MHz */ 0x0Fu,
  63:C:\Program Files (x86)\Cypress\PSoC Creator\4.4\PSoC Creator\1\CapSense_CSD_P4_Design01.cydsn\Generated_Source\PSoC4\CyLib.c ****             /* 15 MHz */ 0x10u,  /* 16 MHz */ 0x11u,  /* 17 MHz */ 0x12u,  /* 18 MHz */ 0x13u,
  64:C:\Program Files (x86)\Cypress\PSoC Creator\4.4\PSoC Creator\1\CapSense_CSD_P4_Design01.cydsn\Generated_Source\PSoC4\CyLib.c ****             /* 19 MHz */ 0x14u,  /* 20 MHz */ 0x15u,  /* 21 MHz */ 0x16u,  /* 22 MHz */ 0x17u,
  65:C:\Program Files (x86)\Cypress\PSoC Creator\4.4\PSoC Creator\1\CapSense_CSD_P4_Design01.cydsn\Generated_Source\PSoC4\CyLib.c ****             /* 23 MHz */ 0x18u,  /* 24 MHz */ 0x19u,  /* 25 MHz */ 0x1Bu,  /* 26 MHz */ 0x1Cu,
  66:C:\Program Files (x86)\Cypress\PSoC Creator\4.4\PSoC Creator\1\CapSense_CSD_P4_Design01.cydsn\Generated_Source\PSoC4\CyLib.c ****             /* 27 MHz */ 0x1Du,  /* 28 MHz */ 0x1Eu,  /* 29 MHz */ 0x1Fu,  /* 30 MHz */ 0x20u,
  67:C:\Program Files (x86)\Cypress\PSoC Creator\4.4\PSoC Creator\1\CapSense_CSD_P4_Design01.cydsn\Generated_Source\PSoC4\CyLib.c ****             /* 31 MHz */ 0x21u,  /* 32 MHz */ 0x22u,  /* 33 MHz */ 0x23u,  /* 34 MHz */ 0x25u,
  68:C:\Program Files (x86)\Cypress\PSoC Creator\4.4\PSoC Creator\1\CapSense_CSD_P4_Design01.cydsn\Generated_Source\PSoC4\CyLib.c ****             /* 35 MHz */ 0x26u,  /* 36 MHz */ 0x27u,  /* 37 MHz */ 0x28u,  /* 38 MHz */ 0x29u,
  69:C:\Program Files (x86)\Cypress\PSoC Creator\4.4\PSoC Creator\1\CapSense_CSD_P4_Design01.cydsn\Generated_Source\PSoC4\CyLib.c ****             /* 39 MHz */ 0x2Au,  /* 40 MHz */ 0x2Bu,  /* 41 MHz */ 0x2Eu,  /* 42 MHz */ 0x2Fu,
  70:C:\Program Files (x86)\Cypress\PSoC Creator\4.4\PSoC Creator\1\CapSense_CSD_P4_Design01.cydsn\Generated_Source\PSoC4\CyLib.c ****             /* 43 MHz */ 0x30u,  /* 44 MHz */ 0x31u,  /* 45 MHz */ 0x32u,  /* 46 MHz */ 0x33u,
  71:C:\Program Files (x86)\Cypress\PSoC Creator\4.4\PSoC Creator\1\CapSense_CSD_P4_Design01.cydsn\Generated_Source\PSoC4\CyLib.c ****             /* 47 MHz */ 0x34u,  /* 48 MHz */ 0x35u };
  72:C:\Program Files (x86)\Cypress\PSoC Creator\4.4\PSoC Creator\1\CapSense_CSD_P4_Design01.cydsn\Generated_Source\PSoC4\CyLib.c **** #endif /* (CY_IP_SRSSV2) */
  73:C:\Program Files (x86)\Cypress\PSoC Creator\4.4\PSoC Creator\1\CapSense_CSD_P4_Design01.cydsn\Generated_Source\PSoC4\CyLib.c **** 
  74:C:\Program Files (x86)\Cypress\PSoC Creator\4.4\PSoC Creator\1\CapSense_CSD_P4_Design01.cydsn\Generated_Source\PSoC4\CyLib.c **** #if (CY_IP_IMO_TRIMMABLE_BY_WCO)
  75:C:\Program Files (x86)\Cypress\PSoC Creator\4.4\PSoC Creator\1\CapSense_CSD_P4_Design01.cydsn\Generated_Source\PSoC4\CyLib.c ****         /* Conversion between IMO frequency and WCO DPLL max offset steps */
  76:C:\Program Files (x86)\Cypress\PSoC Creator\4.4\PSoC Creator\1\CapSense_CSD_P4_Design01.cydsn\Generated_Source\PSoC4\CyLib.c ****         const uint8 cyImoFreqMhz2DpllOffset[CY_SYS_CLK_IMO_FREQ_WCO_DPLL_TABLE_SIZE] = {
  77:C:\Program Files (x86)\Cypress\PSoC Creator\4.4\PSoC Creator\1\CapSense_CSD_P4_Design01.cydsn\Generated_Source\PSoC4\CyLib.c ****             /* 26 MHz */  238u, /* 27 MHz */  219u, /* 28 MHz */  201u, /* 29 MHz */  185u,
  78:C:\Program Files (x86)\Cypress\PSoC Creator\4.4\PSoC Creator\1\CapSense_CSD_P4_Design01.cydsn\Generated_Source\PSoC4\CyLib.c ****             /* 30 MHz */  170u, /* 31 MHz */  155u, /* 32 MHz */  142u, /* 33 MHz */  130u,
  79:C:\Program Files (x86)\Cypress\PSoC Creator\4.4\PSoC Creator\1\CapSense_CSD_P4_Design01.cydsn\Generated_Source\PSoC4\CyLib.c ****             /* 34 MHz */  118u, /* 35 MHz */  107u, /* 36 MHz */   96u, /* 37 MHz */  86u,
  80:C:\Program Files (x86)\Cypress\PSoC Creator\4.4\PSoC Creator\1\CapSense_CSD_P4_Design01.cydsn\Generated_Source\PSoC4\CyLib.c ****             /* 38 MHz */   77u, /* 39 MHz */   68u, /* 40 MHz */   59u, /* 41 MHz */  51u,
  81:C:\Program Files (x86)\Cypress\PSoC Creator\4.4\PSoC Creator\1\CapSense_CSD_P4_Design01.cydsn\Generated_Source\PSoC4\CyLib.c ****             /* 42 MHz */   44u, /* 43 MHz */   36u, /* 44 MHz */   29u, /* 45 MHz */  23u,
  82:C:\Program Files (x86)\Cypress\PSoC Creator\4.4\PSoC Creator\1\CapSense_CSD_P4_Design01.cydsn\Generated_Source\PSoC4\CyLib.c ****             /* 46 MHz */   16u, /* 47 MHz */   10u, /* 48 MHz */   4u };
  83:C:\Program Files (x86)\Cypress\PSoC Creator\4.4\PSoC Creator\1\CapSense_CSD_P4_Design01.cydsn\Generated_Source\PSoC4\CyLib.c **** #endif /* (CY_IP_IMO_TRIMMABLE_BY_WCO) */
  84:C:\Program Files (x86)\Cypress\PSoC Creator\4.4\PSoC Creator\1\CapSense_CSD_P4_Design01.cydsn\Generated_Source\PSoC4\CyLib.c **** 
  85:C:\Program Files (x86)\Cypress\PSoC Creator\4.4\PSoC Creator\1\CapSense_CSD_P4_Design01.cydsn\Generated_Source\PSoC4\CyLib.c **** /* Stored CY_SYS_CLK_IMO_TRIM4_REG when modified for USB lock */
  86:C:\Program Files (x86)\Cypress\PSoC Creator\4.4\PSoC Creator\1\CapSense_CSD_P4_Design01.cydsn\Generated_Source\PSoC4\CyLib.c **** #if (CY_IP_IMO_TRIMMABLE_BY_USB && CY_IP_SRSSV2)
  87:C:\Program Files (x86)\Cypress\PSoC Creator\4.4\PSoC Creator\1\CapSense_CSD_P4_Design01.cydsn\Generated_Source\PSoC4\CyLib.c ****     uint32 CySysClkImoTrim4 = 0u;
  88:C:\Program Files (x86)\Cypress\PSoC Creator\4.4\PSoC Creator\1\CapSense_CSD_P4_Design01.cydsn\Generated_Source\PSoC4\CyLib.c **** #endif /* (CY_IP_IMO_TRIMMABLE_BY_USB && CY_IP_SRSSV2) */
  89:C:\Program Files (x86)\Cypress\PSoC Creator\4.4\PSoC Creator\1\CapSense_CSD_P4_Design01.cydsn\Generated_Source\PSoC4\CyLib.c **** 
  90:C:\Program Files (x86)\Cypress\PSoC Creator\4.4\PSoC Creator\1\CapSense_CSD_P4_Design01.cydsn\Generated_Source\PSoC4\CyLib.c **** /* Stored PUMP_SEL configuration during disable (IMO output by default) */
  91:C:\Program Files (x86)\Cypress\PSoC Creator\4.4\PSoC Creator\1\CapSense_CSD_P4_Design01.cydsn\Generated_Source\PSoC4\CyLib.c **** uint32 CySysClkPumpConfig = CY_SYS_CLK_PUMP_ENABLE;
  92:C:\Program Files (x86)\Cypress\PSoC Creator\4.4\PSoC Creator\1\CapSense_CSD_P4_Design01.cydsn\Generated_Source\PSoC4\CyLib.c **** 
  93:C:\Program Files (x86)\Cypress\PSoC Creator\4.4\PSoC Creator\1\CapSense_CSD_P4_Design01.cydsn\Generated_Source\PSoC4\CyLib.c **** /*******************************************************************************
  94:C:\Program Files (x86)\Cypress\PSoC Creator\4.4\PSoC Creator\1\CapSense_CSD_P4_Design01.cydsn\Generated_Source\PSoC4\CyLib.c **** * Function Name: CySysClkImoStart
  95:C:\Program Files (x86)\Cypress\PSoC Creator\4.4\PSoC Creator\1\CapSense_CSD_P4_Design01.cydsn\Generated_Source\PSoC4\CyLib.c **** ****************************************************************************//**
  96:C:\Program Files (x86)\Cypress\PSoC Creator\4.4\PSoC Creator\1\CapSense_CSD_P4_Design01.cydsn\Generated_Source\PSoC4\CyLib.c **** *
  97:C:\Program Files (x86)\Cypress\PSoC Creator\4.4\PSoC Creator\1\CapSense_CSD_P4_Design01.cydsn\Generated_Source\PSoC4\CyLib.c **** * Enables the IMO.
  98:C:\Program Files (x86)\Cypress\PSoC Creator\4.4\PSoC Creator\1\CapSense_CSD_P4_Design01.cydsn\Generated_Source\PSoC4\CyLib.c **** *
  99:C:\Program Files (x86)\Cypress\PSoC Creator\4.4\PSoC Creator\1\CapSense_CSD_P4_Design01.cydsn\Generated_Source\PSoC4\CyLib.c **** * For PSoC 4100M / PSoC 4200M / PSoC 4000S / PSoC 4100S / PSoC 4400 devices,
 100:C:\Program Files (x86)\Cypress\PSoC Creator\4.4\PSoC Creator\1\CapSense_CSD_P4_Design01.cydsn\Generated_Source\PSoC4\CyLib.c **** * this function will also enable WCO lock if selected in the Design Wide
 101:C:\Program Files (x86)\Cypress\PSoC Creator\4.4\PSoC Creator\1\CapSense_CSD_P4_Design01.cydsn\Generated_Source\PSoC4\CyLib.c **** * Resources tab.
 102:C:\Program Files (x86)\Cypress\PSoC Creator\4.4\PSoC Creator\1\CapSense_CSD_P4_Design01.cydsn\Generated_Source\PSoC4\CyLib.c **** *
 103:C:\Program Files (x86)\Cypress\PSoC Creator\4.4\PSoC Creator\1\CapSense_CSD_P4_Design01.cydsn\Generated_Source\PSoC4\CyLib.c **** * For PSoC 4200L / devices, this function will also enable USB lock if selected
 104:C:\Program Files (x86)\Cypress\PSoC Creator\4.4\PSoC Creator\1\CapSense_CSD_P4_Design01.cydsn\Generated_Source\PSoC4\CyLib.c **** * in the Design Wide Resources tab.
ARM GAS  C:\Users\taips\AppData\Local\Temp\ccbT16OQ.s 			page 5


 105:C:\Program Files (x86)\Cypress\PSoC Creator\4.4\PSoC Creator\1\CapSense_CSD_P4_Design01.cydsn\Generated_Source\PSoC4\CyLib.c **** *
 106:C:\Program Files (x86)\Cypress\PSoC Creator\4.4\PSoC Creator\1\CapSense_CSD_P4_Design01.cydsn\Generated_Source\PSoC4\CyLib.c **** *******************************************************************************/
 107:C:\Program Files (x86)\Cypress\PSoC Creator\4.4\PSoC Creator\1\CapSense_CSD_P4_Design01.cydsn\Generated_Source\PSoC4\CyLib.c **** void CySysClkImoStart(void)
 108:C:\Program Files (x86)\Cypress\PSoC Creator\4.4\PSoC Creator\1\CapSense_CSD_P4_Design01.cydsn\Generated_Source\PSoC4\CyLib.c **** {
 121              		.loc 1 108 0
 122              		.cfi_startproc
 123              		@ args = 0, pretend = 0, frame = 0
 124              		@ frame_needed = 1, uses_anonymous_args = 0
 125 0000 80B5     		push	{r7, lr}
 126              		.cfi_def_cfa_offset 8
 127              		.cfi_offset 7, -8
 128              		.cfi_offset 14, -4
 129 0002 00AF     		add	r7, sp, #0
 130              		.cfi_def_cfa_register 7
 109:C:\Program Files (x86)\Cypress\PSoC Creator\4.4\PSoC Creator\1\CapSense_CSD_P4_Design01.cydsn\Generated_Source\PSoC4\CyLib.c ****     CY_SYS_CLK_IMO_CONFIG_REG |= CY_SYS_CLK_IMO_CONFIG_ENABLE;
 131              		.loc 1 109 0
 132 0004 044B     		ldr	r3, .L2
 133 0006 044A     		ldr	r2, .L2
 134 0008 1268     		ldr	r2, [r2]
 135 000a 8021     		movs	r1, #128
 136 000c 0906     		lsls	r1, r1, #24
 137 000e 0A43     		orrs	r2, r1
 138 0010 1A60     		str	r2, [r3]
 110:C:\Program Files (x86)\Cypress\PSoC Creator\4.4\PSoC Creator\1\CapSense_CSD_P4_Design01.cydsn\Generated_Source\PSoC4\CyLib.c **** 
 111:C:\Program Files (x86)\Cypress\PSoC Creator\4.4\PSoC Creator\1\CapSense_CSD_P4_Design01.cydsn\Generated_Source\PSoC4\CyLib.c ****     #if (CY_IP_IMO_TRIMMABLE_BY_WCO)
 112:C:\Program Files (x86)\Cypress\PSoC Creator\4.4\PSoC Creator\1\CapSense_CSD_P4_Design01.cydsn\Generated_Source\PSoC4\CyLib.c ****         #if (CYDEV_IMO_TRIMMED_BY_WCO == 1u)
 113:C:\Program Files (x86)\Cypress\PSoC Creator\4.4\PSoC Creator\1\CapSense_CSD_P4_Design01.cydsn\Generated_Source\PSoC4\CyLib.c ****             CySysClkImoEnableWcoLock();
 114:C:\Program Files (x86)\Cypress\PSoC Creator\4.4\PSoC Creator\1\CapSense_CSD_P4_Design01.cydsn\Generated_Source\PSoC4\CyLib.c ****         #endif  /* (CYDEV_IMO_TRIMMED_BY_WCO == 1u) */
 115:C:\Program Files (x86)\Cypress\PSoC Creator\4.4\PSoC Creator\1\CapSense_CSD_P4_Design01.cydsn\Generated_Source\PSoC4\CyLib.c ****     #endif  /* (CY_IP_IMO_TRIMMABLE_BY_WCO) */
 116:C:\Program Files (x86)\Cypress\PSoC Creator\4.4\PSoC Creator\1\CapSense_CSD_P4_Design01.cydsn\Generated_Source\PSoC4\CyLib.c **** 
 117:C:\Program Files (x86)\Cypress\PSoC Creator\4.4\PSoC Creator\1\CapSense_CSD_P4_Design01.cydsn\Generated_Source\PSoC4\CyLib.c **** 
 118:C:\Program Files (x86)\Cypress\PSoC Creator\4.4\PSoC Creator\1\CapSense_CSD_P4_Design01.cydsn\Generated_Source\PSoC4\CyLib.c ****     #if (CY_IP_IMO_TRIMMABLE_BY_USB)
 119:C:\Program Files (x86)\Cypress\PSoC Creator\4.4\PSoC Creator\1\CapSense_CSD_P4_Design01.cydsn\Generated_Source\PSoC4\CyLib.c ****         #if (CYDEV_IMO_TRIMMED_BY_USB == 1u)
 120:C:\Program Files (x86)\Cypress\PSoC Creator\4.4\PSoC Creator\1\CapSense_CSD_P4_Design01.cydsn\Generated_Source\PSoC4\CyLib.c ****             CySysClkImoEnableUsbLock();
 121:C:\Program Files (x86)\Cypress\PSoC Creator\4.4\PSoC Creator\1\CapSense_CSD_P4_Design01.cydsn\Generated_Source\PSoC4\CyLib.c ****         #endif  /* (CYDEV_IMO_TRIMMED_BY_USB == 1u) */
 122:C:\Program Files (x86)\Cypress\PSoC Creator\4.4\PSoC Creator\1\CapSense_CSD_P4_Design01.cydsn\Generated_Source\PSoC4\CyLib.c ****     #endif  /* (CY_IP_IMO_TRIMMABLE_BY_USB) */
 123:C:\Program Files (x86)\Cypress\PSoC Creator\4.4\PSoC Creator\1\CapSense_CSD_P4_Design01.cydsn\Generated_Source\PSoC4\CyLib.c **** 
 124:C:\Program Files (x86)\Cypress\PSoC Creator\4.4\PSoC Creator\1\CapSense_CSD_P4_Design01.cydsn\Generated_Source\PSoC4\CyLib.c **** }
 139              		.loc 1 124 0
 140 0012 C046     		nop
 141 0014 BD46     		mov	sp, r7
 142              		@ sp needed
 143 0016 80BD     		pop	{r7, pc}
 144              	.L3:
 145              		.align	2
 146              	.L2:
 147 0018 08010B40 		.word	1074462984
 148              		.cfi_endproc
 149              	.LFE0:
 150              		.size	CySysClkImoStart, .-CySysClkImoStart
 151              		.section	.text.CySysClkImoStop,"ax",%progbits
 152              		.align	2
 153              		.global	CySysClkImoStop
 154              		.code	16
 155              		.thumb_func
 156              		.type	CySysClkImoStop, %function
 157              	CySysClkImoStop:
ARM GAS  C:\Users\taips\AppData\Local\Temp\ccbT16OQ.s 			page 6


 158              	.LFB1:
 125:C:\Program Files (x86)\Cypress\PSoC Creator\4.4\PSoC Creator\1\CapSense_CSD_P4_Design01.cydsn\Generated_Source\PSoC4\CyLib.c **** 
 126:C:\Program Files (x86)\Cypress\PSoC Creator\4.4\PSoC Creator\1\CapSense_CSD_P4_Design01.cydsn\Generated_Source\PSoC4\CyLib.c **** 
 127:C:\Program Files (x86)\Cypress\PSoC Creator\4.4\PSoC Creator\1\CapSense_CSD_P4_Design01.cydsn\Generated_Source\PSoC4\CyLib.c **** /*******************************************************************************
 128:C:\Program Files (x86)\Cypress\PSoC Creator\4.4\PSoC Creator\1\CapSense_CSD_P4_Design01.cydsn\Generated_Source\PSoC4\CyLib.c **** * Function Name: CySysClkImoStop
 129:C:\Program Files (x86)\Cypress\PSoC Creator\4.4\PSoC Creator\1\CapSense_CSD_P4_Design01.cydsn\Generated_Source\PSoC4\CyLib.c **** ****************************************************************************//**
 130:C:\Program Files (x86)\Cypress\PSoC Creator\4.4\PSoC Creator\1\CapSense_CSD_P4_Design01.cydsn\Generated_Source\PSoC4\CyLib.c **** *
 131:C:\Program Files (x86)\Cypress\PSoC Creator\4.4\PSoC Creator\1\CapSense_CSD_P4_Design01.cydsn\Generated_Source\PSoC4\CyLib.c **** * Disables the IMO.
 132:C:\Program Files (x86)\Cypress\PSoC Creator\4.4\PSoC Creator\1\CapSense_CSD_P4_Design01.cydsn\Generated_Source\PSoC4\CyLib.c **** *
 133:C:\Program Files (x86)\Cypress\PSoC Creator\4.4\PSoC Creator\1\CapSense_CSD_P4_Design01.cydsn\Generated_Source\PSoC4\CyLib.c **** * For PSoC 4100M / PSoC 4200M / PSoC 4000S / PSoC 4100S / PSoC 4400 devices,
 134:C:\Program Files (x86)\Cypress\PSoC Creator\4.4\PSoC Creator\1\CapSense_CSD_P4_Design01.cydsn\Generated_Source\PSoC4\CyLib.c **** * this function will also disable WCO lock.
 135:C:\Program Files (x86)\Cypress\PSoC Creator\4.4\PSoC Creator\1\CapSense_CSD_P4_Design01.cydsn\Generated_Source\PSoC4\CyLib.c **** *
 136:C:\Program Files (x86)\Cypress\PSoC Creator\4.4\PSoC Creator\1\CapSense_CSD_P4_Design01.cydsn\Generated_Source\PSoC4\CyLib.c **** * For PSoC PSoC 4200L devices, this function will also disable USB lock.
 137:C:\Program Files (x86)\Cypress\PSoC Creator\4.4\PSoC Creator\1\CapSense_CSD_P4_Design01.cydsn\Generated_Source\PSoC4\CyLib.c **** *
 138:C:\Program Files (x86)\Cypress\PSoC Creator\4.4\PSoC Creator\1\CapSense_CSD_P4_Design01.cydsn\Generated_Source\PSoC4\CyLib.c **** *******************************************************************************/
 139:C:\Program Files (x86)\Cypress\PSoC Creator\4.4\PSoC Creator\1\CapSense_CSD_P4_Design01.cydsn\Generated_Source\PSoC4\CyLib.c **** void CySysClkImoStop(void)
 140:C:\Program Files (x86)\Cypress\PSoC Creator\4.4\PSoC Creator\1\CapSense_CSD_P4_Design01.cydsn\Generated_Source\PSoC4\CyLib.c **** {
 159              		.loc 1 140 0
 160              		.cfi_startproc
 161              		@ args = 0, pretend = 0, frame = 0
 162              		@ frame_needed = 1, uses_anonymous_args = 0
 163 0000 80B5     		push	{r7, lr}
 164              		.cfi_def_cfa_offset 8
 165              		.cfi_offset 7, -8
 166              		.cfi_offset 14, -4
 167 0002 00AF     		add	r7, sp, #0
 168              		.cfi_def_cfa_register 7
 141:C:\Program Files (x86)\Cypress\PSoC Creator\4.4\PSoC Creator\1\CapSense_CSD_P4_Design01.cydsn\Generated_Source\PSoC4\CyLib.c ****     #if (CY_IP_IMO_TRIMMABLE_BY_WCO)
 142:C:\Program Files (x86)\Cypress\PSoC Creator\4.4\PSoC Creator\1\CapSense_CSD_P4_Design01.cydsn\Generated_Source\PSoC4\CyLib.c ****         CySysClkImoDisableWcoLock();
 143:C:\Program Files (x86)\Cypress\PSoC Creator\4.4\PSoC Creator\1\CapSense_CSD_P4_Design01.cydsn\Generated_Source\PSoC4\CyLib.c ****     #endif  /* (CY_IP_IMO_TRIMMABLE_BY_WCO) */
 144:C:\Program Files (x86)\Cypress\PSoC Creator\4.4\PSoC Creator\1\CapSense_CSD_P4_Design01.cydsn\Generated_Source\PSoC4\CyLib.c **** 
 145:C:\Program Files (x86)\Cypress\PSoC Creator\4.4\PSoC Creator\1\CapSense_CSD_P4_Design01.cydsn\Generated_Source\PSoC4\CyLib.c ****     #if (CY_IP_IMO_TRIMMABLE_BY_USB)
 146:C:\Program Files (x86)\Cypress\PSoC Creator\4.4\PSoC Creator\1\CapSense_CSD_P4_Design01.cydsn\Generated_Source\PSoC4\CyLib.c ****         CySysClkImoDisableUsbLock();
 147:C:\Program Files (x86)\Cypress\PSoC Creator\4.4\PSoC Creator\1\CapSense_CSD_P4_Design01.cydsn\Generated_Source\PSoC4\CyLib.c ****     #endif  /* (CY_IP_IMO_TRIMMABLE_BY_USB) */
 148:C:\Program Files (x86)\Cypress\PSoC Creator\4.4\PSoC Creator\1\CapSense_CSD_P4_Design01.cydsn\Generated_Source\PSoC4\CyLib.c **** 
 149:C:\Program Files (x86)\Cypress\PSoC Creator\4.4\PSoC Creator\1\CapSense_CSD_P4_Design01.cydsn\Generated_Source\PSoC4\CyLib.c ****     CY_SYS_CLK_IMO_CONFIG_REG &= ( uint32 ) ( ~( uint32 )CY_SYS_CLK_IMO_CONFIG_ENABLE);
 169              		.loc 1 149 0
 170 0004 044B     		ldr	r3, .L5
 171 0006 044A     		ldr	r2, .L5
 172 0008 1268     		ldr	r2, [r2]
 173 000a 5200     		lsls	r2, r2, #1
 174 000c 5208     		lsrs	r2, r2, #1
 175 000e 1A60     		str	r2, [r3]
 150:C:\Program Files (x86)\Cypress\PSoC Creator\4.4\PSoC Creator\1\CapSense_CSD_P4_Design01.cydsn\Generated_Source\PSoC4\CyLib.c **** }
 176              		.loc 1 150 0
 177 0010 C046     		nop
 178 0012 BD46     		mov	sp, r7
 179              		@ sp needed
 180 0014 80BD     		pop	{r7, pc}
 181              	.L6:
 182 0016 C046     		.align	2
 183              	.L5:
 184 0018 08010B40 		.word	1074462984
 185              		.cfi_endproc
 186              	.LFE1:
 187              		.size	CySysClkImoStop, .-CySysClkImoStop
 188              		.section	.text.CySysClkWriteHfclkDirect,"ax",%progbits
ARM GAS  C:\Users\taips\AppData\Local\Temp\ccbT16OQ.s 			page 7


 189              		.align	2
 190              		.global	CySysClkWriteHfclkDirect
 191              		.code	16
 192              		.thumb_func
 193              		.type	CySysClkWriteHfclkDirect, %function
 194              	CySysClkWriteHfclkDirect:
 195              	.LFB2:
 151:C:\Program Files (x86)\Cypress\PSoC Creator\4.4\PSoC Creator\1\CapSense_CSD_P4_Design01.cydsn\Generated_Source\PSoC4\CyLib.c **** 
 152:C:\Program Files (x86)\Cypress\PSoC Creator\4.4\PSoC Creator\1\CapSense_CSD_P4_Design01.cydsn\Generated_Source\PSoC4\CyLib.c **** #if (CY_IP_IMO_TRIMMABLE_BY_WCO)
 153:C:\Program Files (x86)\Cypress\PSoC Creator\4.4\PSoC Creator\1\CapSense_CSD_P4_Design01.cydsn\Generated_Source\PSoC4\CyLib.c **** 
 154:C:\Program Files (x86)\Cypress\PSoC Creator\4.4\PSoC Creator\1\CapSense_CSD_P4_Design01.cydsn\Generated_Source\PSoC4\CyLib.c ****     /*******************************************************************************
 155:C:\Program Files (x86)\Cypress\PSoC Creator\4.4\PSoC Creator\1\CapSense_CSD_P4_Design01.cydsn\Generated_Source\PSoC4\CyLib.c ****     * Function Name: CySysClkImoEnableWcoLock
 156:C:\Program Files (x86)\Cypress\PSoC Creator\4.4\PSoC Creator\1\CapSense_CSD_P4_Design01.cydsn\Generated_Source\PSoC4\CyLib.c ****     ****************************************************************************//**
 157:C:\Program Files (x86)\Cypress\PSoC Creator\4.4\PSoC Creator\1\CapSense_CSD_P4_Design01.cydsn\Generated_Source\PSoC4\CyLib.c ****     *
 158:C:\Program Files (x86)\Cypress\PSoC Creator\4.4\PSoC Creator\1\CapSense_CSD_P4_Design01.cydsn\Generated_Source\PSoC4\CyLib.c ****     * Enables the IMO to WCO lock feature. This function works only if the WCO is
 159:C:\Program Files (x86)\Cypress\PSoC Creator\4.4\PSoC Creator\1\CapSense_CSD_P4_Design01.cydsn\Generated_Source\PSoC4\CyLib.c ****     * already enabled. If the WCO is not enabled then this function returns
 160:C:\Program Files (x86)\Cypress\PSoC Creator\4.4\PSoC Creator\1\CapSense_CSD_P4_Design01.cydsn\Generated_Source\PSoC4\CyLib.c ****     * without enabling the lock feature.
 161:C:\Program Files (x86)\Cypress\PSoC Creator\4.4\PSoC Creator\1\CapSense_CSD_P4_Design01.cydsn\Generated_Source\PSoC4\CyLib.c ****     *
 162:C:\Program Files (x86)\Cypress\PSoC Creator\4.4\PSoC Creator\1\CapSense_CSD_P4_Design01.cydsn\Generated_Source\PSoC4\CyLib.c ****     * It takes up to 20 ms for the IMO to stabilize. The delay is implemented with
 163:C:\Program Files (x86)\Cypress\PSoC Creator\4.4\PSoC Creator\1\CapSense_CSD_P4_Design01.cydsn\Generated_Source\PSoC4\CyLib.c ****     * CyDelay() function. The delay interval is measured based on the system
 164:C:\Program Files (x86)\Cypress\PSoC Creator\4.4\PSoC Creator\1\CapSense_CSD_P4_Design01.cydsn\Generated_Source\PSoC4\CyLib.c ****     * frequency defined by PSoC Creator at build time. If System clock frequency
 165:C:\Program Files (x86)\Cypress\PSoC Creator\4.4\PSoC Creator\1\CapSense_CSD_P4_Design01.cydsn\Generated_Source\PSoC4\CyLib.c ****     * is changed in runtime, the CyDelayFreq() with the appropriate parameter
 166:C:\Program Files (x86)\Cypress\PSoC Creator\4.4\PSoC Creator\1\CapSense_CSD_P4_Design01.cydsn\Generated_Source\PSoC4\CyLib.c ****     * should be called.
 167:C:\Program Files (x86)\Cypress\PSoC Creator\4.4\PSoC Creator\1\CapSense_CSD_P4_Design01.cydsn\Generated_Source\PSoC4\CyLib.c ****     *
 168:C:\Program Files (x86)\Cypress\PSoC Creator\4.4\PSoC Creator\1\CapSense_CSD_P4_Design01.cydsn\Generated_Source\PSoC4\CyLib.c ****     * For PSoC 4200L devices, note that the IMO can lock to either WCO or USB
 169:C:\Program Files (x86)\Cypress\PSoC Creator\4.4\PSoC Creator\1\CapSense_CSD_P4_Design01.cydsn\Generated_Source\PSoC4\CyLib.c ****     * but not both.
 170:C:\Program Files (x86)\Cypress\PSoC Creator\4.4\PSoC Creator\1\CapSense_CSD_P4_Design01.cydsn\Generated_Source\PSoC4\CyLib.c ****     *
 171:C:\Program Files (x86)\Cypress\PSoC Creator\4.4\PSoC Creator\1\CapSense_CSD_P4_Design01.cydsn\Generated_Source\PSoC4\CyLib.c ****     * This function is applicable for PSoC 4100M / PSoC 4200M / PSoC 4000S /
 172:C:\Program Files (x86)\Cypress\PSoC Creator\4.4\PSoC Creator\1\CapSense_CSD_P4_Design01.cydsn\Generated_Source\PSoC4\CyLib.c ****     * PSoC 4100S / PSoC 4400 / PSoC 4200L.
 173:C:\Program Files (x86)\Cypress\PSoC Creator\4.4\PSoC Creator\1\CapSense_CSD_P4_Design01.cydsn\Generated_Source\PSoC4\CyLib.c ****     *
 174:C:\Program Files (x86)\Cypress\PSoC Creator\4.4\PSoC Creator\1\CapSense_CSD_P4_Design01.cydsn\Generated_Source\PSoC4\CyLib.c ****     *******************************************************************************/
 175:C:\Program Files (x86)\Cypress\PSoC Creator\4.4\PSoC Creator\1\CapSense_CSD_P4_Design01.cydsn\Generated_Source\PSoC4\CyLib.c ****     void CySysClkImoEnableWcoLock(void)
 176:C:\Program Files (x86)\Cypress\PSoC Creator\4.4\PSoC Creator\1\CapSense_CSD_P4_Design01.cydsn\Generated_Source\PSoC4\CyLib.c ****     {
 177:C:\Program Files (x86)\Cypress\PSoC Creator\4.4\PSoC Creator\1\CapSense_CSD_P4_Design01.cydsn\Generated_Source\PSoC4\CyLib.c ****         #if(CY_IP_SRSSV2)
 178:C:\Program Files (x86)\Cypress\PSoC Creator\4.4\PSoC Creator\1\CapSense_CSD_P4_Design01.cydsn\Generated_Source\PSoC4\CyLib.c ****             uint32 i;
 179:C:\Program Files (x86)\Cypress\PSoC Creator\4.4\PSoC Creator\1\CapSense_CSD_P4_Design01.cydsn\Generated_Source\PSoC4\CyLib.c ****         #endif  /* (CY_IP_SRSSV2) */
 180:C:\Program Files (x86)\Cypress\PSoC Creator\4.4\PSoC Creator\1\CapSense_CSD_P4_Design01.cydsn\Generated_Source\PSoC4\CyLib.c **** 
 181:C:\Program Files (x86)\Cypress\PSoC Creator\4.4\PSoC Creator\1\CapSense_CSD_P4_Design01.cydsn\Generated_Source\PSoC4\CyLib.c ****         uint32 freq;
 182:C:\Program Files (x86)\Cypress\PSoC Creator\4.4\PSoC Creator\1\CapSense_CSD_P4_Design01.cydsn\Generated_Source\PSoC4\CyLib.c ****         uint8  interruptState;
 183:C:\Program Files (x86)\Cypress\PSoC Creator\4.4\PSoC Creator\1\CapSense_CSD_P4_Design01.cydsn\Generated_Source\PSoC4\CyLib.c ****         uint32 regTmp;
 184:C:\Program Files (x86)\Cypress\PSoC Creator\4.4\PSoC Creator\1\CapSense_CSD_P4_Design01.cydsn\Generated_Source\PSoC4\CyLib.c ****         uint32 lfLimit = 0u;
 185:C:\Program Files (x86)\Cypress\PSoC Creator\4.4\PSoC Creator\1\CapSense_CSD_P4_Design01.cydsn\Generated_Source\PSoC4\CyLib.c ****         volatile uint32 flashCtlReg;
 186:C:\Program Files (x86)\Cypress\PSoC Creator\4.4\PSoC Creator\1\CapSense_CSD_P4_Design01.cydsn\Generated_Source\PSoC4\CyLib.c **** 
 187:C:\Program Files (x86)\Cypress\PSoC Creator\4.4\PSoC Creator\1\CapSense_CSD_P4_Design01.cydsn\Generated_Source\PSoC4\CyLib.c ****         if (0u != CySysClkWcoEnabled())
 188:C:\Program Files (x86)\Cypress\PSoC Creator\4.4\PSoC Creator\1\CapSense_CSD_P4_Design01.cydsn\Generated_Source\PSoC4\CyLib.c ****         {
 189:C:\Program Files (x86)\Cypress\PSoC Creator\4.4\PSoC Creator\1\CapSense_CSD_P4_Design01.cydsn\Generated_Source\PSoC4\CyLib.c ****             interruptState = CyEnterCriticalSection();
 190:C:\Program Files (x86)\Cypress\PSoC Creator\4.4\PSoC Creator\1\CapSense_CSD_P4_Design01.cydsn\Generated_Source\PSoC4\CyLib.c **** 
 191:C:\Program Files (x86)\Cypress\PSoC Creator\4.4\PSoC Creator\1\CapSense_CSD_P4_Design01.cydsn\Generated_Source\PSoC4\CyLib.c ****             /* Set oscillator interface control port to WCO */
 192:C:\Program Files (x86)\Cypress\PSoC Creator\4.4\PSoC Creator\1\CapSense_CSD_P4_Design01.cydsn\Generated_Source\PSoC4\CyLib.c ****             #if (CY_IP_IMO_TRIMMABLE_BY_WCO && CY_IP_IMO_TRIMMABLE_BY_USB)
 193:C:\Program Files (x86)\Cypress\PSoC Creator\4.4\PSoC Creator\1\CapSense_CSD_P4_Design01.cydsn\Generated_Source\PSoC4\CyLib.c ****                 CY_SYS_CLK_OSCINTF_CTL_REG =
 194:C:\Program Files (x86)\Cypress\PSoC Creator\4.4\PSoC Creator\1\CapSense_CSD_P4_Design01.cydsn\Generated_Source\PSoC4\CyLib.c ****                     (CY_SYS_CLK_OSCINTF_CTL_REG & (uint32) ~CY_SYS_CLK_OSCINTF_CTL_PORT_SEL_MASK) |
 195:C:\Program Files (x86)\Cypress\PSoC Creator\4.4\PSoC Creator\1\CapSense_CSD_P4_Design01.cydsn\Generated_Source\PSoC4\CyLib.c ****                     CY_SYS_CLK_OSCINTF_CTL_PORT_SEL_WCO;
 196:C:\Program Files (x86)\Cypress\PSoC Creator\4.4\PSoC Creator\1\CapSense_CSD_P4_Design01.cydsn\Generated_Source\PSoC4\CyLib.c ****             #endif /* (CY_IP_IMO_TRIMMABLE_BY_WCO && CY_IP_IMO_TRIMMABLE_BY_USB) */
 197:C:\Program Files (x86)\Cypress\PSoC Creator\4.4\PSoC Creator\1\CapSense_CSD_P4_Design01.cydsn\Generated_Source\PSoC4\CyLib.c **** 
 198:C:\Program Files (x86)\Cypress\PSoC Creator\4.4\PSoC Creator\1\CapSense_CSD_P4_Design01.cydsn\Generated_Source\PSoC4\CyLib.c ****             /* Get current IMO frequency based on the register value */
 199:C:\Program Files (x86)\Cypress\PSoC Creator\4.4\PSoC Creator\1\CapSense_CSD_P4_Design01.cydsn\Generated_Source\PSoC4\CyLib.c ****             #if(CY_IP_SRSSV2)
 200:C:\Program Files (x86)\Cypress\PSoC Creator\4.4\PSoC Creator\1\CapSense_CSD_P4_Design01.cydsn\Generated_Source\PSoC4\CyLib.c ****                 freq = CY_SYS_CLK_IMO_MIN_FREQ_MHZ;
ARM GAS  C:\Users\taips\AppData\Local\Temp\ccbT16OQ.s 			page 8


 201:C:\Program Files (x86)\Cypress\PSoC Creator\4.4\PSoC Creator\1\CapSense_CSD_P4_Design01.cydsn\Generated_Source\PSoC4\CyLib.c ****                 for(i = 0u; i < CY_SYS_CLK_IMO_FREQ_TABLE_SIZE; i++)
 202:C:\Program Files (x86)\Cypress\PSoC Creator\4.4\PSoC Creator\1\CapSense_CSD_P4_Design01.cydsn\Generated_Source\PSoC4\CyLib.c ****                 {
 203:C:\Program Files (x86)\Cypress\PSoC Creator\4.4\PSoC Creator\1\CapSense_CSD_P4_Design01.cydsn\Generated_Source\PSoC4\CyLib.c ****                     if ((uint8) (CY_SYS_CLK_IMO_TRIM2_REG & CY_SYS_CLK_IMO_FREQ_BITS_MASK) == cyImo
 204:C:\Program Files (x86)\Cypress\PSoC Creator\4.4\PSoC Creator\1\CapSense_CSD_P4_Design01.cydsn\Generated_Source\PSoC4\CyLib.c ****                     {
 205:C:\Program Files (x86)\Cypress\PSoC Creator\4.4\PSoC Creator\1\CapSense_CSD_P4_Design01.cydsn\Generated_Source\PSoC4\CyLib.c ****                         freq = i + CY_SYS_CLK_IMO_FREQ_TABLE_OFFSET;
 206:C:\Program Files (x86)\Cypress\PSoC Creator\4.4\PSoC Creator\1\CapSense_CSD_P4_Design01.cydsn\Generated_Source\PSoC4\CyLib.c ****                         break;
 207:C:\Program Files (x86)\Cypress\PSoC Creator\4.4\PSoC Creator\1\CapSense_CSD_P4_Design01.cydsn\Generated_Source\PSoC4\CyLib.c ****                     }
 208:C:\Program Files (x86)\Cypress\PSoC Creator\4.4\PSoC Creator\1\CapSense_CSD_P4_Design01.cydsn\Generated_Source\PSoC4\CyLib.c ****                 }
 209:C:\Program Files (x86)\Cypress\PSoC Creator\4.4\PSoC Creator\1\CapSense_CSD_P4_Design01.cydsn\Generated_Source\PSoC4\CyLib.c ****             #else
 210:C:\Program Files (x86)\Cypress\PSoC Creator\4.4\PSoC Creator\1\CapSense_CSD_P4_Design01.cydsn\Generated_Source\PSoC4\CyLib.c ****                 /* Calculate frequency by shifting register field value and adding constant. */
 211:C:\Program Files (x86)\Cypress\PSoC Creator\4.4\PSoC Creator\1\CapSense_CSD_P4_Design01.cydsn\Generated_Source\PSoC4\CyLib.c ****                 #if(CY_IP_SRSSLT)
 212:C:\Program Files (x86)\Cypress\PSoC Creator\4.4\PSoC Creator\1\CapSense_CSD_P4_Design01.cydsn\Generated_Source\PSoC4\CyLib.c ****                     freq = (((uint32) ((CY_SYS_CLK_IMO_SELECT_REG & ((uint32) CY_SYS_CLK_IMO_SELECT
 213:C:\Program Files (x86)\Cypress\PSoC Creator\4.4\PSoC Creator\1\CapSense_CSD_P4_Design01.cydsn\Generated_Source\PSoC4\CyLib.c ****                                         CY_SYS_CLK_IMO_SELECT_FREQ_SHIFT) + CY_SYS_CLK_IMO_MIN_FREQ
 214:C:\Program Files (x86)\Cypress\PSoC Creator\4.4\PSoC Creator\1\CapSense_CSD_P4_Design01.cydsn\Generated_Source\PSoC4\CyLib.c ****                                       ((CY_SYS_CLK_SELECT_REG >> CY_SYS_CLK_SELECT_HFCLK_DIV_SHIFT)
 215:C:\Program Files (x86)\Cypress\PSoC Creator\4.4\PSoC Creator\1\CapSense_CSD_P4_Design01.cydsn\Generated_Source\PSoC4\CyLib.c ****                                        (uint32) CY_SYS_CLK_SELECT_HFCLK_DIV_MASK));
 216:C:\Program Files (x86)\Cypress\PSoC Creator\4.4\PSoC Creator\1\CapSense_CSD_P4_Design01.cydsn\Generated_Source\PSoC4\CyLib.c ****                 #else
 217:C:\Program Files (x86)\Cypress\PSoC Creator\4.4\PSoC Creator\1\CapSense_CSD_P4_Design01.cydsn\Generated_Source\PSoC4\CyLib.c ****                     freq = ((uint32) ((CY_SYS_CLK_IMO_SELECT_REG & ((uint32) CY_SYS_CLK_IMO_SELECT_
 218:C:\Program Files (x86)\Cypress\PSoC Creator\4.4\PSoC Creator\1\CapSense_CSD_P4_Design01.cydsn\Generated_Source\PSoC4\CyLib.c ****                                        CY_SYS_CLK_IMO_SELECT_FREQ_SHIFT) + CY_SYS_CLK_IMO_MIN_FREQ_
 219:C:\Program Files (x86)\Cypress\PSoC Creator\4.4\PSoC Creator\1\CapSense_CSD_P4_Design01.cydsn\Generated_Source\PSoC4\CyLib.c ****                 #endif  /* (CY_IP_SRSSLT) */
 220:C:\Program Files (x86)\Cypress\PSoC Creator\4.4\PSoC Creator\1\CapSense_CSD_P4_Design01.cydsn\Generated_Source\PSoC4\CyLib.c **** 
 221:C:\Program Files (x86)\Cypress\PSoC Creator\4.4\PSoC Creator\1\CapSense_CSD_P4_Design01.cydsn\Generated_Source\PSoC4\CyLib.c ****             #endif  /* (CY_IP_SRSSV2) */
 222:C:\Program Files (x86)\Cypress\PSoC Creator\4.4\PSoC Creator\1\CapSense_CSD_P4_Design01.cydsn\Generated_Source\PSoC4\CyLib.c **** 
 223:C:\Program Files (x86)\Cypress\PSoC Creator\4.4\PSoC Creator\1\CapSense_CSD_P4_Design01.cydsn\Generated_Source\PSoC4\CyLib.c ****             /* For the WCO locking mode, the IMO gain needs to be CY_SYS_CLK_IMO_TRIM4_GAIN */
 224:C:\Program Files (x86)\Cypress\PSoC Creator\4.4\PSoC Creator\1\CapSense_CSD_P4_Design01.cydsn\Generated_Source\PSoC4\CyLib.c ****             #if(CY_IP_SRSSV2)
 225:C:\Program Files (x86)\Cypress\PSoC Creator\4.4\PSoC Creator\1\CapSense_CSD_P4_Design01.cydsn\Generated_Source\PSoC4\CyLib.c ****                 if ((CY_SYS_CLK_IMO_TRIM4_REG & CY_SYS_CLK_IMO_TRIM4_GAIN_MASK) == 0u)
 226:C:\Program Files (x86)\Cypress\PSoC Creator\4.4\PSoC Creator\1\CapSense_CSD_P4_Design01.cydsn\Generated_Source\PSoC4\CyLib.c ****                 {
 227:C:\Program Files (x86)\Cypress\PSoC Creator\4.4\PSoC Creator\1\CapSense_CSD_P4_Design01.cydsn\Generated_Source\PSoC4\CyLib.c **** 			         CY_SYS_CLK_IMO_TRIM4_REG = (CY_SYS_CLK_IMO_TRIM4_REG & (uint32) ~CY_SYS_CLK_IMO_TRIM4_G
 228:C:\Program Files (x86)\Cypress\PSoC Creator\4.4\PSoC Creator\1\CapSense_CSD_P4_Design01.cydsn\Generated_Source\PSoC4\CyLib.c **** 			                  				     CY_SYS_CLK_IMO_TRIM4_WCO_GAIN;
 229:C:\Program Files (x86)\Cypress\PSoC Creator\4.4\PSoC Creator\1\CapSense_CSD_P4_Design01.cydsn\Generated_Source\PSoC4\CyLib.c ****                 }
 230:C:\Program Files (x86)\Cypress\PSoC Creator\4.4\PSoC Creator\1\CapSense_CSD_P4_Design01.cydsn\Generated_Source\PSoC4\CyLib.c ****             #endif /* (CY_IP_SRSSV2) */
 231:C:\Program Files (x86)\Cypress\PSoC Creator\4.4\PSoC Creator\1\CapSense_CSD_P4_Design01.cydsn\Generated_Source\PSoC4\CyLib.c **** 
 232:C:\Program Files (x86)\Cypress\PSoC Creator\4.4\PSoC Creator\1\CapSense_CSD_P4_Design01.cydsn\Generated_Source\PSoC4\CyLib.c ****             regTmp  = CY_SYS_CLK_WCO_DPLL_REG & ~(CY_SYS_CLK_WCO_DPLL_MULT_MASK |
 233:C:\Program Files (x86)\Cypress\PSoC Creator\4.4\PSoC Creator\1\CapSense_CSD_P4_Design01.cydsn\Generated_Source\PSoC4\CyLib.c ****                                                   CY_SYS_CLK_WCO_CONFIG_DPLL_LF_IGAIN_MASK |
 234:C:\Program Files (x86)\Cypress\PSoC Creator\4.4\PSoC Creator\1\CapSense_CSD_P4_Design01.cydsn\Generated_Source\PSoC4\CyLib.c ****                                                   CY_SYS_CLK_WCO_CONFIG_DPLL_LF_PGAIN_MASK |
 235:C:\Program Files (x86)\Cypress\PSoC Creator\4.4\PSoC Creator\1\CapSense_CSD_P4_Design01.cydsn\Generated_Source\PSoC4\CyLib.c ****                                                   CY_SYS_CLK_WCO_CONFIG_DPLL_LF_LIMIT_MASK);
 236:C:\Program Files (x86)\Cypress\PSoC Creator\4.4\PSoC Creator\1\CapSense_CSD_P4_Design01.cydsn\Generated_Source\PSoC4\CyLib.c **** 
 237:C:\Program Files (x86)\Cypress\PSoC Creator\4.4\PSoC Creator\1\CapSense_CSD_P4_Design01.cydsn\Generated_Source\PSoC4\CyLib.c ****             /* Set multiplier to determine IMO frequency in multiples of the WCO frequency */
 238:C:\Program Files (x86)\Cypress\PSoC Creator\4.4\PSoC Creator\1\CapSense_CSD_P4_Design01.cydsn\Generated_Source\PSoC4\CyLib.c ****             regTmp |= (CY_SYS_CLK_WCO_DPLL_MULT_VALUE(freq) & CY_SYS_CLK_WCO_DPLL_MULT_MASK);
 239:C:\Program Files (x86)\Cypress\PSoC Creator\4.4\PSoC Creator\1\CapSense_CSD_P4_Design01.cydsn\Generated_Source\PSoC4\CyLib.c **** 
 240:C:\Program Files (x86)\Cypress\PSoC Creator\4.4\PSoC Creator\1\CapSense_CSD_P4_Design01.cydsn\Generated_Source\PSoC4\CyLib.c ****             /* Set DPLL Loop Filter Integral and Proportional Gains Setting */
 241:C:\Program Files (x86)\Cypress\PSoC Creator\4.4\PSoC Creator\1\CapSense_CSD_P4_Design01.cydsn\Generated_Source\PSoC4\CyLib.c ****             regTmp |= (CY_SYS_CLK_WCO_CONFIG_DPLL_LF_IGAIN | CY_SYS_CLK_WCO_CONFIG_DPLL_LF_PGAIN);
 242:C:\Program Files (x86)\Cypress\PSoC Creator\4.4\PSoC Creator\1\CapSense_CSD_P4_Design01.cydsn\Generated_Source\PSoC4\CyLib.c **** 
 243:C:\Program Files (x86)\Cypress\PSoC Creator\4.4\PSoC Creator\1\CapSense_CSD_P4_Design01.cydsn\Generated_Source\PSoC4\CyLib.c ****             /* Set maximum allowed IMO offset */
 244:C:\Program Files (x86)\Cypress\PSoC Creator\4.4\PSoC Creator\1\CapSense_CSD_P4_Design01.cydsn\Generated_Source\PSoC4\CyLib.c ****             if (freq < CY_SYS_CLK_IMO_FREQ_WCO_DPLL_SAFE_POINT)
 245:C:\Program Files (x86)\Cypress\PSoC Creator\4.4\PSoC Creator\1\CapSense_CSD_P4_Design01.cydsn\Generated_Source\PSoC4\CyLib.c ****             {
 246:C:\Program Files (x86)\Cypress\PSoC Creator\4.4\PSoC Creator\1\CapSense_CSD_P4_Design01.cydsn\Generated_Source\PSoC4\CyLib.c ****                 regTmp |= (CY_SYS_CLK_WCO_CONFIG_DPLL_LF_LIMIT_MAX << CY_SYS_CLK_WCO_CONFIG_DPLL_LF
 247:C:\Program Files (x86)\Cypress\PSoC Creator\4.4\PSoC Creator\1\CapSense_CSD_P4_Design01.cydsn\Generated_Source\PSoC4\CyLib.c ****             }
 248:C:\Program Files (x86)\Cypress\PSoC Creator\4.4\PSoC Creator\1\CapSense_CSD_P4_Design01.cydsn\Generated_Source\PSoC4\CyLib.c ****             else
 249:C:\Program Files (x86)\Cypress\PSoC Creator\4.4\PSoC Creator\1\CapSense_CSD_P4_Design01.cydsn\Generated_Source\PSoC4\CyLib.c ****             {
 250:C:\Program Files (x86)\Cypress\PSoC Creator\4.4\PSoC Creator\1\CapSense_CSD_P4_Design01.cydsn\Generated_Source\PSoC4\CyLib.c ****                 lfLimit = (uint32) CY_SFLASH_IMO_TRIM_REG(freq - CY_SYS_CLK_IMO_MIN_FREQ_MHZ) +
 251:C:\Program Files (x86)\Cypress\PSoC Creator\4.4\PSoC Creator\1\CapSense_CSD_P4_Design01.cydsn\Generated_Source\PSoC4\CyLib.c ****                     cyImoFreqMhz2DpllOffset[freq - CY_SYS_CLK_IMO_FREQ_WCO_DPLL_TABLE_OFFSET];
 252:C:\Program Files (x86)\Cypress\PSoC Creator\4.4\PSoC Creator\1\CapSense_CSD_P4_Design01.cydsn\Generated_Source\PSoC4\CyLib.c **** 
 253:C:\Program Files (x86)\Cypress\PSoC Creator\4.4\PSoC Creator\1\CapSense_CSD_P4_Design01.cydsn\Generated_Source\PSoC4\CyLib.c ****                 lfLimit = (lfLimit > CY_SYS_CLK_WCO_CONFIG_DPLL_LF_LIMIT_MAX) ?
 254:C:\Program Files (x86)\Cypress\PSoC Creator\4.4\PSoC Creator\1\CapSense_CSD_P4_Design01.cydsn\Generated_Source\PSoC4\CyLib.c ****                     CY_SYS_CLK_WCO_CONFIG_DPLL_LF_LIMIT_MAX : lfLimit;
 255:C:\Program Files (x86)\Cypress\PSoC Creator\4.4\PSoC Creator\1\CapSense_CSD_P4_Design01.cydsn\Generated_Source\PSoC4\CyLib.c **** 
 256:C:\Program Files (x86)\Cypress\PSoC Creator\4.4\PSoC Creator\1\CapSense_CSD_P4_Design01.cydsn\Generated_Source\PSoC4\CyLib.c ****                 regTmp |= (lfLimit << CY_SYS_CLK_WCO_CONFIG_DPLL_LF_LIMIT_SHIFT);
 257:C:\Program Files (x86)\Cypress\PSoC Creator\4.4\PSoC Creator\1\CapSense_CSD_P4_Design01.cydsn\Generated_Source\PSoC4\CyLib.c ****             }
ARM GAS  C:\Users\taips\AppData\Local\Temp\ccbT16OQ.s 			page 9


 258:C:\Program Files (x86)\Cypress\PSoC Creator\4.4\PSoC Creator\1\CapSense_CSD_P4_Design01.cydsn\Generated_Source\PSoC4\CyLib.c **** 
 259:C:\Program Files (x86)\Cypress\PSoC Creator\4.4\PSoC Creator\1\CapSense_CSD_P4_Design01.cydsn\Generated_Source\PSoC4\CyLib.c ****             CY_SYS_CLK_WCO_DPLL_REG = regTmp;
 260:C:\Program Files (x86)\Cypress\PSoC Creator\4.4\PSoC Creator\1\CapSense_CSD_P4_Design01.cydsn\Generated_Source\PSoC4\CyLib.c **** 
 261:C:\Program Files (x86)\Cypress\PSoC Creator\4.4\PSoC Creator\1\CapSense_CSD_P4_Design01.cydsn\Generated_Source\PSoC4\CyLib.c ****             flashCtlReg = CY_FLASH_CTL_REG;
 262:C:\Program Files (x86)\Cypress\PSoC Creator\4.4\PSoC Creator\1\CapSense_CSD_P4_Design01.cydsn\Generated_Source\PSoC4\CyLib.c ****             CySysFlashSetWaitCycles(CY_SYS_CLK_IMO_MAX_FREQ_MHZ);
 263:C:\Program Files (x86)\Cypress\PSoC Creator\4.4\PSoC Creator\1\CapSense_CSD_P4_Design01.cydsn\Generated_Source\PSoC4\CyLib.c ****             CY_SYS_CLK_WCO_CONFIG_REG |= CY_SYS_CLK_WCO_CONFIG_DPLL_ENABLE;
 264:C:\Program Files (x86)\Cypress\PSoC Creator\4.4\PSoC Creator\1\CapSense_CSD_P4_Design01.cydsn\Generated_Source\PSoC4\CyLib.c ****             CyDelay(CY_SYS_CLK_WCO_IMO_TIMEOUT_MS);
 265:C:\Program Files (x86)\Cypress\PSoC Creator\4.4\PSoC Creator\1\CapSense_CSD_P4_Design01.cydsn\Generated_Source\PSoC4\CyLib.c ****             CY_FLASH_CTL_REG = flashCtlReg;
 266:C:\Program Files (x86)\Cypress\PSoC Creator\4.4\PSoC Creator\1\CapSense_CSD_P4_Design01.cydsn\Generated_Source\PSoC4\CyLib.c **** 
 267:C:\Program Files (x86)\Cypress\PSoC Creator\4.4\PSoC Creator\1\CapSense_CSD_P4_Design01.cydsn\Generated_Source\PSoC4\CyLib.c ****             CyExitCriticalSection(interruptState);
 268:C:\Program Files (x86)\Cypress\PSoC Creator\4.4\PSoC Creator\1\CapSense_CSD_P4_Design01.cydsn\Generated_Source\PSoC4\CyLib.c ****         }
 269:C:\Program Files (x86)\Cypress\PSoC Creator\4.4\PSoC Creator\1\CapSense_CSD_P4_Design01.cydsn\Generated_Source\PSoC4\CyLib.c ****     }
 270:C:\Program Files (x86)\Cypress\PSoC Creator\4.4\PSoC Creator\1\CapSense_CSD_P4_Design01.cydsn\Generated_Source\PSoC4\CyLib.c **** 
 271:C:\Program Files (x86)\Cypress\PSoC Creator\4.4\PSoC Creator\1\CapSense_CSD_P4_Design01.cydsn\Generated_Source\PSoC4\CyLib.c **** 
 272:C:\Program Files (x86)\Cypress\PSoC Creator\4.4\PSoC Creator\1\CapSense_CSD_P4_Design01.cydsn\Generated_Source\PSoC4\CyLib.c ****     /*******************************************************************************
 273:C:\Program Files (x86)\Cypress\PSoC Creator\4.4\PSoC Creator\1\CapSense_CSD_P4_Design01.cydsn\Generated_Source\PSoC4\CyLib.c ****     * Function Name: CySysClkImoDisableWcoLock
 274:C:\Program Files (x86)\Cypress\PSoC Creator\4.4\PSoC Creator\1\CapSense_CSD_P4_Design01.cydsn\Generated_Source\PSoC4\CyLib.c ****     ****************************************************************************//**
 275:C:\Program Files (x86)\Cypress\PSoC Creator\4.4\PSoC Creator\1\CapSense_CSD_P4_Design01.cydsn\Generated_Source\PSoC4\CyLib.c ****     *
 276:C:\Program Files (x86)\Cypress\PSoC Creator\4.4\PSoC Creator\1\CapSense_CSD_P4_Design01.cydsn\Generated_Source\PSoC4\CyLib.c ****     * Disables the IMO to WCO lock feature.
 277:C:\Program Files (x86)\Cypress\PSoC Creator\4.4\PSoC Creator\1\CapSense_CSD_P4_Design01.cydsn\Generated_Source\PSoC4\CyLib.c ****     *
 278:C:\Program Files (x86)\Cypress\PSoC Creator\4.4\PSoC Creator\1\CapSense_CSD_P4_Design01.cydsn\Generated_Source\PSoC4\CyLib.c ****     * For PSoC 4200L devices, note that the IMO can lock to either WCO or USB
 279:C:\Program Files (x86)\Cypress\PSoC Creator\4.4\PSoC Creator\1\CapSense_CSD_P4_Design01.cydsn\Generated_Source\PSoC4\CyLib.c ****     * but not both.
 280:C:\Program Files (x86)\Cypress\PSoC Creator\4.4\PSoC Creator\1\CapSense_CSD_P4_Design01.cydsn\Generated_Source\PSoC4\CyLib.c ****     *
 281:C:\Program Files (x86)\Cypress\PSoC Creator\4.4\PSoC Creator\1\CapSense_CSD_P4_Design01.cydsn\Generated_Source\PSoC4\CyLib.c ****     * This function is applicable for PSoC 4100M / PSoC 4200M / PSoC 4000S /
 282:C:\Program Files (x86)\Cypress\PSoC Creator\4.4\PSoC Creator\1\CapSense_CSD_P4_Design01.cydsn\Generated_Source\PSoC4\CyLib.c ****     * PSoC 4100S / PSoC 4400 / PSoC 4200L.
 283:C:\Program Files (x86)\Cypress\PSoC Creator\4.4\PSoC Creator\1\CapSense_CSD_P4_Design01.cydsn\Generated_Source\PSoC4\CyLib.c ****     *
 284:C:\Program Files (x86)\Cypress\PSoC Creator\4.4\PSoC Creator\1\CapSense_CSD_P4_Design01.cydsn\Generated_Source\PSoC4\CyLib.c ****     *******************************************************************************/
 285:C:\Program Files (x86)\Cypress\PSoC Creator\4.4\PSoC Creator\1\CapSense_CSD_P4_Design01.cydsn\Generated_Source\PSoC4\CyLib.c ****     void CySysClkImoDisableWcoLock(void)
 286:C:\Program Files (x86)\Cypress\PSoC Creator\4.4\PSoC Creator\1\CapSense_CSD_P4_Design01.cydsn\Generated_Source\PSoC4\CyLib.c ****     {
 287:C:\Program Files (x86)\Cypress\PSoC Creator\4.4\PSoC Creator\1\CapSense_CSD_P4_Design01.cydsn\Generated_Source\PSoC4\CyLib.c ****         CY_SYS_CLK_WCO_CONFIG_REG &= (uint32) ~CY_SYS_CLK_WCO_CONFIG_DPLL_ENABLE;
 288:C:\Program Files (x86)\Cypress\PSoC Creator\4.4\PSoC Creator\1\CapSense_CSD_P4_Design01.cydsn\Generated_Source\PSoC4\CyLib.c ****     }
 289:C:\Program Files (x86)\Cypress\PSoC Creator\4.4\PSoC Creator\1\CapSense_CSD_P4_Design01.cydsn\Generated_Source\PSoC4\CyLib.c **** 
 290:C:\Program Files (x86)\Cypress\PSoC Creator\4.4\PSoC Creator\1\CapSense_CSD_P4_Design01.cydsn\Generated_Source\PSoC4\CyLib.c **** 
 291:C:\Program Files (x86)\Cypress\PSoC Creator\4.4\PSoC Creator\1\CapSense_CSD_P4_Design01.cydsn\Generated_Source\PSoC4\CyLib.c ****     /*******************************************************************************
 292:C:\Program Files (x86)\Cypress\PSoC Creator\4.4\PSoC Creator\1\CapSense_CSD_P4_Design01.cydsn\Generated_Source\PSoC4\CyLib.c ****     * Function Name: CySysClkImoGetWcoLock
 293:C:\Program Files (x86)\Cypress\PSoC Creator\4.4\PSoC Creator\1\CapSense_CSD_P4_Design01.cydsn\Generated_Source\PSoC4\CyLib.c ****     ****************************************************************************//**
 294:C:\Program Files (x86)\Cypress\PSoC Creator\4.4\PSoC Creator\1\CapSense_CSD_P4_Design01.cydsn\Generated_Source\PSoC4\CyLib.c ****     *
 295:C:\Program Files (x86)\Cypress\PSoC Creator\4.4\PSoC Creator\1\CapSense_CSD_P4_Design01.cydsn\Generated_Source\PSoC4\CyLib.c ****     * Reports the IMO to WCO lock enable state.
 296:C:\Program Files (x86)\Cypress\PSoC Creator\4.4\PSoC Creator\1\CapSense_CSD_P4_Design01.cydsn\Generated_Source\PSoC4\CyLib.c ****     *
 297:C:\Program Files (x86)\Cypress\PSoC Creator\4.4\PSoC Creator\1\CapSense_CSD_P4_Design01.cydsn\Generated_Source\PSoC4\CyLib.c ****     * This function is applicable for PSoC 4100M / PSoC 4200M / PSoC 4000S /
 298:C:\Program Files (x86)\Cypress\PSoC Creator\4.4\PSoC Creator\1\CapSense_CSD_P4_Design01.cydsn\Generated_Source\PSoC4\CyLib.c ****     * PSoC 4100S / PSoC 4400 / PSoC 4200L.
 299:C:\Program Files (x86)\Cypress\PSoC Creator\4.4\PSoC Creator\1\CapSense_CSD_P4_Design01.cydsn\Generated_Source\PSoC4\CyLib.c ****     *
 300:C:\Program Files (x86)\Cypress\PSoC Creator\4.4\PSoC Creator\1\CapSense_CSD_P4_Design01.cydsn\Generated_Source\PSoC4\CyLib.c ****     * \return 1 if IMO to WCO lock is enabled.
 301:C:\Program Files (x86)\Cypress\PSoC Creator\4.4\PSoC Creator\1\CapSense_CSD_P4_Design01.cydsn\Generated_Source\PSoC4\CyLib.c ****     * \return 0 if IMO to WCO lock is disabled.
 302:C:\Program Files (x86)\Cypress\PSoC Creator\4.4\PSoC Creator\1\CapSense_CSD_P4_Design01.cydsn\Generated_Source\PSoC4\CyLib.c ****     *
 303:C:\Program Files (x86)\Cypress\PSoC Creator\4.4\PSoC Creator\1\CapSense_CSD_P4_Design01.cydsn\Generated_Source\PSoC4\CyLib.c ****     *******************************************************************************/
 304:C:\Program Files (x86)\Cypress\PSoC Creator\4.4\PSoC Creator\1\CapSense_CSD_P4_Design01.cydsn\Generated_Source\PSoC4\CyLib.c ****     uint32 CySysClkImoGetWcoLock(void)
 305:C:\Program Files (x86)\Cypress\PSoC Creator\4.4\PSoC Creator\1\CapSense_CSD_P4_Design01.cydsn\Generated_Source\PSoC4\CyLib.c ****     {
 306:C:\Program Files (x86)\Cypress\PSoC Creator\4.4\PSoC Creator\1\CapSense_CSD_P4_Design01.cydsn\Generated_Source\PSoC4\CyLib.c ****         return ((0u != (CY_SYS_CLK_WCO_CONFIG_REG & CY_SYS_CLK_WCO_CONFIG_DPLL_ENABLE)) ?
 307:C:\Program Files (x86)\Cypress\PSoC Creator\4.4\PSoC Creator\1\CapSense_CSD_P4_Design01.cydsn\Generated_Source\PSoC4\CyLib.c ****                 (uint32) 1u :
 308:C:\Program Files (x86)\Cypress\PSoC Creator\4.4\PSoC Creator\1\CapSense_CSD_P4_Design01.cydsn\Generated_Source\PSoC4\CyLib.c ****                 (uint32) 0u);
 309:C:\Program Files (x86)\Cypress\PSoC Creator\4.4\PSoC Creator\1\CapSense_CSD_P4_Design01.cydsn\Generated_Source\PSoC4\CyLib.c ****     }
 310:C:\Program Files (x86)\Cypress\PSoC Creator\4.4\PSoC Creator\1\CapSense_CSD_P4_Design01.cydsn\Generated_Source\PSoC4\CyLib.c **** 
 311:C:\Program Files (x86)\Cypress\PSoC Creator\4.4\PSoC Creator\1\CapSense_CSD_P4_Design01.cydsn\Generated_Source\PSoC4\CyLib.c **** #endif /* (CY_IP_IMO_TRIMMABLE_BY_WCO) */
 312:C:\Program Files (x86)\Cypress\PSoC Creator\4.4\PSoC Creator\1\CapSense_CSD_P4_Design01.cydsn\Generated_Source\PSoC4\CyLib.c **** 
 313:C:\Program Files (x86)\Cypress\PSoC Creator\4.4\PSoC Creator\1\CapSense_CSD_P4_Design01.cydsn\Generated_Source\PSoC4\CyLib.c **** 
 314:C:\Program Files (x86)\Cypress\PSoC Creator\4.4\PSoC Creator\1\CapSense_CSD_P4_Design01.cydsn\Generated_Source\PSoC4\CyLib.c **** #if (CY_IP_IMO_TRIMMABLE_BY_USB)
ARM GAS  C:\Users\taips\AppData\Local\Temp\ccbT16OQ.s 			page 10


 315:C:\Program Files (x86)\Cypress\PSoC Creator\4.4\PSoC Creator\1\CapSense_CSD_P4_Design01.cydsn\Generated_Source\PSoC4\CyLib.c **** 
 316:C:\Program Files (x86)\Cypress\PSoC Creator\4.4\PSoC Creator\1\CapSense_CSD_P4_Design01.cydsn\Generated_Source\PSoC4\CyLib.c ****     /*******************************************************************************
 317:C:\Program Files (x86)\Cypress\PSoC Creator\4.4\PSoC Creator\1\CapSense_CSD_P4_Design01.cydsn\Generated_Source\PSoC4\CyLib.c ****     * Function Name: CySysClkImoEnableUsbLock
 318:C:\Program Files (x86)\Cypress\PSoC Creator\4.4\PSoC Creator\1\CapSense_CSD_P4_Design01.cydsn\Generated_Source\PSoC4\CyLib.c ****     ****************************************************************************//**
 319:C:\Program Files (x86)\Cypress\PSoC Creator\4.4\PSoC Creator\1\CapSense_CSD_P4_Design01.cydsn\Generated_Source\PSoC4\CyLib.c ****     *
 320:C:\Program Files (x86)\Cypress\PSoC Creator\4.4\PSoC Creator\1\CapSense_CSD_P4_Design01.cydsn\Generated_Source\PSoC4\CyLib.c ****     * Enables the IMO to USB lock feature.
 321:C:\Program Files (x86)\Cypress\PSoC Creator\4.4\PSoC Creator\1\CapSense_CSD_P4_Design01.cydsn\Generated_Source\PSoC4\CyLib.c ****     *
 322:C:\Program Files (x86)\Cypress\PSoC Creator\4.4\PSoC Creator\1\CapSense_CSD_P4_Design01.cydsn\Generated_Source\PSoC4\CyLib.c ****     * This function must be called before CySysClkWriteImoFreq().
 323:C:\Program Files (x86)\Cypress\PSoC Creator\4.4\PSoC Creator\1\CapSense_CSD_P4_Design01.cydsn\Generated_Source\PSoC4\CyLib.c ****     *
 324:C:\Program Files (x86)\Cypress\PSoC Creator\4.4\PSoC Creator\1\CapSense_CSD_P4_Design01.cydsn\Generated_Source\PSoC4\CyLib.c ****     * This function is called from CySysClkImoStart() function if USB lock
 325:C:\Program Files (x86)\Cypress\PSoC Creator\4.4\PSoC Creator\1\CapSense_CSD_P4_Design01.cydsn\Generated_Source\PSoC4\CyLib.c ****     * selected in the Design Wide Resources tab.
 326:C:\Program Files (x86)\Cypress\PSoC Creator\4.4\PSoC Creator\1\CapSense_CSD_P4_Design01.cydsn\Generated_Source\PSoC4\CyLib.c ****     *
 327:C:\Program Files (x86)\Cypress\PSoC Creator\4.4\PSoC Creator\1\CapSense_CSD_P4_Design01.cydsn\Generated_Source\PSoC4\CyLib.c ****     * This is applicable for PSoC 4200L family of devices only. For PSoC 4200L
 328:C:\Program Files (x86)\Cypress\PSoC Creator\4.4\PSoC Creator\1\CapSense_CSD_P4_Design01.cydsn\Generated_Source\PSoC4\CyLib.c ****     * devices, the IMO can lock to either WCO or USB, but not both.
 329:C:\Program Files (x86)\Cypress\PSoC Creator\4.4\PSoC Creator\1\CapSense_CSD_P4_Design01.cydsn\Generated_Source\PSoC4\CyLib.c ****     *
 330:C:\Program Files (x86)\Cypress\PSoC Creator\4.4\PSoC Creator\1\CapSense_CSD_P4_Design01.cydsn\Generated_Source\PSoC4\CyLib.c ****     *******************************************************************************/
 331:C:\Program Files (x86)\Cypress\PSoC Creator\4.4\PSoC Creator\1\CapSense_CSD_P4_Design01.cydsn\Generated_Source\PSoC4\CyLib.c ****     void CySysClkImoEnableUsbLock(void)
 332:C:\Program Files (x86)\Cypress\PSoC Creator\4.4\PSoC Creator\1\CapSense_CSD_P4_Design01.cydsn\Generated_Source\PSoC4\CyLib.c ****     {
 333:C:\Program Files (x86)\Cypress\PSoC Creator\4.4\PSoC Creator\1\CapSense_CSD_P4_Design01.cydsn\Generated_Source\PSoC4\CyLib.c ****         /* Set oscillator interface control port to USB */
 334:C:\Program Files (x86)\Cypress\PSoC Creator\4.4\PSoC Creator\1\CapSense_CSD_P4_Design01.cydsn\Generated_Source\PSoC4\CyLib.c ****         #if (CY_IP_IMO_TRIMMABLE_BY_WCO && CY_IP_IMO_TRIMMABLE_BY_USB)
 335:C:\Program Files (x86)\Cypress\PSoC Creator\4.4\PSoC Creator\1\CapSense_CSD_P4_Design01.cydsn\Generated_Source\PSoC4\CyLib.c ****             CY_SYS_CLK_OSCINTF_CTL_REG = (CY_SYS_CLK_OSCINTF_CTL_REG & (uint32) ~CY_SYS_CLK_OSCINTF
 336:C:\Program Files (x86)\Cypress\PSoC Creator\4.4\PSoC Creator\1\CapSense_CSD_P4_Design01.cydsn\Generated_Source\PSoC4\CyLib.c ****                                           CY_SYS_CLK_OSCINTF_CTL_PORT_SEL_USB;
 337:C:\Program Files (x86)\Cypress\PSoC Creator\4.4\PSoC Creator\1\CapSense_CSD_P4_Design01.cydsn\Generated_Source\PSoC4\CyLib.c ****         #endif /* (CY_IP_IMO_TRIMMABLE_BY_WCO && CY_IP_IMO_TRIMMABLE_BY_USB) */
 338:C:\Program Files (x86)\Cypress\PSoC Creator\4.4\PSoC Creator\1\CapSense_CSD_P4_Design01.cydsn\Generated_Source\PSoC4\CyLib.c **** 
 339:C:\Program Files (x86)\Cypress\PSoC Creator\4.4\PSoC Creator\1\CapSense_CSD_P4_Design01.cydsn\Generated_Source\PSoC4\CyLib.c ****         #if(CY_IP_SRSSV2)
 340:C:\Program Files (x86)\Cypress\PSoC Creator\4.4\PSoC Creator\1\CapSense_CSD_P4_Design01.cydsn\Generated_Source\PSoC4\CyLib.c ****             /* Save CY_SYS_CLK_IMO_TRIM4_REG and set IMO gain for USB lock */
 341:C:\Program Files (x86)\Cypress\PSoC Creator\4.4\PSoC Creator\1\CapSense_CSD_P4_Design01.cydsn\Generated_Source\PSoC4\CyLib.c ****             CySysClkImoTrim4 = CY_SYS_CLK_IMO_TRIM4_REG & (uint32) ~CY_SYS_CLK_IMO_TRIM4_GAIN_MASK;
 342:C:\Program Files (x86)\Cypress\PSoC Creator\4.4\PSoC Creator\1\CapSense_CSD_P4_Design01.cydsn\Generated_Source\PSoC4\CyLib.c ****             CY_SYS_CLK_IMO_TRIM4_REG = (CY_SYS_CLK_IMO_TRIM4_REG & (uint32) ~CY_SYS_CLK_IMO_TRIM4_G
 343:C:\Program Files (x86)\Cypress\PSoC Creator\4.4\PSoC Creator\1\CapSense_CSD_P4_Design01.cydsn\Generated_Source\PSoC4\CyLib.c ****                                         CY_SYS_CLK_IMO_TRIM4_USB_GAIN;
 344:C:\Program Files (x86)\Cypress\PSoC Creator\4.4\PSoC Creator\1\CapSense_CSD_P4_Design01.cydsn\Generated_Source\PSoC4\CyLib.c ****         #endif  /* (CY_IP_SRSSV2) */
 345:C:\Program Files (x86)\Cypress\PSoC Creator\4.4\PSoC Creator\1\CapSense_CSD_P4_Design01.cydsn\Generated_Source\PSoC4\CyLib.c **** 
 346:C:\Program Files (x86)\Cypress\PSoC Creator\4.4\PSoC Creator\1\CapSense_CSD_P4_Design01.cydsn\Generated_Source\PSoC4\CyLib.c ****         CY_SYS_CLK_USBDEVv2_CR1_REG |= CY_SYS_CLK_USBDEVv2_CR1_ENABLE_LOCK;
 347:C:\Program Files (x86)\Cypress\PSoC Creator\4.4\PSoC Creator\1\CapSense_CSD_P4_Design01.cydsn\Generated_Source\PSoC4\CyLib.c ****     }
 348:C:\Program Files (x86)\Cypress\PSoC Creator\4.4\PSoC Creator\1\CapSense_CSD_P4_Design01.cydsn\Generated_Source\PSoC4\CyLib.c **** 
 349:C:\Program Files (x86)\Cypress\PSoC Creator\4.4\PSoC Creator\1\CapSense_CSD_P4_Design01.cydsn\Generated_Source\PSoC4\CyLib.c **** 
 350:C:\Program Files (x86)\Cypress\PSoC Creator\4.4\PSoC Creator\1\CapSense_CSD_P4_Design01.cydsn\Generated_Source\PSoC4\CyLib.c ****     /*******************************************************************************
 351:C:\Program Files (x86)\Cypress\PSoC Creator\4.4\PSoC Creator\1\CapSense_CSD_P4_Design01.cydsn\Generated_Source\PSoC4\CyLib.c ****     * Function Name: CySysClkImoDisableUsbLock
 352:C:\Program Files (x86)\Cypress\PSoC Creator\4.4\PSoC Creator\1\CapSense_CSD_P4_Design01.cydsn\Generated_Source\PSoC4\CyLib.c ****     ****************************************************************************//**
 353:C:\Program Files (x86)\Cypress\PSoC Creator\4.4\PSoC Creator\1\CapSense_CSD_P4_Design01.cydsn\Generated_Source\PSoC4\CyLib.c ****     *
 354:C:\Program Files (x86)\Cypress\PSoC Creator\4.4\PSoC Creator\1\CapSense_CSD_P4_Design01.cydsn\Generated_Source\PSoC4\CyLib.c ****     * Disables the IMO to USB lock feature.
 355:C:\Program Files (x86)\Cypress\PSoC Creator\4.4\PSoC Creator\1\CapSense_CSD_P4_Design01.cydsn\Generated_Source\PSoC4\CyLib.c ****     *
 356:C:\Program Files (x86)\Cypress\PSoC Creator\4.4\PSoC Creator\1\CapSense_CSD_P4_Design01.cydsn\Generated_Source\PSoC4\CyLib.c ****     * This function is called from CySysClkImoStop() function if USB lock selected
 357:C:\Program Files (x86)\Cypress\PSoC Creator\4.4\PSoC Creator\1\CapSense_CSD_P4_Design01.cydsn\Generated_Source\PSoC4\CyLib.c ****     * in the Design Wide Resources tab.
 358:C:\Program Files (x86)\Cypress\PSoC Creator\4.4\PSoC Creator\1\CapSense_CSD_P4_Design01.cydsn\Generated_Source\PSoC4\CyLib.c ****     *
 359:C:\Program Files (x86)\Cypress\PSoC Creator\4.4\PSoC Creator\1\CapSense_CSD_P4_Design01.cydsn\Generated_Source\PSoC4\CyLib.c ****     * This is applicable for PSoC 4200L family of devices only. For PSoC 4200L
 360:C:\Program Files (x86)\Cypress\PSoC Creator\4.4\PSoC Creator\1\CapSense_CSD_P4_Design01.cydsn\Generated_Source\PSoC4\CyLib.c ****     * devices, the IMO can lock to either WCO or USB, but not both.
 361:C:\Program Files (x86)\Cypress\PSoC Creator\4.4\PSoC Creator\1\CapSense_CSD_P4_Design01.cydsn\Generated_Source\PSoC4\CyLib.c ****     *
 362:C:\Program Files (x86)\Cypress\PSoC Creator\4.4\PSoC Creator\1\CapSense_CSD_P4_Design01.cydsn\Generated_Source\PSoC4\CyLib.c ****     *******************************************************************************/
 363:C:\Program Files (x86)\Cypress\PSoC Creator\4.4\PSoC Creator\1\CapSense_CSD_P4_Design01.cydsn\Generated_Source\PSoC4\CyLib.c ****     void CySysClkImoDisableUsbLock(void)
 364:C:\Program Files (x86)\Cypress\PSoC Creator\4.4\PSoC Creator\1\CapSense_CSD_P4_Design01.cydsn\Generated_Source\PSoC4\CyLib.c ****     {
 365:C:\Program Files (x86)\Cypress\PSoC Creator\4.4\PSoC Creator\1\CapSense_CSD_P4_Design01.cydsn\Generated_Source\PSoC4\CyLib.c ****         CY_SYS_CLK_USBDEVv2_CR1_REG &= (uint32) ~CY_SYS_CLK_USBDEVv2_CR1_ENABLE_LOCK;
 366:C:\Program Files (x86)\Cypress\PSoC Creator\4.4\PSoC Creator\1\CapSense_CSD_P4_Design01.cydsn\Generated_Source\PSoC4\CyLib.c **** 
 367:C:\Program Files (x86)\Cypress\PSoC Creator\4.4\PSoC Creator\1\CapSense_CSD_P4_Design01.cydsn\Generated_Source\PSoC4\CyLib.c ****         #if(CY_IP_SRSSV2)
 368:C:\Program Files (x86)\Cypress\PSoC Creator\4.4\PSoC Creator\1\CapSense_CSD_P4_Design01.cydsn\Generated_Source\PSoC4\CyLib.c ****             /* Restore CY_SYS_CLK_IMO_TRIM4_REG */
 369:C:\Program Files (x86)\Cypress\PSoC Creator\4.4\PSoC Creator\1\CapSense_CSD_P4_Design01.cydsn\Generated_Source\PSoC4\CyLib.c ****             CY_SYS_CLK_IMO_TRIM4_REG = (CY_SYS_CLK_IMO_TRIM4_REG & (uint32) ~CY_SYS_CLK_IMO_TRIM4_G
 370:C:\Program Files (x86)\Cypress\PSoC Creator\4.4\PSoC Creator\1\CapSense_CSD_P4_Design01.cydsn\Generated_Source\PSoC4\CyLib.c ****                                     CySysClkImoTrim4;
 371:C:\Program Files (x86)\Cypress\PSoC Creator\4.4\PSoC Creator\1\CapSense_CSD_P4_Design01.cydsn\Generated_Source\PSoC4\CyLib.c ****         #endif  /* (CY_IP_SRSSV2) */
ARM GAS  C:\Users\taips\AppData\Local\Temp\ccbT16OQ.s 			page 11


 372:C:\Program Files (x86)\Cypress\PSoC Creator\4.4\PSoC Creator\1\CapSense_CSD_P4_Design01.cydsn\Generated_Source\PSoC4\CyLib.c ****     }
 373:C:\Program Files (x86)\Cypress\PSoC Creator\4.4\PSoC Creator\1\CapSense_CSD_P4_Design01.cydsn\Generated_Source\PSoC4\CyLib.c **** 
 374:C:\Program Files (x86)\Cypress\PSoC Creator\4.4\PSoC Creator\1\CapSense_CSD_P4_Design01.cydsn\Generated_Source\PSoC4\CyLib.c **** 
 375:C:\Program Files (x86)\Cypress\PSoC Creator\4.4\PSoC Creator\1\CapSense_CSD_P4_Design01.cydsn\Generated_Source\PSoC4\CyLib.c ****     /*******************************************************************************
 376:C:\Program Files (x86)\Cypress\PSoC Creator\4.4\PSoC Creator\1\CapSense_CSD_P4_Design01.cydsn\Generated_Source\PSoC4\CyLib.c ****     * Function Name: CySysClkImoGetUsbLock
 377:C:\Program Files (x86)\Cypress\PSoC Creator\4.4\PSoC Creator\1\CapSense_CSD_P4_Design01.cydsn\Generated_Source\PSoC4\CyLib.c ****     ****************************************************************************//**
 378:C:\Program Files (x86)\Cypress\PSoC Creator\4.4\PSoC Creator\1\CapSense_CSD_P4_Design01.cydsn\Generated_Source\PSoC4\CyLib.c ****     *
 379:C:\Program Files (x86)\Cypress\PSoC Creator\4.4\PSoC Creator\1\CapSense_CSD_P4_Design01.cydsn\Generated_Source\PSoC4\CyLib.c ****     * Reports the IMO to USB lock enable state.
 380:C:\Program Files (x86)\Cypress\PSoC Creator\4.4\PSoC Creator\1\CapSense_CSD_P4_Design01.cydsn\Generated_Source\PSoC4\CyLib.c ****     *
 381:C:\Program Files (x86)\Cypress\PSoC Creator\4.4\PSoC Creator\1\CapSense_CSD_P4_Design01.cydsn\Generated_Source\PSoC4\CyLib.c ****     * This is applicable for PSoC 4200L family of devices only. For PSoC 4200L
 382:C:\Program Files (x86)\Cypress\PSoC Creator\4.4\PSoC Creator\1\CapSense_CSD_P4_Design01.cydsn\Generated_Source\PSoC4\CyLib.c ****     * devices, the IMO can lock to either WCO or USB, but not both.
 383:C:\Program Files (x86)\Cypress\PSoC Creator\4.4\PSoC Creator\1\CapSense_CSD_P4_Design01.cydsn\Generated_Source\PSoC4\CyLib.c ****     *
 384:C:\Program Files (x86)\Cypress\PSoC Creator\4.4\PSoC Creator\1\CapSense_CSD_P4_Design01.cydsn\Generated_Source\PSoC4\CyLib.c ****     * \return 1 if IMO to USB lock is enabled.
 385:C:\Program Files (x86)\Cypress\PSoC Creator\4.4\PSoC Creator\1\CapSense_CSD_P4_Design01.cydsn\Generated_Source\PSoC4\CyLib.c ****     * \return 0 if IMO to USB lock is disabled.
 386:C:\Program Files (x86)\Cypress\PSoC Creator\4.4\PSoC Creator\1\CapSense_CSD_P4_Design01.cydsn\Generated_Source\PSoC4\CyLib.c ****     *
 387:C:\Program Files (x86)\Cypress\PSoC Creator\4.4\PSoC Creator\1\CapSense_CSD_P4_Design01.cydsn\Generated_Source\PSoC4\CyLib.c ****     *******************************************************************************/
 388:C:\Program Files (x86)\Cypress\PSoC Creator\4.4\PSoC Creator\1\CapSense_CSD_P4_Design01.cydsn\Generated_Source\PSoC4\CyLib.c ****     uint32 CySysClkImoGetUsbLock(void)
 389:C:\Program Files (x86)\Cypress\PSoC Creator\4.4\PSoC Creator\1\CapSense_CSD_P4_Design01.cydsn\Generated_Source\PSoC4\CyLib.c ****     {
 390:C:\Program Files (x86)\Cypress\PSoC Creator\4.4\PSoC Creator\1\CapSense_CSD_P4_Design01.cydsn\Generated_Source\PSoC4\CyLib.c ****         return ((0u != (CY_SYS_CLK_USBDEVv2_CR1_REG & CY_SYS_CLK_USBDEVv2_CR1_ENABLE_LOCK)) ?
 391:C:\Program Files (x86)\Cypress\PSoC Creator\4.4\PSoC Creator\1\CapSense_CSD_P4_Design01.cydsn\Generated_Source\PSoC4\CyLib.c ****                 (uint32) 1u :
 392:C:\Program Files (x86)\Cypress\PSoC Creator\4.4\PSoC Creator\1\CapSense_CSD_P4_Design01.cydsn\Generated_Source\PSoC4\CyLib.c ****                 (uint32) 0u);
 393:C:\Program Files (x86)\Cypress\PSoC Creator\4.4\PSoC Creator\1\CapSense_CSD_P4_Design01.cydsn\Generated_Source\PSoC4\CyLib.c ****     }
 394:C:\Program Files (x86)\Cypress\PSoC Creator\4.4\PSoC Creator\1\CapSense_CSD_P4_Design01.cydsn\Generated_Source\PSoC4\CyLib.c **** #endif  /* (CY_IP_IMO_TRIMMABLE_BY_USB) */
 395:C:\Program Files (x86)\Cypress\PSoC Creator\4.4\PSoC Creator\1\CapSense_CSD_P4_Design01.cydsn\Generated_Source\PSoC4\CyLib.c **** 
 396:C:\Program Files (x86)\Cypress\PSoC Creator\4.4\PSoC Creator\1\CapSense_CSD_P4_Design01.cydsn\Generated_Source\PSoC4\CyLib.c **** 
 397:C:\Program Files (x86)\Cypress\PSoC Creator\4.4\PSoC Creator\1\CapSense_CSD_P4_Design01.cydsn\Generated_Source\PSoC4\CyLib.c **** 
 398:C:\Program Files (x86)\Cypress\PSoC Creator\4.4\PSoC Creator\1\CapSense_CSD_P4_Design01.cydsn\Generated_Source\PSoC4\CyLib.c **** /*******************************************************************************
 399:C:\Program Files (x86)\Cypress\PSoC Creator\4.4\PSoC Creator\1\CapSense_CSD_P4_Design01.cydsn\Generated_Source\PSoC4\CyLib.c **** * Function Name: CySysClkWriteHfclkDirect
 400:C:\Program Files (x86)\Cypress\PSoC Creator\4.4\PSoC Creator\1\CapSense_CSD_P4_Design01.cydsn\Generated_Source\PSoC4\CyLib.c **** ****************************************************************************//**
 401:C:\Program Files (x86)\Cypress\PSoC Creator\4.4\PSoC Creator\1\CapSense_CSD_P4_Design01.cydsn\Generated_Source\PSoC4\CyLib.c **** *
 402:C:\Program Files (x86)\Cypress\PSoC Creator\4.4\PSoC Creator\1\CapSense_CSD_P4_Design01.cydsn\Generated_Source\PSoC4\CyLib.c **** * Selects the direct source for the HFCLK.
 403:C:\Program Files (x86)\Cypress\PSoC Creator\4.4\PSoC Creator\1\CapSense_CSD_P4_Design01.cydsn\Generated_Source\PSoC4\CyLib.c **** *
 404:C:\Program Files (x86)\Cypress\PSoC Creator\4.4\PSoC Creator\1\CapSense_CSD_P4_Design01.cydsn\Generated_Source\PSoC4\CyLib.c **** * The new source must be running and stable before calling this function.
 405:C:\Program Files (x86)\Cypress\PSoC Creator\4.4\PSoC Creator\1\CapSense_CSD_P4_Design01.cydsn\Generated_Source\PSoC4\CyLib.c **** *
 406:C:\Program Files (x86)\Cypress\PSoC Creator\4.4\PSoC Creator\1\CapSense_CSD_P4_Design01.cydsn\Generated_Source\PSoC4\CyLib.c **** * PSoC 4000:
 407:C:\Program Files (x86)\Cypress\PSoC Creator\4.4\PSoC Creator\1\CapSense_CSD_P4_Design01.cydsn\Generated_Source\PSoC4\CyLib.c **** * The SYSCLK has a maximum speed of 16 MHz, so HFCLK and SYSCLK dividers should
 408:C:\Program Files (x86)\Cypress\PSoC Creator\4.4\PSoC Creator\1\CapSense_CSD_P4_Design01.cydsn\Generated_Source\PSoC4\CyLib.c **** * be selected in a way to not to exceed 16 MHz for the System clock.
 409:C:\Program Files (x86)\Cypress\PSoC Creator\4.4\PSoC Creator\1\CapSense_CSD_P4_Design01.cydsn\Generated_Source\PSoC4\CyLib.c **** *
 410:C:\Program Files (x86)\Cypress\PSoC Creator\4.4\PSoC Creator\1\CapSense_CSD_P4_Design01.cydsn\Generated_Source\PSoC4\CyLib.c **** * If the SYSCLK clock frequency increases during device operation, call
 411:C:\Program Files (x86)\Cypress\PSoC Creator\4.4\PSoC Creator\1\CapSense_CSD_P4_Design01.cydsn\Generated_Source\PSoC4\CyLib.c **** * CySysFlashSetWaitCycles() with the appropriate parameter to adjust the number
 412:C:\Program Files (x86)\Cypress\PSoC Creator\4.4\PSoC Creator\1\CapSense_CSD_P4_Design01.cydsn\Generated_Source\PSoC4\CyLib.c **** * of clock cycles the cache will wait before sampling data comes back from
 413:C:\Program Files (x86)\Cypress\PSoC Creator\4.4\PSoC Creator\1\CapSense_CSD_P4_Design01.cydsn\Generated_Source\PSoC4\CyLib.c **** * Flash. If the SYSCLK clock frequency decreases, you can call
 414:C:\Program Files (x86)\Cypress\PSoC Creator\4.4\PSoC Creator\1\CapSense_CSD_P4_Design01.cydsn\Generated_Source\PSoC4\CyLib.c **** * CySysFlashSetWaitCycles() to improve the CPU performance. See
 415:C:\Program Files (x86)\Cypress\PSoC Creator\4.4\PSoC Creator\1\CapSense_CSD_P4_Design01.cydsn\Generated_Source\PSoC4\CyLib.c **** * CySysFlashSetWaitCycles() description for more information.
 416:C:\Program Files (x86)\Cypress\PSoC Creator\4.4\PSoC Creator\1\CapSense_CSD_P4_Design01.cydsn\Generated_Source\PSoC4\CyLib.c **** *
 417:C:\Program Files (x86)\Cypress\PSoC Creator\4.4\PSoC Creator\1\CapSense_CSD_P4_Design01.cydsn\Generated_Source\PSoC4\CyLib.c **** * Do not select PLL as the source for HFCLK if PLL output frequency exceeds
 418:C:\Program Files (x86)\Cypress\PSoC Creator\4.4\PSoC Creator\1\CapSense_CSD_P4_Design01.cydsn\Generated_Source\PSoC4\CyLib.c **** * maximum permissible value for HFCLK.
 419:C:\Program Files (x86)\Cypress\PSoC Creator\4.4\PSoC Creator\1\CapSense_CSD_P4_Design01.cydsn\Generated_Source\PSoC4\CyLib.c **** *
 420:C:\Program Files (x86)\Cypress\PSoC Creator\4.4\PSoC Creator\1\CapSense_CSD_P4_Design01.cydsn\Generated_Source\PSoC4\CyLib.c **** * \param clkSelect One of the available HFCLK direct sources.
 421:C:\Program Files (x86)\Cypress\PSoC Creator\4.4\PSoC Creator\1\CapSense_CSD_P4_Design01.cydsn\Generated_Source\PSoC4\CyLib.c **** * CY_SYS_CLK_HFCLK_IMO     IMO.
 422:C:\Program Files (x86)\Cypress\PSoC Creator\4.4\PSoC Creator\1\CapSense_CSD_P4_Design01.cydsn\Generated_Source\PSoC4\CyLib.c **** * CY_SYS_CLK_HFCLK_EXTCLK  External clock pin.
 423:C:\Program Files (x86)\Cypress\PSoC Creator\4.4\PSoC Creator\1\CapSense_CSD_P4_Design01.cydsn\Generated_Source\PSoC4\CyLib.c **** * CY_SYS_CLK_HFCLK_ECO     External crystal oscillator. Applicable for
 424:C:\Program Files (x86)\Cypress\PSoC Creator\4.4\PSoC Creator\1\CapSense_CSD_P4_Design01.cydsn\Generated_Source\PSoC4\CyLib.c **** *                          PSoC 4100 BLE / PSoC 4200 BLE / PSoC 4200L.
 425:C:\Program Files (x86)\Cypress\PSoC Creator\4.4\PSoC Creator\1\CapSense_CSD_P4_Design01.cydsn\Generated_Source\PSoC4\CyLib.c **** * CY_SYS_CLK_HFCLK_PLL0    PLL#0. Applicable for PSoC 4200L.
 426:C:\Program Files (x86)\Cypress\PSoC Creator\4.4\PSoC Creator\1\CapSense_CSD_P4_Design01.cydsn\Generated_Source\PSoC4\CyLib.c **** * CY_SYS_CLK_HFCLK_PLL1    PLL#1. Applicable for PSoC 4200L.
 427:C:\Program Files (x86)\Cypress\PSoC Creator\4.4\PSoC Creator\1\CapSense_CSD_P4_Design01.cydsn\Generated_Source\PSoC4\CyLib.c **** *
 428:C:\Program Files (x86)\Cypress\PSoC Creator\4.4\PSoC Creator\1\CapSense_CSD_P4_Design01.cydsn\Generated_Source\PSoC4\CyLib.c **** *******************************************************************************/
ARM GAS  C:\Users\taips\AppData\Local\Temp\ccbT16OQ.s 			page 12


 429:C:\Program Files (x86)\Cypress\PSoC Creator\4.4\PSoC Creator\1\CapSense_CSD_P4_Design01.cydsn\Generated_Source\PSoC4\CyLib.c **** void CySysClkWriteHfclkDirect(uint32 clkSelect)
 430:C:\Program Files (x86)\Cypress\PSoC Creator\4.4\PSoC Creator\1\CapSense_CSD_P4_Design01.cydsn\Generated_Source\PSoC4\CyLib.c **** {
 196              		.loc 1 430 0
 197              		.cfi_startproc
 198              		@ args = 0, pretend = 0, frame = 16
 199              		@ frame_needed = 1, uses_anonymous_args = 0
 200 0000 90B5     		push	{r4, r7, lr}
 201              		.cfi_def_cfa_offset 12
 202              		.cfi_offset 4, -12
 203              		.cfi_offset 7, -8
 204              		.cfi_offset 14, -4
 205 0002 85B0     		sub	sp, sp, #20
 206              		.cfi_def_cfa_offset 32
 207 0004 00AF     		add	r7, sp, #0
 208              		.cfi_def_cfa_register 7
 209 0006 7860     		str	r0, [r7, #4]
 431:C:\Program Files (x86)\Cypress\PSoC Creator\4.4\PSoC Creator\1\CapSense_CSD_P4_Design01.cydsn\Generated_Source\PSoC4\CyLib.c ****     uint8  interruptState;
 432:C:\Program Files (x86)\Cypress\PSoC Creator\4.4\PSoC Creator\1\CapSense_CSD_P4_Design01.cydsn\Generated_Source\PSoC4\CyLib.c ****     uint32 tmpReg;
 433:C:\Program Files (x86)\Cypress\PSoC Creator\4.4\PSoC Creator\1\CapSense_CSD_P4_Design01.cydsn\Generated_Source\PSoC4\CyLib.c **** 
 434:C:\Program Files (x86)\Cypress\PSoC Creator\4.4\PSoC Creator\1\CapSense_CSD_P4_Design01.cydsn\Generated_Source\PSoC4\CyLib.c ****     interruptState = CyEnterCriticalSection();
 210              		.loc 1 434 0
 211 0008 0F23     		movs	r3, #15
 212 000a FC18     		adds	r4, r7, r3
 213 000c FFF7FEFF 		bl	CyEnterCriticalSection
 214 0010 0300     		movs	r3, r0
 215 0012 2370     		strb	r3, [r4]
 435:C:\Program Files (x86)\Cypress\PSoC Creator\4.4\PSoC Creator\1\CapSense_CSD_P4_Design01.cydsn\Generated_Source\PSoC4\CyLib.c **** 
 436:C:\Program Files (x86)\Cypress\PSoC Creator\4.4\PSoC Creator\1\CapSense_CSD_P4_Design01.cydsn\Generated_Source\PSoC4\CyLib.c **** 
 437:C:\Program Files (x86)\Cypress\PSoC Creator\4.4\PSoC Creator\1\CapSense_CSD_P4_Design01.cydsn\Generated_Source\PSoC4\CyLib.c ****     tmpReg = CY_SYS_CLK_SELECT_REG & ~(CY_SYS_CLK_SELECT_DIRECT_SEL_MASK |
 216              		.loc 1 437 0
 217 0014 0B4B     		ldr	r3, .L8
 218 0016 1B68     		ldr	r3, [r3]
 219 0018 0722     		movs	r2, #7
 220 001a 9343     		bics	r3, r2
 221 001c BB60     		str	r3, [r7, #8]
 438:C:\Program Files (x86)\Cypress\PSoC Creator\4.4\PSoC Creator\1\CapSense_CSD_P4_Design01.cydsn\Generated_Source\PSoC4\CyLib.c ****                                        CY_SYS_CLK_SELECT_HFCLK_SEL_MASK);
 439:C:\Program Files (x86)\Cypress\PSoC Creator\4.4\PSoC Creator\1\CapSense_CSD_P4_Design01.cydsn\Generated_Source\PSoC4\CyLib.c **** 
 440:C:\Program Files (x86)\Cypress\PSoC Creator\4.4\PSoC Creator\1\CapSense_CSD_P4_Design01.cydsn\Generated_Source\PSoC4\CyLib.c **** #if (CY_IP_SRSSV2 && CY_IP_PLL)
 441:C:\Program Files (x86)\Cypress\PSoC Creator\4.4\PSoC Creator\1\CapSense_CSD_P4_Design01.cydsn\Generated_Source\PSoC4\CyLib.c ****     if ((CY_SYS_CLK_HFCLK_PLL0 == clkSelect) || (CY_SYS_CLK_HFCLK_PLL1 == clkSelect))
 442:C:\Program Files (x86)\Cypress\PSoC Creator\4.4\PSoC Creator\1\CapSense_CSD_P4_Design01.cydsn\Generated_Source\PSoC4\CyLib.c ****     {
 443:C:\Program Files (x86)\Cypress\PSoC Creator\4.4\PSoC Creator\1\CapSense_CSD_P4_Design01.cydsn\Generated_Source\PSoC4\CyLib.c ****         tmpReg |= (clkSelect & CY_SYS_CLK_SELECT_HFCLK_SEL_MASK);
 444:C:\Program Files (x86)\Cypress\PSoC Creator\4.4\PSoC Creator\1\CapSense_CSD_P4_Design01.cydsn\Generated_Source\PSoC4\CyLib.c ****     }
 445:C:\Program Files (x86)\Cypress\PSoC Creator\4.4\PSoC Creator\1\CapSense_CSD_P4_Design01.cydsn\Generated_Source\PSoC4\CyLib.c ****     else
 446:C:\Program Files (x86)\Cypress\PSoC Creator\4.4\PSoC Creator\1\CapSense_CSD_P4_Design01.cydsn\Generated_Source\PSoC4\CyLib.c **** #endif /* (CY_IP_SRSSV2 && CY_IP_PLL) */
 447:C:\Program Files (x86)\Cypress\PSoC Creator\4.4\PSoC Creator\1\CapSense_CSD_P4_Design01.cydsn\Generated_Source\PSoC4\CyLib.c ****     {
 448:C:\Program Files (x86)\Cypress\PSoC Creator\4.4\PSoC Creator\1\CapSense_CSD_P4_Design01.cydsn\Generated_Source\PSoC4\CyLib.c ****         tmpReg |= (clkSelect & CY_SYS_CLK_SELECT_DIRECT_SEL_MASK);
 222              		.loc 1 448 0
 223 001e 7B68     		ldr	r3, [r7, #4]
 224 0020 0722     		movs	r2, #7
 225 0022 1340     		ands	r3, r2
 226 0024 BA68     		ldr	r2, [r7, #8]
 227 0026 1343     		orrs	r3, r2
 228 0028 BB60     		str	r3, [r7, #8]
 449:C:\Program Files (x86)\Cypress\PSoC Creator\4.4\PSoC Creator\1\CapSense_CSD_P4_Design01.cydsn\Generated_Source\PSoC4\CyLib.c ****     }
 450:C:\Program Files (x86)\Cypress\PSoC Creator\4.4\PSoC Creator\1\CapSense_CSD_P4_Design01.cydsn\Generated_Source\PSoC4\CyLib.c **** 
 451:C:\Program Files (x86)\Cypress\PSoC Creator\4.4\PSoC Creator\1\CapSense_CSD_P4_Design01.cydsn\Generated_Source\PSoC4\CyLib.c ****     CY_SYS_CLK_SELECT_REG = tmpReg;
 229              		.loc 1 451 0
ARM GAS  C:\Users\taips\AppData\Local\Temp\ccbT16OQ.s 			page 13


 230 002a 064B     		ldr	r3, .L8
 231 002c BA68     		ldr	r2, [r7, #8]
 232 002e 1A60     		str	r2, [r3]
 452:C:\Program Files (x86)\Cypress\PSoC Creator\4.4\PSoC Creator\1\CapSense_CSD_P4_Design01.cydsn\Generated_Source\PSoC4\CyLib.c **** 
 453:C:\Program Files (x86)\Cypress\PSoC Creator\4.4\PSoC Creator\1\CapSense_CSD_P4_Design01.cydsn\Generated_Source\PSoC4\CyLib.c ****     CyExitCriticalSection(interruptState);
 233              		.loc 1 453 0
 234 0030 0F23     		movs	r3, #15
 235 0032 FB18     		adds	r3, r7, r3
 236 0034 1B78     		ldrb	r3, [r3]
 237 0036 1800     		movs	r0, r3
 238 0038 FFF7FEFF 		bl	CyExitCriticalSection
 454:C:\Program Files (x86)\Cypress\PSoC Creator\4.4\PSoC Creator\1\CapSense_CSD_P4_Design01.cydsn\Generated_Source\PSoC4\CyLib.c **** }
 239              		.loc 1 454 0
 240 003c C046     		nop
 241 003e BD46     		mov	sp, r7
 242 0040 05B0     		add	sp, sp, #20
 243              		@ sp needed
 244 0042 90BD     		pop	{r4, r7, pc}
 245              	.L9:
 246              		.align	2
 247              	.L8:
 248 0044 00010B40 		.word	1074462976
 249              		.cfi_endproc
 250              	.LFE2:
 251              		.size	CySysClkWriteHfclkDirect, .-CySysClkWriteHfclkDirect
 252              		.section	.text.CySysEnablePumpClock,"ax",%progbits
 253              		.align	2
 254              		.global	CySysEnablePumpClock
 255              		.code	16
 256              		.thumb_func
 257              		.type	CySysEnablePumpClock, %function
 258              	CySysEnablePumpClock:
 259              	.LFB3:
 455:C:\Program Files (x86)\Cypress\PSoC Creator\4.4\PSoC Creator\1\CapSense_CSD_P4_Design01.cydsn\Generated_Source\PSoC4\CyLib.c **** 
 456:C:\Program Files (x86)\Cypress\PSoC Creator\4.4\PSoC Creator\1\CapSense_CSD_P4_Design01.cydsn\Generated_Source\PSoC4\CyLib.c **** 
 457:C:\Program Files (x86)\Cypress\PSoC Creator\4.4\PSoC Creator\1\CapSense_CSD_P4_Design01.cydsn\Generated_Source\PSoC4\CyLib.c **** /*******************************************************************************
 458:C:\Program Files (x86)\Cypress\PSoC Creator\4.4\PSoC Creator\1\CapSense_CSD_P4_Design01.cydsn\Generated_Source\PSoC4\CyLib.c **** * Function Name: CySysEnablePumpClock
 459:C:\Program Files (x86)\Cypress\PSoC Creator\4.4\PSoC Creator\1\CapSense_CSD_P4_Design01.cydsn\Generated_Source\PSoC4\CyLib.c **** ****************************************************************************//**
 460:C:\Program Files (x86)\Cypress\PSoC Creator\4.4\PSoC Creator\1\CapSense_CSD_P4_Design01.cydsn\Generated_Source\PSoC4\CyLib.c **** *
 461:C:\Program Files (x86)\Cypress\PSoC Creator\4.4\PSoC Creator\1\CapSense_CSD_P4_Design01.cydsn\Generated_Source\PSoC4\CyLib.c **** * Enables / disables the pump clock.
 462:C:\Program Files (x86)\Cypress\PSoC Creator\4.4\PSoC Creator\1\CapSense_CSD_P4_Design01.cydsn\Generated_Source\PSoC4\CyLib.c **** *
 463:C:\Program Files (x86)\Cypress\PSoC Creator\4.4\PSoC Creator\1\CapSense_CSD_P4_Design01.cydsn\Generated_Source\PSoC4\CyLib.c **** * \param enable  
 464:C:\Program Files (x86)\Cypress\PSoC Creator\4.4\PSoC Creator\1\CapSense_CSD_P4_Design01.cydsn\Generated_Source\PSoC4\CyLib.c **** * CY_SYS_CLK_PUMP_DISABLE - Disables the pump clock
 465:C:\Program Files (x86)\Cypress\PSoC Creator\4.4\PSoC Creator\1\CapSense_CSD_P4_Design01.cydsn\Generated_Source\PSoC4\CyLib.c **** * CY_SYS_CLK_PUMP_ENABLE - Enables and restores the operating source of 
 466:C:\Program Files (x86)\Cypress\PSoC Creator\4.4\PSoC Creator\1\CapSense_CSD_P4_Design01.cydsn\Generated_Source\PSoC4\CyLib.c **** * the pump clock.
 467:C:\Program Files (x86)\Cypress\PSoC Creator\4.4\PSoC Creator\1\CapSense_CSD_P4_Design01.cydsn\Generated_Source\PSoC4\CyLib.c **** *
 468:C:\Program Files (x86)\Cypress\PSoC Creator\4.4\PSoC Creator\1\CapSense_CSD_P4_Design01.cydsn\Generated_Source\PSoC4\CyLib.c **** * \sideeffect
 469:C:\Program Files (x86)\Cypress\PSoC Creator\4.4\PSoC Creator\1\CapSense_CSD_P4_Design01.cydsn\Generated_Source\PSoC4\CyLib.c **** *  Enabling/disabling the pump clock does not guarantee glitch free operation 
 470:C:\Program Files (x86)\Cypress\PSoC Creator\4.4\PSoC Creator\1\CapSense_CSD_P4_Design01.cydsn\Generated_Source\PSoC4\CyLib.c **** *  when changing the IMO parameters or clock divider settings.
 471:C:\Program Files (x86)\Cypress\PSoC Creator\4.4\PSoC Creator\1\CapSense_CSD_P4_Design01.cydsn\Generated_Source\PSoC4\CyLib.c **** *
 472:C:\Program Files (x86)\Cypress\PSoC Creator\4.4\PSoC Creator\1\CapSense_CSD_P4_Design01.cydsn\Generated_Source\PSoC4\CyLib.c **** *******************************************************************************/
 473:C:\Program Files (x86)\Cypress\PSoC Creator\4.4\PSoC Creator\1\CapSense_CSD_P4_Design01.cydsn\Generated_Source\PSoC4\CyLib.c **** void CySysEnablePumpClock(uint32 enable)
 474:C:\Program Files (x86)\Cypress\PSoC Creator\4.4\PSoC Creator\1\CapSense_CSD_P4_Design01.cydsn\Generated_Source\PSoC4\CyLib.c **** {
 260              		.loc 1 474 0
 261              		.cfi_startproc
 262              		@ args = 0, pretend = 0, frame = 8
 263              		@ frame_needed = 1, uses_anonymous_args = 0
ARM GAS  C:\Users\taips\AppData\Local\Temp\ccbT16OQ.s 			page 14


 264 0000 80B5     		push	{r7, lr}
 265              		.cfi_def_cfa_offset 8
 266              		.cfi_offset 7, -8
 267              		.cfi_offset 14, -4
 268 0002 82B0     		sub	sp, sp, #8
 269              		.cfi_def_cfa_offset 16
 270 0004 00AF     		add	r7, sp, #0
 271              		.cfi_def_cfa_register 7
 272 0006 7860     		str	r0, [r7, #4]
 475:C:\Program Files (x86)\Cypress\PSoC Creator\4.4\PSoC Creator\1\CapSense_CSD_P4_Design01.cydsn\Generated_Source\PSoC4\CyLib.c ****     #if(CY_IP_SRSSV2)
 476:C:\Program Files (x86)\Cypress\PSoC Creator\4.4\PSoC Creator\1\CapSense_CSD_P4_Design01.cydsn\Generated_Source\PSoC4\CyLib.c ****         if (0u != (CY_SYS_CLK_PUMP_ENABLE & enable))
 273              		.loc 1 476 0
 274 0008 7B68     		ldr	r3, [r7, #4]
 275 000a 0122     		movs	r2, #1
 276 000c 1340     		ands	r3, r2
 277 000e 08D0     		beq	.L11
 477:C:\Program Files (x86)\Cypress\PSoC Creator\4.4\PSoC Creator\1\CapSense_CSD_P4_Design01.cydsn\Generated_Source\PSoC4\CyLib.c ****         {
 478:C:\Program Files (x86)\Cypress\PSoC Creator\4.4\PSoC Creator\1\CapSense_CSD_P4_Design01.cydsn\Generated_Source\PSoC4\CyLib.c ****             CY_SYS_CLK_IMO_CONFIG_REG |= (CySysClkPumpConfig << CY_SYS_CLK_IMO_CONFIG_PUMP_SEL_SHIF
 278              		.loc 1 478 0
 279 0010 0C4A     		ldr	r2, .L14
 280 0012 0C4B     		ldr	r3, .L14
 281 0014 1968     		ldr	r1, [r3]
 282 0016 0C4B     		ldr	r3, .L14+4
 283 0018 1B68     		ldr	r3, [r3]
 284 001a 5B06     		lsls	r3, r3, #25
 285 001c 0B43     		orrs	r3, r1
 286 001e 1360     		str	r3, [r2]
 479:C:\Program Files (x86)\Cypress\PSoC Creator\4.4\PSoC Creator\1\CapSense_CSD_P4_Design01.cydsn\Generated_Source\PSoC4\CyLib.c ****         }
 480:C:\Program Files (x86)\Cypress\PSoC Creator\4.4\PSoC Creator\1\CapSense_CSD_P4_Design01.cydsn\Generated_Source\PSoC4\CyLib.c ****         else
 481:C:\Program Files (x86)\Cypress\PSoC Creator\4.4\PSoC Creator\1\CapSense_CSD_P4_Design01.cydsn\Generated_Source\PSoC4\CyLib.c ****         {
 482:C:\Program Files (x86)\Cypress\PSoC Creator\4.4\PSoC Creator\1\CapSense_CSD_P4_Design01.cydsn\Generated_Source\PSoC4\CyLib.c ****             CySysClkPumpConfig = (CY_SYS_CLK_IMO_CONFIG_REG >> CY_SYS_CLK_IMO_CONFIG_PUMP_SEL_SHIFT
 483:C:\Program Files (x86)\Cypress\PSoC Creator\4.4\PSoC Creator\1\CapSense_CSD_P4_Design01.cydsn\Generated_Source\PSoC4\CyLib.c ****                                   CY_SYS_CLK_IMO_CONFIG_PUMP_SEL_MASK;
 484:C:\Program Files (x86)\Cypress\PSoC Creator\4.4\PSoC Creator\1\CapSense_CSD_P4_Design01.cydsn\Generated_Source\PSoC4\CyLib.c ****             CY_SYS_CLK_IMO_CONFIG_REG &= ~(CY_SYS_CLK_IMO_CONFIG_PUMP_SEL_MASK << CY_SYS_CLK_IMO_CO
 485:C:\Program Files (x86)\Cypress\PSoC Creator\4.4\PSoC Creator\1\CapSense_CSD_P4_Design01.cydsn\Generated_Source\PSoC4\CyLib.c ****         }
 486:C:\Program Files (x86)\Cypress\PSoC Creator\4.4\PSoC Creator\1\CapSense_CSD_P4_Design01.cydsn\Generated_Source\PSoC4\CyLib.c ****     #else /* CY_IP_SRSSLT */
 487:C:\Program Files (x86)\Cypress\PSoC Creator\4.4\PSoC Creator\1\CapSense_CSD_P4_Design01.cydsn\Generated_Source\PSoC4\CyLib.c ****         if (0u != (CY_SYS_CLK_PUMP_ENABLE & enable))
 488:C:\Program Files (x86)\Cypress\PSoC Creator\4.4\PSoC Creator\1\CapSense_CSD_P4_Design01.cydsn\Generated_Source\PSoC4\CyLib.c ****         {
 489:C:\Program Files (x86)\Cypress\PSoC Creator\4.4\PSoC Creator\1\CapSense_CSD_P4_Design01.cydsn\Generated_Source\PSoC4\CyLib.c ****             CY_SYS_CLK_SELECT_REG |= (CySysClkPumpConfig << CY_SYS_CLK_SELECT_PUMP_SEL_SHIFT);
 490:C:\Program Files (x86)\Cypress\PSoC Creator\4.4\PSoC Creator\1\CapSense_CSD_P4_Design01.cydsn\Generated_Source\PSoC4\CyLib.c ****         }
 491:C:\Program Files (x86)\Cypress\PSoC Creator\4.4\PSoC Creator\1\CapSense_CSD_P4_Design01.cydsn\Generated_Source\PSoC4\CyLib.c ****         else
 492:C:\Program Files (x86)\Cypress\PSoC Creator\4.4\PSoC Creator\1\CapSense_CSD_P4_Design01.cydsn\Generated_Source\PSoC4\CyLib.c ****         {
 493:C:\Program Files (x86)\Cypress\PSoC Creator\4.4\PSoC Creator\1\CapSense_CSD_P4_Design01.cydsn\Generated_Source\PSoC4\CyLib.c ****             CySysClkPumpConfig = (CY_SYS_CLK_SELECT_REG >> CY_SYS_CLK_SELECT_PUMP_SEL_SHIFT) & 
 494:C:\Program Files (x86)\Cypress\PSoC Creator\4.4\PSoC Creator\1\CapSense_CSD_P4_Design01.cydsn\Generated_Source\PSoC4\CyLib.c ****                                   CY_SYS_CLK_SELECT_PUMP_SEL_MASK;
 495:C:\Program Files (x86)\Cypress\PSoC Creator\4.4\PSoC Creator\1\CapSense_CSD_P4_Design01.cydsn\Generated_Source\PSoC4\CyLib.c ****             CY_SYS_CLK_SELECT_REG &= ~(CY_SYS_CLK_SELECT_PUMP_SEL_MASK << CY_SYS_CLK_SELECT_PUMP_SE
 496:C:\Program Files (x86)\Cypress\PSoC Creator\4.4\PSoC Creator\1\CapSense_CSD_P4_Design01.cydsn\Generated_Source\PSoC4\CyLib.c ****         }
 497:C:\Program Files (x86)\Cypress\PSoC Creator\4.4\PSoC Creator\1\CapSense_CSD_P4_Design01.cydsn\Generated_Source\PSoC4\CyLib.c ****     #endif  /* (CY_IP_SRSSV2) */
 498:C:\Program Files (x86)\Cypress\PSoC Creator\4.4\PSoC Creator\1\CapSense_CSD_P4_Design01.cydsn\Generated_Source\PSoC4\CyLib.c **** }
 287              		.loc 1 498 0
 288 0020 0CE0     		b	.L13
 289              	.L11:
 482:C:\Program Files (x86)\Cypress\PSoC Creator\4.4\PSoC Creator\1\CapSense_CSD_P4_Design01.cydsn\Generated_Source\PSoC4\CyLib.c ****                                   CY_SYS_CLK_IMO_CONFIG_PUMP_SEL_MASK;
 290              		.loc 1 482 0
 291 0022 084B     		ldr	r3, .L14
 292 0024 1B68     		ldr	r3, [r3]
 293 0026 5B0E     		lsrs	r3, r3, #25
 294 0028 0722     		movs	r2, #7
 295 002a 1A40     		ands	r2, r3
ARM GAS  C:\Users\taips\AppData\Local\Temp\ccbT16OQ.s 			page 15


 296 002c 064B     		ldr	r3, .L14+4
 297 002e 1A60     		str	r2, [r3]
 484:C:\Program Files (x86)\Cypress\PSoC Creator\4.4\PSoC Creator\1\CapSense_CSD_P4_Design01.cydsn\Generated_Source\PSoC4\CyLib.c ****         }
 298              		.loc 1 484 0
 299 0030 044B     		ldr	r3, .L14
 300 0032 044A     		ldr	r2, .L14
 301 0034 1268     		ldr	r2, [r2]
 302 0036 0549     		ldr	r1, .L14+8
 303 0038 0A40     		ands	r2, r1
 304 003a 1A60     		str	r2, [r3]
 305              	.L13:
 306              		.loc 1 498 0
 307 003c C046     		nop
 308 003e BD46     		mov	sp, r7
 309 0040 02B0     		add	sp, sp, #8
 310              		@ sp needed
 311 0042 80BD     		pop	{r7, pc}
 312              	.L15:
 313              		.align	2
 314              	.L14:
 315 0044 08010B40 		.word	1074462984
 316 0048 00000000 		.word	CySysClkPumpConfig
 317 004c FFFFFFF1 		.word	-234881025
 318              		.cfi_endproc
 319              	.LFE3:
 320              		.size	CySysEnablePumpClock, .-CySysEnablePumpClock
 321              		.section	.text.CySysClkGetSysclkSource,"ax",%progbits
 322              		.align	2
 323              		.global	CySysClkGetSysclkSource
 324              		.code	16
 325              		.thumb_func
 326              		.type	CySysClkGetSysclkSource, %function
 327              	CySysClkGetSysclkSource:
 328              	.LFB4:
 499:C:\Program Files (x86)\Cypress\PSoC Creator\4.4\PSoC Creator\1\CapSense_CSD_P4_Design01.cydsn\Generated_Source\PSoC4\CyLib.c **** 
 500:C:\Program Files (x86)\Cypress\PSoC Creator\4.4\PSoC Creator\1\CapSense_CSD_P4_Design01.cydsn\Generated_Source\PSoC4\CyLib.c **** 
 501:C:\Program Files (x86)\Cypress\PSoC Creator\4.4\PSoC Creator\1\CapSense_CSD_P4_Design01.cydsn\Generated_Source\PSoC4\CyLib.c **** /*******************************************************************************
 502:C:\Program Files (x86)\Cypress\PSoC Creator\4.4\PSoC Creator\1\CapSense_CSD_P4_Design01.cydsn\Generated_Source\PSoC4\CyLib.c **** * Function Name: CySysClkGetSysclkSource
 503:C:\Program Files (x86)\Cypress\PSoC Creator\4.4\PSoC Creator\1\CapSense_CSD_P4_Design01.cydsn\Generated_Source\PSoC4\CyLib.c **** ****************************************************************************//**
 504:C:\Program Files (x86)\Cypress\PSoC Creator\4.4\PSoC Creator\1\CapSense_CSD_P4_Design01.cydsn\Generated_Source\PSoC4\CyLib.c **** *
 505:C:\Program Files (x86)\Cypress\PSoC Creator\4.4\PSoC Creator\1\CapSense_CSD_P4_Design01.cydsn\Generated_Source\PSoC4\CyLib.c **** * Returns the source of the System clock.
 506:C:\Program Files (x86)\Cypress\PSoC Creator\4.4\PSoC Creator\1\CapSense_CSD_P4_Design01.cydsn\Generated_Source\PSoC4\CyLib.c **** *
 507:C:\Program Files (x86)\Cypress\PSoC Creator\4.4\PSoC Creator\1\CapSense_CSD_P4_Design01.cydsn\Generated_Source\PSoC4\CyLib.c **** * \return The same as \ref CySysClkWriteHfclkDirect() function parameters.
 508:C:\Program Files (x86)\Cypress\PSoC Creator\4.4\PSoC Creator\1\CapSense_CSD_P4_Design01.cydsn\Generated_Source\PSoC4\CyLib.c **** *
 509:C:\Program Files (x86)\Cypress\PSoC Creator\4.4\PSoC Creator\1\CapSense_CSD_P4_Design01.cydsn\Generated_Source\PSoC4\CyLib.c **** *******************************************************************************/
 510:C:\Program Files (x86)\Cypress\PSoC Creator\4.4\PSoC Creator\1\CapSense_CSD_P4_Design01.cydsn\Generated_Source\PSoC4\CyLib.c **** uint32 CySysClkGetSysclkSource(void)
 511:C:\Program Files (x86)\Cypress\PSoC Creator\4.4\PSoC Creator\1\CapSense_CSD_P4_Design01.cydsn\Generated_Source\PSoC4\CyLib.c **** {
 329              		.loc 1 511 0
 330              		.cfi_startproc
 331              		@ args = 0, pretend = 0, frame = 8
 332              		@ frame_needed = 1, uses_anonymous_args = 0
 333 0000 90B5     		push	{r4, r7, lr}
 334              		.cfi_def_cfa_offset 12
 335              		.cfi_offset 4, -12
 336              		.cfi_offset 7, -8
 337              		.cfi_offset 14, -4
 338 0002 83B0     		sub	sp, sp, #12
ARM GAS  C:\Users\taips\AppData\Local\Temp\ccbT16OQ.s 			page 16


 339              		.cfi_def_cfa_offset 24
 340 0004 00AF     		add	r7, sp, #0
 341              		.cfi_def_cfa_register 7
 512:C:\Program Files (x86)\Cypress\PSoC Creator\4.4\PSoC Creator\1\CapSense_CSD_P4_Design01.cydsn\Generated_Source\PSoC4\CyLib.c ****     uint8  interruptState;
 513:C:\Program Files (x86)\Cypress\PSoC Creator\4.4\PSoC Creator\1\CapSense_CSD_P4_Design01.cydsn\Generated_Source\PSoC4\CyLib.c ****     uint32 sysclkSource;
 514:C:\Program Files (x86)\Cypress\PSoC Creator\4.4\PSoC Creator\1\CapSense_CSD_P4_Design01.cydsn\Generated_Source\PSoC4\CyLib.c **** 
 515:C:\Program Files (x86)\Cypress\PSoC Creator\4.4\PSoC Creator\1\CapSense_CSD_P4_Design01.cydsn\Generated_Source\PSoC4\CyLib.c ****     interruptState = CyEnterCriticalSection();
 342              		.loc 1 515 0
 343 0006 FC1D     		adds	r4, r7, #7
 344 0008 FFF7FEFF 		bl	CyEnterCriticalSection
 345 000c 0300     		movs	r3, r0
 346 000e 2370     		strb	r3, [r4]
 516:C:\Program Files (x86)\Cypress\PSoC Creator\4.4\PSoC Creator\1\CapSense_CSD_P4_Design01.cydsn\Generated_Source\PSoC4\CyLib.c **** 
 517:C:\Program Files (x86)\Cypress\PSoC Creator\4.4\PSoC Creator\1\CapSense_CSD_P4_Design01.cydsn\Generated_Source\PSoC4\CyLib.c **** #if (CY_IP_SRSSV2 && CY_IP_PLL)
 518:C:\Program Files (x86)\Cypress\PSoC Creator\4.4\PSoC Creator\1\CapSense_CSD_P4_Design01.cydsn\Generated_Source\PSoC4\CyLib.c ****     if ((CY_SYS_CLK_SELECT_REG & CY_SYS_CLK_SELECT_HFCLK_SEL_MASK) != 0u)
 519:C:\Program Files (x86)\Cypress\PSoC Creator\4.4\PSoC Creator\1\CapSense_CSD_P4_Design01.cydsn\Generated_Source\PSoC4\CyLib.c ****     {
 520:C:\Program Files (x86)\Cypress\PSoC Creator\4.4\PSoC Creator\1\CapSense_CSD_P4_Design01.cydsn\Generated_Source\PSoC4\CyLib.c ****         sysclkSource = (CY_SYS_CLK_SELECT_REG & CY_SYS_CLK_SELECT_HFCLK_SEL_MASK);
 521:C:\Program Files (x86)\Cypress\PSoC Creator\4.4\PSoC Creator\1\CapSense_CSD_P4_Design01.cydsn\Generated_Source\PSoC4\CyLib.c ****     }
 522:C:\Program Files (x86)\Cypress\PSoC Creator\4.4\PSoC Creator\1\CapSense_CSD_P4_Design01.cydsn\Generated_Source\PSoC4\CyLib.c ****     else
 523:C:\Program Files (x86)\Cypress\PSoC Creator\4.4\PSoC Creator\1\CapSense_CSD_P4_Design01.cydsn\Generated_Source\PSoC4\CyLib.c **** #endif /* (CY_IP_SRSSV2 && CY_IP_PLL) */
 524:C:\Program Files (x86)\Cypress\PSoC Creator\4.4\PSoC Creator\1\CapSense_CSD_P4_Design01.cydsn\Generated_Source\PSoC4\CyLib.c ****     {
 525:C:\Program Files (x86)\Cypress\PSoC Creator\4.4\PSoC Creator\1\CapSense_CSD_P4_Design01.cydsn\Generated_Source\PSoC4\CyLib.c ****         sysclkSource = (CY_SYS_CLK_SELECT_REG & CY_SYS_CLK_SELECT_DIRECT_SEL_MASK);
 347              		.loc 1 525 0
 348 0010 074B     		ldr	r3, .L18
 349 0012 1B68     		ldr	r3, [r3]
 350 0014 0722     		movs	r2, #7
 351 0016 1340     		ands	r3, r2
 352 0018 3B60     		str	r3, [r7]
 526:C:\Program Files (x86)\Cypress\PSoC Creator\4.4\PSoC Creator\1\CapSense_CSD_P4_Design01.cydsn\Generated_Source\PSoC4\CyLib.c ****     }
 527:C:\Program Files (x86)\Cypress\PSoC Creator\4.4\PSoC Creator\1\CapSense_CSD_P4_Design01.cydsn\Generated_Source\PSoC4\CyLib.c **** 
 528:C:\Program Files (x86)\Cypress\PSoC Creator\4.4\PSoC Creator\1\CapSense_CSD_P4_Design01.cydsn\Generated_Source\PSoC4\CyLib.c ****     CyExitCriticalSection(interruptState);
 353              		.loc 1 528 0
 354 001a FB1D     		adds	r3, r7, #7
 355 001c 1B78     		ldrb	r3, [r3]
 356 001e 1800     		movs	r0, r3
 357 0020 FFF7FEFF 		bl	CyExitCriticalSection
 529:C:\Program Files (x86)\Cypress\PSoC Creator\4.4\PSoC Creator\1\CapSense_CSD_P4_Design01.cydsn\Generated_Source\PSoC4\CyLib.c **** 
 530:C:\Program Files (x86)\Cypress\PSoC Creator\4.4\PSoC Creator\1\CapSense_CSD_P4_Design01.cydsn\Generated_Source\PSoC4\CyLib.c ****     return (sysclkSource);
 358              		.loc 1 530 0
 359 0024 3B68     		ldr	r3, [r7]
 531:C:\Program Files (x86)\Cypress\PSoC Creator\4.4\PSoC Creator\1\CapSense_CSD_P4_Design01.cydsn\Generated_Source\PSoC4\CyLib.c **** }
 360              		.loc 1 531 0
 361 0026 1800     		movs	r0, r3
 362 0028 BD46     		mov	sp, r7
 363 002a 03B0     		add	sp, sp, #12
 364              		@ sp needed
 365 002c 90BD     		pop	{r4, r7, pc}
 366              	.L19:
 367 002e C046     		.align	2
 368              	.L18:
 369 0030 00010B40 		.word	1074462976
 370              		.cfi_endproc
 371              	.LFE4:
 372              		.size	CySysClkGetSysclkSource, .-CySysClkGetSysclkSource
 373              		.section	.text.CySysClkWriteSysclkDiv,"ax",%progbits
 374              		.align	2
 375              		.global	CySysClkWriteSysclkDiv
ARM GAS  C:\Users\taips\AppData\Local\Temp\ccbT16OQ.s 			page 17


 376              		.code	16
 377              		.thumb_func
 378              		.type	CySysClkWriteSysclkDiv, %function
 379              	CySysClkWriteSysclkDiv:
 380              	.LFB5:
 532:C:\Program Files (x86)\Cypress\PSoC Creator\4.4\PSoC Creator\1\CapSense_CSD_P4_Design01.cydsn\Generated_Source\PSoC4\CyLib.c **** 
 533:C:\Program Files (x86)\Cypress\PSoC Creator\4.4\PSoC Creator\1\CapSense_CSD_P4_Design01.cydsn\Generated_Source\PSoC4\CyLib.c **** 
 534:C:\Program Files (x86)\Cypress\PSoC Creator\4.4\PSoC Creator\1\CapSense_CSD_P4_Design01.cydsn\Generated_Source\PSoC4\CyLib.c **** /*******************************************************************************
 535:C:\Program Files (x86)\Cypress\PSoC Creator\4.4\PSoC Creator\1\CapSense_CSD_P4_Design01.cydsn\Generated_Source\PSoC4\CyLib.c **** * Function Name: CySysClkWriteSysclkDiv
 536:C:\Program Files (x86)\Cypress\PSoC Creator\4.4\PSoC Creator\1\CapSense_CSD_P4_Design01.cydsn\Generated_Source\PSoC4\CyLib.c **** ****************************************************************************//**
 537:C:\Program Files (x86)\Cypress\PSoC Creator\4.4\PSoC Creator\1\CapSense_CSD_P4_Design01.cydsn\Generated_Source\PSoC4\CyLib.c **** *
 538:C:\Program Files (x86)\Cypress\PSoC Creator\4.4\PSoC Creator\1\CapSense_CSD_P4_Design01.cydsn\Generated_Source\PSoC4\CyLib.c **** * Selects the prescaler divide amount for SYSCLK from HFCLK.
 539:C:\Program Files (x86)\Cypress\PSoC Creator\4.4\PSoC Creator\1\CapSense_CSD_P4_Design01.cydsn\Generated_Source\PSoC4\CyLib.c **** *
 540:C:\Program Files (x86)\Cypress\PSoC Creator\4.4\PSoC Creator\1\CapSense_CSD_P4_Design01.cydsn\Generated_Source\PSoC4\CyLib.c **** * PSoC 4000: The SYSCLK has the speed of 16 MHz, so HFCLK and SYSCLK dividers
 541:C:\Program Files (x86)\Cypress\PSoC Creator\4.4\PSoC Creator\1\CapSense_CSD_P4_Design01.cydsn\Generated_Source\PSoC4\CyLib.c **** * should be selected in a way, not to exceed 16 MHz for SYSCLK.
 542:C:\Program Files (x86)\Cypress\PSoC Creator\4.4\PSoC Creator\1\CapSense_CSD_P4_Design01.cydsn\Generated_Source\PSoC4\CyLib.c **** *
 543:C:\Program Files (x86)\Cypress\PSoC Creator\4.4\PSoC Creator\1\CapSense_CSD_P4_Design01.cydsn\Generated_Source\PSoC4\CyLib.c **** * PSoC 4100 \ PSoC 4100 BLE \ PSoC 4100M: The SYSCLK has the speed of 24 MHz,
 544:C:\Program Files (x86)\Cypress\PSoC Creator\4.4\PSoC Creator\1\CapSense_CSD_P4_Design01.cydsn\Generated_Source\PSoC4\CyLib.c **** * so HFCLK and SYSCLK dividers should be selected in a way, not to exceed 24 MHz
 545:C:\Program Files (x86)\Cypress\PSoC Creator\4.4\PSoC Creator\1\CapSense_CSD_P4_Design01.cydsn\Generated_Source\PSoC4\CyLib.c **** * for SYSCLK.
 546:C:\Program Files (x86)\Cypress\PSoC Creator\4.4\PSoC Creator\1\CapSense_CSD_P4_Design01.cydsn\Generated_Source\PSoC4\CyLib.c **** *
 547:C:\Program Files (x86)\Cypress\PSoC Creator\4.4\PSoC Creator\1\CapSense_CSD_P4_Design01.cydsn\Generated_Source\PSoC4\CyLib.c **** * If the SYSCLK clock frequency increases during the device operation, call
 548:C:\Program Files (x86)\Cypress\PSoC Creator\4.4\PSoC Creator\1\CapSense_CSD_P4_Design01.cydsn\Generated_Source\PSoC4\CyLib.c **** * \ref CySysFlashSetWaitCycles() with the appropriate parameter to adjust the
 549:C:\Program Files (x86)\Cypress\PSoC Creator\4.4\PSoC Creator\1\CapSense_CSD_P4_Design01.cydsn\Generated_Source\PSoC4\CyLib.c **** * number of clock cycles the cache will wait before sampling data comes back
 550:C:\Program Files (x86)\Cypress\PSoC Creator\4.4\PSoC Creator\1\CapSense_CSD_P4_Design01.cydsn\Generated_Source\PSoC4\CyLib.c **** * from Flash. If the SYSCLK clock frequency decreases, you can call
 551:C:\Program Files (x86)\Cypress\PSoC Creator\4.4\PSoC Creator\1\CapSense_CSD_P4_Design01.cydsn\Generated_Source\PSoC4\CyLib.c **** * \ref CySysFlashSetWaitCycles() to improve the CPU performance. See
 552:C:\Program Files (x86)\Cypress\PSoC Creator\4.4\PSoC Creator\1\CapSense_CSD_P4_Design01.cydsn\Generated_Source\PSoC4\CyLib.c **** * \ref CySysFlashSetWaitCycles() description for more information.
 553:C:\Program Files (x86)\Cypress\PSoC Creator\4.4\PSoC Creator\1\CapSense_CSD_P4_Design01.cydsn\Generated_Source\PSoC4\CyLib.c **** *
 554:C:\Program Files (x86)\Cypress\PSoC Creator\4.4\PSoC Creator\1\CapSense_CSD_P4_Design01.cydsn\Generated_Source\PSoC4\CyLib.c **** * \param divider Power of 2 prescaler selection
 555:C:\Program Files (x86)\Cypress\PSoC Creator\4.4\PSoC Creator\1\CapSense_CSD_P4_Design01.cydsn\Generated_Source\PSoC4\CyLib.c **** *  CY_SYS_CLK_SYSCLK_DIV1        SYSCLK = HFCLK / 1
 556:C:\Program Files (x86)\Cypress\PSoC Creator\4.4\PSoC Creator\1\CapSense_CSD_P4_Design01.cydsn\Generated_Source\PSoC4\CyLib.c **** *  CY_SYS_CLK_SYSCLK_DIV2        SYSCLK = HFCLK / 2
 557:C:\Program Files (x86)\Cypress\PSoC Creator\4.4\PSoC Creator\1\CapSense_CSD_P4_Design01.cydsn\Generated_Source\PSoC4\CyLib.c **** *  CY_SYS_CLK_SYSCLK_DIV4        SYSCLK = HFCLK / 4
 558:C:\Program Files (x86)\Cypress\PSoC Creator\4.4\PSoC Creator\1\CapSense_CSD_P4_Design01.cydsn\Generated_Source\PSoC4\CyLib.c **** *  CY_SYS_CLK_SYSCLK_DIV8        SYSCLK = HFCLK / 8
 559:C:\Program Files (x86)\Cypress\PSoC Creator\4.4\PSoC Creator\1\CapSense_CSD_P4_Design01.cydsn\Generated_Source\PSoC4\CyLib.c **** *  CY_SYS_CLK_SYSCLK_DIV16       SYSCLK = HFCLK / 16  (N/A for 4000 Family)
 560:C:\Program Files (x86)\Cypress\PSoC Creator\4.4\PSoC Creator\1\CapSense_CSD_P4_Design01.cydsn\Generated_Source\PSoC4\CyLib.c **** *  CY_SYS_CLK_SYSCLK_DIV32       SYSCLK = HFCLK / 32  (N/A for 4000 Family)
 561:C:\Program Files (x86)\Cypress\PSoC Creator\4.4\PSoC Creator\1\CapSense_CSD_P4_Design01.cydsn\Generated_Source\PSoC4\CyLib.c **** *  CY_SYS_CLK_SYSCLK_DIV64       SYSCLK = HFCLK / 64  (N/A for 4000 Family)
 562:C:\Program Files (x86)\Cypress\PSoC Creator\4.4\PSoC Creator\1\CapSense_CSD_P4_Design01.cydsn\Generated_Source\PSoC4\CyLib.c **** *  CY_SYS_CLK_SYSCLK_DIV128      SYSCLK = HFCLK / 128 (N/A for 4000 Family)
 563:C:\Program Files (x86)\Cypress\PSoC Creator\4.4\PSoC Creator\1\CapSense_CSD_P4_Design01.cydsn\Generated_Source\PSoC4\CyLib.c **** *
 564:C:\Program Files (x86)\Cypress\PSoC Creator\4.4\PSoC Creator\1\CapSense_CSD_P4_Design01.cydsn\Generated_Source\PSoC4\CyLib.c **** *******************************************************************************/
 565:C:\Program Files (x86)\Cypress\PSoC Creator\4.4\PSoC Creator\1\CapSense_CSD_P4_Design01.cydsn\Generated_Source\PSoC4\CyLib.c **** void CySysClkWriteSysclkDiv(uint32 divider)
 566:C:\Program Files (x86)\Cypress\PSoC Creator\4.4\PSoC Creator\1\CapSense_CSD_P4_Design01.cydsn\Generated_Source\PSoC4\CyLib.c **** {
 381              		.loc 1 566 0
 382              		.cfi_startproc
 383              		@ args = 0, pretend = 0, frame = 16
 384              		@ frame_needed = 1, uses_anonymous_args = 0
 385 0000 90B5     		push	{r4, r7, lr}
 386              		.cfi_def_cfa_offset 12
 387              		.cfi_offset 4, -12
 388              		.cfi_offset 7, -8
 389              		.cfi_offset 14, -4
 390 0002 85B0     		sub	sp, sp, #20
 391              		.cfi_def_cfa_offset 32
 392 0004 00AF     		add	r7, sp, #0
 393              		.cfi_def_cfa_register 7
 394 0006 7860     		str	r0, [r7, #4]
 567:C:\Program Files (x86)\Cypress\PSoC Creator\4.4\PSoC Creator\1\CapSense_CSD_P4_Design01.cydsn\Generated_Source\PSoC4\CyLib.c ****     uint8  interruptState;
 568:C:\Program Files (x86)\Cypress\PSoC Creator\4.4\PSoC Creator\1\CapSense_CSD_P4_Design01.cydsn\Generated_Source\PSoC4\CyLib.c **** 
 569:C:\Program Files (x86)\Cypress\PSoC Creator\4.4\PSoC Creator\1\CapSense_CSD_P4_Design01.cydsn\Generated_Source\PSoC4\CyLib.c ****     interruptState = CyEnterCriticalSection();
ARM GAS  C:\Users\taips\AppData\Local\Temp\ccbT16OQ.s 			page 18


 395              		.loc 1 569 0
 396 0008 0F23     		movs	r3, #15
 397 000a FC18     		adds	r4, r7, r3
 398 000c FFF7FEFF 		bl	CyEnterCriticalSection
 399 0010 0300     		movs	r3, r0
 400 0012 2370     		strb	r3, [r4]
 570:C:\Program Files (x86)\Cypress\PSoC Creator\4.4\PSoC Creator\1\CapSense_CSD_P4_Design01.cydsn\Generated_Source\PSoC4\CyLib.c **** 
 571:C:\Program Files (x86)\Cypress\PSoC Creator\4.4\PSoC Creator\1\CapSense_CSD_P4_Design01.cydsn\Generated_Source\PSoC4\CyLib.c ****     CY_SYS_CLK_SELECT_REG = ((uint32)(((uint32)divider & CY_SYS_CLK_SELECT_SYSCLK_DIV_MASK) <<
 401              		.loc 1 571 0
 402 0014 0A4B     		ldr	r3, .L21
 403 0016 7A68     		ldr	r2, [r7, #4]
 404 0018 D104     		lsls	r1, r2, #19
 405 001a E022     		movs	r2, #224
 406 001c 9203     		lsls	r2, r2, #14
 407 001e 1140     		ands	r1, r2
 572:C:\Program Files (x86)\Cypress\PSoC Creator\4.4\PSoC Creator\1\CapSense_CSD_P4_Design01.cydsn\Generated_Source\PSoC4\CyLib.c ****                                     CY_SYS_CLK_SELECT_SYSCLK_DIV_SHIFT)) |
 573:C:\Program Files (x86)\Cypress\PSoC Creator\4.4\PSoC Creator\1\CapSense_CSD_P4_Design01.cydsn\Generated_Source\PSoC4\CyLib.c ****                             (CY_SYS_CLK_SELECT_REG & ((uint32)(~(uint32)(CY_SYS_CLK_SELECT_SYSCLK_D
 408              		.loc 1 573 0
 409 0020 074A     		ldr	r2, .L21
 410 0022 1268     		ldr	r2, [r2]
 411 0024 0748     		ldr	r0, .L21+4
 412 0026 0240     		ands	r2, r0
 572:C:\Program Files (x86)\Cypress\PSoC Creator\4.4\PSoC Creator\1\CapSense_CSD_P4_Design01.cydsn\Generated_Source\PSoC4\CyLib.c ****                                     CY_SYS_CLK_SELECT_SYSCLK_DIV_SHIFT)) |
 413              		.loc 1 572 0
 414 0028 0A43     		orrs	r2, r1
 571:C:\Program Files (x86)\Cypress\PSoC Creator\4.4\PSoC Creator\1\CapSense_CSD_P4_Design01.cydsn\Generated_Source\PSoC4\CyLib.c ****                                     CY_SYS_CLK_SELECT_SYSCLK_DIV_SHIFT)) |
 415              		.loc 1 571 0
 416 002a 1A60     		str	r2, [r3]
 574:C:\Program Files (x86)\Cypress\PSoC Creator\4.4\PSoC Creator\1\CapSense_CSD_P4_Design01.cydsn\Generated_Source\PSoC4\CyLib.c ****                                     CY_SYS_CLK_SELECT_SYSCLK_DIV_SHIFT))));
 575:C:\Program Files (x86)\Cypress\PSoC Creator\4.4\PSoC Creator\1\CapSense_CSD_P4_Design01.cydsn\Generated_Source\PSoC4\CyLib.c **** 
 576:C:\Program Files (x86)\Cypress\PSoC Creator\4.4\PSoC Creator\1\CapSense_CSD_P4_Design01.cydsn\Generated_Source\PSoC4\CyLib.c ****     CyExitCriticalSection(interruptState);
 417              		.loc 1 576 0
 418 002c 0F23     		movs	r3, #15
 419 002e FB18     		adds	r3, r7, r3
 420 0030 1B78     		ldrb	r3, [r3]
 421 0032 1800     		movs	r0, r3
 422 0034 FFF7FEFF 		bl	CyExitCriticalSection
 577:C:\Program Files (x86)\Cypress\PSoC Creator\4.4\PSoC Creator\1\CapSense_CSD_P4_Design01.cydsn\Generated_Source\PSoC4\CyLib.c **** }
 423              		.loc 1 577 0
 424 0038 C046     		nop
 425 003a BD46     		mov	sp, r7
 426 003c 05B0     		add	sp, sp, #20
 427              		@ sp needed
 428 003e 90BD     		pop	{r4, r7, pc}
 429              	.L22:
 430              		.align	2
 431              	.L21:
 432 0040 00010B40 		.word	1074462976
 433 0044 FFFFC7FF 		.word	-3670017
 434              		.cfi_endproc
 435              	.LFE5:
 436              		.size	CySysClkWriteSysclkDiv, .-CySysClkWriteSysclkDiv
 437              		.section	.text.CySysClkWriteImoFreq,"ax",%progbits
 438              		.align	2
 439              		.global	CySysClkWriteImoFreq
 440              		.code	16
 441              		.thumb_func
ARM GAS  C:\Users\taips\AppData\Local\Temp\ccbT16OQ.s 			page 19


 442              		.type	CySysClkWriteImoFreq, %function
 443              	CySysClkWriteImoFreq:
 444              	.LFB6:
 578:C:\Program Files (x86)\Cypress\PSoC Creator\4.4\PSoC Creator\1\CapSense_CSD_P4_Design01.cydsn\Generated_Source\PSoC4\CyLib.c **** 
 579:C:\Program Files (x86)\Cypress\PSoC Creator\4.4\PSoC Creator\1\CapSense_CSD_P4_Design01.cydsn\Generated_Source\PSoC4\CyLib.c **** 
 580:C:\Program Files (x86)\Cypress\PSoC Creator\4.4\PSoC Creator\1\CapSense_CSD_P4_Design01.cydsn\Generated_Source\PSoC4\CyLib.c **** /*******************************************************************************
 581:C:\Program Files (x86)\Cypress\PSoC Creator\4.4\PSoC Creator\1\CapSense_CSD_P4_Design01.cydsn\Generated_Source\PSoC4\CyLib.c **** * Function Name: CySysClkWriteImoFreq
 582:C:\Program Files (x86)\Cypress\PSoC Creator\4.4\PSoC Creator\1\CapSense_CSD_P4_Design01.cydsn\Generated_Source\PSoC4\CyLib.c **** ****************************************************************************//**
 583:C:\Program Files (x86)\Cypress\PSoC Creator\4.4\PSoC Creator\1\CapSense_CSD_P4_Design01.cydsn\Generated_Source\PSoC4\CyLib.c **** *
 584:C:\Program Files (x86)\Cypress\PSoC Creator\4.4\PSoC Creator\1\CapSense_CSD_P4_Design01.cydsn\Generated_Source\PSoC4\CyLib.c **** * Sets the frequency of the IMO.
 585:C:\Program Files (x86)\Cypress\PSoC Creator\4.4\PSoC Creator\1\CapSense_CSD_P4_Design01.cydsn\Generated_Source\PSoC4\CyLib.c **** *
 586:C:\Program Files (x86)\Cypress\PSoC Creator\4.4\PSoC Creator\1\CapSense_CSD_P4_Design01.cydsn\Generated_Source\PSoC4\CyLib.c **** * PSoC 4000: The SYSCLK has the speed of 16 MHz, so HFCLK and SYSCLK dividers
 587:C:\Program Files (x86)\Cypress\PSoC Creator\4.4\PSoC Creator\1\CapSense_CSD_P4_Design01.cydsn\Generated_Source\PSoC4\CyLib.c **** * should be selected in a way, not to exceed 16 MHz for SYSCLK.
 588:C:\Program Files (x86)\Cypress\PSoC Creator\4.4\PSoC Creator\1\CapSense_CSD_P4_Design01.cydsn\Generated_Source\PSoC4\CyLib.c **** *
 589:C:\Program Files (x86)\Cypress\PSoC Creator\4.4\PSoC Creator\1\CapSense_CSD_P4_Design01.cydsn\Generated_Source\PSoC4\CyLib.c **** * PSoC 4100 \ PSoC 4100 BLE \ PSoC 4100M: The SYSCLK has the speed of 24 MHz,
 590:C:\Program Files (x86)\Cypress\PSoC Creator\4.4\PSoC Creator\1\CapSense_CSD_P4_Design01.cydsn\Generated_Source\PSoC4\CyLib.c **** * so HFCLK and SYSCLK dividers should be selected in a way, not to exceed 24 MHz
 591:C:\Program Files (x86)\Cypress\PSoC Creator\4.4\PSoC Creator\1\CapSense_CSD_P4_Design01.cydsn\Generated_Source\PSoC4\CyLib.c **** * for SYSCLK.
 592:C:\Program Files (x86)\Cypress\PSoC Creator\4.4\PSoC Creator\1\CapSense_CSD_P4_Design01.cydsn\Generated_Source\PSoC4\CyLib.c **** *
 593:C:\Program Files (x86)\Cypress\PSoC Creator\4.4\PSoC Creator\1\CapSense_CSD_P4_Design01.cydsn\Generated_Source\PSoC4\CyLib.c **** * For PSoC 4200M and PSoC 4200L device families, if WCO lock feature is enabled
 594:C:\Program Files (x86)\Cypress\PSoC Creator\4.4\PSoC Creator\1\CapSense_CSD_P4_Design01.cydsn\Generated_Source\PSoC4\CyLib.c **** * then this API will disable the lock, write the new IMO frequency and then
 595:C:\Program Files (x86)\Cypress\PSoC Creator\4.4\PSoC Creator\1\CapSense_CSD_P4_Design01.cydsn\Generated_Source\PSoC4\CyLib.c **** * re-enable the lock.
 596:C:\Program Files (x86)\Cypress\PSoC Creator\4.4\PSoC Creator\1\CapSense_CSD_P4_Design01.cydsn\Generated_Source\PSoC4\CyLib.c **** *
 597:C:\Program Files (x86)\Cypress\PSoC Creator\4.4\PSoC Creator\1\CapSense_CSD_P4_Design01.cydsn\Generated_Source\PSoC4\CyLib.c **** * For PSoC 4200L device families, this function enables the USB lock when 24 or
 598:C:\Program Files (x86)\Cypress\PSoC Creator\4.4\PSoC Creator\1\CapSense_CSD_P4_Design01.cydsn\Generated_Source\PSoC4\CyLib.c **** * 48 MHz passed as a parameter if the USB lock option is enabled in Design Wide
 599:C:\Program Files (x86)\Cypress\PSoC Creator\4.4\PSoC Creator\1\CapSense_CSD_P4_Design01.cydsn\Generated_Source\PSoC4\CyLib.c **** * Resources tab or CySysClkImoEnableUsbLock() was called before. Note the USB
 600:C:\Program Files (x86)\Cypress\PSoC Creator\4.4\PSoC Creator\1\CapSense_CSD_P4_Design01.cydsn\Generated_Source\PSoC4\CyLib.c **** * lock is disabled during IMO frequency change.
 601:C:\Program Files (x86)\Cypress\PSoC Creator\4.4\PSoC Creator\1\CapSense_CSD_P4_Design01.cydsn\Generated_Source\PSoC4\CyLib.c **** *
 602:C:\Program Files (x86)\Cypress\PSoC Creator\4.4\PSoC Creator\1\CapSense_CSD_P4_Design01.cydsn\Generated_Source\PSoC4\CyLib.c **** * The CPU is halted if new frequency is invalid and project is compiled
 603:C:\Program Files (x86)\Cypress\PSoC Creator\4.4\PSoC Creator\1\CapSense_CSD_P4_Design01.cydsn\Generated_Source\PSoC4\CyLib.c **** * in debug mode.
 604:C:\Program Files (x86)\Cypress\PSoC Creator\4.4\PSoC Creator\1\CapSense_CSD_P4_Design01.cydsn\Generated_Source\PSoC4\CyLib.c **** *
 605:C:\Program Files (x86)\Cypress\PSoC Creator\4.4\PSoC Creator\1\CapSense_CSD_P4_Design01.cydsn\Generated_Source\PSoC4\CyLib.c **** * If the SYSCLK clock frequency increases during the device operation, call
 606:C:\Program Files (x86)\Cypress\PSoC Creator\4.4\PSoC Creator\1\CapSense_CSD_P4_Design01.cydsn\Generated_Source\PSoC4\CyLib.c **** * \ref CySysFlashSetWaitCycles() with the appropriate parameter to adjust the
 607:C:\Program Files (x86)\Cypress\PSoC Creator\4.4\PSoC Creator\1\CapSense_CSD_P4_Design01.cydsn\Generated_Source\PSoC4\CyLib.c **** * number of clock cycles the cache will wait before sampling data comes back
 608:C:\Program Files (x86)\Cypress\PSoC Creator\4.4\PSoC Creator\1\CapSense_CSD_P4_Design01.cydsn\Generated_Source\PSoC4\CyLib.c **** * from Flash. If the SYSCLK clock frequency decreases, you can call
 609:C:\Program Files (x86)\Cypress\PSoC Creator\4.4\PSoC Creator\1\CapSense_CSD_P4_Design01.cydsn\Generated_Source\PSoC4\CyLib.c **** * \ref CySysFlashSetWaitCycles() to improve the CPU performance. See
 610:C:\Program Files (x86)\Cypress\PSoC Creator\4.4\PSoC Creator\1\CapSense_CSD_P4_Design01.cydsn\Generated_Source\PSoC4\CyLib.c **** * \ref CySysFlashSetWaitCycles() description for more information.
 611:C:\Program Files (x86)\Cypress\PSoC Creator\4.4\PSoC Creator\1\CapSense_CSD_P4_Design01.cydsn\Generated_Source\PSoC4\CyLib.c **** *
 612:C:\Program Files (x86)\Cypress\PSoC Creator\4.4\PSoC Creator\1\CapSense_CSD_P4_Design01.cydsn\Generated_Source\PSoC4\CyLib.c **** * PSoC 4000: The System Clock (SYSCLK) has maximum speed of 16 MHz, so HFCLK
 613:C:\Program Files (x86)\Cypress\PSoC Creator\4.4\PSoC Creator\1\CapSense_CSD_P4_Design01.cydsn\Generated_Source\PSoC4\CyLib.c **** * and SYSCLK dividers should be selected in a way, to not to exceed 16 MHz for
 614:C:\Program Files (x86)\Cypress\PSoC Creator\4.4\PSoC Creator\1\CapSense_CSD_P4_Design01.cydsn\Generated_Source\PSoC4\CyLib.c **** * the System clock.
 615:C:\Program Files (x86)\Cypress\PSoC Creator\4.4\PSoC Creator\1\CapSense_CSD_P4_Design01.cydsn\Generated_Source\PSoC4\CyLib.c **** *
 616:C:\Program Files (x86)\Cypress\PSoC Creator\4.4\PSoC Creator\1\CapSense_CSD_P4_Design01.cydsn\Generated_Source\PSoC4\CyLib.c **** * \param freq All PSoC 4 families excluding the following: Valid range [3-48]
 617:C:\Program Files (x86)\Cypress\PSoC Creator\4.4\PSoC Creator\1\CapSense_CSD_P4_Design01.cydsn\Generated_Source\PSoC4\CyLib.c **** * with step size equals 1. PSoC 4000: Valid values are 24, 32, and 48.
 618:C:\Program Files (x86)\Cypress\PSoC Creator\4.4\PSoC Creator\1\CapSense_CSD_P4_Design01.cydsn\Generated_Source\PSoC4\CyLib.c **** * PSoC 4000S / PSoC 4100S / PSoC 4400: Valid range [24-48] with step size equals
 619:C:\Program Files (x86)\Cypress\PSoC Creator\4.4\PSoC Creator\1\CapSense_CSD_P4_Design01.cydsn\Generated_Source\PSoC4\CyLib.c **** * 4.
 620:C:\Program Files (x86)\Cypress\PSoC Creator\4.4\PSoC Creator\1\CapSense_CSD_P4_Design01.cydsn\Generated_Source\PSoC4\CyLib.c **** *
 621:C:\Program Files (x86)\Cypress\PSoC Creator\4.4\PSoC Creator\1\CapSense_CSD_P4_Design01.cydsn\Generated_Source\PSoC4\CyLib.c **** *******************************************************************************/
 622:C:\Program Files (x86)\Cypress\PSoC Creator\4.4\PSoC Creator\1\CapSense_CSD_P4_Design01.cydsn\Generated_Source\PSoC4\CyLib.c **** #if(CY_IP_SRSSV2)
 623:C:\Program Files (x86)\Cypress\PSoC Creator\4.4\PSoC Creator\1\CapSense_CSD_P4_Design01.cydsn\Generated_Source\PSoC4\CyLib.c ****     void CySysClkWriteImoFreq(uint32 freq)
 624:C:\Program Files (x86)\Cypress\PSoC Creator\4.4\PSoC Creator\1\CapSense_CSD_P4_Design01.cydsn\Generated_Source\PSoC4\CyLib.c ****     {
 445              		.loc 1 624 0
 446              		.cfi_startproc
 447              		@ args = 0, pretend = 0, frame = 16
 448              		@ frame_needed = 1, uses_anonymous_args = 0
 449 0000 90B5     		push	{r4, r7, lr}
 450              		.cfi_def_cfa_offset 12
 451              		.cfi_offset 4, -12
ARM GAS  C:\Users\taips\AppData\Local\Temp\ccbT16OQ.s 			page 20


 452              		.cfi_offset 7, -8
 453              		.cfi_offset 14, -4
 454 0002 85B0     		sub	sp, sp, #20
 455              		.cfi_def_cfa_offset 32
 456 0004 00AF     		add	r7, sp, #0
 457              		.cfi_def_cfa_register 7
 458 0006 7860     		str	r0, [r7, #4]
 625:C:\Program Files (x86)\Cypress\PSoC Creator\4.4\PSoC Creator\1\CapSense_CSD_P4_Design01.cydsn\Generated_Source\PSoC4\CyLib.c ****         #if (CY_IP_FMLT)
 626:C:\Program Files (x86)\Cypress\PSoC Creator\4.4\PSoC Creator\1\CapSense_CSD_P4_Design01.cydsn\Generated_Source\PSoC4\CyLib.c ****             volatile uint32   parameters[2u];
 627:C:\Program Files (x86)\Cypress\PSoC Creator\4.4\PSoC Creator\1\CapSense_CSD_P4_Design01.cydsn\Generated_Source\PSoC4\CyLib.c ****             volatile uint32   regValues[4u];
 628:C:\Program Files (x86)\Cypress\PSoC Creator\4.4\PSoC Creator\1\CapSense_CSD_P4_Design01.cydsn\Generated_Source\PSoC4\CyLib.c ****         #else
 629:C:\Program Files (x86)\Cypress\PSoC Creator\4.4\PSoC Creator\1\CapSense_CSD_P4_Design01.cydsn\Generated_Source\PSoC4\CyLib.c ****             uint8  bgTrim4;
 630:C:\Program Files (x86)\Cypress\PSoC Creator\4.4\PSoC Creator\1\CapSense_CSD_P4_Design01.cydsn\Generated_Source\PSoC4\CyLib.c ****             uint8  bgTrim5;
 631:C:\Program Files (x86)\Cypress\PSoC Creator\4.4\PSoC Creator\1\CapSense_CSD_P4_Design01.cydsn\Generated_Source\PSoC4\CyLib.c ****             uint8  newImoTrim2Value;
 632:C:\Program Files (x86)\Cypress\PSoC Creator\4.4\PSoC Creator\1\CapSense_CSD_P4_Design01.cydsn\Generated_Source\PSoC4\CyLib.c ****             uint8  currentImoTrim2Value;
 633:C:\Program Files (x86)\Cypress\PSoC Creator\4.4\PSoC Creator\1\CapSense_CSD_P4_Design01.cydsn\Generated_Source\PSoC4\CyLib.c ****             uint8  imoTrim1Value;
 634:C:\Program Files (x86)\Cypress\PSoC Creator\4.4\PSoC Creator\1\CapSense_CSD_P4_Design01.cydsn\Generated_Source\PSoC4\CyLib.c ****         #endif /* (CY_IP_FM) */
 635:C:\Program Files (x86)\Cypress\PSoC Creator\4.4\PSoC Creator\1\CapSense_CSD_P4_Design01.cydsn\Generated_Source\PSoC4\CyLib.c **** 
 636:C:\Program Files (x86)\Cypress\PSoC Creator\4.4\PSoC Creator\1\CapSense_CSD_P4_Design01.cydsn\Generated_Source\PSoC4\CyLib.c ****         #if (CY_IP_IMO_TRIMMABLE_BY_WCO)
 637:C:\Program Files (x86)\Cypress\PSoC Creator\4.4\PSoC Creator\1\CapSense_CSD_P4_Design01.cydsn\Generated_Source\PSoC4\CyLib.c ****             uint32 wcoLock = 0u;
 638:C:\Program Files (x86)\Cypress\PSoC Creator\4.4\PSoC Creator\1\CapSense_CSD_P4_Design01.cydsn\Generated_Source\PSoC4\CyLib.c ****         #endif  /* (CY_IP_IMO_TRIMMABLE_BY_WCO) */
 639:C:\Program Files (x86)\Cypress\PSoC Creator\4.4\PSoC Creator\1\CapSense_CSD_P4_Design01.cydsn\Generated_Source\PSoC4\CyLib.c **** 
 640:C:\Program Files (x86)\Cypress\PSoC Creator\4.4\PSoC Creator\1\CapSense_CSD_P4_Design01.cydsn\Generated_Source\PSoC4\CyLib.c ****         #if (CY_IP_IMO_TRIMMABLE_BY_USB)
 641:C:\Program Files (x86)\Cypress\PSoC Creator\4.4\PSoC Creator\1\CapSense_CSD_P4_Design01.cydsn\Generated_Source\PSoC4\CyLib.c ****             uint32 usbLock = 0u;
 642:C:\Program Files (x86)\Cypress\PSoC Creator\4.4\PSoC Creator\1\CapSense_CSD_P4_Design01.cydsn\Generated_Source\PSoC4\CyLib.c ****         #endif  /* (CY_IP_IMO_TRIMMABLE_BY_USB) */
 643:C:\Program Files (x86)\Cypress\PSoC Creator\4.4\PSoC Creator\1\CapSense_CSD_P4_Design01.cydsn\Generated_Source\PSoC4\CyLib.c **** 
 644:C:\Program Files (x86)\Cypress\PSoC Creator\4.4\PSoC Creator\1\CapSense_CSD_P4_Design01.cydsn\Generated_Source\PSoC4\CyLib.c ****         uint8  interruptState;
 645:C:\Program Files (x86)\Cypress\PSoC Creator\4.4\PSoC Creator\1\CapSense_CSD_P4_Design01.cydsn\Generated_Source\PSoC4\CyLib.c **** 
 646:C:\Program Files (x86)\Cypress\PSoC Creator\4.4\PSoC Creator\1\CapSense_CSD_P4_Design01.cydsn\Generated_Source\PSoC4\CyLib.c **** 
 647:C:\Program Files (x86)\Cypress\PSoC Creator\4.4\PSoC Creator\1\CapSense_CSD_P4_Design01.cydsn\Generated_Source\PSoC4\CyLib.c ****         interruptState = CyEnterCriticalSection();
 459              		.loc 1 647 0
 460 0008 0C23     		movs	r3, #12
 461 000a FC18     		adds	r4, r7, r3
 462 000c FFF7FEFF 		bl	CyEnterCriticalSection
 463 0010 0300     		movs	r3, r0
 464 0012 2370     		strb	r3, [r4]
 648:C:\Program Files (x86)\Cypress\PSoC Creator\4.4\PSoC Creator\1\CapSense_CSD_P4_Design01.cydsn\Generated_Source\PSoC4\CyLib.c **** 
 649:C:\Program Files (x86)\Cypress\PSoC Creator\4.4\PSoC Creator\1\CapSense_CSD_P4_Design01.cydsn\Generated_Source\PSoC4\CyLib.c ****         #if (CY_IP_IMO_TRIMMABLE_BY_WCO)
 650:C:\Program Files (x86)\Cypress\PSoC Creator\4.4\PSoC Creator\1\CapSense_CSD_P4_Design01.cydsn\Generated_Source\PSoC4\CyLib.c ****             if(0u != CySysClkImoGetWcoLock())
 651:C:\Program Files (x86)\Cypress\PSoC Creator\4.4\PSoC Creator\1\CapSense_CSD_P4_Design01.cydsn\Generated_Source\PSoC4\CyLib.c ****             {
 652:C:\Program Files (x86)\Cypress\PSoC Creator\4.4\PSoC Creator\1\CapSense_CSD_P4_Design01.cydsn\Generated_Source\PSoC4\CyLib.c ****                 wcoLock = 1u;
 653:C:\Program Files (x86)\Cypress\PSoC Creator\4.4\PSoC Creator\1\CapSense_CSD_P4_Design01.cydsn\Generated_Source\PSoC4\CyLib.c ****                 CySysClkImoDisableWcoLock();
 654:C:\Program Files (x86)\Cypress\PSoC Creator\4.4\PSoC Creator\1\CapSense_CSD_P4_Design01.cydsn\Generated_Source\PSoC4\CyLib.c ****             }
 655:C:\Program Files (x86)\Cypress\PSoC Creator\4.4\PSoC Creator\1\CapSense_CSD_P4_Design01.cydsn\Generated_Source\PSoC4\CyLib.c ****         #endif  /* (CY_IP_IMO_TRIMMABLE_BY_WCO) */
 656:C:\Program Files (x86)\Cypress\PSoC Creator\4.4\PSoC Creator\1\CapSense_CSD_P4_Design01.cydsn\Generated_Source\PSoC4\CyLib.c **** 
 657:C:\Program Files (x86)\Cypress\PSoC Creator\4.4\PSoC Creator\1\CapSense_CSD_P4_Design01.cydsn\Generated_Source\PSoC4\CyLib.c **** 
 658:C:\Program Files (x86)\Cypress\PSoC Creator\4.4\PSoC Creator\1\CapSense_CSD_P4_Design01.cydsn\Generated_Source\PSoC4\CyLib.c ****         #if (CY_IP_IMO_TRIMMABLE_BY_USB)
 659:C:\Program Files (x86)\Cypress\PSoC Creator\4.4\PSoC Creator\1\CapSense_CSD_P4_Design01.cydsn\Generated_Source\PSoC4\CyLib.c **** 
 660:C:\Program Files (x86)\Cypress\PSoC Creator\4.4\PSoC Creator\1\CapSense_CSD_P4_Design01.cydsn\Generated_Source\PSoC4\CyLib.c ****             #if (CYDEV_IMO_TRIMMED_BY_USB == 0u)
 661:C:\Program Files (x86)\Cypress\PSoC Creator\4.4\PSoC Creator\1\CapSense_CSD_P4_Design01.cydsn\Generated_Source\PSoC4\CyLib.c ****                 if(0u != CySysClkImoGetUsbLock())
 662:C:\Program Files (x86)\Cypress\PSoC Creator\4.4\PSoC Creator\1\CapSense_CSD_P4_Design01.cydsn\Generated_Source\PSoC4\CyLib.c ****                 {
 663:C:\Program Files (x86)\Cypress\PSoC Creator\4.4\PSoC Creator\1\CapSense_CSD_P4_Design01.cydsn\Generated_Source\PSoC4\CyLib.c ****             #endif  /* (CYDEV_IMO_TRIMMED_BY_USB == 0u) */
 664:C:\Program Files (x86)\Cypress\PSoC Creator\4.4\PSoC Creator\1\CapSense_CSD_P4_Design01.cydsn\Generated_Source\PSoC4\CyLib.c **** 
 665:C:\Program Files (x86)\Cypress\PSoC Creator\4.4\PSoC Creator\1\CapSense_CSD_P4_Design01.cydsn\Generated_Source\PSoC4\CyLib.c ****                 if ((24u == freq) || (48u == freq))
 666:C:\Program Files (x86)\Cypress\PSoC Creator\4.4\PSoC Creator\1\CapSense_CSD_P4_Design01.cydsn\Generated_Source\PSoC4\CyLib.c ****                 {
 667:C:\Program Files (x86)\Cypress\PSoC Creator\4.4\PSoC Creator\1\CapSense_CSD_P4_Design01.cydsn\Generated_Source\PSoC4\CyLib.c ****                     usbLock = 1u;
 668:C:\Program Files (x86)\Cypress\PSoC Creator\4.4\PSoC Creator\1\CapSense_CSD_P4_Design01.cydsn\Generated_Source\PSoC4\CyLib.c ****                     CySysClkImoDisableUsbLock();
ARM GAS  C:\Users\taips\AppData\Local\Temp\ccbT16OQ.s 			page 21


 669:C:\Program Files (x86)\Cypress\PSoC Creator\4.4\PSoC Creator\1\CapSense_CSD_P4_Design01.cydsn\Generated_Source\PSoC4\CyLib.c ****                 }
 670:C:\Program Files (x86)\Cypress\PSoC Creator\4.4\PSoC Creator\1\CapSense_CSD_P4_Design01.cydsn\Generated_Source\PSoC4\CyLib.c **** 
 671:C:\Program Files (x86)\Cypress\PSoC Creator\4.4\PSoC Creator\1\CapSense_CSD_P4_Design01.cydsn\Generated_Source\PSoC4\CyLib.c ****             #if (CYDEV_IMO_TRIMMED_BY_USB == 0u)
 672:C:\Program Files (x86)\Cypress\PSoC Creator\4.4\PSoC Creator\1\CapSense_CSD_P4_Design01.cydsn\Generated_Source\PSoC4\CyLib.c ****                 }
 673:C:\Program Files (x86)\Cypress\PSoC Creator\4.4\PSoC Creator\1\CapSense_CSD_P4_Design01.cydsn\Generated_Source\PSoC4\CyLib.c ****             #endif  /* (CYDEV_IMO_TRIMMED_BY_USB == 0u) */
 674:C:\Program Files (x86)\Cypress\PSoC Creator\4.4\PSoC Creator\1\CapSense_CSD_P4_Design01.cydsn\Generated_Source\PSoC4\CyLib.c **** 
 675:C:\Program Files (x86)\Cypress\PSoC Creator\4.4\PSoC Creator\1\CapSense_CSD_P4_Design01.cydsn\Generated_Source\PSoC4\CyLib.c ****         #endif  /* (CYDEV_IMO_TRIMMED_BY_USB == 0u) */
 676:C:\Program Files (x86)\Cypress\PSoC Creator\4.4\PSoC Creator\1\CapSense_CSD_P4_Design01.cydsn\Generated_Source\PSoC4\CyLib.c **** 
 677:C:\Program Files (x86)\Cypress\PSoC Creator\4.4\PSoC Creator\1\CapSense_CSD_P4_Design01.cydsn\Generated_Source\PSoC4\CyLib.c **** 
 678:C:\Program Files (x86)\Cypress\PSoC Creator\4.4\PSoC Creator\1\CapSense_CSD_P4_Design01.cydsn\Generated_Source\PSoC4\CyLib.c ****         #if (CY_IP_FMLT)
 679:C:\Program Files (x86)\Cypress\PSoC Creator\4.4\PSoC Creator\1\CapSense_CSD_P4_Design01.cydsn\Generated_Source\PSoC4\CyLib.c **** 
 680:C:\Program Files (x86)\Cypress\PSoC Creator\4.4\PSoC Creator\1\CapSense_CSD_P4_Design01.cydsn\Generated_Source\PSoC4\CyLib.c ****             /* FM-Lite Clock Restore */
 681:C:\Program Files (x86)\Cypress\PSoC Creator\4.4\PSoC Creator\1\CapSense_CSD_P4_Design01.cydsn\Generated_Source\PSoC4\CyLib.c ****             regValues[0u] = CY_SYS_CLK_IMO_CONFIG_REG;
 682:C:\Program Files (x86)\Cypress\PSoC Creator\4.4\PSoC Creator\1\CapSense_CSD_P4_Design01.cydsn\Generated_Source\PSoC4\CyLib.c ****             regValues[1u] = CY_SYS_CLK_SELECT_REG;
 683:C:\Program Files (x86)\Cypress\PSoC Creator\4.4\PSoC Creator\1\CapSense_CSD_P4_Design01.cydsn\Generated_Source\PSoC4\CyLib.c ****             regValues[2u] = cyImoFreqMhz2Reg[freq - CY_SYS_CLK_IMO_FREQ_TABLE_OFFSET];
 684:C:\Program Files (x86)\Cypress\PSoC Creator\4.4\PSoC Creator\1\CapSense_CSD_P4_Design01.cydsn\Generated_Source\PSoC4\CyLib.c ****             regValues[3u] = CY_FLASH_CTL_REG;
 685:C:\Program Files (x86)\Cypress\PSoC Creator\4.4\PSoC Creator\1\CapSense_CSD_P4_Design01.cydsn\Generated_Source\PSoC4\CyLib.c **** 
 686:C:\Program Files (x86)\Cypress\PSoC Creator\4.4\PSoC Creator\1\CapSense_CSD_P4_Design01.cydsn\Generated_Source\PSoC4\CyLib.c ****             parameters[0u] =
 687:C:\Program Files (x86)\Cypress\PSoC Creator\4.4\PSoC Creator\1\CapSense_CSD_P4_Design01.cydsn\Generated_Source\PSoC4\CyLib.c ****                 (uint32) ((CY_FLASH_KEY_TWO(CY_FLASH_API_OPCODE_CLK_RESTORE) <<  CY_FLASH_PARAM_KEY
 688:C:\Program Files (x86)\Cypress\PSoC Creator\4.4\PSoC Creator\1\CapSense_CSD_P4_Design01.cydsn\Generated_Source\PSoC4\CyLib.c ****                             CY_FLASH_KEY_ONE);
 689:C:\Program Files (x86)\Cypress\PSoC Creator\4.4\PSoC Creator\1\CapSense_CSD_P4_Design01.cydsn\Generated_Source\PSoC4\CyLib.c ****             parameters[1u] = (uint32) &regValues[0u];
 690:C:\Program Files (x86)\Cypress\PSoC Creator\4.4\PSoC Creator\1\CapSense_CSD_P4_Design01.cydsn\Generated_Source\PSoC4\CyLib.c **** 
 691:C:\Program Files (x86)\Cypress\PSoC Creator\4.4\PSoC Creator\1\CapSense_CSD_P4_Design01.cydsn\Generated_Source\PSoC4\CyLib.c ****             CY_FLASH_CPUSS_SYSARG_REG = (uint32) &parameters[0u];
 692:C:\Program Files (x86)\Cypress\PSoC Creator\4.4\PSoC Creator\1\CapSense_CSD_P4_Design01.cydsn\Generated_Source\PSoC4\CyLib.c ****             CY_FLASH_CPUSS_SYSREQ_REG = CY_FLASH_CPUSS_REQ_START | CY_FLASH_API_OPCODE_CLK_RESTORE;
 693:C:\Program Files (x86)\Cypress\PSoC Creator\4.4\PSoC Creator\1\CapSense_CSD_P4_Design01.cydsn\Generated_Source\PSoC4\CyLib.c ****             (void) CY_FLASH_CPUSS_SYSARG_REG;
 694:C:\Program Files (x86)\Cypress\PSoC Creator\4.4\PSoC Creator\1\CapSense_CSD_P4_Design01.cydsn\Generated_Source\PSoC4\CyLib.c **** 
 695:C:\Program Files (x86)\Cypress\PSoC Creator\4.4\PSoC Creator\1\CapSense_CSD_P4_Design01.cydsn\Generated_Source\PSoC4\CyLib.c ****         #else /* (CY_IP_FM) */
 696:C:\Program Files (x86)\Cypress\PSoC Creator\4.4\PSoC Creator\1\CapSense_CSD_P4_Design01.cydsn\Generated_Source\PSoC4\CyLib.c **** 
 697:C:\Program Files (x86)\Cypress\PSoC Creator\4.4\PSoC Creator\1\CapSense_CSD_P4_Design01.cydsn\Generated_Source\PSoC4\CyLib.c ****         if ((freq >= CY_SYS_CLK_IMO_MIN_FREQ_MHZ) && (freq <= CY_SYS_CLK_IMO_MAX_FREQ_MHZ))
 465              		.loc 1 697 0
 466 0014 7B68     		ldr	r3, [r7, #4]
 467 0016 022B     		cmp	r3, #2
 468 0018 00D8     		bhi	.LCB302
 469 001a B3E0     		b	.L24	@long jump
 470              	.LCB302:
 471              		.loc 1 697 0 is_stmt 0 discriminator 1
 472 001c 7B68     		ldr	r3, [r7, #4]
 473 001e 302B     		cmp	r3, #48
 474 0020 00D9     		bls	.LCB305
 475 0022 AFE0     		b	.L24	@long jump
 476              	.LCB305:
 698:C:\Program Files (x86)\Cypress\PSoC Creator\4.4\PSoC Creator\1\CapSense_CSD_P4_Design01.cydsn\Generated_Source\PSoC4\CyLib.c ****         {
 699:C:\Program Files (x86)\Cypress\PSoC Creator\4.4\PSoC Creator\1\CapSense_CSD_P4_Design01.cydsn\Generated_Source\PSoC4\CyLib.c ****             if(freq <= CY_SFLASH_IMO_MAXF0_REG)
 477              		.loc 1 699 0 is_stmt 1
 478 0024 5E4B     		ldr	r3, .L35
 479 0026 1B78     		ldrb	r3, [r3]
 480 0028 DBB2     		uxtb	r3, r3
 481 002a 1A00     		movs	r2, r3
 482 002c 7B68     		ldr	r3, [r7, #4]
 483 002e 9A42     		cmp	r2, r3
 484 0030 0AD3     		bcc	.L25
 700:C:\Program Files (x86)\Cypress\PSoC Creator\4.4\PSoC Creator\1\CapSense_CSD_P4_Design01.cydsn\Generated_Source\PSoC4\CyLib.c ****             {
 701:C:\Program Files (x86)\Cypress\PSoC Creator\4.4\PSoC Creator\1\CapSense_CSD_P4_Design01.cydsn\Generated_Source\PSoC4\CyLib.c ****                 bgTrim4 = CY_SFLASH_IMO_ABS0_REG;
 485              		.loc 1 701 0
 486 0032 5C4A     		ldr	r2, .L35+4
 487 0034 0F23     		movs	r3, #15
 488 0036 FB18     		adds	r3, r7, r3
ARM GAS  C:\Users\taips\AppData\Local\Temp\ccbT16OQ.s 			page 22


 489 0038 1278     		ldrb	r2, [r2]
 490 003a 1A70     		strb	r2, [r3]
 702:C:\Program Files (x86)\Cypress\PSoC Creator\4.4\PSoC Creator\1\CapSense_CSD_P4_Design01.cydsn\Generated_Source\PSoC4\CyLib.c ****                 bgTrim5 = CY_SFLASH_IMO_TMPCO0_REG;
 491              		.loc 1 702 0
 492 003c 5A4A     		ldr	r2, .L35+8
 493 003e 0E23     		movs	r3, #14
 494 0040 FB18     		adds	r3, r7, r3
 495 0042 1278     		ldrb	r2, [r2]
 496 0044 1A70     		strb	r2, [r3]
 497 0046 3FE0     		b	.L26
 498              	.L25:
 703:C:\Program Files (x86)\Cypress\PSoC Creator\4.4\PSoC Creator\1\CapSense_CSD_P4_Design01.cydsn\Generated_Source\PSoC4\CyLib.c ****             }
 704:C:\Program Files (x86)\Cypress\PSoC Creator\4.4\PSoC Creator\1\CapSense_CSD_P4_Design01.cydsn\Generated_Source\PSoC4\CyLib.c ****             else if(freq <= CY_SFLASH_IMO_MAXF1_REG)
 499              		.loc 1 704 0
 500 0048 584B     		ldr	r3, .L35+12
 501 004a 1B78     		ldrb	r3, [r3]
 502 004c DBB2     		uxtb	r3, r3
 503 004e 1A00     		movs	r2, r3
 504 0050 7B68     		ldr	r3, [r7, #4]
 505 0052 9A42     		cmp	r2, r3
 506 0054 0AD3     		bcc	.L27
 705:C:\Program Files (x86)\Cypress\PSoC Creator\4.4\PSoC Creator\1\CapSense_CSD_P4_Design01.cydsn\Generated_Source\PSoC4\CyLib.c ****             {
 706:C:\Program Files (x86)\Cypress\PSoC Creator\4.4\PSoC Creator\1\CapSense_CSD_P4_Design01.cydsn\Generated_Source\PSoC4\CyLib.c ****                 bgTrim4 = CY_SFLASH_IMO_ABS1_REG;
 507              		.loc 1 706 0
 508 0056 564A     		ldr	r2, .L35+16
 509 0058 0F23     		movs	r3, #15
 510 005a FB18     		adds	r3, r7, r3
 511 005c 1278     		ldrb	r2, [r2]
 512 005e 1A70     		strb	r2, [r3]
 707:C:\Program Files (x86)\Cypress\PSoC Creator\4.4\PSoC Creator\1\CapSense_CSD_P4_Design01.cydsn\Generated_Source\PSoC4\CyLib.c ****                 bgTrim5 = CY_SFLASH_IMO_TMPCO1_REG;
 513              		.loc 1 707 0
 514 0060 544A     		ldr	r2, .L35+20
 515 0062 0E23     		movs	r3, #14
 516 0064 FB18     		adds	r3, r7, r3
 517 0066 1278     		ldrb	r2, [r2]
 518 0068 1A70     		strb	r2, [r3]
 519 006a 2DE0     		b	.L26
 520              	.L27:
 708:C:\Program Files (x86)\Cypress\PSoC Creator\4.4\PSoC Creator\1\CapSense_CSD_P4_Design01.cydsn\Generated_Source\PSoC4\CyLib.c ****             }
 709:C:\Program Files (x86)\Cypress\PSoC Creator\4.4\PSoC Creator\1\CapSense_CSD_P4_Design01.cydsn\Generated_Source\PSoC4\CyLib.c ****             else if(freq <= CY_SFLASH_IMO_MAXF2_REG)
 521              		.loc 1 709 0
 522 006c 524B     		ldr	r3, .L35+24
 523 006e 1B78     		ldrb	r3, [r3]
 524 0070 DBB2     		uxtb	r3, r3
 525 0072 1A00     		movs	r2, r3
 526 0074 7B68     		ldr	r3, [r7, #4]
 527 0076 9A42     		cmp	r2, r3
 528 0078 0AD3     		bcc	.L28
 710:C:\Program Files (x86)\Cypress\PSoC Creator\4.4\PSoC Creator\1\CapSense_CSD_P4_Design01.cydsn\Generated_Source\PSoC4\CyLib.c ****             {
 711:C:\Program Files (x86)\Cypress\PSoC Creator\4.4\PSoC Creator\1\CapSense_CSD_P4_Design01.cydsn\Generated_Source\PSoC4\CyLib.c ****                 bgTrim4 = CY_SFLASH_IMO_ABS2_REG;
 529              		.loc 1 711 0
 530 007a 504A     		ldr	r2, .L35+28
 531 007c 0F23     		movs	r3, #15
 532 007e FB18     		adds	r3, r7, r3
 533 0080 1278     		ldrb	r2, [r2]
 534 0082 1A70     		strb	r2, [r3]
 712:C:\Program Files (x86)\Cypress\PSoC Creator\4.4\PSoC Creator\1\CapSense_CSD_P4_Design01.cydsn\Generated_Source\PSoC4\CyLib.c ****                 bgTrim5 = CY_SFLASH_IMO_TMPCO2_REG;
ARM GAS  C:\Users\taips\AppData\Local\Temp\ccbT16OQ.s 			page 23


 535              		.loc 1 712 0
 536 0084 4E4A     		ldr	r2, .L35+32
 537 0086 0E23     		movs	r3, #14
 538 0088 FB18     		adds	r3, r7, r3
 539 008a 1278     		ldrb	r2, [r2]
 540 008c 1A70     		strb	r2, [r3]
 541 008e 1BE0     		b	.L26
 542              	.L28:
 713:C:\Program Files (x86)\Cypress\PSoC Creator\4.4\PSoC Creator\1\CapSense_CSD_P4_Design01.cydsn\Generated_Source\PSoC4\CyLib.c ****             }
 714:C:\Program Files (x86)\Cypress\PSoC Creator\4.4\PSoC Creator\1\CapSense_CSD_P4_Design01.cydsn\Generated_Source\PSoC4\CyLib.c ****             else if(freq <= CY_SFLASH_IMO_MAXF3_REG)
 543              		.loc 1 714 0
 544 0090 4C4B     		ldr	r3, .L35+36
 545 0092 1B78     		ldrb	r3, [r3]
 546 0094 DBB2     		uxtb	r3, r3
 547 0096 1A00     		movs	r2, r3
 548 0098 7B68     		ldr	r3, [r7, #4]
 549 009a 9A42     		cmp	r2, r3
 550 009c 0AD3     		bcc	.L29
 715:C:\Program Files (x86)\Cypress\PSoC Creator\4.4\PSoC Creator\1\CapSense_CSD_P4_Design01.cydsn\Generated_Source\PSoC4\CyLib.c ****             {
 716:C:\Program Files (x86)\Cypress\PSoC Creator\4.4\PSoC Creator\1\CapSense_CSD_P4_Design01.cydsn\Generated_Source\PSoC4\CyLib.c ****                 bgTrim4 = CY_SFLASH_IMO_ABS3_REG;
 551              		.loc 1 716 0
 552 009e 4A4A     		ldr	r2, .L35+40
 553 00a0 0F23     		movs	r3, #15
 554 00a2 FB18     		adds	r3, r7, r3
 555 00a4 1278     		ldrb	r2, [r2]
 556 00a6 1A70     		strb	r2, [r3]
 717:C:\Program Files (x86)\Cypress\PSoC Creator\4.4\PSoC Creator\1\CapSense_CSD_P4_Design01.cydsn\Generated_Source\PSoC4\CyLib.c ****                 bgTrim5 = CY_SFLASH_IMO_TMPCO3_REG;
 557              		.loc 1 717 0
 558 00a8 484A     		ldr	r2, .L35+44
 559 00aa 0E23     		movs	r3, #14
 560 00ac FB18     		adds	r3, r7, r3
 561 00ae 1278     		ldrb	r2, [r2]
 562 00b0 1A70     		strb	r2, [r3]
 563 00b2 09E0     		b	.L26
 564              	.L29:
 718:C:\Program Files (x86)\Cypress\PSoC Creator\4.4\PSoC Creator\1\CapSense_CSD_P4_Design01.cydsn\Generated_Source\PSoC4\CyLib.c ****             }
 719:C:\Program Files (x86)\Cypress\PSoC Creator\4.4\PSoC Creator\1\CapSense_CSD_P4_Design01.cydsn\Generated_Source\PSoC4\CyLib.c ****             else
 720:C:\Program Files (x86)\Cypress\PSoC Creator\4.4\PSoC Creator\1\CapSense_CSD_P4_Design01.cydsn\Generated_Source\PSoC4\CyLib.c ****             {
 721:C:\Program Files (x86)\Cypress\PSoC Creator\4.4\PSoC Creator\1\CapSense_CSD_P4_Design01.cydsn\Generated_Source\PSoC4\CyLib.c ****                 bgTrim4 = CY_SFLASH_IMO_ABS4_REG;
 565              		.loc 1 721 0
 566 00b4 464A     		ldr	r2, .L35+48
 567 00b6 0F23     		movs	r3, #15
 568 00b8 FB18     		adds	r3, r7, r3
 569 00ba 1278     		ldrb	r2, [r2]
 570 00bc 1A70     		strb	r2, [r3]
 722:C:\Program Files (x86)\Cypress\PSoC Creator\4.4\PSoC Creator\1\CapSense_CSD_P4_Design01.cydsn\Generated_Source\PSoC4\CyLib.c ****                 bgTrim5 = CY_SFLASH_IMO_TMPCO4_REG;
 571              		.loc 1 722 0
 572 00be 454A     		ldr	r2, .L35+52
 573 00c0 0E23     		movs	r3, #14
 574 00c2 FB18     		adds	r3, r7, r3
 575 00c4 1278     		ldrb	r2, [r2]
 576 00c6 1A70     		strb	r2, [r3]
 577              	.L26:
 723:C:\Program Files (x86)\Cypress\PSoC Creator\4.4\PSoC Creator\1\CapSense_CSD_P4_Design01.cydsn\Generated_Source\PSoC4\CyLib.c ****             }
 724:C:\Program Files (x86)\Cypress\PSoC Creator\4.4\PSoC Creator\1\CapSense_CSD_P4_Design01.cydsn\Generated_Source\PSoC4\CyLib.c **** 
 725:C:\Program Files (x86)\Cypress\PSoC Creator\4.4\PSoC Creator\1\CapSense_CSD_P4_Design01.cydsn\Generated_Source\PSoC4\CyLib.c ****             /* Get IMO_TRIM2 value for the new frequency */
 726:C:\Program Files (x86)\Cypress\PSoC Creator\4.4\PSoC Creator\1\CapSense_CSD_P4_Design01.cydsn\Generated_Source\PSoC4\CyLib.c ****             newImoTrim2Value = cyImoFreqMhz2Reg[freq - CY_SYS_CLK_IMO_FREQ_TABLE_OFFSET];
ARM GAS  C:\Users\taips\AppData\Local\Temp\ccbT16OQ.s 			page 24


 578              		.loc 1 726 0
 579 00c8 7B68     		ldr	r3, [r7, #4]
 580 00ca DA1E     		subs	r2, r3, #3
 581 00cc 0B23     		movs	r3, #11
 582 00ce FB18     		adds	r3, r7, r3
 583 00d0 4149     		ldr	r1, .L35+56
 584 00d2 8A5C     		ldrb	r2, [r1, r2]
 585 00d4 1A70     		strb	r2, [r3]
 727:C:\Program Files (x86)\Cypress\PSoC Creator\4.4\PSoC Creator\1\CapSense_CSD_P4_Design01.cydsn\Generated_Source\PSoC4\CyLib.c **** 
 728:C:\Program Files (x86)\Cypress\PSoC Creator\4.4\PSoC Creator\1\CapSense_CSD_P4_Design01.cydsn\Generated_Source\PSoC4\CyLib.c **** 
 729:C:\Program Files (x86)\Cypress\PSoC Creator\4.4\PSoC Creator\1\CapSense_CSD_P4_Design01.cydsn\Generated_Source\PSoC4\CyLib.c ****             /****************************************************************************
 730:C:\Program Files (x86)\Cypress\PSoC Creator\4.4\PSoC Creator\1\CapSense_CSD_P4_Design01.cydsn\Generated_Source\PSoC4\CyLib.c ****             * The IMO can have a different trim per frequency. To avoid possible corner
 731:C:\Program Files (x86)\Cypress\PSoC Creator\4.4\PSoC Creator\1\CapSense_CSD_P4_Design01.cydsn\Generated_Source\PSoC4\CyLib.c ****             * cases where a trim change can exceed the maximum frequency, the trim must
 732:C:\Program Files (x86)\Cypress\PSoC Creator\4.4\PSoC Creator\1\CapSense_CSD_P4_Design01.cydsn\Generated_Source\PSoC4\CyLib.c ****             * be applied at a frequency that is low enough.
 733:C:\Program Files (x86)\Cypress\PSoC Creator\4.4\PSoC Creator\1\CapSense_CSD_P4_Design01.cydsn\Generated_Source\PSoC4\CyLib.c ****             *
 734:C:\Program Files (x86)\Cypress\PSoC Creator\4.4\PSoC Creator\1\CapSense_CSD_P4_Design01.cydsn\Generated_Source\PSoC4\CyLib.c ****             * Comparing IMO_TRIM2 values for the current and new frequencies, since
 735:C:\Program Files (x86)\Cypress\PSoC Creator\4.4\PSoC Creator\1\CapSense_CSD_P4_Design01.cydsn\Generated_Source\PSoC4\CyLib.c ****             * IMO_TRIM2 value as a function of IMO frequency is a strictly increasing
 736:C:\Program Files (x86)\Cypress\PSoC Creator\4.4\PSoC Creator\1\CapSense_CSD_P4_Design01.cydsn\Generated_Source\PSoC4\CyLib.c ****             * function and is time-invariant.
 737:C:\Program Files (x86)\Cypress\PSoC Creator\4.4\PSoC Creator\1\CapSense_CSD_P4_Design01.cydsn\Generated_Source\PSoC4\CyLib.c ****             ***************************************************************************/
 738:C:\Program Files (x86)\Cypress\PSoC Creator\4.4\PSoC Creator\1\CapSense_CSD_P4_Design01.cydsn\Generated_Source\PSoC4\CyLib.c ****             if ((newImoTrim2Value >= CY_SYS_CLK_IMO_BOUNDARY_FREQ_TRIM2) && (freq >= CY_SYS_CLK_IMO
 586              		.loc 1 738 0
 587 00d6 0B23     		movs	r3, #11
 588 00d8 FB18     		adds	r3, r7, r3
 589 00da 1B78     		ldrb	r3, [r3]
 590 00dc 2F2B     		cmp	r3, #47
 591 00de 0DD9     		bls	.L30
 592              		.loc 1 738 0 is_stmt 0 discriminator 1
 593 00e0 7B68     		ldr	r3, [r7, #4]
 594 00e2 2A2B     		cmp	r3, #42
 595 00e4 0AD9     		bls	.L30
 739:C:\Program Files (x86)\Cypress\PSoC Creator\4.4\PSoC Creator\1\CapSense_CSD_P4_Design01.cydsn\Generated_Source\PSoC4\CyLib.c ****             {
 740:C:\Program Files (x86)\Cypress\PSoC Creator\4.4\PSoC Creator\1\CapSense_CSD_P4_Design01.cydsn\Generated_Source\PSoC4\CyLib.c ****                 /* Set boundary IMO frequency: safe for IMO above 48 MHZ trimming */
 741:C:\Program Files (x86)\Cypress\PSoC Creator\4.4\PSoC Creator\1\CapSense_CSD_P4_Design01.cydsn\Generated_Source\PSoC4\CyLib.c ****                 CY_SYS_CLK_IMO_TRIM2_REG = (uint32) cyImoFreqMhz2Reg[CY_SYS_CLK_IMO_TEMP_FREQ_MHZ -
 596              		.loc 1 741 0 is_stmt 1
 597 00e6 3D4B     		ldr	r3, .L35+60
 598 00e8 1922     		movs	r2, #25
 599 00ea 1A60     		str	r2, [r3]
 742:C:\Program Files (x86)\Cypress\PSoC Creator\4.4\PSoC Creator\1\CapSense_CSD_P4_Design01.cydsn\Generated_Source\PSoC4\CyLib.c ****                                                                      CY_SYS_CLK_IMO_FREQ_TABLE_OFFS
 743:C:\Program Files (x86)\Cypress\PSoC Creator\4.4\PSoC Creator\1\CapSense_CSD_P4_Design01.cydsn\Generated_Source\PSoC4\CyLib.c **** 
 744:C:\Program Files (x86)\Cypress\PSoC Creator\4.4\PSoC Creator\1\CapSense_CSD_P4_Design01.cydsn\Generated_Source\PSoC4\CyLib.c ****                 CyDelayCycles(CY_SYS_CLK_IMO_FREQ_TIMEOUT_CYCLES);
 600              		.loc 1 744 0
 601 00ec 0520     		movs	r0, #5
 602 00ee FFF7FEFF 		bl	CyDelayCycles
 745:C:\Program Files (x86)\Cypress\PSoC Creator\4.4\PSoC Creator\1\CapSense_CSD_P4_Design01.cydsn\Generated_Source\PSoC4\CyLib.c **** 
 746:C:\Program Files (x86)\Cypress\PSoC Creator\4.4\PSoC Creator\1\CapSense_CSD_P4_Design01.cydsn\Generated_Source\PSoC4\CyLib.c ****                 currentImoTrim2Value = CY_SYS_CLK_IMO_TEMP_FREQ_TRIM2;
 603              		.loc 1 746 0
 604 00f2 0D23     		movs	r3, #13
 605 00f4 FB18     		adds	r3, r7, r3
 606 00f6 1922     		movs	r2, #25
 607 00f8 1A70     		strb	r2, [r3]
 608 00fa 07E0     		b	.L31
 609              	.L30:
 747:C:\Program Files (x86)\Cypress\PSoC Creator\4.4\PSoC Creator\1\CapSense_CSD_P4_Design01.cydsn\Generated_Source\PSoC4\CyLib.c ****             }
 748:C:\Program Files (x86)\Cypress\PSoC Creator\4.4\PSoC Creator\1\CapSense_CSD_P4_Design01.cydsn\Generated_Source\PSoC4\CyLib.c ****             else
 749:C:\Program Files (x86)\Cypress\PSoC Creator\4.4\PSoC Creator\1\CapSense_CSD_P4_Design01.cydsn\Generated_Source\PSoC4\CyLib.c ****             {
 750:C:\Program Files (x86)\Cypress\PSoC Creator\4.4\PSoC Creator\1\CapSense_CSD_P4_Design01.cydsn\Generated_Source\PSoC4\CyLib.c ****                 currentImoTrim2Value = (uint8) (CY_SYS_CLK_IMO_TRIM2_REG & CY_SYS_CLK_IMO_FREQ_BITS
 610              		.loc 1 750 0
ARM GAS  C:\Users\taips\AppData\Local\Temp\ccbT16OQ.s 			page 25


 611 00fc 374B     		ldr	r3, .L35+60
 612 00fe 1B68     		ldr	r3, [r3]
 613 0100 DAB2     		uxtb	r2, r3
 614 0102 0D23     		movs	r3, #13
 615 0104 FB18     		adds	r3, r7, r3
 616 0106 3F21     		movs	r1, #63
 617 0108 0A40     		ands	r2, r1
 618 010a 1A70     		strb	r2, [r3]
 619              	.L31:
 751:C:\Program Files (x86)\Cypress\PSoC Creator\4.4\PSoC Creator\1\CapSense_CSD_P4_Design01.cydsn\Generated_Source\PSoC4\CyLib.c ****             }
 752:C:\Program Files (x86)\Cypress\PSoC Creator\4.4\PSoC Creator\1\CapSense_CSD_P4_Design01.cydsn\Generated_Source\PSoC4\CyLib.c **** 
 753:C:\Program Files (x86)\Cypress\PSoC Creator\4.4\PSoC Creator\1\CapSense_CSD_P4_Design01.cydsn\Generated_Source\PSoC4\CyLib.c **** 
 754:C:\Program Files (x86)\Cypress\PSoC Creator\4.4\PSoC Creator\1\CapSense_CSD_P4_Design01.cydsn\Generated_Source\PSoC4\CyLib.c ****             /***************************************************************************
 755:C:\Program Files (x86)\Cypress\PSoC Creator\4.4\PSoC Creator\1\CapSense_CSD_P4_Design01.cydsn\Generated_Source\PSoC4\CyLib.c ****             * A trim change needs to be allowed to settle (within 5us) before the Freq
 756:C:\Program Files (x86)\Cypress\PSoC Creator\4.4\PSoC Creator\1\CapSense_CSD_P4_Design01.cydsn\Generated_Source\PSoC4\CyLib.c ****             * can be changed to a new frequency.
 757:C:\Program Files (x86)\Cypress\PSoC Creator\4.4\PSoC Creator\1\CapSense_CSD_P4_Design01.cydsn\Generated_Source\PSoC4\CyLib.c ****             *
 758:C:\Program Files (x86)\Cypress\PSoC Creator\4.4\PSoC Creator\1\CapSense_CSD_P4_Design01.cydsn\Generated_Source\PSoC4\CyLib.c ****             * Comparing IMO_TRIM2 values for the current and new frequencies, since
 759:C:\Program Files (x86)\Cypress\PSoC Creator\4.4\PSoC Creator\1\CapSense_CSD_P4_Design01.cydsn\Generated_Source\PSoC4\CyLib.c ****             * IMO_TRIM2 value as a function of IMO frequency is a strictly increasing
 760:C:\Program Files (x86)\Cypress\PSoC Creator\4.4\PSoC Creator\1\CapSense_CSD_P4_Design01.cydsn\Generated_Source\PSoC4\CyLib.c ****             * function and is time-invariant.
 761:C:\Program Files (x86)\Cypress\PSoC Creator\4.4\PSoC Creator\1\CapSense_CSD_P4_Design01.cydsn\Generated_Source\PSoC4\CyLib.c ****             ***************************************************************************/
 762:C:\Program Files (x86)\Cypress\PSoC Creator\4.4\PSoC Creator\1\CapSense_CSD_P4_Design01.cydsn\Generated_Source\PSoC4\CyLib.c ****             if (newImoTrim2Value < currentImoTrim2Value)
 620              		.loc 1 762 0
 621 010c 0B23     		movs	r3, #11
 622 010e FA18     		adds	r2, r7, r3
 623 0110 0D23     		movs	r3, #13
 624 0112 FB18     		adds	r3, r7, r3
 625 0114 1278     		ldrb	r2, [r2]
 626 0116 1B78     		ldrb	r3, [r3]
 627 0118 9A42     		cmp	r2, r3
 628 011a 08D2     		bcs	.L32
 763:C:\Program Files (x86)\Cypress\PSoC Creator\4.4\PSoC Creator\1\CapSense_CSD_P4_Design01.cydsn\Generated_Source\PSoC4\CyLib.c ****             {
 764:C:\Program Files (x86)\Cypress\PSoC Creator\4.4\PSoC Creator\1\CapSense_CSD_P4_Design01.cydsn\Generated_Source\PSoC4\CyLib.c ****                 /* Set new IMO frequency */
 765:C:\Program Files (x86)\Cypress\PSoC Creator\4.4\PSoC Creator\1\CapSense_CSD_P4_Design01.cydsn\Generated_Source\PSoC4\CyLib.c ****                 CY_SYS_CLK_IMO_TRIM2_REG = cyImoFreqMhz2Reg[freq - CY_SYS_CLK_IMO_FREQ_TABLE_OFFSET
 629              		.loc 1 765 0
 630 011c 2F4B     		ldr	r3, .L35+60
 631 011e 7A68     		ldr	r2, [r7, #4]
 632 0120 033A     		subs	r2, r2, #3
 633 0122 2D49     		ldr	r1, .L35+56
 634 0124 8A5C     		ldrb	r2, [r1, r2]
 635 0126 1A60     		str	r2, [r3]
 766:C:\Program Files (x86)\Cypress\PSoC Creator\4.4\PSoC Creator\1\CapSense_CSD_P4_Design01.cydsn\Generated_Source\PSoC4\CyLib.c ****                 CyDelayCycles(CY_SYS_CLK_IMO_FREQ_TIMEOUT_CYCLES);
 636              		.loc 1 766 0
 637 0128 0520     		movs	r0, #5
 638 012a FFF7FEFF 		bl	CyDelayCycles
 639              	.L32:
 767:C:\Program Files (x86)\Cypress\PSoC Creator\4.4\PSoC Creator\1\CapSense_CSD_P4_Design01.cydsn\Generated_Source\PSoC4\CyLib.c ****             }
 768:C:\Program Files (x86)\Cypress\PSoC Creator\4.4\PSoC Creator\1\CapSense_CSD_P4_Design01.cydsn\Generated_Source\PSoC4\CyLib.c **** 
 769:C:\Program Files (x86)\Cypress\PSoC Creator\4.4\PSoC Creator\1\CapSense_CSD_P4_Design01.cydsn\Generated_Source\PSoC4\CyLib.c ****             /* Set trims for the new IMO frequency */
 770:C:\Program Files (x86)\Cypress\PSoC Creator\4.4\PSoC Creator\1\CapSense_CSD_P4_Design01.cydsn\Generated_Source\PSoC4\CyLib.c **** 
 771:C:\Program Files (x86)\Cypress\PSoC Creator\4.4\PSoC Creator\1\CapSense_CSD_P4_Design01.cydsn\Generated_Source\PSoC4\CyLib.c ****             #if (CY_IP_IMO_TRIMMABLE_BY_USB)
 772:C:\Program Files (x86)\Cypress\PSoC Creator\4.4\PSoC Creator\1\CapSense_CSD_P4_Design01.cydsn\Generated_Source\PSoC4\CyLib.c ****                 if ((1u == usbLock) && (48u == freq))
 773:C:\Program Files (x86)\Cypress\PSoC Creator\4.4\PSoC Creator\1\CapSense_CSD_P4_Design01.cydsn\Generated_Source\PSoC4\CyLib.c ****                 {
 774:C:\Program Files (x86)\Cypress\PSoC Creator\4.4\PSoC Creator\1\CapSense_CSD_P4_Design01.cydsn\Generated_Source\PSoC4\CyLib.c ****                     imoTrim1Value = CY_SFLASH_IMO_TRIM_USBMODE_48_REG;
 775:C:\Program Files (x86)\Cypress\PSoC Creator\4.4\PSoC Creator\1\CapSense_CSD_P4_Design01.cydsn\Generated_Source\PSoC4\CyLib.c ****                 }
 776:C:\Program Files (x86)\Cypress\PSoC Creator\4.4\PSoC Creator\1\CapSense_CSD_P4_Design01.cydsn\Generated_Source\PSoC4\CyLib.c ****                 else if ((1u == usbLock) && (24u == freq))
 777:C:\Program Files (x86)\Cypress\PSoC Creator\4.4\PSoC Creator\1\CapSense_CSD_P4_Design01.cydsn\Generated_Source\PSoC4\CyLib.c ****                 {
 778:C:\Program Files (x86)\Cypress\PSoC Creator\4.4\PSoC Creator\1\CapSense_CSD_P4_Design01.cydsn\Generated_Source\PSoC4\CyLib.c ****                     imoTrim1Value = CY_SFLASH_IMO_TRIM_USBMODE_24_REG;
ARM GAS  C:\Users\taips\AppData\Local\Temp\ccbT16OQ.s 			page 26


 779:C:\Program Files (x86)\Cypress\PSoC Creator\4.4\PSoC Creator\1\CapSense_CSD_P4_Design01.cydsn\Generated_Source\PSoC4\CyLib.c ****                 }
 780:C:\Program Files (x86)\Cypress\PSoC Creator\4.4\PSoC Creator\1\CapSense_CSD_P4_Design01.cydsn\Generated_Source\PSoC4\CyLib.c ****                 else
 781:C:\Program Files (x86)\Cypress\PSoC Creator\4.4\PSoC Creator\1\CapSense_CSD_P4_Design01.cydsn\Generated_Source\PSoC4\CyLib.c ****                 {
 782:C:\Program Files (x86)\Cypress\PSoC Creator\4.4\PSoC Creator\1\CapSense_CSD_P4_Design01.cydsn\Generated_Source\PSoC4\CyLib.c ****                     imoTrim1Value = (uint8) CY_SFLASH_IMO_TRIM_REG(freq - CY_SYS_CLK_IMO_FREQ_TABLE
 783:C:\Program Files (x86)\Cypress\PSoC Creator\4.4\PSoC Creator\1\CapSense_CSD_P4_Design01.cydsn\Generated_Source\PSoC4\CyLib.c ****                 }
 784:C:\Program Files (x86)\Cypress\PSoC Creator\4.4\PSoC Creator\1\CapSense_CSD_P4_Design01.cydsn\Generated_Source\PSoC4\CyLib.c ****             #else
 785:C:\Program Files (x86)\Cypress\PSoC Creator\4.4\PSoC Creator\1\CapSense_CSD_P4_Design01.cydsn\Generated_Source\PSoC4\CyLib.c ****                 imoTrim1Value = (uint8) CY_SFLASH_IMO_TRIM_REG(freq - CY_SYS_CLK_IMO_FREQ_TABLE_OFF
 640              		.loc 1 785 0
 641 012e 7B68     		ldr	r3, [r7, #4]
 642 0130 284A     		ldr	r2, .L35+52
 643 0132 9A18     		adds	r2, r3, r2
 644 0134 0A23     		movs	r3, #10
 645 0136 FB18     		adds	r3, r7, r3
 646 0138 1278     		ldrb	r2, [r2]
 647 013a 1A70     		strb	r2, [r3]
 786:C:\Program Files (x86)\Cypress\PSoC Creator\4.4\PSoC Creator\1\CapSense_CSD_P4_Design01.cydsn\Generated_Source\PSoC4\CyLib.c ****             #endif  /* (CY_IP_IMO_TRIMMABLE_BY_USB) */
 787:C:\Program Files (x86)\Cypress\PSoC Creator\4.4\PSoC Creator\1\CapSense_CSD_P4_Design01.cydsn\Generated_Source\PSoC4\CyLib.c **** 
 788:C:\Program Files (x86)\Cypress\PSoC Creator\4.4\PSoC Creator\1\CapSense_CSD_P4_Design01.cydsn\Generated_Source\PSoC4\CyLib.c **** 
 789:C:\Program Files (x86)\Cypress\PSoC Creator\4.4\PSoC Creator\1\CapSense_CSD_P4_Design01.cydsn\Generated_Source\PSoC4\CyLib.c ****             CY_SYS_CLK_IMO_TRIM1_REG = (uint32) imoTrim1Value;
 648              		.loc 1 789 0
 649 013c 284B     		ldr	r3, .L35+64
 650 013e 0A22     		movs	r2, #10
 651 0140 BA18     		adds	r2, r7, r2
 652 0142 1278     		ldrb	r2, [r2]
 653 0144 1A60     		str	r2, [r3]
 790:C:\Program Files (x86)\Cypress\PSoC Creator\4.4\PSoC Creator\1\CapSense_CSD_P4_Design01.cydsn\Generated_Source\PSoC4\CyLib.c ****             CY_PWR_BG_TRIM4_REG  = bgTrim4;
 654              		.loc 1 790 0
 655 0146 274B     		ldr	r3, .L35+68
 656 0148 0F22     		movs	r2, #15
 657 014a BA18     		adds	r2, r7, r2
 658 014c 1278     		ldrb	r2, [r2]
 659 014e 1A60     		str	r2, [r3]
 791:C:\Program Files (x86)\Cypress\PSoC Creator\4.4\PSoC Creator\1\CapSense_CSD_P4_Design01.cydsn\Generated_Source\PSoC4\CyLib.c ****             CY_PWR_BG_TRIM5_REG  = bgTrim5;
 660              		.loc 1 791 0
 661 0150 254B     		ldr	r3, .L35+72
 662 0152 0E22     		movs	r2, #14
 663 0154 BA18     		adds	r2, r7, r2
 664 0156 1278     		ldrb	r2, [r2]
 665 0158 1A60     		str	r2, [r3]
 792:C:\Program Files (x86)\Cypress\PSoC Creator\4.4\PSoC Creator\1\CapSense_CSD_P4_Design01.cydsn\Generated_Source\PSoC4\CyLib.c ****             CyDelayUs(CY_SYS_CLK_IMO_TRIM_TIMEOUT_US);
 666              		.loc 1 792 0
 667 015a 0520     		movs	r0, #5
 668 015c FFF7FEFF 		bl	CyDelayUs
 793:C:\Program Files (x86)\Cypress\PSoC Creator\4.4\PSoC Creator\1\CapSense_CSD_P4_Design01.cydsn\Generated_Source\PSoC4\CyLib.c **** 
 794:C:\Program Files (x86)\Cypress\PSoC Creator\4.4\PSoC Creator\1\CapSense_CSD_P4_Design01.cydsn\Generated_Source\PSoC4\CyLib.c ****             if (newImoTrim2Value > currentImoTrim2Value)
 669              		.loc 1 794 0
 670 0160 0B23     		movs	r3, #11
 671 0162 FA18     		adds	r2, r7, r3
 672 0164 0D23     		movs	r3, #13
 673 0166 FB18     		adds	r3, r7, r3
 674 0168 1278     		ldrb	r2, [r2]
 675 016a 1B78     		ldrb	r3, [r3]
 676 016c 9A42     		cmp	r2, r3
 677 016e 0CD9     		bls	.L34
 795:C:\Program Files (x86)\Cypress\PSoC Creator\4.4\PSoC Creator\1\CapSense_CSD_P4_Design01.cydsn\Generated_Source\PSoC4\CyLib.c ****             {
 796:C:\Program Files (x86)\Cypress\PSoC Creator\4.4\PSoC Creator\1\CapSense_CSD_P4_Design01.cydsn\Generated_Source\PSoC4\CyLib.c ****                 /* Set new IMO frequency */
 797:C:\Program Files (x86)\Cypress\PSoC Creator\4.4\PSoC Creator\1\CapSense_CSD_P4_Design01.cydsn\Generated_Source\PSoC4\CyLib.c ****                 CY_SYS_CLK_IMO_TRIM2_REG = cyImoFreqMhz2Reg[freq - CY_SYS_CLK_IMO_FREQ_TABLE_OFFSET
ARM GAS  C:\Users\taips\AppData\Local\Temp\ccbT16OQ.s 			page 27


 678              		.loc 1 797 0
 679 0170 1A4B     		ldr	r3, .L35+60
 680 0172 7A68     		ldr	r2, [r7, #4]
 681 0174 033A     		subs	r2, r2, #3
 682 0176 1849     		ldr	r1, .L35+56
 683 0178 8A5C     		ldrb	r2, [r1, r2]
 684 017a 1A60     		str	r2, [r3]
 798:C:\Program Files (x86)\Cypress\PSoC Creator\4.4\PSoC Creator\1\CapSense_CSD_P4_Design01.cydsn\Generated_Source\PSoC4\CyLib.c ****                 CyDelayCycles(CY_SYS_CLK_IMO_FREQ_TIMEOUT_CYCLES);
 685              		.loc 1 798 0
 686 017c 0520     		movs	r0, #5
 687 017e FFF7FEFF 		bl	CyDelayCycles
 794:C:\Program Files (x86)\Cypress\PSoC Creator\4.4\PSoC Creator\1\CapSense_CSD_P4_Design01.cydsn\Generated_Source\PSoC4\CyLib.c ****             {
 688              		.loc 1 794 0
 689 0182 02E0     		b	.L34
 690              	.L24:
 799:C:\Program Files (x86)\Cypress\PSoC Creator\4.4\PSoC Creator\1\CapSense_CSD_P4_Design01.cydsn\Generated_Source\PSoC4\CyLib.c ****             }
 800:C:\Program Files (x86)\Cypress\PSoC Creator\4.4\PSoC Creator\1\CapSense_CSD_P4_Design01.cydsn\Generated_Source\PSoC4\CyLib.c ****         }
 801:C:\Program Files (x86)\Cypress\PSoC Creator\4.4\PSoC Creator\1\CapSense_CSD_P4_Design01.cydsn\Generated_Source\PSoC4\CyLib.c ****         else
 802:C:\Program Files (x86)\Cypress\PSoC Creator\4.4\PSoC Creator\1\CapSense_CSD_P4_Design01.cydsn\Generated_Source\PSoC4\CyLib.c ****         {
 803:C:\Program Files (x86)\Cypress\PSoC Creator\4.4\PSoC Creator\1\CapSense_CSD_P4_Design01.cydsn\Generated_Source\PSoC4\CyLib.c ****             /* Halt CPU in debug mode if new frequency is invalid */
 804:C:\Program Files (x86)\Cypress\PSoC Creator\4.4\PSoC Creator\1\CapSense_CSD_P4_Design01.cydsn\Generated_Source\PSoC4\CyLib.c ****             CYASSERT(0u != 0u);
 691              		.loc 1 804 0 discriminator 1
 692 0184 0020     		movs	r0, #0
 693 0186 FFF7FEFF 		bl	CyHalt
 694              	.L34:
 805:C:\Program Files (x86)\Cypress\PSoC Creator\4.4\PSoC Creator\1\CapSense_CSD_P4_Design01.cydsn\Generated_Source\PSoC4\CyLib.c ****         }
 806:C:\Program Files (x86)\Cypress\PSoC Creator\4.4\PSoC Creator\1\CapSense_CSD_P4_Design01.cydsn\Generated_Source\PSoC4\CyLib.c **** 
 807:C:\Program Files (x86)\Cypress\PSoC Creator\4.4\PSoC Creator\1\CapSense_CSD_P4_Design01.cydsn\Generated_Source\PSoC4\CyLib.c ****         #endif /* (CY_IP_FMLT) */
 808:C:\Program Files (x86)\Cypress\PSoC Creator\4.4\PSoC Creator\1\CapSense_CSD_P4_Design01.cydsn\Generated_Source\PSoC4\CyLib.c **** 
 809:C:\Program Files (x86)\Cypress\PSoC Creator\4.4\PSoC Creator\1\CapSense_CSD_P4_Design01.cydsn\Generated_Source\PSoC4\CyLib.c ****         #if (CY_IP_IMO_TRIMMABLE_BY_WCO)
 810:C:\Program Files (x86)\Cypress\PSoC Creator\4.4\PSoC Creator\1\CapSense_CSD_P4_Design01.cydsn\Generated_Source\PSoC4\CyLib.c ****             if (1u == wcoLock)
 811:C:\Program Files (x86)\Cypress\PSoC Creator\4.4\PSoC Creator\1\CapSense_CSD_P4_Design01.cydsn\Generated_Source\PSoC4\CyLib.c ****             {
 812:C:\Program Files (x86)\Cypress\PSoC Creator\4.4\PSoC Creator\1\CapSense_CSD_P4_Design01.cydsn\Generated_Source\PSoC4\CyLib.c ****                 CySysClkImoEnableWcoLock();
 813:C:\Program Files (x86)\Cypress\PSoC Creator\4.4\PSoC Creator\1\CapSense_CSD_P4_Design01.cydsn\Generated_Source\PSoC4\CyLib.c ****             }
 814:C:\Program Files (x86)\Cypress\PSoC Creator\4.4\PSoC Creator\1\CapSense_CSD_P4_Design01.cydsn\Generated_Source\PSoC4\CyLib.c ****         #endif  /* (CY_IP_IMO_TRIMMABLE_BY_WCO) */
 815:C:\Program Files (x86)\Cypress\PSoC Creator\4.4\PSoC Creator\1\CapSense_CSD_P4_Design01.cydsn\Generated_Source\PSoC4\CyLib.c **** 
 816:C:\Program Files (x86)\Cypress\PSoC Creator\4.4\PSoC Creator\1\CapSense_CSD_P4_Design01.cydsn\Generated_Source\PSoC4\CyLib.c ****         #if (CY_IP_IMO_TRIMMABLE_BY_USB)
 817:C:\Program Files (x86)\Cypress\PSoC Creator\4.4\PSoC Creator\1\CapSense_CSD_P4_Design01.cydsn\Generated_Source\PSoC4\CyLib.c ****             if (1u == usbLock)
 818:C:\Program Files (x86)\Cypress\PSoC Creator\4.4\PSoC Creator\1\CapSense_CSD_P4_Design01.cydsn\Generated_Source\PSoC4\CyLib.c ****             {
 819:C:\Program Files (x86)\Cypress\PSoC Creator\4.4\PSoC Creator\1\CapSense_CSD_P4_Design01.cydsn\Generated_Source\PSoC4\CyLib.c ****                 CySysClkImoEnableUsbLock();
 820:C:\Program Files (x86)\Cypress\PSoC Creator\4.4\PSoC Creator\1\CapSense_CSD_P4_Design01.cydsn\Generated_Source\PSoC4\CyLib.c ****             }
 821:C:\Program Files (x86)\Cypress\PSoC Creator\4.4\PSoC Creator\1\CapSense_CSD_P4_Design01.cydsn\Generated_Source\PSoC4\CyLib.c ****         #endif  /* (CY_IP_IMO_TRIMMABLE_BY_USB) */
 822:C:\Program Files (x86)\Cypress\PSoC Creator\4.4\PSoC Creator\1\CapSense_CSD_P4_Design01.cydsn\Generated_Source\PSoC4\CyLib.c **** 
 823:C:\Program Files (x86)\Cypress\PSoC Creator\4.4\PSoC Creator\1\CapSense_CSD_P4_Design01.cydsn\Generated_Source\PSoC4\CyLib.c ****         CyExitCriticalSection(interruptState);
 695              		.loc 1 823 0
 696 018a 0C23     		movs	r3, #12
 697 018c FB18     		adds	r3, r7, r3
 698 018e 1B78     		ldrb	r3, [r3]
 699 0190 1800     		movs	r0, r3
 700 0192 FFF7FEFF 		bl	CyExitCriticalSection
 824:C:\Program Files (x86)\Cypress\PSoC Creator\4.4\PSoC Creator\1\CapSense_CSD_P4_Design01.cydsn\Generated_Source\PSoC4\CyLib.c ****     }
 701              		.loc 1 824 0
 702 0196 C046     		nop
 703 0198 BD46     		mov	sp, r7
 704 019a 05B0     		add	sp, sp, #20
 705              		@ sp needed
 706 019c 90BD     		pop	{r4, r7, pc}
ARM GAS  C:\Users\taips\AppData\Local\Temp\ccbT16OQ.s 			page 28


 707              	.L36:
 708 019e C046     		.align	2
 709              	.L35:
 710 01a0 C0F1FF0F 		.word	268431808
 711 01a4 C1F1FF0F 		.word	268431809
 712 01a8 C2F1FF0F 		.word	268431810
 713 01ac C3F1FF0F 		.word	268431811
 714 01b0 C4F1FF0F 		.word	268431812
 715 01b4 C5F1FF0F 		.word	268431813
 716 01b8 C6F1FF0F 		.word	268431814
 717 01bc C7F1FF0F 		.word	268431815
 718 01c0 C8F1FF0F 		.word	268431816
 719 01c4 C9F1FF0F 		.word	268431817
 720 01c8 CAF1FF0F 		.word	268431818
 721 01cc CBF1FF0F 		.word	268431819
 722 01d0 CCF1FF0F 		.word	268431820
 723 01d4 CDF1FF0F 		.word	268431821
 724 01d8 00000000 		.word	cyImoFreqMhz2Reg
 725 01dc 2CFF0B40 		.word	1074528044
 726 01e0 28FF0B40 		.word	1074528040
 727 01e4 1CFF0B40 		.word	1074528028
 728 01e8 20FF0B40 		.word	1074528032
 729              		.cfi_endproc
 730              	.LFE6:
 731              		.size	CySysClkWriteImoFreq, .-CySysClkWriteImoFreq
 732              		.section	.text.CySysLvdEnable,"ax",%progbits
 733              		.align	2
 734              		.global	CySysLvdEnable
 735              		.code	16
 736              		.thumb_func
 737              		.type	CySysLvdEnable, %function
 738              	CySysLvdEnable:
 739              	.LFB7:
 825:C:\Program Files (x86)\Cypress\PSoC Creator\4.4\PSoC Creator\1\CapSense_CSD_P4_Design01.cydsn\Generated_Source\PSoC4\CyLib.c **** 
 826:C:\Program Files (x86)\Cypress\PSoC Creator\4.4\PSoC Creator\1\CapSense_CSD_P4_Design01.cydsn\Generated_Source\PSoC4\CyLib.c **** #else
 827:C:\Program Files (x86)\Cypress\PSoC Creator\4.4\PSoC Creator\1\CapSense_CSD_P4_Design01.cydsn\Generated_Source\PSoC4\CyLib.c **** 
 828:C:\Program Files (x86)\Cypress\PSoC Creator\4.4\PSoC Creator\1\CapSense_CSD_P4_Design01.cydsn\Generated_Source\PSoC4\CyLib.c ****     void CySysClkWriteImoFreq(uint32 freq)
 829:C:\Program Files (x86)\Cypress\PSoC Creator\4.4\PSoC Creator\1\CapSense_CSD_P4_Design01.cydsn\Generated_Source\PSoC4\CyLib.c ****     {
 830:C:\Program Files (x86)\Cypress\PSoC Creator\4.4\PSoC Creator\1\CapSense_CSD_P4_Design01.cydsn\Generated_Source\PSoC4\CyLib.c ****         uint8  interruptState;
 831:C:\Program Files (x86)\Cypress\PSoC Creator\4.4\PSoC Creator\1\CapSense_CSD_P4_Design01.cydsn\Generated_Source\PSoC4\CyLib.c ****         uint8  imoTrim1Value;
 832:C:\Program Files (x86)\Cypress\PSoC Creator\4.4\PSoC Creator\1\CapSense_CSD_P4_Design01.cydsn\Generated_Source\PSoC4\CyLib.c **** 
 833:C:\Program Files (x86)\Cypress\PSoC Creator\4.4\PSoC Creator\1\CapSense_CSD_P4_Design01.cydsn\Generated_Source\PSoC4\CyLib.c ****         #if (CY_IP_IMO_TRIMMABLE_BY_WCO)
 834:C:\Program Files (x86)\Cypress\PSoC Creator\4.4\PSoC Creator\1\CapSense_CSD_P4_Design01.cydsn\Generated_Source\PSoC4\CyLib.c ****             uint32 wcoLock = 0u;
 835:C:\Program Files (x86)\Cypress\PSoC Creator\4.4\PSoC Creator\1\CapSense_CSD_P4_Design01.cydsn\Generated_Source\PSoC4\CyLib.c ****         #endif  /* (CY_IP_IMO_TRIMMABLE_BY_WCO) */        
 836:C:\Program Files (x86)\Cypress\PSoC Creator\4.4\PSoC Creator\1\CapSense_CSD_P4_Design01.cydsn\Generated_Source\PSoC4\CyLib.c ****         
 837:C:\Program Files (x86)\Cypress\PSoC Creator\4.4\PSoC Creator\1\CapSense_CSD_P4_Design01.cydsn\Generated_Source\PSoC4\CyLib.c ****         #if (CY_IP_IMO_TRIMMABLE_BY_USB)
 838:C:\Program Files (x86)\Cypress\PSoC Creator\4.4\PSoC Creator\1\CapSense_CSD_P4_Design01.cydsn\Generated_Source\PSoC4\CyLib.c ****             uint32 usbLock = 0u;
 839:C:\Program Files (x86)\Cypress\PSoC Creator\4.4\PSoC Creator\1\CapSense_CSD_P4_Design01.cydsn\Generated_Source\PSoC4\CyLib.c ****         #endif  /* (CY_IP_IMO_TRIMMABLE_BY_USB) */
 840:C:\Program Files (x86)\Cypress\PSoC Creator\4.4\PSoC Creator\1\CapSense_CSD_P4_Design01.cydsn\Generated_Source\PSoC4\CyLib.c **** 
 841:C:\Program Files (x86)\Cypress\PSoC Creator\4.4\PSoC Creator\1\CapSense_CSD_P4_Design01.cydsn\Generated_Source\PSoC4\CyLib.c ****         #if (CY_PSOC4_4000)
 842:C:\Program Files (x86)\Cypress\PSoC Creator\4.4\PSoC Creator\1\CapSense_CSD_P4_Design01.cydsn\Generated_Source\PSoC4\CyLib.c ****             if ((freq == 24u) || (freq == 32u) || (freq == 48u))
 843:C:\Program Files (x86)\Cypress\PSoC Creator\4.4\PSoC Creator\1\CapSense_CSD_P4_Design01.cydsn\Generated_Source\PSoC4\CyLib.c ****         #elif (CY_CCG3)
 844:C:\Program Files (x86)\Cypress\PSoC Creator\4.4\PSoC Creator\1\CapSense_CSD_P4_Design01.cydsn\Generated_Source\PSoC4\CyLib.c ****             if ((freq == 24u) || (freq == 36u) || (freq == 48u))
 845:C:\Program Files (x86)\Cypress\PSoC Creator\4.4\PSoC Creator\1\CapSense_CSD_P4_Design01.cydsn\Generated_Source\PSoC4\CyLib.c ****         #else
 846:C:\Program Files (x86)\Cypress\PSoC Creator\4.4\PSoC Creator\1\CapSense_CSD_P4_Design01.cydsn\Generated_Source\PSoC4\CyLib.c ****             if ((freq == 24u) || (freq == 28u) || (freq == 32u) ||
 847:C:\Program Files (x86)\Cypress\PSoC Creator\4.4\PSoC Creator\1\CapSense_CSD_P4_Design01.cydsn\Generated_Source\PSoC4\CyLib.c ****                 (freq == 36u) || (freq == 40u) || (freq == 44u) ||
 848:C:\Program Files (x86)\Cypress\PSoC Creator\4.4\PSoC Creator\1\CapSense_CSD_P4_Design01.cydsn\Generated_Source\PSoC4\CyLib.c ****                 (freq == 48u))
ARM GAS  C:\Users\taips\AppData\Local\Temp\ccbT16OQ.s 			page 29


 849:C:\Program Files (x86)\Cypress\PSoC Creator\4.4\PSoC Creator\1\CapSense_CSD_P4_Design01.cydsn\Generated_Source\PSoC4\CyLib.c ****         #endif /* (CY_PSOC4_4000) */
 850:C:\Program Files (x86)\Cypress\PSoC Creator\4.4\PSoC Creator\1\CapSense_CSD_P4_Design01.cydsn\Generated_Source\PSoC4\CyLib.c ****         {
 851:C:\Program Files (x86)\Cypress\PSoC Creator\4.4\PSoC Creator\1\CapSense_CSD_P4_Design01.cydsn\Generated_Source\PSoC4\CyLib.c ****             interruptState = CyEnterCriticalSection();
 852:C:\Program Files (x86)\Cypress\PSoC Creator\4.4\PSoC Creator\1\CapSense_CSD_P4_Design01.cydsn\Generated_Source\PSoC4\CyLib.c **** 
 853:C:\Program Files (x86)\Cypress\PSoC Creator\4.4\PSoC Creator\1\CapSense_CSD_P4_Design01.cydsn\Generated_Source\PSoC4\CyLib.c ****             #if (CY_IP_IMO_TRIMMABLE_BY_WCO)
 854:C:\Program Files (x86)\Cypress\PSoC Creator\4.4\PSoC Creator\1\CapSense_CSD_P4_Design01.cydsn\Generated_Source\PSoC4\CyLib.c ****                 if(0u != CySysClkImoGetWcoLock())
 855:C:\Program Files (x86)\Cypress\PSoC Creator\4.4\PSoC Creator\1\CapSense_CSD_P4_Design01.cydsn\Generated_Source\PSoC4\CyLib.c ****                 {
 856:C:\Program Files (x86)\Cypress\PSoC Creator\4.4\PSoC Creator\1\CapSense_CSD_P4_Design01.cydsn\Generated_Source\PSoC4\CyLib.c ****                     wcoLock = 1u;
 857:C:\Program Files (x86)\Cypress\PSoC Creator\4.4\PSoC Creator\1\CapSense_CSD_P4_Design01.cydsn\Generated_Source\PSoC4\CyLib.c ****                     CySysClkImoDisableWcoLock();
 858:C:\Program Files (x86)\Cypress\PSoC Creator\4.4\PSoC Creator\1\CapSense_CSD_P4_Design01.cydsn\Generated_Source\PSoC4\CyLib.c ****                 }
 859:C:\Program Files (x86)\Cypress\PSoC Creator\4.4\PSoC Creator\1\CapSense_CSD_P4_Design01.cydsn\Generated_Source\PSoC4\CyLib.c ****             #endif  /* (CY_IP_IMO_TRIMMABLE_BY_WCO) */
 860:C:\Program Files (x86)\Cypress\PSoC Creator\4.4\PSoC Creator\1\CapSense_CSD_P4_Design01.cydsn\Generated_Source\PSoC4\CyLib.c **** 
 861:C:\Program Files (x86)\Cypress\PSoC Creator\4.4\PSoC Creator\1\CapSense_CSD_P4_Design01.cydsn\Generated_Source\PSoC4\CyLib.c ****             #if (CY_IP_IMO_TRIMMABLE_BY_USB)
 862:C:\Program Files (x86)\Cypress\PSoC Creator\4.4\PSoC Creator\1\CapSense_CSD_P4_Design01.cydsn\Generated_Source\PSoC4\CyLib.c **** 
 863:C:\Program Files (x86)\Cypress\PSoC Creator\4.4\PSoC Creator\1\CapSense_CSD_P4_Design01.cydsn\Generated_Source\PSoC4\CyLib.c ****                 #if (CYDEV_IMO_TRIMMED_BY_USB == 0u)
 864:C:\Program Files (x86)\Cypress\PSoC Creator\4.4\PSoC Creator\1\CapSense_CSD_P4_Design01.cydsn\Generated_Source\PSoC4\CyLib.c ****                     if(0u != CySysClkImoGetUsbLock())
 865:C:\Program Files (x86)\Cypress\PSoC Creator\4.4\PSoC Creator\1\CapSense_CSD_P4_Design01.cydsn\Generated_Source\PSoC4\CyLib.c ****                     {
 866:C:\Program Files (x86)\Cypress\PSoC Creator\4.4\PSoC Creator\1\CapSense_CSD_P4_Design01.cydsn\Generated_Source\PSoC4\CyLib.c ****                 #endif  /* (CYDEV_IMO_TRIMMED_BY_USB == 0u) */
 867:C:\Program Files (x86)\Cypress\PSoC Creator\4.4\PSoC Creator\1\CapSense_CSD_P4_Design01.cydsn\Generated_Source\PSoC4\CyLib.c **** 
 868:C:\Program Files (x86)\Cypress\PSoC Creator\4.4\PSoC Creator\1\CapSense_CSD_P4_Design01.cydsn\Generated_Source\PSoC4\CyLib.c ****                     if (48u == freq)
 869:C:\Program Files (x86)\Cypress\PSoC Creator\4.4\PSoC Creator\1\CapSense_CSD_P4_Design01.cydsn\Generated_Source\PSoC4\CyLib.c ****                     {
 870:C:\Program Files (x86)\Cypress\PSoC Creator\4.4\PSoC Creator\1\CapSense_CSD_P4_Design01.cydsn\Generated_Source\PSoC4\CyLib.c ****                         usbLock = 1u;
 871:C:\Program Files (x86)\Cypress\PSoC Creator\4.4\PSoC Creator\1\CapSense_CSD_P4_Design01.cydsn\Generated_Source\PSoC4\CyLib.c ****                         CySysClkImoDisableUsbLock();
 872:C:\Program Files (x86)\Cypress\PSoC Creator\4.4\PSoC Creator\1\CapSense_CSD_P4_Design01.cydsn\Generated_Source\PSoC4\CyLib.c ****                     }
 873:C:\Program Files (x86)\Cypress\PSoC Creator\4.4\PSoC Creator\1\CapSense_CSD_P4_Design01.cydsn\Generated_Source\PSoC4\CyLib.c **** 
 874:C:\Program Files (x86)\Cypress\PSoC Creator\4.4\PSoC Creator\1\CapSense_CSD_P4_Design01.cydsn\Generated_Source\PSoC4\CyLib.c ****                 #if (CYDEV_IMO_TRIMMED_BY_USB == 0u)
 875:C:\Program Files (x86)\Cypress\PSoC Creator\4.4\PSoC Creator\1\CapSense_CSD_P4_Design01.cydsn\Generated_Source\PSoC4\CyLib.c ****                     }
 876:C:\Program Files (x86)\Cypress\PSoC Creator\4.4\PSoC Creator\1\CapSense_CSD_P4_Design01.cydsn\Generated_Source\PSoC4\CyLib.c ****                 #endif  /* (CYDEV_IMO_TRIMMED_BY_USB == 0u) */
 877:C:\Program Files (x86)\Cypress\PSoC Creator\4.4\PSoC Creator\1\CapSense_CSD_P4_Design01.cydsn\Generated_Source\PSoC4\CyLib.c **** 
 878:C:\Program Files (x86)\Cypress\PSoC Creator\4.4\PSoC Creator\1\CapSense_CSD_P4_Design01.cydsn\Generated_Source\PSoC4\CyLib.c ****             #endif  /* (CYDEV_IMO_TRIMMED_BY_USB == 0u) */
 879:C:\Program Files (x86)\Cypress\PSoC Creator\4.4\PSoC Creator\1\CapSense_CSD_P4_Design01.cydsn\Generated_Source\PSoC4\CyLib.c **** 
 880:C:\Program Files (x86)\Cypress\PSoC Creator\4.4\PSoC Creator\1\CapSense_CSD_P4_Design01.cydsn\Generated_Source\PSoC4\CyLib.c **** 
 881:C:\Program Files (x86)\Cypress\PSoC Creator\4.4\PSoC Creator\1\CapSense_CSD_P4_Design01.cydsn\Generated_Source\PSoC4\CyLib.c ****             /* Set IMO to 24 MHz - CLK_IMO_SELECT.FREQ = 0 */
 882:C:\Program Files (x86)\Cypress\PSoC Creator\4.4\PSoC Creator\1\CapSense_CSD_P4_Design01.cydsn\Generated_Source\PSoC4\CyLib.c ****             CY_SYS_CLK_IMO_SELECT_REG &= ((uint32) ~CY_SYS_CLK_IMO_SELECT_FREQ_MASK);
 883:C:\Program Files (x86)\Cypress\PSoC Creator\4.4\PSoC Creator\1\CapSense_CSD_P4_Design01.cydsn\Generated_Source\PSoC4\CyLib.c **** 
 884:C:\Program Files (x86)\Cypress\PSoC Creator\4.4\PSoC Creator\1\CapSense_CSD_P4_Design01.cydsn\Generated_Source\PSoC4\CyLib.c **** 
 885:C:\Program Files (x86)\Cypress\PSoC Creator\4.4\PSoC Creator\1\CapSense_CSD_P4_Design01.cydsn\Generated_Source\PSoC4\CyLib.c ****             /* Apply coarse trim */
 886:C:\Program Files (x86)\Cypress\PSoC Creator\4.4\PSoC Creator\1\CapSense_CSD_P4_Design01.cydsn\Generated_Source\PSoC4\CyLib.c ****             #if (CY_IP_IMO_TRIMMABLE_BY_USB)
 887:C:\Program Files (x86)\Cypress\PSoC Creator\4.4\PSoC Creator\1\CapSense_CSD_P4_Design01.cydsn\Generated_Source\PSoC4\CyLib.c ****                 if ((1u == usbLock) && (48u == freq))
 888:C:\Program Files (x86)\Cypress\PSoC Creator\4.4\PSoC Creator\1\CapSense_CSD_P4_Design01.cydsn\Generated_Source\PSoC4\CyLib.c ****                 {
 889:C:\Program Files (x86)\Cypress\PSoC Creator\4.4\PSoC Creator\1\CapSense_CSD_P4_Design01.cydsn\Generated_Source\PSoC4\CyLib.c ****                     imoTrim1Value = CY_SFLASH_IMO_TRIM_USBMODE_48_REG;
 890:C:\Program Files (x86)\Cypress\PSoC Creator\4.4\PSoC Creator\1\CapSense_CSD_P4_Design01.cydsn\Generated_Source\PSoC4\CyLib.c ****                 }
 891:C:\Program Files (x86)\Cypress\PSoC Creator\4.4\PSoC Creator\1\CapSense_CSD_P4_Design01.cydsn\Generated_Source\PSoC4\CyLib.c ****                 else if ((1u == usbLock) && (24u == freq))
 892:C:\Program Files (x86)\Cypress\PSoC Creator\4.4\PSoC Creator\1\CapSense_CSD_P4_Design01.cydsn\Generated_Source\PSoC4\CyLib.c ****                 {
 893:C:\Program Files (x86)\Cypress\PSoC Creator\4.4\PSoC Creator\1\CapSense_CSD_P4_Design01.cydsn\Generated_Source\PSoC4\CyLib.c ****                     imoTrim1Value = CY_SFLASH_IMO_TRIM_USBMODE_24_REG;
 894:C:\Program Files (x86)\Cypress\PSoC Creator\4.4\PSoC Creator\1\CapSense_CSD_P4_Design01.cydsn\Generated_Source\PSoC4\CyLib.c ****                 }
 895:C:\Program Files (x86)\Cypress\PSoC Creator\4.4\PSoC Creator\1\CapSense_CSD_P4_Design01.cydsn\Generated_Source\PSoC4\CyLib.c ****                 else
 896:C:\Program Files (x86)\Cypress\PSoC Creator\4.4\PSoC Creator\1\CapSense_CSD_P4_Design01.cydsn\Generated_Source\PSoC4\CyLib.c ****                 {
 897:C:\Program Files (x86)\Cypress\PSoC Creator\4.4\PSoC Creator\1\CapSense_CSD_P4_Design01.cydsn\Generated_Source\PSoC4\CyLib.c ****                     imoTrim1Value = (uint8) CY_SFLASH_IMO_TRIM_REG(freq - CY_SYS_CLK_IMO_MIN_FREQ_M
 898:C:\Program Files (x86)\Cypress\PSoC Creator\4.4\PSoC Creator\1\CapSense_CSD_P4_Design01.cydsn\Generated_Source\PSoC4\CyLib.c ****                 }
 899:C:\Program Files (x86)\Cypress\PSoC Creator\4.4\PSoC Creator\1\CapSense_CSD_P4_Design01.cydsn\Generated_Source\PSoC4\CyLib.c ****             #else
 900:C:\Program Files (x86)\Cypress\PSoC Creator\4.4\PSoC Creator\1\CapSense_CSD_P4_Design01.cydsn\Generated_Source\PSoC4\CyLib.c ****                 imoTrim1Value = (uint8) CY_SFLASH_IMO_TRIM_REG(freq - CY_SYS_CLK_IMO_MIN_FREQ_MHZ);
 901:C:\Program Files (x86)\Cypress\PSoC Creator\4.4\PSoC Creator\1\CapSense_CSD_P4_Design01.cydsn\Generated_Source\PSoC4\CyLib.c ****             #endif  /* (CY_IP_IMO_TRIMMABLE_BY_USB) */
 902:C:\Program Files (x86)\Cypress\PSoC Creator\4.4\PSoC Creator\1\CapSense_CSD_P4_Design01.cydsn\Generated_Source\PSoC4\CyLib.c ****             CY_SYS_CLK_IMO_TRIM1_REG = (uint32) imoTrim1Value;
 903:C:\Program Files (x86)\Cypress\PSoC Creator\4.4\PSoC Creator\1\CapSense_CSD_P4_Design01.cydsn\Generated_Source\PSoC4\CyLib.c **** 
 904:C:\Program Files (x86)\Cypress\PSoC Creator\4.4\PSoC Creator\1\CapSense_CSD_P4_Design01.cydsn\Generated_Source\PSoC4\CyLib.c ****             /* Zero out fine trim */
 905:C:\Program Files (x86)\Cypress\PSoC Creator\4.4\PSoC Creator\1\CapSense_CSD_P4_Design01.cydsn\Generated_Source\PSoC4\CyLib.c ****             CY_SYS_CLK_IMO_TRIM2_REG = CY_SYS_CLK_IMO_TRIM2_REG & ((uint32) ~CY_SYS_CLK_IMO_TRIM2_F
ARM GAS  C:\Users\taips\AppData\Local\Temp\ccbT16OQ.s 			page 30


 906:C:\Program Files (x86)\Cypress\PSoC Creator\4.4\PSoC Creator\1\CapSense_CSD_P4_Design01.cydsn\Generated_Source\PSoC4\CyLib.c **** 
 907:C:\Program Files (x86)\Cypress\PSoC Creator\4.4\PSoC Creator\1\CapSense_CSD_P4_Design01.cydsn\Generated_Source\PSoC4\CyLib.c ****             /* Apply TC trim */
 908:C:\Program Files (x86)\Cypress\PSoC Creator\4.4\PSoC Creator\1\CapSense_CSD_P4_Design01.cydsn\Generated_Source\PSoC4\CyLib.c ****             CY_SYS_CLK_IMO_TRIM3_REG = (CY_SYS_CLK_IMO_TRIM3_REG & ((uint32) ~CY_SYS_CLK_IMO_TRIM3_
 909:C:\Program Files (x86)\Cypress\PSoC Creator\4.4\PSoC Creator\1\CapSense_CSD_P4_Design01.cydsn\Generated_Source\PSoC4\CyLib.c ****                 (CY_SFLASH_IMO_TCTRIM_REG(freq - CY_SYS_CLK_IMO_MIN_FREQ_MHZ) & CY_SYS_CLK_IMO_TRIM
 910:C:\Program Files (x86)\Cypress\PSoC Creator\4.4\PSoC Creator\1\CapSense_CSD_P4_Design01.cydsn\Generated_Source\PSoC4\CyLib.c **** 
 911:C:\Program Files (x86)\Cypress\PSoC Creator\4.4\PSoC Creator\1\CapSense_CSD_P4_Design01.cydsn\Generated_Source\PSoC4\CyLib.c ****             CyDelayCycles(CY_SYS_CLK_IMO_TRIM_DELAY_CYCLES);
 912:C:\Program Files (x86)\Cypress\PSoC Creator\4.4\PSoC Creator\1\CapSense_CSD_P4_Design01.cydsn\Generated_Source\PSoC4\CyLib.c **** 
 913:C:\Program Files (x86)\Cypress\PSoC Creator\4.4\PSoC Creator\1\CapSense_CSD_P4_Design01.cydsn\Generated_Source\PSoC4\CyLib.c ****             if (freq > CY_SYS_CLK_IMO_MIN_FREQ_MHZ)
 914:C:\Program Files (x86)\Cypress\PSoC Creator\4.4\PSoC Creator\1\CapSense_CSD_P4_Design01.cydsn\Generated_Source\PSoC4\CyLib.c ****             {
 915:C:\Program Files (x86)\Cypress\PSoC Creator\4.4\PSoC Creator\1\CapSense_CSD_P4_Design01.cydsn\Generated_Source\PSoC4\CyLib.c ****                 /* Select nearby intermediate frequency */
 916:C:\Program Files (x86)\Cypress\PSoC Creator\4.4\PSoC Creator\1\CapSense_CSD_P4_Design01.cydsn\Generated_Source\PSoC4\CyLib.c ****                 CY_SYS_CLK_IMO_SELECT_REG = (CY_SYS_CLK_IMO_SELECT_REG & ((uint32) ~CY_SYS_CLK_IMO_
 917:C:\Program Files (x86)\Cypress\PSoC Creator\4.4\PSoC Creator\1\CapSense_CSD_P4_Design01.cydsn\Generated_Source\PSoC4\CyLib.c ****                     (((freq - 4u - CY_SYS_CLK_IMO_MIN_FREQ_MHZ) >> 2u) & CY_SYS_CLK_IMO_SELECT_FREQ
 918:C:\Program Files (x86)\Cypress\PSoC Creator\4.4\PSoC Creator\1\CapSense_CSD_P4_Design01.cydsn\Generated_Source\PSoC4\CyLib.c **** 
 919:C:\Program Files (x86)\Cypress\PSoC Creator\4.4\PSoC Creator\1\CapSense_CSD_P4_Design01.cydsn\Generated_Source\PSoC4\CyLib.c ****                 CyDelayCycles(CY_SYS_CLK_IMO_TRIM_DELAY_CYCLES);
 920:C:\Program Files (x86)\Cypress\PSoC Creator\4.4\PSoC Creator\1\CapSense_CSD_P4_Design01.cydsn\Generated_Source\PSoC4\CyLib.c **** 
 921:C:\Program Files (x86)\Cypress\PSoC Creator\4.4\PSoC Creator\1\CapSense_CSD_P4_Design01.cydsn\Generated_Source\PSoC4\CyLib.c ****                 /* Make small step to final frequency */
 922:C:\Program Files (x86)\Cypress\PSoC Creator\4.4\PSoC Creator\1\CapSense_CSD_P4_Design01.cydsn\Generated_Source\PSoC4\CyLib.c ****                 /* Select nearby intermediate frequency */
 923:C:\Program Files (x86)\Cypress\PSoC Creator\4.4\PSoC Creator\1\CapSense_CSD_P4_Design01.cydsn\Generated_Source\PSoC4\CyLib.c ****                 CY_SYS_CLK_IMO_SELECT_REG = (CY_SYS_CLK_IMO_SELECT_REG & ((uint32) ~CY_SYS_CLK_IMO_
 924:C:\Program Files (x86)\Cypress\PSoC Creator\4.4\PSoC Creator\1\CapSense_CSD_P4_Design01.cydsn\Generated_Source\PSoC4\CyLib.c ****                     (((freq - CY_SYS_CLK_IMO_MIN_FREQ_MHZ) >> 2u) & CY_SYS_CLK_IMO_SELECT_FREQ_MASK
 925:C:\Program Files (x86)\Cypress\PSoC Creator\4.4\PSoC Creator\1\CapSense_CSD_P4_Design01.cydsn\Generated_Source\PSoC4\CyLib.c ****             }
 926:C:\Program Files (x86)\Cypress\PSoC Creator\4.4\PSoC Creator\1\CapSense_CSD_P4_Design01.cydsn\Generated_Source\PSoC4\CyLib.c **** 
 927:C:\Program Files (x86)\Cypress\PSoC Creator\4.4\PSoC Creator\1\CapSense_CSD_P4_Design01.cydsn\Generated_Source\PSoC4\CyLib.c ****             #if (CY_IP_IMO_TRIMMABLE_BY_WCO)
 928:C:\Program Files (x86)\Cypress\PSoC Creator\4.4\PSoC Creator\1\CapSense_CSD_P4_Design01.cydsn\Generated_Source\PSoC4\CyLib.c ****                 if (1u == wcoLock)
 929:C:\Program Files (x86)\Cypress\PSoC Creator\4.4\PSoC Creator\1\CapSense_CSD_P4_Design01.cydsn\Generated_Source\PSoC4\CyLib.c ****                 {
 930:C:\Program Files (x86)\Cypress\PSoC Creator\4.4\PSoC Creator\1\CapSense_CSD_P4_Design01.cydsn\Generated_Source\PSoC4\CyLib.c ****                     CySysClkImoEnableWcoLock();
 931:C:\Program Files (x86)\Cypress\PSoC Creator\4.4\PSoC Creator\1\CapSense_CSD_P4_Design01.cydsn\Generated_Source\PSoC4\CyLib.c ****                 }
 932:C:\Program Files (x86)\Cypress\PSoC Creator\4.4\PSoC Creator\1\CapSense_CSD_P4_Design01.cydsn\Generated_Source\PSoC4\CyLib.c ****             #endif  /* (CY_IP_IMO_TRIMMABLE_BY_WCO) */
 933:C:\Program Files (x86)\Cypress\PSoC Creator\4.4\PSoC Creator\1\CapSense_CSD_P4_Design01.cydsn\Generated_Source\PSoC4\CyLib.c ****         
 934:C:\Program Files (x86)\Cypress\PSoC Creator\4.4\PSoC Creator\1\CapSense_CSD_P4_Design01.cydsn\Generated_Source\PSoC4\CyLib.c ****         
 935:C:\Program Files (x86)\Cypress\PSoC Creator\4.4\PSoC Creator\1\CapSense_CSD_P4_Design01.cydsn\Generated_Source\PSoC4\CyLib.c ****             #if (CY_IP_IMO_TRIMMABLE_BY_USB)
 936:C:\Program Files (x86)\Cypress\PSoC Creator\4.4\PSoC Creator\1\CapSense_CSD_P4_Design01.cydsn\Generated_Source\PSoC4\CyLib.c ****                 if (1u == usbLock)
 937:C:\Program Files (x86)\Cypress\PSoC Creator\4.4\PSoC Creator\1\CapSense_CSD_P4_Design01.cydsn\Generated_Source\PSoC4\CyLib.c ****                 {
 938:C:\Program Files (x86)\Cypress\PSoC Creator\4.4\PSoC Creator\1\CapSense_CSD_P4_Design01.cydsn\Generated_Source\PSoC4\CyLib.c ****                     CySysClkImoEnableUsbLock();
 939:C:\Program Files (x86)\Cypress\PSoC Creator\4.4\PSoC Creator\1\CapSense_CSD_P4_Design01.cydsn\Generated_Source\PSoC4\CyLib.c ****                 }
 940:C:\Program Files (x86)\Cypress\PSoC Creator\4.4\PSoC Creator\1\CapSense_CSD_P4_Design01.cydsn\Generated_Source\PSoC4\CyLib.c ****             #endif  /* (CY_IP_IMO_TRIMMABLE_BY_USB) */
 941:C:\Program Files (x86)\Cypress\PSoC Creator\4.4\PSoC Creator\1\CapSense_CSD_P4_Design01.cydsn\Generated_Source\PSoC4\CyLib.c **** 
 942:C:\Program Files (x86)\Cypress\PSoC Creator\4.4\PSoC Creator\1\CapSense_CSD_P4_Design01.cydsn\Generated_Source\PSoC4\CyLib.c ****             CyExitCriticalSection(interruptState);
 943:C:\Program Files (x86)\Cypress\PSoC Creator\4.4\PSoC Creator\1\CapSense_CSD_P4_Design01.cydsn\Generated_Source\PSoC4\CyLib.c ****         }
 944:C:\Program Files (x86)\Cypress\PSoC Creator\4.4\PSoC Creator\1\CapSense_CSD_P4_Design01.cydsn\Generated_Source\PSoC4\CyLib.c ****         else
 945:C:\Program Files (x86)\Cypress\PSoC Creator\4.4\PSoC Creator\1\CapSense_CSD_P4_Design01.cydsn\Generated_Source\PSoC4\CyLib.c ****         {
 946:C:\Program Files (x86)\Cypress\PSoC Creator\4.4\PSoC Creator\1\CapSense_CSD_P4_Design01.cydsn\Generated_Source\PSoC4\CyLib.c ****             /* Halt CPU in debug mode if new frequency is invalid */
 947:C:\Program Files (x86)\Cypress\PSoC Creator\4.4\PSoC Creator\1\CapSense_CSD_P4_Design01.cydsn\Generated_Source\PSoC4\CyLib.c ****             CYASSERT(0u != 0u);
 948:C:\Program Files (x86)\Cypress\PSoC Creator\4.4\PSoC Creator\1\CapSense_CSD_P4_Design01.cydsn\Generated_Source\PSoC4\CyLib.c ****         }
 949:C:\Program Files (x86)\Cypress\PSoC Creator\4.4\PSoC Creator\1\CapSense_CSD_P4_Design01.cydsn\Generated_Source\PSoC4\CyLib.c ****     }
 950:C:\Program Files (x86)\Cypress\PSoC Creator\4.4\PSoC Creator\1\CapSense_CSD_P4_Design01.cydsn\Generated_Source\PSoC4\CyLib.c **** 
 951:C:\Program Files (x86)\Cypress\PSoC Creator\4.4\PSoC Creator\1\CapSense_CSD_P4_Design01.cydsn\Generated_Source\PSoC4\CyLib.c **** #endif /* (CY_IP_SRSSV2) */
 952:C:\Program Files (x86)\Cypress\PSoC Creator\4.4\PSoC Creator\1\CapSense_CSD_P4_Design01.cydsn\Generated_Source\PSoC4\CyLib.c **** 
 953:C:\Program Files (x86)\Cypress\PSoC Creator\4.4\PSoC Creator\1\CapSense_CSD_P4_Design01.cydsn\Generated_Source\PSoC4\CyLib.c **** 
 954:C:\Program Files (x86)\Cypress\PSoC Creator\4.4\PSoC Creator\1\CapSense_CSD_P4_Design01.cydsn\Generated_Source\PSoC4\CyLib.c **** #if(CY_IP_SRSSLT)
 955:C:\Program Files (x86)\Cypress\PSoC Creator\4.4\PSoC Creator\1\CapSense_CSD_P4_Design01.cydsn\Generated_Source\PSoC4\CyLib.c ****     /*******************************************************************************
 956:C:\Program Files (x86)\Cypress\PSoC Creator\4.4\PSoC Creator\1\CapSense_CSD_P4_Design01.cydsn\Generated_Source\PSoC4\CyLib.c ****     * Function Name: CySysClkWriteHfclkDiv
 957:C:\Program Files (x86)\Cypress\PSoC Creator\4.4\PSoC Creator\1\CapSense_CSD_P4_Design01.cydsn\Generated_Source\PSoC4\CyLib.c ****     ****************************************************************************//**
 958:C:\Program Files (x86)\Cypress\PSoC Creator\4.4\PSoC Creator\1\CapSense_CSD_P4_Design01.cydsn\Generated_Source\PSoC4\CyLib.c ****     *
 959:C:\Program Files (x86)\Cypress\PSoC Creator\4.4\PSoC Creator\1\CapSense_CSD_P4_Design01.cydsn\Generated_Source\PSoC4\CyLib.c ****     * Selects the pre-scaler divider value for HFCLK from IMO.
 960:C:\Program Files (x86)\Cypress\PSoC Creator\4.4\PSoC Creator\1\CapSense_CSD_P4_Design01.cydsn\Generated_Source\PSoC4\CyLib.c ****     *
 961:C:\Program Files (x86)\Cypress\PSoC Creator\4.4\PSoC Creator\1\CapSense_CSD_P4_Design01.cydsn\Generated_Source\PSoC4\CyLib.c ****     * The HFCLK predivider allows the device to divide the HFCLK selection mux
 962:C:\Program Files (x86)\Cypress\PSoC Creator\4.4\PSoC Creator\1\CapSense_CSD_P4_Design01.cydsn\Generated_Source\PSoC4\CyLib.c ****     * input before use as HFCLK. The predivider is capable of dividing the HFCLK by
ARM GAS  C:\Users\taips\AppData\Local\Temp\ccbT16OQ.s 			page 31


 963:C:\Program Files (x86)\Cypress\PSoC Creator\4.4\PSoC Creator\1\CapSense_CSD_P4_Design01.cydsn\Generated_Source\PSoC4\CyLib.c ****     * powers of 2 between 1 and 8.
 964:C:\Program Files (x86)\Cypress\PSoC Creator\4.4\PSoC Creator\1\CapSense_CSD_P4_Design01.cydsn\Generated_Source\PSoC4\CyLib.c ****     *
 965:C:\Program Files (x86)\Cypress\PSoC Creator\4.4\PSoC Creator\1\CapSense_CSD_P4_Design01.cydsn\Generated_Source\PSoC4\CyLib.c ****     * PSoC 4000: The SYSCLK has the speed of 16 MHz, so HFCLK and SYSCLK dividers
 966:C:\Program Files (x86)\Cypress\PSoC Creator\4.4\PSoC Creator\1\CapSense_CSD_P4_Design01.cydsn\Generated_Source\PSoC4\CyLib.c ****     * should be selected in a way, not to exceed 16 MHz for SYSCLK.
 967:C:\Program Files (x86)\Cypress\PSoC Creator\4.4\PSoC Creator\1\CapSense_CSD_P4_Design01.cydsn\Generated_Source\PSoC4\CyLib.c ****     *
 968:C:\Program Files (x86)\Cypress\PSoC Creator\4.4\PSoC Creator\1\CapSense_CSD_P4_Design01.cydsn\Generated_Source\PSoC4\CyLib.c ****     * If the SYSCLK clock frequency increases during the device operation, call
 969:C:\Program Files (x86)\Cypress\PSoC Creator\4.4\PSoC Creator\1\CapSense_CSD_P4_Design01.cydsn\Generated_Source\PSoC4\CyLib.c ****     * \ref CySysFlashSetWaitCycles() with the appropriate parameter to adjust the
 970:C:\Program Files (x86)\Cypress\PSoC Creator\4.4\PSoC Creator\1\CapSense_CSD_P4_Design01.cydsn\Generated_Source\PSoC4\CyLib.c ****     * number of clock cycles the cache will wait before sampling data comes back
 971:C:\Program Files (x86)\Cypress\PSoC Creator\4.4\PSoC Creator\1\CapSense_CSD_P4_Design01.cydsn\Generated_Source\PSoC4\CyLib.c ****     * from Flash. If the SYSCLK clock frequency decreases, you can call
 972:C:\Program Files (x86)\Cypress\PSoC Creator\4.4\PSoC Creator\1\CapSense_CSD_P4_Design01.cydsn\Generated_Source\PSoC4\CyLib.c ****     * \ref CySysFlashSetWaitCycles() to improve the CPU performance. See
 973:C:\Program Files (x86)\Cypress\PSoC Creator\4.4\PSoC Creator\1\CapSense_CSD_P4_Design01.cydsn\Generated_Source\PSoC4\CyLib.c ****     * \ref CySysFlashSetWaitCycles() description for more information.
 974:C:\Program Files (x86)\Cypress\PSoC Creator\4.4\PSoC Creator\1\CapSense_CSD_P4_Design01.cydsn\Generated_Source\PSoC4\CyLib.c ****     *
 975:C:\Program Files (x86)\Cypress\PSoC Creator\4.4\PSoC Creator\1\CapSense_CSD_P4_Design01.cydsn\Generated_Source\PSoC4\CyLib.c ****     * \param \ref CY_SYS_CLK_HFCLK_DIV_NODIV    Transparent mode (w/o dividing)
 976:C:\Program Files (x86)\Cypress\PSoC Creator\4.4\PSoC Creator\1\CapSense_CSD_P4_Design01.cydsn\Generated_Source\PSoC4\CyLib.c ****     * \param \ref CY_SYS_CLK_HFCLK_DIV_2        Divide selected clock source by 2
 977:C:\Program Files (x86)\Cypress\PSoC Creator\4.4\PSoC Creator\1\CapSense_CSD_P4_Design01.cydsn\Generated_Source\PSoC4\CyLib.c ****     * \param \ref CY_SYS_CLK_HFCLK_DIV_4        Divide selected clock source by 4
 978:C:\Program Files (x86)\Cypress\PSoC Creator\4.4\PSoC Creator\1\CapSense_CSD_P4_Design01.cydsn\Generated_Source\PSoC4\CyLib.c ****     * \param \ref CY_SYS_CLK_HFCLK_DIV_8        Divide selected clock source by 8
 979:C:\Program Files (x86)\Cypress\PSoC Creator\4.4\PSoC Creator\1\CapSense_CSD_P4_Design01.cydsn\Generated_Source\PSoC4\CyLib.c ****     *
 980:C:\Program Files (x86)\Cypress\PSoC Creator\4.4\PSoC Creator\1\CapSense_CSD_P4_Design01.cydsn\Generated_Source\PSoC4\CyLib.c ****     *******************************************************************************/
 981:C:\Program Files (x86)\Cypress\PSoC Creator\4.4\PSoC Creator\1\CapSense_CSD_P4_Design01.cydsn\Generated_Source\PSoC4\CyLib.c ****     void CySysClkWriteHfclkDiv(uint32 divider)
 982:C:\Program Files (x86)\Cypress\PSoC Creator\4.4\PSoC Creator\1\CapSense_CSD_P4_Design01.cydsn\Generated_Source\PSoC4\CyLib.c ****     {
 983:C:\Program Files (x86)\Cypress\PSoC Creator\4.4\PSoC Creator\1\CapSense_CSD_P4_Design01.cydsn\Generated_Source\PSoC4\CyLib.c ****         uint8  interruptState;
 984:C:\Program Files (x86)\Cypress\PSoC Creator\4.4\PSoC Creator\1\CapSense_CSD_P4_Design01.cydsn\Generated_Source\PSoC4\CyLib.c **** 
 985:C:\Program Files (x86)\Cypress\PSoC Creator\4.4\PSoC Creator\1\CapSense_CSD_P4_Design01.cydsn\Generated_Source\PSoC4\CyLib.c ****         interruptState = CyEnterCriticalSection();
 986:C:\Program Files (x86)\Cypress\PSoC Creator\4.4\PSoC Creator\1\CapSense_CSD_P4_Design01.cydsn\Generated_Source\PSoC4\CyLib.c **** 
 987:C:\Program Files (x86)\Cypress\PSoC Creator\4.4\PSoC Creator\1\CapSense_CSD_P4_Design01.cydsn\Generated_Source\PSoC4\CyLib.c ****         CY_SYS_CLK_SELECT_REG = ((CY_SYS_CLK_SELECT_REG & ((uint32) (~(CY_SYS_CLK_SELECT_HFCLK_DIV_
 988:C:\Program Files (x86)\Cypress\PSoC Creator\4.4\PSoC Creator\1\CapSense_CSD_P4_Design01.cydsn\Generated_Source\PSoC4\CyLib.c ****                                         CY_SYS_CLK_SELECT_HFCLK_DIV_SHIFT)))) |
 989:C:\Program Files (x86)\Cypress\PSoC Creator\4.4\PSoC Creator\1\CapSense_CSD_P4_Design01.cydsn\Generated_Source\PSoC4\CyLib.c ****                     ((uint32)((divider & CY_SYS_CLK_SELECT_HFCLK_DIV_MASK) << CY_SYS_CLK_SELECT_HFC
 990:C:\Program Files (x86)\Cypress\PSoC Creator\4.4\PSoC Creator\1\CapSense_CSD_P4_Design01.cydsn\Generated_Source\PSoC4\CyLib.c **** 
 991:C:\Program Files (x86)\Cypress\PSoC Creator\4.4\PSoC Creator\1\CapSense_CSD_P4_Design01.cydsn\Generated_Source\PSoC4\CyLib.c ****         CyExitCriticalSection(interruptState);
 992:C:\Program Files (x86)\Cypress\PSoC Creator\4.4\PSoC Creator\1\CapSense_CSD_P4_Design01.cydsn\Generated_Source\PSoC4\CyLib.c ****     }
 993:C:\Program Files (x86)\Cypress\PSoC Creator\4.4\PSoC Creator\1\CapSense_CSD_P4_Design01.cydsn\Generated_Source\PSoC4\CyLib.c **** #endif /* (CY_IP_SRSSLT) */
 994:C:\Program Files (x86)\Cypress\PSoC Creator\4.4\PSoC Creator\1\CapSense_CSD_P4_Design01.cydsn\Generated_Source\PSoC4\CyLib.c **** 
 995:C:\Program Files (x86)\Cypress\PSoC Creator\4.4\PSoC Creator\1\CapSense_CSD_P4_Design01.cydsn\Generated_Source\PSoC4\CyLib.c **** 
 996:C:\Program Files (x86)\Cypress\PSoC Creator\4.4\PSoC Creator\1\CapSense_CSD_P4_Design01.cydsn\Generated_Source\PSoC4\CyLib.c **** #if (CY_IP_ECO)
 997:C:\Program Files (x86)\Cypress\PSoC Creator\4.4\PSoC Creator\1\CapSense_CSD_P4_Design01.cydsn\Generated_Source\PSoC4\CyLib.c **** 
 998:C:\Program Files (x86)\Cypress\PSoC Creator\4.4\PSoC Creator\1\CapSense_CSD_P4_Design01.cydsn\Generated_Source\PSoC4\CyLib.c ****     /*******************************************************************************
 999:C:\Program Files (x86)\Cypress\PSoC Creator\4.4\PSoC Creator\1\CapSense_CSD_P4_Design01.cydsn\Generated_Source\PSoC4\CyLib.c ****     * Function Name: CySysClkEcoStart
1000:C:\Program Files (x86)\Cypress\PSoC Creator\4.4\PSoC Creator\1\CapSense_CSD_P4_Design01.cydsn\Generated_Source\PSoC4\CyLib.c ****     ****************************************************************************//**
1001:C:\Program Files (x86)\Cypress\PSoC Creator\4.4\PSoC Creator\1\CapSense_CSD_P4_Design01.cydsn\Generated_Source\PSoC4\CyLib.c ****     *
1002:C:\Program Files (x86)\Cypress\PSoC Creator\4.4\PSoC Creator\1\CapSense_CSD_P4_Design01.cydsn\Generated_Source\PSoC4\CyLib.c ****     * Starts the External Crystal Oscillator (ECO). Refer to the device datasheet
1003:C:\Program Files (x86)\Cypress\PSoC Creator\4.4\PSoC Creator\1\CapSense_CSD_P4_Design01.cydsn\Generated_Source\PSoC4\CyLib.c ****     * for the ECO startup time.
1004:C:\Program Files (x86)\Cypress\PSoC Creator\4.4\PSoC Creator\1\CapSense_CSD_P4_Design01.cydsn\Generated_Source\PSoC4\CyLib.c ****     *
1005:C:\Program Files (x86)\Cypress\PSoC Creator\4.4\PSoC Creator\1\CapSense_CSD_P4_Design01.cydsn\Generated_Source\PSoC4\CyLib.c ****     * The timeout interval is measured based on the system frequency defined by
1006:C:\Program Files (x86)\Cypress\PSoC Creator\4.4\PSoC Creator\1\CapSense_CSD_P4_Design01.cydsn\Generated_Source\PSoC4\CyLib.c ****     * PSoC Creator at build time. If System clock frequency is changed in
1007:C:\Program Files (x86)\Cypress\PSoC Creator\4.4\PSoC Creator\1\CapSense_CSD_P4_Design01.cydsn\Generated_Source\PSoC4\CyLib.c ****     * runtime, the \ref CyDelayFreq() with the appropriate parameter should be
1008:C:\Program Files (x86)\Cypress\PSoC Creator\4.4\PSoC Creator\1\CapSense_CSD_P4_Design01.cydsn\Generated_Source\PSoC4\CyLib.c ****     * called.
1009:C:\Program Files (x86)\Cypress\PSoC Creator\4.4\PSoC Creator\1\CapSense_CSD_P4_Design01.cydsn\Generated_Source\PSoC4\CyLib.c ****     *
1010:C:\Program Files (x86)\Cypress\PSoC Creator\4.4\PSoC Creator\1\CapSense_CSD_P4_Design01.cydsn\Generated_Source\PSoC4\CyLib.c ****     * PSoC 4100 BLE / PSoC 4200 BLE: The WCO must be enabled prior to enabling ECO.
1011:C:\Program Files (x86)\Cypress\PSoC Creator\4.4\PSoC Creator\1\CapSense_CSD_P4_Design01.cydsn\Generated_Source\PSoC4\CyLib.c ****     *
1012:C:\Program Files (x86)\Cypress\PSoC Creator\4.4\PSoC Creator\1\CapSense_CSD_P4_Design01.cydsn\Generated_Source\PSoC4\CyLib.c ****     * \param timeoutUs Timeout in microseconds.
1013:C:\Program Files (x86)\Cypress\PSoC Creator\4.4\PSoC Creator\1\CapSense_CSD_P4_Design01.cydsn\Generated_Source\PSoC4\CyLib.c ****     *
1014:C:\Program Files (x86)\Cypress\PSoC Creator\4.4\PSoC Creator\1\CapSense_CSD_P4_Design01.cydsn\Generated_Source\PSoC4\CyLib.c ****     * If zero is specified, the function does not wait for timeout and returns
1015:C:\Program Files (x86)\Cypress\PSoC Creator\4.4\PSoC Creator\1\CapSense_CSD_P4_Design01.cydsn\Generated_Source\PSoC4\CyLib.c ****     * CYRET_SUCCESS. If non-zero is specified, the function waits for the timeout.
1016:C:\Program Files (x86)\Cypress\PSoC Creator\4.4\PSoC Creator\1\CapSense_CSD_P4_Design01.cydsn\Generated_Source\PSoC4\CyLib.c ****     *
1017:C:\Program Files (x86)\Cypress\PSoC Creator\4.4\PSoC Creator\1\CapSense_CSD_P4_Design01.cydsn\Generated_Source\PSoC4\CyLib.c ****     * \return \ref CYRET_SUCCESS Completed successfully. The ECO is oscillating and
1018:C:\Program Files (x86)\Cypress\PSoC Creator\4.4\PSoC Creator\1\CapSense_CSD_P4_Design01.cydsn\Generated_Source\PSoC4\CyLib.c ****     * amplitude reached 60% and it does not mean 24 MHz crystal is within 50 ppm.
1019:C:\Program Files (x86)\Cypress\PSoC Creator\4.4\PSoC Creator\1\CapSense_CSD_P4_Design01.cydsn\Generated_Source\PSoC4\CyLib.c ****     *
ARM GAS  C:\Users\taips\AppData\Local\Temp\ccbT16OQ.s 			page 32


1020:C:\Program Files (x86)\Cypress\PSoC Creator\4.4\PSoC Creator\1\CapSense_CSD_P4_Design01.cydsn\Generated_Source\PSoC4\CyLib.c ****     * \return \ref CYRET_TIMEOUT Timeout occurred. If the crystal is not oscillating
1021:C:\Program Files (x86)\Cypress\PSoC Creator\4.4\PSoC Creator\1\CapSense_CSD_P4_Design01.cydsn\Generated_Source\PSoC4\CyLib.c ****     * or amplitude didn't reach 60% after specified amount of time, CYRET_TIMEOUT
1022:C:\Program Files (x86)\Cypress\PSoC Creator\4.4\PSoC Creator\1\CapSense_CSD_P4_Design01.cydsn\Generated_Source\PSoC4\CyLib.c ****     * is returned.
1023:C:\Program Files (x86)\Cypress\PSoC Creator\4.4\PSoC Creator\1\CapSense_CSD_P4_Design01.cydsn\Generated_Source\PSoC4\CyLib.c ****     *
1024:C:\Program Files (x86)\Cypress\PSoC Creator\4.4\PSoC Creator\1\CapSense_CSD_P4_Design01.cydsn\Generated_Source\PSoC4\CyLib.c ****     * \return \ref CYRET_BAD_PARAM One or more invalid parameters.
1025:C:\Program Files (x86)\Cypress\PSoC Creator\4.4\PSoC Creator\1\CapSense_CSD_P4_Design01.cydsn\Generated_Source\PSoC4\CyLib.c ****     *
1026:C:\Program Files (x86)\Cypress\PSoC Creator\4.4\PSoC Creator\1\CapSense_CSD_P4_Design01.cydsn\Generated_Source\PSoC4\CyLib.c ****     *******************************************************************************/
1027:C:\Program Files (x86)\Cypress\PSoC Creator\4.4\PSoC Creator\1\CapSense_CSD_P4_Design01.cydsn\Generated_Source\PSoC4\CyLib.c ****     cystatus CySysClkEcoStart(uint32 timeoutUs)
1028:C:\Program Files (x86)\Cypress\PSoC Creator\4.4\PSoC Creator\1\CapSense_CSD_P4_Design01.cydsn\Generated_Source\PSoC4\CyLib.c ****     {
1029:C:\Program Files (x86)\Cypress\PSoC Creator\4.4\PSoC Creator\1\CapSense_CSD_P4_Design01.cydsn\Generated_Source\PSoC4\CyLib.c ****         cystatus returnStatus = CYRET_SUCCESS;
1030:C:\Program Files (x86)\Cypress\PSoC Creator\4.4\PSoC Creator\1\CapSense_CSD_P4_Design01.cydsn\Generated_Source\PSoC4\CyLib.c **** 
1031:C:\Program Files (x86)\Cypress\PSoC Creator\4.4\PSoC Creator\1\CapSense_CSD_P4_Design01.cydsn\Generated_Source\PSoC4\CyLib.c ****         #if (CY_IP_ECO_BLESS)
1032:C:\Program Files (x86)\Cypress\PSoC Creator\4.4\PSoC Creator\1\CapSense_CSD_P4_Design01.cydsn\Generated_Source\PSoC4\CyLib.c ****             /* Enable the RF oscillator band gap */
1033:C:\Program Files (x86)\Cypress\PSoC Creator\4.4\PSoC Creator\1\CapSense_CSD_P4_Design01.cydsn\Generated_Source\PSoC4\CyLib.c ****             CY_SYS_XTAL_BLESS_RF_CONFIG_REG |= CY_SYS_XTAL_BLESS_RF_CONFIG_RF_ENABLE;
1034:C:\Program Files (x86)\Cypress\PSoC Creator\4.4\PSoC Creator\1\CapSense_CSD_P4_Design01.cydsn\Generated_Source\PSoC4\CyLib.c **** 
1035:C:\Program Files (x86)\Cypress\PSoC Creator\4.4\PSoC Creator\1\CapSense_CSD_P4_Design01.cydsn\Generated_Source\PSoC4\CyLib.c ****             /* Update trimming register */
1036:C:\Program Files (x86)\Cypress\PSoC Creator\4.4\PSoC Creator\1\CapSense_CSD_P4_Design01.cydsn\Generated_Source\PSoC4\CyLib.c ****             CY_SYS_XTAL_BLERD_BB_XO_REG = CY_SYS_XTAL_BLERD_BB_XO_TRIM;
1037:C:\Program Files (x86)\Cypress\PSoC Creator\4.4\PSoC Creator\1\CapSense_CSD_P4_Design01.cydsn\Generated_Source\PSoC4\CyLib.c **** 
1038:C:\Program Files (x86)\Cypress\PSoC Creator\4.4\PSoC Creator\1\CapSense_CSD_P4_Design01.cydsn\Generated_Source\PSoC4\CyLib.c ****             /* Enable the Crystal */
1039:C:\Program Files (x86)\Cypress\PSoC Creator\4.4\PSoC Creator\1\CapSense_CSD_P4_Design01.cydsn\Generated_Source\PSoC4\CyLib.c ****             CY_SYS_XTAL_BLERD_DBUS_REG |= CY_SYS_XTAL_BLERD_DBUS_XTAL_ENABLE;
1040:C:\Program Files (x86)\Cypress\PSoC Creator\4.4\PSoC Creator\1\CapSense_CSD_P4_Design01.cydsn\Generated_Source\PSoC4\CyLib.c ****         
1041:C:\Program Files (x86)\Cypress\PSoC Creator\4.4\PSoC Creator\1\CapSense_CSD_P4_Design01.cydsn\Generated_Source\PSoC4\CyLib.c ****         #elif (CY_IP_ECO_BLESSV3)
1042:C:\Program Files (x86)\Cypress\PSoC Creator\4.4\PSoC Creator\1\CapSense_CSD_P4_Design01.cydsn\Generated_Source\PSoC4\CyLib.c ****             uint32 regConfig;
1043:C:\Program Files (x86)\Cypress\PSoC Creator\4.4\PSoC Creator\1\CapSense_CSD_P4_Design01.cydsn\Generated_Source\PSoC4\CyLib.c ****             uint32 intrRegMaskStore = 0u;
1044:C:\Program Files (x86)\Cypress\PSoC Creator\4.4\PSoC Creator\1\CapSense_CSD_P4_Design01.cydsn\Generated_Source\PSoC4\CyLib.c ****             
1045:C:\Program Files (x86)\Cypress\PSoC Creator\4.4\PSoC Creator\1\CapSense_CSD_P4_Design01.cydsn\Generated_Source\PSoC4\CyLib.c ****             if (0u != (CY_SYS_BLESS_MT_CFG_REG & (CY_SYS_BLESS_MT_CFG_ENABLE_BLERD <<  CYFLD_BLE_BL
1046:C:\Program Files (x86)\Cypress\PSoC Creator\4.4\PSoC Creator\1\CapSense_CSD_P4_Design01.cydsn\Generated_Source\PSoC4\CyLib.c ****             {
1047:C:\Program Files (x86)\Cypress\PSoC Creator\4.4\PSoC Creator\1\CapSense_CSD_P4_Design01.cydsn\Generated_Source\PSoC4\CyLib.c ****                 CY_SYS_BLESS_MT_CFG_REG |= (CY_SYS_BLESS_MT_CFG_DPSLP_ECO_ON  <<  CYFLD_BLE_BLESS_D
1048:C:\Program Files (x86)\Cypress\PSoC Creator\4.4\PSoC Creator\1\CapSense_CSD_P4_Design01.cydsn\Generated_Source\PSoC4\CyLib.c ****             }
1049:C:\Program Files (x86)\Cypress\PSoC Creator\4.4\PSoC Creator\1\CapSense_CSD_P4_Design01.cydsn\Generated_Source\PSoC4\CyLib.c ****             else
1050:C:\Program Files (x86)\Cypress\PSoC Creator\4.4\PSoC Creator\1\CapSense_CSD_P4_Design01.cydsn\Generated_Source\PSoC4\CyLib.c ****             {
1051:C:\Program Files (x86)\Cypress\PSoC Creator\4.4\PSoC Creator\1\CapSense_CSD_P4_Design01.cydsn\Generated_Source\PSoC4\CyLib.c ****                 /* Init BLE core */
1052:C:\Program Files (x86)\Cypress\PSoC Creator\4.4\PSoC Creator\1\CapSense_CSD_P4_Design01.cydsn\Generated_Source\PSoC4\CyLib.c ****                 CY_SYS_BLESS_MT_DELAY_CFG_REG = CY_SYS_BLESS_MT_DELAY_CFG_INIT;
1053:C:\Program Files (x86)\Cypress\PSoC Creator\4.4\PSoC Creator\1\CapSense_CSD_P4_Design01.cydsn\Generated_Source\PSoC4\CyLib.c ****                 CY_SYS_BLESS_MT_DELAY_CFG2_REG = CY_SYS_BLESS_MT_DELAY_CFG2_INIT;
1054:C:\Program Files (x86)\Cypress\PSoC Creator\4.4\PSoC Creator\1\CapSense_CSD_P4_Design01.cydsn\Generated_Source\PSoC4\CyLib.c ****                 CY_SYS_BLESS_MT_DELAY_CFG3_REG = CY_SYS_BLESS_MT_DELAY_CFG3_INIT;
1055:C:\Program Files (x86)\Cypress\PSoC Creator\4.4\PSoC Creator\1\CapSense_CSD_P4_Design01.cydsn\Generated_Source\PSoC4\CyLib.c ****             
1056:C:\Program Files (x86)\Cypress\PSoC Creator\4.4\PSoC Creator\1\CapSense_CSD_P4_Design01.cydsn\Generated_Source\PSoC4\CyLib.c ****                 /* RCB init */
1057:C:\Program Files (x86)\Cypress\PSoC Creator\4.4\PSoC Creator\1\CapSense_CSD_P4_Design01.cydsn\Generated_Source\PSoC4\CyLib.c ****                 regConfig = CY_SYS_RCB_CTRL_REG;
1058:C:\Program Files (x86)\Cypress\PSoC Creator\4.4\PSoC Creator\1\CapSense_CSD_P4_Design01.cydsn\Generated_Source\PSoC4\CyLib.c ****                 regConfig &= CY_SYS_RCB_CTRL_CLEAR;
1059:C:\Program Files (x86)\Cypress\PSoC Creator\4.4\PSoC Creator\1\CapSense_CSD_P4_Design01.cydsn\Generated_Source\PSoC4\CyLib.c ****                 regConfig |= CY_SYS_RCB_CTRL_INIT;
1060:C:\Program Files (x86)\Cypress\PSoC Creator\4.4\PSoC Creator\1\CapSense_CSD_P4_Design01.cydsn\Generated_Source\PSoC4\CyLib.c ****                 CY_SYS_RCB_CTRL_REG = regConfig;
1061:C:\Program Files (x86)\Cypress\PSoC Creator\4.4\PSoC Creator\1\CapSense_CSD_P4_Design01.cydsn\Generated_Source\PSoC4\CyLib.c ****                 
1062:C:\Program Files (x86)\Cypress\PSoC Creator\4.4\PSoC Creator\1\CapSense_CSD_P4_Design01.cydsn\Generated_Source\PSoC4\CyLib.c ****                 intrRegMaskStore = CY_SYS_BLESS_INTR_MASK_REG;
1063:C:\Program Files (x86)\Cypress\PSoC Creator\4.4\PSoC Creator\1\CapSense_CSD_P4_Design01.cydsn\Generated_Source\PSoC4\CyLib.c ****                 if(0u != (CY_SYS_BLESS_BLERD_ACTIVE_INTR_MASK & intrRegMaskStore))
1064:C:\Program Files (x86)\Cypress\PSoC Creator\4.4\PSoC Creator\1\CapSense_CSD_P4_Design01.cydsn\Generated_Source\PSoC4\CyLib.c ****                 {
1065:C:\Program Files (x86)\Cypress\PSoC Creator\4.4\PSoC Creator\1\CapSense_CSD_P4_Design01.cydsn\Generated_Source\PSoC4\CyLib.c ****                     CY_SYS_BLESS_INTR_MASK_REG &= ~CY_SYS_BLESS_BLERD_ACTIVE_INTR_MASK;
1066:C:\Program Files (x86)\Cypress\PSoC Creator\4.4\PSoC Creator\1\CapSense_CSD_P4_Design01.cydsn\Generated_Source\PSoC4\CyLib.c ****                 }
1067:C:\Program Files (x86)\Cypress\PSoC Creator\4.4\PSoC Creator\1\CapSense_CSD_P4_Design01.cydsn\Generated_Source\PSoC4\CyLib.c ****                 
1068:C:\Program Files (x86)\Cypress\PSoC Creator\4.4\PSoC Creator\1\CapSense_CSD_P4_Design01.cydsn\Generated_Source\PSoC4\CyLib.c ****                 /* Enable BLE core */
1069:C:\Program Files (x86)\Cypress\PSoC Creator\4.4\PSoC Creator\1\CapSense_CSD_P4_Design01.cydsn\Generated_Source\PSoC4\CyLib.c ****                 regConfig = CY_SYS_BLESS_MT_CFG_REG;
1070:C:\Program Files (x86)\Cypress\PSoC Creator\4.4\PSoC Creator\1\CapSense_CSD_P4_Design01.cydsn\Generated_Source\PSoC4\CyLib.c ****                 regConfig &= CY_SYS_BLESS_MT_CFG_CLEAR;
1071:C:\Program Files (x86)\Cypress\PSoC Creator\4.4\PSoC Creator\1\CapSense_CSD_P4_Design01.cydsn\Generated_Source\PSoC4\CyLib.c ****                 regConfig |= CY_SYS_BLESS_MT_CFG_INIT;
1072:C:\Program Files (x86)\Cypress\PSoC Creator\4.4\PSoC Creator\1\CapSense_CSD_P4_Design01.cydsn\Generated_Source\PSoC4\CyLib.c ****                 CY_SYS_BLESS_MT_CFG_REG = regConfig;
1073:C:\Program Files (x86)\Cypress\PSoC Creator\4.4\PSoC Creator\1\CapSense_CSD_P4_Design01.cydsn\Generated_Source\PSoC4\CyLib.c **** 
1074:C:\Program Files (x86)\Cypress\PSoC Creator\4.4\PSoC Creator\1\CapSense_CSD_P4_Design01.cydsn\Generated_Source\PSoC4\CyLib.c ****                 while(0u == ((CY_SYS_BLESS_BLERD_ACTIVE_INTR_STAT & CY_SYS_BLESS_INTR_STAT_REG)))
1075:C:\Program Files (x86)\Cypress\PSoC Creator\4.4\PSoC Creator\1\CapSense_CSD_P4_Design01.cydsn\Generated_Source\PSoC4\CyLib.c ****                 {
1076:C:\Program Files (x86)\Cypress\PSoC Creator\4.4\PSoC Creator\1\CapSense_CSD_P4_Design01.cydsn\Generated_Source\PSoC4\CyLib.c ****                     /* Wait until BLERD55 moves to active state */
ARM GAS  C:\Users\taips\AppData\Local\Temp\ccbT16OQ.s 			page 33


1077:C:\Program Files (x86)\Cypress\PSoC Creator\4.4\PSoC Creator\1\CapSense_CSD_P4_Design01.cydsn\Generated_Source\PSoC4\CyLib.c ****                 }
1078:C:\Program Files (x86)\Cypress\PSoC Creator\4.4\PSoC Creator\1\CapSense_CSD_P4_Design01.cydsn\Generated_Source\PSoC4\CyLib.c **** 
1079:C:\Program Files (x86)\Cypress\PSoC Creator\4.4\PSoC Creator\1\CapSense_CSD_P4_Design01.cydsn\Generated_Source\PSoC4\CyLib.c ****                 if(0u != (CY_SYS_BLESS_BLERD_ACTIVE_INTR_MASK & intrRegMaskStore))
1080:C:\Program Files (x86)\Cypress\PSoC Creator\4.4\PSoC Creator\1\CapSense_CSD_P4_Design01.cydsn\Generated_Source\PSoC4\CyLib.c ****                 {
1081:C:\Program Files (x86)\Cypress\PSoC Creator\4.4\PSoC Creator\1\CapSense_CSD_P4_Design01.cydsn\Generated_Source\PSoC4\CyLib.c ****                     CY_SYS_BLESS_INTR_MASK_REG |= CY_SYS_BLESS_BLERD_ACTIVE_INTR_MASK;
1082:C:\Program Files (x86)\Cypress\PSoC Creator\4.4\PSoC Creator\1\CapSense_CSD_P4_Design01.cydsn\Generated_Source\PSoC4\CyLib.c ****                 }
1083:C:\Program Files (x86)\Cypress\PSoC Creator\4.4\PSoC Creator\1\CapSense_CSD_P4_Design01.cydsn\Generated_Source\PSoC4\CyLib.c ****                 
1084:C:\Program Files (x86)\Cypress\PSoC Creator\4.4\PSoC Creator\1\CapSense_CSD_P4_Design01.cydsn\Generated_Source\PSoC4\CyLib.c ****                 /* Send write commands to RBUS */
1085:C:\Program Files (x86)\Cypress\PSoC Creator\4.4\PSoC Creator\1\CapSense_CSD_P4_Design01.cydsn\Generated_Source\PSoC4\CyLib.c ****                 CY_SYS_RCB_TX_FIFO_WR_REG = CY_SYS_RCB_RBUS_FREQ_NRST_SET;
1086:C:\Program Files (x86)\Cypress\PSoC Creator\4.4\PSoC Creator\1\CapSense_CSD_P4_Design01.cydsn\Generated_Source\PSoC4\CyLib.c ****                 CY_SYS_RCB_TX_FIFO_WR_REG = CY_SYS_RCB_RBUS_DIG_CLK_SET;
1087:C:\Program Files (x86)\Cypress\PSoC Creator\4.4\PSoC Creator\1\CapSense_CSD_P4_Design01.cydsn\Generated_Source\PSoC4\CyLib.c ****                 
1088:C:\Program Files (x86)\Cypress\PSoC Creator\4.4\PSoC Creator\1\CapSense_CSD_P4_Design01.cydsn\Generated_Source\PSoC4\CyLib.c ****                 #if (CY_SYS_BLE_CLK_ECO_FREQ_32MHZ == CYDEV_ECO_CLK_MHZ)
1089:C:\Program Files (x86)\Cypress\PSoC Creator\4.4\PSoC Creator\1\CapSense_CSD_P4_Design01.cydsn\Generated_Source\PSoC4\CyLib.c ****                     CY_SYS_RCB_TX_FIFO_WR_REG = CY_SYS_RCB_RBUS_FREQ_XTAL_DIV_SET;
1090:C:\Program Files (x86)\Cypress\PSoC Creator\4.4\PSoC Creator\1\CapSense_CSD_P4_Design01.cydsn\Generated_Source\PSoC4\CyLib.c ****                     CY_SYS_RCB_TX_FIFO_WR_REG = (CY_SYS_RCB_RBUS_RF_DCXO_CFG_SET | CY_SYS_RCB_RBUS_
1091:C:\Program Files (x86)\Cypress\PSoC Creator\4.4\PSoC Creator\1\CapSense_CSD_P4_Design01.cydsn\Generated_Source\PSoC4\CyLib.c ****                 #else
1092:C:\Program Files (x86)\Cypress\PSoC Creator\4.4\PSoC Creator\1\CapSense_CSD_P4_Design01.cydsn\Generated_Source\PSoC4\CyLib.c ****                     CY_SYS_RCB_TX_FIFO_WR_REG = CY_SYS_RCB_RBUS_FREQ_XTAL_NODIV_SET;
1093:C:\Program Files (x86)\Cypress\PSoC Creator\4.4\PSoC Creator\1\CapSense_CSD_P4_Design01.cydsn\Generated_Source\PSoC4\CyLib.c ****                 #endif
1094:C:\Program Files (x86)\Cypress\PSoC Creator\4.4\PSoC Creator\1\CapSense_CSD_P4_Design01.cydsn\Generated_Source\PSoC4\CyLib.c ****                 
1095:C:\Program Files (x86)\Cypress\PSoC Creator\4.4\PSoC Creator\1\CapSense_CSD_P4_Design01.cydsn\Generated_Source\PSoC4\CyLib.c ****                 intrRegMaskStore = CY_SYS_BLESS_INTR_MASK_REG;
1096:C:\Program Files (x86)\Cypress\PSoC Creator\4.4\PSoC Creator\1\CapSense_CSD_P4_Design01.cydsn\Generated_Source\PSoC4\CyLib.c ****                 if(0u != (CY_SYS_RCB_INTR_RCB_DONE & intrRegMaskStore))
1097:C:\Program Files (x86)\Cypress\PSoC Creator\4.4\PSoC Creator\1\CapSense_CSD_P4_Design01.cydsn\Generated_Source\PSoC4\CyLib.c ****                 {
1098:C:\Program Files (x86)\Cypress\PSoC Creator\4.4\PSoC Creator\1\CapSense_CSD_P4_Design01.cydsn\Generated_Source\PSoC4\CyLib.c ****                     CY_SYS_BLESS_INTR_MASK_REG &= ~(CY_SYS_RCB_INTR_RCB_DONE | CY_SYS_RCB_INTR_RCB_
1099:C:\Program Files (x86)\Cypress\PSoC Creator\4.4\PSoC Creator\1\CapSense_CSD_P4_Design01.cydsn\Generated_Source\PSoC4\CyLib.c ****                 }
1100:C:\Program Files (x86)\Cypress\PSoC Creator\4.4\PSoC Creator\1\CapSense_CSD_P4_Design01.cydsn\Generated_Source\PSoC4\CyLib.c ****                 
1101:C:\Program Files (x86)\Cypress\PSoC Creator\4.4\PSoC Creator\1\CapSense_CSD_P4_Design01.cydsn\Generated_Source\PSoC4\CyLib.c ****                 /* Send read commands to RBUS */
1102:C:\Program Files (x86)\Cypress\PSoC Creator\4.4\PSoC Creator\1\CapSense_CSD_P4_Design01.cydsn\Generated_Source\PSoC4\CyLib.c ****                 CY_SYS_RCB_TX_FIFO_WR_REG = (CY_SYS_RCB_RBUS_RD_CMD | 
1103:C:\Program Files (x86)\Cypress\PSoC Creator\4.4\PSoC Creator\1\CapSense_CSD_P4_Design01.cydsn\Generated_Source\PSoC4\CyLib.c ****                                             (CY_SYS_RCB_RBUS_RF_DCXO_CFG_SET & ~CY_SYS_RCB_RBUS_VAL
1104:C:\Program Files (x86)\Cypress\PSoC Creator\4.4\PSoC Creator\1\CapSense_CSD_P4_Design01.cydsn\Generated_Source\PSoC4\CyLib.c ****                                             
1105:C:\Program Files (x86)\Cypress\PSoC Creator\4.4\PSoC Creator\1\CapSense_CSD_P4_Design01.cydsn\Generated_Source\PSoC4\CyLib.c ****                 while (0u == (CY_SYS_RCB_INTR_RCB_RX_FIFO_NOT_EMPTY & CY_SYS_RCB_INTR_REG))
1106:C:\Program Files (x86)\Cypress\PSoC Creator\4.4\PSoC Creator\1\CapSense_CSD_P4_Design01.cydsn\Generated_Source\PSoC4\CyLib.c ****                 {
1107:C:\Program Files (x86)\Cypress\PSoC Creator\4.4\PSoC Creator\1\CapSense_CSD_P4_Design01.cydsn\Generated_Source\PSoC4\CyLib.c ****                     /* Wait until RX_FIFO_NOT_EMPTY state */
1108:C:\Program Files (x86)\Cypress\PSoC Creator\4.4\PSoC Creator\1\CapSense_CSD_P4_Design01.cydsn\Generated_Source\PSoC4\CyLib.c ****                 }
1109:C:\Program Files (x86)\Cypress\PSoC Creator\4.4\PSoC Creator\1\CapSense_CSD_P4_Design01.cydsn\Generated_Source\PSoC4\CyLib.c **** 
1110:C:\Program Files (x86)\Cypress\PSoC Creator\4.4\PSoC Creator\1\CapSense_CSD_P4_Design01.cydsn\Generated_Source\PSoC4\CyLib.c ****                 CY_SYS_RCB_INTR_REG |= CY_SYS_RCB_INTR_RCB_DONE;
1111:C:\Program Files (x86)\Cypress\PSoC Creator\4.4\PSoC Creator\1\CapSense_CSD_P4_Design01.cydsn\Generated_Source\PSoC4\CyLib.c ****                 
1112:C:\Program Files (x86)\Cypress\PSoC Creator\4.4\PSoC Creator\1\CapSense_CSD_P4_Design01.cydsn\Generated_Source\PSoC4\CyLib.c ****                 regConfig = CY_SYS_RCB_RX_FIFO_RD_REG & CY_SYS_RCB_RBUS_TRIM_MASK;
1113:C:\Program Files (x86)\Cypress\PSoC Creator\4.4\PSoC Creator\1\CapSense_CSD_P4_Design01.cydsn\Generated_Source\PSoC4\CyLib.c ****                 
1114:C:\Program Files (x86)\Cypress\PSoC Creator\4.4\PSoC Creator\1\CapSense_CSD_P4_Design01.cydsn\Generated_Source\PSoC4\CyLib.c ****                 /* Send write commands to RBUS */
1115:C:\Program Files (x86)\Cypress\PSoC Creator\4.4\PSoC Creator\1\CapSense_CSD_P4_Design01.cydsn\Generated_Source\PSoC4\CyLib.c ****                 CY_SYS_RCB_TX_FIFO_WR_REG = (CY_SYS_RCB_RBUS_RF_DCXO_CFG_SET | regConfig | CY_SYS_R
1116:C:\Program Files (x86)\Cypress\PSoC Creator\4.4\PSoC Creator\1\CapSense_CSD_P4_Design01.cydsn\Generated_Source\PSoC4\CyLib.c ****                 
1117:C:\Program Files (x86)\Cypress\PSoC Creator\4.4\PSoC Creator\1\CapSense_CSD_P4_Design01.cydsn\Generated_Source\PSoC4\CyLib.c ****                 while (0u == (CY_SYS_RCB_INTR_RCB_DONE & CY_SYS_RCB_INTR_REG))
1118:C:\Program Files (x86)\Cypress\PSoC Creator\4.4\PSoC Creator\1\CapSense_CSD_P4_Design01.cydsn\Generated_Source\PSoC4\CyLib.c ****                 {
1119:C:\Program Files (x86)\Cypress\PSoC Creator\4.4\PSoC Creator\1\CapSense_CSD_P4_Design01.cydsn\Generated_Source\PSoC4\CyLib.c ****                     /* Wait until RCB_DONE state */
1120:C:\Program Files (x86)\Cypress\PSoC Creator\4.4\PSoC Creator\1\CapSense_CSD_P4_Design01.cydsn\Generated_Source\PSoC4\CyLib.c ****                 }
1121:C:\Program Files (x86)\Cypress\PSoC Creator\4.4\PSoC Creator\1\CapSense_CSD_P4_Design01.cydsn\Generated_Source\PSoC4\CyLib.c ****                 
1122:C:\Program Files (x86)\Cypress\PSoC Creator\4.4\PSoC Creator\1\CapSense_CSD_P4_Design01.cydsn\Generated_Source\PSoC4\CyLib.c ****                 /* Clear Interrupt */
1123:C:\Program Files (x86)\Cypress\PSoC Creator\4.4\PSoC Creator\1\CapSense_CSD_P4_Design01.cydsn\Generated_Source\PSoC4\CyLib.c ****                 CY_SYS_RCB_INTR_REG = CY_SYS_RCB_INTR_CLEAR;
1124:C:\Program Files (x86)\Cypress\PSoC Creator\4.4\PSoC Creator\1\CapSense_CSD_P4_Design01.cydsn\Generated_Source\PSoC4\CyLib.c ****                 
1125:C:\Program Files (x86)\Cypress\PSoC Creator\4.4\PSoC Creator\1\CapSense_CSD_P4_Design01.cydsn\Generated_Source\PSoC4\CyLib.c ****                 if(0u != ((CY_SYS_RCB_INTR_RCB_DONE | CY_SYS_RCB_INTR_RCB_RX_FIFO_NOT_EMPTY) & intr
1126:C:\Program Files (x86)\Cypress\PSoC Creator\4.4\PSoC Creator\1\CapSense_CSD_P4_Design01.cydsn\Generated_Source\PSoC4\CyLib.c ****                 {
1127:C:\Program Files (x86)\Cypress\PSoC Creator\4.4\PSoC Creator\1\CapSense_CSD_P4_Design01.cydsn\Generated_Source\PSoC4\CyLib.c ****                     CY_SYS_BLESS_INTR_MASK_REG |= intrRegMaskStore;
1128:C:\Program Files (x86)\Cypress\PSoC Creator\4.4\PSoC Creator\1\CapSense_CSD_P4_Design01.cydsn\Generated_Source\PSoC4\CyLib.c ****                 }
1129:C:\Program Files (x86)\Cypress\PSoC Creator\4.4\PSoC Creator\1\CapSense_CSD_P4_Design01.cydsn\Generated_Source\PSoC4\CyLib.c ****                 
1130:C:\Program Files (x86)\Cypress\PSoC Creator\4.4\PSoC Creator\1\CapSense_CSD_P4_Design01.cydsn\Generated_Source\PSoC4\CyLib.c ****             }
1131:C:\Program Files (x86)\Cypress\PSoC Creator\4.4\PSoC Creator\1\CapSense_CSD_P4_Design01.cydsn\Generated_Source\PSoC4\CyLib.c ****         #else /* CY_IP_ECO_SRSSV2 */
1132:C:\Program Files (x86)\Cypress\PSoC Creator\4.4\PSoC Creator\1\CapSense_CSD_P4_Design01.cydsn\Generated_Source\PSoC4\CyLib.c ****             CY_SYS_CLK_ECO_CONFIG_REG |= CY_SYS_CLK_ECO_CONFIG_ENABLE;
1133:C:\Program Files (x86)\Cypress\PSoC Creator\4.4\PSoC Creator\1\CapSense_CSD_P4_Design01.cydsn\Generated_Source\PSoC4\CyLib.c ****             CyDelayUs(CY_SYS_CLK_ECO_CONFIG_CLK_EN_TIMEOUT_US);
ARM GAS  C:\Users\taips\AppData\Local\Temp\ccbT16OQ.s 			page 34


1134:C:\Program Files (x86)\Cypress\PSoC Creator\4.4\PSoC Creator\1\CapSense_CSD_P4_Design01.cydsn\Generated_Source\PSoC4\CyLib.c ****             CY_SYS_CLK_ECO_CONFIG_REG |= CY_SYS_CLK_ECO_CONFIG_CLK_EN;
1135:C:\Program Files (x86)\Cypress\PSoC Creator\4.4\PSoC Creator\1\CapSense_CSD_P4_Design01.cydsn\Generated_Source\PSoC4\CyLib.c ****         #endif /* (CY_IP_ECO_BLESS) */
1136:C:\Program Files (x86)\Cypress\PSoC Creator\4.4\PSoC Creator\1\CapSense_CSD_P4_Design01.cydsn\Generated_Source\PSoC4\CyLib.c **** 
1137:C:\Program Files (x86)\Cypress\PSoC Creator\4.4\PSoC Creator\1\CapSense_CSD_P4_Design01.cydsn\Generated_Source\PSoC4\CyLib.c ****         if(timeoutUs > 0u)
1138:C:\Program Files (x86)\Cypress\PSoC Creator\4.4\PSoC Creator\1\CapSense_CSD_P4_Design01.cydsn\Generated_Source\PSoC4\CyLib.c ****         {
1139:C:\Program Files (x86)\Cypress\PSoC Creator\4.4\PSoC Creator\1\CapSense_CSD_P4_Design01.cydsn\Generated_Source\PSoC4\CyLib.c ****             returnStatus = CYRET_TIMEOUT;
1140:C:\Program Files (x86)\Cypress\PSoC Creator\4.4\PSoC Creator\1\CapSense_CSD_P4_Design01.cydsn\Generated_Source\PSoC4\CyLib.c **** 
1141:C:\Program Files (x86)\Cypress\PSoC Creator\4.4\PSoC Creator\1\CapSense_CSD_P4_Design01.cydsn\Generated_Source\PSoC4\CyLib.c ****             for( ; timeoutUs > 0u; timeoutUs--)
1142:C:\Program Files (x86)\Cypress\PSoC Creator\4.4\PSoC Creator\1\CapSense_CSD_P4_Design01.cydsn\Generated_Source\PSoC4\CyLib.c ****             {
1143:C:\Program Files (x86)\Cypress\PSoC Creator\4.4\PSoC Creator\1\CapSense_CSD_P4_Design01.cydsn\Generated_Source\PSoC4\CyLib.c ****                 CyDelayUs(1u);
1144:C:\Program Files (x86)\Cypress\PSoC Creator\4.4\PSoC Creator\1\CapSense_CSD_P4_Design01.cydsn\Generated_Source\PSoC4\CyLib.c **** 
1145:C:\Program Files (x86)\Cypress\PSoC Creator\4.4\PSoC Creator\1\CapSense_CSD_P4_Design01.cydsn\Generated_Source\PSoC4\CyLib.c ****                 if(0u != CySysClkEcoReadStatus())
1146:C:\Program Files (x86)\Cypress\PSoC Creator\4.4\PSoC Creator\1\CapSense_CSD_P4_Design01.cydsn\Generated_Source\PSoC4\CyLib.c ****                 {
1147:C:\Program Files (x86)\Cypress\PSoC Creator\4.4\PSoC Creator\1\CapSense_CSD_P4_Design01.cydsn\Generated_Source\PSoC4\CyLib.c ****                     returnStatus = CYRET_SUCCESS;
1148:C:\Program Files (x86)\Cypress\PSoC Creator\4.4\PSoC Creator\1\CapSense_CSD_P4_Design01.cydsn\Generated_Source\PSoC4\CyLib.c ****                     break;
1149:C:\Program Files (x86)\Cypress\PSoC Creator\4.4\PSoC Creator\1\CapSense_CSD_P4_Design01.cydsn\Generated_Source\PSoC4\CyLib.c ****                 }
1150:C:\Program Files (x86)\Cypress\PSoC Creator\4.4\PSoC Creator\1\CapSense_CSD_P4_Design01.cydsn\Generated_Source\PSoC4\CyLib.c ****             }
1151:C:\Program Files (x86)\Cypress\PSoC Creator\4.4\PSoC Creator\1\CapSense_CSD_P4_Design01.cydsn\Generated_Source\PSoC4\CyLib.c **** 
1152:C:\Program Files (x86)\Cypress\PSoC Creator\4.4\PSoC Creator\1\CapSense_CSD_P4_Design01.cydsn\Generated_Source\PSoC4\CyLib.c ****         }
1153:C:\Program Files (x86)\Cypress\PSoC Creator\4.4\PSoC Creator\1\CapSense_CSD_P4_Design01.cydsn\Generated_Source\PSoC4\CyLib.c **** 
1154:C:\Program Files (x86)\Cypress\PSoC Creator\4.4\PSoC Creator\1\CapSense_CSD_P4_Design01.cydsn\Generated_Source\PSoC4\CyLib.c ****         return(returnStatus);
1155:C:\Program Files (x86)\Cypress\PSoC Creator\4.4\PSoC Creator\1\CapSense_CSD_P4_Design01.cydsn\Generated_Source\PSoC4\CyLib.c ****     }
1156:C:\Program Files (x86)\Cypress\PSoC Creator\4.4\PSoC Creator\1\CapSense_CSD_P4_Design01.cydsn\Generated_Source\PSoC4\CyLib.c **** 
1157:C:\Program Files (x86)\Cypress\PSoC Creator\4.4\PSoC Creator\1\CapSense_CSD_P4_Design01.cydsn\Generated_Source\PSoC4\CyLib.c **** 
1158:C:\Program Files (x86)\Cypress\PSoC Creator\4.4\PSoC Creator\1\CapSense_CSD_P4_Design01.cydsn\Generated_Source\PSoC4\CyLib.c ****     /*******************************************************************************
1159:C:\Program Files (x86)\Cypress\PSoC Creator\4.4\PSoC Creator\1\CapSense_CSD_P4_Design01.cydsn\Generated_Source\PSoC4\CyLib.c ****     * Function Name: CySysClkEcoStop
1160:C:\Program Files (x86)\Cypress\PSoC Creator\4.4\PSoC Creator\1\CapSense_CSD_P4_Design01.cydsn\Generated_Source\PSoC4\CyLib.c ****     ****************************************************************************//**
1161:C:\Program Files (x86)\Cypress\PSoC Creator\4.4\PSoC Creator\1\CapSense_CSD_P4_Design01.cydsn\Generated_Source\PSoC4\CyLib.c ****     *
1162:C:\Program Files (x86)\Cypress\PSoC Creator\4.4\PSoC Creator\1\CapSense_CSD_P4_Design01.cydsn\Generated_Source\PSoC4\CyLib.c ****     * Stops the megahertz crystal.
1163:C:\Program Files (x86)\Cypress\PSoC Creator\4.4\PSoC Creator\1\CapSense_CSD_P4_Design01.cydsn\Generated_Source\PSoC4\CyLib.c ****     *
1164:C:\Program Files (x86)\Cypress\PSoC Creator\4.4\PSoC Creator\1\CapSense_CSD_P4_Design01.cydsn\Generated_Source\PSoC4\CyLib.c ****     * If ECO is disabled when it is sourcing HFCLK, the CPU will halt. In addition,
1165:C:\Program Files (x86)\Cypress\PSoC Creator\4.4\PSoC Creator\1\CapSense_CSD_P4_Design01.cydsn\Generated_Source\PSoC4\CyLib.c ****     * for PSoC 4100 BLE / PSoC 4200 BLE devices, the BLE sub-system will stop
1166:C:\Program Files (x86)\Cypress\PSoC Creator\4.4\PSoC Creator\1\CapSense_CSD_P4_Design01.cydsn\Generated_Source\PSoC4\CyLib.c ****     * functioning.
1167:C:\Program Files (x86)\Cypress\PSoC Creator\4.4\PSoC Creator\1\CapSense_CSD_P4_Design01.cydsn\Generated_Source\PSoC4\CyLib.c ****     *
1168:C:\Program Files (x86)\Cypress\PSoC Creator\4.4\PSoC Creator\1\CapSense_CSD_P4_Design01.cydsn\Generated_Source\PSoC4\CyLib.c ****     *******************************************************************************/
1169:C:\Program Files (x86)\Cypress\PSoC Creator\4.4\PSoC Creator\1\CapSense_CSD_P4_Design01.cydsn\Generated_Source\PSoC4\CyLib.c ****     void CySysClkEcoStop(void)
1170:C:\Program Files (x86)\Cypress\PSoC Creator\4.4\PSoC Creator\1\CapSense_CSD_P4_Design01.cydsn\Generated_Source\PSoC4\CyLib.c ****     {
1171:C:\Program Files (x86)\Cypress\PSoC Creator\4.4\PSoC Creator\1\CapSense_CSD_P4_Design01.cydsn\Generated_Source\PSoC4\CyLib.c ****         #if (CY_IP_WCO_BLESS)
1172:C:\Program Files (x86)\Cypress\PSoC Creator\4.4\PSoC Creator\1\CapSense_CSD_P4_Design01.cydsn\Generated_Source\PSoC4\CyLib.c ****             /* Disable the RF oscillator band gap */
1173:C:\Program Files (x86)\Cypress\PSoC Creator\4.4\PSoC Creator\1\CapSense_CSD_P4_Design01.cydsn\Generated_Source\PSoC4\CyLib.c ****             CY_SYS_XTAL_BLESS_RF_CONFIG_REG &= (uint32) ~CY_SYS_XTAL_BLESS_RF_CONFIG_RF_ENABLE;
1174:C:\Program Files (x86)\Cypress\PSoC Creator\4.4\PSoC Creator\1\CapSense_CSD_P4_Design01.cydsn\Generated_Source\PSoC4\CyLib.c **** 
1175:C:\Program Files (x86)\Cypress\PSoC Creator\4.4\PSoC Creator\1\CapSense_CSD_P4_Design01.cydsn\Generated_Source\PSoC4\CyLib.c ****             /* Disable the Crystal */
1176:C:\Program Files (x86)\Cypress\PSoC Creator\4.4\PSoC Creator\1\CapSense_CSD_P4_Design01.cydsn\Generated_Source\PSoC4\CyLib.c ****             CY_SYS_XTAL_BLERD_DBUS_REG &= (uint32) ~CY_SYS_XTAL_BLERD_DBUS_XTAL_ENABLE;
1177:C:\Program Files (x86)\Cypress\PSoC Creator\4.4\PSoC Creator\1\CapSense_CSD_P4_Design01.cydsn\Generated_Source\PSoC4\CyLib.c ****         #elif (CY_IP_ECO_BLESSV3)
1178:C:\Program Files (x86)\Cypress\PSoC Creator\4.4\PSoC Creator\1\CapSense_CSD_P4_Design01.cydsn\Generated_Source\PSoC4\CyLib.c ****             CY_SYS_BLESS_MT_CFG_REG &= ~(CY_SYS_BLESS_MT_CFG_DPSLP_ECO_ON  <<  CYFLD_BLE_BLESS_DPSL
1179:C:\Program Files (x86)\Cypress\PSoC Creator\4.4\PSoC Creator\1\CapSense_CSD_P4_Design01.cydsn\Generated_Source\PSoC4\CyLib.c ****         #else
1180:C:\Program Files (x86)\Cypress\PSoC Creator\4.4\PSoC Creator\1\CapSense_CSD_P4_Design01.cydsn\Generated_Source\PSoC4\CyLib.c ****             CY_SYS_CLK_ECO_CONFIG_REG &= (uint32) ~(CY_SYS_CLK_ECO_CONFIG_ENABLE | CY_SYS_CLK_ECO_C
1181:C:\Program Files (x86)\Cypress\PSoC Creator\4.4\PSoC Creator\1\CapSense_CSD_P4_Design01.cydsn\Generated_Source\PSoC4\CyLib.c ****         #endif /* (CY_IP_WCO_BLESS) */
1182:C:\Program Files (x86)\Cypress\PSoC Creator\4.4\PSoC Creator\1\CapSense_CSD_P4_Design01.cydsn\Generated_Source\PSoC4\CyLib.c ****     }
1183:C:\Program Files (x86)\Cypress\PSoC Creator\4.4\PSoC Creator\1\CapSense_CSD_P4_Design01.cydsn\Generated_Source\PSoC4\CyLib.c **** 
1184:C:\Program Files (x86)\Cypress\PSoC Creator\4.4\PSoC Creator\1\CapSense_CSD_P4_Design01.cydsn\Generated_Source\PSoC4\CyLib.c **** 
1185:C:\Program Files (x86)\Cypress\PSoC Creator\4.4\PSoC Creator\1\CapSense_CSD_P4_Design01.cydsn\Generated_Source\PSoC4\CyLib.c ****     /*******************************************************************************
1186:C:\Program Files (x86)\Cypress\PSoC Creator\4.4\PSoC Creator\1\CapSense_CSD_P4_Design01.cydsn\Generated_Source\PSoC4\CyLib.c ****     * Function Name: CySysClkEcoReadStatus
1187:C:\Program Files (x86)\Cypress\PSoC Creator\4.4\PSoC Creator\1\CapSense_CSD_P4_Design01.cydsn\Generated_Source\PSoC4\CyLib.c ****     ****************************************************************************//**
1188:C:\Program Files (x86)\Cypress\PSoC Creator\4.4\PSoC Creator\1\CapSense_CSD_P4_Design01.cydsn\Generated_Source\PSoC4\CyLib.c ****     *
1189:C:\Program Files (x86)\Cypress\PSoC Creator\4.4\PSoC Creator\1\CapSense_CSD_P4_Design01.cydsn\Generated_Source\PSoC4\CyLib.c ****     * Reads the status bit for the megahertz crystal.
1190:C:\Program Files (x86)\Cypress\PSoC Creator\4.4\PSoC Creator\1\CapSense_CSD_P4_Design01.cydsn\Generated_Source\PSoC4\CyLib.c ****     *
ARM GAS  C:\Users\taips\AppData\Local\Temp\ccbT16OQ.s 			page 35


1191:C:\Program Files (x86)\Cypress\PSoC Creator\4.4\PSoC Creator\1\CapSense_CSD_P4_Design01.cydsn\Generated_Source\PSoC4\CyLib.c ****     * For PSoC 4100 BLE / PSoC 4200 BLE devices, the status bit is the
1192:C:\Program Files (x86)\Cypress\PSoC Creator\4.4\PSoC Creator\1\CapSense_CSD_P4_Design01.cydsn\Generated_Source\PSoC4\CyLib.c ****     * XO_AMP_DETECT bit in FSM register.
1193:C:\Program Files (x86)\Cypress\PSoC Creator\4.4\PSoC Creator\1\CapSense_CSD_P4_Design01.cydsn\Generated_Source\PSoC4\CyLib.c ****     *
1194:C:\Program Files (x86)\Cypress\PSoC Creator\4.4\PSoC Creator\1\CapSense_CSD_P4_Design01.cydsn\Generated_Source\PSoC4\CyLib.c ****     * For PSoC 4200L devices, the error status bit is the WATCHDOG_ERROR bit in
1195:C:\Program Files (x86)\Cypress\PSoC Creator\4.4\PSoC Creator\1\CapSense_CSD_P4_Design01.cydsn\Generated_Source\PSoC4\CyLib.c ****     * ECO_STATUS register.
1196:C:\Program Files (x86)\Cypress\PSoC Creator\4.4\PSoC Creator\1\CapSense_CSD_P4_Design01.cydsn\Generated_Source\PSoC4\CyLib.c ****     *
1197:C:\Program Files (x86)\Cypress\PSoC Creator\4.4\PSoC Creator\1\CapSense_CSD_P4_Design01.cydsn\Generated_Source\PSoC4\CyLib.c ****     * \return PSoC 4100 BLE/PSoC 4200 BLE: Non-zero indicates that ECO output
1198:C:\Program Files (x86)\Cypress\PSoC Creator\4.4\PSoC Creator\1\CapSense_CSD_P4_Design01.cydsn\Generated_Source\PSoC4\CyLib.c ****     * reached 50 ppm and is oscillating in valid range.
1199:C:\Program Files (x86)\Cypress\PSoC Creator\4.4\PSoC Creator\1\CapSense_CSD_P4_Design01.cydsn\Generated_Source\PSoC4\CyLib.c ****     *
1200:C:\Program Files (x86)\Cypress\PSoC Creator\4.4\PSoC Creator\1\CapSense_CSD_P4_Design01.cydsn\Generated_Source\PSoC4\CyLib.c ****     * \return PSoC 4200L: Non-zero indicates that ECO is running.
1201:C:\Program Files (x86)\Cypress\PSoC Creator\4.4\PSoC Creator\1\CapSense_CSD_P4_Design01.cydsn\Generated_Source\PSoC4\CyLib.c ****     *
1202:C:\Program Files (x86)\Cypress\PSoC Creator\4.4\PSoC Creator\1\CapSense_CSD_P4_Design01.cydsn\Generated_Source\PSoC4\CyLib.c ****     *******************************************************************************/
1203:C:\Program Files (x86)\Cypress\PSoC Creator\4.4\PSoC Creator\1\CapSense_CSD_P4_Design01.cydsn\Generated_Source\PSoC4\CyLib.c ****     uint32 CySysClkEcoReadStatus(void)
1204:C:\Program Files (x86)\Cypress\PSoC Creator\4.4\PSoC Creator\1\CapSense_CSD_P4_Design01.cydsn\Generated_Source\PSoC4\CyLib.c ****     {
1205:C:\Program Files (x86)\Cypress\PSoC Creator\4.4\PSoC Creator\1\CapSense_CSD_P4_Design01.cydsn\Generated_Source\PSoC4\CyLib.c ****         uint32 returnValue;
1206:C:\Program Files (x86)\Cypress\PSoC Creator\4.4\PSoC Creator\1\CapSense_CSD_P4_Design01.cydsn\Generated_Source\PSoC4\CyLib.c **** 
1207:C:\Program Files (x86)\Cypress\PSoC Creator\4.4\PSoC Creator\1\CapSense_CSD_P4_Design01.cydsn\Generated_Source\PSoC4\CyLib.c ****         #if (CY_IP_WCO_BLESS)
1208:C:\Program Files (x86)\Cypress\PSoC Creator\4.4\PSoC Creator\1\CapSense_CSD_P4_Design01.cydsn\Generated_Source\PSoC4\CyLib.c ****             returnValue = CY_SYS_XTAL_BLERD_FSM_REG & CY_SYS_XTAL_BLERD_FSM_XO_AMP_DETECT;
1209:C:\Program Files (x86)\Cypress\PSoC Creator\4.4\PSoC Creator\1\CapSense_CSD_P4_Design01.cydsn\Generated_Source\PSoC4\CyLib.c ****         #elif (CY_IP_ECO_BLESSV3)
1210:C:\Program Files (x86)\Cypress\PSoC Creator\4.4\PSoC Creator\1\CapSense_CSD_P4_Design01.cydsn\Generated_Source\PSoC4\CyLib.c ****             returnValue = (CY_SYS_BLESS_MT_STATUS_REG & CY_SYS_BLESS_MT_STATUS_CURR_STATE_MASK) >> 
1211:C:\Program Files (x86)\Cypress\PSoC Creator\4.4\PSoC Creator\1\CapSense_CSD_P4_Design01.cydsn\Generated_Source\PSoC4\CyLib.c **** 
1212:C:\Program Files (x86)\Cypress\PSoC Creator\4.4\PSoC Creator\1\CapSense_CSD_P4_Design01.cydsn\Generated_Source\PSoC4\CyLib.c ****             returnValue =  ((CY_SYS_BLESS_MT_STATUS_BLERD_IDLE == returnValue) || 
1213:C:\Program Files (x86)\Cypress\PSoC Creator\4.4\PSoC Creator\1\CapSense_CSD_P4_Design01.cydsn\Generated_Source\PSoC4\CyLib.c ****                             (CY_SYS_BLESS_MT_STATUS_SWITCH_EN  == returnValue) ||
1214:C:\Program Files (x86)\Cypress\PSoC Creator\4.4\PSoC Creator\1\CapSense_CSD_P4_Design01.cydsn\Generated_Source\PSoC4\CyLib.c ****                             (CY_SYS_BLESS_MT_STATUS_ACTIVE  ==  returnValue) ||
1215:C:\Program Files (x86)\Cypress\PSoC Creator\4.4\PSoC Creator\1\CapSense_CSD_P4_Design01.cydsn\Generated_Source\PSoC4\CyLib.c ****                             (CY_SYS_BLESS_MT_STATUS_ISOLATE == returnValue));
1216:C:\Program Files (x86)\Cypress\PSoC Creator\4.4\PSoC Creator\1\CapSense_CSD_P4_Design01.cydsn\Generated_Source\PSoC4\CyLib.c ****         #else
1217:C:\Program Files (x86)\Cypress\PSoC Creator\4.4\PSoC Creator\1\CapSense_CSD_P4_Design01.cydsn\Generated_Source\PSoC4\CyLib.c ****             returnValue = (0u != (CY_SYS_CLK_ECO_STATUS_REG & CY_SYS_CLK_ECO_STATUS_WATCHDOG_ERROR)
1218:C:\Program Files (x86)\Cypress\PSoC Creator\4.4\PSoC Creator\1\CapSense_CSD_P4_Design01.cydsn\Generated_Source\PSoC4\CyLib.c ****         #endif /* (CY_IP_WCO_BLESS) */
1219:C:\Program Files (x86)\Cypress\PSoC Creator\4.4\PSoC Creator\1\CapSense_CSD_P4_Design01.cydsn\Generated_Source\PSoC4\CyLib.c **** 
1220:C:\Program Files (x86)\Cypress\PSoC Creator\4.4\PSoC Creator\1\CapSense_CSD_P4_Design01.cydsn\Generated_Source\PSoC4\CyLib.c ****         return (returnValue);
1221:C:\Program Files (x86)\Cypress\PSoC Creator\4.4\PSoC Creator\1\CapSense_CSD_P4_Design01.cydsn\Generated_Source\PSoC4\CyLib.c ****     }
1222:C:\Program Files (x86)\Cypress\PSoC Creator\4.4\PSoC Creator\1\CapSense_CSD_P4_Design01.cydsn\Generated_Source\PSoC4\CyLib.c **** 
1223:C:\Program Files (x86)\Cypress\PSoC Creator\4.4\PSoC Creator\1\CapSense_CSD_P4_Design01.cydsn\Generated_Source\PSoC4\CyLib.c ****     #if (CY_IP_ECO_BLESS || CY_IP_ECO_BLESSV3)
1224:C:\Program Files (x86)\Cypress\PSoC Creator\4.4\PSoC Creator\1\CapSense_CSD_P4_Design01.cydsn\Generated_Source\PSoC4\CyLib.c ****         /*******************************************************************************
1225:C:\Program Files (x86)\Cypress\PSoC Creator\4.4\PSoC Creator\1\CapSense_CSD_P4_Design01.cydsn\Generated_Source\PSoC4\CyLib.c ****         * Function Name: CySysClkWriteEcoDiv
1226:C:\Program Files (x86)\Cypress\PSoC Creator\4.4\PSoC Creator\1\CapSense_CSD_P4_Design01.cydsn\Generated_Source\PSoC4\CyLib.c ****         ****************************************************************************//**
1227:C:\Program Files (x86)\Cypress\PSoC Creator\4.4\PSoC Creator\1\CapSense_CSD_P4_Design01.cydsn\Generated_Source\PSoC4\CyLib.c ****         *
1228:C:\Program Files (x86)\Cypress\PSoC Creator\4.4\PSoC Creator\1\CapSense_CSD_P4_Design01.cydsn\Generated_Source\PSoC4\CyLib.c ****         * Selects value for the ECO divider.
1229:C:\Program Files (x86)\Cypress\PSoC Creator\4.4\PSoC Creator\1\CapSense_CSD_P4_Design01.cydsn\Generated_Source\PSoC4\CyLib.c ****         *
1230:C:\Program Files (x86)\Cypress\PSoC Creator\4.4\PSoC Creator\1\CapSense_CSD_P4_Design01.cydsn\Generated_Source\PSoC4\CyLib.c ****         * The ECO must not be the HFCLK clock source when this function is called.
1231:C:\Program Files (x86)\Cypress\PSoC Creator\4.4\PSoC Creator\1\CapSense_CSD_P4_Design01.cydsn\Generated_Source\PSoC4\CyLib.c ****         * The HFCLK source can be changed to the other clock source by call to the
1232:C:\Program Files (x86)\Cypress\PSoC Creator\4.4\PSoC Creator\1\CapSense_CSD_P4_Design01.cydsn\Generated_Source\PSoC4\CyLib.c ****         * CySysClkWriteHfclkDirect() function. If the ECO sources the HFCLK this
1233:C:\Program Files (x86)\Cypress\PSoC Creator\4.4\PSoC Creator\1\CapSense_CSD_P4_Design01.cydsn\Generated_Source\PSoC4\CyLib.c ****         * function will not have any effect if compiler in release mode, and halt the
1234:C:\Program Files (x86)\Cypress\PSoC Creator\4.4\PSoC Creator\1\CapSense_CSD_P4_Design01.cydsn\Generated_Source\PSoC4\CyLib.c ****         * CPU when compiler in debug mode.
1235:C:\Program Files (x86)\Cypress\PSoC Creator\4.4\PSoC Creator\1\CapSense_CSD_P4_Design01.cydsn\Generated_Source\PSoC4\CyLib.c ****         *
1236:C:\Program Files (x86)\Cypress\PSoC Creator\4.4\PSoC Creator\1\CapSense_CSD_P4_Design01.cydsn\Generated_Source\PSoC4\CyLib.c ****         * If the SYSCLK clock frequency increases during the device operation, call
1237:C:\Program Files (x86)\Cypress\PSoC Creator\4.4\PSoC Creator\1\CapSense_CSD_P4_Design01.cydsn\Generated_Source\PSoC4\CyLib.c ****         * CySysFlashSetWaitCycles() with the appropriate parameter to adjust the number
1238:C:\Program Files (x86)\Cypress\PSoC Creator\4.4\PSoC Creator\1\CapSense_CSD_P4_Design01.cydsn\Generated_Source\PSoC4\CyLib.c ****         * of clock cycles the cache will wait before sampling data comes back from
1239:C:\Program Files (x86)\Cypress\PSoC Creator\4.4\PSoC Creator\1\CapSense_CSD_P4_Design01.cydsn\Generated_Source\PSoC4\CyLib.c ****         * Flash. If the SYSCLK clock frequency decreases, you can call
1240:C:\Program Files (x86)\Cypress\PSoC Creator\4.4\PSoC Creator\1\CapSense_CSD_P4_Design01.cydsn\Generated_Source\PSoC4\CyLib.c ****         * CySysFlashSetWaitCycles() to improve the CPU performance. See
1241:C:\Program Files (x86)\Cypress\PSoC Creator\4.4\PSoC Creator\1\CapSense_CSD_P4_Design01.cydsn\Generated_Source\PSoC4\CyLib.c ****         * CySysFlashSetWaitCycles() description for more information.
1242:C:\Program Files (x86)\Cypress\PSoC Creator\4.4\PSoC Creator\1\CapSense_CSD_P4_Design01.cydsn\Generated_Source\PSoC4\CyLib.c ****         *
1243:C:\Program Files (x86)\Cypress\PSoC Creator\4.4\PSoC Creator\1\CapSense_CSD_P4_Design01.cydsn\Generated_Source\PSoC4\CyLib.c ****         * \param divider Power of 2 divider selection.
1244:C:\Program Files (x86)\Cypress\PSoC Creator\4.4\PSoC Creator\1\CapSense_CSD_P4_Design01.cydsn\Generated_Source\PSoC4\CyLib.c ****         * - \ref CY_SYS_CLK_ECO_DIV1
1245:C:\Program Files (x86)\Cypress\PSoC Creator\4.4\PSoC Creator\1\CapSense_CSD_P4_Design01.cydsn\Generated_Source\PSoC4\CyLib.c ****         * - \ref CY_SYS_CLK_ECO_DIV2
1246:C:\Program Files (x86)\Cypress\PSoC Creator\4.4\PSoC Creator\1\CapSense_CSD_P4_Design01.cydsn\Generated_Source\PSoC4\CyLib.c ****         * - \ref CY_SYS_CLK_ECO_DIV4
1247:C:\Program Files (x86)\Cypress\PSoC Creator\4.4\PSoC Creator\1\CapSense_CSD_P4_Design01.cydsn\Generated_Source\PSoC4\CyLib.c ****         * - \ref CY_SYS_CLK_ECO_DIV8
ARM GAS  C:\Users\taips\AppData\Local\Temp\ccbT16OQ.s 			page 36


1248:C:\Program Files (x86)\Cypress\PSoC Creator\4.4\PSoC Creator\1\CapSense_CSD_P4_Design01.cydsn\Generated_Source\PSoC4\CyLib.c ****         *
1249:C:\Program Files (x86)\Cypress\PSoC Creator\4.4\PSoC Creator\1\CapSense_CSD_P4_Design01.cydsn\Generated_Source\PSoC4\CyLib.c ****         *******************************************************************************/
1250:C:\Program Files (x86)\Cypress\PSoC Creator\4.4\PSoC Creator\1\CapSense_CSD_P4_Design01.cydsn\Generated_Source\PSoC4\CyLib.c ****         void CySysClkWriteEcoDiv(uint32 divider)
1251:C:\Program Files (x86)\Cypress\PSoC Creator\4.4\PSoC Creator\1\CapSense_CSD_P4_Design01.cydsn\Generated_Source\PSoC4\CyLib.c ****         {
1252:C:\Program Files (x86)\Cypress\PSoC Creator\4.4\PSoC Creator\1\CapSense_CSD_P4_Design01.cydsn\Generated_Source\PSoC4\CyLib.c ****             uint8  interruptState;
1253:C:\Program Files (x86)\Cypress\PSoC Creator\4.4\PSoC Creator\1\CapSense_CSD_P4_Design01.cydsn\Generated_Source\PSoC4\CyLib.c **** 
1254:C:\Program Files (x86)\Cypress\PSoC Creator\4.4\PSoC Creator\1\CapSense_CSD_P4_Design01.cydsn\Generated_Source\PSoC4\CyLib.c ****             if (CY_SYS_CLK_HFCLK_ECO != (CY_SYS_CLK_SELECT_REG & CY_SYS_CLK_SELECT_DIRECT_SEL_MASK)
1255:C:\Program Files (x86)\Cypress\PSoC Creator\4.4\PSoC Creator\1\CapSense_CSD_P4_Design01.cydsn\Generated_Source\PSoC4\CyLib.c ****             {
1256:C:\Program Files (x86)\Cypress\PSoC Creator\4.4\PSoC Creator\1\CapSense_CSD_P4_Design01.cydsn\Generated_Source\PSoC4\CyLib.c ****                 interruptState = CyEnterCriticalSection();
1257:C:\Program Files (x86)\Cypress\PSoC Creator\4.4\PSoC Creator\1\CapSense_CSD_P4_Design01.cydsn\Generated_Source\PSoC4\CyLib.c **** 
1258:C:\Program Files (x86)\Cypress\PSoC Creator\4.4\PSoC Creator\1\CapSense_CSD_P4_Design01.cydsn\Generated_Source\PSoC4\CyLib.c ****                 CY_SYS_CLK_XTAL_CLK_DIV_CONFIG_REG =  (divider & CY_SYS_CLK_XTAL_CLK_DIV_MASK) |
1259:C:\Program Files (x86)\Cypress\PSoC Creator\4.4\PSoC Creator\1\CapSense_CSD_P4_Design01.cydsn\Generated_Source\PSoC4\CyLib.c ****                                                       (CY_SYS_CLK_XTAL_CLK_DIV_CONFIG_REG & ((uint3
1260:C:\Program Files (x86)\Cypress\PSoC Creator\4.4\PSoC Creator\1\CapSense_CSD_P4_Design01.cydsn\Generated_Source\PSoC4\CyLib.c **** 
1261:C:\Program Files (x86)\Cypress\PSoC Creator\4.4\PSoC Creator\1\CapSense_CSD_P4_Design01.cydsn\Generated_Source\PSoC4\CyLib.c ****                 CyExitCriticalSection(interruptState);
1262:C:\Program Files (x86)\Cypress\PSoC Creator\4.4\PSoC Creator\1\CapSense_CSD_P4_Design01.cydsn\Generated_Source\PSoC4\CyLib.c ****             }
1263:C:\Program Files (x86)\Cypress\PSoC Creator\4.4\PSoC Creator\1\CapSense_CSD_P4_Design01.cydsn\Generated_Source\PSoC4\CyLib.c ****             else
1264:C:\Program Files (x86)\Cypress\PSoC Creator\4.4\PSoC Creator\1\CapSense_CSD_P4_Design01.cydsn\Generated_Source\PSoC4\CyLib.c ****             {
1265:C:\Program Files (x86)\Cypress\PSoC Creator\4.4\PSoC Creator\1\CapSense_CSD_P4_Design01.cydsn\Generated_Source\PSoC4\CyLib.c ****                 /* Halt CPU in debug mode if ECO sources HFCLK */
1266:C:\Program Files (x86)\Cypress\PSoC Creator\4.4\PSoC Creator\1\CapSense_CSD_P4_Design01.cydsn\Generated_Source\PSoC4\CyLib.c ****                 CYASSERT(0u != 0u);
1267:C:\Program Files (x86)\Cypress\PSoC Creator\4.4\PSoC Creator\1\CapSense_CSD_P4_Design01.cydsn\Generated_Source\PSoC4\CyLib.c ****             }
1268:C:\Program Files (x86)\Cypress\PSoC Creator\4.4\PSoC Creator\1\CapSense_CSD_P4_Design01.cydsn\Generated_Source\PSoC4\CyLib.c ****         }
1269:C:\Program Files (x86)\Cypress\PSoC Creator\4.4\PSoC Creator\1\CapSense_CSD_P4_Design01.cydsn\Generated_Source\PSoC4\CyLib.c **** 
1270:C:\Program Files (x86)\Cypress\PSoC Creator\4.4\PSoC Creator\1\CapSense_CSD_P4_Design01.cydsn\Generated_Source\PSoC4\CyLib.c ****     #else
1271:C:\Program Files (x86)\Cypress\PSoC Creator\4.4\PSoC Creator\1\CapSense_CSD_P4_Design01.cydsn\Generated_Source\PSoC4\CyLib.c **** 
1272:C:\Program Files (x86)\Cypress\PSoC Creator\4.4\PSoC Creator\1\CapSense_CSD_P4_Design01.cydsn\Generated_Source\PSoC4\CyLib.c ****         /*******************************************************************************
1273:C:\Program Files (x86)\Cypress\PSoC Creator\4.4\PSoC Creator\1\CapSense_CSD_P4_Design01.cydsn\Generated_Source\PSoC4\CyLib.c ****         * Function Name: CySysClkConfigureEcoTrim
1274:C:\Program Files (x86)\Cypress\PSoC Creator\4.4\PSoC Creator\1\CapSense_CSD_P4_Design01.cydsn\Generated_Source\PSoC4\CyLib.c ****         ****************************************************************************//**
1275:C:\Program Files (x86)\Cypress\PSoC Creator\4.4\PSoC Creator\1\CapSense_CSD_P4_Design01.cydsn\Generated_Source\PSoC4\CyLib.c ****         *
1276:C:\Program Files (x86)\Cypress\PSoC Creator\4.4\PSoC Creator\1\CapSense_CSD_P4_Design01.cydsn\Generated_Source\PSoC4\CyLib.c ****         * Selects trim setting values for ECO. This API is available only for PSoC
1277:C:\Program Files (x86)\Cypress\PSoC Creator\4.4\PSoC Creator\1\CapSense_CSD_P4_Design01.cydsn\Generated_Source\PSoC4\CyLib.c ****         * 4200L devices only.
1278:C:\Program Files (x86)\Cypress\PSoC Creator\4.4\PSoC Creator\1\CapSense_CSD_P4_Design01.cydsn\Generated_Source\PSoC4\CyLib.c ****         *
1279:C:\Program Files (x86)\Cypress\PSoC Creator\4.4\PSoC Creator\1\CapSense_CSD_P4_Design01.cydsn\Generated_Source\PSoC4\CyLib.c ****         * The following parameters can be trimmed for ECO. The affected registers are
1280:C:\Program Files (x86)\Cypress\PSoC Creator\4.4\PSoC Creator\1\CapSense_CSD_P4_Design01.cydsn\Generated_Source\PSoC4\CyLib.c ****         * ECO_TRIM0 and ECO_TRIM1.
1281:C:\Program Files (x86)\Cypress\PSoC Creator\4.4\PSoC Creator\1\CapSense_CSD_P4_Design01.cydsn\Generated_Source\PSoC4\CyLib.c ****         *
1282:C:\Program Files (x86)\Cypress\PSoC Creator\4.4\PSoC Creator\1\CapSense_CSD_P4_Design01.cydsn\Generated_Source\PSoC4\CyLib.c ****         * Watchdog trim - This bit field sets the error threshold below the steady
1283:C:\Program Files (x86)\Cypress\PSoC Creator\4.4\PSoC Creator\1\CapSense_CSD_P4_Design01.cydsn\Generated_Source\PSoC4\CyLib.c ****         * state amplitude level.
1284:C:\Program Files (x86)\Cypress\PSoC Creator\4.4\PSoC Creator\1\CapSense_CSD_P4_Design01.cydsn\Generated_Source\PSoC4\CyLib.c ****         *
1285:C:\Program Files (x86)\Cypress\PSoC Creator\4.4\PSoC Creator\1\CapSense_CSD_P4_Design01.cydsn\Generated_Source\PSoC4\CyLib.c ****         * Amplitude trim - This bit field is to set the crystal drive level when
1286:C:\Program Files (x86)\Cypress\PSoC Creator\4.4\PSoC Creator\1\CapSense_CSD_P4_Design01.cydsn\Generated_Source\PSoC4\CyLib.c ****         * ECO_CONFIG.AGC_EN = 1. WARNING: use care when setting this field because
1287:C:\Program Files (x86)\Cypress\PSoC Creator\4.4\PSoC Creator\1\CapSense_CSD_P4_Design01.cydsn\Generated_Source\PSoC4\CyLib.c ****         * driving a crystal beyond its rated limit can permanently damage the crystal.
1288:C:\Program Files (x86)\Cypress\PSoC Creator\4.4\PSoC Creator\1\CapSense_CSD_P4_Design01.cydsn\Generated_Source\PSoC4\CyLib.c ****         *
1289:C:\Program Files (x86)\Cypress\PSoC Creator\4.4\PSoC Creator\1\CapSense_CSD_P4_Design01.cydsn\Generated_Source\PSoC4\CyLib.c ****         * Filter frequency trim - This bit field sets LPF frequency trim and affects
1290:C:\Program Files (x86)\Cypress\PSoC Creator\4.4\PSoC Creator\1\CapSense_CSD_P4_Design01.cydsn\Generated_Source\PSoC4\CyLib.c ****         * the 3rd harmonic content.
1291:C:\Program Files (x86)\Cypress\PSoC Creator\4.4\PSoC Creator\1\CapSense_CSD_P4_Design01.cydsn\Generated_Source\PSoC4\CyLib.c ****         *
1292:C:\Program Files (x86)\Cypress\PSoC Creator\4.4\PSoC Creator\1\CapSense_CSD_P4_Design01.cydsn\Generated_Source\PSoC4\CyLib.c ****         * Feedback resistor trim - This bit field sets the feedback resistor trim and
1293:C:\Program Files (x86)\Cypress\PSoC Creator\4.4\PSoC Creator\1\CapSense_CSD_P4_Design01.cydsn\Generated_Source\PSoC4\CyLib.c ****         * impacts the oscillation amplitude.
1294:C:\Program Files (x86)\Cypress\PSoC Creator\4.4\PSoC Creator\1\CapSense_CSD_P4_Design01.cydsn\Generated_Source\PSoC4\CyLib.c ****         *
1295:C:\Program Files (x86)\Cypress\PSoC Creator\4.4\PSoC Creator\1\CapSense_CSD_P4_Design01.cydsn\Generated_Source\PSoC4\CyLib.c ****         * Amplifier gain trim - This bit field sets the amplifier gain trim and affects
1296:C:\Program Files (x86)\Cypress\PSoC Creator\4.4\PSoC Creator\1\CapSense_CSD_P4_Design01.cydsn\Generated_Source\PSoC4\CyLib.c ****         * the startup time of the crystal.
1297:C:\Program Files (x86)\Cypress\PSoC Creator\4.4\PSoC Creator\1\CapSense_CSD_P4_Design01.cydsn\Generated_Source\PSoC4\CyLib.c ****         *
1298:C:\Program Files (x86)\Cypress\PSoC Creator\4.4\PSoC Creator\1\CapSense_CSD_P4_Design01.cydsn\Generated_Source\PSoC4\CyLib.c ****         * Use care when setting the amplitude trim field because driving a crystal
1299:C:\Program Files (x86)\Cypress\PSoC Creator\4.4\PSoC Creator\1\CapSense_CSD_P4_Design01.cydsn\Generated_Source\PSoC4\CyLib.c ****         * beyond its rated limit can permanently damage the crystal.
1300:C:\Program Files (x86)\Cypress\PSoC Creator\4.4\PSoC Creator\1\CapSense_CSD_P4_Design01.cydsn\Generated_Source\PSoC4\CyLib.c ****         *
1301:C:\Program Files (x86)\Cypress\PSoC Creator\4.4\PSoC Creator\1\CapSense_CSD_P4_Design01.cydsn\Generated_Source\PSoC4\CyLib.c ****         * \param wDTrim: Watchdog trim
1302:C:\Program Files (x86)\Cypress\PSoC Creator\4.4\PSoC Creator\1\CapSense_CSD_P4_Design01.cydsn\Generated_Source\PSoC4\CyLib.c ****         * - \ref CY_SYS_CLK_ECO_WDTRIM0      Error threshold is 0.05 V
1303:C:\Program Files (x86)\Cypress\PSoC Creator\4.4\PSoC Creator\1\CapSense_CSD_P4_Design01.cydsn\Generated_Source\PSoC4\CyLib.c ****         * - \ref CY_SYS_CLK_ECO_WDTRIM1      Error threshold is 0.10 V
1304:C:\Program Files (x86)\Cypress\PSoC Creator\4.4\PSoC Creator\1\CapSense_CSD_P4_Design01.cydsn\Generated_Source\PSoC4\CyLib.c ****         * - \ref CY_SYS_CLK_ECO_WDTRIM2      Error threshold is 0.15 V
ARM GAS  C:\Users\taips\AppData\Local\Temp\ccbT16OQ.s 			page 37


1305:C:\Program Files (x86)\Cypress\PSoC Creator\4.4\PSoC Creator\1\CapSense_CSD_P4_Design01.cydsn\Generated_Source\PSoC4\CyLib.c ****         * - \ref CY_SYS_CLK_ECO_WDTRIM3      Error threshold is 0.20 V
1306:C:\Program Files (x86)\Cypress\PSoC Creator\4.4\PSoC Creator\1\CapSense_CSD_P4_Design01.cydsn\Generated_Source\PSoC4\CyLib.c ****         *
1307:C:\Program Files (x86)\Cypress\PSoC Creator\4.4\PSoC Creator\1\CapSense_CSD_P4_Design01.cydsn\Generated_Source\PSoC4\CyLib.c ****         * \param aTrim: Amplitude trim
1308:C:\Program Files (x86)\Cypress\PSoC Creator\4.4\PSoC Creator\1\CapSense_CSD_P4_Design01.cydsn\Generated_Source\PSoC4\CyLib.c ****         * - \ref CY_SYS_CLK_ECO_ATRIM0       Amplitude is 0.3 Vpp
1309:C:\Program Files (x86)\Cypress\PSoC Creator\4.4\PSoC Creator\1\CapSense_CSD_P4_Design01.cydsn\Generated_Source\PSoC4\CyLib.c ****         * - \ref CY_SYS_CLK_ECO_ATRIM1       Amplitude is 0.4 Vpp
1310:C:\Program Files (x86)\Cypress\PSoC Creator\4.4\PSoC Creator\1\CapSense_CSD_P4_Design01.cydsn\Generated_Source\PSoC4\CyLib.c ****         * - \ref CY_SYS_CLK_ECO_ATRIM2       Amplitude is 0.5 Vpp
1311:C:\Program Files (x86)\Cypress\PSoC Creator\4.4\PSoC Creator\1\CapSense_CSD_P4_Design01.cydsn\Generated_Source\PSoC4\CyLib.c ****         * - \ref CY_SYS_CLK_ECO_ATRIM3       Amplitude is 0.6 Vpp
1312:C:\Program Files (x86)\Cypress\PSoC Creator\4.4\PSoC Creator\1\CapSense_CSD_P4_Design01.cydsn\Generated_Source\PSoC4\CyLib.c ****         * - \ref CY_SYS_CLK_ECO_ATRIM4       Amplitude is 0.7 Vpp
1313:C:\Program Files (x86)\Cypress\PSoC Creator\4.4\PSoC Creator\1\CapSense_CSD_P4_Design01.cydsn\Generated_Source\PSoC4\CyLib.c ****         * - \ref CY_SYS_CLK_ECO_ATRIM5       Amplitude is 0.8 Vpp
1314:C:\Program Files (x86)\Cypress\PSoC Creator\4.4\PSoC Creator\1\CapSense_CSD_P4_Design01.cydsn\Generated_Source\PSoC4\CyLib.c ****         * - \ref CY_SYS_CLK_ECO_ATRIM6       Amplitude is 0.9 Vpp
1315:C:\Program Files (x86)\Cypress\PSoC Creator\4.4\PSoC Creator\1\CapSense_CSD_P4_Design01.cydsn\Generated_Source\PSoC4\CyLib.c ****         * - \ref CY_SYS_CLK_ECO_ATRIM7       Amplitude is 1.0 Vpp
1316:C:\Program Files (x86)\Cypress\PSoC Creator\4.4\PSoC Creator\1\CapSense_CSD_P4_Design01.cydsn\Generated_Source\PSoC4\CyLib.c ****         *
1317:C:\Program Files (x86)\Cypress\PSoC Creator\4.4\PSoC Creator\1\CapSense_CSD_P4_Design01.cydsn\Generated_Source\PSoC4\CyLib.c ****         * \param fTrim: Filter frequency trim
1318:C:\Program Files (x86)\Cypress\PSoC Creator\4.4\PSoC Creator\1\CapSense_CSD_P4_Design01.cydsn\Generated_Source\PSoC4\CyLib.c ****         * - \ref CY_SYS_CLK_ECO_FTRIM0       Crystal frequency > 30 MHz
1319:C:\Program Files (x86)\Cypress\PSoC Creator\4.4\PSoC Creator\1\CapSense_CSD_P4_Design01.cydsn\Generated_Source\PSoC4\CyLib.c ****         * - \ref CY_SYS_CLK_ECO_FTRIM1       24 MHz < Crystal frequency <= 30 MHz
1320:C:\Program Files (x86)\Cypress\PSoC Creator\4.4\PSoC Creator\1\CapSense_CSD_P4_Design01.cydsn\Generated_Source\PSoC4\CyLib.c ****         * - \ref CY_SYS_CLK_ECO_FTRIM2       17 MHz < Crystal frequency <= 24 MHz
1321:C:\Program Files (x86)\Cypress\PSoC Creator\4.4\PSoC Creator\1\CapSense_CSD_P4_Design01.cydsn\Generated_Source\PSoC4\CyLib.c ****         * - \ref CY_SYS_CLK_ECO_FTRIM3       Crystal frequency <= 17 MHz
1322:C:\Program Files (x86)\Cypress\PSoC Creator\4.4\PSoC Creator\1\CapSense_CSD_P4_Design01.cydsn\Generated_Source\PSoC4\CyLib.c ****         *
1323:C:\Program Files (x86)\Cypress\PSoC Creator\4.4\PSoC Creator\1\CapSense_CSD_P4_Design01.cydsn\Generated_Source\PSoC4\CyLib.c ****         * \param rTrim: Feedback resistor trim
1324:C:\Program Files (x86)\Cypress\PSoC Creator\4.4\PSoC Creator\1\CapSense_CSD_P4_Design01.cydsn\Generated_Source\PSoC4\CyLib.c ****         * - \ref CY_SYS_CLK_ECO_RTRIM0       Crystal frequency > 30 MHz
1325:C:\Program Files (x86)\Cypress\PSoC Creator\4.4\PSoC Creator\1\CapSense_CSD_P4_Design01.cydsn\Generated_Source\PSoC4\CyLib.c ****         * - \ref CY_SYS_CLK_ECO_RTRIM1       24 MHz < Crystal frequency <= 30 MHz
1326:C:\Program Files (x86)\Cypress\PSoC Creator\4.4\PSoC Creator\1\CapSense_CSD_P4_Design01.cydsn\Generated_Source\PSoC4\CyLib.c ****         * - \ref CY_SYS_CLK_ECO_RTRIM2       17 MHz < Crystal frequency <= 24 MHz
1327:C:\Program Files (x86)\Cypress\PSoC Creator\4.4\PSoC Creator\1\CapSense_CSD_P4_Design01.cydsn\Generated_Source\PSoC4\CyLib.c ****         * - \ref CY_SYS_CLK_ECO_RTRIM3       Crystal frequency <= 17 MHz
1328:C:\Program Files (x86)\Cypress\PSoC Creator\4.4\PSoC Creator\1\CapSense_CSD_P4_Design01.cydsn\Generated_Source\PSoC4\CyLib.c ****         *
1329:C:\Program Files (x86)\Cypress\PSoC Creator\4.4\PSoC Creator\1\CapSense_CSD_P4_Design01.cydsn\Generated_Source\PSoC4\CyLib.c ****         * \param gTrim: Amplifier gain trim. Calculate the minimum required gm
1330:C:\Program Files (x86)\Cypress\PSoC Creator\4.4\PSoC Creator\1\CapSense_CSD_P4_Design01.cydsn\Generated_Source\PSoC4\CyLib.c ****         * (trans-conductance value). Divide the calculated gm value by 4.5 to
1331:C:\Program Files (x86)\Cypress\PSoC Creator\4.4\PSoC Creator\1\CapSense_CSD_P4_Design01.cydsn\Generated_Source\PSoC4\CyLib.c ****         * obtain an integer value 'result'. For more information please refer
1332:C:\Program Files (x86)\Cypress\PSoC Creator\4.4\PSoC Creator\1\CapSense_CSD_P4_Design01.cydsn\Generated_Source\PSoC4\CyLib.c ****         * to the device TRM.
1333:C:\Program Files (x86)\Cypress\PSoC Creator\4.4\PSoC Creator\1\CapSense_CSD_P4_Design01.cydsn\Generated_Source\PSoC4\CyLib.c ****         * - \ref CY_SYS_CLK_ECO_GTRIM0       If result = 1
1334:C:\Program Files (x86)\Cypress\PSoC Creator\4.4\PSoC Creator\1\CapSense_CSD_P4_Design01.cydsn\Generated_Source\PSoC4\CyLib.c ****         * - \ref CY_SYS_CLK_ECO_GTRIM1       If result = 0
1335:C:\Program Files (x86)\Cypress\PSoC Creator\4.4\PSoC Creator\1\CapSense_CSD_P4_Design01.cydsn\Generated_Source\PSoC4\CyLib.c ****         * - \ref CY_SYS_CLK_ECO_GTRIM2       If result = 2
1336:C:\Program Files (x86)\Cypress\PSoC Creator\4.4\PSoC Creator\1\CapSense_CSD_P4_Design01.cydsn\Generated_Source\PSoC4\CyLib.c ****         * - \ref CY_SYS_CLK_ECO_GTRIM2       If result = 3
1337:C:\Program Files (x86)\Cypress\PSoC Creator\4.4\PSoC Creator\1\CapSense_CSD_P4_Design01.cydsn\Generated_Source\PSoC4\CyLib.c ****         *
1338:C:\Program Files (x86)\Cypress\PSoC Creator\4.4\PSoC Creator\1\CapSense_CSD_P4_Design01.cydsn\Generated_Source\PSoC4\CyLib.c ****         *******************************************************************************/
1339:C:\Program Files (x86)\Cypress\PSoC Creator\4.4\PSoC Creator\1\CapSense_CSD_P4_Design01.cydsn\Generated_Source\PSoC4\CyLib.c ****         void CySysClkConfigureEcoTrim(uint32 wDTrim, uint32 aTrim, uint32 fTrim, uint32 rTrim, uint
1340:C:\Program Files (x86)\Cypress\PSoC Creator\4.4\PSoC Creator\1\CapSense_CSD_P4_Design01.cydsn\Generated_Source\PSoC4\CyLib.c ****         {
1341:C:\Program Files (x86)\Cypress\PSoC Creator\4.4\PSoC Creator\1\CapSense_CSD_P4_Design01.cydsn\Generated_Source\PSoC4\CyLib.c ****             uint8  interruptState;
1342:C:\Program Files (x86)\Cypress\PSoC Creator\4.4\PSoC Creator\1\CapSense_CSD_P4_Design01.cydsn\Generated_Source\PSoC4\CyLib.c ****             uint32 regTmp;
1343:C:\Program Files (x86)\Cypress\PSoC Creator\4.4\PSoC Creator\1\CapSense_CSD_P4_Design01.cydsn\Generated_Source\PSoC4\CyLib.c **** 
1344:C:\Program Files (x86)\Cypress\PSoC Creator\4.4\PSoC Creator\1\CapSense_CSD_P4_Design01.cydsn\Generated_Source\PSoC4\CyLib.c ****             interruptState = CyEnterCriticalSection();
1345:C:\Program Files (x86)\Cypress\PSoC Creator\4.4\PSoC Creator\1\CapSense_CSD_P4_Design01.cydsn\Generated_Source\PSoC4\CyLib.c **** 
1346:C:\Program Files (x86)\Cypress\PSoC Creator\4.4\PSoC Creator\1\CapSense_CSD_P4_Design01.cydsn\Generated_Source\PSoC4\CyLib.c ****             regTmp  = CY_SYS_CLK_ECO_TRIM0_REG & ~(CY_SYS_CLK_ECO_TRIM0_WDTRIM_MASK | CY_SYS_CLK_EC
1347:C:\Program Files (x86)\Cypress\PSoC Creator\4.4\PSoC Creator\1\CapSense_CSD_P4_Design01.cydsn\Generated_Source\PSoC4\CyLib.c ****             regTmp |= ((uint32) (wDTrim << CY_SYS_CLK_ECO_TRIM0_WDTRIM_SHIFT) & CY_SYS_CLK_ECO_TRIM
1348:C:\Program Files (x86)\Cypress\PSoC Creator\4.4\PSoC Creator\1\CapSense_CSD_P4_Design01.cydsn\Generated_Source\PSoC4\CyLib.c ****             regTmp |= ((uint32) (aTrim << CY_SYS_CLK_ECO_TRIM0_ATRIM_SHIFT) & CY_SYS_CLK_ECO_TRIM0_
1349:C:\Program Files (x86)\Cypress\PSoC Creator\4.4\PSoC Creator\1\CapSense_CSD_P4_Design01.cydsn\Generated_Source\PSoC4\CyLib.c ****             CY_SYS_CLK_ECO_TRIM0_REG = regTmp;
1350:C:\Program Files (x86)\Cypress\PSoC Creator\4.4\PSoC Creator\1\CapSense_CSD_P4_Design01.cydsn\Generated_Source\PSoC4\CyLib.c **** 
1351:C:\Program Files (x86)\Cypress\PSoC Creator\4.4\PSoC Creator\1\CapSense_CSD_P4_Design01.cydsn\Generated_Source\PSoC4\CyLib.c ****             regTmp  = CY_SYS_CLK_ECO_TRIM1_REG & ~(CY_SYS_CLK_ECO_TRIM1_FTRIM_MASK |
1352:C:\Program Files (x86)\Cypress\PSoC Creator\4.4\PSoC Creator\1\CapSense_CSD_P4_Design01.cydsn\Generated_Source\PSoC4\CyLib.c ****                                                    CY_SYS_CLK_ECO_TRIM1_RTRIM_MASK |
1353:C:\Program Files (x86)\Cypress\PSoC Creator\4.4\PSoC Creator\1\CapSense_CSD_P4_Design01.cydsn\Generated_Source\PSoC4\CyLib.c ****                                                    CY_SYS_CLK_ECO_TRIM1_GTRIM_MASK);
1354:C:\Program Files (x86)\Cypress\PSoC Creator\4.4\PSoC Creator\1\CapSense_CSD_P4_Design01.cydsn\Generated_Source\PSoC4\CyLib.c ****             regTmp |= ((uint32) (fTrim << CY_SYS_CLK_ECO_TRIM1_FTRIM_SHIFT) & CY_SYS_CLK_ECO_TRIM1_
1355:C:\Program Files (x86)\Cypress\PSoC Creator\4.4\PSoC Creator\1\CapSense_CSD_P4_Design01.cydsn\Generated_Source\PSoC4\CyLib.c ****             regTmp |= ((uint32) (rTrim << CY_SYS_CLK_ECO_TRIM1_RTRIM_SHIFT) & CY_SYS_CLK_ECO_TRIM1_
1356:C:\Program Files (x86)\Cypress\PSoC Creator\4.4\PSoC Creator\1\CapSense_CSD_P4_Design01.cydsn\Generated_Source\PSoC4\CyLib.c ****             regTmp |= ((uint32) (gTrim << CY_SYS_CLK_ECO_TRIM1_GTRIM_SHIFT) & CY_SYS_CLK_ECO_TRIM1_
1357:C:\Program Files (x86)\Cypress\PSoC Creator\4.4\PSoC Creator\1\CapSense_CSD_P4_Design01.cydsn\Generated_Source\PSoC4\CyLib.c **** 
1358:C:\Program Files (x86)\Cypress\PSoC Creator\4.4\PSoC Creator\1\CapSense_CSD_P4_Design01.cydsn\Generated_Source\PSoC4\CyLib.c ****             CY_SYS_CLK_ECO_TRIM1_REG = regTmp;
1359:C:\Program Files (x86)\Cypress\PSoC Creator\4.4\PSoC Creator\1\CapSense_CSD_P4_Design01.cydsn\Generated_Source\PSoC4\CyLib.c **** 
1360:C:\Program Files (x86)\Cypress\PSoC Creator\4.4\PSoC Creator\1\CapSense_CSD_P4_Design01.cydsn\Generated_Source\PSoC4\CyLib.c ****             CyExitCriticalSection(interruptState);
1361:C:\Program Files (x86)\Cypress\PSoC Creator\4.4\PSoC Creator\1\CapSense_CSD_P4_Design01.cydsn\Generated_Source\PSoC4\CyLib.c ****         }
ARM GAS  C:\Users\taips\AppData\Local\Temp\ccbT16OQ.s 			page 38


1362:C:\Program Files (x86)\Cypress\PSoC Creator\4.4\PSoC Creator\1\CapSense_CSD_P4_Design01.cydsn\Generated_Source\PSoC4\CyLib.c **** 
1363:C:\Program Files (x86)\Cypress\PSoC Creator\4.4\PSoC Creator\1\CapSense_CSD_P4_Design01.cydsn\Generated_Source\PSoC4\CyLib.c **** 
1364:C:\Program Files (x86)\Cypress\PSoC Creator\4.4\PSoC Creator\1\CapSense_CSD_P4_Design01.cydsn\Generated_Source\PSoC4\CyLib.c ****         /*******************************************************************************
1365:C:\Program Files (x86)\Cypress\PSoC Creator\4.4\PSoC Creator\1\CapSense_CSD_P4_Design01.cydsn\Generated_Source\PSoC4\CyLib.c ****         * Function Name: CySysClkConfigureEcoDrive
1366:C:\Program Files (x86)\Cypress\PSoC Creator\4.4\PSoC Creator\1\CapSense_CSD_P4_Design01.cydsn\Generated_Source\PSoC4\CyLib.c ****         ****************************************************************************//**
1367:C:\Program Files (x86)\Cypress\PSoC Creator\4.4\PSoC Creator\1\CapSense_CSD_P4_Design01.cydsn\Generated_Source\PSoC4\CyLib.c ****         *
1368:C:\Program Files (x86)\Cypress\PSoC Creator\4.4\PSoC Creator\1\CapSense_CSD_P4_Design01.cydsn\Generated_Source\PSoC4\CyLib.c ****         * Selects trim setting values for ECO based on crystal parameters. Use care
1369:C:\Program Files (x86)\Cypress\PSoC Creator\4.4\PSoC Creator\1\CapSense_CSD_P4_Design01.cydsn\Generated_Source\PSoC4\CyLib.c ****         * when setting the driveLevel parameter because driving a crystal beyond its
1370:C:\Program Files (x86)\Cypress\PSoC Creator\4.4\PSoC Creator\1\CapSense_CSD_P4_Design01.cydsn\Generated_Source\PSoC4\CyLib.c ****         * rated limit can permanently damage the crystal.
1371:C:\Program Files (x86)\Cypress\PSoC Creator\4.4\PSoC Creator\1\CapSense_CSD_P4_Design01.cydsn\Generated_Source\PSoC4\CyLib.c ****         *
1372:C:\Program Files (x86)\Cypress\PSoC Creator\4.4\PSoC Creator\1\CapSense_CSD_P4_Design01.cydsn\Generated_Source\PSoC4\CyLib.c ****         * This API is available only for PSoC 4200L devices only.
1373:C:\Program Files (x86)\Cypress\PSoC Creator\4.4\PSoC Creator\1\CapSense_CSD_P4_Design01.cydsn\Generated_Source\PSoC4\CyLib.c ****         *
1374:C:\Program Files (x86)\Cypress\PSoC Creator\4.4\PSoC Creator\1\CapSense_CSD_P4_Design01.cydsn\Generated_Source\PSoC4\CyLib.c ****         * \param freq Frequency of the crystal in kHz.
1375:C:\Program Files (x86)\Cypress\PSoC Creator\4.4\PSoC Creator\1\CapSense_CSD_P4_Design01.cydsn\Generated_Source\PSoC4\CyLib.c ****         * \param cLoad Crystal load capacitance in pF.
1376:C:\Program Files (x86)\Cypress\PSoC Creator\4.4\PSoC Creator\1\CapSense_CSD_P4_Design01.cydsn\Generated_Source\PSoC4\CyLib.c ****         * \param esr Equivalent series resistance of the crystal in ohm.
1377:C:\Program Files (x86)\Cypress\PSoC Creator\4.4\PSoC Creator\1\CapSense_CSD_P4_Design01.cydsn\Generated_Source\PSoC4\CyLib.c ****         *  maxAmplitude: maximum amplitude level in mV. Calculate as
1378:C:\Program Files (x86)\Cypress\PSoC Creator\4.4\PSoC Creator\1\CapSense_CSD_P4_Design01.cydsn\Generated_Source\PSoC4\CyLib.c ****         *  ((sqrt(driveLevel in uW / 2 / esr))/(3.14 * freq * cLoad)) * 10^9.
1379:C:\Program Files (x86)\Cypress\PSoC Creator\4.4\PSoC Creator\1\CapSense_CSD_P4_Design01.cydsn\Generated_Source\PSoC4\CyLib.c ****         *
1380:C:\Program Files (x86)\Cypress\PSoC Creator\4.4\PSoC Creator\1\CapSense_CSD_P4_Design01.cydsn\Generated_Source\PSoC4\CyLib.c ****         *  The Automatic Gain Control (AGC) is disabled when the specified maximum
1381:C:\Program Files (x86)\Cypress\PSoC Creator\4.4\PSoC Creator\1\CapSense_CSD_P4_Design01.cydsn\Generated_Source\PSoC4\CyLib.c ****         *  amplitude level equals or above 2. In this case the amplitude is not
1382:C:\Program Files (x86)\Cypress\PSoC Creator\4.4\PSoC Creator\1\CapSense_CSD_P4_Design01.cydsn\Generated_Source\PSoC4\CyLib.c ****         *  explicitly controlled and will grow until it saturates to the supply rail
1383:C:\Program Files (x86)\Cypress\PSoC Creator\4.4\PSoC Creator\1\CapSense_CSD_P4_Design01.cydsn\Generated_Source\PSoC4\CyLib.c ****         *  (1.8V nom). WARNING: use care when disabling AGC because driving a crystal
1384:C:\Program Files (x86)\Cypress\PSoC Creator\4.4\PSoC Creator\1\CapSense_CSD_P4_Design01.cydsn\Generated_Source\PSoC4\CyLib.c ****         *  beyond its rated limit can permanently damage the crystal.
1385:C:\Program Files (x86)\Cypress\PSoC Creator\4.4\PSoC Creator\1\CapSense_CSD_P4_Design01.cydsn\Generated_Source\PSoC4\CyLib.c ****         *
1386:C:\Program Files (x86)\Cypress\PSoC Creator\4.4\PSoC Creator\1\CapSense_CSD_P4_Design01.cydsn\Generated_Source\PSoC4\CyLib.c ****         * \return \ref CYRET_SUCCESS ECO configuration completed successfully.
1387:C:\Program Files (x86)\Cypress\PSoC Creator\4.4\PSoC Creator\1\CapSense_CSD_P4_Design01.cydsn\Generated_Source\PSoC4\CyLib.c ****         * \return \ref CYRET_BAD_PARAM One or more invalid parameters.
1388:C:\Program Files (x86)\Cypress\PSoC Creator\4.4\PSoC Creator\1\CapSense_CSD_P4_Design01.cydsn\Generated_Source\PSoC4\CyLib.c ****         *
1389:C:\Program Files (x86)\Cypress\PSoC Creator\4.4\PSoC Creator\1\CapSense_CSD_P4_Design01.cydsn\Generated_Source\PSoC4\CyLib.c ****         *******************************************************************************/
1390:C:\Program Files (x86)\Cypress\PSoC Creator\4.4\PSoC Creator\1\CapSense_CSD_P4_Design01.cydsn\Generated_Source\PSoC4\CyLib.c ****         cystatus CySysClkConfigureEcoDrive(uint32 freq, uint32 cLoad, uint32 esr, uint32 maxAmplitu
1391:C:\Program Files (x86)\Cypress\PSoC Creator\4.4\PSoC Creator\1\CapSense_CSD_P4_Design01.cydsn\Generated_Source\PSoC4\CyLib.c ****         {
1392:C:\Program Files (x86)\Cypress\PSoC Creator\4.4\PSoC Creator\1\CapSense_CSD_P4_Design01.cydsn\Generated_Source\PSoC4\CyLib.c ****             cystatus returnStatus = CYRET_SUCCESS;
1393:C:\Program Files (x86)\Cypress\PSoC Creator\4.4\PSoC Creator\1\CapSense_CSD_P4_Design01.cydsn\Generated_Source\PSoC4\CyLib.c **** 
1394:C:\Program Files (x86)\Cypress\PSoC Creator\4.4\PSoC Creator\1\CapSense_CSD_P4_Design01.cydsn\Generated_Source\PSoC4\CyLib.c ****             uint32 wDTrim;
1395:C:\Program Files (x86)\Cypress\PSoC Creator\4.4\PSoC Creator\1\CapSense_CSD_P4_Design01.cydsn\Generated_Source\PSoC4\CyLib.c ****             uint32 aTrim;
1396:C:\Program Files (x86)\Cypress\PSoC Creator\4.4\PSoC Creator\1\CapSense_CSD_P4_Design01.cydsn\Generated_Source\PSoC4\CyLib.c ****             uint32 fTrim;
1397:C:\Program Files (x86)\Cypress\PSoC Creator\4.4\PSoC Creator\1\CapSense_CSD_P4_Design01.cydsn\Generated_Source\PSoC4\CyLib.c ****             uint32 rTrim;
1398:C:\Program Files (x86)\Cypress\PSoC Creator\4.4\PSoC Creator\1\CapSense_CSD_P4_Design01.cydsn\Generated_Source\PSoC4\CyLib.c ****             uint32 gTrim;
1399:C:\Program Files (x86)\Cypress\PSoC Creator\4.4\PSoC Creator\1\CapSense_CSD_P4_Design01.cydsn\Generated_Source\PSoC4\CyLib.c **** 
1400:C:\Program Files (x86)\Cypress\PSoC Creator\4.4\PSoC Creator\1\CapSense_CSD_P4_Design01.cydsn\Generated_Source\PSoC4\CyLib.c ****             uint32 gmMin;
1401:C:\Program Files (x86)\Cypress\PSoC Creator\4.4\PSoC Creator\1\CapSense_CSD_P4_Design01.cydsn\Generated_Source\PSoC4\CyLib.c **** 
1402:C:\Program Files (x86)\Cypress\PSoC Creator\4.4\PSoC Creator\1\CapSense_CSD_P4_Design01.cydsn\Generated_Source\PSoC4\CyLib.c **** 
1403:C:\Program Files (x86)\Cypress\PSoC Creator\4.4\PSoC Creator\1\CapSense_CSD_P4_Design01.cydsn\Generated_Source\PSoC4\CyLib.c ****             if ((maxAmplitude < CY_SYS_CLK_ECO_MAX_AMPL_MIN_mV) ||
1404:C:\Program Files (x86)\Cypress\PSoC Creator\4.4\PSoC Creator\1\CapSense_CSD_P4_Design01.cydsn\Generated_Source\PSoC4\CyLib.c ****                 (freq < CY_SYS_CLK_ECO_FREQ_KHZ_MIN) || (freq > CY_SYS_CLK_ECO_FREQ_KHZ_MAX))
1405:C:\Program Files (x86)\Cypress\PSoC Creator\4.4\PSoC Creator\1\CapSense_CSD_P4_Design01.cydsn\Generated_Source\PSoC4\CyLib.c ****             {
1406:C:\Program Files (x86)\Cypress\PSoC Creator\4.4\PSoC Creator\1\CapSense_CSD_P4_Design01.cydsn\Generated_Source\PSoC4\CyLib.c ****                 returnStatus = CYRET_BAD_PARAM;
1407:C:\Program Files (x86)\Cypress\PSoC Creator\4.4\PSoC Creator\1\CapSense_CSD_P4_Design01.cydsn\Generated_Source\PSoC4\CyLib.c ****             }
1408:C:\Program Files (x86)\Cypress\PSoC Creator\4.4\PSoC Creator\1\CapSense_CSD_P4_Design01.cydsn\Generated_Source\PSoC4\CyLib.c ****             else
1409:C:\Program Files (x86)\Cypress\PSoC Creator\4.4\PSoC Creator\1\CapSense_CSD_P4_Design01.cydsn\Generated_Source\PSoC4\CyLib.c ****             {
1410:C:\Program Files (x86)\Cypress\PSoC Creator\4.4\PSoC Creator\1\CapSense_CSD_P4_Design01.cydsn\Generated_Source\PSoC4\CyLib.c ****                 /* Calculate amplitude trim */
1411:C:\Program Files (x86)\Cypress\PSoC Creator\4.4\PSoC Creator\1\CapSense_CSD_P4_Design01.cydsn\Generated_Source\PSoC4\CyLib.c ****                 aTrim = (maxAmplitude < CY_SYS_CLK_ECO_TRIM_BOUNDARY) ? ((maxAmplitude/100u) - 4u) 
1412:C:\Program Files (x86)\Cypress\PSoC Creator\4.4\PSoC Creator\1\CapSense_CSD_P4_Design01.cydsn\Generated_Source\PSoC4\CyLib.c **** 
1413:C:\Program Files (x86)\Cypress\PSoC Creator\4.4\PSoC Creator\1\CapSense_CSD_P4_Design01.cydsn\Generated_Source\PSoC4\CyLib.c ****                 if (maxAmplitude < CY_SYS_CLK_ECO_AMPL_FOR_ATRIM0)
1414:C:\Program Files (x86)\Cypress\PSoC Creator\4.4\PSoC Creator\1\CapSense_CSD_P4_Design01.cydsn\Generated_Source\PSoC4\CyLib.c ****                 {
1415:C:\Program Files (x86)\Cypress\PSoC Creator\4.4\PSoC Creator\1\CapSense_CSD_P4_Design01.cydsn\Generated_Source\PSoC4\CyLib.c ****                     aTrim = CY_SYS_CLK_ECO_ATRIM0;
1416:C:\Program Files (x86)\Cypress\PSoC Creator\4.4\PSoC Creator\1\CapSense_CSD_P4_Design01.cydsn\Generated_Source\PSoC4\CyLib.c ****                 }
1417:C:\Program Files (x86)\Cypress\PSoC Creator\4.4\PSoC Creator\1\CapSense_CSD_P4_Design01.cydsn\Generated_Source\PSoC4\CyLib.c ****                 else if (maxAmplitude < CY_SYS_CLK_ECO_AMPL_FOR_ATRIM1)
1418:C:\Program Files (x86)\Cypress\PSoC Creator\4.4\PSoC Creator\1\CapSense_CSD_P4_Design01.cydsn\Generated_Source\PSoC4\CyLib.c ****                 {
ARM GAS  C:\Users\taips\AppData\Local\Temp\ccbT16OQ.s 			page 39


1419:C:\Program Files (x86)\Cypress\PSoC Creator\4.4\PSoC Creator\1\CapSense_CSD_P4_Design01.cydsn\Generated_Source\PSoC4\CyLib.c ****                     aTrim = CY_SYS_CLK_ECO_ATRIM1;
1420:C:\Program Files (x86)\Cypress\PSoC Creator\4.4\PSoC Creator\1\CapSense_CSD_P4_Design01.cydsn\Generated_Source\PSoC4\CyLib.c ****                 }
1421:C:\Program Files (x86)\Cypress\PSoC Creator\4.4\PSoC Creator\1\CapSense_CSD_P4_Design01.cydsn\Generated_Source\PSoC4\CyLib.c ****                 else if (maxAmplitude < CY_SYS_CLK_ECO_AMPL_FOR_ATRIM2)
1422:C:\Program Files (x86)\Cypress\PSoC Creator\4.4\PSoC Creator\1\CapSense_CSD_P4_Design01.cydsn\Generated_Source\PSoC4\CyLib.c ****                 {
1423:C:\Program Files (x86)\Cypress\PSoC Creator\4.4\PSoC Creator\1\CapSense_CSD_P4_Design01.cydsn\Generated_Source\PSoC4\CyLib.c ****                     aTrim = CY_SYS_CLK_ECO_ATRIM2;
1424:C:\Program Files (x86)\Cypress\PSoC Creator\4.4\PSoC Creator\1\CapSense_CSD_P4_Design01.cydsn\Generated_Source\PSoC4\CyLib.c ****                 }
1425:C:\Program Files (x86)\Cypress\PSoC Creator\4.4\PSoC Creator\1\CapSense_CSD_P4_Design01.cydsn\Generated_Source\PSoC4\CyLib.c ****                 else if (maxAmplitude < CY_SYS_CLK_ECO_AMPL_FOR_ATRIM3)
1426:C:\Program Files (x86)\Cypress\PSoC Creator\4.4\PSoC Creator\1\CapSense_CSD_P4_Design01.cydsn\Generated_Source\PSoC4\CyLib.c ****                 {
1427:C:\Program Files (x86)\Cypress\PSoC Creator\4.4\PSoC Creator\1\CapSense_CSD_P4_Design01.cydsn\Generated_Source\PSoC4\CyLib.c ****                     aTrim = CY_SYS_CLK_ECO_ATRIM3;
1428:C:\Program Files (x86)\Cypress\PSoC Creator\4.4\PSoC Creator\1\CapSense_CSD_P4_Design01.cydsn\Generated_Source\PSoC4\CyLib.c ****                 }
1429:C:\Program Files (x86)\Cypress\PSoC Creator\4.4\PSoC Creator\1\CapSense_CSD_P4_Design01.cydsn\Generated_Source\PSoC4\CyLib.c ****                 else if (maxAmplitude < CY_SYS_CLK_ECO_AMPL_FOR_ATRIM4)
1430:C:\Program Files (x86)\Cypress\PSoC Creator\4.4\PSoC Creator\1\CapSense_CSD_P4_Design01.cydsn\Generated_Source\PSoC4\CyLib.c ****                 {
1431:C:\Program Files (x86)\Cypress\PSoC Creator\4.4\PSoC Creator\1\CapSense_CSD_P4_Design01.cydsn\Generated_Source\PSoC4\CyLib.c ****                     aTrim = CY_SYS_CLK_ECO_ATRIM4;
1432:C:\Program Files (x86)\Cypress\PSoC Creator\4.4\PSoC Creator\1\CapSense_CSD_P4_Design01.cydsn\Generated_Source\PSoC4\CyLib.c ****                 }
1433:C:\Program Files (x86)\Cypress\PSoC Creator\4.4\PSoC Creator\1\CapSense_CSD_P4_Design01.cydsn\Generated_Source\PSoC4\CyLib.c ****                 else if (maxAmplitude < CY_SYS_CLK_ECO_AMPL_FOR_ATRIM5)
1434:C:\Program Files (x86)\Cypress\PSoC Creator\4.4\PSoC Creator\1\CapSense_CSD_P4_Design01.cydsn\Generated_Source\PSoC4\CyLib.c ****                 {
1435:C:\Program Files (x86)\Cypress\PSoC Creator\4.4\PSoC Creator\1\CapSense_CSD_P4_Design01.cydsn\Generated_Source\PSoC4\CyLib.c ****                     aTrim = CY_SYS_CLK_ECO_ATRIM5;
1436:C:\Program Files (x86)\Cypress\PSoC Creator\4.4\PSoC Creator\1\CapSense_CSD_P4_Design01.cydsn\Generated_Source\PSoC4\CyLib.c ****                 }
1437:C:\Program Files (x86)\Cypress\PSoC Creator\4.4\PSoC Creator\1\CapSense_CSD_P4_Design01.cydsn\Generated_Source\PSoC4\CyLib.c ****                 else if (maxAmplitude < CY_SYS_CLK_ECO_AMPL_FOR_ATRIM6)
1438:C:\Program Files (x86)\Cypress\PSoC Creator\4.4\PSoC Creator\1\CapSense_CSD_P4_Design01.cydsn\Generated_Source\PSoC4\CyLib.c ****                 {
1439:C:\Program Files (x86)\Cypress\PSoC Creator\4.4\PSoC Creator\1\CapSense_CSD_P4_Design01.cydsn\Generated_Source\PSoC4\CyLib.c ****                     aTrim = CY_SYS_CLK_ECO_ATRIM6;
1440:C:\Program Files (x86)\Cypress\PSoC Creator\4.4\PSoC Creator\1\CapSense_CSD_P4_Design01.cydsn\Generated_Source\PSoC4\CyLib.c ****                 }
1441:C:\Program Files (x86)\Cypress\PSoC Creator\4.4\PSoC Creator\1\CapSense_CSD_P4_Design01.cydsn\Generated_Source\PSoC4\CyLib.c ****                 else
1442:C:\Program Files (x86)\Cypress\PSoC Creator\4.4\PSoC Creator\1\CapSense_CSD_P4_Design01.cydsn\Generated_Source\PSoC4\CyLib.c ****                 {
1443:C:\Program Files (x86)\Cypress\PSoC Creator\4.4\PSoC Creator\1\CapSense_CSD_P4_Design01.cydsn\Generated_Source\PSoC4\CyLib.c ****                     aTrim = CY_SYS_CLK_ECO_ATRIM7;
1444:C:\Program Files (x86)\Cypress\PSoC Creator\4.4\PSoC Creator\1\CapSense_CSD_P4_Design01.cydsn\Generated_Source\PSoC4\CyLib.c ****                 }
1445:C:\Program Files (x86)\Cypress\PSoC Creator\4.4\PSoC Creator\1\CapSense_CSD_P4_Design01.cydsn\Generated_Source\PSoC4\CyLib.c **** 
1446:C:\Program Files (x86)\Cypress\PSoC Creator\4.4\PSoC Creator\1\CapSense_CSD_P4_Design01.cydsn\Generated_Source\PSoC4\CyLib.c ****                 /* Calculate Watchdog trim. */
1447:C:\Program Files (x86)\Cypress\PSoC Creator\4.4\PSoC Creator\1\CapSense_CSD_P4_Design01.cydsn\Generated_Source\PSoC4\CyLib.c ****                 wDTrim = (maxAmplitude < CY_SYS_CLK_ECO_TRIM_BOUNDARY) ? ((maxAmplitude/200u) - 2u)
1448:C:\Program Files (x86)\Cypress\PSoC Creator\4.4\PSoC Creator\1\CapSense_CSD_P4_Design01.cydsn\Generated_Source\PSoC4\CyLib.c **** 
1449:C:\Program Files (x86)\Cypress\PSoC Creator\4.4\PSoC Creator\1\CapSense_CSD_P4_Design01.cydsn\Generated_Source\PSoC4\CyLib.c ****                 /* Calculate amplifier gain trim. */
1450:C:\Program Files (x86)\Cypress\PSoC Creator\4.4\PSoC Creator\1\CapSense_CSD_P4_Design01.cydsn\Generated_Source\PSoC4\CyLib.c ****                 gmMin = (uint32) (((((CY_SYS_CLK_ECO_GMMIN_COEFFICIENT * freq * cLoad) / 1000) * ((
1451:C:\Program Files (x86)\Cypress\PSoC Creator\4.4\PSoC Creator\1\CapSense_CSD_P4_Design01.cydsn\Generated_Source\PSoC4\CyLib.c ****                 if (gmMin > 3u)
1452:C:\Program Files (x86)\Cypress\PSoC Creator\4.4\PSoC Creator\1\CapSense_CSD_P4_Design01.cydsn\Generated_Source\PSoC4\CyLib.c ****                 {
1453:C:\Program Files (x86)\Cypress\PSoC Creator\4.4\PSoC Creator\1\CapSense_CSD_P4_Design01.cydsn\Generated_Source\PSoC4\CyLib.c ****                     returnStatus = CYRET_BAD_PARAM;
1454:C:\Program Files (x86)\Cypress\PSoC Creator\4.4\PSoC Creator\1\CapSense_CSD_P4_Design01.cydsn\Generated_Source\PSoC4\CyLib.c ****                     gTrim = 0u;
1455:C:\Program Files (x86)\Cypress\PSoC Creator\4.4\PSoC Creator\1\CapSense_CSD_P4_Design01.cydsn\Generated_Source\PSoC4\CyLib.c ****                 }
1456:C:\Program Files (x86)\Cypress\PSoC Creator\4.4\PSoC Creator\1\CapSense_CSD_P4_Design01.cydsn\Generated_Source\PSoC4\CyLib.c ****                 else if (gmMin > 1u)
1457:C:\Program Files (x86)\Cypress\PSoC Creator\4.4\PSoC Creator\1\CapSense_CSD_P4_Design01.cydsn\Generated_Source\PSoC4\CyLib.c ****                 {
1458:C:\Program Files (x86)\Cypress\PSoC Creator\4.4\PSoC Creator\1\CapSense_CSD_P4_Design01.cydsn\Generated_Source\PSoC4\CyLib.c ****                     gTrim = gmMin;
1459:C:\Program Files (x86)\Cypress\PSoC Creator\4.4\PSoC Creator\1\CapSense_CSD_P4_Design01.cydsn\Generated_Source\PSoC4\CyLib.c ****                 }
1460:C:\Program Files (x86)\Cypress\PSoC Creator\4.4\PSoC Creator\1\CapSense_CSD_P4_Design01.cydsn\Generated_Source\PSoC4\CyLib.c ****                 else
1461:C:\Program Files (x86)\Cypress\PSoC Creator\4.4\PSoC Creator\1\CapSense_CSD_P4_Design01.cydsn\Generated_Source\PSoC4\CyLib.c ****                 {
1462:C:\Program Files (x86)\Cypress\PSoC Creator\4.4\PSoC Creator\1\CapSense_CSD_P4_Design01.cydsn\Generated_Source\PSoC4\CyLib.c ****                     gTrim = (gmMin == 1u) ? 0u : 1u;
1463:C:\Program Files (x86)\Cypress\PSoC Creator\4.4\PSoC Creator\1\CapSense_CSD_P4_Design01.cydsn\Generated_Source\PSoC4\CyLib.c ****                 }
1464:C:\Program Files (x86)\Cypress\PSoC Creator\4.4\PSoC Creator\1\CapSense_CSD_P4_Design01.cydsn\Generated_Source\PSoC4\CyLib.c **** 
1465:C:\Program Files (x86)\Cypress\PSoC Creator\4.4\PSoC Creator\1\CapSense_CSD_P4_Design01.cydsn\Generated_Source\PSoC4\CyLib.c ****                 /* Calculate feedback resistor trim */
1466:C:\Program Files (x86)\Cypress\PSoC Creator\4.4\PSoC Creator\1\CapSense_CSD_P4_Design01.cydsn\Generated_Source\PSoC4\CyLib.c ****                 if (freq > CY_SYS_CLK_ECO_FREQ_FOR_FTRIM0)
1467:C:\Program Files (x86)\Cypress\PSoC Creator\4.4\PSoC Creator\1\CapSense_CSD_P4_Design01.cydsn\Generated_Source\PSoC4\CyLib.c ****                 {
1468:C:\Program Files (x86)\Cypress\PSoC Creator\4.4\PSoC Creator\1\CapSense_CSD_P4_Design01.cydsn\Generated_Source\PSoC4\CyLib.c ****                     rTrim = CY_SYS_CLK_ECO_FTRIM0;
1469:C:\Program Files (x86)\Cypress\PSoC Creator\4.4\PSoC Creator\1\CapSense_CSD_P4_Design01.cydsn\Generated_Source\PSoC4\CyLib.c ****                 }
1470:C:\Program Files (x86)\Cypress\PSoC Creator\4.4\PSoC Creator\1\CapSense_CSD_P4_Design01.cydsn\Generated_Source\PSoC4\CyLib.c ****                 else if (freq > CY_SYS_CLK_ECO_FREQ_FOR_FTRIM1)
1471:C:\Program Files (x86)\Cypress\PSoC Creator\4.4\PSoC Creator\1\CapSense_CSD_P4_Design01.cydsn\Generated_Source\PSoC4\CyLib.c ****                 {
1472:C:\Program Files (x86)\Cypress\PSoC Creator\4.4\PSoC Creator\1\CapSense_CSD_P4_Design01.cydsn\Generated_Source\PSoC4\CyLib.c ****                     rTrim = CY_SYS_CLK_ECO_FTRIM1;
1473:C:\Program Files (x86)\Cypress\PSoC Creator\4.4\PSoC Creator\1\CapSense_CSD_P4_Design01.cydsn\Generated_Source\PSoC4\CyLib.c ****                 }
1474:C:\Program Files (x86)\Cypress\PSoC Creator\4.4\PSoC Creator\1\CapSense_CSD_P4_Design01.cydsn\Generated_Source\PSoC4\CyLib.c ****                 else if (freq > CY_SYS_CLK_ECO_FREQ_FOR_FTRIM2)
1475:C:\Program Files (x86)\Cypress\PSoC Creator\4.4\PSoC Creator\1\CapSense_CSD_P4_Design01.cydsn\Generated_Source\PSoC4\CyLib.c ****                 {
ARM GAS  C:\Users\taips\AppData\Local\Temp\ccbT16OQ.s 			page 40


1476:C:\Program Files (x86)\Cypress\PSoC Creator\4.4\PSoC Creator\1\CapSense_CSD_P4_Design01.cydsn\Generated_Source\PSoC4\CyLib.c ****                     rTrim = CY_SYS_CLK_ECO_FTRIM2;
1477:C:\Program Files (x86)\Cypress\PSoC Creator\4.4\PSoC Creator\1\CapSense_CSD_P4_Design01.cydsn\Generated_Source\PSoC4\CyLib.c ****                 }
1478:C:\Program Files (x86)\Cypress\PSoC Creator\4.4\PSoC Creator\1\CapSense_CSD_P4_Design01.cydsn\Generated_Source\PSoC4\CyLib.c ****                 else
1479:C:\Program Files (x86)\Cypress\PSoC Creator\4.4\PSoC Creator\1\CapSense_CSD_P4_Design01.cydsn\Generated_Source\PSoC4\CyLib.c ****                 {
1480:C:\Program Files (x86)\Cypress\PSoC Creator\4.4\PSoC Creator\1\CapSense_CSD_P4_Design01.cydsn\Generated_Source\PSoC4\CyLib.c ****                     rTrim = CY_SYS_CLK_ECO_FTRIM3;
1481:C:\Program Files (x86)\Cypress\PSoC Creator\4.4\PSoC Creator\1\CapSense_CSD_P4_Design01.cydsn\Generated_Source\PSoC4\CyLib.c ****                 }
1482:C:\Program Files (x86)\Cypress\PSoC Creator\4.4\PSoC Creator\1\CapSense_CSD_P4_Design01.cydsn\Generated_Source\PSoC4\CyLib.c **** 
1483:C:\Program Files (x86)\Cypress\PSoC Creator\4.4\PSoC Creator\1\CapSense_CSD_P4_Design01.cydsn\Generated_Source\PSoC4\CyLib.c ****                 /* Calculate filter frequency trim */
1484:C:\Program Files (x86)\Cypress\PSoC Creator\4.4\PSoC Creator\1\CapSense_CSD_P4_Design01.cydsn\Generated_Source\PSoC4\CyLib.c ****                 fTrim = rTrim;
1485:C:\Program Files (x86)\Cypress\PSoC Creator\4.4\PSoC Creator\1\CapSense_CSD_P4_Design01.cydsn\Generated_Source\PSoC4\CyLib.c **** 
1486:C:\Program Files (x86)\Cypress\PSoC Creator\4.4\PSoC Creator\1\CapSense_CSD_P4_Design01.cydsn\Generated_Source\PSoC4\CyLib.c ****                 CySysClkConfigureEcoTrim(wDTrim, aTrim, fTrim, rTrim, gTrim);
1487:C:\Program Files (x86)\Cypress\PSoC Creator\4.4\PSoC Creator\1\CapSense_CSD_P4_Design01.cydsn\Generated_Source\PSoC4\CyLib.c **** 
1488:C:\Program Files (x86)\Cypress\PSoC Creator\4.4\PSoC Creator\1\CapSense_CSD_P4_Design01.cydsn\Generated_Source\PSoC4\CyLib.c ****                 /* Automatic Gain Control (AGC) enable */
1489:C:\Program Files (x86)\Cypress\PSoC Creator\4.4\PSoC Creator\1\CapSense_CSD_P4_Design01.cydsn\Generated_Source\PSoC4\CyLib.c ****                 if (maxAmplitude < 2u)
1490:C:\Program Files (x86)\Cypress\PSoC Creator\4.4\PSoC Creator\1\CapSense_CSD_P4_Design01.cydsn\Generated_Source\PSoC4\CyLib.c ****                 {
1491:C:\Program Files (x86)\Cypress\PSoC Creator\4.4\PSoC Creator\1\CapSense_CSD_P4_Design01.cydsn\Generated_Source\PSoC4\CyLib.c ****                     /* The oscillation amplitude is controlled to the level selected by amplitude t
1492:C:\Program Files (x86)\Cypress\PSoC Creator\4.4\PSoC Creator\1\CapSense_CSD_P4_Design01.cydsn\Generated_Source\PSoC4\CyLib.c ****                     CY_SYS_CLK_ECO_CONFIG_REG |= CY_SYS_CLK_ECO_CONFIG_AGC_EN;
1493:C:\Program Files (x86)\Cypress\PSoC Creator\4.4\PSoC Creator\1\CapSense_CSD_P4_Design01.cydsn\Generated_Source\PSoC4\CyLib.c ****                 }
1494:C:\Program Files (x86)\Cypress\PSoC Creator\4.4\PSoC Creator\1\CapSense_CSD_P4_Design01.cydsn\Generated_Source\PSoC4\CyLib.c ****                 else
1495:C:\Program Files (x86)\Cypress\PSoC Creator\4.4\PSoC Creator\1\CapSense_CSD_P4_Design01.cydsn\Generated_Source\PSoC4\CyLib.c ****                 {
1496:C:\Program Files (x86)\Cypress\PSoC Creator\4.4\PSoC Creator\1\CapSense_CSD_P4_Design01.cydsn\Generated_Source\PSoC4\CyLib.c ****                     /* The amplitude is not explicitly controlled and will grow until it saturates 
1497:C:\Program Files (x86)\Cypress\PSoC Creator\4.4\PSoC Creator\1\CapSense_CSD_P4_Design01.cydsn\Generated_Source\PSoC4\CyLib.c ****                     * supply rail (1.8V nom).
1498:C:\Program Files (x86)\Cypress\PSoC Creator\4.4\PSoC Creator\1\CapSense_CSD_P4_Design01.cydsn\Generated_Source\PSoC4\CyLib.c ****                     */
1499:C:\Program Files (x86)\Cypress\PSoC Creator\4.4\PSoC Creator\1\CapSense_CSD_P4_Design01.cydsn\Generated_Source\PSoC4\CyLib.c ****                     CY_SYS_CLK_ECO_CONFIG_REG &= (uint32) ~CY_SYS_CLK_ECO_CONFIG_AGC_EN;
1500:C:\Program Files (x86)\Cypress\PSoC Creator\4.4\PSoC Creator\1\CapSense_CSD_P4_Design01.cydsn\Generated_Source\PSoC4\CyLib.c ****                 }
1501:C:\Program Files (x86)\Cypress\PSoC Creator\4.4\PSoC Creator\1\CapSense_CSD_P4_Design01.cydsn\Generated_Source\PSoC4\CyLib.c ****             }
1502:C:\Program Files (x86)\Cypress\PSoC Creator\4.4\PSoC Creator\1\CapSense_CSD_P4_Design01.cydsn\Generated_Source\PSoC4\CyLib.c **** 
1503:C:\Program Files (x86)\Cypress\PSoC Creator\4.4\PSoC Creator\1\CapSense_CSD_P4_Design01.cydsn\Generated_Source\PSoC4\CyLib.c ****             return (returnStatus);
1504:C:\Program Files (x86)\Cypress\PSoC Creator\4.4\PSoC Creator\1\CapSense_CSD_P4_Design01.cydsn\Generated_Source\PSoC4\CyLib.c ****         }
1505:C:\Program Files (x86)\Cypress\PSoC Creator\4.4\PSoC Creator\1\CapSense_CSD_P4_Design01.cydsn\Generated_Source\PSoC4\CyLib.c **** 
1506:C:\Program Files (x86)\Cypress\PSoC Creator\4.4\PSoC Creator\1\CapSense_CSD_P4_Design01.cydsn\Generated_Source\PSoC4\CyLib.c ****     #endif /* CY_IP_ECO_BLESS */
1507:C:\Program Files (x86)\Cypress\PSoC Creator\4.4\PSoC Creator\1\CapSense_CSD_P4_Design01.cydsn\Generated_Source\PSoC4\CyLib.c **** 
1508:C:\Program Files (x86)\Cypress\PSoC Creator\4.4\PSoC Creator\1\CapSense_CSD_P4_Design01.cydsn\Generated_Source\PSoC4\CyLib.c **** #endif /* (CY_IP_ECO) */
1509:C:\Program Files (x86)\Cypress\PSoC Creator\4.4\PSoC Creator\1\CapSense_CSD_P4_Design01.cydsn\Generated_Source\PSoC4\CyLib.c **** 
1510:C:\Program Files (x86)\Cypress\PSoC Creator\4.4\PSoC Creator\1\CapSense_CSD_P4_Design01.cydsn\Generated_Source\PSoC4\CyLib.c **** 
1511:C:\Program Files (x86)\Cypress\PSoC Creator\4.4\PSoC Creator\1\CapSense_CSD_P4_Design01.cydsn\Generated_Source\PSoC4\CyLib.c **** #if (CY_IP_SRSSV2 && CY_IP_PLL)
1512:C:\Program Files (x86)\Cypress\PSoC Creator\4.4\PSoC Creator\1\CapSense_CSD_P4_Design01.cydsn\Generated_Source\PSoC4\CyLib.c ****     /*******************************************************************************
1513:C:\Program Files (x86)\Cypress\PSoC Creator\4.4\PSoC Creator\1\CapSense_CSD_P4_Design01.cydsn\Generated_Source\PSoC4\CyLib.c ****     * Function Name: CySysClkPllStart
1514:C:\Program Files (x86)\Cypress\PSoC Creator\4.4\PSoC Creator\1\CapSense_CSD_P4_Design01.cydsn\Generated_Source\PSoC4\CyLib.c ****     ****************************************************************************//**
1515:C:\Program Files (x86)\Cypress\PSoC Creator\4.4\PSoC Creator\1\CapSense_CSD_P4_Design01.cydsn\Generated_Source\PSoC4\CyLib.c ****     *
1516:C:\Program Files (x86)\Cypress\PSoC Creator\4.4\PSoC Creator\1\CapSense_CSD_P4_Design01.cydsn\Generated_Source\PSoC4\CyLib.c ****     * Enables the PLL. Optionally waits for it to become stable. Waits at least
1517:C:\Program Files (x86)\Cypress\PSoC Creator\4.4\PSoC Creator\1\CapSense_CSD_P4_Design01.cydsn\Generated_Source\PSoC4\CyLib.c ****     * 250 us or until it is detected that the PLL is stable.
1518:C:\Program Files (x86)\Cypress\PSoC Creator\4.4\PSoC Creator\1\CapSense_CSD_P4_Design01.cydsn\Generated_Source\PSoC4\CyLib.c ****     *
1519:C:\Program Files (x86)\Cypress\PSoC Creator\4.4\PSoC Creator\1\CapSense_CSD_P4_Design01.cydsn\Generated_Source\PSoC4\CyLib.c ****     * Clears the unlock occurred status bit by calling CySysClkPllGetUnlockStatus(),
1520:C:\Program Files (x86)\Cypress\PSoC Creator\4.4\PSoC Creator\1\CapSense_CSD_P4_Design01.cydsn\Generated_Source\PSoC4\CyLib.c ****     * once the PLL is locked if the wait parameter is 1).
1521:C:\Program Files (x86)\Cypress\PSoC Creator\4.4\PSoC Creator\1\CapSense_CSD_P4_Design01.cydsn\Generated_Source\PSoC4\CyLib.c ****     *
1522:C:\Program Files (x86)\Cypress\PSoC Creator\4.4\PSoC Creator\1\CapSense_CSD_P4_Design01.cydsn\Generated_Source\PSoC4\CyLib.c ****     * This API is available only for PSoC 4200L devices.
1523:C:\Program Files (x86)\Cypress\PSoC Creator\4.4\PSoC Creator\1\CapSense_CSD_P4_Design01.cydsn\Generated_Source\PSoC4\CyLib.c ****     *
1524:C:\Program Files (x86)\Cypress\PSoC Creator\4.4\PSoC Creator\1\CapSense_CSD_P4_Design01.cydsn\Generated_Source\PSoC4\CyLib.c ****     * \param PLL:
1525:C:\Program Files (x86)\Cypress\PSoC Creator\4.4\PSoC Creator\1\CapSense_CSD_P4_Design01.cydsn\Generated_Source\PSoC4\CyLib.c ****     * 0   PLL#0
1526:C:\Program Files (x86)\Cypress\PSoC Creator\4.4\PSoC Creator\1\CapSense_CSD_P4_Design01.cydsn\Generated_Source\PSoC4\CyLib.c ****     * 1   PLL#1
1527:C:\Program Files (x86)\Cypress\PSoC Creator\4.4\PSoC Creator\1\CapSense_CSD_P4_Design01.cydsn\Generated_Source\PSoC4\CyLib.c ****     *
1528:C:\Program Files (x86)\Cypress\PSoC Creator\4.4\PSoC Creator\1\CapSense_CSD_P4_Design01.cydsn\Generated_Source\PSoC4\CyLib.c ****     * \param wait:
1529:C:\Program Files (x86)\Cypress\PSoC Creator\4.4\PSoC Creator\1\CapSense_CSD_P4_Design01.cydsn\Generated_Source\PSoC4\CyLib.c ****     * 0 - Return immediately after configuration.
1530:C:\Program Files (x86)\Cypress\PSoC Creator\4.4\PSoC Creator\1\CapSense_CSD_P4_Design01.cydsn\Generated_Source\PSoC4\CyLib.c ****     * 1 - Wait for PLL lock or timeout. This API shall use the CyDelayUs() to
1531:C:\Program Files (x86)\Cypress\PSoC Creator\4.4\PSoC Creator\1\CapSense_CSD_P4_Design01.cydsn\Generated_Source\PSoC4\CyLib.c ****     * implement the timeout feature.
1532:C:\Program Files (x86)\Cypress\PSoC Creator\4.4\PSoC Creator\1\CapSense_CSD_P4_Design01.cydsn\Generated_Source\PSoC4\CyLib.c ****     *
ARM GAS  C:\Users\taips\AppData\Local\Temp\ccbT16OQ.s 			page 41


1533:C:\Program Files (x86)\Cypress\PSoC Creator\4.4\PSoC Creator\1\CapSense_CSD_P4_Design01.cydsn\Generated_Source\PSoC4\CyLib.c ****     * \return CYRET_SUCCESS Completed successfully.
1534:C:\Program Files (x86)\Cypress\PSoC Creator\4.4\PSoC Creator\1\CapSense_CSD_P4_Design01.cydsn\Generated_Source\PSoC4\CyLib.c ****     * \return CYRET_TIMEOUT The timeout occurred without detecting a stable clock.
1535:C:\Program Files (x86)\Cypress\PSoC Creator\4.4\PSoC Creator\1\CapSense_CSD_P4_Design01.cydsn\Generated_Source\PSoC4\CyLib.c ****     * If the input source of the clock is jittery, then the lock indication may
1536:C:\Program Files (x86)\Cypress\PSoC Creator\4.4\PSoC Creator\1\CapSense_CSD_P4_Design01.cydsn\Generated_Source\PSoC4\CyLib.c ****     * not occur. However, after the timeout has expired, the generated PLL clock can
1537:C:\Program Files (x86)\Cypress\PSoC Creator\4.4\PSoC Creator\1\CapSense_CSD_P4_Design01.cydsn\Generated_Source\PSoC4\CyLib.c ****     * still be used.
1538:C:\Program Files (x86)\Cypress\PSoC Creator\4.4\PSoC Creator\1\CapSense_CSD_P4_Design01.cydsn\Generated_Source\PSoC4\CyLib.c ****     * \return CYRET_BAD_PARAM - Either the PLL or wait parameter is invalid.
1539:C:\Program Files (x86)\Cypress\PSoC Creator\4.4\PSoC Creator\1\CapSense_CSD_P4_Design01.cydsn\Generated_Source\PSoC4\CyLib.c ****     *
1540:C:\Program Files (x86)\Cypress\PSoC Creator\4.4\PSoC Creator\1\CapSense_CSD_P4_Design01.cydsn\Generated_Source\PSoC4\CyLib.c ****     *******************************************************************************/
1541:C:\Program Files (x86)\Cypress\PSoC Creator\4.4\PSoC Creator\1\CapSense_CSD_P4_Design01.cydsn\Generated_Source\PSoC4\CyLib.c ****     cystatus CySysClkPllStart(uint32 pll, uint32 wait)
1542:C:\Program Files (x86)\Cypress\PSoC Creator\4.4\PSoC Creator\1\CapSense_CSD_P4_Design01.cydsn\Generated_Source\PSoC4\CyLib.c ****     {
1543:C:\Program Files (x86)\Cypress\PSoC Creator\4.4\PSoC Creator\1\CapSense_CSD_P4_Design01.cydsn\Generated_Source\PSoC4\CyLib.c ****         uint32 counts = CY_SYS_CLK_PLL_MAX_STARTUP_US;
1544:C:\Program Files (x86)\Cypress\PSoC Creator\4.4\PSoC Creator\1\CapSense_CSD_P4_Design01.cydsn\Generated_Source\PSoC4\CyLib.c ****         uint8  interruptState;
1545:C:\Program Files (x86)\Cypress\PSoC Creator\4.4\PSoC Creator\1\CapSense_CSD_P4_Design01.cydsn\Generated_Source\PSoC4\CyLib.c ****         cystatus returnStatus = CYRET_SUCCESS;
1546:C:\Program Files (x86)\Cypress\PSoC Creator\4.4\PSoC Creator\1\CapSense_CSD_P4_Design01.cydsn\Generated_Source\PSoC4\CyLib.c **** 
1547:C:\Program Files (x86)\Cypress\PSoC Creator\4.4\PSoC Creator\1\CapSense_CSD_P4_Design01.cydsn\Generated_Source\PSoC4\CyLib.c ****         if((pll < CY_IP_PLL_NR) && (wait <= 1u))
1548:C:\Program Files (x86)\Cypress\PSoC Creator\4.4\PSoC Creator\1\CapSense_CSD_P4_Design01.cydsn\Generated_Source\PSoC4\CyLib.c ****         {
1549:C:\Program Files (x86)\Cypress\PSoC Creator\4.4\PSoC Creator\1\CapSense_CSD_P4_Design01.cydsn\Generated_Source\PSoC4\CyLib.c ****             interruptState = CyEnterCriticalSection();
1550:C:\Program Files (x86)\Cypress\PSoC Creator\4.4\PSoC Creator\1\CapSense_CSD_P4_Design01.cydsn\Generated_Source\PSoC4\CyLib.c **** 
1551:C:\Program Files (x86)\Cypress\PSoC Creator\4.4\PSoC Creator\1\CapSense_CSD_P4_Design01.cydsn\Generated_Source\PSoC4\CyLib.c ****             /* Isolate PLL outputs */
1552:C:\Program Files (x86)\Cypress\PSoC Creator\4.4\PSoC Creator\1\CapSense_CSD_P4_Design01.cydsn\Generated_Source\PSoC4\CyLib.c ****             CY_SYS_CLK_PLL_BASE.pll[pll].config &= (uint32) ~CY_SYS_CLK_PLL_CONFIG_ISOLATE;
1553:C:\Program Files (x86)\Cypress\PSoC Creator\4.4\PSoC Creator\1\CapSense_CSD_P4_Design01.cydsn\Generated_Source\PSoC4\CyLib.c **** 
1554:C:\Program Files (x86)\Cypress\PSoC Creator\4.4\PSoC Creator\1\CapSense_CSD_P4_Design01.cydsn\Generated_Source\PSoC4\CyLib.c ****             /* Enable PLL */
1555:C:\Program Files (x86)\Cypress\PSoC Creator\4.4\PSoC Creator\1\CapSense_CSD_P4_Design01.cydsn\Generated_Source\PSoC4\CyLib.c ****             CY_SYS_CLK_PLL_BASE.pll[pll].config |= CY_SYS_CLK_PLL_CONFIG_ENABLE;
1556:C:\Program Files (x86)\Cypress\PSoC Creator\4.4\PSoC Creator\1\CapSense_CSD_P4_Design01.cydsn\Generated_Source\PSoC4\CyLib.c **** 
1557:C:\Program Files (x86)\Cypress\PSoC Creator\4.4\PSoC Creator\1\CapSense_CSD_P4_Design01.cydsn\Generated_Source\PSoC4\CyLib.c ****             CyExitCriticalSection(interruptState);
1558:C:\Program Files (x86)\Cypress\PSoC Creator\4.4\PSoC Creator\1\CapSense_CSD_P4_Design01.cydsn\Generated_Source\PSoC4\CyLib.c **** 
1559:C:\Program Files (x86)\Cypress\PSoC Creator\4.4\PSoC Creator\1\CapSense_CSD_P4_Design01.cydsn\Generated_Source\PSoC4\CyLib.c ****             /* De-isolate >= CY_SYS_CLK_PLL_MIN_STARTUP_US after PLL enabled */
1560:C:\Program Files (x86)\Cypress\PSoC Creator\4.4\PSoC Creator\1\CapSense_CSD_P4_Design01.cydsn\Generated_Source\PSoC4\CyLib.c ****             CyDelayUs(CY_SYS_CLK_PLL_MIN_STARTUP_US);
1561:C:\Program Files (x86)\Cypress\PSoC Creator\4.4\PSoC Creator\1\CapSense_CSD_P4_Design01.cydsn\Generated_Source\PSoC4\CyLib.c ****             interruptState = CyEnterCriticalSection();
1562:C:\Program Files (x86)\Cypress\PSoC Creator\4.4\PSoC Creator\1\CapSense_CSD_P4_Design01.cydsn\Generated_Source\PSoC4\CyLib.c ****             CY_SYS_CLK_PLL_BASE.pll[pll].config |= CY_SYS_CLK_PLL_CONFIG_ISOLATE;
1563:C:\Program Files (x86)\Cypress\PSoC Creator\4.4\PSoC Creator\1\CapSense_CSD_P4_Design01.cydsn\Generated_Source\PSoC4\CyLib.c ****             CyExitCriticalSection(interruptState);
1564:C:\Program Files (x86)\Cypress\PSoC Creator\4.4\PSoC Creator\1\CapSense_CSD_P4_Design01.cydsn\Generated_Source\PSoC4\CyLib.c **** 
1565:C:\Program Files (x86)\Cypress\PSoC Creator\4.4\PSoC Creator\1\CapSense_CSD_P4_Design01.cydsn\Generated_Source\PSoC4\CyLib.c ****             if(wait != 0u)
1566:C:\Program Files (x86)\Cypress\PSoC Creator\4.4\PSoC Creator\1\CapSense_CSD_P4_Design01.cydsn\Generated_Source\PSoC4\CyLib.c ****             {
1567:C:\Program Files (x86)\Cypress\PSoC Creator\4.4\PSoC Creator\1\CapSense_CSD_P4_Design01.cydsn\Generated_Source\PSoC4\CyLib.c ****                 returnStatus = CYRET_TIMEOUT;
1568:C:\Program Files (x86)\Cypress\PSoC Creator\4.4\PSoC Creator\1\CapSense_CSD_P4_Design01.cydsn\Generated_Source\PSoC4\CyLib.c **** 
1569:C:\Program Files (x86)\Cypress\PSoC Creator\4.4\PSoC Creator\1\CapSense_CSD_P4_Design01.cydsn\Generated_Source\PSoC4\CyLib.c ****                 while(0u != counts)
1570:C:\Program Files (x86)\Cypress\PSoC Creator\4.4\PSoC Creator\1\CapSense_CSD_P4_Design01.cydsn\Generated_Source\PSoC4\CyLib.c ****                 {
1571:C:\Program Files (x86)\Cypress\PSoC Creator\4.4\PSoC Creator\1\CapSense_CSD_P4_Design01.cydsn\Generated_Source\PSoC4\CyLib.c **** 
1572:C:\Program Files (x86)\Cypress\PSoC Creator\4.4\PSoC Creator\1\CapSense_CSD_P4_Design01.cydsn\Generated_Source\PSoC4\CyLib.c ****                     if(0u != CySysClkPllGetLockStatus(pll))
1573:C:\Program Files (x86)\Cypress\PSoC Creator\4.4\PSoC Creator\1\CapSense_CSD_P4_Design01.cydsn\Generated_Source\PSoC4\CyLib.c ****                     {
1574:C:\Program Files (x86)\Cypress\PSoC Creator\4.4\PSoC Creator\1\CapSense_CSD_P4_Design01.cydsn\Generated_Source\PSoC4\CyLib.c ****                         returnStatus = CYRET_SUCCESS;
1575:C:\Program Files (x86)\Cypress\PSoC Creator\4.4\PSoC Creator\1\CapSense_CSD_P4_Design01.cydsn\Generated_Source\PSoC4\CyLib.c ****                         (void) CySysClkPllGetUnlockStatus(pll);
1576:C:\Program Files (x86)\Cypress\PSoC Creator\4.4\PSoC Creator\1\CapSense_CSD_P4_Design01.cydsn\Generated_Source\PSoC4\CyLib.c ****                         break;
1577:C:\Program Files (x86)\Cypress\PSoC Creator\4.4\PSoC Creator\1\CapSense_CSD_P4_Design01.cydsn\Generated_Source\PSoC4\CyLib.c ****                     }
1578:C:\Program Files (x86)\Cypress\PSoC Creator\4.4\PSoC Creator\1\CapSense_CSD_P4_Design01.cydsn\Generated_Source\PSoC4\CyLib.c **** 
1579:C:\Program Files (x86)\Cypress\PSoC Creator\4.4\PSoC Creator\1\CapSense_CSD_P4_Design01.cydsn\Generated_Source\PSoC4\CyLib.c ****                     CyDelayUs(1u);
1580:C:\Program Files (x86)\Cypress\PSoC Creator\4.4\PSoC Creator\1\CapSense_CSD_P4_Design01.cydsn\Generated_Source\PSoC4\CyLib.c ****                     counts--;
1581:C:\Program Files (x86)\Cypress\PSoC Creator\4.4\PSoC Creator\1\CapSense_CSD_P4_Design01.cydsn\Generated_Source\PSoC4\CyLib.c ****                 }
1582:C:\Program Files (x86)\Cypress\PSoC Creator\4.4\PSoC Creator\1\CapSense_CSD_P4_Design01.cydsn\Generated_Source\PSoC4\CyLib.c ****             }
1583:C:\Program Files (x86)\Cypress\PSoC Creator\4.4\PSoC Creator\1\CapSense_CSD_P4_Design01.cydsn\Generated_Source\PSoC4\CyLib.c ****         }
1584:C:\Program Files (x86)\Cypress\PSoC Creator\4.4\PSoC Creator\1\CapSense_CSD_P4_Design01.cydsn\Generated_Source\PSoC4\CyLib.c ****         else
1585:C:\Program Files (x86)\Cypress\PSoC Creator\4.4\PSoC Creator\1\CapSense_CSD_P4_Design01.cydsn\Generated_Source\PSoC4\CyLib.c ****         {
1586:C:\Program Files (x86)\Cypress\PSoC Creator\4.4\PSoC Creator\1\CapSense_CSD_P4_Design01.cydsn\Generated_Source\PSoC4\CyLib.c ****             returnStatus = CYRET_BAD_PARAM;
1587:C:\Program Files (x86)\Cypress\PSoC Creator\4.4\PSoC Creator\1\CapSense_CSD_P4_Design01.cydsn\Generated_Source\PSoC4\CyLib.c ****         }
1588:C:\Program Files (x86)\Cypress\PSoC Creator\4.4\PSoC Creator\1\CapSense_CSD_P4_Design01.cydsn\Generated_Source\PSoC4\CyLib.c **** 
1589:C:\Program Files (x86)\Cypress\PSoC Creator\4.4\PSoC Creator\1\CapSense_CSD_P4_Design01.cydsn\Generated_Source\PSoC4\CyLib.c ****         return (returnStatus);
ARM GAS  C:\Users\taips\AppData\Local\Temp\ccbT16OQ.s 			page 42


1590:C:\Program Files (x86)\Cypress\PSoC Creator\4.4\PSoC Creator\1\CapSense_CSD_P4_Design01.cydsn\Generated_Source\PSoC4\CyLib.c ****     }
1591:C:\Program Files (x86)\Cypress\PSoC Creator\4.4\PSoC Creator\1\CapSense_CSD_P4_Design01.cydsn\Generated_Source\PSoC4\CyLib.c **** 
1592:C:\Program Files (x86)\Cypress\PSoC Creator\4.4\PSoC Creator\1\CapSense_CSD_P4_Design01.cydsn\Generated_Source\PSoC4\CyLib.c **** 
1593:C:\Program Files (x86)\Cypress\PSoC Creator\4.4\PSoC Creator\1\CapSense_CSD_P4_Design01.cydsn\Generated_Source\PSoC4\CyLib.c ****     /*******************************************************************************
1594:C:\Program Files (x86)\Cypress\PSoC Creator\4.4\PSoC Creator\1\CapSense_CSD_P4_Design01.cydsn\Generated_Source\PSoC4\CyLib.c ****     * Function Name: CySysClkPllGetLockStatus
1595:C:\Program Files (x86)\Cypress\PSoC Creator\4.4\PSoC Creator\1\CapSense_CSD_P4_Design01.cydsn\Generated_Source\PSoC4\CyLib.c ****     ****************************************************************************//**
1596:C:\Program Files (x86)\Cypress\PSoC Creator\4.4\PSoC Creator\1\CapSense_CSD_P4_Design01.cydsn\Generated_Source\PSoC4\CyLib.c ****     *
1597:C:\Program Files (x86)\Cypress\PSoC Creator\4.4\PSoC Creator\1\CapSense_CSD_P4_Design01.cydsn\Generated_Source\PSoC4\CyLib.c ****     * Returns non-zero if the output of the specified PLL output is locked.
1598:C:\Program Files (x86)\Cypress\PSoC Creator\4.4\PSoC Creator\1\CapSense_CSD_P4_Design01.cydsn\Generated_Source\PSoC4\CyLib.c ****     *
1599:C:\Program Files (x86)\Cypress\PSoC Creator\4.4\PSoC Creator\1\CapSense_CSD_P4_Design01.cydsn\Generated_Source\PSoC4\CyLib.c ****     * This API is available only for PSoC 4200L devices.
1600:C:\Program Files (x86)\Cypress\PSoC Creator\4.4\PSoC Creator\1\CapSense_CSD_P4_Design01.cydsn\Generated_Source\PSoC4\CyLib.c ****     *
1601:C:\Program Files (x86)\Cypress\PSoC Creator\4.4\PSoC Creator\1\CapSense_CSD_P4_Design01.cydsn\Generated_Source\PSoC4\CyLib.c ****     * PLL:
1602:C:\Program Files (x86)\Cypress\PSoC Creator\4.4\PSoC Creator\1\CapSense_CSD_P4_Design01.cydsn\Generated_Source\PSoC4\CyLib.c ****     *  0   PLL#0
1603:C:\Program Files (x86)\Cypress\PSoC Creator\4.4\PSoC Creator\1\CapSense_CSD_P4_Design01.cydsn\Generated_Source\PSoC4\CyLib.c ****     *  1   PLL#1
1604:C:\Program Files (x86)\Cypress\PSoC Creator\4.4\PSoC Creator\1\CapSense_CSD_P4_Design01.cydsn\Generated_Source\PSoC4\CyLib.c ****     *
1605:C:\Program Files (x86)\Cypress\PSoC Creator\4.4\PSoC Creator\1\CapSense_CSD_P4_Design01.cydsn\Generated_Source\PSoC4\CyLib.c ****     * \return A non-zero value when the specified PLL is locked.
1606:C:\Program Files (x86)\Cypress\PSoC Creator\4.4\PSoC Creator\1\CapSense_CSD_P4_Design01.cydsn\Generated_Source\PSoC4\CyLib.c ****     *
1607:C:\Program Files (x86)\Cypress\PSoC Creator\4.4\PSoC Creator\1\CapSense_CSD_P4_Design01.cydsn\Generated_Source\PSoC4\CyLib.c ****     *******************************************************************************/
1608:C:\Program Files (x86)\Cypress\PSoC Creator\4.4\PSoC Creator\1\CapSense_CSD_P4_Design01.cydsn\Generated_Source\PSoC4\CyLib.c ****     uint32 CySysClkPllGetLockStatus(uint32 pll)
1609:C:\Program Files (x86)\Cypress\PSoC Creator\4.4\PSoC Creator\1\CapSense_CSD_P4_Design01.cydsn\Generated_Source\PSoC4\CyLib.c ****     {
1610:C:\Program Files (x86)\Cypress\PSoC Creator\4.4\PSoC Creator\1\CapSense_CSD_P4_Design01.cydsn\Generated_Source\PSoC4\CyLib.c ****         uint8  interruptState;
1611:C:\Program Files (x86)\Cypress\PSoC Creator\4.4\PSoC Creator\1\CapSense_CSD_P4_Design01.cydsn\Generated_Source\PSoC4\CyLib.c ****         uint32 returnStatus;
1612:C:\Program Files (x86)\Cypress\PSoC Creator\4.4\PSoC Creator\1\CapSense_CSD_P4_Design01.cydsn\Generated_Source\PSoC4\CyLib.c **** 
1613:C:\Program Files (x86)\Cypress\PSoC Creator\4.4\PSoC Creator\1\CapSense_CSD_P4_Design01.cydsn\Generated_Source\PSoC4\CyLib.c ****         CYASSERT(pll < CY_IP_PLL_NR);
1614:C:\Program Files (x86)\Cypress\PSoC Creator\4.4\PSoC Creator\1\CapSense_CSD_P4_Design01.cydsn\Generated_Source\PSoC4\CyLib.c **** 
1615:C:\Program Files (x86)\Cypress\PSoC Creator\4.4\PSoC Creator\1\CapSense_CSD_P4_Design01.cydsn\Generated_Source\PSoC4\CyLib.c ****         interruptState = CyEnterCriticalSection();
1616:C:\Program Files (x86)\Cypress\PSoC Creator\4.4\PSoC Creator\1\CapSense_CSD_P4_Design01.cydsn\Generated_Source\PSoC4\CyLib.c **** 
1617:C:\Program Files (x86)\Cypress\PSoC Creator\4.4\PSoC Creator\1\CapSense_CSD_P4_Design01.cydsn\Generated_Source\PSoC4\CyLib.c ****         /* PLL is locked if reported so for two consecutive read. */
1618:C:\Program Files (x86)\Cypress\PSoC Creator\4.4\PSoC Creator\1\CapSense_CSD_P4_Design01.cydsn\Generated_Source\PSoC4\CyLib.c ****         returnStatus = CY_SYS_CLK_PLL_BASE.pll[pll].status & CY_SYS_CLK_PLL_STATUS_LOCKED;
1619:C:\Program Files (x86)\Cypress\PSoC Creator\4.4\PSoC Creator\1\CapSense_CSD_P4_Design01.cydsn\Generated_Source\PSoC4\CyLib.c ****         if(0u != returnStatus)
1620:C:\Program Files (x86)\Cypress\PSoC Creator\4.4\PSoC Creator\1\CapSense_CSD_P4_Design01.cydsn\Generated_Source\PSoC4\CyLib.c ****         {
1621:C:\Program Files (x86)\Cypress\PSoC Creator\4.4\PSoC Creator\1\CapSense_CSD_P4_Design01.cydsn\Generated_Source\PSoC4\CyLib.c ****             returnStatus = CY_SYS_CLK_PLL_BASE.pll[pll].status & CY_SYS_CLK_PLL_STATUS_LOCKED;
1622:C:\Program Files (x86)\Cypress\PSoC Creator\4.4\PSoC Creator\1\CapSense_CSD_P4_Design01.cydsn\Generated_Source\PSoC4\CyLib.c ****         }
1623:C:\Program Files (x86)\Cypress\PSoC Creator\4.4\PSoC Creator\1\CapSense_CSD_P4_Design01.cydsn\Generated_Source\PSoC4\CyLib.c **** 
1624:C:\Program Files (x86)\Cypress\PSoC Creator\4.4\PSoC Creator\1\CapSense_CSD_P4_Design01.cydsn\Generated_Source\PSoC4\CyLib.c ****         CyExitCriticalSection(interruptState);
1625:C:\Program Files (x86)\Cypress\PSoC Creator\4.4\PSoC Creator\1\CapSense_CSD_P4_Design01.cydsn\Generated_Source\PSoC4\CyLib.c **** 
1626:C:\Program Files (x86)\Cypress\PSoC Creator\4.4\PSoC Creator\1\CapSense_CSD_P4_Design01.cydsn\Generated_Source\PSoC4\CyLib.c ****         return (returnStatus);
1627:C:\Program Files (x86)\Cypress\PSoC Creator\4.4\PSoC Creator\1\CapSense_CSD_P4_Design01.cydsn\Generated_Source\PSoC4\CyLib.c ****     }
1628:C:\Program Files (x86)\Cypress\PSoC Creator\4.4\PSoC Creator\1\CapSense_CSD_P4_Design01.cydsn\Generated_Source\PSoC4\CyLib.c **** 
1629:C:\Program Files (x86)\Cypress\PSoC Creator\4.4\PSoC Creator\1\CapSense_CSD_P4_Design01.cydsn\Generated_Source\PSoC4\CyLib.c ****     /*******************************************************************************
1630:C:\Program Files (x86)\Cypress\PSoC Creator\4.4\PSoC Creator\1\CapSense_CSD_P4_Design01.cydsn\Generated_Source\PSoC4\CyLib.c ****     * Function Name: CySysClkPllStop
1631:C:\Program Files (x86)\Cypress\PSoC Creator\4.4\PSoC Creator\1\CapSense_CSD_P4_Design01.cydsn\Generated_Source\PSoC4\CyLib.c ****     ****************************************************************************//**
1632:C:\Program Files (x86)\Cypress\PSoC Creator\4.4\PSoC Creator\1\CapSense_CSD_P4_Design01.cydsn\Generated_Source\PSoC4\CyLib.c ****     *
1633:C:\Program Files (x86)\Cypress\PSoC Creator\4.4\PSoC Creator\1\CapSense_CSD_P4_Design01.cydsn\Generated_Source\PSoC4\CyLib.c ****     * Disables the PLL.
1634:C:\Program Files (x86)\Cypress\PSoC Creator\4.4\PSoC Creator\1\CapSense_CSD_P4_Design01.cydsn\Generated_Source\PSoC4\CyLib.c ****     *
1635:C:\Program Files (x86)\Cypress\PSoC Creator\4.4\PSoC Creator\1\CapSense_CSD_P4_Design01.cydsn\Generated_Source\PSoC4\CyLib.c ****     * Ensures that either PLL is not the source of HFCLK before it is disabled,
1636:C:\Program Files (x86)\Cypress\PSoC Creator\4.4\PSoC Creator\1\CapSense_CSD_P4_Design01.cydsn\Generated_Source\PSoC4\CyLib.c ****     * otherwise, the CPU will halt.
1637:C:\Program Files (x86)\Cypress\PSoC Creator\4.4\PSoC Creator\1\CapSense_CSD_P4_Design01.cydsn\Generated_Source\PSoC4\CyLib.c ****     *
1638:C:\Program Files (x86)\Cypress\PSoC Creator\4.4\PSoC Creator\1\CapSense_CSD_P4_Design01.cydsn\Generated_Source\PSoC4\CyLib.c ****     * This API is available only for PSoC 4200L devices.
1639:C:\Program Files (x86)\Cypress\PSoC Creator\4.4\PSoC Creator\1\CapSense_CSD_P4_Design01.cydsn\Generated_Source\PSoC4\CyLib.c ****     *
1640:C:\Program Files (x86)\Cypress\PSoC Creator\4.4\PSoC Creator\1\CapSense_CSD_P4_Design01.cydsn\Generated_Source\PSoC4\CyLib.c ****     * PLL:
1641:C:\Program Files (x86)\Cypress\PSoC Creator\4.4\PSoC Creator\1\CapSense_CSD_P4_Design01.cydsn\Generated_Source\PSoC4\CyLib.c ****     *  0   PLL#0
1642:C:\Program Files (x86)\Cypress\PSoC Creator\4.4\PSoC Creator\1\CapSense_CSD_P4_Design01.cydsn\Generated_Source\PSoC4\CyLib.c ****     *  1   PLL#1
1643:C:\Program Files (x86)\Cypress\PSoC Creator\4.4\PSoC Creator\1\CapSense_CSD_P4_Design01.cydsn\Generated_Source\PSoC4\CyLib.c ****     *
1644:C:\Program Files (x86)\Cypress\PSoC Creator\4.4\PSoC Creator\1\CapSense_CSD_P4_Design01.cydsn\Generated_Source\PSoC4\CyLib.c ****     *******************************************************************************/
1645:C:\Program Files (x86)\Cypress\PSoC Creator\4.4\PSoC Creator\1\CapSense_CSD_P4_Design01.cydsn\Generated_Source\PSoC4\CyLib.c ****     void CySysClkPllStop(uint32 pll)
1646:C:\Program Files (x86)\Cypress\PSoC Creator\4.4\PSoC Creator\1\CapSense_CSD_P4_Design01.cydsn\Generated_Source\PSoC4\CyLib.c ****     {
ARM GAS  C:\Users\taips\AppData\Local\Temp\ccbT16OQ.s 			page 43


1647:C:\Program Files (x86)\Cypress\PSoC Creator\4.4\PSoC Creator\1\CapSense_CSD_P4_Design01.cydsn\Generated_Source\PSoC4\CyLib.c ****         uint8  interruptState;
1648:C:\Program Files (x86)\Cypress\PSoC Creator\4.4\PSoC Creator\1\CapSense_CSD_P4_Design01.cydsn\Generated_Source\PSoC4\CyLib.c **** 
1649:C:\Program Files (x86)\Cypress\PSoC Creator\4.4\PSoC Creator\1\CapSense_CSD_P4_Design01.cydsn\Generated_Source\PSoC4\CyLib.c ****         if (pll < CY_IP_PLL_NR)
1650:C:\Program Files (x86)\Cypress\PSoC Creator\4.4\PSoC Creator\1\CapSense_CSD_P4_Design01.cydsn\Generated_Source\PSoC4\CyLib.c ****         {
1651:C:\Program Files (x86)\Cypress\PSoC Creator\4.4\PSoC Creator\1\CapSense_CSD_P4_Design01.cydsn\Generated_Source\PSoC4\CyLib.c ****             interruptState = CyEnterCriticalSection();
1652:C:\Program Files (x86)\Cypress\PSoC Creator\4.4\PSoC Creator\1\CapSense_CSD_P4_Design01.cydsn\Generated_Source\PSoC4\CyLib.c ****             CY_SYS_CLK_PLL_BASE.pll[pll].config &= (uint32) ~(CY_SYS_CLK_PLL_CONFIG_ISOLATE | CY_SY
1653:C:\Program Files (x86)\Cypress\PSoC Creator\4.4\PSoC Creator\1\CapSense_CSD_P4_Design01.cydsn\Generated_Source\PSoC4\CyLib.c ****             CyExitCriticalSection(interruptState);
1654:C:\Program Files (x86)\Cypress\PSoC Creator\4.4\PSoC Creator\1\CapSense_CSD_P4_Design01.cydsn\Generated_Source\PSoC4\CyLib.c ****         }
1655:C:\Program Files (x86)\Cypress\PSoC Creator\4.4\PSoC Creator\1\CapSense_CSD_P4_Design01.cydsn\Generated_Source\PSoC4\CyLib.c ****     }
1656:C:\Program Files (x86)\Cypress\PSoC Creator\4.4\PSoC Creator\1\CapSense_CSD_P4_Design01.cydsn\Generated_Source\PSoC4\CyLib.c **** 
1657:C:\Program Files (x86)\Cypress\PSoC Creator\4.4\PSoC Creator\1\CapSense_CSD_P4_Design01.cydsn\Generated_Source\PSoC4\CyLib.c **** 
1658:C:\Program Files (x86)\Cypress\PSoC Creator\4.4\PSoC Creator\1\CapSense_CSD_P4_Design01.cydsn\Generated_Source\PSoC4\CyLib.c ****     /*******************************************************************************
1659:C:\Program Files (x86)\Cypress\PSoC Creator\4.4\PSoC Creator\1\CapSense_CSD_P4_Design01.cydsn\Generated_Source\PSoC4\CyLib.c ****     * Function Name: CySysClkPllSetPQ
1660:C:\Program Files (x86)\Cypress\PSoC Creator\4.4\PSoC Creator\1\CapSense_CSD_P4_Design01.cydsn\Generated_Source\PSoC4\CyLib.c ****     ****************************************************************************//**
1661:C:\Program Files (x86)\Cypress\PSoC Creator\4.4\PSoC Creator\1\CapSense_CSD_P4_Design01.cydsn\Generated_Source\PSoC4\CyLib.c ****     *
1662:C:\Program Files (x86)\Cypress\PSoC Creator\4.4\PSoC Creator\1\CapSense_CSD_P4_Design01.cydsn\Generated_Source\PSoC4\CyLib.c ****     * Sets feedback (P) and reference the (Q) divider value. This API also sets the
1663:C:\Program Files (x86)\Cypress\PSoC Creator\4.4\PSoC Creator\1\CapSense_CSD_P4_Design01.cydsn\Generated_Source\PSoC4\CyLib.c ****     * programmable charge pump current value. Note that the PLL has to be disabled
1664:C:\Program Files (x86)\Cypress\PSoC Creator\4.4\PSoC Creator\1\CapSense_CSD_P4_Design01.cydsn\Generated_Source\PSoC4\CyLib.c ****     * before calling this API. If this function is called while any PLL is sourcing,
1665:C:\Program Files (x86)\Cypress\PSoC Creator\4.4\PSoC Creator\1\CapSense_CSD_P4_Design01.cydsn\Generated_Source\PSoC4\CyLib.c ****     * the SYSCLK will return an error.
1666:C:\Program Files (x86)\Cypress\PSoC Creator\4.4\PSoC Creator\1\CapSense_CSD_P4_Design01.cydsn\Generated_Source\PSoC4\CyLib.c ****     *
1667:C:\Program Files (x86)\Cypress\PSoC Creator\4.4\PSoC Creator\1\CapSense_CSD_P4_Design01.cydsn\Generated_Source\PSoC4\CyLib.c ****     * The PLL must not be the system clock source when calling this function. The
1668:C:\Program Files (x86)\Cypress\PSoC Creator\4.4\PSoC Creator\1\CapSense_CSD_P4_Design01.cydsn\Generated_Source\PSoC4\CyLib.c ****     * PLL output will glitch during this function call.
1669:C:\Program Files (x86)\Cypress\PSoC Creator\4.4\PSoC Creator\1\CapSense_CSD_P4_Design01.cydsn\Generated_Source\PSoC4\CyLib.c ****     *
1670:C:\Program Files (x86)\Cypress\PSoC Creator\4.4\PSoC Creator\1\CapSense_CSD_P4_Design01.cydsn\Generated_Source\PSoC4\CyLib.c ****     * This API is available only for PSoC 4200L devices.
1671:C:\Program Files (x86)\Cypress\PSoC Creator\4.4\PSoC Creator\1\CapSense_CSD_P4_Design01.cydsn\Generated_Source\PSoC4\CyLib.c ****     *
1672:C:\Program Files (x86)\Cypress\PSoC Creator\4.4\PSoC Creator\1\CapSense_CSD_P4_Design01.cydsn\Generated_Source\PSoC4\CyLib.c ****     * \param PLL:
1673:C:\Program Files (x86)\Cypress\PSoC Creator\4.4\PSoC Creator\1\CapSense_CSD_P4_Design01.cydsn\Generated_Source\PSoC4\CyLib.c ****     *  0   PLL#0
1674:C:\Program Files (x86)\Cypress\PSoC Creator\4.4\PSoC Creator\1\CapSense_CSD_P4_Design01.cydsn\Generated_Source\PSoC4\CyLib.c ****     *  1   PLL#1
1675:C:\Program Files (x86)\Cypress\PSoC Creator\4.4\PSoC Creator\1\CapSense_CSD_P4_Design01.cydsn\Generated_Source\PSoC4\CyLib.c ****     *
1676:C:\Program Files (x86)\Cypress\PSoC Creator\4.4\PSoC Creator\1\CapSense_CSD_P4_Design01.cydsn\Generated_Source\PSoC4\CyLib.c ****     * \param feedback The P divider. Range 4 - 259. Control bits for the feedback
1677:C:\Program Files (x86)\Cypress\PSoC Creator\4.4\PSoC Creator\1\CapSense_CSD_P4_Design01.cydsn\Generated_Source\PSoC4\CyLib.c ****     * divider.
1678:C:\Program Files (x86)\Cypress\PSoC Creator\4.4\PSoC Creator\1\CapSense_CSD_P4_Design01.cydsn\Generated_Source\PSoC4\CyLib.c ****     *
1679:C:\Program Files (x86)\Cypress\PSoC Creator\4.4\PSoC Creator\1\CapSense_CSD_P4_Design01.cydsn\Generated_Source\PSoC4\CyLib.c ****     * \param reference The Q divider. Range 1 - 64. Divide by the reference.
1680:C:\Program Files (x86)\Cypress\PSoC Creator\4.4\PSoC Creator\1\CapSense_CSD_P4_Design01.cydsn\Generated_Source\PSoC4\CyLib.c ****     *
1681:C:\Program Files (x86)\Cypress\PSoC Creator\4.4\PSoC Creator\1\CapSense_CSD_P4_Design01.cydsn\Generated_Source\PSoC4\CyLib.c ****     * \param current Charge the pump current in uA. The 2 uA for output frequencies
1682:C:\Program Files (x86)\Cypress\PSoC Creator\4.4\PSoC Creator\1\CapSense_CSD_P4_Design01.cydsn\Generated_Source\PSoC4\CyLib.c ****     * of 67 MHz or less, and 3 uA for higher output frequencies. The default
1683:C:\Program Files (x86)\Cypress\PSoC Creator\4.4\PSoC Creator\1\CapSense_CSD_P4_Design01.cydsn\Generated_Source\PSoC4\CyLib.c ****     * value is 2 uA.
1684:C:\Program Files (x86)\Cypress\PSoC Creator\4.4\PSoC Creator\1\CapSense_CSD_P4_Design01.cydsn\Generated_Source\PSoC4\CyLib.c ****     *
1685:C:\Program Files (x86)\Cypress\PSoC Creator\4.4\PSoC Creator\1\CapSense_CSD_P4_Design01.cydsn\Generated_Source\PSoC4\CyLib.c ****     * \return CYRET_SUCCESS Completed successfully.
1686:C:\Program Files (x86)\Cypress\PSoC Creator\4.4\PSoC Creator\1\CapSense_CSD_P4_Design01.cydsn\Generated_Source\PSoC4\CyLib.c ****     * \return CYRET_BAD_PARAM The parameters are out of range or the specified PLL
1687:C:\Program Files (x86)\Cypress\PSoC Creator\4.4\PSoC Creator\1\CapSense_CSD_P4_Design01.cydsn\Generated_Source\PSoC4\CyLib.c ****     * sources the system clock.
1688:C:\Program Files (x86)\Cypress\PSoC Creator\4.4\PSoC Creator\1\CapSense_CSD_P4_Design01.cydsn\Generated_Source\PSoC4\CyLib.c ****     *
1689:C:\Program Files (x86)\Cypress\PSoC Creator\4.4\PSoC Creator\1\CapSense_CSD_P4_Design01.cydsn\Generated_Source\PSoC4\CyLib.c ****     *******************************************************************************/
1690:C:\Program Files (x86)\Cypress\PSoC Creator\4.4\PSoC Creator\1\CapSense_CSD_P4_Design01.cydsn\Generated_Source\PSoC4\CyLib.c ****     cystatus CySysClkPllSetPQ(uint32 pll, uint32 feedback, uint32 reference, uint32 current)
1691:C:\Program Files (x86)\Cypress\PSoC Creator\4.4\PSoC Creator\1\CapSense_CSD_P4_Design01.cydsn\Generated_Source\PSoC4\CyLib.c ****     {
1692:C:\Program Files (x86)\Cypress\PSoC Creator\4.4\PSoC Creator\1\CapSense_CSD_P4_Design01.cydsn\Generated_Source\PSoC4\CyLib.c ****         uint32   regTmp;
1693:C:\Program Files (x86)\Cypress\PSoC Creator\4.4\PSoC Creator\1\CapSense_CSD_P4_Design01.cydsn\Generated_Source\PSoC4\CyLib.c ****         cystatus tmp;
1694:C:\Program Files (x86)\Cypress\PSoC Creator\4.4\PSoC Creator\1\CapSense_CSD_P4_Design01.cydsn\Generated_Source\PSoC4\CyLib.c ****         uint8    interruptState;
1695:C:\Program Files (x86)\Cypress\PSoC Creator\4.4\PSoC Creator\1\CapSense_CSD_P4_Design01.cydsn\Generated_Source\PSoC4\CyLib.c ****         cystatus returnStatus = CYRET_BAD_PARAM;
1696:C:\Program Files (x86)\Cypress\PSoC Creator\4.4\PSoC Creator\1\CapSense_CSD_P4_Design01.cydsn\Generated_Source\PSoC4\CyLib.c **** 
1697:C:\Program Files (x86)\Cypress\PSoC Creator\4.4\PSoC Creator\1\CapSense_CSD_P4_Design01.cydsn\Generated_Source\PSoC4\CyLib.c ****         interruptState = CyEnterCriticalSection();
1698:C:\Program Files (x86)\Cypress\PSoC Creator\4.4\PSoC Creator\1\CapSense_CSD_P4_Design01.cydsn\Generated_Source\PSoC4\CyLib.c **** 
1699:C:\Program Files (x86)\Cypress\PSoC Creator\4.4\PSoC Creator\1\CapSense_CSD_P4_Design01.cydsn\Generated_Source\PSoC4\CyLib.c ****         tmp = CySysClkPllConfigChangeAllowed(pll);
1700:C:\Program Files (x86)\Cypress\PSoC Creator\4.4\PSoC Creator\1\CapSense_CSD_P4_Design01.cydsn\Generated_Source\PSoC4\CyLib.c **** 
1701:C:\Program Files (x86)\Cypress\PSoC Creator\4.4\PSoC Creator\1\CapSense_CSD_P4_Design01.cydsn\Generated_Source\PSoC4\CyLib.c ****         if ((pll < CY_IP_PLL_NR) &&
1702:C:\Program Files (x86)\Cypress\PSoC Creator\4.4\PSoC Creator\1\CapSense_CSD_P4_Design01.cydsn\Generated_Source\PSoC4\CyLib.c ****             (feedback  >= CY_SYS_CLK_PLL_CONFIG_FEEDBACK_DIV_MIN)  && (feedback  <= CY_SYS_CLK_PLL_
1703:C:\Program Files (x86)\Cypress\PSoC Creator\4.4\PSoC Creator\1\CapSense_CSD_P4_Design01.cydsn\Generated_Source\PSoC4\CyLib.c ****             (reference >= CY_SYS_CLK_PLL_CONFIG_REFERENCE_DIV_MIN) && (reference <= CY_SYS_CLK_PLL_
ARM GAS  C:\Users\taips\AppData\Local\Temp\ccbT16OQ.s 			page 44


1704:C:\Program Files (x86)\Cypress\PSoC Creator\4.4\PSoC Creator\1\CapSense_CSD_P4_Design01.cydsn\Generated_Source\PSoC4\CyLib.c ****             (current   >= CY_SYS_CLK_PLL_CONFIG_ICP_SEL_MIN )      && (current   <= CY_SYS_CLK_PLL_
1705:C:\Program Files (x86)\Cypress\PSoC Creator\4.4\PSoC Creator\1\CapSense_CSD_P4_Design01.cydsn\Generated_Source\PSoC4\CyLib.c ****             (CYRET_SUCCESS == tmp))
1706:C:\Program Files (x86)\Cypress\PSoC Creator\4.4\PSoC Creator\1\CapSense_CSD_P4_Design01.cydsn\Generated_Source\PSoC4\CyLib.c ****         {
1707:C:\Program Files (x86)\Cypress\PSoC Creator\4.4\PSoC Creator\1\CapSense_CSD_P4_Design01.cydsn\Generated_Source\PSoC4\CyLib.c ****             /* Set new feedback, reference and current values */
1708:C:\Program Files (x86)\Cypress\PSoC Creator\4.4\PSoC Creator\1\CapSense_CSD_P4_Design01.cydsn\Generated_Source\PSoC4\CyLib.c ****             regTmp  = CY_SYS_CLK_PLL_BASE.pll[pll].config & (uint32) ~(CY_SYS_CLK_PLL_CONFIG_FEEDBA
1709:C:\Program Files (x86)\Cypress\PSoC Creator\4.4\PSoC Creator\1\CapSense_CSD_P4_Design01.cydsn\Generated_Source\PSoC4\CyLib.c ****                                                                        CY_SYS_CLK_PLL_CONFIG_REFERE
1710:C:\Program Files (x86)\Cypress\PSoC Creator\4.4\PSoC Creator\1\CapSense_CSD_P4_Design01.cydsn\Generated_Source\PSoC4\CyLib.c ****                                                                        CY_SYS_CLK_PLL_CONFIG_ICP_SE
1711:C:\Program Files (x86)\Cypress\PSoC Creator\4.4\PSoC Creator\1\CapSense_CSD_P4_Design01.cydsn\Generated_Source\PSoC4\CyLib.c **** 
1712:C:\Program Files (x86)\Cypress\PSoC Creator\4.4\PSoC Creator\1\CapSense_CSD_P4_Design01.cydsn\Generated_Source\PSoC4\CyLib.c ****             regTmp |= ((feedback << CY_SYS_CLK_PLL_CONFIG_FEEDBACK_DIV_SHIFT) & CY_SYS_CLK_PLL_CONF
1713:C:\Program Files (x86)\Cypress\PSoC Creator\4.4\PSoC Creator\1\CapSense_CSD_P4_Design01.cydsn\Generated_Source\PSoC4\CyLib.c ****             regTmp |= (((reference - 1u) << CY_SYS_CLK_PLL_CONFIG_REFERENCE_DIV_SHIFT) & CY_SYS_CLK
1714:C:\Program Files (x86)\Cypress\PSoC Creator\4.4\PSoC Creator\1\CapSense_CSD_P4_Design01.cydsn\Generated_Source\PSoC4\CyLib.c ****             regTmp |= ((current << CY_SYS_CLK_PLL_CONFIG_ICP_SEL_SHIFT) & CY_SYS_CLK_PLL_CONFIG_ICP
1715:C:\Program Files (x86)\Cypress\PSoC Creator\4.4\PSoC Creator\1\CapSense_CSD_P4_Design01.cydsn\Generated_Source\PSoC4\CyLib.c **** 
1716:C:\Program Files (x86)\Cypress\PSoC Creator\4.4\PSoC Creator\1\CapSense_CSD_P4_Design01.cydsn\Generated_Source\PSoC4\CyLib.c ****             CY_SYS_CLK_PLL_BASE.pll[pll].config = regTmp;
1717:C:\Program Files (x86)\Cypress\PSoC Creator\4.4\PSoC Creator\1\CapSense_CSD_P4_Design01.cydsn\Generated_Source\PSoC4\CyLib.c **** 
1718:C:\Program Files (x86)\Cypress\PSoC Creator\4.4\PSoC Creator\1\CapSense_CSD_P4_Design01.cydsn\Generated_Source\PSoC4\CyLib.c ****             returnStatus = CYRET_SUCCESS;
1719:C:\Program Files (x86)\Cypress\PSoC Creator\4.4\PSoC Creator\1\CapSense_CSD_P4_Design01.cydsn\Generated_Source\PSoC4\CyLib.c ****         }
1720:C:\Program Files (x86)\Cypress\PSoC Creator\4.4\PSoC Creator\1\CapSense_CSD_P4_Design01.cydsn\Generated_Source\PSoC4\CyLib.c **** 
1721:C:\Program Files (x86)\Cypress\PSoC Creator\4.4\PSoC Creator\1\CapSense_CSD_P4_Design01.cydsn\Generated_Source\PSoC4\CyLib.c ****         CyExitCriticalSection(interruptState);
1722:C:\Program Files (x86)\Cypress\PSoC Creator\4.4\PSoC Creator\1\CapSense_CSD_P4_Design01.cydsn\Generated_Source\PSoC4\CyLib.c **** 
1723:C:\Program Files (x86)\Cypress\PSoC Creator\4.4\PSoC Creator\1\CapSense_CSD_P4_Design01.cydsn\Generated_Source\PSoC4\CyLib.c ****         return (returnStatus);
1724:C:\Program Files (x86)\Cypress\PSoC Creator\4.4\PSoC Creator\1\CapSense_CSD_P4_Design01.cydsn\Generated_Source\PSoC4\CyLib.c ****     }
1725:C:\Program Files (x86)\Cypress\PSoC Creator\4.4\PSoC Creator\1\CapSense_CSD_P4_Design01.cydsn\Generated_Source\PSoC4\CyLib.c **** 
1726:C:\Program Files (x86)\Cypress\PSoC Creator\4.4\PSoC Creator\1\CapSense_CSD_P4_Design01.cydsn\Generated_Source\PSoC4\CyLib.c **** 
1727:C:\Program Files (x86)\Cypress\PSoC Creator\4.4\PSoC Creator\1\CapSense_CSD_P4_Design01.cydsn\Generated_Source\PSoC4\CyLib.c ****     /*******************************************************************************
1728:C:\Program Files (x86)\Cypress\PSoC Creator\4.4\PSoC Creator\1\CapSense_CSD_P4_Design01.cydsn\Generated_Source\PSoC4\CyLib.c ****     * Function Name: CySysClkPllSetBypassMode
1729:C:\Program Files (x86)\Cypress\PSoC Creator\4.4\PSoC Creator\1\CapSense_CSD_P4_Design01.cydsn\Generated_Source\PSoC4\CyLib.c ****     ****************************************************************************//**
1730:C:\Program Files (x86)\Cypress\PSoC Creator\4.4\PSoC Creator\1\CapSense_CSD_P4_Design01.cydsn\Generated_Source\PSoC4\CyLib.c ****     *
1731:C:\Program Files (x86)\Cypress\PSoC Creator\4.4\PSoC Creator\1\CapSense_CSD_P4_Design01.cydsn\Generated_Source\PSoC4\CyLib.c ****     * Sets the bypass mode for the specified PLL.
1732:C:\Program Files (x86)\Cypress\PSoC Creator\4.4\PSoC Creator\1\CapSense_CSD_P4_Design01.cydsn\Generated_Source\PSoC4\CyLib.c ****     *
1733:C:\Program Files (x86)\Cypress\PSoC Creator\4.4\PSoC Creator\1\CapSense_CSD_P4_Design01.cydsn\Generated_Source\PSoC4\CyLib.c ****     * The PLL must not be the system clock source when calling this function.
1734:C:\Program Files (x86)\Cypress\PSoC Creator\4.4\PSoC Creator\1\CapSense_CSD_P4_Design01.cydsn\Generated_Source\PSoC4\CyLib.c ****     * The PLL output will glitch during this function call.
1735:C:\Program Files (x86)\Cypress\PSoC Creator\4.4\PSoC Creator\1\CapSense_CSD_P4_Design01.cydsn\Generated_Source\PSoC4\CyLib.c ****     *
1736:C:\Program Files (x86)\Cypress\PSoC Creator\4.4\PSoC Creator\1\CapSense_CSD_P4_Design01.cydsn\Generated_Source\PSoC4\CyLib.c ****     * When the PLL's reference input is higher than HFCLK frequency the device may 
1737:C:\Program Files (x86)\Cypress\PSoC Creator\4.4\PSoC Creator\1\CapSense_CSD_P4_Design01.cydsn\Generated_Source\PSoC4\CyLib.c ****     * lock due to incorrect flash wait cycle configuration and bypass switches from 
1738:C:\Program Files (x86)\Cypress\PSoC Creator\4.4\PSoC Creator\1\CapSense_CSD_P4_Design01.cydsn\Generated_Source\PSoC4\CyLib.c ****     * PLL output to the reference input. See description of 
1739:C:\Program Files (x86)\Cypress\PSoC Creator\4.4\PSoC Creator\1\CapSense_CSD_P4_Design01.cydsn\Generated_Source\PSoC4\CyLib.c ****     * CySysFlashSetWaitCycles() for more information.
1740:C:\Program Files (x86)\Cypress\PSoC Creator\4.4\PSoC Creator\1\CapSense_CSD_P4_Design01.cydsn\Generated_Source\PSoC4\CyLib.c ****     *
1741:C:\Program Files (x86)\Cypress\PSoC Creator\4.4\PSoC Creator\1\CapSense_CSD_P4_Design01.cydsn\Generated_Source\PSoC4\CyLib.c ****     * This API is available only for PSoC 4200L devices.
1742:C:\Program Files (x86)\Cypress\PSoC Creator\4.4\PSoC Creator\1\CapSense_CSD_P4_Design01.cydsn\Generated_Source\PSoC4\CyLib.c ****     *
1743:C:\Program Files (x86)\Cypress\PSoC Creator\4.4\PSoC Creator\1\CapSense_CSD_P4_Design01.cydsn\Generated_Source\PSoC4\CyLib.c ****     * \param PLL:
1744:C:\Program Files (x86)\Cypress\PSoC Creator\4.4\PSoC Creator\1\CapSense_CSD_P4_Design01.cydsn\Generated_Source\PSoC4\CyLib.c ****     *  0   PLL#0
1745:C:\Program Files (x86)\Cypress\PSoC Creator\4.4\PSoC Creator\1\CapSense_CSD_P4_Design01.cydsn\Generated_Source\PSoC4\CyLib.c ****     *  1   PLL#1
1746:C:\Program Files (x86)\Cypress\PSoC Creator\4.4\PSoC Creator\1\CapSense_CSD_P4_Design01.cydsn\Generated_Source\PSoC4\CyLib.c ****     *
1747:C:\Program Files (x86)\Cypress\PSoC Creator\4.4\PSoC Creator\1\CapSense_CSD_P4_Design01.cydsn\Generated_Source\PSoC4\CyLib.c ****     * \param bypass: The bypass mode.
1748:C:\Program Files (x86)\Cypress\PSoC Creator\4.4\PSoC Creator\1\CapSense_CSD_P4_Design01.cydsn\Generated_Source\PSoC4\CyLib.c ****     * CY_SYS_PLL_BYPASS_AUTO - Automatic usage of the lock indicator. When unlocked,
1749:C:\Program Files (x86)\Cypress\PSoC Creator\4.4\PSoC Creator\1\CapSense_CSD_P4_Design01.cydsn\Generated_Source\PSoC4\CyLib.c ****     * automatically selects PLL the reference input (bypass mode). When locked,
1750:C:\Program Files (x86)\Cypress\PSoC Creator\4.4\PSoC Creator\1\CapSense_CSD_P4_Design01.cydsn\Generated_Source\PSoC4\CyLib.c ****     * automatically selects the PLL output.
1751:C:\Program Files (x86)\Cypress\PSoC Creator\4.4\PSoC Creator\1\CapSense_CSD_P4_Design01.cydsn\Generated_Source\PSoC4\CyLib.c ****     *
1752:C:\Program Files (x86)\Cypress\PSoC Creator\4.4\PSoC Creator\1\CapSense_CSD_P4_Design01.cydsn\Generated_Source\PSoC4\CyLib.c ****     * CY_SYS_PLL_BYPASS_PLL_REF - Selects the PLL reference input (bypass mode).
1753:C:\Program Files (x86)\Cypress\PSoC Creator\4.4\PSoC Creator\1\CapSense_CSD_P4_Design01.cydsn\Generated_Source\PSoC4\CyLib.c ****     * Ignores the lock indicator.
1754:C:\Program Files (x86)\Cypress\PSoC Creator\4.4\PSoC Creator\1\CapSense_CSD_P4_Design01.cydsn\Generated_Source\PSoC4\CyLib.c ****     *
1755:C:\Program Files (x86)\Cypress\PSoC Creator\4.4\PSoC Creator\1\CapSense_CSD_P4_Design01.cydsn\Generated_Source\PSoC4\CyLib.c ****     * CY_SYS_PLL_BYPASS_PLL_OUT - Selects the PLL output.  Ignores the lock indicator.
1756:C:\Program Files (x86)\Cypress\PSoC Creator\4.4\PSoC Creator\1\CapSense_CSD_P4_Design01.cydsn\Generated_Source\PSoC4\CyLib.c ****     *
1757:C:\Program Files (x86)\Cypress\PSoC Creator\4.4\PSoC Creator\1\CapSense_CSD_P4_Design01.cydsn\Generated_Source\PSoC4\CyLib.c ****     *******************************************************************************/
1758:C:\Program Files (x86)\Cypress\PSoC Creator\4.4\PSoC Creator\1\CapSense_CSD_P4_Design01.cydsn\Generated_Source\PSoC4\CyLib.c ****     void CySysClkPllSetBypassMode(uint32 pll, uint32 bypass)
1759:C:\Program Files (x86)\Cypress\PSoC Creator\4.4\PSoC Creator\1\CapSense_CSD_P4_Design01.cydsn\Generated_Source\PSoC4\CyLib.c ****     {
1760:C:\Program Files (x86)\Cypress\PSoC Creator\4.4\PSoC Creator\1\CapSense_CSD_P4_Design01.cydsn\Generated_Source\PSoC4\CyLib.c ****         uint32 regTmp;
ARM GAS  C:\Users\taips\AppData\Local\Temp\ccbT16OQ.s 			page 45


1761:C:\Program Files (x86)\Cypress\PSoC Creator\4.4\PSoC Creator\1\CapSense_CSD_P4_Design01.cydsn\Generated_Source\PSoC4\CyLib.c ****         uint8  interruptState;
1762:C:\Program Files (x86)\Cypress\PSoC Creator\4.4\PSoC Creator\1\CapSense_CSD_P4_Design01.cydsn\Generated_Source\PSoC4\CyLib.c **** 
1763:C:\Program Files (x86)\Cypress\PSoC Creator\4.4\PSoC Creator\1\CapSense_CSD_P4_Design01.cydsn\Generated_Source\PSoC4\CyLib.c ****         interruptState = CyEnterCriticalSection();
1764:C:\Program Files (x86)\Cypress\PSoC Creator\4.4\PSoC Creator\1\CapSense_CSD_P4_Design01.cydsn\Generated_Source\PSoC4\CyLib.c **** 
1765:C:\Program Files (x86)\Cypress\PSoC Creator\4.4\PSoC Creator\1\CapSense_CSD_P4_Design01.cydsn\Generated_Source\PSoC4\CyLib.c ****         if ((pll < CY_IP_PLL_NR) && (bypass <= CY_SYS_PLL_BYPASS_PLL_OUT))
1766:C:\Program Files (x86)\Cypress\PSoC Creator\4.4\PSoC Creator\1\CapSense_CSD_P4_Design01.cydsn\Generated_Source\PSoC4\CyLib.c ****         {
1767:C:\Program Files (x86)\Cypress\PSoC Creator\4.4\PSoC Creator\1\CapSense_CSD_P4_Design01.cydsn\Generated_Source\PSoC4\CyLib.c ****             regTmp  = CY_SYS_CLK_PLL_BASE.pll[pll].config & (uint32) ~CY_SYS_CLK_PLL_CONFIG_BYPASS_
1768:C:\Program Files (x86)\Cypress\PSoC Creator\4.4\PSoC Creator\1\CapSense_CSD_P4_Design01.cydsn\Generated_Source\PSoC4\CyLib.c ****             regTmp |=  (uint32)(bypass << CY_SYS_CLK_PLL_CONFIG_BYPASS_SEL_SHIFT);
1769:C:\Program Files (x86)\Cypress\PSoC Creator\4.4\PSoC Creator\1\CapSense_CSD_P4_Design01.cydsn\Generated_Source\PSoC4\CyLib.c ****             CY_SYS_CLK_PLL_BASE.pll[pll].config = regTmp;
1770:C:\Program Files (x86)\Cypress\PSoC Creator\4.4\PSoC Creator\1\CapSense_CSD_P4_Design01.cydsn\Generated_Source\PSoC4\CyLib.c ****         }
1771:C:\Program Files (x86)\Cypress\PSoC Creator\4.4\PSoC Creator\1\CapSense_CSD_P4_Design01.cydsn\Generated_Source\PSoC4\CyLib.c **** 
1772:C:\Program Files (x86)\Cypress\PSoC Creator\4.4\PSoC Creator\1\CapSense_CSD_P4_Design01.cydsn\Generated_Source\PSoC4\CyLib.c ****         CyExitCriticalSection(interruptState);
1773:C:\Program Files (x86)\Cypress\PSoC Creator\4.4\PSoC Creator\1\CapSense_CSD_P4_Design01.cydsn\Generated_Source\PSoC4\CyLib.c ****     }
1774:C:\Program Files (x86)\Cypress\PSoC Creator\4.4\PSoC Creator\1\CapSense_CSD_P4_Design01.cydsn\Generated_Source\PSoC4\CyLib.c **** 
1775:C:\Program Files (x86)\Cypress\PSoC Creator\4.4\PSoC Creator\1\CapSense_CSD_P4_Design01.cydsn\Generated_Source\PSoC4\CyLib.c **** 
1776:C:\Program Files (x86)\Cypress\PSoC Creator\4.4\PSoC Creator\1\CapSense_CSD_P4_Design01.cydsn\Generated_Source\PSoC4\CyLib.c ****     /*******************************************************************************
1777:C:\Program Files (x86)\Cypress\PSoC Creator\4.4\PSoC Creator\1\CapSense_CSD_P4_Design01.cydsn\Generated_Source\PSoC4\CyLib.c ****     * Function Name: CySysClkPllGetBypassMode
1778:C:\Program Files (x86)\Cypress\PSoC Creator\4.4\PSoC Creator\1\CapSense_CSD_P4_Design01.cydsn\Generated_Source\PSoC4\CyLib.c ****     ****************************************************************************//**
1779:C:\Program Files (x86)\Cypress\PSoC Creator\4.4\PSoC Creator\1\CapSense_CSD_P4_Design01.cydsn\Generated_Source\PSoC4\CyLib.c ****     *
1780:C:\Program Files (x86)\Cypress\PSoC Creator\4.4\PSoC Creator\1\CapSense_CSD_P4_Design01.cydsn\Generated_Source\PSoC4\CyLib.c ****     *  Gets the bypass mode for the specified PLL.
1781:C:\Program Files (x86)\Cypress\PSoC Creator\4.4\PSoC Creator\1\CapSense_CSD_P4_Design01.cydsn\Generated_Source\PSoC4\CyLib.c ****     *  This API is available only for PSoC 4200L devices.
1782:C:\Program Files (x86)\Cypress\PSoC Creator\4.4\PSoC Creator\1\CapSense_CSD_P4_Design01.cydsn\Generated_Source\PSoC4\CyLib.c ****     *
1783:C:\Program Files (x86)\Cypress\PSoC Creator\4.4\PSoC Creator\1\CapSense_CSD_P4_Design01.cydsn\Generated_Source\PSoC4\CyLib.c ****     *  \param PLL:
1784:C:\Program Files (x86)\Cypress\PSoC Creator\4.4\PSoC Creator\1\CapSense_CSD_P4_Design01.cydsn\Generated_Source\PSoC4\CyLib.c ****     *   0   PLL#0
1785:C:\Program Files (x86)\Cypress\PSoC Creator\4.4\PSoC Creator\1\CapSense_CSD_P4_Design01.cydsn\Generated_Source\PSoC4\CyLib.c ****     *   1   PLL#1
1786:C:\Program Files (x86)\Cypress\PSoC Creator\4.4\PSoC Creator\1\CapSense_CSD_P4_Design01.cydsn\Generated_Source\PSoC4\CyLib.c ****     *
1787:C:\Program Files (x86)\Cypress\PSoC Creator\4.4\PSoC Creator\1\CapSense_CSD_P4_Design01.cydsn\Generated_Source\PSoC4\CyLib.c ****     *  \param bypass: Bypass mode.
1788:C:\Program Files (x86)\Cypress\PSoC Creator\4.4\PSoC Creator\1\CapSense_CSD_P4_Design01.cydsn\Generated_Source\PSoC4\CyLib.c ****     *   The same as the parameter of the CySysClkPllSetBypassMode().
1789:C:\Program Files (x86)\Cypress\PSoC Creator\4.4\PSoC Creator\1\CapSense_CSD_P4_Design01.cydsn\Generated_Source\PSoC4\CyLib.c ****     *
1790:C:\Program Files (x86)\Cypress\PSoC Creator\4.4\PSoC Creator\1\CapSense_CSD_P4_Design01.cydsn\Generated_Source\PSoC4\CyLib.c ****     *******************************************************************************/
1791:C:\Program Files (x86)\Cypress\PSoC Creator\4.4\PSoC Creator\1\CapSense_CSD_P4_Design01.cydsn\Generated_Source\PSoC4\CyLib.c ****     static uint32 CySysClkPllGetBypassMode(uint32 pll)
1792:C:\Program Files (x86)\Cypress\PSoC Creator\4.4\PSoC Creator\1\CapSense_CSD_P4_Design01.cydsn\Generated_Source\PSoC4\CyLib.c ****     {
1793:C:\Program Files (x86)\Cypress\PSoC Creator\4.4\PSoC Creator\1\CapSense_CSD_P4_Design01.cydsn\Generated_Source\PSoC4\CyLib.c ****         uint32 returnValue;
1794:C:\Program Files (x86)\Cypress\PSoC Creator\4.4\PSoC Creator\1\CapSense_CSD_P4_Design01.cydsn\Generated_Source\PSoC4\CyLib.c ****         uint8  interruptState;
1795:C:\Program Files (x86)\Cypress\PSoC Creator\4.4\PSoC Creator\1\CapSense_CSD_P4_Design01.cydsn\Generated_Source\PSoC4\CyLib.c **** 
1796:C:\Program Files (x86)\Cypress\PSoC Creator\4.4\PSoC Creator\1\CapSense_CSD_P4_Design01.cydsn\Generated_Source\PSoC4\CyLib.c ****         CYASSERT(pll < CY_IP_PLL_NR);
1797:C:\Program Files (x86)\Cypress\PSoC Creator\4.4\PSoC Creator\1\CapSense_CSD_P4_Design01.cydsn\Generated_Source\PSoC4\CyLib.c **** 
1798:C:\Program Files (x86)\Cypress\PSoC Creator\4.4\PSoC Creator\1\CapSense_CSD_P4_Design01.cydsn\Generated_Source\PSoC4\CyLib.c ****         interruptState = CyEnterCriticalSection();
1799:C:\Program Files (x86)\Cypress\PSoC Creator\4.4\PSoC Creator\1\CapSense_CSD_P4_Design01.cydsn\Generated_Source\PSoC4\CyLib.c **** 
1800:C:\Program Files (x86)\Cypress\PSoC Creator\4.4\PSoC Creator\1\CapSense_CSD_P4_Design01.cydsn\Generated_Source\PSoC4\CyLib.c ****         returnValue = CY_SYS_CLK_PLL_BASE.pll[pll].config & CY_SYS_CLK_PLL_CONFIG_BYPASS_SEL_MASK;
1801:C:\Program Files (x86)\Cypress\PSoC Creator\4.4\PSoC Creator\1\CapSense_CSD_P4_Design01.cydsn\Generated_Source\PSoC4\CyLib.c ****         returnValue =  returnValue >> CY_SYS_CLK_PLL_CONFIG_BYPASS_SEL_SHIFT;
1802:C:\Program Files (x86)\Cypress\PSoC Creator\4.4\PSoC Creator\1\CapSense_CSD_P4_Design01.cydsn\Generated_Source\PSoC4\CyLib.c **** 
1803:C:\Program Files (x86)\Cypress\PSoC Creator\4.4\PSoC Creator\1\CapSense_CSD_P4_Design01.cydsn\Generated_Source\PSoC4\CyLib.c ****         CyExitCriticalSection(interruptState);
1804:C:\Program Files (x86)\Cypress\PSoC Creator\4.4\PSoC Creator\1\CapSense_CSD_P4_Design01.cydsn\Generated_Source\PSoC4\CyLib.c **** 
1805:C:\Program Files (x86)\Cypress\PSoC Creator\4.4\PSoC Creator\1\CapSense_CSD_P4_Design01.cydsn\Generated_Source\PSoC4\CyLib.c ****         return (returnValue);
1806:C:\Program Files (x86)\Cypress\PSoC Creator\4.4\PSoC Creator\1\CapSense_CSD_P4_Design01.cydsn\Generated_Source\PSoC4\CyLib.c ****     }
1807:C:\Program Files (x86)\Cypress\PSoC Creator\4.4\PSoC Creator\1\CapSense_CSD_P4_Design01.cydsn\Generated_Source\PSoC4\CyLib.c **** 
1808:C:\Program Files (x86)\Cypress\PSoC Creator\4.4\PSoC Creator\1\CapSense_CSD_P4_Design01.cydsn\Generated_Source\PSoC4\CyLib.c **** 
1809:C:\Program Files (x86)\Cypress\PSoC Creator\4.4\PSoC Creator\1\CapSense_CSD_P4_Design01.cydsn\Generated_Source\PSoC4\CyLib.c ****     /*******************************************************************************
1810:C:\Program Files (x86)\Cypress\PSoC Creator\4.4\PSoC Creator\1\CapSense_CSD_P4_Design01.cydsn\Generated_Source\PSoC4\CyLib.c ****     * Function Name: CySysClkPllConfigChangeAllowed
1811:C:\Program Files (x86)\Cypress\PSoC Creator\4.4\PSoC Creator\1\CapSense_CSD_P4_Design01.cydsn\Generated_Source\PSoC4\CyLib.c ****     ****************************************************************************//**
1812:C:\Program Files (x86)\Cypress\PSoC Creator\4.4\PSoC Creator\1\CapSense_CSD_P4_Design01.cydsn\Generated_Source\PSoC4\CyLib.c ****     *
1813:C:\Program Files (x86)\Cypress\PSoC Creator\4.4\PSoC Creator\1\CapSense_CSD_P4_Design01.cydsn\Generated_Source\PSoC4\CyLib.c ****     *  The function returns non-zero value if the specified PLL sources the System
1814:C:\Program Files (x86)\Cypress\PSoC Creator\4.4\PSoC Creator\1\CapSense_CSD_P4_Design01.cydsn\Generated_Source\PSoC4\CyLib.c ****     *  clock and the PLL is not in the bypass mode.
1815:C:\Program Files (x86)\Cypress\PSoC Creator\4.4\PSoC Creator\1\CapSense_CSD_P4_Design01.cydsn\Generated_Source\PSoC4\CyLib.c ****     *
1816:C:\Program Files (x86)\Cypress\PSoC Creator\4.4\PSoC Creator\1\CapSense_CSD_P4_Design01.cydsn\Generated_Source\PSoC4\CyLib.c ****     *  This API is available only for PSoC 4200L devices.
1817:C:\Program Files (x86)\Cypress\PSoC Creator\4.4\PSoC Creator\1\CapSense_CSD_P4_Design01.cydsn\Generated_Source\PSoC4\CyLib.c ****     *
ARM GAS  C:\Users\taips\AppData\Local\Temp\ccbT16OQ.s 			page 46


1818:C:\Program Files (x86)\Cypress\PSoC Creator\4.4\PSoC Creator\1\CapSense_CSD_P4_Design01.cydsn\Generated_Source\PSoC4\CyLib.c ****     *  \param PLL:
1819:C:\Program Files (x86)\Cypress\PSoC Creator\4.4\PSoC Creator\1\CapSense_CSD_P4_Design01.cydsn\Generated_Source\PSoC4\CyLib.c ****     *   0   PLL#0
1820:C:\Program Files (x86)\Cypress\PSoC Creator\4.4\PSoC Creator\1\CapSense_CSD_P4_Design01.cydsn\Generated_Source\PSoC4\CyLib.c ****     *   1   PLL#1
1821:C:\Program Files (x86)\Cypress\PSoC Creator\4.4\PSoC Creator\1\CapSense_CSD_P4_Design01.cydsn\Generated_Source\PSoC4\CyLib.c ****     *
1822:C:\Program Files (x86)\Cypress\PSoC Creator\4.4\PSoC Creator\1\CapSense_CSD_P4_Design01.cydsn\Generated_Source\PSoC4\CyLib.c ****     * \return Non-zero value when the specified PLL sources the System clock and
1823:C:\Program Files (x86)\Cypress\PSoC Creator\4.4\PSoC Creator\1\CapSense_CSD_P4_Design01.cydsn\Generated_Source\PSoC4\CyLib.c ****     * the PLL is not in the bypass mode.
1824:C:\Program Files (x86)\Cypress\PSoC Creator\4.4\PSoC Creator\1\CapSense_CSD_P4_Design01.cydsn\Generated_Source\PSoC4\CyLib.c ****     *
1825:C:\Program Files (x86)\Cypress\PSoC Creator\4.4\PSoC Creator\1\CapSense_CSD_P4_Design01.cydsn\Generated_Source\PSoC4\CyLib.c ****     *******************************************************************************/
1826:C:\Program Files (x86)\Cypress\PSoC Creator\4.4\PSoC Creator\1\CapSense_CSD_P4_Design01.cydsn\Generated_Source\PSoC4\CyLib.c ****     static cystatus CySysClkPllConfigChangeAllowed(uint32 pll)
1827:C:\Program Files (x86)\Cypress\PSoC Creator\4.4\PSoC Creator\1\CapSense_CSD_P4_Design01.cydsn\Generated_Source\PSoC4\CyLib.c ****     {
1828:C:\Program Files (x86)\Cypress\PSoC Creator\4.4\PSoC Creator\1\CapSense_CSD_P4_Design01.cydsn\Generated_Source\PSoC4\CyLib.c ****         uint32   pllBypassMode;
1829:C:\Program Files (x86)\Cypress\PSoC Creator\4.4\PSoC Creator\1\CapSense_CSD_P4_Design01.cydsn\Generated_Source\PSoC4\CyLib.c ****         uint32   sysclkSource;
1830:C:\Program Files (x86)\Cypress\PSoC Creator\4.4\PSoC Creator\1\CapSense_CSD_P4_Design01.cydsn\Generated_Source\PSoC4\CyLib.c ****         cystatus returnValue = CYRET_LOCKED;
1831:C:\Program Files (x86)\Cypress\PSoC Creator\4.4\PSoC Creator\1\CapSense_CSD_P4_Design01.cydsn\Generated_Source\PSoC4\CyLib.c **** 
1832:C:\Program Files (x86)\Cypress\PSoC Creator\4.4\PSoC Creator\1\CapSense_CSD_P4_Design01.cydsn\Generated_Source\PSoC4\CyLib.c ****         sysclkSource  = CySysClkGetSysclkSource();
1833:C:\Program Files (x86)\Cypress\PSoC Creator\4.4\PSoC Creator\1\CapSense_CSD_P4_Design01.cydsn\Generated_Source\PSoC4\CyLib.c ****         pllBypassMode = CySysClkPllGetBypassMode(pll);
1834:C:\Program Files (x86)\Cypress\PSoC Creator\4.4\PSoC Creator\1\CapSense_CSD_P4_Design01.cydsn\Generated_Source\PSoC4\CyLib.c **** 
1835:C:\Program Files (x86)\Cypress\PSoC Creator\4.4\PSoC Creator\1\CapSense_CSD_P4_Design01.cydsn\Generated_Source\PSoC4\CyLib.c ****         if ((CY_SYS_PLL_BYPASS_PLL_REF == pllBypassMode)             ||
1836:C:\Program Files (x86)\Cypress\PSoC Creator\4.4\PSoC Creator\1\CapSense_CSD_P4_Design01.cydsn\Generated_Source\PSoC4\CyLib.c ****             ((CY_SYS_CLK_HFCLK_PLL0 != sysclkSource) && (0u == pll)) ||
1837:C:\Program Files (x86)\Cypress\PSoC Creator\4.4\PSoC Creator\1\CapSense_CSD_P4_Design01.cydsn\Generated_Source\PSoC4\CyLib.c ****             ((CY_SYS_CLK_HFCLK_PLL1 != sysclkSource) && (1u == pll)))
1838:C:\Program Files (x86)\Cypress\PSoC Creator\4.4\PSoC Creator\1\CapSense_CSD_P4_Design01.cydsn\Generated_Source\PSoC4\CyLib.c ****         {
1839:C:\Program Files (x86)\Cypress\PSoC Creator\4.4\PSoC Creator\1\CapSense_CSD_P4_Design01.cydsn\Generated_Source\PSoC4\CyLib.c ****             returnValue = CYRET_SUCCESS;
1840:C:\Program Files (x86)\Cypress\PSoC Creator\4.4\PSoC Creator\1\CapSense_CSD_P4_Design01.cydsn\Generated_Source\PSoC4\CyLib.c ****         }
1841:C:\Program Files (x86)\Cypress\PSoC Creator\4.4\PSoC Creator\1\CapSense_CSD_P4_Design01.cydsn\Generated_Source\PSoC4\CyLib.c **** 
1842:C:\Program Files (x86)\Cypress\PSoC Creator\4.4\PSoC Creator\1\CapSense_CSD_P4_Design01.cydsn\Generated_Source\PSoC4\CyLib.c ****         return (returnValue);
1843:C:\Program Files (x86)\Cypress\PSoC Creator\4.4\PSoC Creator\1\CapSense_CSD_P4_Design01.cydsn\Generated_Source\PSoC4\CyLib.c ****     }
1844:C:\Program Files (x86)\Cypress\PSoC Creator\4.4\PSoC Creator\1\CapSense_CSD_P4_Design01.cydsn\Generated_Source\PSoC4\CyLib.c **** 
1845:C:\Program Files (x86)\Cypress\PSoC Creator\4.4\PSoC Creator\1\CapSense_CSD_P4_Design01.cydsn\Generated_Source\PSoC4\CyLib.c **** 
1846:C:\Program Files (x86)\Cypress\PSoC Creator\4.4\PSoC Creator\1\CapSense_CSD_P4_Design01.cydsn\Generated_Source\PSoC4\CyLib.c ****     /*******************************************************************************
1847:C:\Program Files (x86)\Cypress\PSoC Creator\4.4\PSoC Creator\1\CapSense_CSD_P4_Design01.cydsn\Generated_Source\PSoC4\CyLib.c ****     * Function Name: CySysClkPllGetUnlockStatus
1848:C:\Program Files (x86)\Cypress\PSoC Creator\4.4\PSoC Creator\1\CapSense_CSD_P4_Design01.cydsn\Generated_Source\PSoC4\CyLib.c ****     ****************************************************************************//**
1849:C:\Program Files (x86)\Cypress\PSoC Creator\4.4\PSoC Creator\1\CapSense_CSD_P4_Design01.cydsn\Generated_Source\PSoC4\CyLib.c ****     *
1850:C:\Program Files (x86)\Cypress\PSoC Creator\4.4\PSoC Creator\1\CapSense_CSD_P4_Design01.cydsn\Generated_Source\PSoC4\CyLib.c ****     *  Returns a non-zero value if the specified PLL output was unlocked.
1851:C:\Program Files (x86)\Cypress\PSoC Creator\4.4\PSoC Creator\1\CapSense_CSD_P4_Design01.cydsn\Generated_Source\PSoC4\CyLib.c ****     *  The unlock status is an indicator that the PLL has lost a lock at least once
1852:C:\Program Files (x86)\Cypress\PSoC Creator\4.4\PSoC Creator\1\CapSense_CSD_P4_Design01.cydsn\Generated_Source\PSoC4\CyLib.c ****     *  during its operation. The unlock status is cleared once it is read using
1853:C:\Program Files (x86)\Cypress\PSoC Creator\4.4\PSoC Creator\1\CapSense_CSD_P4_Design01.cydsn\Generated_Source\PSoC4\CyLib.c ****     *  this API.
1854:C:\Program Files (x86)\Cypress\PSoC Creator\4.4\PSoC Creator\1\CapSense_CSD_P4_Design01.cydsn\Generated_Source\PSoC4\CyLib.c ****     *
1855:C:\Program Files (x86)\Cypress\PSoC Creator\4.4\PSoC Creator\1\CapSense_CSD_P4_Design01.cydsn\Generated_Source\PSoC4\CyLib.c ****     *  This API is available only for PSoC 4200L devices.
1856:C:\Program Files (x86)\Cypress\PSoC Creator\4.4\PSoC Creator\1\CapSense_CSD_P4_Design01.cydsn\Generated_Source\PSoC4\CyLib.c ****     *
1857:C:\Program Files (x86)\Cypress\PSoC Creator\4.4\PSoC Creator\1\CapSense_CSD_P4_Design01.cydsn\Generated_Source\PSoC4\CyLib.c ****     *  \param PLL:
1858:C:\Program Files (x86)\Cypress\PSoC Creator\4.4\PSoC Creator\1\CapSense_CSD_P4_Design01.cydsn\Generated_Source\PSoC4\CyLib.c ****     *   0   PLL#0
1859:C:\Program Files (x86)\Cypress\PSoC Creator\4.4\PSoC Creator\1\CapSense_CSD_P4_Design01.cydsn\Generated_Source\PSoC4\CyLib.c ****     *   1   PLL#1
1860:C:\Program Files (x86)\Cypress\PSoC Creator\4.4\PSoC Creator\1\CapSense_CSD_P4_Design01.cydsn\Generated_Source\PSoC4\CyLib.c ****     *
1861:C:\Program Files (x86)\Cypress\PSoC Creator\4.4\PSoC Creator\1\CapSense_CSD_P4_Design01.cydsn\Generated_Source\PSoC4\CyLib.c ****     * \return Non-zero value when the specified PLL was unlocked.
1862:C:\Program Files (x86)\Cypress\PSoC Creator\4.4\PSoC Creator\1\CapSense_CSD_P4_Design01.cydsn\Generated_Source\PSoC4\CyLib.c ****     *
1863:C:\Program Files (x86)\Cypress\PSoC Creator\4.4\PSoC Creator\1\CapSense_CSD_P4_Design01.cydsn\Generated_Source\PSoC4\CyLib.c ****     *******************************************************************************/
1864:C:\Program Files (x86)\Cypress\PSoC Creator\4.4\PSoC Creator\1\CapSense_CSD_P4_Design01.cydsn\Generated_Source\PSoC4\CyLib.c ****     uint32 CySysClkPllGetUnlockStatus(uint32 pll)
1865:C:\Program Files (x86)\Cypress\PSoC Creator\4.4\PSoC Creator\1\CapSense_CSD_P4_Design01.cydsn\Generated_Source\PSoC4\CyLib.c ****     {
1866:C:\Program Files (x86)\Cypress\PSoC Creator\4.4\PSoC Creator\1\CapSense_CSD_P4_Design01.cydsn\Generated_Source\PSoC4\CyLib.c ****         uint32 returnStatus = 0u;
1867:C:\Program Files (x86)\Cypress\PSoC Creator\4.4\PSoC Creator\1\CapSense_CSD_P4_Design01.cydsn\Generated_Source\PSoC4\CyLib.c ****         uint8  interruptState;
1868:C:\Program Files (x86)\Cypress\PSoC Creator\4.4\PSoC Creator\1\CapSense_CSD_P4_Design01.cydsn\Generated_Source\PSoC4\CyLib.c **** 
1869:C:\Program Files (x86)\Cypress\PSoC Creator\4.4\PSoC Creator\1\CapSense_CSD_P4_Design01.cydsn\Generated_Source\PSoC4\CyLib.c ****         interruptState = CyEnterCriticalSection();
1870:C:\Program Files (x86)\Cypress\PSoC Creator\4.4\PSoC Creator\1\CapSense_CSD_P4_Design01.cydsn\Generated_Source\PSoC4\CyLib.c **** 
1871:C:\Program Files (x86)\Cypress\PSoC Creator\4.4\PSoC Creator\1\CapSense_CSD_P4_Design01.cydsn\Generated_Source\PSoC4\CyLib.c ****         returnStatus = CY_SYS_CLK_PLL_BASE.pll[pll].test & CY_SYS_CLK_PLL_TEST_UNLOCK_OCCURRED_MASK
1872:C:\Program Files (x86)\Cypress\PSoC Creator\4.4\PSoC Creator\1\CapSense_CSD_P4_Design01.cydsn\Generated_Source\PSoC4\CyLib.c ****         CY_SYS_CLK_PLL_BASE.pll[pll].test |= CY_SYS_CLK_PLL_TEST_UNLOCK_OCCURRED_MASK;
1873:C:\Program Files (x86)\Cypress\PSoC Creator\4.4\PSoC Creator\1\CapSense_CSD_P4_Design01.cydsn\Generated_Source\PSoC4\CyLib.c **** 
1874:C:\Program Files (x86)\Cypress\PSoC Creator\4.4\PSoC Creator\1\CapSense_CSD_P4_Design01.cydsn\Generated_Source\PSoC4\CyLib.c ****         CyExitCriticalSection(interruptState);
ARM GAS  C:\Users\taips\AppData\Local\Temp\ccbT16OQ.s 			page 47


1875:C:\Program Files (x86)\Cypress\PSoC Creator\4.4\PSoC Creator\1\CapSense_CSD_P4_Design01.cydsn\Generated_Source\PSoC4\CyLib.c **** 
1876:C:\Program Files (x86)\Cypress\PSoC Creator\4.4\PSoC Creator\1\CapSense_CSD_P4_Design01.cydsn\Generated_Source\PSoC4\CyLib.c ****         return (returnStatus);
1877:C:\Program Files (x86)\Cypress\PSoC Creator\4.4\PSoC Creator\1\CapSense_CSD_P4_Design01.cydsn\Generated_Source\PSoC4\CyLib.c ****     }
1878:C:\Program Files (x86)\Cypress\PSoC Creator\4.4\PSoC Creator\1\CapSense_CSD_P4_Design01.cydsn\Generated_Source\PSoC4\CyLib.c **** 
1879:C:\Program Files (x86)\Cypress\PSoC Creator\4.4\PSoC Creator\1\CapSense_CSD_P4_Design01.cydsn\Generated_Source\PSoC4\CyLib.c **** 
1880:C:\Program Files (x86)\Cypress\PSoC Creator\4.4\PSoC Creator\1\CapSense_CSD_P4_Design01.cydsn\Generated_Source\PSoC4\CyLib.c ****     /*******************************************************************************
1881:C:\Program Files (x86)\Cypress\PSoC Creator\4.4\PSoC Creator\1\CapSense_CSD_P4_Design01.cydsn\Generated_Source\PSoC4\CyLib.c ****     * Function Name: CySysClkPllSetFrequency
1882:C:\Program Files (x86)\Cypress\PSoC Creator\4.4\PSoC Creator\1\CapSense_CSD_P4_Design01.cydsn\Generated_Source\PSoC4\CyLib.c ****     ****************************************************************************//**
1883:C:\Program Files (x86)\Cypress\PSoC Creator\4.4\PSoC Creator\1\CapSense_CSD_P4_Design01.cydsn\Generated_Source\PSoC4\CyLib.c ****     *
1884:C:\Program Files (x86)\Cypress\PSoC Creator\4.4\PSoC Creator\1\CapSense_CSD_P4_Design01.cydsn\Generated_Source\PSoC4\CyLib.c ****     * Configures either PLL#0 or PLL#1 for the requested input/output frequencies.
1885:C:\Program Files (x86)\Cypress\PSoC Creator\4.4\PSoC Creator\1\CapSense_CSD_P4_Design01.cydsn\Generated_Source\PSoC4\CyLib.c ****     * The input frequency is the frequency of the source to the PLL. The source is
1886:C:\Program Files (x86)\Cypress\PSoC Creator\4.4\PSoC Creator\1\CapSense_CSD_P4_Design01.cydsn\Generated_Source\PSoC4\CyLib.c ****     * set using the CySysClkPllSetSource() function.
1887:C:\Program Files (x86)\Cypress\PSoC Creator\4.4\PSoC Creator\1\CapSense_CSD_P4_Design01.cydsn\Generated_Source\PSoC4\CyLib.c ****     *
1888:C:\Program Files (x86)\Cypress\PSoC Creator\4.4\PSoC Creator\1\CapSense_CSD_P4_Design01.cydsn\Generated_Source\PSoC4\CyLib.c ****     * The PLL must not be the system clock source when calling this function. The
1889:C:\Program Files (x86)\Cypress\PSoC Creator\4.4\PSoC Creator\1\CapSense_CSD_P4_Design01.cydsn\Generated_Source\PSoC4\CyLib.c ****     * PLL output will glitch during this function call.
1890:C:\Program Files (x86)\Cypress\PSoC Creator\4.4\PSoC Creator\1\CapSense_CSD_P4_Design01.cydsn\Generated_Source\PSoC4\CyLib.c ****     *
1891:C:\Program Files (x86)\Cypress\PSoC Creator\4.4\PSoC Creator\1\CapSense_CSD_P4_Design01.cydsn\Generated_Source\PSoC4\CyLib.c ****     * This API is available only for PSoC 4200L devices.
1892:C:\Program Files (x86)\Cypress\PSoC Creator\4.4\PSoC Creator\1\CapSense_CSD_P4_Design01.cydsn\Generated_Source\PSoC4\CyLib.c ****     *
1893:C:\Program Files (x86)\Cypress\PSoC Creator\4.4\PSoC Creator\1\CapSense_CSD_P4_Design01.cydsn\Generated_Source\PSoC4\CyLib.c ****     * \param pll:
1894:C:\Program Files (x86)\Cypress\PSoC Creator\4.4\PSoC Creator\1\CapSense_CSD_P4_Design01.cydsn\Generated_Source\PSoC4\CyLib.c ****     *  0   PLL#0
1895:C:\Program Files (x86)\Cypress\PSoC Creator\4.4\PSoC Creator\1\CapSense_CSD_P4_Design01.cydsn\Generated_Source\PSoC4\CyLib.c ****     *  1   PLL#1
1896:C:\Program Files (x86)\Cypress\PSoC Creator\4.4\PSoC Creator\1\CapSense_CSD_P4_Design01.cydsn\Generated_Source\PSoC4\CyLib.c ****     *
1897:C:\Program Files (x86)\Cypress\PSoC Creator\4.4\PSoC Creator\1\CapSense_CSD_P4_Design01.cydsn\Generated_Source\PSoC4\CyLib.c ****     * \param inputFreq The reference frequency in KHz. The valid range is from 1000 to 49152 KHz.
1898:C:\Program Files (x86)\Cypress\PSoC Creator\4.4\PSoC Creator\1\CapSense_CSD_P4_Design01.cydsn\Generated_Source\PSoC4\CyLib.c ****     *
1899:C:\Program Files (x86)\Cypress\PSoC Creator\4.4\PSoC Creator\1\CapSense_CSD_P4_Design01.cydsn\Generated_Source\PSoC4\CyLib.c ****     * \param pllFreq The target frequency in KHz. The valid range is from 22500 to 49152 KHz.
1900:C:\Program Files (x86)\Cypress\PSoC Creator\4.4\PSoC Creator\1\CapSense_CSD_P4_Design01.cydsn\Generated_Source\PSoC4\CyLib.c ****     *
1901:C:\Program Files (x86)\Cypress\PSoC Creator\4.4\PSoC Creator\1\CapSense_CSD_P4_Design01.cydsn\Generated_Source\PSoC4\CyLib.c ****     * \param divider The output clock divider for the PLL:
1902:C:\Program Files (x86)\Cypress\PSoC Creator\4.4\PSoC Creator\1\CapSense_CSD_P4_Design01.cydsn\Generated_Source\PSoC4\CyLib.c ****     * CY_SYS_PLL_OUTPUT_DIVPASS    Pass Through
1903:C:\Program Files (x86)\Cypress\PSoC Creator\4.4\PSoC Creator\1\CapSense_CSD_P4_Design01.cydsn\Generated_Source\PSoC4\CyLib.c ****     * CY_SYS_PLL_OUTPUT_DIV2       Divide by 2
1904:C:\Program Files (x86)\Cypress\PSoC Creator\4.4\PSoC Creator\1\CapSense_CSD_P4_Design01.cydsn\Generated_Source\PSoC4\CyLib.c ****     * CY_SYS_PLL_OUTPUT_DIV4       Divide by 4
1905:C:\Program Files (x86)\Cypress\PSoC Creator\4.4\PSoC Creator\1\CapSense_CSD_P4_Design01.cydsn\Generated_Source\PSoC4\CyLib.c ****     * CY_SYS_PLL_OUTPUT_DIV8       Divide by 8
1906:C:\Program Files (x86)\Cypress\PSoC Creator\4.4\PSoC Creator\1\CapSense_CSD_P4_Design01.cydsn\Generated_Source\PSoC4\CyLib.c ****     *
1907:C:\Program Files (x86)\Cypress\PSoC Creator\4.4\PSoC Creator\1\CapSense_CSD_P4_Design01.cydsn\Generated_Source\PSoC4\CyLib.c ****     * \param freqTol The tolerance in ppm, 10 ppm is equal to 0.001%.
1908:C:\Program Files (x86)\Cypress\PSoC Creator\4.4\PSoC Creator\1\CapSense_CSD_P4_Design01.cydsn\Generated_Source\PSoC4\CyLib.c ****     *
1909:C:\Program Files (x86)\Cypress\PSoC Creator\4.4\PSoC Creator\1\CapSense_CSD_P4_Design01.cydsn\Generated_Source\PSoC4\CyLib.c ****     * \return CYRET_SUCCESS The PLL was successfully configured for the requested
1910:C:\Program Files (x86)\Cypress\PSoC Creator\4.4\PSoC Creator\1\CapSense_CSD_P4_Design01.cydsn\Generated_Source\PSoC4\CyLib.c ****     * frequency.
1911:C:\Program Files (x86)\Cypress\PSoC Creator\4.4\PSoC Creator\1\CapSense_CSD_P4_Design01.cydsn\Generated_Source\PSoC4\CyLib.c ****     *
1912:C:\Program Files (x86)\Cypress\PSoC Creator\4.4\PSoC Creator\1\CapSense_CSD_P4_Design01.cydsn\Generated_Source\PSoC4\CyLib.c ****     * \return CYRET_BAD_PARAM The PLL was not able to successfully configure for the
1913:C:\Program Files (x86)\Cypress\PSoC Creator\4.4\PSoC Creator\1\CapSense_CSD_P4_Design01.cydsn\Generated_Source\PSoC4\CyLib.c ****     * requested frequency.
1914:C:\Program Files (x86)\Cypress\PSoC Creator\4.4\PSoC Creator\1\CapSense_CSD_P4_Design01.cydsn\Generated_Source\PSoC4\CyLib.c ****     *
1915:C:\Program Files (x86)\Cypress\PSoC Creator\4.4\PSoC Creator\1\CapSense_CSD_P4_Design01.cydsn\Generated_Source\PSoC4\CyLib.c ****     *******************************************************************************/
1916:C:\Program Files (x86)\Cypress\PSoC Creator\4.4\PSoC Creator\1\CapSense_CSD_P4_Design01.cydsn\Generated_Source\PSoC4\CyLib.c ****     cystatus CySysClkPllSetFrequency(uint32 pll, uint32 inputFreq, uint32 pllFreq, uint32 divider, 
1917:C:\Program Files (x86)\Cypress\PSoC Creator\4.4\PSoC Creator\1\CapSense_CSD_P4_Design01.cydsn\Generated_Source\PSoC4\CyLib.c ****     {
1918:C:\Program Files (x86)\Cypress\PSoC Creator\4.4\PSoC Creator\1\CapSense_CSD_P4_Design01.cydsn\Generated_Source\PSoC4\CyLib.c ****         uint32 qMin;
1919:C:\Program Files (x86)\Cypress\PSoC Creator\4.4\PSoC Creator\1\CapSense_CSD_P4_Design01.cydsn\Generated_Source\PSoC4\CyLib.c ****         uint32 qMax;
1920:C:\Program Files (x86)\Cypress\PSoC Creator\4.4\PSoC Creator\1\CapSense_CSD_P4_Design01.cydsn\Generated_Source\PSoC4\CyLib.c **** 
1921:C:\Program Files (x86)\Cypress\PSoC Creator\4.4\PSoC Creator\1\CapSense_CSD_P4_Design01.cydsn\Generated_Source\PSoC4\CyLib.c ****         uint32 qVal = CY_SYS_CLK_PLL_INVALID;
1922:C:\Program Files (x86)\Cypress\PSoC Creator\4.4\PSoC Creator\1\CapSense_CSD_P4_Design01.cydsn\Generated_Source\PSoC4\CyLib.c ****         uint32 pVal = CY_SYS_CLK_PLL_INVALID;
1923:C:\Program Files (x86)\Cypress\PSoC Creator\4.4\PSoC Creator\1\CapSense_CSD_P4_Design01.cydsn\Generated_Source\PSoC4\CyLib.c **** 
1924:C:\Program Files (x86)\Cypress\PSoC Creator\4.4\PSoC Creator\1\CapSense_CSD_P4_Design01.cydsn\Generated_Source\PSoC4\CyLib.c ****         uint32 q;
1925:C:\Program Files (x86)\Cypress\PSoC Creator\4.4\PSoC Creator\1\CapSense_CSD_P4_Design01.cydsn\Generated_Source\PSoC4\CyLib.c ****         uint32 p;
1926:C:\Program Files (x86)\Cypress\PSoC Creator\4.4\PSoC Creator\1\CapSense_CSD_P4_Design01.cydsn\Generated_Source\PSoC4\CyLib.c **** 
1927:C:\Program Files (x86)\Cypress\PSoC Creator\4.4\PSoC Creator\1\CapSense_CSD_P4_Design01.cydsn\Generated_Source\PSoC4\CyLib.c ****         uint32 fvco;
1928:C:\Program Files (x86)\Cypress\PSoC Creator\4.4\PSoC Creator\1\CapSense_CSD_P4_Design01.cydsn\Generated_Source\PSoC4\CyLib.c ****         int32 ferr;
1929:C:\Program Files (x86)\Cypress\PSoC Creator\4.4\PSoC Creator\1\CapSense_CSD_P4_Design01.cydsn\Generated_Source\PSoC4\CyLib.c **** 
1930:C:\Program Files (x86)\Cypress\PSoC Creator\4.4\PSoC Creator\1\CapSense_CSD_P4_Design01.cydsn\Generated_Source\PSoC4\CyLib.c ****         cystatus tmp;
1931:C:\Program Files (x86)\Cypress\PSoC Creator\4.4\PSoC Creator\1\CapSense_CSD_P4_Design01.cydsn\Generated_Source\PSoC4\CyLib.c ****         cystatus returnStatus = CYRET_BAD_PARAM;
ARM GAS  C:\Users\taips\AppData\Local\Temp\ccbT16OQ.s 			page 48


1932:C:\Program Files (x86)\Cypress\PSoC Creator\4.4\PSoC Creator\1\CapSense_CSD_P4_Design01.cydsn\Generated_Source\PSoC4\CyLib.c **** 
1933:C:\Program Files (x86)\Cypress\PSoC Creator\4.4\PSoC Creator\1\CapSense_CSD_P4_Design01.cydsn\Generated_Source\PSoC4\CyLib.c **** 
1934:C:\Program Files (x86)\Cypress\PSoC Creator\4.4\PSoC Creator\1\CapSense_CSD_P4_Design01.cydsn\Generated_Source\PSoC4\CyLib.c ****         tmp = CySysClkPllConfigChangeAllowed(pll);
1935:C:\Program Files (x86)\Cypress\PSoC Creator\4.4\PSoC Creator\1\CapSense_CSD_P4_Design01.cydsn\Generated_Source\PSoC4\CyLib.c **** 
1936:C:\Program Files (x86)\Cypress\PSoC Creator\4.4\PSoC Creator\1\CapSense_CSD_P4_Design01.cydsn\Generated_Source\PSoC4\CyLib.c ****         if ((pll < CY_IP_PLL_NR) &&
1937:C:\Program Files (x86)\Cypress\PSoC Creator\4.4\PSoC Creator\1\CapSense_CSD_P4_Design01.cydsn\Generated_Source\PSoC4\CyLib.c ****             (inputFreq  >= CY_SYS_CLK_PLL_INPUT_FREQ_MIN )  && (inputFreq  <= CY_SYS_CLK_PLL_INPUT_
1938:C:\Program Files (x86)\Cypress\PSoC Creator\4.4\PSoC Creator\1\CapSense_CSD_P4_Design01.cydsn\Generated_Source\PSoC4\CyLib.c ****             (pllFreq >= CY_SYS_CLK_PLL_OUTPUT_FREQ_MIN ) && (pllFreq <= CY_SYS_CLK_PLL_OUTPUT_FREQ_
1939:C:\Program Files (x86)\Cypress\PSoC Creator\4.4\PSoC Creator\1\CapSense_CSD_P4_Design01.cydsn\Generated_Source\PSoC4\CyLib.c ****             (divider <= CY_SYS_PLL_OUTPUT_DIV8) &&
1940:C:\Program Files (x86)\Cypress\PSoC Creator\4.4\PSoC Creator\1\CapSense_CSD_P4_Design01.cydsn\Generated_Source\PSoC4\CyLib.c ****             (CYRET_SUCCESS == tmp))
1941:C:\Program Files (x86)\Cypress\PSoC Creator\4.4\PSoC Creator\1\CapSense_CSD_P4_Design01.cydsn\Generated_Source\PSoC4\CyLib.c ****         {
1942:C:\Program Files (x86)\Cypress\PSoC Creator\4.4\PSoC Creator\1\CapSense_CSD_P4_Design01.cydsn\Generated_Source\PSoC4\CyLib.c **** 
1943:C:\Program Files (x86)\Cypress\PSoC Creator\4.4\PSoC Creator\1\CapSense_CSD_P4_Design01.cydsn\Generated_Source\PSoC4\CyLib.c ****             /* Minimum feed forward loop divisor */
1944:C:\Program Files (x86)\Cypress\PSoC Creator\4.4\PSoC Creator\1\CapSense_CSD_P4_Design01.cydsn\Generated_Source\PSoC4\CyLib.c ****             qMin = (inputFreq + (CY_SYS_CLK_PLL_FPFDMAX - 1u)) / CY_SYS_CLK_PLL_FPFDMAX;
1945:C:\Program Files (x86)\Cypress\PSoC Creator\4.4\PSoC Creator\1\CapSense_CSD_P4_Design01.cydsn\Generated_Source\PSoC4\CyLib.c ****             qMin = (qMin < CY_SYS_CLK_PLL_QMINIP) ? CY_SYS_CLK_PLL_QMINIP : qMin;
1946:C:\Program Files (x86)\Cypress\PSoC Creator\4.4\PSoC Creator\1\CapSense_CSD_P4_Design01.cydsn\Generated_Source\PSoC4\CyLib.c **** 
1947:C:\Program Files (x86)\Cypress\PSoC Creator\4.4\PSoC Creator\1\CapSense_CSD_P4_Design01.cydsn\Generated_Source\PSoC4\CyLib.c ****             /* Maximum feed forward loop divisor */
1948:C:\Program Files (x86)\Cypress\PSoC Creator\4.4\PSoC Creator\1\CapSense_CSD_P4_Design01.cydsn\Generated_Source\PSoC4\CyLib.c ****             qMax = inputFreq / CY_SYS_CLK_PLL_FPFDMIN;
1949:C:\Program Files (x86)\Cypress\PSoC Creator\4.4\PSoC Creator\1\CapSense_CSD_P4_Design01.cydsn\Generated_Source\PSoC4\CyLib.c ****             qMax = (qMax > CY_SYS_CLK_PLL_QMAXIP) ? CY_SYS_CLK_PLL_QMAXIP : qMax;
1950:C:\Program Files (x86)\Cypress\PSoC Creator\4.4\PSoC Creator\1\CapSense_CSD_P4_Design01.cydsn\Generated_Source\PSoC4\CyLib.c **** 
1951:C:\Program Files (x86)\Cypress\PSoC Creator\4.4\PSoC Creator\1\CapSense_CSD_P4_Design01.cydsn\Generated_Source\PSoC4\CyLib.c ****             if (qMin <= qMax)
1952:C:\Program Files (x86)\Cypress\PSoC Creator\4.4\PSoC Creator\1\CapSense_CSD_P4_Design01.cydsn\Generated_Source\PSoC4\CyLib.c ****             {
1953:C:\Program Files (x86)\Cypress\PSoC Creator\4.4\PSoC Creator\1\CapSense_CSD_P4_Design01.cydsn\Generated_Source\PSoC4\CyLib.c ****                 for(q = qMin; q <= qMax; q++)
1954:C:\Program Files (x86)\Cypress\PSoC Creator\4.4\PSoC Creator\1\CapSense_CSD_P4_Design01.cydsn\Generated_Source\PSoC4\CyLib.c ****                 {
1955:C:\Program Files (x86)\Cypress\PSoC Creator\4.4\PSoC Creator\1\CapSense_CSD_P4_Design01.cydsn\Generated_Source\PSoC4\CyLib.c ****                     /* Solve for the feedback divisor value */
1956:C:\Program Files (x86)\Cypress\PSoC Creator\4.4\PSoC Creator\1\CapSense_CSD_P4_Design01.cydsn\Generated_Source\PSoC4\CyLib.c **** 
1957:C:\Program Files (x86)\Cypress\PSoC Creator\4.4\PSoC Creator\1\CapSense_CSD_P4_Design01.cydsn\Generated_Source\PSoC4\CyLib.c ****                     /* INT((pllFreq * q ) / inputFreq), where INT is normal rounding  */
1958:C:\Program Files (x86)\Cypress\PSoC Creator\4.4\PSoC Creator\1\CapSense_CSD_P4_Design01.cydsn\Generated_Source\PSoC4\CyLib.c ****                     p = ((pllFreq * q) + (inputFreq / 2u)) / inputFreq;
1959:C:\Program Files (x86)\Cypress\PSoC Creator\4.4\PSoC Creator\1\CapSense_CSD_P4_Design01.cydsn\Generated_Source\PSoC4\CyLib.c **** 
1960:C:\Program Files (x86)\Cypress\PSoC Creator\4.4\PSoC Creator\1\CapSense_CSD_P4_Design01.cydsn\Generated_Source\PSoC4\CyLib.c ****                     /* Calculate the actual VCO frequency (FVCO) */
1961:C:\Program Files (x86)\Cypress\PSoC Creator\4.4\PSoC Creator\1\CapSense_CSD_P4_Design01.cydsn\Generated_Source\PSoC4\CyLib.c ****                     fvco = ((inputFreq * p) / q);
1962:C:\Program Files (x86)\Cypress\PSoC Creator\4.4\PSoC Creator\1\CapSense_CSD_P4_Design01.cydsn\Generated_Source\PSoC4\CyLib.c **** 
1963:C:\Program Files (x86)\Cypress\PSoC Creator\4.4\PSoC Creator\1\CapSense_CSD_P4_Design01.cydsn\Generated_Source\PSoC4\CyLib.c ****                     /* Calculate the frequency error (FERR) */
1964:C:\Program Files (x86)\Cypress\PSoC Creator\4.4\PSoC Creator\1\CapSense_CSD_P4_Design01.cydsn\Generated_Source\PSoC4\CyLib.c ****                     ferr = ((1000000 * ((int32) fvco - (int32) pllFreq))/ (int32) pllFreq);
1965:C:\Program Files (x86)\Cypress\PSoC Creator\4.4\PSoC Creator\1\CapSense_CSD_P4_Design01.cydsn\Generated_Source\PSoC4\CyLib.c **** 
1966:C:\Program Files (x86)\Cypress\PSoC Creator\4.4\PSoC Creator\1\CapSense_CSD_P4_Design01.cydsn\Generated_Source\PSoC4\CyLib.c ****                     /* Bound check the frequency error and decide next action */
1967:C:\Program Files (x86)\Cypress\PSoC Creator\4.4\PSoC Creator\1\CapSense_CSD_P4_Design01.cydsn\Generated_Source\PSoC4\CyLib.c ****                     if ((( -1 * (int32) freqTol) <= ferr) && (ferr <= (int32) freqTol))
1968:C:\Program Files (x86)\Cypress\PSoC Creator\4.4\PSoC Creator\1\CapSense_CSD_P4_Design01.cydsn\Generated_Source\PSoC4\CyLib.c ****                     {
1969:C:\Program Files (x86)\Cypress\PSoC Creator\4.4\PSoC Creator\1\CapSense_CSD_P4_Design01.cydsn\Generated_Source\PSoC4\CyLib.c ****                         qVal = q;
1970:C:\Program Files (x86)\Cypress\PSoC Creator\4.4\PSoC Creator\1\CapSense_CSD_P4_Design01.cydsn\Generated_Source\PSoC4\CyLib.c ****                         pVal = p;
1971:C:\Program Files (x86)\Cypress\PSoC Creator\4.4\PSoC Creator\1\CapSense_CSD_P4_Design01.cydsn\Generated_Source\PSoC4\CyLib.c ****                         break;
1972:C:\Program Files (x86)\Cypress\PSoC Creator\4.4\PSoC Creator\1\CapSense_CSD_P4_Design01.cydsn\Generated_Source\PSoC4\CyLib.c ****                     }
1973:C:\Program Files (x86)\Cypress\PSoC Creator\4.4\PSoC Creator\1\CapSense_CSD_P4_Design01.cydsn\Generated_Source\PSoC4\CyLib.c ****                 }
1974:C:\Program Files (x86)\Cypress\PSoC Creator\4.4\PSoC Creator\1\CapSense_CSD_P4_Design01.cydsn\Generated_Source\PSoC4\CyLib.c **** 
1975:C:\Program Files (x86)\Cypress\PSoC Creator\4.4\PSoC Creator\1\CapSense_CSD_P4_Design01.cydsn\Generated_Source\PSoC4\CyLib.c **** 
1976:C:\Program Files (x86)\Cypress\PSoC Creator\4.4\PSoC Creator\1\CapSense_CSD_P4_Design01.cydsn\Generated_Source\PSoC4\CyLib.c ****                 if ((pVal != CY_SYS_CLK_PLL_INVALID) && (qVal != CY_SYS_CLK_PLL_INVALID))
1977:C:\Program Files (x86)\Cypress\PSoC Creator\4.4\PSoC Creator\1\CapSense_CSD_P4_Design01.cydsn\Generated_Source\PSoC4\CyLib.c ****                 {
1978:C:\Program Files (x86)\Cypress\PSoC Creator\4.4\PSoC Creator\1\CapSense_CSD_P4_Design01.cydsn\Generated_Source\PSoC4\CyLib.c ****                     if (CySysClkPllSetPQ(pll, pVal, qVal, CY_SYS_CLK_PLL_CURRENT_DEFAULT) == CYRET_
1979:C:\Program Files (x86)\Cypress\PSoC Creator\4.4\PSoC Creator\1\CapSense_CSD_P4_Design01.cydsn\Generated_Source\PSoC4\CyLib.c ****                     {
1980:C:\Program Files (x86)\Cypress\PSoC Creator\4.4\PSoC Creator\1\CapSense_CSD_P4_Design01.cydsn\Generated_Source\PSoC4\CyLib.c ****                         returnStatus = CySysClkPllSetOutputDivider(pll, divider);
1981:C:\Program Files (x86)\Cypress\PSoC Creator\4.4\PSoC Creator\1\CapSense_CSD_P4_Design01.cydsn\Generated_Source\PSoC4\CyLib.c ****                     }
1982:C:\Program Files (x86)\Cypress\PSoC Creator\4.4\PSoC Creator\1\CapSense_CSD_P4_Design01.cydsn\Generated_Source\PSoC4\CyLib.c ****                 }
1983:C:\Program Files (x86)\Cypress\PSoC Creator\4.4\PSoC Creator\1\CapSense_CSD_P4_Design01.cydsn\Generated_Source\PSoC4\CyLib.c ****             }
1984:C:\Program Files (x86)\Cypress\PSoC Creator\4.4\PSoC Creator\1\CapSense_CSD_P4_Design01.cydsn\Generated_Source\PSoC4\CyLib.c **** 
1985:C:\Program Files (x86)\Cypress\PSoC Creator\4.4\PSoC Creator\1\CapSense_CSD_P4_Design01.cydsn\Generated_Source\PSoC4\CyLib.c ****         }
1986:C:\Program Files (x86)\Cypress\PSoC Creator\4.4\PSoC Creator\1\CapSense_CSD_P4_Design01.cydsn\Generated_Source\PSoC4\CyLib.c **** 
1987:C:\Program Files (x86)\Cypress\PSoC Creator\4.4\PSoC Creator\1\CapSense_CSD_P4_Design01.cydsn\Generated_Source\PSoC4\CyLib.c ****         return (returnStatus);
1988:C:\Program Files (x86)\Cypress\PSoC Creator\4.4\PSoC Creator\1\CapSense_CSD_P4_Design01.cydsn\Generated_Source\PSoC4\CyLib.c ****     }
ARM GAS  C:\Users\taips\AppData\Local\Temp\ccbT16OQ.s 			page 49


1989:C:\Program Files (x86)\Cypress\PSoC Creator\4.4\PSoC Creator\1\CapSense_CSD_P4_Design01.cydsn\Generated_Source\PSoC4\CyLib.c **** 
1990:C:\Program Files (x86)\Cypress\PSoC Creator\4.4\PSoC Creator\1\CapSense_CSD_P4_Design01.cydsn\Generated_Source\PSoC4\CyLib.c **** 
1991:C:\Program Files (x86)\Cypress\PSoC Creator\4.4\PSoC Creator\1\CapSense_CSD_P4_Design01.cydsn\Generated_Source\PSoC4\CyLib.c ****     /*******************************************************************************
1992:C:\Program Files (x86)\Cypress\PSoC Creator\4.4\PSoC Creator\1\CapSense_CSD_P4_Design01.cydsn\Generated_Source\PSoC4\CyLib.c ****     * Function Name: CySysClkPllSetSource
1993:C:\Program Files (x86)\Cypress\PSoC Creator\4.4\PSoC Creator\1\CapSense_CSD_P4_Design01.cydsn\Generated_Source\PSoC4\CyLib.c ****     ****************************************************************************//**
1994:C:\Program Files (x86)\Cypress\PSoC Creator\4.4\PSoC Creator\1\CapSense_CSD_P4_Design01.cydsn\Generated_Source\PSoC4\CyLib.c ****     *
1995:C:\Program Files (x86)\Cypress\PSoC Creator\4.4\PSoC Creator\1\CapSense_CSD_P4_Design01.cydsn\Generated_Source\PSoC4\CyLib.c ****     *  Sets the input clock source to the PLL. The PLL must be disabled before
1996:C:\Program Files (x86)\Cypress\PSoC Creator\4.4\PSoC Creator\1\CapSense_CSD_P4_Design01.cydsn\Generated_Source\PSoC4\CyLib.c ****     *  calling this function.
1997:C:\Program Files (x86)\Cypress\PSoC Creator\4.4\PSoC Creator\1\CapSense_CSD_P4_Design01.cydsn\Generated_Source\PSoC4\CyLib.c ****     *
1998:C:\Program Files (x86)\Cypress\PSoC Creator\4.4\PSoC Creator\1\CapSense_CSD_P4_Design01.cydsn\Generated_Source\PSoC4\CyLib.c ****     *  This API is available only for PSoC 4200L devices.
1999:C:\Program Files (x86)\Cypress\PSoC Creator\4.4\PSoC Creator\1\CapSense_CSD_P4_Design01.cydsn\Generated_Source\PSoC4\CyLib.c ****     *
2000:C:\Program Files (x86)\Cypress\PSoC Creator\4.4\PSoC Creator\1\CapSense_CSD_P4_Design01.cydsn\Generated_Source\PSoC4\CyLib.c ****     *  \param PLL:
2001:C:\Program Files (x86)\Cypress\PSoC Creator\4.4\PSoC Creator\1\CapSense_CSD_P4_Design01.cydsn\Generated_Source\PSoC4\CyLib.c ****     *  0   PLL#0
2002:C:\Program Files (x86)\Cypress\PSoC Creator\4.4\PSoC Creator\1\CapSense_CSD_P4_Design01.cydsn\Generated_Source\PSoC4\CyLib.c ****     *  1   PLL#1
2003:C:\Program Files (x86)\Cypress\PSoC Creator\4.4\PSoC Creator\1\CapSense_CSD_P4_Design01.cydsn\Generated_Source\PSoC4\CyLib.c ****     *
2004:C:\Program Files (x86)\Cypress\PSoC Creator\4.4\PSoC Creator\1\CapSense_CSD_P4_Design01.cydsn\Generated_Source\PSoC4\CyLib.c ****     * \param source:
2005:C:\Program Files (x86)\Cypress\PSoC Creator\4.4\PSoC Creator\1\CapSense_CSD_P4_Design01.cydsn\Generated_Source\PSoC4\CyLib.c ****     *  CY_SYS_PLL_SOURCE_IMO        IMO
2006:C:\Program Files (x86)\Cypress\PSoC Creator\4.4\PSoC Creator\1\CapSense_CSD_P4_Design01.cydsn\Generated_Source\PSoC4\CyLib.c ****     *  CY_SYS_PLL_SOURCE_EXTCLK     External Clock
2007:C:\Program Files (x86)\Cypress\PSoC Creator\4.4\PSoC Creator\1\CapSense_CSD_P4_Design01.cydsn\Generated_Source\PSoC4\CyLib.c ****     *  CY_SYS_PLL_SOURCE_ECO        ECO
2008:C:\Program Files (x86)\Cypress\PSoC Creator\4.4\PSoC Creator\1\CapSense_CSD_P4_Design01.cydsn\Generated_Source\PSoC4\CyLib.c ****     *  CY_SYS_PLL_SOURCE_DSI0       DSI_OUT[0]
2009:C:\Program Files (x86)\Cypress\PSoC Creator\4.4\PSoC Creator\1\CapSense_CSD_P4_Design01.cydsn\Generated_Source\PSoC4\CyLib.c ****     *  CY_SYS_PLL_SOURCE_DSI1       DSI_OUT[1]
2010:C:\Program Files (x86)\Cypress\PSoC Creator\4.4\PSoC Creator\1\CapSense_CSD_P4_Design01.cydsn\Generated_Source\PSoC4\CyLib.c ****     *  CY_SYS_PLL_SOURCE_DSI2       DSI_OUT[2]
2011:C:\Program Files (x86)\Cypress\PSoC Creator\4.4\PSoC Creator\1\CapSense_CSD_P4_Design01.cydsn\Generated_Source\PSoC4\CyLib.c ****     *  CY_SYS_PLL_SOURCE_DSI3       DSI_OUT[3]
2012:C:\Program Files (x86)\Cypress\PSoC Creator\4.4\PSoC Creator\1\CapSense_CSD_P4_Design01.cydsn\Generated_Source\PSoC4\CyLib.c ****     *
2013:C:\Program Files (x86)\Cypress\PSoC Creator\4.4\PSoC Creator\1\CapSense_CSD_P4_Design01.cydsn\Generated_Source\PSoC4\CyLib.c ****     *******************************************************************************/
2014:C:\Program Files (x86)\Cypress\PSoC Creator\4.4\PSoC Creator\1\CapSense_CSD_P4_Design01.cydsn\Generated_Source\PSoC4\CyLib.c ****     void CySysClkPllSetSource(uint32 pll, uint32 source)
2015:C:\Program Files (x86)\Cypress\PSoC Creator\4.4\PSoC Creator\1\CapSense_CSD_P4_Design01.cydsn\Generated_Source\PSoC4\CyLib.c ****     {
2016:C:\Program Files (x86)\Cypress\PSoC Creator\4.4\PSoC Creator\1\CapSense_CSD_P4_Design01.cydsn\Generated_Source\PSoC4\CyLib.c ****         uint32 regTmp;
2017:C:\Program Files (x86)\Cypress\PSoC Creator\4.4\PSoC Creator\1\CapSense_CSD_P4_Design01.cydsn\Generated_Source\PSoC4\CyLib.c ****         uint8  interruptState;
2018:C:\Program Files (x86)\Cypress\PSoC Creator\4.4\PSoC Creator\1\CapSense_CSD_P4_Design01.cydsn\Generated_Source\PSoC4\CyLib.c **** 
2019:C:\Program Files (x86)\Cypress\PSoC Creator\4.4\PSoC Creator\1\CapSense_CSD_P4_Design01.cydsn\Generated_Source\PSoC4\CyLib.c ****         interruptState = CyEnterCriticalSection();
2020:C:\Program Files (x86)\Cypress\PSoC Creator\4.4\PSoC Creator\1\CapSense_CSD_P4_Design01.cydsn\Generated_Source\PSoC4\CyLib.c **** 
2021:C:\Program Files (x86)\Cypress\PSoC Creator\4.4\PSoC Creator\1\CapSense_CSD_P4_Design01.cydsn\Generated_Source\PSoC4\CyLib.c ****         if (pll < CY_IP_PLL_NR)
2022:C:\Program Files (x86)\Cypress\PSoC Creator\4.4\PSoC Creator\1\CapSense_CSD_P4_Design01.cydsn\Generated_Source\PSoC4\CyLib.c ****         {
2023:C:\Program Files (x86)\Cypress\PSoC Creator\4.4\PSoC Creator\1\CapSense_CSD_P4_Design01.cydsn\Generated_Source\PSoC4\CyLib.c ****             regTmp = CY_SYS_CLK_SELECT_REG & (uint32) ~CY_SYS_CLK_SELECT_PLL_MASK(pll);
2024:C:\Program Files (x86)\Cypress\PSoC Creator\4.4\PSoC Creator\1\CapSense_CSD_P4_Design01.cydsn\Generated_Source\PSoC4\CyLib.c ****             regTmp |= ((source << CY_SYS_CLK_SELECT_PLL_SHIFT(pll)) & CY_SYS_CLK_SELECT_PLL_MASK(pl
2025:C:\Program Files (x86)\Cypress\PSoC Creator\4.4\PSoC Creator\1\CapSense_CSD_P4_Design01.cydsn\Generated_Source\PSoC4\CyLib.c ****             CY_SYS_CLK_SELECT_REG = regTmp;
2026:C:\Program Files (x86)\Cypress\PSoC Creator\4.4\PSoC Creator\1\CapSense_CSD_P4_Design01.cydsn\Generated_Source\PSoC4\CyLib.c ****         }
2027:C:\Program Files (x86)\Cypress\PSoC Creator\4.4\PSoC Creator\1\CapSense_CSD_P4_Design01.cydsn\Generated_Source\PSoC4\CyLib.c **** 
2028:C:\Program Files (x86)\Cypress\PSoC Creator\4.4\PSoC Creator\1\CapSense_CSD_P4_Design01.cydsn\Generated_Source\PSoC4\CyLib.c ****         CyExitCriticalSection(interruptState);
2029:C:\Program Files (x86)\Cypress\PSoC Creator\4.4\PSoC Creator\1\CapSense_CSD_P4_Design01.cydsn\Generated_Source\PSoC4\CyLib.c ****     }
2030:C:\Program Files (x86)\Cypress\PSoC Creator\4.4\PSoC Creator\1\CapSense_CSD_P4_Design01.cydsn\Generated_Source\PSoC4\CyLib.c **** 
2031:C:\Program Files (x86)\Cypress\PSoC Creator\4.4\PSoC Creator\1\CapSense_CSD_P4_Design01.cydsn\Generated_Source\PSoC4\CyLib.c **** 
2032:C:\Program Files (x86)\Cypress\PSoC Creator\4.4\PSoC Creator\1\CapSense_CSD_P4_Design01.cydsn\Generated_Source\PSoC4\CyLib.c ****     /*******************************************************************************
2033:C:\Program Files (x86)\Cypress\PSoC Creator\4.4\PSoC Creator\1\CapSense_CSD_P4_Design01.cydsn\Generated_Source\PSoC4\CyLib.c ****     * Function Name: CySysClkPllSetOutputDivider
2034:C:\Program Files (x86)\Cypress\PSoC Creator\4.4\PSoC Creator\1\CapSense_CSD_P4_Design01.cydsn\Generated_Source\PSoC4\CyLib.c ****     ****************************************************************************//**
2035:C:\Program Files (x86)\Cypress\PSoC Creator\4.4\PSoC Creator\1\CapSense_CSD_P4_Design01.cydsn\Generated_Source\PSoC4\CyLib.c ****     *
2036:C:\Program Files (x86)\Cypress\PSoC Creator\4.4\PSoC Creator\1\CapSense_CSD_P4_Design01.cydsn\Generated_Source\PSoC4\CyLib.c ****     *  Sets the output clock divider for the PLL.
2037:C:\Program Files (x86)\Cypress\PSoC Creator\4.4\PSoC Creator\1\CapSense_CSD_P4_Design01.cydsn\Generated_Source\PSoC4\CyLib.c ****     *
2038:C:\Program Files (x86)\Cypress\PSoC Creator\4.4\PSoC Creator\1\CapSense_CSD_P4_Design01.cydsn\Generated_Source\PSoC4\CyLib.c ****     *  The PLL must not be the System Clock source when calling this function. The
2039:C:\Program Files (x86)\Cypress\PSoC Creator\4.4\PSoC Creator\1\CapSense_CSD_P4_Design01.cydsn\Generated_Source\PSoC4\CyLib.c ****     *  PLL output will glitch during this function call.
2040:C:\Program Files (x86)\Cypress\PSoC Creator\4.4\PSoC Creator\1\CapSense_CSD_P4_Design01.cydsn\Generated_Source\PSoC4\CyLib.c ****     *
2041:C:\Program Files (x86)\Cypress\PSoC Creator\4.4\PSoC Creator\1\CapSense_CSD_P4_Design01.cydsn\Generated_Source\PSoC4\CyLib.c ****     *  This API is available only for PSoC 4200L devices.
2042:C:\Program Files (x86)\Cypress\PSoC Creator\4.4\PSoC Creator\1\CapSense_CSD_P4_Design01.cydsn\Generated_Source\PSoC4\CyLib.c ****     *
2043:C:\Program Files (x86)\Cypress\PSoC Creator\4.4\PSoC Creator\1\CapSense_CSD_P4_Design01.cydsn\Generated_Source\PSoC4\CyLib.c ****     *  \param PLL:
2044:C:\Program Files (x86)\Cypress\PSoC Creator\4.4\PSoC Creator\1\CapSense_CSD_P4_Design01.cydsn\Generated_Source\PSoC4\CyLib.c ****     *   0   PLL#0
2045:C:\Program Files (x86)\Cypress\PSoC Creator\4.4\PSoC Creator\1\CapSense_CSD_P4_Design01.cydsn\Generated_Source\PSoC4\CyLib.c ****     *   1   PLL#1
ARM GAS  C:\Users\taips\AppData\Local\Temp\ccbT16OQ.s 			page 50


2046:C:\Program Files (x86)\Cypress\PSoC Creator\4.4\PSoC Creator\1\CapSense_CSD_P4_Design01.cydsn\Generated_Source\PSoC4\CyLib.c ****     *
2047:C:\Program Files (x86)\Cypress\PSoC Creator\4.4\PSoC Creator\1\CapSense_CSD_P4_Design01.cydsn\Generated_Source\PSoC4\CyLib.c ****     * \param divider:
2048:C:\Program Files (x86)\Cypress\PSoC Creator\4.4\PSoC Creator\1\CapSense_CSD_P4_Design01.cydsn\Generated_Source\PSoC4\CyLib.c ****     *  CY_SYS_PLL_OUTPUT_DIVPASS    Pass through
2049:C:\Program Files (x86)\Cypress\PSoC Creator\4.4\PSoC Creator\1\CapSense_CSD_P4_Design01.cydsn\Generated_Source\PSoC4\CyLib.c ****     *  CY_SYS_PLL_OUTPUT_DIV2       Divide by 2
2050:C:\Program Files (x86)\Cypress\PSoC Creator\4.4\PSoC Creator\1\CapSense_CSD_P4_Design01.cydsn\Generated_Source\PSoC4\CyLib.c ****     *  CY_SYS_PLL_OUTPUT_DIV4       Divide by 4
2051:C:\Program Files (x86)\Cypress\PSoC Creator\4.4\PSoC Creator\1\CapSense_CSD_P4_Design01.cydsn\Generated_Source\PSoC4\CyLib.c ****     *  CY_SYS_PLL_OUTPUT_DIV8       Divide by 8
2052:C:\Program Files (x86)\Cypress\PSoC Creator\4.4\PSoC Creator\1\CapSense_CSD_P4_Design01.cydsn\Generated_Source\PSoC4\CyLib.c ****     *
2053:C:\Program Files (x86)\Cypress\PSoC Creator\4.4\PSoC Creator\1\CapSense_CSD_P4_Design01.cydsn\Generated_Source\PSoC4\CyLib.c ****     * \return \ref CYRET_SUCCESS    Completed successfully.
2054:C:\Program Files (x86)\Cypress\PSoC Creator\4.4\PSoC Creator\1\CapSense_CSD_P4_Design01.cydsn\Generated_Source\PSoC4\CyLib.c ****     * \return \ref CYRET_BAD_PARAM  The parameters are out of range or the
2055:C:\Program Files (x86)\Cypress\PSoC Creator\4.4\PSoC Creator\1\CapSense_CSD_P4_Design01.cydsn\Generated_Source\PSoC4\CyLib.c ****     * specified PLL sources the System clock.
2056:C:\Program Files (x86)\Cypress\PSoC Creator\4.4\PSoC Creator\1\CapSense_CSD_P4_Design01.cydsn\Generated_Source\PSoC4\CyLib.c ****     *
2057:C:\Program Files (x86)\Cypress\PSoC Creator\4.4\PSoC Creator\1\CapSense_CSD_P4_Design01.cydsn\Generated_Source\PSoC4\CyLib.c ****     *******************************************************************************/
2058:C:\Program Files (x86)\Cypress\PSoC Creator\4.4\PSoC Creator\1\CapSense_CSD_P4_Design01.cydsn\Generated_Source\PSoC4\CyLib.c ****     cystatus CySysClkPllSetOutputDivider(uint32 pll, uint32 divider)
2059:C:\Program Files (x86)\Cypress\PSoC Creator\4.4\PSoC Creator\1\CapSense_CSD_P4_Design01.cydsn\Generated_Source\PSoC4\CyLib.c ****     {
2060:C:\Program Files (x86)\Cypress\PSoC Creator\4.4\PSoC Creator\1\CapSense_CSD_P4_Design01.cydsn\Generated_Source\PSoC4\CyLib.c ****         uint32   tmpReg;
2061:C:\Program Files (x86)\Cypress\PSoC Creator\4.4\PSoC Creator\1\CapSense_CSD_P4_Design01.cydsn\Generated_Source\PSoC4\CyLib.c ****         uint8    interruptState;
2062:C:\Program Files (x86)\Cypress\PSoC Creator\4.4\PSoC Creator\1\CapSense_CSD_P4_Design01.cydsn\Generated_Source\PSoC4\CyLib.c ****         cystatus returnStatus = CYRET_BAD_PARAM;
2063:C:\Program Files (x86)\Cypress\PSoC Creator\4.4\PSoC Creator\1\CapSense_CSD_P4_Design01.cydsn\Generated_Source\PSoC4\CyLib.c ****         cystatus tmp;
2064:C:\Program Files (x86)\Cypress\PSoC Creator\4.4\PSoC Creator\1\CapSense_CSD_P4_Design01.cydsn\Generated_Source\PSoC4\CyLib.c **** 
2065:C:\Program Files (x86)\Cypress\PSoC Creator\4.4\PSoC Creator\1\CapSense_CSD_P4_Design01.cydsn\Generated_Source\PSoC4\CyLib.c **** 
2066:C:\Program Files (x86)\Cypress\PSoC Creator\4.4\PSoC Creator\1\CapSense_CSD_P4_Design01.cydsn\Generated_Source\PSoC4\CyLib.c ****         interruptState = CyEnterCriticalSection();
2067:C:\Program Files (x86)\Cypress\PSoC Creator\4.4\PSoC Creator\1\CapSense_CSD_P4_Design01.cydsn\Generated_Source\PSoC4\CyLib.c **** 
2068:C:\Program Files (x86)\Cypress\PSoC Creator\4.4\PSoC Creator\1\CapSense_CSD_P4_Design01.cydsn\Generated_Source\PSoC4\CyLib.c ****         tmp = CySysClkPllConfigChangeAllowed(pll);
2069:C:\Program Files (x86)\Cypress\PSoC Creator\4.4\PSoC Creator\1\CapSense_CSD_P4_Design01.cydsn\Generated_Source\PSoC4\CyLib.c **** 
2070:C:\Program Files (x86)\Cypress\PSoC Creator\4.4\PSoC Creator\1\CapSense_CSD_P4_Design01.cydsn\Generated_Source\PSoC4\CyLib.c ****         if ((pll < CY_IP_PLL_NR) && (CYRET_SUCCESS == tmp) && (divider <= CY_SYS_PLL_OUTPUT_DIV8))
2071:C:\Program Files (x86)\Cypress\PSoC Creator\4.4\PSoC Creator\1\CapSense_CSD_P4_Design01.cydsn\Generated_Source\PSoC4\CyLib.c ****         {
2072:C:\Program Files (x86)\Cypress\PSoC Creator\4.4\PSoC Creator\1\CapSense_CSD_P4_Design01.cydsn\Generated_Source\PSoC4\CyLib.c ****             tmpReg  = CY_SYS_CLK_PLL_BASE.pll[pll].config & (uint32) ~(CY_SYS_CLK_PLL_CONFIG_OUTPUT
2073:C:\Program Files (x86)\Cypress\PSoC Creator\4.4\PSoC Creator\1\CapSense_CSD_P4_Design01.cydsn\Generated_Source\PSoC4\CyLib.c ****             tmpReg |= ((divider << CY_SYS_CLK_PLL_CONFIG_OUTPUT_DIV_SHIFT) & CY_SYS_CLK_PLL_CONFIG_
2074:C:\Program Files (x86)\Cypress\PSoC Creator\4.4\PSoC Creator\1\CapSense_CSD_P4_Design01.cydsn\Generated_Source\PSoC4\CyLib.c **** 
2075:C:\Program Files (x86)\Cypress\PSoC Creator\4.4\PSoC Creator\1\CapSense_CSD_P4_Design01.cydsn\Generated_Source\PSoC4\CyLib.c ****             CY_SYS_CLK_PLL_BASE.pll[pll].config = tmpReg;
2076:C:\Program Files (x86)\Cypress\PSoC Creator\4.4\PSoC Creator\1\CapSense_CSD_P4_Design01.cydsn\Generated_Source\PSoC4\CyLib.c **** 
2077:C:\Program Files (x86)\Cypress\PSoC Creator\4.4\PSoC Creator\1\CapSense_CSD_P4_Design01.cydsn\Generated_Source\PSoC4\CyLib.c ****             returnStatus = CYRET_SUCCESS;
2078:C:\Program Files (x86)\Cypress\PSoC Creator\4.4\PSoC Creator\1\CapSense_CSD_P4_Design01.cydsn\Generated_Source\PSoC4\CyLib.c ****         }
2079:C:\Program Files (x86)\Cypress\PSoC Creator\4.4\PSoC Creator\1\CapSense_CSD_P4_Design01.cydsn\Generated_Source\PSoC4\CyLib.c **** 
2080:C:\Program Files (x86)\Cypress\PSoC Creator\4.4\PSoC Creator\1\CapSense_CSD_P4_Design01.cydsn\Generated_Source\PSoC4\CyLib.c ****         CyExitCriticalSection(interruptState);
2081:C:\Program Files (x86)\Cypress\PSoC Creator\4.4\PSoC Creator\1\CapSense_CSD_P4_Design01.cydsn\Generated_Source\PSoC4\CyLib.c **** 
2082:C:\Program Files (x86)\Cypress\PSoC Creator\4.4\PSoC Creator\1\CapSense_CSD_P4_Design01.cydsn\Generated_Source\PSoC4\CyLib.c ****         return (returnStatus);
2083:C:\Program Files (x86)\Cypress\PSoC Creator\4.4\PSoC Creator\1\CapSense_CSD_P4_Design01.cydsn\Generated_Source\PSoC4\CyLib.c ****     }
2084:C:\Program Files (x86)\Cypress\PSoC Creator\4.4\PSoC Creator\1\CapSense_CSD_P4_Design01.cydsn\Generated_Source\PSoC4\CyLib.c **** #endif /* (CY_IP_SRSSV2 && CY_IP_PLL) */
2085:C:\Program Files (x86)\Cypress\PSoC Creator\4.4\PSoC Creator\1\CapSense_CSD_P4_Design01.cydsn\Generated_Source\PSoC4\CyLib.c **** 
2086:C:\Program Files (x86)\Cypress\PSoC Creator\4.4\PSoC Creator\1\CapSense_CSD_P4_Design01.cydsn\Generated_Source\PSoC4\CyLib.c **** 
2087:C:\Program Files (x86)\Cypress\PSoC Creator\4.4\PSoC Creator\1\CapSense_CSD_P4_Design01.cydsn\Generated_Source\PSoC4\CyLib.c **** #if(CY_IP_SRSSV2)
2088:C:\Program Files (x86)\Cypress\PSoC Creator\4.4\PSoC Creator\1\CapSense_CSD_P4_Design01.cydsn\Generated_Source\PSoC4\CyLib.c **** 
2089:C:\Program Files (x86)\Cypress\PSoC Creator\4.4\PSoC Creator\1\CapSense_CSD_P4_Design01.cydsn\Generated_Source\PSoC4\CyLib.c ****     /*******************************************************************************
2090:C:\Program Files (x86)\Cypress\PSoC Creator\4.4\PSoC Creator\1\CapSense_CSD_P4_Design01.cydsn\Generated_Source\PSoC4\CyLib.c ****     * Function Name: CySysLvdEnable
2091:C:\Program Files (x86)\Cypress\PSoC Creator\4.4\PSoC Creator\1\CapSense_CSD_P4_Design01.cydsn\Generated_Source\PSoC4\CyLib.c ****     ****************************************************************************//**
2092:C:\Program Files (x86)\Cypress\PSoC Creator\4.4\PSoC Creator\1\CapSense_CSD_P4_Design01.cydsn\Generated_Source\PSoC4\CyLib.c ****     *
2093:C:\Program Files (x86)\Cypress\PSoC Creator\4.4\PSoC Creator\1\CapSense_CSD_P4_Design01.cydsn\Generated_Source\PSoC4\CyLib.c ****     *  Enables the output of the low-voltage monitor when Vddd is at or below the
2094:C:\Program Files (x86)\Cypress\PSoC Creator\4.4\PSoC Creator\1\CapSense_CSD_P4_Design01.cydsn\Generated_Source\PSoC4\CyLib.c ****     *  trip point, configures the device to generate an interrupt, and sets the
2095:C:\Program Files (x86)\Cypress\PSoC Creator\4.4\PSoC Creator\1\CapSense_CSD_P4_Design01.cydsn\Generated_Source\PSoC4\CyLib.c ****     *  voltage trip level.
2096:C:\Program Files (x86)\Cypress\PSoC Creator\4.4\PSoC Creator\1\CapSense_CSD_P4_Design01.cydsn\Generated_Source\PSoC4\CyLib.c ****     *
2097:C:\Program Files (x86)\Cypress\PSoC Creator\4.4\PSoC Creator\1\CapSense_CSD_P4_Design01.cydsn\Generated_Source\PSoC4\CyLib.c ****     *  \param threshold: Threshold selection for Low Voltage Detect circuit.
2098:C:\Program Files (x86)\Cypress\PSoC Creator\4.4\PSoC Creator\1\CapSense_CSD_P4_Design01.cydsn\Generated_Source\PSoC4\CyLib.c ****     *  Threshold variation is +/- 2.5% from these typical voltage choices.
2099:C:\Program Files (x86)\Cypress\PSoC Creator\4.4\PSoC Creator\1\CapSense_CSD_P4_Design01.cydsn\Generated_Source\PSoC4\CyLib.c ****     *         Define                     Voltage threshold
2100:C:\Program Files (x86)\Cypress\PSoC Creator\4.4\PSoC Creator\1\CapSense_CSD_P4_Design01.cydsn\Generated_Source\PSoC4\CyLib.c ****     *    CY_LVD_THRESHOLD_1_75_V       1.7500 V
2101:C:\Program Files (x86)\Cypress\PSoC Creator\4.4\PSoC Creator\1\CapSense_CSD_P4_Design01.cydsn\Generated_Source\PSoC4\CyLib.c ****     *    CY_LVD_THRESHOLD_1_80_V       1.8000 V
2102:C:\Program Files (x86)\Cypress\PSoC Creator\4.4\PSoC Creator\1\CapSense_CSD_P4_Design01.cydsn\Generated_Source\PSoC4\CyLib.c ****     *    CY_LVD_THRESHOLD_1_90_V       1.9000 V
ARM GAS  C:\Users\taips\AppData\Local\Temp\ccbT16OQ.s 			page 51


2103:C:\Program Files (x86)\Cypress\PSoC Creator\4.4\PSoC Creator\1\CapSense_CSD_P4_Design01.cydsn\Generated_Source\PSoC4\CyLib.c ****     *    CY_LVD_THRESHOLD_2_00_V       2.0000 V
2104:C:\Program Files (x86)\Cypress\PSoC Creator\4.4\PSoC Creator\1\CapSense_CSD_P4_Design01.cydsn\Generated_Source\PSoC4\CyLib.c ****     *    CY_LVD_THRESHOLD_2_10_V       2.1000 V
2105:C:\Program Files (x86)\Cypress\PSoC Creator\4.4\PSoC Creator\1\CapSense_CSD_P4_Design01.cydsn\Generated_Source\PSoC4\CyLib.c ****     *    CY_LVD_THRESHOLD_2_20_V       2.2000 V
2106:C:\Program Files (x86)\Cypress\PSoC Creator\4.4\PSoC Creator\1\CapSense_CSD_P4_Design01.cydsn\Generated_Source\PSoC4\CyLib.c ****     *    CY_LVD_THRESHOLD_2_30_V       2.3000 V
2107:C:\Program Files (x86)\Cypress\PSoC Creator\4.4\PSoC Creator\1\CapSense_CSD_P4_Design01.cydsn\Generated_Source\PSoC4\CyLib.c ****     *    CY_LVD_THRESHOLD_2_40_V       2.4000 V
2108:C:\Program Files (x86)\Cypress\PSoC Creator\4.4\PSoC Creator\1\CapSense_CSD_P4_Design01.cydsn\Generated_Source\PSoC4\CyLib.c ****     *    CY_LVD_THRESHOLD_2_50_V       2.5000 V
2109:C:\Program Files (x86)\Cypress\PSoC Creator\4.4\PSoC Creator\1\CapSense_CSD_P4_Design01.cydsn\Generated_Source\PSoC4\CyLib.c ****     *    CY_LVD_THRESHOLD_2_60_V       2.6000 V
2110:C:\Program Files (x86)\Cypress\PSoC Creator\4.4\PSoC Creator\1\CapSense_CSD_P4_Design01.cydsn\Generated_Source\PSoC4\CyLib.c ****     *    CY_LVD_THRESHOLD_2_70_V       2.7000 V
2111:C:\Program Files (x86)\Cypress\PSoC Creator\4.4\PSoC Creator\1\CapSense_CSD_P4_Design01.cydsn\Generated_Source\PSoC4\CyLib.c ****     *    CY_LVD_THRESHOLD_2_80_V       2.8000 V
2112:C:\Program Files (x86)\Cypress\PSoC Creator\4.4\PSoC Creator\1\CapSense_CSD_P4_Design01.cydsn\Generated_Source\PSoC4\CyLib.c ****     *    CY_LVD_THRESHOLD_2_90_V       2.9000 V
2113:C:\Program Files (x86)\Cypress\PSoC Creator\4.4\PSoC Creator\1\CapSense_CSD_P4_Design01.cydsn\Generated_Source\PSoC4\CyLib.c ****     *    CY_LVD_THRESHOLD_3_00_V       3.0000 V
2114:C:\Program Files (x86)\Cypress\PSoC Creator\4.4\PSoC Creator\1\CapSense_CSD_P4_Design01.cydsn\Generated_Source\PSoC4\CyLib.c ****     *    CY_LVD_THRESHOLD_3_20_V       3.2000 V
2115:C:\Program Files (x86)\Cypress\PSoC Creator\4.4\PSoC Creator\1\CapSense_CSD_P4_Design01.cydsn\Generated_Source\PSoC4\CyLib.c ****     *    CY_LVD_THRESHOLD_4_50_V       4.5000 V
2116:C:\Program Files (x86)\Cypress\PSoC Creator\4.4\PSoC Creator\1\CapSense_CSD_P4_Design01.cydsn\Generated_Source\PSoC4\CyLib.c ****     *
2117:C:\Program Files (x86)\Cypress\PSoC Creator\4.4\PSoC Creator\1\CapSense_CSD_P4_Design01.cydsn\Generated_Source\PSoC4\CyLib.c ****     *******************************************************************************/
2118:C:\Program Files (x86)\Cypress\PSoC Creator\4.4\PSoC Creator\1\CapSense_CSD_P4_Design01.cydsn\Generated_Source\PSoC4\CyLib.c ****     void CySysLvdEnable(uint32 threshold)
2119:C:\Program Files (x86)\Cypress\PSoC Creator\4.4\PSoC Creator\1\CapSense_CSD_P4_Design01.cydsn\Generated_Source\PSoC4\CyLib.c ****     {
 740              		.loc 1 2119 0
 741              		.cfi_startproc
 742              		@ args = 0, pretend = 0, frame = 8
 743              		@ frame_needed = 1, uses_anonymous_args = 0
 744 0000 80B5     		push	{r7, lr}
 745              		.cfi_def_cfa_offset 8
 746              		.cfi_offset 7, -8
 747              		.cfi_offset 14, -4
 748 0002 82B0     		sub	sp, sp, #8
 749              		.cfi_def_cfa_offset 16
 750 0004 00AF     		add	r7, sp, #0
 751              		.cfi_def_cfa_register 7
 752 0006 7860     		str	r0, [r7, #4]
2120:C:\Program Files (x86)\Cypress\PSoC Creator\4.4\PSoC Creator\1\CapSense_CSD_P4_Design01.cydsn\Generated_Source\PSoC4\CyLib.c ****         /* Prevent propagating a false interrupt */
2121:C:\Program Files (x86)\Cypress\PSoC Creator\4.4\PSoC Creator\1\CapSense_CSD_P4_Design01.cydsn\Generated_Source\PSoC4\CyLib.c ****         CY_LVD_PWR_INTR_MASK_REG   &= (uint32) ~CY_LVD_PROPAGATE_INT_TO_CPU;
 753              		.loc 1 2121 0
 754 0008 144B     		ldr	r3, .L38
 755 000a 144A     		ldr	r2, .L38
 756 000c 1268     		ldr	r2, [r2]
 757 000e 0221     		movs	r1, #2
 758 0010 8A43     		bics	r2, r1
 759 0012 1A60     		str	r2, [r3]
2122:C:\Program Files (x86)\Cypress\PSoC Creator\4.4\PSoC Creator\1\CapSense_CSD_P4_Design01.cydsn\Generated_Source\PSoC4\CyLib.c **** 
2123:C:\Program Files (x86)\Cypress\PSoC Creator\4.4\PSoC Creator\1\CapSense_CSD_P4_Design01.cydsn\Generated_Source\PSoC4\CyLib.c ****         /* Set specified threshold */
2124:C:\Program Files (x86)\Cypress\PSoC Creator\4.4\PSoC Creator\1\CapSense_CSD_P4_Design01.cydsn\Generated_Source\PSoC4\CyLib.c ****         CY_LVD_PWR_VMON_CONFIG_REG = (CY_LVD_PWR_VMON_CONFIG_REG & ~CY_LVD_PWR_VMON_CONFIG_LVD_SEL_
 760              		.loc 1 2124 0
 761 0014 124B     		ldr	r3, .L38+4
 762 0016 124A     		ldr	r2, .L38+4
 763 0018 1268     		ldr	r2, [r2]
 764 001a 1E21     		movs	r1, #30
 765 001c 8A43     		bics	r2, r1
 766 001e 1100     		movs	r1, r2
2125:C:\Program Files (x86)\Cypress\PSoC Creator\4.4\PSoC Creator\1\CapSense_CSD_P4_Design01.cydsn\Generated_Source\PSoC4\CyLib.c ****                 ((threshold << CY_LVD_PWR_VMON_CONFIG_LVD_SEL_SHIFT) & CY_LVD_PWR_VMON_CONFIG_LVD_S
 767              		.loc 1 2125 0
 768 0020 7A68     		ldr	r2, [r7, #4]
 769 0022 5200     		lsls	r2, r2, #1
 770 0024 1E20     		movs	r0, #30
 771 0026 0240     		ands	r2, r0
2124:C:\Program Files (x86)\Cypress\PSoC Creator\4.4\PSoC Creator\1\CapSense_CSD_P4_Design01.cydsn\Generated_Source\PSoC4\CyLib.c ****                 ((threshold << CY_LVD_PWR_VMON_CONFIG_LVD_SEL_SHIFT) & CY_LVD_PWR_VMON_CONFIG_LVD_S
 772              		.loc 1 2124 0
ARM GAS  C:\Users\taips\AppData\Local\Temp\ccbT16OQ.s 			page 52


 773 0028 0A43     		orrs	r2, r1
 774 002a 1A60     		str	r2, [r3]
2126:C:\Program Files (x86)\Cypress\PSoC Creator\4.4\PSoC Creator\1\CapSense_CSD_P4_Design01.cydsn\Generated_Source\PSoC4\CyLib.c **** 
2127:C:\Program Files (x86)\Cypress\PSoC Creator\4.4\PSoC Creator\1\CapSense_CSD_P4_Design01.cydsn\Generated_Source\PSoC4\CyLib.c ****         /* Enable the LVD. This may cause a false LVD event. */
2128:C:\Program Files (x86)\Cypress\PSoC Creator\4.4\PSoC Creator\1\CapSense_CSD_P4_Design01.cydsn\Generated_Source\PSoC4\CyLib.c ****         CY_LVD_PWR_VMON_CONFIG_REG |= CY_LVD_PWR_VMON_CONFIG_LVD_EN;
 775              		.loc 1 2128 0
 776 002c 0C4B     		ldr	r3, .L38+4
 777 002e 0C4A     		ldr	r2, .L38+4
 778 0030 1268     		ldr	r2, [r2]
 779 0032 0121     		movs	r1, #1
 780 0034 0A43     		orrs	r2, r1
 781 0036 1A60     		str	r2, [r3]
2129:C:\Program Files (x86)\Cypress\PSoC Creator\4.4\PSoC Creator\1\CapSense_CSD_P4_Design01.cydsn\Generated_Source\PSoC4\CyLib.c **** 
2130:C:\Program Files (x86)\Cypress\PSoC Creator\4.4\PSoC Creator\1\CapSense_CSD_P4_Design01.cydsn\Generated_Source\PSoC4\CyLib.c ****         /* Wait for the circuit to stabilize */
2131:C:\Program Files (x86)\Cypress\PSoC Creator\4.4\PSoC Creator\1\CapSense_CSD_P4_Design01.cydsn\Generated_Source\PSoC4\CyLib.c ****         CyDelayUs(CY_LVD_STABILIZE_TIMEOUT_US);
 782              		.loc 1 2131 0
 783 0038 FA23     		movs	r3, #250
 784 003a 9B00     		lsls	r3, r3, #2
 785 003c 1800     		movs	r0, r3
 786 003e FFF7FEFF 		bl	CyDelayUs
2132:C:\Program Files (x86)\Cypress\PSoC Creator\4.4\PSoC Creator\1\CapSense_CSD_P4_Design01.cydsn\Generated_Source\PSoC4\CyLib.c **** 
2133:C:\Program Files (x86)\Cypress\PSoC Creator\4.4\PSoC Creator\1\CapSense_CSD_P4_Design01.cydsn\Generated_Source\PSoC4\CyLib.c ****         /* Clear the false event */
2134:C:\Program Files (x86)\Cypress\PSoC Creator\4.4\PSoC Creator\1\CapSense_CSD_P4_Design01.cydsn\Generated_Source\PSoC4\CyLib.c ****         CySysLvdClearInterrupt();
 787              		.loc 1 2134 0
 788 0042 FFF7FEFF 		bl	CySysLvdClearInterrupt
2135:C:\Program Files (x86)\Cypress\PSoC Creator\4.4\PSoC Creator\1\CapSense_CSD_P4_Design01.cydsn\Generated_Source\PSoC4\CyLib.c **** 
2136:C:\Program Files (x86)\Cypress\PSoC Creator\4.4\PSoC Creator\1\CapSense_CSD_P4_Design01.cydsn\Generated_Source\PSoC4\CyLib.c ****         /* Unmask the interrupt */
2137:C:\Program Files (x86)\Cypress\PSoC Creator\4.4\PSoC Creator\1\CapSense_CSD_P4_Design01.cydsn\Generated_Source\PSoC4\CyLib.c ****         CY_LVD_PWR_INTR_MASK_REG   |= CY_LVD_PROPAGATE_INT_TO_CPU;
 789              		.loc 1 2137 0
 790 0046 054B     		ldr	r3, .L38
 791 0048 044A     		ldr	r2, .L38
 792 004a 1268     		ldr	r2, [r2]
 793 004c 0221     		movs	r1, #2
 794 004e 0A43     		orrs	r2, r1
 795 0050 1A60     		str	r2, [r3]
2138:C:\Program Files (x86)\Cypress\PSoC Creator\4.4\PSoC Creator\1\CapSense_CSD_P4_Design01.cydsn\Generated_Source\PSoC4\CyLib.c ****     }
 796              		.loc 1 2138 0
 797 0052 C046     		nop
 798 0054 BD46     		mov	sp, r7
 799 0056 02B0     		add	sp, sp, #8
 800              		@ sp needed
 801 0058 80BD     		pop	{r7, pc}
 802              	.L39:
 803 005a C046     		.align	2
 804              	.L38:
 805 005c 08000B40 		.word	1074462728
 806 0060 18000B40 		.word	1074462744
 807              		.cfi_endproc
 808              	.LFE7:
 809              		.size	CySysLvdEnable, .-CySysLvdEnable
 810              		.section	.text.CySysLvdDisable,"ax",%progbits
 811              		.align	2
 812              		.global	CySysLvdDisable
 813              		.code	16
 814              		.thumb_func
 815              		.type	CySysLvdDisable, %function
 816              	CySysLvdDisable:
ARM GAS  C:\Users\taips\AppData\Local\Temp\ccbT16OQ.s 			page 53


 817              	.LFB8:
2139:C:\Program Files (x86)\Cypress\PSoC Creator\4.4\PSoC Creator\1\CapSense_CSD_P4_Design01.cydsn\Generated_Source\PSoC4\CyLib.c **** 
2140:C:\Program Files (x86)\Cypress\PSoC Creator\4.4\PSoC Creator\1\CapSense_CSD_P4_Design01.cydsn\Generated_Source\PSoC4\CyLib.c **** 
2141:C:\Program Files (x86)\Cypress\PSoC Creator\4.4\PSoC Creator\1\CapSense_CSD_P4_Design01.cydsn\Generated_Source\PSoC4\CyLib.c ****     /*******************************************************************************
2142:C:\Program Files (x86)\Cypress\PSoC Creator\4.4\PSoC Creator\1\CapSense_CSD_P4_Design01.cydsn\Generated_Source\PSoC4\CyLib.c ****     * Function Name: CySysLvdDisable
2143:C:\Program Files (x86)\Cypress\PSoC Creator\4.4\PSoC Creator\1\CapSense_CSD_P4_Design01.cydsn\Generated_Source\PSoC4\CyLib.c ****     ****************************************************************************//**
2144:C:\Program Files (x86)\Cypress\PSoC Creator\4.4\PSoC Creator\1\CapSense_CSD_P4_Design01.cydsn\Generated_Source\PSoC4\CyLib.c ****     *
2145:C:\Program Files (x86)\Cypress\PSoC Creator\4.4\PSoC Creator\1\CapSense_CSD_P4_Design01.cydsn\Generated_Source\PSoC4\CyLib.c ****     *  Disables the low voltage detection. A low voltage interrupt is disabled.
2146:C:\Program Files (x86)\Cypress\PSoC Creator\4.4\PSoC Creator\1\CapSense_CSD_P4_Design01.cydsn\Generated_Source\PSoC4\CyLib.c ****     *
2147:C:\Program Files (x86)\Cypress\PSoC Creator\4.4\PSoC Creator\1\CapSense_CSD_P4_Design01.cydsn\Generated_Source\PSoC4\CyLib.c ****     *******************************************************************************/
2148:C:\Program Files (x86)\Cypress\PSoC Creator\4.4\PSoC Creator\1\CapSense_CSD_P4_Design01.cydsn\Generated_Source\PSoC4\CyLib.c ****     void CySysLvdDisable(void)
2149:C:\Program Files (x86)\Cypress\PSoC Creator\4.4\PSoC Creator\1\CapSense_CSD_P4_Design01.cydsn\Generated_Source\PSoC4\CyLib.c ****     {
 818              		.loc 1 2149 0
 819              		.cfi_startproc
 820              		@ args = 0, pretend = 0, frame = 0
 821              		@ frame_needed = 1, uses_anonymous_args = 0
 822 0000 80B5     		push	{r7, lr}
 823              		.cfi_def_cfa_offset 8
 824              		.cfi_offset 7, -8
 825              		.cfi_offset 14, -4
 826 0002 00AF     		add	r7, sp, #0
 827              		.cfi_def_cfa_register 7
2150:C:\Program Files (x86)\Cypress\PSoC Creator\4.4\PSoC Creator\1\CapSense_CSD_P4_Design01.cydsn\Generated_Source\PSoC4\CyLib.c ****         CY_LVD_PWR_INTR_MASK_REG   &= ~CY_LVD_PROPAGATE_INT_TO_CPU;
 828              		.loc 1 2150 0
 829 0004 074B     		ldr	r3, .L41
 830 0006 074A     		ldr	r2, .L41
 831 0008 1268     		ldr	r2, [r2]
 832 000a 0221     		movs	r1, #2
 833 000c 8A43     		bics	r2, r1
 834 000e 1A60     		str	r2, [r3]
2151:C:\Program Files (x86)\Cypress\PSoC Creator\4.4\PSoC Creator\1\CapSense_CSD_P4_Design01.cydsn\Generated_Source\PSoC4\CyLib.c ****         CY_LVD_PWR_VMON_CONFIG_REG &= ~CY_LVD_PWR_VMON_CONFIG_LVD_EN;
 835              		.loc 1 2151 0
 836 0010 054B     		ldr	r3, .L41+4
 837 0012 054A     		ldr	r2, .L41+4
 838 0014 1268     		ldr	r2, [r2]
 839 0016 0121     		movs	r1, #1
 840 0018 8A43     		bics	r2, r1
 841 001a 1A60     		str	r2, [r3]
2152:C:\Program Files (x86)\Cypress\PSoC Creator\4.4\PSoC Creator\1\CapSense_CSD_P4_Design01.cydsn\Generated_Source\PSoC4\CyLib.c ****     }
 842              		.loc 1 2152 0
 843 001c C046     		nop
 844 001e BD46     		mov	sp, r7
 845              		@ sp needed
 846 0020 80BD     		pop	{r7, pc}
 847              	.L42:
 848 0022 C046     		.align	2
 849              	.L41:
 850 0024 08000B40 		.word	1074462728
 851 0028 18000B40 		.word	1074462744
 852              		.cfi_endproc
 853              	.LFE8:
 854              		.size	CySysLvdDisable, .-CySysLvdDisable
 855              		.section	.text.CySysLvdGetInterruptSource,"ax",%progbits
 856              		.align	2
 857              		.global	CySysLvdGetInterruptSource
 858              		.code	16
 859              		.thumb_func
ARM GAS  C:\Users\taips\AppData\Local\Temp\ccbT16OQ.s 			page 54


 860              		.type	CySysLvdGetInterruptSource, %function
 861              	CySysLvdGetInterruptSource:
 862              	.LFB9:
2153:C:\Program Files (x86)\Cypress\PSoC Creator\4.4\PSoC Creator\1\CapSense_CSD_P4_Design01.cydsn\Generated_Source\PSoC4\CyLib.c **** 
2154:C:\Program Files (x86)\Cypress\PSoC Creator\4.4\PSoC Creator\1\CapSense_CSD_P4_Design01.cydsn\Generated_Source\PSoC4\CyLib.c **** 
2155:C:\Program Files (x86)\Cypress\PSoC Creator\4.4\PSoC Creator\1\CapSense_CSD_P4_Design01.cydsn\Generated_Source\PSoC4\CyLib.c ****     /*******************************************************************************
2156:C:\Program Files (x86)\Cypress\PSoC Creator\4.4\PSoC Creator\1\CapSense_CSD_P4_Design01.cydsn\Generated_Source\PSoC4\CyLib.c ****     * Function Name: CySysLvdGetInterruptSource
2157:C:\Program Files (x86)\Cypress\PSoC Creator\4.4\PSoC Creator\1\CapSense_CSD_P4_Design01.cydsn\Generated_Source\PSoC4\CyLib.c ****     ****************************************************************************//**
2158:C:\Program Files (x86)\Cypress\PSoC Creator\4.4\PSoC Creator\1\CapSense_CSD_P4_Design01.cydsn\Generated_Source\PSoC4\CyLib.c ****     *
2159:C:\Program Files (x86)\Cypress\PSoC Creator\4.4\PSoC Creator\1\CapSense_CSD_P4_Design01.cydsn\Generated_Source\PSoC4\CyLib.c ****     *  Gets the low voltage detection interrupt status (without clearing).
2160:C:\Program Files (x86)\Cypress\PSoC Creator\4.4\PSoC Creator\1\CapSense_CSD_P4_Design01.cydsn\Generated_Source\PSoC4\CyLib.c ****     *
2161:C:\Program Files (x86)\Cypress\PSoC Creator\4.4\PSoC Creator\1\CapSense_CSD_P4_Design01.cydsn\Generated_Source\PSoC4\CyLib.c ****     * \return
2162:C:\Program Files (x86)\Cypress\PSoC Creator\4.4\PSoC Creator\1\CapSense_CSD_P4_Design01.cydsn\Generated_Source\PSoC4\CyLib.c ****     *  Interrupt request value:
2163:C:\Program Files (x86)\Cypress\PSoC Creator\4.4\PSoC Creator\1\CapSense_CSD_P4_Design01.cydsn\Generated_Source\PSoC4\CyLib.c ****     *    CY_SYS_LVD_INT - Indicates an Low Voltage Detect interrupt
2164:C:\Program Files (x86)\Cypress\PSoC Creator\4.4\PSoC Creator\1\CapSense_CSD_P4_Design01.cydsn\Generated_Source\PSoC4\CyLib.c ****     *
2165:C:\Program Files (x86)\Cypress\PSoC Creator\4.4\PSoC Creator\1\CapSense_CSD_P4_Design01.cydsn\Generated_Source\PSoC4\CyLib.c ****     *******************************************************************************/
2166:C:\Program Files (x86)\Cypress\PSoC Creator\4.4\PSoC Creator\1\CapSense_CSD_P4_Design01.cydsn\Generated_Source\PSoC4\CyLib.c ****     uint32 CySysLvdGetInterruptSource(void)
2167:C:\Program Files (x86)\Cypress\PSoC Creator\4.4\PSoC Creator\1\CapSense_CSD_P4_Design01.cydsn\Generated_Source\PSoC4\CyLib.c ****     {
 863              		.loc 1 2167 0
 864              		.cfi_startproc
 865              		@ args = 0, pretend = 0, frame = 0
 866              		@ frame_needed = 1, uses_anonymous_args = 0
 867 0000 80B5     		push	{r7, lr}
 868              		.cfi_def_cfa_offset 8
 869              		.cfi_offset 7, -8
 870              		.cfi_offset 14, -4
 871 0002 00AF     		add	r7, sp, #0
 872              		.cfi_def_cfa_register 7
2168:C:\Program Files (x86)\Cypress\PSoC Creator\4.4\PSoC Creator\1\CapSense_CSD_P4_Design01.cydsn\Generated_Source\PSoC4\CyLib.c ****         return (CY_LVD_PWR_INTR_REG & CY_SYS_LVD_INT);
 873              		.loc 1 2168 0
 874 0004 034B     		ldr	r3, .L45
 875 0006 1B68     		ldr	r3, [r3]
 876 0008 0222     		movs	r2, #2
 877 000a 1340     		ands	r3, r2
2169:C:\Program Files (x86)\Cypress\PSoC Creator\4.4\PSoC Creator\1\CapSense_CSD_P4_Design01.cydsn\Generated_Source\PSoC4\CyLib.c ****     }
 878              		.loc 1 2169 0
 879 000c 1800     		movs	r0, r3
 880 000e BD46     		mov	sp, r7
 881              		@ sp needed
 882 0010 80BD     		pop	{r7, pc}
 883              	.L46:
 884 0012 C046     		.align	2
 885              	.L45:
 886 0014 04000B40 		.word	1074462724
 887              		.cfi_endproc
 888              	.LFE9:
 889              		.size	CySysLvdGetInterruptSource, .-CySysLvdGetInterruptSource
 890              		.section	.text.CySysLvdClearInterrupt,"ax",%progbits
 891              		.align	2
 892              		.global	CySysLvdClearInterrupt
 893              		.code	16
 894              		.thumb_func
 895              		.type	CySysLvdClearInterrupt, %function
 896              	CySysLvdClearInterrupt:
 897              	.LFB10:
2170:C:\Program Files (x86)\Cypress\PSoC Creator\4.4\PSoC Creator\1\CapSense_CSD_P4_Design01.cydsn\Generated_Source\PSoC4\CyLib.c **** 
2171:C:\Program Files (x86)\Cypress\PSoC Creator\4.4\PSoC Creator\1\CapSense_CSD_P4_Design01.cydsn\Generated_Source\PSoC4\CyLib.c **** 
ARM GAS  C:\Users\taips\AppData\Local\Temp\ccbT16OQ.s 			page 55


2172:C:\Program Files (x86)\Cypress\PSoC Creator\4.4\PSoC Creator\1\CapSense_CSD_P4_Design01.cydsn\Generated_Source\PSoC4\CyLib.c ****     /*******************************************************************************
2173:C:\Program Files (x86)\Cypress\PSoC Creator\4.4\PSoC Creator\1\CapSense_CSD_P4_Design01.cydsn\Generated_Source\PSoC4\CyLib.c ****     * Function Name: CySysLvdClearInterrupt
2174:C:\Program Files (x86)\Cypress\PSoC Creator\4.4\PSoC Creator\1\CapSense_CSD_P4_Design01.cydsn\Generated_Source\PSoC4\CyLib.c ****     ****************************************************************************//**
2175:C:\Program Files (x86)\Cypress\PSoC Creator\4.4\PSoC Creator\1\CapSense_CSD_P4_Design01.cydsn\Generated_Source\PSoC4\CyLib.c ****     *
2176:C:\Program Files (x86)\Cypress\PSoC Creator\4.4\PSoC Creator\1\CapSense_CSD_P4_Design01.cydsn\Generated_Source\PSoC4\CyLib.c ****     *  Clears the low voltage detection interrupt status.
2177:C:\Program Files (x86)\Cypress\PSoC Creator\4.4\PSoC Creator\1\CapSense_CSD_P4_Design01.cydsn\Generated_Source\PSoC4\CyLib.c ****     *
2178:C:\Program Files (x86)\Cypress\PSoC Creator\4.4\PSoC Creator\1\CapSense_CSD_P4_Design01.cydsn\Generated_Source\PSoC4\CyLib.c ****     * \return
2179:C:\Program Files (x86)\Cypress\PSoC Creator\4.4\PSoC Creator\1\CapSense_CSD_P4_Design01.cydsn\Generated_Source\PSoC4\CyLib.c ****     *  None
2180:C:\Program Files (x86)\Cypress\PSoC Creator\4.4\PSoC Creator\1\CapSense_CSD_P4_Design01.cydsn\Generated_Source\PSoC4\CyLib.c ****     *
2181:C:\Program Files (x86)\Cypress\PSoC Creator\4.4\PSoC Creator\1\CapSense_CSD_P4_Design01.cydsn\Generated_Source\PSoC4\CyLib.c ****     *******************************************************************************/
2182:C:\Program Files (x86)\Cypress\PSoC Creator\4.4\PSoC Creator\1\CapSense_CSD_P4_Design01.cydsn\Generated_Source\PSoC4\CyLib.c ****     void CySysLvdClearInterrupt(void)
2183:C:\Program Files (x86)\Cypress\PSoC Creator\4.4\PSoC Creator\1\CapSense_CSD_P4_Design01.cydsn\Generated_Source\PSoC4\CyLib.c ****     {
 898              		.loc 1 2183 0
 899              		.cfi_startproc
 900              		@ args = 0, pretend = 0, frame = 0
 901              		@ frame_needed = 1, uses_anonymous_args = 0
 902 0000 80B5     		push	{r7, lr}
 903              		.cfi_def_cfa_offset 8
 904              		.cfi_offset 7, -8
 905              		.cfi_offset 14, -4
 906 0002 00AF     		add	r7, sp, #0
 907              		.cfi_def_cfa_register 7
2184:C:\Program Files (x86)\Cypress\PSoC Creator\4.4\PSoC Creator\1\CapSense_CSD_P4_Design01.cydsn\Generated_Source\PSoC4\CyLib.c ****         CY_LVD_PWR_INTR_REG = CY_SYS_LVD_INT;
 908              		.loc 1 2184 0
 909 0004 024B     		ldr	r3, .L48
 910 0006 0222     		movs	r2, #2
 911 0008 1A60     		str	r2, [r3]
2185:C:\Program Files (x86)\Cypress\PSoC Creator\4.4\PSoC Creator\1\CapSense_CSD_P4_Design01.cydsn\Generated_Source\PSoC4\CyLib.c ****     }
 912              		.loc 1 2185 0
 913 000a C046     		nop
 914 000c BD46     		mov	sp, r7
 915              		@ sp needed
 916 000e 80BD     		pop	{r7, pc}
 917              	.L49:
 918              		.align	2
 919              	.L48:
 920 0010 04000B40 		.word	1074462724
 921              		.cfi_endproc
 922              	.LFE10:
 923              		.size	CySysLvdClearInterrupt, .-CySysLvdClearInterrupt
 924              		.section	.text.CySysGetResetReason,"ax",%progbits
 925              		.align	2
 926              		.global	CySysGetResetReason
 927              		.code	16
 928              		.thumb_func
 929              		.type	CySysGetResetReason, %function
 930              	CySysGetResetReason:
 931              	.LFB11:
2186:C:\Program Files (x86)\Cypress\PSoC Creator\4.4\PSoC Creator\1\CapSense_CSD_P4_Design01.cydsn\Generated_Source\PSoC4\CyLib.c **** 
2187:C:\Program Files (x86)\Cypress\PSoC Creator\4.4\PSoC Creator\1\CapSense_CSD_P4_Design01.cydsn\Generated_Source\PSoC4\CyLib.c **** #endif /* (CY_IP_SRSSV2) */
2188:C:\Program Files (x86)\Cypress\PSoC Creator\4.4\PSoC Creator\1\CapSense_CSD_P4_Design01.cydsn\Generated_Source\PSoC4\CyLib.c **** 
2189:C:\Program Files (x86)\Cypress\PSoC Creator\4.4\PSoC Creator\1\CapSense_CSD_P4_Design01.cydsn\Generated_Source\PSoC4\CyLib.c **** 
2190:C:\Program Files (x86)\Cypress\PSoC Creator\4.4\PSoC Creator\1\CapSense_CSD_P4_Design01.cydsn\Generated_Source\PSoC4\CyLib.c **** /*******************************************************************************
2191:C:\Program Files (x86)\Cypress\PSoC Creator\4.4\PSoC Creator\1\CapSense_CSD_P4_Design01.cydsn\Generated_Source\PSoC4\CyLib.c **** * Function Name: CySysGetResetReason
2192:C:\Program Files (x86)\Cypress\PSoC Creator\4.4\PSoC Creator\1\CapSense_CSD_P4_Design01.cydsn\Generated_Source\PSoC4\CyLib.c **** ****************************************************************************//**
2193:C:\Program Files (x86)\Cypress\PSoC Creator\4.4\PSoC Creator\1\CapSense_CSD_P4_Design01.cydsn\Generated_Source\PSoC4\CyLib.c **** *
2194:C:\Program Files (x86)\Cypress\PSoC Creator\4.4\PSoC Creator\1\CapSense_CSD_P4_Design01.cydsn\Generated_Source\PSoC4\CyLib.c **** *  Reports the cause for the latest reset(s) that occurred in the system. All
ARM GAS  C:\Users\taips\AppData\Local\Temp\ccbT16OQ.s 			page 56


2195:C:\Program Files (x86)\Cypress\PSoC Creator\4.4\PSoC Creator\1\CapSense_CSD_P4_Design01.cydsn\Generated_Source\PSoC4\CyLib.c **** *  the bits in the RES_CAUSE register assert when the corresponding reset cause
2196:C:\Program Files (x86)\Cypress\PSoC Creator\4.4\PSoC Creator\1\CapSense_CSD_P4_Design01.cydsn\Generated_Source\PSoC4\CyLib.c **** *  occurs and must be cleared by the firmware. These bits are cleared by the
2197:C:\Program Files (x86)\Cypress\PSoC Creator\4.4\PSoC Creator\1\CapSense_CSD_P4_Design01.cydsn\Generated_Source\PSoC4\CyLib.c **** *  hardware only during XRES, POR, or a detected brown-out.
2198:C:\Program Files (x86)\Cypress\PSoC Creator\4.4\PSoC Creator\1\CapSense_CSD_P4_Design01.cydsn\Generated_Source\PSoC4\CyLib.c **** *
2199:C:\Program Files (x86)\Cypress\PSoC Creator\4.4\PSoC Creator\1\CapSense_CSD_P4_Design01.cydsn\Generated_Source\PSoC4\CyLib.c **** *  \param reason: bits in the RES_CAUSE register to clear.
2200:C:\Program Files (x86)\Cypress\PSoC Creator\4.4\PSoC Creator\1\CapSense_CSD_P4_Design01.cydsn\Generated_Source\PSoC4\CyLib.c **** *   CY_SYS_RESET_WDT       - WDT caused a reset
2201:C:\Program Files (x86)\Cypress\PSoC Creator\4.4\PSoC Creator\1\CapSense_CSD_P4_Design01.cydsn\Generated_Source\PSoC4\CyLib.c **** *   CY_SYS_RESET_PROTFAULT - Occured protection violation that requires reset
2202:C:\Program Files (x86)\Cypress\PSoC Creator\4.4\PSoC Creator\1\CapSense_CSD_P4_Design01.cydsn\Generated_Source\PSoC4\CyLib.c **** *   CY_SYS_RESET_SW        - Cortex-M0 requested a system reset.
2203:C:\Program Files (x86)\Cypress\PSoC Creator\4.4\PSoC Creator\1\CapSense_CSD_P4_Design01.cydsn\Generated_Source\PSoC4\CyLib.c **** *
2204:C:\Program Files (x86)\Cypress\PSoC Creator\4.4\PSoC Creator\1\CapSense_CSD_P4_Design01.cydsn\Generated_Source\PSoC4\CyLib.c **** * \return
2205:C:\Program Files (x86)\Cypress\PSoC Creator\4.4\PSoC Creator\1\CapSense_CSD_P4_Design01.cydsn\Generated_Source\PSoC4\CyLib.c **** *  Status. Same enumerated bit values as used for the reason parameter.
2206:C:\Program Files (x86)\Cypress\PSoC Creator\4.4\PSoC Creator\1\CapSense_CSD_P4_Design01.cydsn\Generated_Source\PSoC4\CyLib.c **** *
2207:C:\Program Files (x86)\Cypress\PSoC Creator\4.4\PSoC Creator\1\CapSense_CSD_P4_Design01.cydsn\Generated_Source\PSoC4\CyLib.c **** *******************************************************************************/
2208:C:\Program Files (x86)\Cypress\PSoC Creator\4.4\PSoC Creator\1\CapSense_CSD_P4_Design01.cydsn\Generated_Source\PSoC4\CyLib.c **** uint32 CySysGetResetReason(uint32 reason)
2209:C:\Program Files (x86)\Cypress\PSoC Creator\4.4\PSoC Creator\1\CapSense_CSD_P4_Design01.cydsn\Generated_Source\PSoC4\CyLib.c **** {
 932              		.loc 1 2209 0
 933              		.cfi_startproc
 934              		@ args = 0, pretend = 0, frame = 16
 935              		@ frame_needed = 1, uses_anonymous_args = 0
 936 0000 80B5     		push	{r7, lr}
 937              		.cfi_def_cfa_offset 8
 938              		.cfi_offset 7, -8
 939              		.cfi_offset 14, -4
 940 0002 84B0     		sub	sp, sp, #16
 941              		.cfi_def_cfa_offset 24
 942 0004 00AF     		add	r7, sp, #0
 943              		.cfi_def_cfa_register 7
 944 0006 7860     		str	r0, [r7, #4]
2210:C:\Program Files (x86)\Cypress\PSoC Creator\4.4\PSoC Creator\1\CapSense_CSD_P4_Design01.cydsn\Generated_Source\PSoC4\CyLib.c ****     uint32 returnStatus;
2211:C:\Program Files (x86)\Cypress\PSoC Creator\4.4\PSoC Creator\1\CapSense_CSD_P4_Design01.cydsn\Generated_Source\PSoC4\CyLib.c **** 
2212:C:\Program Files (x86)\Cypress\PSoC Creator\4.4\PSoC Creator\1\CapSense_CSD_P4_Design01.cydsn\Generated_Source\PSoC4\CyLib.c ****     reason &= (CY_SYS_RESET_WDT | CY_SYS_RESET_PROTFAULT | CY_SYS_RESET_SW);
 945              		.loc 1 2212 0
 946 0008 7B68     		ldr	r3, [r7, #4]
 947 000a 1922     		movs	r2, #25
 948 000c 1340     		ands	r3, r2
 949 000e 7B60     		str	r3, [r7, #4]
2213:C:\Program Files (x86)\Cypress\PSoC Creator\4.4\PSoC Creator\1\CapSense_CSD_P4_Design01.cydsn\Generated_Source\PSoC4\CyLib.c ****     returnStatus = CY_SYS_RES_CAUSE_REG &
 950              		.loc 1 2213 0
 951 0010 064B     		ldr	r3, .L52
 952 0012 1B68     		ldr	r3, [r3]
 953 0014 1922     		movs	r2, #25
 954 0016 1340     		ands	r3, r2
 955 0018 FB60     		str	r3, [r7, #12]
2214:C:\Program Files (x86)\Cypress\PSoC Creator\4.4\PSoC Creator\1\CapSense_CSD_P4_Design01.cydsn\Generated_Source\PSoC4\CyLib.c ****                   (CY_SYS_RESET_WDT | CY_SYS_RESET_PROTFAULT | CY_SYS_RESET_SW);
2215:C:\Program Files (x86)\Cypress\PSoC Creator\4.4\PSoC Creator\1\CapSense_CSD_P4_Design01.cydsn\Generated_Source\PSoC4\CyLib.c ****     CY_SYS_RES_CAUSE_REG = reason;
 956              		.loc 1 2215 0
 957 001a 044B     		ldr	r3, .L52
 958 001c 7A68     		ldr	r2, [r7, #4]
 959 001e 1A60     		str	r2, [r3]
2216:C:\Program Files (x86)\Cypress\PSoC Creator\4.4\PSoC Creator\1\CapSense_CSD_P4_Design01.cydsn\Generated_Source\PSoC4\CyLib.c **** 
2217:C:\Program Files (x86)\Cypress\PSoC Creator\4.4\PSoC Creator\1\CapSense_CSD_P4_Design01.cydsn\Generated_Source\PSoC4\CyLib.c ****     return (returnStatus);
 960              		.loc 1 2217 0
 961 0020 FB68     		ldr	r3, [r7, #12]
2218:C:\Program Files (x86)\Cypress\PSoC Creator\4.4\PSoC Creator\1\CapSense_CSD_P4_Design01.cydsn\Generated_Source\PSoC4\CyLib.c **** }
 962              		.loc 1 2218 0
 963 0022 1800     		movs	r0, r3
 964 0024 BD46     		mov	sp, r7
ARM GAS  C:\Users\taips\AppData\Local\Temp\ccbT16OQ.s 			page 57


 965 0026 04B0     		add	sp, sp, #16
 966              		@ sp needed
 967 0028 80BD     		pop	{r7, pc}
 968              	.L53:
 969 002a C046     		.align	2
 970              	.L52:
 971 002c 00030B40 		.word	1074463488
 972              		.cfi_endproc
 973              	.LFE11:
 974              		.size	CySysGetResetReason, .-CySysGetResetReason
 975              		.section	.text.CyDisableInts,"ax",%progbits
 976              		.align	2
 977              		.global	CyDisableInts
 978              		.code	16
 979              		.thumb_func
 980              		.type	CyDisableInts, %function
 981              	CyDisableInts:
 982              	.LFB12:
2219:C:\Program Files (x86)\Cypress\PSoC Creator\4.4\PSoC Creator\1\CapSense_CSD_P4_Design01.cydsn\Generated_Source\PSoC4\CyLib.c **** 
2220:C:\Program Files (x86)\Cypress\PSoC Creator\4.4\PSoC Creator\1\CapSense_CSD_P4_Design01.cydsn\Generated_Source\PSoC4\CyLib.c **** 
2221:C:\Program Files (x86)\Cypress\PSoC Creator\4.4\PSoC Creator\1\CapSense_CSD_P4_Design01.cydsn\Generated_Source\PSoC4\CyLib.c **** /*******************************************************************************
2222:C:\Program Files (x86)\Cypress\PSoC Creator\4.4\PSoC Creator\1\CapSense_CSD_P4_Design01.cydsn\Generated_Source\PSoC4\CyLib.c **** * Function Name: CyDisableInts
2223:C:\Program Files (x86)\Cypress\PSoC Creator\4.4\PSoC Creator\1\CapSense_CSD_P4_Design01.cydsn\Generated_Source\PSoC4\CyLib.c **** ****************************************************************************//**
2224:C:\Program Files (x86)\Cypress\PSoC Creator\4.4\PSoC Creator\1\CapSense_CSD_P4_Design01.cydsn\Generated_Source\PSoC4\CyLib.c **** *
2225:C:\Program Files (x86)\Cypress\PSoC Creator\4.4\PSoC Creator\1\CapSense_CSD_P4_Design01.cydsn\Generated_Source\PSoC4\CyLib.c **** *  Disables all interrupts.
2226:C:\Program Files (x86)\Cypress\PSoC Creator\4.4\PSoC Creator\1\CapSense_CSD_P4_Design01.cydsn\Generated_Source\PSoC4\CyLib.c **** *
2227:C:\Program Files (x86)\Cypress\PSoC Creator\4.4\PSoC Creator\1\CapSense_CSD_P4_Design01.cydsn\Generated_Source\PSoC4\CyLib.c **** * \return
2228:C:\Program Files (x86)\Cypress\PSoC Creator\4.4\PSoC Creator\1\CapSense_CSD_P4_Design01.cydsn\Generated_Source\PSoC4\CyLib.c **** *  32 bit mask of previously enabled interrupts.
2229:C:\Program Files (x86)\Cypress\PSoC Creator\4.4\PSoC Creator\1\CapSense_CSD_P4_Design01.cydsn\Generated_Source\PSoC4\CyLib.c **** *
2230:C:\Program Files (x86)\Cypress\PSoC Creator\4.4\PSoC Creator\1\CapSense_CSD_P4_Design01.cydsn\Generated_Source\PSoC4\CyLib.c **** *******************************************************************************/
2231:C:\Program Files (x86)\Cypress\PSoC Creator\4.4\PSoC Creator\1\CapSense_CSD_P4_Design01.cydsn\Generated_Source\PSoC4\CyLib.c **** uint32 CyDisableInts(void)
2232:C:\Program Files (x86)\Cypress\PSoC Creator\4.4\PSoC Creator\1\CapSense_CSD_P4_Design01.cydsn\Generated_Source\PSoC4\CyLib.c **** {
 983              		.loc 1 2232 0
 984              		.cfi_startproc
 985              		@ args = 0, pretend = 0, frame = 8
 986              		@ frame_needed = 1, uses_anonymous_args = 0
 987 0000 80B5     		push	{r7, lr}
 988              		.cfi_def_cfa_offset 8
 989              		.cfi_offset 7, -8
 990              		.cfi_offset 14, -4
 991 0002 82B0     		sub	sp, sp, #8
 992              		.cfi_def_cfa_offset 16
 993 0004 00AF     		add	r7, sp, #0
 994              		.cfi_def_cfa_register 7
2233:C:\Program Files (x86)\Cypress\PSoC Creator\4.4\PSoC Creator\1\CapSense_CSD_P4_Design01.cydsn\Generated_Source\PSoC4\CyLib.c ****     uint32 intState;
2234:C:\Program Files (x86)\Cypress\PSoC Creator\4.4\PSoC Creator\1\CapSense_CSD_P4_Design01.cydsn\Generated_Source\PSoC4\CyLib.c **** 
2235:C:\Program Files (x86)\Cypress\PSoC Creator\4.4\PSoC Creator\1\CapSense_CSD_P4_Design01.cydsn\Generated_Source\PSoC4\CyLib.c ****     /* Get current interrupt state. */
2236:C:\Program Files (x86)\Cypress\PSoC Creator\4.4\PSoC Creator\1\CapSense_CSD_P4_Design01.cydsn\Generated_Source\PSoC4\CyLib.c ****     intState = CY_INT_CLEAR_REG;
 995              		.loc 1 2236 0
 996 0006 064B     		ldr	r3, .L56
 997 0008 1B68     		ldr	r3, [r3]
 998 000a 7B60     		str	r3, [r7, #4]
2237:C:\Program Files (x86)\Cypress\PSoC Creator\4.4\PSoC Creator\1\CapSense_CSD_P4_Design01.cydsn\Generated_Source\PSoC4\CyLib.c **** 
2238:C:\Program Files (x86)\Cypress\PSoC Creator\4.4\PSoC Creator\1\CapSense_CSD_P4_Design01.cydsn\Generated_Source\PSoC4\CyLib.c ****     /* Disable all interrupts. */
2239:C:\Program Files (x86)\Cypress\PSoC Creator\4.4\PSoC Creator\1\CapSense_CSD_P4_Design01.cydsn\Generated_Source\PSoC4\CyLib.c ****     CY_INT_CLEAR_REG = CY_INT_CLEAR_DISABLE_ALL;
 999              		.loc 1 2239 0
 1000 000c 044B     		ldr	r3, .L56
ARM GAS  C:\Users\taips\AppData\Local\Temp\ccbT16OQ.s 			page 58


 1001 000e 0122     		movs	r2, #1
 1002 0010 5242     		rsbs	r2, r2, #0
 1003 0012 1A60     		str	r2, [r3]
2240:C:\Program Files (x86)\Cypress\PSoC Creator\4.4\PSoC Creator\1\CapSense_CSD_P4_Design01.cydsn\Generated_Source\PSoC4\CyLib.c **** 
2241:C:\Program Files (x86)\Cypress\PSoC Creator\4.4\PSoC Creator\1\CapSense_CSD_P4_Design01.cydsn\Generated_Source\PSoC4\CyLib.c ****     return (intState);
 1004              		.loc 1 2241 0
 1005 0014 7B68     		ldr	r3, [r7, #4]
2242:C:\Program Files (x86)\Cypress\PSoC Creator\4.4\PSoC Creator\1\CapSense_CSD_P4_Design01.cydsn\Generated_Source\PSoC4\CyLib.c **** }
 1006              		.loc 1 2242 0
 1007 0016 1800     		movs	r0, r3
 1008 0018 BD46     		mov	sp, r7
 1009 001a 02B0     		add	sp, sp, #8
 1010              		@ sp needed
 1011 001c 80BD     		pop	{r7, pc}
 1012              	.L57:
 1013 001e C046     		.align	2
 1014              	.L56:
 1015 0020 80E100E0 		.word	-536813184
 1016              		.cfi_endproc
 1017              	.LFE12:
 1018              		.size	CyDisableInts, .-CyDisableInts
 1019              		.section	.text.CyEnableInts,"ax",%progbits
 1020              		.align	2
 1021              		.global	CyEnableInts
 1022              		.code	16
 1023              		.thumb_func
 1024              		.type	CyEnableInts, %function
 1025              	CyEnableInts:
 1026              	.LFB13:
2243:C:\Program Files (x86)\Cypress\PSoC Creator\4.4\PSoC Creator\1\CapSense_CSD_P4_Design01.cydsn\Generated_Source\PSoC4\CyLib.c **** 
2244:C:\Program Files (x86)\Cypress\PSoC Creator\4.4\PSoC Creator\1\CapSense_CSD_P4_Design01.cydsn\Generated_Source\PSoC4\CyLib.c **** 
2245:C:\Program Files (x86)\Cypress\PSoC Creator\4.4\PSoC Creator\1\CapSense_CSD_P4_Design01.cydsn\Generated_Source\PSoC4\CyLib.c **** /*******************************************************************************
2246:C:\Program Files (x86)\Cypress\PSoC Creator\4.4\PSoC Creator\1\CapSense_CSD_P4_Design01.cydsn\Generated_Source\PSoC4\CyLib.c **** * Function Name: CyEnableInts
2247:C:\Program Files (x86)\Cypress\PSoC Creator\4.4\PSoC Creator\1\CapSense_CSD_P4_Design01.cydsn\Generated_Source\PSoC4\CyLib.c **** ****************************************************************************//**
2248:C:\Program Files (x86)\Cypress\PSoC Creator\4.4\PSoC Creator\1\CapSense_CSD_P4_Design01.cydsn\Generated_Source\PSoC4\CyLib.c **** *
2249:C:\Program Files (x86)\Cypress\PSoC Creator\4.4\PSoC Creator\1\CapSense_CSD_P4_Design01.cydsn\Generated_Source\PSoC4\CyLib.c **** *  Enables interrupts to a given state.
2250:C:\Program Files (x86)\Cypress\PSoC Creator\4.4\PSoC Creator\1\CapSense_CSD_P4_Design01.cydsn\Generated_Source\PSoC4\CyLib.c **** *
2251:C:\Program Files (x86)\Cypress\PSoC Creator\4.4\PSoC Creator\1\CapSense_CSD_P4_Design01.cydsn\Generated_Source\PSoC4\CyLib.c **** *  \param mask The 32 bit mask of interrupts to enable.
2252:C:\Program Files (x86)\Cypress\PSoC Creator\4.4\PSoC Creator\1\CapSense_CSD_P4_Design01.cydsn\Generated_Source\PSoC4\CyLib.c **** *
2253:C:\Program Files (x86)\Cypress\PSoC Creator\4.4\PSoC Creator\1\CapSense_CSD_P4_Design01.cydsn\Generated_Source\PSoC4\CyLib.c **** *******************************************************************************/
2254:C:\Program Files (x86)\Cypress\PSoC Creator\4.4\PSoC Creator\1\CapSense_CSD_P4_Design01.cydsn\Generated_Source\PSoC4\CyLib.c **** void CyEnableInts(uint32 mask)
2255:C:\Program Files (x86)\Cypress\PSoC Creator\4.4\PSoC Creator\1\CapSense_CSD_P4_Design01.cydsn\Generated_Source\PSoC4\CyLib.c **** {
 1027              		.loc 1 2255 0
 1028              		.cfi_startproc
 1029              		@ args = 0, pretend = 0, frame = 8
 1030              		@ frame_needed = 1, uses_anonymous_args = 0
 1031 0000 80B5     		push	{r7, lr}
 1032              		.cfi_def_cfa_offset 8
 1033              		.cfi_offset 7, -8
 1034              		.cfi_offset 14, -4
 1035 0002 82B0     		sub	sp, sp, #8
 1036              		.cfi_def_cfa_offset 16
 1037 0004 00AF     		add	r7, sp, #0
 1038              		.cfi_def_cfa_register 7
 1039 0006 7860     		str	r0, [r7, #4]
2256:C:\Program Files (x86)\Cypress\PSoC Creator\4.4\PSoC Creator\1\CapSense_CSD_P4_Design01.cydsn\Generated_Source\PSoC4\CyLib.c ****     CY_INT_ENABLE_REG = mask;
 1040              		.loc 1 2256 0
ARM GAS  C:\Users\taips\AppData\Local\Temp\ccbT16OQ.s 			page 59


 1041 0008 034B     		ldr	r3, .L59
 1042 000a 7A68     		ldr	r2, [r7, #4]
 1043 000c 1A60     		str	r2, [r3]
2257:C:\Program Files (x86)\Cypress\PSoC Creator\4.4\PSoC Creator\1\CapSense_CSD_P4_Design01.cydsn\Generated_Source\PSoC4\CyLib.c **** }
 1044              		.loc 1 2257 0
 1045 000e C046     		nop
 1046 0010 BD46     		mov	sp, r7
 1047 0012 02B0     		add	sp, sp, #8
 1048              		@ sp needed
 1049 0014 80BD     		pop	{r7, pc}
 1050              	.L60:
 1051 0016 C046     		.align	2
 1052              	.L59:
 1053 0018 00E100E0 		.word	-536813312
 1054              		.cfi_endproc
 1055              	.LFE13:
 1056              		.size	CyEnableInts, .-CyEnableInts
 1057              		.section	.text.CyIntSetSysVector,"ax",%progbits
 1058              		.align	2
 1059              		.global	CyIntSetSysVector
 1060              		.code	16
 1061              		.thumb_func
 1062              		.type	CyIntSetSysVector, %function
 1063              	CyIntSetSysVector:
 1064              	.LFB14:
2258:C:\Program Files (x86)\Cypress\PSoC Creator\4.4\PSoC Creator\1\CapSense_CSD_P4_Design01.cydsn\Generated_Source\PSoC4\CyLib.c **** 
2259:C:\Program Files (x86)\Cypress\PSoC Creator\4.4\PSoC Creator\1\CapSense_CSD_P4_Design01.cydsn\Generated_Source\PSoC4\CyLib.c **** 
2260:C:\Program Files (x86)\Cypress\PSoC Creator\4.4\PSoC Creator\1\CapSense_CSD_P4_Design01.cydsn\Generated_Source\PSoC4\CyLib.c **** /*******************************************************************************
2261:C:\Program Files (x86)\Cypress\PSoC Creator\4.4\PSoC Creator\1\CapSense_CSD_P4_Design01.cydsn\Generated_Source\PSoC4\CyLib.c **** * Function Name: CyIntSetSysVector
2262:C:\Program Files (x86)\Cypress\PSoC Creator\4.4\PSoC Creator\1\CapSense_CSD_P4_Design01.cydsn\Generated_Source\PSoC4\CyLib.c **** ****************************************************************************//**
2263:C:\Program Files (x86)\Cypress\PSoC Creator\4.4\PSoC Creator\1\CapSense_CSD_P4_Design01.cydsn\Generated_Source\PSoC4\CyLib.c **** *
2264:C:\Program Files (x86)\Cypress\PSoC Creator\4.4\PSoC Creator\1\CapSense_CSD_P4_Design01.cydsn\Generated_Source\PSoC4\CyLib.c **** *  Sets the interrupt vector of the specified system interrupt number. These
2265:C:\Program Files (x86)\Cypress\PSoC Creator\4.4\PSoC Creator\1\CapSense_CSD_P4_Design01.cydsn\Generated_Source\PSoC4\CyLib.c **** *  interrupts are for SysTick, PendSV and others.
2266:C:\Program Files (x86)\Cypress\PSoC Creator\4.4\PSoC Creator\1\CapSense_CSD_P4_Design01.cydsn\Generated_Source\PSoC4\CyLib.c **** *
2267:C:\Program Files (x86)\Cypress\PSoC Creator\4.4\PSoC Creator\1\CapSense_CSD_P4_Design01.cydsn\Generated_Source\PSoC4\CyLib.c **** *  \param number: System interrupt number:
2268:C:\Program Files (x86)\Cypress\PSoC Creator\4.4\PSoC Creator\1\CapSense_CSD_P4_Design01.cydsn\Generated_Source\PSoC4\CyLib.c **** *    CY_INT_NMI_IRQN        - Non Maskable Interrupt
2269:C:\Program Files (x86)\Cypress\PSoC Creator\4.4\PSoC Creator\1\CapSense_CSD_P4_Design01.cydsn\Generated_Source\PSoC4\CyLib.c **** *    CY_INT_HARD_FAULT_IRQN - Hard Fault Interrupt
2270:C:\Program Files (x86)\Cypress\PSoC Creator\4.4\PSoC Creator\1\CapSense_CSD_P4_Design01.cydsn\Generated_Source\PSoC4\CyLib.c **** *    CY_INT_SVCALL_IRQN     - SV Call Interrupt
2271:C:\Program Files (x86)\Cypress\PSoC Creator\4.4\PSoC Creator\1\CapSense_CSD_P4_Design01.cydsn\Generated_Source\PSoC4\CyLib.c **** *    CY_INT_PEND_SV_IRQN    - Pend SV Interrupt
2272:C:\Program Files (x86)\Cypress\PSoC Creator\4.4\PSoC Creator\1\CapSense_CSD_P4_Design01.cydsn\Generated_Source\PSoC4\CyLib.c **** *    CY_INT_SYSTICK_IRQN    - System Tick Interrupt
2273:C:\Program Files (x86)\Cypress\PSoC Creator\4.4\PSoC Creator\1\CapSense_CSD_P4_Design01.cydsn\Generated_Source\PSoC4\CyLib.c **** *
2274:C:\Program Files (x86)\Cypress\PSoC Creator\4.4\PSoC Creator\1\CapSense_CSD_P4_Design01.cydsn\Generated_Source\PSoC4\CyLib.c **** *  \param address Pointer to an interrupt service routine.
2275:C:\Program Files (x86)\Cypress\PSoC Creator\4.4\PSoC Creator\1\CapSense_CSD_P4_Design01.cydsn\Generated_Source\PSoC4\CyLib.c **** *
2276:C:\Program Files (x86)\Cypress\PSoC Creator\4.4\PSoC Creator\1\CapSense_CSD_P4_Design01.cydsn\Generated_Source\PSoC4\CyLib.c **** * \return The old ISR vector at this location.
2277:C:\Program Files (x86)\Cypress\PSoC Creator\4.4\PSoC Creator\1\CapSense_CSD_P4_Design01.cydsn\Generated_Source\PSoC4\CyLib.c **** *
2278:C:\Program Files (x86)\Cypress\PSoC Creator\4.4\PSoC Creator\1\CapSense_CSD_P4_Design01.cydsn\Generated_Source\PSoC4\CyLib.c **** *******************************************************************************/
2279:C:\Program Files (x86)\Cypress\PSoC Creator\4.4\PSoC Creator\1\CapSense_CSD_P4_Design01.cydsn\Generated_Source\PSoC4\CyLib.c **** cyisraddress CyIntSetSysVector(uint8 number, cyisraddress address)
2280:C:\Program Files (x86)\Cypress\PSoC Creator\4.4\PSoC Creator\1\CapSense_CSD_P4_Design01.cydsn\Generated_Source\PSoC4\CyLib.c **** {
 1065              		.loc 1 2280 0
 1066              		.cfi_startproc
 1067              		@ args = 0, pretend = 0, frame = 16
 1068              		@ frame_needed = 1, uses_anonymous_args = 0
 1069 0000 80B5     		push	{r7, lr}
 1070              		.cfi_def_cfa_offset 8
 1071              		.cfi_offset 7, -8
 1072              		.cfi_offset 14, -4
 1073 0002 84B0     		sub	sp, sp, #16
ARM GAS  C:\Users\taips\AppData\Local\Temp\ccbT16OQ.s 			page 60


 1074              		.cfi_def_cfa_offset 24
 1075 0004 00AF     		add	r7, sp, #0
 1076              		.cfi_def_cfa_register 7
 1077 0006 0200     		movs	r2, r0
 1078 0008 3960     		str	r1, [r7]
 1079 000a FB1D     		adds	r3, r7, #7
 1080 000c 1A70     		strb	r2, [r3]
2281:C:\Program Files (x86)\Cypress\PSoC Creator\4.4\PSoC Creator\1\CapSense_CSD_P4_Design01.cydsn\Generated_Source\PSoC4\CyLib.c ****     cyisraddress oldIsr;
2282:C:\Program Files (x86)\Cypress\PSoC Creator\4.4\PSoC Creator\1\CapSense_CSD_P4_Design01.cydsn\Generated_Source\PSoC4\CyLib.c ****     cyisraddress *ramVectorTable = (cyisraddress *) CY_INT_VECT_TABLE;
 1081              		.loc 1 2282 0
 1082 000e 8023     		movs	r3, #128
 1083 0010 9B05     		lsls	r3, r3, #22
 1084 0012 FB60     		str	r3, [r7, #12]
2283:C:\Program Files (x86)\Cypress\PSoC Creator\4.4\PSoC Creator\1\CapSense_CSD_P4_Design01.cydsn\Generated_Source\PSoC4\CyLib.c **** 
2284:C:\Program Files (x86)\Cypress\PSoC Creator\4.4\PSoC Creator\1\CapSense_CSD_P4_Design01.cydsn\Generated_Source\PSoC4\CyLib.c ****     CYASSERT(number < CY_INT_IRQ_BASE);
 1085              		.loc 1 2284 0
 1086 0014 FB1D     		adds	r3, r7, #7
 1087 0016 1B78     		ldrb	r3, [r3]
 1088 0018 0F2B     		cmp	r3, #15
 1089 001a 02D9     		bls	.L62
 1090              		.loc 1 2284 0 is_stmt 0 discriminator 1
 1091 001c 0020     		movs	r0, #0
 1092 001e FFF7FEFF 		bl	CyHalt
 1093              	.L62:
2285:C:\Program Files (x86)\Cypress\PSoC Creator\4.4\PSoC Creator\1\CapSense_CSD_P4_Design01.cydsn\Generated_Source\PSoC4\CyLib.c **** 
2286:C:\Program Files (x86)\Cypress\PSoC Creator\4.4\PSoC Creator\1\CapSense_CSD_P4_Design01.cydsn\Generated_Source\PSoC4\CyLib.c ****     /* Save old Interrupt service routine. */
2287:C:\Program Files (x86)\Cypress\PSoC Creator\4.4\PSoC Creator\1\CapSense_CSD_P4_Design01.cydsn\Generated_Source\PSoC4\CyLib.c ****     oldIsr = ramVectorTable[number];
 1094              		.loc 1 2287 0 is_stmt 1
 1095 0022 FB1D     		adds	r3, r7, #7
 1096 0024 1B78     		ldrb	r3, [r3]
 1097 0026 9B00     		lsls	r3, r3, #2
 1098 0028 FA68     		ldr	r2, [r7, #12]
 1099 002a D318     		adds	r3, r2, r3
 1100 002c 1B68     		ldr	r3, [r3]
 1101 002e BB60     		str	r3, [r7, #8]
2288:C:\Program Files (x86)\Cypress\PSoC Creator\4.4\PSoC Creator\1\CapSense_CSD_P4_Design01.cydsn\Generated_Source\PSoC4\CyLib.c **** 
2289:C:\Program Files (x86)\Cypress\PSoC Creator\4.4\PSoC Creator\1\CapSense_CSD_P4_Design01.cydsn\Generated_Source\PSoC4\CyLib.c ****     /* Set new Interrupt service routine. */
2290:C:\Program Files (x86)\Cypress\PSoC Creator\4.4\PSoC Creator\1\CapSense_CSD_P4_Design01.cydsn\Generated_Source\PSoC4\CyLib.c ****     ramVectorTable[number] = address;
 1102              		.loc 1 2290 0
 1103 0030 FB1D     		adds	r3, r7, #7
 1104 0032 1B78     		ldrb	r3, [r3]
 1105 0034 9B00     		lsls	r3, r3, #2
 1106 0036 FA68     		ldr	r2, [r7, #12]
 1107 0038 D318     		adds	r3, r2, r3
 1108 003a 3A68     		ldr	r2, [r7]
 1109 003c 1A60     		str	r2, [r3]
2291:C:\Program Files (x86)\Cypress\PSoC Creator\4.4\PSoC Creator\1\CapSense_CSD_P4_Design01.cydsn\Generated_Source\PSoC4\CyLib.c **** 
2292:C:\Program Files (x86)\Cypress\PSoC Creator\4.4\PSoC Creator\1\CapSense_CSD_P4_Design01.cydsn\Generated_Source\PSoC4\CyLib.c ****     return(oldIsr);
 1110              		.loc 1 2292 0
 1111 003e BB68     		ldr	r3, [r7, #8]
2293:C:\Program Files (x86)\Cypress\PSoC Creator\4.4\PSoC Creator\1\CapSense_CSD_P4_Design01.cydsn\Generated_Source\PSoC4\CyLib.c **** }
 1112              		.loc 1 2293 0
 1113 0040 1800     		movs	r0, r3
 1114 0042 BD46     		mov	sp, r7
 1115 0044 04B0     		add	sp, sp, #16
 1116              		@ sp needed
 1117 0046 80BD     		pop	{r7, pc}
ARM GAS  C:\Users\taips\AppData\Local\Temp\ccbT16OQ.s 			page 61


 1118              		.cfi_endproc
 1119              	.LFE14:
 1120              		.size	CyIntSetSysVector, .-CyIntSetSysVector
 1121              		.section	.text.CyIntGetSysVector,"ax",%progbits
 1122              		.align	2
 1123              		.global	CyIntGetSysVector
 1124              		.code	16
 1125              		.thumb_func
 1126              		.type	CyIntGetSysVector, %function
 1127              	CyIntGetSysVector:
 1128              	.LFB15:
2294:C:\Program Files (x86)\Cypress\PSoC Creator\4.4\PSoC Creator\1\CapSense_CSD_P4_Design01.cydsn\Generated_Source\PSoC4\CyLib.c **** 
2295:C:\Program Files (x86)\Cypress\PSoC Creator\4.4\PSoC Creator\1\CapSense_CSD_P4_Design01.cydsn\Generated_Source\PSoC4\CyLib.c **** 
2296:C:\Program Files (x86)\Cypress\PSoC Creator\4.4\PSoC Creator\1\CapSense_CSD_P4_Design01.cydsn\Generated_Source\PSoC4\CyLib.c **** /*******************************************************************************
2297:C:\Program Files (x86)\Cypress\PSoC Creator\4.4\PSoC Creator\1\CapSense_CSD_P4_Design01.cydsn\Generated_Source\PSoC4\CyLib.c **** * Function Name: CyIntGetSysVector
2298:C:\Program Files (x86)\Cypress\PSoC Creator\4.4\PSoC Creator\1\CapSense_CSD_P4_Design01.cydsn\Generated_Source\PSoC4\CyLib.c **** ****************************************************************************//**
2299:C:\Program Files (x86)\Cypress\PSoC Creator\4.4\PSoC Creator\1\CapSense_CSD_P4_Design01.cydsn\Generated_Source\PSoC4\CyLib.c **** *
2300:C:\Program Files (x86)\Cypress\PSoC Creator\4.4\PSoC Creator\1\CapSense_CSD_P4_Design01.cydsn\Generated_Source\PSoC4\CyLib.c **** *   Gets the interrupt vector of the specified system interrupt number. These
2301:C:\Program Files (x86)\Cypress\PSoC Creator\4.4\PSoC Creator\1\CapSense_CSD_P4_Design01.cydsn\Generated_Source\PSoC4\CyLib.c **** *   interrupts are for SysTick, PendSV and others.
2302:C:\Program Files (x86)\Cypress\PSoC Creator\4.4\PSoC Creator\1\CapSense_CSD_P4_Design01.cydsn\Generated_Source\PSoC4\CyLib.c **** *
2303:C:\Program Files (x86)\Cypress\PSoC Creator\4.4\PSoC Creator\1\CapSense_CSD_P4_Design01.cydsn\Generated_Source\PSoC4\CyLib.c **** *  \param number: System interrupt number:
2304:C:\Program Files (x86)\Cypress\PSoC Creator\4.4\PSoC Creator\1\CapSense_CSD_P4_Design01.cydsn\Generated_Source\PSoC4\CyLib.c **** *    CY_INT_NMI_IRQN        - Non Maskable Interrupt
2305:C:\Program Files (x86)\Cypress\PSoC Creator\4.4\PSoC Creator\1\CapSense_CSD_P4_Design01.cydsn\Generated_Source\PSoC4\CyLib.c **** *    CY_INT_HARD_FAULT_IRQN - Hard Fault Interrupt
2306:C:\Program Files (x86)\Cypress\PSoC Creator\4.4\PSoC Creator\1\CapSense_CSD_P4_Design01.cydsn\Generated_Source\PSoC4\CyLib.c **** *    CY_INT_SVCALL_IRQN     - SV Call Interrupt
2307:C:\Program Files (x86)\Cypress\PSoC Creator\4.4\PSoC Creator\1\CapSense_CSD_P4_Design01.cydsn\Generated_Source\PSoC4\CyLib.c **** *    CY_INT_PEND_SV_IRQN    - Pend SV Interrupt
2308:C:\Program Files (x86)\Cypress\PSoC Creator\4.4\PSoC Creator\1\CapSense_CSD_P4_Design01.cydsn\Generated_Source\PSoC4\CyLib.c **** *    CY_INT_SYSTICK_IRQN    - System Tick Interrupt
2309:C:\Program Files (x86)\Cypress\PSoC Creator\4.4\PSoC Creator\1\CapSense_CSD_P4_Design01.cydsn\Generated_Source\PSoC4\CyLib.c **** *
2310:C:\Program Files (x86)\Cypress\PSoC Creator\4.4\PSoC Creator\1\CapSense_CSD_P4_Design01.cydsn\Generated_Source\PSoC4\CyLib.c **** * \return Address of the ISR in the interrupt vector table.
2311:C:\Program Files (x86)\Cypress\PSoC Creator\4.4\PSoC Creator\1\CapSense_CSD_P4_Design01.cydsn\Generated_Source\PSoC4\CyLib.c **** *
2312:C:\Program Files (x86)\Cypress\PSoC Creator\4.4\PSoC Creator\1\CapSense_CSD_P4_Design01.cydsn\Generated_Source\PSoC4\CyLib.c **** *******************************************************************************/
2313:C:\Program Files (x86)\Cypress\PSoC Creator\4.4\PSoC Creator\1\CapSense_CSD_P4_Design01.cydsn\Generated_Source\PSoC4\CyLib.c **** cyisraddress CyIntGetSysVector(uint8 number)
2314:C:\Program Files (x86)\Cypress\PSoC Creator\4.4\PSoC Creator\1\CapSense_CSD_P4_Design01.cydsn\Generated_Source\PSoC4\CyLib.c **** {
 1129              		.loc 1 2314 0
 1130              		.cfi_startproc
 1131              		@ args = 0, pretend = 0, frame = 16
 1132              		@ frame_needed = 1, uses_anonymous_args = 0
 1133 0000 80B5     		push	{r7, lr}
 1134              		.cfi_def_cfa_offset 8
 1135              		.cfi_offset 7, -8
 1136              		.cfi_offset 14, -4
 1137 0002 84B0     		sub	sp, sp, #16
 1138              		.cfi_def_cfa_offset 24
 1139 0004 00AF     		add	r7, sp, #0
 1140              		.cfi_def_cfa_register 7
 1141 0006 0200     		movs	r2, r0
 1142 0008 FB1D     		adds	r3, r7, #7
 1143 000a 1A70     		strb	r2, [r3]
2315:C:\Program Files (x86)\Cypress\PSoC Creator\4.4\PSoC Creator\1\CapSense_CSD_P4_Design01.cydsn\Generated_Source\PSoC4\CyLib.c ****     cyisraddress *ramVectorTable = (cyisraddress *) CY_INT_VECT_TABLE;
 1144              		.loc 1 2315 0
 1145 000c 8023     		movs	r3, #128
 1146 000e 9B05     		lsls	r3, r3, #22
 1147 0010 FB60     		str	r3, [r7, #12]
2316:C:\Program Files (x86)\Cypress\PSoC Creator\4.4\PSoC Creator\1\CapSense_CSD_P4_Design01.cydsn\Generated_Source\PSoC4\CyLib.c **** 
2317:C:\Program Files (x86)\Cypress\PSoC Creator\4.4\PSoC Creator\1\CapSense_CSD_P4_Design01.cydsn\Generated_Source\PSoC4\CyLib.c ****     CYASSERT(number < CY_INT_IRQ_BASE);
 1148              		.loc 1 2317 0
 1149 0012 FB1D     		adds	r3, r7, #7
 1150 0014 1B78     		ldrb	r3, [r3]
ARM GAS  C:\Users\taips\AppData\Local\Temp\ccbT16OQ.s 			page 62


 1151 0016 0F2B     		cmp	r3, #15
 1152 0018 02D9     		bls	.L65
 1153              		.loc 1 2317 0 is_stmt 0 discriminator 1
 1154 001a 0020     		movs	r0, #0
 1155 001c FFF7FEFF 		bl	CyHalt
 1156              	.L65:
2318:C:\Program Files (x86)\Cypress\PSoC Creator\4.4\PSoC Creator\1\CapSense_CSD_P4_Design01.cydsn\Generated_Source\PSoC4\CyLib.c **** 
2319:C:\Program Files (x86)\Cypress\PSoC Creator\4.4\PSoC Creator\1\CapSense_CSD_P4_Design01.cydsn\Generated_Source\PSoC4\CyLib.c ****     return(ramVectorTable[number]);
 1157              		.loc 1 2319 0 is_stmt 1
 1158 0020 FB1D     		adds	r3, r7, #7
 1159 0022 1B78     		ldrb	r3, [r3]
 1160 0024 9B00     		lsls	r3, r3, #2
 1161 0026 FA68     		ldr	r2, [r7, #12]
 1162 0028 D318     		adds	r3, r2, r3
 1163 002a 1B68     		ldr	r3, [r3]
2320:C:\Program Files (x86)\Cypress\PSoC Creator\4.4\PSoC Creator\1\CapSense_CSD_P4_Design01.cydsn\Generated_Source\PSoC4\CyLib.c **** }
 1164              		.loc 1 2320 0
 1165 002c 1800     		movs	r0, r3
 1166 002e BD46     		mov	sp, r7
 1167 0030 04B0     		add	sp, sp, #16
 1168              		@ sp needed
 1169 0032 80BD     		pop	{r7, pc}
 1170              		.cfi_endproc
 1171              	.LFE15:
 1172              		.size	CyIntGetSysVector, .-CyIntGetSysVector
 1173              		.section	.text.CyIntSetVector,"ax",%progbits
 1174              		.align	2
 1175              		.global	CyIntSetVector
 1176              		.code	16
 1177              		.thumb_func
 1178              		.type	CyIntSetVector, %function
 1179              	CyIntSetVector:
 1180              	.LFB16:
2321:C:\Program Files (x86)\Cypress\PSoC Creator\4.4\PSoC Creator\1\CapSense_CSD_P4_Design01.cydsn\Generated_Source\PSoC4\CyLib.c **** 
2322:C:\Program Files (x86)\Cypress\PSoC Creator\4.4\PSoC Creator\1\CapSense_CSD_P4_Design01.cydsn\Generated_Source\PSoC4\CyLib.c **** 
2323:C:\Program Files (x86)\Cypress\PSoC Creator\4.4\PSoC Creator\1\CapSense_CSD_P4_Design01.cydsn\Generated_Source\PSoC4\CyLib.c **** /*******************************************************************************
2324:C:\Program Files (x86)\Cypress\PSoC Creator\4.4\PSoC Creator\1\CapSense_CSD_P4_Design01.cydsn\Generated_Source\PSoC4\CyLib.c **** * Function Name: CyIntSetVector
2325:C:\Program Files (x86)\Cypress\PSoC Creator\4.4\PSoC Creator\1\CapSense_CSD_P4_Design01.cydsn\Generated_Source\PSoC4\CyLib.c **** ****************************************************************************//**
2326:C:\Program Files (x86)\Cypress\PSoC Creator\4.4\PSoC Creator\1\CapSense_CSD_P4_Design01.cydsn\Generated_Source\PSoC4\CyLib.c **** *
2327:C:\Program Files (x86)\Cypress\PSoC Creator\4.4\PSoC Creator\1\CapSense_CSD_P4_Design01.cydsn\Generated_Source\PSoC4\CyLib.c **** *  Sets the interrupt vector of the specified interrupt number.
2328:C:\Program Files (x86)\Cypress\PSoC Creator\4.4\PSoC Creator\1\CapSense_CSD_P4_Design01.cydsn\Generated_Source\PSoC4\CyLib.c **** *
2329:C:\Program Files (x86)\Cypress\PSoC Creator\4.4\PSoC Creator\1\CapSense_CSD_P4_Design01.cydsn\Generated_Source\PSoC4\CyLib.c **** *  \param number Valid range [0-31].  Interrupt number
2330:C:\Program Files (x86)\Cypress\PSoC Creator\4.4\PSoC Creator\1\CapSense_CSD_P4_Design01.cydsn\Generated_Source\PSoC4\CyLib.c **** *  \param address Pointer to an interrupt service routine
2331:C:\Program Files (x86)\Cypress\PSoC Creator\4.4\PSoC Creator\1\CapSense_CSD_P4_Design01.cydsn\Generated_Source\PSoC4\CyLib.c **** *
2332:C:\Program Files (x86)\Cypress\PSoC Creator\4.4\PSoC Creator\1\CapSense_CSD_P4_Design01.cydsn\Generated_Source\PSoC4\CyLib.c **** * \return Previous interrupt vector value.
2333:C:\Program Files (x86)\Cypress\PSoC Creator\4.4\PSoC Creator\1\CapSense_CSD_P4_Design01.cydsn\Generated_Source\PSoC4\CyLib.c **** *
2334:C:\Program Files (x86)\Cypress\PSoC Creator\4.4\PSoC Creator\1\CapSense_CSD_P4_Design01.cydsn\Generated_Source\PSoC4\CyLib.c **** *******************************************************************************/
2335:C:\Program Files (x86)\Cypress\PSoC Creator\4.4\PSoC Creator\1\CapSense_CSD_P4_Design01.cydsn\Generated_Source\PSoC4\CyLib.c **** cyisraddress CyIntSetVector(uint8 number, cyisraddress address)
2336:C:\Program Files (x86)\Cypress\PSoC Creator\4.4\PSoC Creator\1\CapSense_CSD_P4_Design01.cydsn\Generated_Source\PSoC4\CyLib.c **** {
 1181              		.loc 1 2336 0
 1182              		.cfi_startproc
 1183              		@ args = 0, pretend = 0, frame = 16
 1184              		@ frame_needed = 1, uses_anonymous_args = 0
 1185 0000 80B5     		push	{r7, lr}
 1186              		.cfi_def_cfa_offset 8
 1187              		.cfi_offset 7, -8
 1188              		.cfi_offset 14, -4
ARM GAS  C:\Users\taips\AppData\Local\Temp\ccbT16OQ.s 			page 63


 1189 0002 84B0     		sub	sp, sp, #16
 1190              		.cfi_def_cfa_offset 24
 1191 0004 00AF     		add	r7, sp, #0
 1192              		.cfi_def_cfa_register 7
 1193 0006 0200     		movs	r2, r0
 1194 0008 3960     		str	r1, [r7]
 1195 000a FB1D     		adds	r3, r7, #7
 1196 000c 1A70     		strb	r2, [r3]
2337:C:\Program Files (x86)\Cypress\PSoC Creator\4.4\PSoC Creator\1\CapSense_CSD_P4_Design01.cydsn\Generated_Source\PSoC4\CyLib.c ****     cyisraddress oldIsr;
2338:C:\Program Files (x86)\Cypress\PSoC Creator\4.4\PSoC Creator\1\CapSense_CSD_P4_Design01.cydsn\Generated_Source\PSoC4\CyLib.c ****     cyisraddress *ramVectorTable = (cyisraddress *) CY_INT_VECT_TABLE;
 1197              		.loc 1 2338 0
 1198 000e 8023     		movs	r3, #128
 1199 0010 9B05     		lsls	r3, r3, #22
 1200 0012 FB60     		str	r3, [r7, #12]
2339:C:\Program Files (x86)\Cypress\PSoC Creator\4.4\PSoC Creator\1\CapSense_CSD_P4_Design01.cydsn\Generated_Source\PSoC4\CyLib.c **** 
2340:C:\Program Files (x86)\Cypress\PSoC Creator\4.4\PSoC Creator\1\CapSense_CSD_P4_Design01.cydsn\Generated_Source\PSoC4\CyLib.c ****     CYASSERT(number < CY_NUM_INTERRUPTS);
 1201              		.loc 1 2340 0
 1202 0014 FB1D     		adds	r3, r7, #7
 1203 0016 1B78     		ldrb	r3, [r3]
 1204 0018 1F2B     		cmp	r3, #31
 1205 001a 02D9     		bls	.L68
 1206              		.loc 1 2340 0 is_stmt 0 discriminator 1
 1207 001c 0020     		movs	r0, #0
 1208 001e FFF7FEFF 		bl	CyHalt
 1209              	.L68:
2341:C:\Program Files (x86)\Cypress\PSoC Creator\4.4\PSoC Creator\1\CapSense_CSD_P4_Design01.cydsn\Generated_Source\PSoC4\CyLib.c **** 
2342:C:\Program Files (x86)\Cypress\PSoC Creator\4.4\PSoC Creator\1\CapSense_CSD_P4_Design01.cydsn\Generated_Source\PSoC4\CyLib.c ****     /* Save old Interrupt service routine. */
2343:C:\Program Files (x86)\Cypress\PSoC Creator\4.4\PSoC Creator\1\CapSense_CSD_P4_Design01.cydsn\Generated_Source\PSoC4\CyLib.c ****     oldIsr = ramVectorTable[CY_INT_IRQ_BASE + number];
 1210              		.loc 1 2343 0 is_stmt 1
 1211 0022 FB1D     		adds	r3, r7, #7
 1212 0024 1B78     		ldrb	r3, [r3]
 1213 0026 1033     		adds	r3, r3, #16
 1214 0028 9B00     		lsls	r3, r3, #2
 1215 002a FA68     		ldr	r2, [r7, #12]
 1216 002c D318     		adds	r3, r2, r3
 1217 002e 1B68     		ldr	r3, [r3]
 1218 0030 BB60     		str	r3, [r7, #8]
2344:C:\Program Files (x86)\Cypress\PSoC Creator\4.4\PSoC Creator\1\CapSense_CSD_P4_Design01.cydsn\Generated_Source\PSoC4\CyLib.c **** 
2345:C:\Program Files (x86)\Cypress\PSoC Creator\4.4\PSoC Creator\1\CapSense_CSD_P4_Design01.cydsn\Generated_Source\PSoC4\CyLib.c ****     /* Set new Interrupt service routine. */
2346:C:\Program Files (x86)\Cypress\PSoC Creator\4.4\PSoC Creator\1\CapSense_CSD_P4_Design01.cydsn\Generated_Source\PSoC4\CyLib.c ****     ramVectorTable[CY_INT_IRQ_BASE + number] = address;
 1219              		.loc 1 2346 0
 1220 0032 FB1D     		adds	r3, r7, #7
 1221 0034 1B78     		ldrb	r3, [r3]
 1222 0036 1033     		adds	r3, r3, #16
 1223 0038 9B00     		lsls	r3, r3, #2
 1224 003a FA68     		ldr	r2, [r7, #12]
 1225 003c D318     		adds	r3, r2, r3
 1226 003e 3A68     		ldr	r2, [r7]
 1227 0040 1A60     		str	r2, [r3]
2347:C:\Program Files (x86)\Cypress\PSoC Creator\4.4\PSoC Creator\1\CapSense_CSD_P4_Design01.cydsn\Generated_Source\PSoC4\CyLib.c **** 
2348:C:\Program Files (x86)\Cypress\PSoC Creator\4.4\PSoC Creator\1\CapSense_CSD_P4_Design01.cydsn\Generated_Source\PSoC4\CyLib.c ****     return(oldIsr);
 1228              		.loc 1 2348 0
 1229 0042 BB68     		ldr	r3, [r7, #8]
2349:C:\Program Files (x86)\Cypress\PSoC Creator\4.4\PSoC Creator\1\CapSense_CSD_P4_Design01.cydsn\Generated_Source\PSoC4\CyLib.c **** }
 1230              		.loc 1 2349 0
 1231 0044 1800     		movs	r0, r3
 1232 0046 BD46     		mov	sp, r7
ARM GAS  C:\Users\taips\AppData\Local\Temp\ccbT16OQ.s 			page 64


 1233 0048 04B0     		add	sp, sp, #16
 1234              		@ sp needed
 1235 004a 80BD     		pop	{r7, pc}
 1236              		.cfi_endproc
 1237              	.LFE16:
 1238              		.size	CyIntSetVector, .-CyIntSetVector
 1239              		.section	.text.CyIntGetVector,"ax",%progbits
 1240              		.align	2
 1241              		.global	CyIntGetVector
 1242              		.code	16
 1243              		.thumb_func
 1244              		.type	CyIntGetVector, %function
 1245              	CyIntGetVector:
 1246              	.LFB17:
2350:C:\Program Files (x86)\Cypress\PSoC Creator\4.4\PSoC Creator\1\CapSense_CSD_P4_Design01.cydsn\Generated_Source\PSoC4\CyLib.c **** 
2351:C:\Program Files (x86)\Cypress\PSoC Creator\4.4\PSoC Creator\1\CapSense_CSD_P4_Design01.cydsn\Generated_Source\PSoC4\CyLib.c **** 
2352:C:\Program Files (x86)\Cypress\PSoC Creator\4.4\PSoC Creator\1\CapSense_CSD_P4_Design01.cydsn\Generated_Source\PSoC4\CyLib.c **** /*******************************************************************************
2353:C:\Program Files (x86)\Cypress\PSoC Creator\4.4\PSoC Creator\1\CapSense_CSD_P4_Design01.cydsn\Generated_Source\PSoC4\CyLib.c **** * Function Name: CyIntGetVector
2354:C:\Program Files (x86)\Cypress\PSoC Creator\4.4\PSoC Creator\1\CapSense_CSD_P4_Design01.cydsn\Generated_Source\PSoC4\CyLib.c **** ****************************************************************************//**
2355:C:\Program Files (x86)\Cypress\PSoC Creator\4.4\PSoC Creator\1\CapSense_CSD_P4_Design01.cydsn\Generated_Source\PSoC4\CyLib.c **** *
2356:C:\Program Files (x86)\Cypress\PSoC Creator\4.4\PSoC Creator\1\CapSense_CSD_P4_Design01.cydsn\Generated_Source\PSoC4\CyLib.c **** *  Gets the interrupt vector of the specified interrupt number.
2357:C:\Program Files (x86)\Cypress\PSoC Creator\4.4\PSoC Creator\1\CapSense_CSD_P4_Design01.cydsn\Generated_Source\PSoC4\CyLib.c **** *
2358:C:\Program Files (x86)\Cypress\PSoC Creator\4.4\PSoC Creator\1\CapSense_CSD_P4_Design01.cydsn\Generated_Source\PSoC4\CyLib.c **** *  \param number: Valid range [0-31].  Interrupt number
2359:C:\Program Files (x86)\Cypress\PSoC Creator\4.4\PSoC Creator\1\CapSense_CSD_P4_Design01.cydsn\Generated_Source\PSoC4\CyLib.c **** *
2360:C:\Program Files (x86)\Cypress\PSoC Creator\4.4\PSoC Creator\1\CapSense_CSD_P4_Design01.cydsn\Generated_Source\PSoC4\CyLib.c **** * \return Address of the ISR in the interrupt vector table.
2361:C:\Program Files (x86)\Cypress\PSoC Creator\4.4\PSoC Creator\1\CapSense_CSD_P4_Design01.cydsn\Generated_Source\PSoC4\CyLib.c **** *
2362:C:\Program Files (x86)\Cypress\PSoC Creator\4.4\PSoC Creator\1\CapSense_CSD_P4_Design01.cydsn\Generated_Source\PSoC4\CyLib.c **** *******************************************************************************/
2363:C:\Program Files (x86)\Cypress\PSoC Creator\4.4\PSoC Creator\1\CapSense_CSD_P4_Design01.cydsn\Generated_Source\PSoC4\CyLib.c **** cyisraddress CyIntGetVector(uint8 number)
2364:C:\Program Files (x86)\Cypress\PSoC Creator\4.4\PSoC Creator\1\CapSense_CSD_P4_Design01.cydsn\Generated_Source\PSoC4\CyLib.c **** {
 1247              		.loc 1 2364 0
 1248              		.cfi_startproc
 1249              		@ args = 0, pretend = 0, frame = 16
 1250              		@ frame_needed = 1, uses_anonymous_args = 0
 1251 0000 80B5     		push	{r7, lr}
 1252              		.cfi_def_cfa_offset 8
 1253              		.cfi_offset 7, -8
 1254              		.cfi_offset 14, -4
 1255 0002 84B0     		sub	sp, sp, #16
 1256              		.cfi_def_cfa_offset 24
 1257 0004 00AF     		add	r7, sp, #0
 1258              		.cfi_def_cfa_register 7
 1259 0006 0200     		movs	r2, r0
 1260 0008 FB1D     		adds	r3, r7, #7
 1261 000a 1A70     		strb	r2, [r3]
2365:C:\Program Files (x86)\Cypress\PSoC Creator\4.4\PSoC Creator\1\CapSense_CSD_P4_Design01.cydsn\Generated_Source\PSoC4\CyLib.c ****     cyisraddress *ramVectorTable = (cyisraddress *) CY_INT_VECT_TABLE;
 1262              		.loc 1 2365 0
 1263 000c 8023     		movs	r3, #128
 1264 000e 9B05     		lsls	r3, r3, #22
 1265 0010 FB60     		str	r3, [r7, #12]
2366:C:\Program Files (x86)\Cypress\PSoC Creator\4.4\PSoC Creator\1\CapSense_CSD_P4_Design01.cydsn\Generated_Source\PSoC4\CyLib.c **** 
2367:C:\Program Files (x86)\Cypress\PSoC Creator\4.4\PSoC Creator\1\CapSense_CSD_P4_Design01.cydsn\Generated_Source\PSoC4\CyLib.c ****     CYASSERT(number < CY_NUM_INTERRUPTS);
 1266              		.loc 1 2367 0
 1267 0012 FB1D     		adds	r3, r7, #7
 1268 0014 1B78     		ldrb	r3, [r3]
 1269 0016 1F2B     		cmp	r3, #31
 1270 0018 02D9     		bls	.L71
 1271              		.loc 1 2367 0 is_stmt 0 discriminator 1
ARM GAS  C:\Users\taips\AppData\Local\Temp\ccbT16OQ.s 			page 65


 1272 001a 0020     		movs	r0, #0
 1273 001c FFF7FEFF 		bl	CyHalt
 1274              	.L71:
2368:C:\Program Files (x86)\Cypress\PSoC Creator\4.4\PSoC Creator\1\CapSense_CSD_P4_Design01.cydsn\Generated_Source\PSoC4\CyLib.c **** 
2369:C:\Program Files (x86)\Cypress\PSoC Creator\4.4\PSoC Creator\1\CapSense_CSD_P4_Design01.cydsn\Generated_Source\PSoC4\CyLib.c ****     return (ramVectorTable[CY_INT_IRQ_BASE + number]);
 1275              		.loc 1 2369 0 is_stmt 1
 1276 0020 FB1D     		adds	r3, r7, #7
 1277 0022 1B78     		ldrb	r3, [r3]
 1278 0024 1033     		adds	r3, r3, #16
 1279 0026 9B00     		lsls	r3, r3, #2
 1280 0028 FA68     		ldr	r2, [r7, #12]
 1281 002a D318     		adds	r3, r2, r3
 1282 002c 1B68     		ldr	r3, [r3]
2370:C:\Program Files (x86)\Cypress\PSoC Creator\4.4\PSoC Creator\1\CapSense_CSD_P4_Design01.cydsn\Generated_Source\PSoC4\CyLib.c **** }
 1283              		.loc 1 2370 0
 1284 002e 1800     		movs	r0, r3
 1285 0030 BD46     		mov	sp, r7
 1286 0032 04B0     		add	sp, sp, #16
 1287              		@ sp needed
 1288 0034 80BD     		pop	{r7, pc}
 1289              		.cfi_endproc
 1290              	.LFE17:
 1291              		.size	CyIntGetVector, .-CyIntGetVector
 1292 0036 C046     		.section	.text.CyIntSetPriority,"ax",%progbits
 1293              		.align	2
 1294              		.global	CyIntSetPriority
 1295              		.code	16
 1296              		.thumb_func
 1297              		.type	CyIntSetPriority, %function
 1298              	CyIntSetPriority:
 1299              	.LFB18:
2371:C:\Program Files (x86)\Cypress\PSoC Creator\4.4\PSoC Creator\1\CapSense_CSD_P4_Design01.cydsn\Generated_Source\PSoC4\CyLib.c **** 
2372:C:\Program Files (x86)\Cypress\PSoC Creator\4.4\PSoC Creator\1\CapSense_CSD_P4_Design01.cydsn\Generated_Source\PSoC4\CyLib.c **** /*******************************************************************************
2373:C:\Program Files (x86)\Cypress\PSoC Creator\4.4\PSoC Creator\1\CapSense_CSD_P4_Design01.cydsn\Generated_Source\PSoC4\CyLib.c **** * Function Name: CyIntSetPriority
2374:C:\Program Files (x86)\Cypress\PSoC Creator\4.4\PSoC Creator\1\CapSense_CSD_P4_Design01.cydsn\Generated_Source\PSoC4\CyLib.c **** ****************************************************************************//**
2375:C:\Program Files (x86)\Cypress\PSoC Creator\4.4\PSoC Creator\1\CapSense_CSD_P4_Design01.cydsn\Generated_Source\PSoC4\CyLib.c **** *
2376:C:\Program Files (x86)\Cypress\PSoC Creator\4.4\PSoC Creator\1\CapSense_CSD_P4_Design01.cydsn\Generated_Source\PSoC4\CyLib.c **** *  Sets the priority of the interrupt.
2377:C:\Program Files (x86)\Cypress\PSoC Creator\4.4\PSoC Creator\1\CapSense_CSD_P4_Design01.cydsn\Generated_Source\PSoC4\CyLib.c **** *
2378:C:\Program Files (x86)\Cypress\PSoC Creator\4.4\PSoC Creator\1\CapSense_CSD_P4_Design01.cydsn\Generated_Source\PSoC4\CyLib.c **** *  \param priority: Priority of the interrupt. 0 - 3, 0 being the highest.
2379:C:\Program Files (x86)\Cypress\PSoC Creator\4.4\PSoC Creator\1\CapSense_CSD_P4_Design01.cydsn\Generated_Source\PSoC4\CyLib.c **** *  \param number: The number of the interrupt, 0 - 31.
2380:C:\Program Files (x86)\Cypress\PSoC Creator\4.4\PSoC Creator\1\CapSense_CSD_P4_Design01.cydsn\Generated_Source\PSoC4\CyLib.c **** *
2381:C:\Program Files (x86)\Cypress\PSoC Creator\4.4\PSoC Creator\1\CapSense_CSD_P4_Design01.cydsn\Generated_Source\PSoC4\CyLib.c **** *******************************************************************************/
2382:C:\Program Files (x86)\Cypress\PSoC Creator\4.4\PSoC Creator\1\CapSense_CSD_P4_Design01.cydsn\Generated_Source\PSoC4\CyLib.c **** void CyIntSetPriority(uint8 number, uint8 priority)
2383:C:\Program Files (x86)\Cypress\PSoC Creator\4.4\PSoC Creator\1\CapSense_CSD_P4_Design01.cydsn\Generated_Source\PSoC4\CyLib.c **** {
 1300              		.loc 1 2383 0
 1301              		.cfi_startproc
 1302              		@ args = 0, pretend = 0, frame = 24
 1303              		@ frame_needed = 1, uses_anonymous_args = 0
 1304 0000 90B5     		push	{r4, r7, lr}
 1305              		.cfi_def_cfa_offset 12
 1306              		.cfi_offset 4, -12
 1307              		.cfi_offset 7, -8
 1308              		.cfi_offset 14, -4
 1309 0002 87B0     		sub	sp, sp, #28
 1310              		.cfi_def_cfa_offset 40
 1311 0004 00AF     		add	r7, sp, #0
 1312              		.cfi_def_cfa_register 7
ARM GAS  C:\Users\taips\AppData\Local\Temp\ccbT16OQ.s 			page 66


 1313 0006 0200     		movs	r2, r0
 1314 0008 FB1D     		adds	r3, r7, #7
 1315 000a 1A70     		strb	r2, [r3]
 1316 000c BB1D     		adds	r3, r7, #6
 1317 000e 0A1C     		adds	r2, r1, #0
 1318 0010 1A70     		strb	r2, [r3]
2384:C:\Program Files (x86)\Cypress\PSoC Creator\4.4\PSoC Creator\1\CapSense_CSD_P4_Design01.cydsn\Generated_Source\PSoC4\CyLib.c ****     uint8 interruptState;
2385:C:\Program Files (x86)\Cypress\PSoC Creator\4.4\PSoC Creator\1\CapSense_CSD_P4_Design01.cydsn\Generated_Source\PSoC4\CyLib.c ****     uint32 shift;
2386:C:\Program Files (x86)\Cypress\PSoC Creator\4.4\PSoC Creator\1\CapSense_CSD_P4_Design01.cydsn\Generated_Source\PSoC4\CyLib.c ****     uint32 value;
2387:C:\Program Files (x86)\Cypress\PSoC Creator\4.4\PSoC Creator\1\CapSense_CSD_P4_Design01.cydsn\Generated_Source\PSoC4\CyLib.c **** 
2388:C:\Program Files (x86)\Cypress\PSoC Creator\4.4\PSoC Creator\1\CapSense_CSD_P4_Design01.cydsn\Generated_Source\PSoC4\CyLib.c ****     CYASSERT(priority <= CY_MIN_PRIORITY);
 1319              		.loc 1 2388 0
 1320 0012 BB1D     		adds	r3, r7, #6
 1321 0014 1B78     		ldrb	r3, [r3]
 1322 0016 032B     		cmp	r3, #3
 1323 0018 02D9     		bls	.L74
 1324              		.loc 1 2388 0 is_stmt 0 discriminator 1
 1325 001a 0020     		movs	r0, #0
 1326 001c FFF7FEFF 		bl	CyHalt
 1327              	.L74:
2389:C:\Program Files (x86)\Cypress\PSoC Creator\4.4\PSoC Creator\1\CapSense_CSD_P4_Design01.cydsn\Generated_Source\PSoC4\CyLib.c ****     CYASSERT(number < CY_NUM_INTERRUPTS);
 1328              		.loc 1 2389 0 is_stmt 1
 1329 0020 FB1D     		adds	r3, r7, #7
 1330 0022 1B78     		ldrb	r3, [r3]
 1331 0024 1F2B     		cmp	r3, #31
 1332 0026 02D9     		bls	.L75
 1333              		.loc 1 2389 0 is_stmt 0 discriminator 1
 1334 0028 0020     		movs	r0, #0
 1335 002a FFF7FEFF 		bl	CyHalt
 1336              	.L75:
2390:C:\Program Files (x86)\Cypress\PSoC Creator\4.4\PSoC Creator\1\CapSense_CSD_P4_Design01.cydsn\Generated_Source\PSoC4\CyLib.c **** 
2391:C:\Program Files (x86)\Cypress\PSoC Creator\4.4\PSoC Creator\1\CapSense_CSD_P4_Design01.cydsn\Generated_Source\PSoC4\CyLib.c ****     shift = CY_INT_PRIORITY_SHIFT(number);
 1337              		.loc 1 2391 0 is_stmt 1
 1338 002e FB1D     		adds	r3, r7, #7
 1339 0030 1B78     		ldrb	r3, [r3]
 1340 0032 0322     		movs	r2, #3
 1341 0034 1340     		ands	r3, r2
 1342 0036 DB00     		lsls	r3, r3, #3
 1343 0038 0633     		adds	r3, r3, #6
 1344 003a 7B61     		str	r3, [r7, #20]
2392:C:\Program Files (x86)\Cypress\PSoC Creator\4.4\PSoC Creator\1\CapSense_CSD_P4_Design01.cydsn\Generated_Source\PSoC4\CyLib.c **** 
2393:C:\Program Files (x86)\Cypress\PSoC Creator\4.4\PSoC Creator\1\CapSense_CSD_P4_Design01.cydsn\Generated_Source\PSoC4\CyLib.c ****     interruptState = CyEnterCriticalSection();
 1345              		.loc 1 2393 0
 1346 003c 1323     		movs	r3, #19
 1347 003e FC18     		adds	r4, r7, r3
 1348 0040 FFF7FEFF 		bl	CyEnterCriticalSection
 1349 0044 0300     		movs	r3, r0
 1350 0046 2370     		strb	r3, [r4]
2394:C:\Program Files (x86)\Cypress\PSoC Creator\4.4\PSoC Creator\1\CapSense_CSD_P4_Design01.cydsn\Generated_Source\PSoC4\CyLib.c **** 
2395:C:\Program Files (x86)\Cypress\PSoC Creator\4.4\PSoC Creator\1\CapSense_CSD_P4_Design01.cydsn\Generated_Source\PSoC4\CyLib.c ****     value = CY_INT_PRIORITY_REG(number);
 1351              		.loc 1 2395 0
 1352 0048 FB1D     		adds	r3, r7, #7
 1353 004a 1B78     		ldrb	r3, [r3]
 1354 004c 9B08     		lsrs	r3, r3, #2
 1355 004e DBB2     		uxtb	r3, r3
 1356 0050 9B00     		lsls	r3, r3, #2
 1357 0052 144A     		ldr	r2, .L76
ARM GAS  C:\Users\taips\AppData\Local\Temp\ccbT16OQ.s 			page 67


 1358 0054 9446     		mov	ip, r2
 1359 0056 6344     		add	r3, r3, ip
 1360 0058 1B68     		ldr	r3, [r3]
 1361 005a FB60     		str	r3, [r7, #12]
2396:C:\Program Files (x86)\Cypress\PSoC Creator\4.4\PSoC Creator\1\CapSense_CSD_P4_Design01.cydsn\Generated_Source\PSoC4\CyLib.c ****     value &= (uint32)(~((uint32)(CY_INT_PRIORITY_MASK << shift)));
 1362              		.loc 1 2396 0
 1363 005c 0322     		movs	r2, #3
 1364 005e 7B69     		ldr	r3, [r7, #20]
 1365 0060 9A40     		lsls	r2, r2, r3
 1366 0062 1300     		movs	r3, r2
 1367 0064 DA43     		mvns	r2, r3
 1368 0066 FB68     		ldr	r3, [r7, #12]
 1369 0068 1340     		ands	r3, r2
 1370 006a FB60     		str	r3, [r7, #12]
2397:C:\Program Files (x86)\Cypress\PSoC Creator\4.4\PSoC Creator\1\CapSense_CSD_P4_Design01.cydsn\Generated_Source\PSoC4\CyLib.c ****     value |= ((uint32)priority << shift);
 1371              		.loc 1 2397 0
 1372 006c BB1D     		adds	r3, r7, #6
 1373 006e 1A78     		ldrb	r2, [r3]
 1374 0070 7B69     		ldr	r3, [r7, #20]
 1375 0072 9A40     		lsls	r2, r2, r3
 1376 0074 1300     		movs	r3, r2
 1377 0076 FA68     		ldr	r2, [r7, #12]
 1378 0078 1343     		orrs	r3, r2
 1379 007a FB60     		str	r3, [r7, #12]
2398:C:\Program Files (x86)\Cypress\PSoC Creator\4.4\PSoC Creator\1\CapSense_CSD_P4_Design01.cydsn\Generated_Source\PSoC4\CyLib.c ****     CY_INT_PRIORITY_REG(number) = value;
 1380              		.loc 1 2398 0
 1381 007c FB1D     		adds	r3, r7, #7
 1382 007e 1B78     		ldrb	r3, [r3]
 1383 0080 9B08     		lsrs	r3, r3, #2
 1384 0082 DBB2     		uxtb	r3, r3
 1385 0084 9B00     		lsls	r3, r3, #2
 1386 0086 074A     		ldr	r2, .L76
 1387 0088 9446     		mov	ip, r2
 1388 008a 6344     		add	r3, r3, ip
 1389 008c FA68     		ldr	r2, [r7, #12]
 1390 008e 1A60     		str	r2, [r3]
2399:C:\Program Files (x86)\Cypress\PSoC Creator\4.4\PSoC Creator\1\CapSense_CSD_P4_Design01.cydsn\Generated_Source\PSoC4\CyLib.c **** 
2400:C:\Program Files (x86)\Cypress\PSoC Creator\4.4\PSoC Creator\1\CapSense_CSD_P4_Design01.cydsn\Generated_Source\PSoC4\CyLib.c ****     CyExitCriticalSection(interruptState);
 1391              		.loc 1 2400 0
 1392 0090 1323     		movs	r3, #19
 1393 0092 FB18     		adds	r3, r7, r3
 1394 0094 1B78     		ldrb	r3, [r3]
 1395 0096 1800     		movs	r0, r3
 1396 0098 FFF7FEFF 		bl	CyExitCriticalSection
2401:C:\Program Files (x86)\Cypress\PSoC Creator\4.4\PSoC Creator\1\CapSense_CSD_P4_Design01.cydsn\Generated_Source\PSoC4\CyLib.c **** }
 1397              		.loc 1 2401 0
 1398 009c C046     		nop
 1399 009e BD46     		mov	sp, r7
 1400 00a0 07B0     		add	sp, sp, #28
 1401              		@ sp needed
 1402 00a2 90BD     		pop	{r4, r7, pc}
 1403              	.L77:
 1404              		.align	2
 1405              	.L76:
 1406 00a4 00E400E0 		.word	-536812544
 1407              		.cfi_endproc
 1408              	.LFE18:
ARM GAS  C:\Users\taips\AppData\Local\Temp\ccbT16OQ.s 			page 68


 1409              		.size	CyIntSetPriority, .-CyIntSetPriority
 1410              		.section	.text.CyIntGetPriority,"ax",%progbits
 1411              		.align	2
 1412              		.global	CyIntGetPriority
 1413              		.code	16
 1414              		.thumb_func
 1415              		.type	CyIntGetPriority, %function
 1416              	CyIntGetPriority:
 1417              	.LFB19:
2402:C:\Program Files (x86)\Cypress\PSoC Creator\4.4\PSoC Creator\1\CapSense_CSD_P4_Design01.cydsn\Generated_Source\PSoC4\CyLib.c **** 
2403:C:\Program Files (x86)\Cypress\PSoC Creator\4.4\PSoC Creator\1\CapSense_CSD_P4_Design01.cydsn\Generated_Source\PSoC4\CyLib.c **** 
2404:C:\Program Files (x86)\Cypress\PSoC Creator\4.4\PSoC Creator\1\CapSense_CSD_P4_Design01.cydsn\Generated_Source\PSoC4\CyLib.c **** /*******************************************************************************
2405:C:\Program Files (x86)\Cypress\PSoC Creator\4.4\PSoC Creator\1\CapSense_CSD_P4_Design01.cydsn\Generated_Source\PSoC4\CyLib.c **** * Function Name: CyIntGetPriority
2406:C:\Program Files (x86)\Cypress\PSoC Creator\4.4\PSoC Creator\1\CapSense_CSD_P4_Design01.cydsn\Generated_Source\PSoC4\CyLib.c **** ****************************************************************************//**
2407:C:\Program Files (x86)\Cypress\PSoC Creator\4.4\PSoC Creator\1\CapSense_CSD_P4_Design01.cydsn\Generated_Source\PSoC4\CyLib.c **** *
2408:C:\Program Files (x86)\Cypress\PSoC Creator\4.4\PSoC Creator\1\CapSense_CSD_P4_Design01.cydsn\Generated_Source\PSoC4\CyLib.c **** *  Gets the priority of the interrupt.
2409:C:\Program Files (x86)\Cypress\PSoC Creator\4.4\PSoC Creator\1\CapSense_CSD_P4_Design01.cydsn\Generated_Source\PSoC4\CyLib.c **** *
2410:C:\Program Files (x86)\Cypress\PSoC Creator\4.4\PSoC Creator\1\CapSense_CSD_P4_Design01.cydsn\Generated_Source\PSoC4\CyLib.c **** *  \param number: The number of the interrupt, 0 - 31.
2411:C:\Program Files (x86)\Cypress\PSoC Creator\4.4\PSoC Creator\1\CapSense_CSD_P4_Design01.cydsn\Generated_Source\PSoC4\CyLib.c **** *
2412:C:\Program Files (x86)\Cypress\PSoC Creator\4.4\PSoC Creator\1\CapSense_CSD_P4_Design01.cydsn\Generated_Source\PSoC4\CyLib.c **** * \return
2413:C:\Program Files (x86)\Cypress\PSoC Creator\4.4\PSoC Creator\1\CapSense_CSD_P4_Design01.cydsn\Generated_Source\PSoC4\CyLib.c **** *  Priority of the interrupt. 0 - 3, 0 being the highest.
2414:C:\Program Files (x86)\Cypress\PSoC Creator\4.4\PSoC Creator\1\CapSense_CSD_P4_Design01.cydsn\Generated_Source\PSoC4\CyLib.c **** *
2415:C:\Program Files (x86)\Cypress\PSoC Creator\4.4\PSoC Creator\1\CapSense_CSD_P4_Design01.cydsn\Generated_Source\PSoC4\CyLib.c **** *******************************************************************************/
2416:C:\Program Files (x86)\Cypress\PSoC Creator\4.4\PSoC Creator\1\CapSense_CSD_P4_Design01.cydsn\Generated_Source\PSoC4\CyLib.c **** uint8 CyIntGetPriority(uint8 number)
2417:C:\Program Files (x86)\Cypress\PSoC Creator\4.4\PSoC Creator\1\CapSense_CSD_P4_Design01.cydsn\Generated_Source\PSoC4\CyLib.c **** {
 1418              		.loc 1 2417 0
 1419              		.cfi_startproc
 1420              		@ args = 0, pretend = 0, frame = 16
 1421              		@ frame_needed = 1, uses_anonymous_args = 0
 1422 0000 80B5     		push	{r7, lr}
 1423              		.cfi_def_cfa_offset 8
 1424              		.cfi_offset 7, -8
 1425              		.cfi_offset 14, -4
 1426 0002 84B0     		sub	sp, sp, #16
 1427              		.cfi_def_cfa_offset 24
 1428 0004 00AF     		add	r7, sp, #0
 1429              		.cfi_def_cfa_register 7
 1430 0006 0200     		movs	r2, r0
 1431 0008 FB1D     		adds	r3, r7, #7
 1432 000a 1A70     		strb	r2, [r3]
2418:C:\Program Files (x86)\Cypress\PSoC Creator\4.4\PSoC Creator\1\CapSense_CSD_P4_Design01.cydsn\Generated_Source\PSoC4\CyLib.c ****     uint8 priority;
2419:C:\Program Files (x86)\Cypress\PSoC Creator\4.4\PSoC Creator\1\CapSense_CSD_P4_Design01.cydsn\Generated_Source\PSoC4\CyLib.c **** 
2420:C:\Program Files (x86)\Cypress\PSoC Creator\4.4\PSoC Creator\1\CapSense_CSD_P4_Design01.cydsn\Generated_Source\PSoC4\CyLib.c ****     CYASSERT(number < CY_NUM_INTERRUPTS);
 1433              		.loc 1 2420 0
 1434 000c FB1D     		adds	r3, r7, #7
 1435 000e 1B78     		ldrb	r3, [r3]
 1436 0010 1F2B     		cmp	r3, #31
 1437 0012 02D9     		bls	.L79
 1438              		.loc 1 2420 0 is_stmt 0 discriminator 1
 1439 0014 0020     		movs	r0, #0
 1440 0016 FFF7FEFF 		bl	CyHalt
 1441              	.L79:
2421:C:\Program Files (x86)\Cypress\PSoC Creator\4.4\PSoC Creator\1\CapSense_CSD_P4_Design01.cydsn\Generated_Source\PSoC4\CyLib.c **** 
2422:C:\Program Files (x86)\Cypress\PSoC Creator\4.4\PSoC Creator\1\CapSense_CSD_P4_Design01.cydsn\Generated_Source\PSoC4\CyLib.c ****     priority = (uint8) (CY_INT_PRIORITY_REG(number) >> CY_INT_PRIORITY_SHIFT(number));
 1442              		.loc 1 2422 0 is_stmt 1
 1443 001a FB1D     		adds	r3, r7, #7
 1444 001c 1B78     		ldrb	r3, [r3]
ARM GAS  C:\Users\taips\AppData\Local\Temp\ccbT16OQ.s 			page 69


 1445 001e 9B08     		lsrs	r3, r3, #2
 1446 0020 DBB2     		uxtb	r3, r3
 1447 0022 9B00     		lsls	r3, r3, #2
 1448 0024 0B4A     		ldr	r2, .L81
 1449 0026 9446     		mov	ip, r2
 1450 0028 6344     		add	r3, r3, ip
 1451 002a 1A68     		ldr	r2, [r3]
 1452 002c FB1D     		adds	r3, r7, #7
 1453 002e 1B78     		ldrb	r3, [r3]
 1454 0030 0321     		movs	r1, #3
 1455 0032 0B40     		ands	r3, r1
 1456 0034 DB00     		lsls	r3, r3, #3
 1457 0036 0633     		adds	r3, r3, #6
 1458 0038 DA40     		lsrs	r2, r2, r3
 1459 003a 0F23     		movs	r3, #15
 1460 003c FB18     		adds	r3, r7, r3
 1461 003e 1A70     		strb	r2, [r3]
2423:C:\Program Files (x86)\Cypress\PSoC Creator\4.4\PSoC Creator\1\CapSense_CSD_P4_Design01.cydsn\Generated_Source\PSoC4\CyLib.c **** 
2424:C:\Program Files (x86)\Cypress\PSoC Creator\4.4\PSoC Creator\1\CapSense_CSD_P4_Design01.cydsn\Generated_Source\PSoC4\CyLib.c ****     return (priority & (uint8) CY_INT_PRIORITY_MASK);
 1462              		.loc 1 2424 0
 1463 0040 0F23     		movs	r3, #15
 1464 0042 FB18     		adds	r3, r7, r3
 1465 0044 1B78     		ldrb	r3, [r3]
 1466 0046 0322     		movs	r2, #3
 1467 0048 1340     		ands	r3, r2
 1468 004a DBB2     		uxtb	r3, r3
2425:C:\Program Files (x86)\Cypress\PSoC Creator\4.4\PSoC Creator\1\CapSense_CSD_P4_Design01.cydsn\Generated_Source\PSoC4\CyLib.c **** }
 1469              		.loc 1 2425 0
 1470 004c 1800     		movs	r0, r3
 1471 004e BD46     		mov	sp, r7
 1472 0050 04B0     		add	sp, sp, #16
 1473              		@ sp needed
 1474 0052 80BD     		pop	{r7, pc}
 1475              	.L82:
 1476              		.align	2
 1477              	.L81:
 1478 0054 00E400E0 		.word	-536812544
 1479              		.cfi_endproc
 1480              	.LFE19:
 1481              		.size	CyIntGetPriority, .-CyIntGetPriority
 1482              		.section	.text.CyIntEnable,"ax",%progbits
 1483              		.align	2
 1484              		.global	CyIntEnable
 1485              		.code	16
 1486              		.thumb_func
 1487              		.type	CyIntEnable, %function
 1488              	CyIntEnable:
 1489              	.LFB20:
2426:C:\Program Files (x86)\Cypress\PSoC Creator\4.4\PSoC Creator\1\CapSense_CSD_P4_Design01.cydsn\Generated_Source\PSoC4\CyLib.c **** 
2427:C:\Program Files (x86)\Cypress\PSoC Creator\4.4\PSoC Creator\1\CapSense_CSD_P4_Design01.cydsn\Generated_Source\PSoC4\CyLib.c **** 
2428:C:\Program Files (x86)\Cypress\PSoC Creator\4.4\PSoC Creator\1\CapSense_CSD_P4_Design01.cydsn\Generated_Source\PSoC4\CyLib.c **** /*******************************************************************************
2429:C:\Program Files (x86)\Cypress\PSoC Creator\4.4\PSoC Creator\1\CapSense_CSD_P4_Design01.cydsn\Generated_Source\PSoC4\CyLib.c **** * Function Name: CyIntEnable
2430:C:\Program Files (x86)\Cypress\PSoC Creator\4.4\PSoC Creator\1\CapSense_CSD_P4_Design01.cydsn\Generated_Source\PSoC4\CyLib.c **** ****************************************************************************//**
2431:C:\Program Files (x86)\Cypress\PSoC Creator\4.4\PSoC Creator\1\CapSense_CSD_P4_Design01.cydsn\Generated_Source\PSoC4\CyLib.c **** *
2432:C:\Program Files (x86)\Cypress\PSoC Creator\4.4\PSoC Creator\1\CapSense_CSD_P4_Design01.cydsn\Generated_Source\PSoC4\CyLib.c **** *  Enables the specified interrupt number.
2433:C:\Program Files (x86)\Cypress\PSoC Creator\4.4\PSoC Creator\1\CapSense_CSD_P4_Design01.cydsn\Generated_Source\PSoC4\CyLib.c **** *
2434:C:\Program Files (x86)\Cypress\PSoC Creator\4.4\PSoC Creator\1\CapSense_CSD_P4_Design01.cydsn\Generated_Source\PSoC4\CyLib.c **** *  \param number: Valid range [0-31].  Interrupt number
ARM GAS  C:\Users\taips\AppData\Local\Temp\ccbT16OQ.s 			page 70


2435:C:\Program Files (x86)\Cypress\PSoC Creator\4.4\PSoC Creator\1\CapSense_CSD_P4_Design01.cydsn\Generated_Source\PSoC4\CyLib.c **** *
2436:C:\Program Files (x86)\Cypress\PSoC Creator\4.4\PSoC Creator\1\CapSense_CSD_P4_Design01.cydsn\Generated_Source\PSoC4\CyLib.c **** *******************************************************************************/
2437:C:\Program Files (x86)\Cypress\PSoC Creator\4.4\PSoC Creator\1\CapSense_CSD_P4_Design01.cydsn\Generated_Source\PSoC4\CyLib.c **** void CyIntEnable(uint8 number)
2438:C:\Program Files (x86)\Cypress\PSoC Creator\4.4\PSoC Creator\1\CapSense_CSD_P4_Design01.cydsn\Generated_Source\PSoC4\CyLib.c **** {
 1490              		.loc 1 2438 0
 1491              		.cfi_startproc
 1492              		@ args = 0, pretend = 0, frame = 8
 1493              		@ frame_needed = 1, uses_anonymous_args = 0
 1494 0000 80B5     		push	{r7, lr}
 1495              		.cfi_def_cfa_offset 8
 1496              		.cfi_offset 7, -8
 1497              		.cfi_offset 14, -4
 1498 0002 82B0     		sub	sp, sp, #8
 1499              		.cfi_def_cfa_offset 16
 1500 0004 00AF     		add	r7, sp, #0
 1501              		.cfi_def_cfa_register 7
 1502 0006 0200     		movs	r2, r0
 1503 0008 FB1D     		adds	r3, r7, #7
 1504 000a 1A70     		strb	r2, [r3]
2439:C:\Program Files (x86)\Cypress\PSoC Creator\4.4\PSoC Creator\1\CapSense_CSD_P4_Design01.cydsn\Generated_Source\PSoC4\CyLib.c ****     CY_INT_ENABLE_REG = ((uint32) 0x01u << (CY_INT_ENABLE_RANGE_MASK & number));
 1505              		.loc 1 2439 0
 1506 000c 064B     		ldr	r3, .L84
 1507 000e FA1D     		adds	r2, r7, #7
 1508 0010 1278     		ldrb	r2, [r2]
 1509 0012 1F21     		movs	r1, #31
 1510 0014 0A40     		ands	r2, r1
 1511 0016 0121     		movs	r1, #1
 1512 0018 9140     		lsls	r1, r1, r2
 1513 001a 0A00     		movs	r2, r1
 1514 001c 1A60     		str	r2, [r3]
2440:C:\Program Files (x86)\Cypress\PSoC Creator\4.4\PSoC Creator\1\CapSense_CSD_P4_Design01.cydsn\Generated_Source\PSoC4\CyLib.c **** }
 1515              		.loc 1 2440 0
 1516 001e C046     		nop
 1517 0020 BD46     		mov	sp, r7
 1518 0022 02B0     		add	sp, sp, #8
 1519              		@ sp needed
 1520 0024 80BD     		pop	{r7, pc}
 1521              	.L85:
 1522 0026 C046     		.align	2
 1523              	.L84:
 1524 0028 00E100E0 		.word	-536813312
 1525              		.cfi_endproc
 1526              	.LFE20:
 1527              		.size	CyIntEnable, .-CyIntEnable
 1528              		.section	.text.CyIntGetState,"ax",%progbits
 1529              		.align	2
 1530              		.global	CyIntGetState
 1531              		.code	16
 1532              		.thumb_func
 1533              		.type	CyIntGetState, %function
 1534              	CyIntGetState:
 1535              	.LFB21:
2441:C:\Program Files (x86)\Cypress\PSoC Creator\4.4\PSoC Creator\1\CapSense_CSD_P4_Design01.cydsn\Generated_Source\PSoC4\CyLib.c **** 
2442:C:\Program Files (x86)\Cypress\PSoC Creator\4.4\PSoC Creator\1\CapSense_CSD_P4_Design01.cydsn\Generated_Source\PSoC4\CyLib.c **** 
2443:C:\Program Files (x86)\Cypress\PSoC Creator\4.4\PSoC Creator\1\CapSense_CSD_P4_Design01.cydsn\Generated_Source\PSoC4\CyLib.c **** /*******************************************************************************
2444:C:\Program Files (x86)\Cypress\PSoC Creator\4.4\PSoC Creator\1\CapSense_CSD_P4_Design01.cydsn\Generated_Source\PSoC4\CyLib.c **** * Function Name: CyIntGetState
2445:C:\Program Files (x86)\Cypress\PSoC Creator\4.4\PSoC Creator\1\CapSense_CSD_P4_Design01.cydsn\Generated_Source\PSoC4\CyLib.c **** ****************************************************************************//**
ARM GAS  C:\Users\taips\AppData\Local\Temp\ccbT16OQ.s 			page 71


2446:C:\Program Files (x86)\Cypress\PSoC Creator\4.4\PSoC Creator\1\CapSense_CSD_P4_Design01.cydsn\Generated_Source\PSoC4\CyLib.c **** *
2447:C:\Program Files (x86)\Cypress\PSoC Creator\4.4\PSoC Creator\1\CapSense_CSD_P4_Design01.cydsn\Generated_Source\PSoC4\CyLib.c **** *  Gets the enable state of the specified interrupt number.
2448:C:\Program Files (x86)\Cypress\PSoC Creator\4.4\PSoC Creator\1\CapSense_CSD_P4_Design01.cydsn\Generated_Source\PSoC4\CyLib.c **** *
2449:C:\Program Files (x86)\Cypress\PSoC Creator\4.4\PSoC Creator\1\CapSense_CSD_P4_Design01.cydsn\Generated_Source\PSoC4\CyLib.c **** *  \param number: Valid range [0-31].  Interrupt number.
2450:C:\Program Files (x86)\Cypress\PSoC Creator\4.4\PSoC Creator\1\CapSense_CSD_P4_Design01.cydsn\Generated_Source\PSoC4\CyLib.c **** *
2451:C:\Program Files (x86)\Cypress\PSoC Creator\4.4\PSoC Creator\1\CapSense_CSD_P4_Design01.cydsn\Generated_Source\PSoC4\CyLib.c **** * \return
2452:C:\Program Files (x86)\Cypress\PSoC Creator\4.4\PSoC Creator\1\CapSense_CSD_P4_Design01.cydsn\Generated_Source\PSoC4\CyLib.c **** *  Enable status: 1 if enabled, 0 if disabled
2453:C:\Program Files (x86)\Cypress\PSoC Creator\4.4\PSoC Creator\1\CapSense_CSD_P4_Design01.cydsn\Generated_Source\PSoC4\CyLib.c **** *
2454:C:\Program Files (x86)\Cypress\PSoC Creator\4.4\PSoC Creator\1\CapSense_CSD_P4_Design01.cydsn\Generated_Source\PSoC4\CyLib.c **** *******************************************************************************/
2455:C:\Program Files (x86)\Cypress\PSoC Creator\4.4\PSoC Creator\1\CapSense_CSD_P4_Design01.cydsn\Generated_Source\PSoC4\CyLib.c **** uint8 CyIntGetState(uint8 number)
2456:C:\Program Files (x86)\Cypress\PSoC Creator\4.4\PSoC Creator\1\CapSense_CSD_P4_Design01.cydsn\Generated_Source\PSoC4\CyLib.c **** {
 1536              		.loc 1 2456 0
 1537              		.cfi_startproc
 1538              		@ args = 0, pretend = 0, frame = 8
 1539              		@ frame_needed = 1, uses_anonymous_args = 0
 1540 0000 80B5     		push	{r7, lr}
 1541              		.cfi_def_cfa_offset 8
 1542              		.cfi_offset 7, -8
 1543              		.cfi_offset 14, -4
 1544 0002 82B0     		sub	sp, sp, #8
 1545              		.cfi_def_cfa_offset 16
 1546 0004 00AF     		add	r7, sp, #0
 1547              		.cfi_def_cfa_register 7
 1548 0006 0200     		movs	r2, r0
 1549 0008 FB1D     		adds	r3, r7, #7
 1550 000a 1A70     		strb	r2, [r3]
2457:C:\Program Files (x86)\Cypress\PSoC Creator\4.4\PSoC Creator\1\CapSense_CSD_P4_Design01.cydsn\Generated_Source\PSoC4\CyLib.c ****     /* Get state of interrupt. */
2458:C:\Program Files (x86)\Cypress\PSoC Creator\4.4\PSoC Creator\1\CapSense_CSD_P4_Design01.cydsn\Generated_Source\PSoC4\CyLib.c ****     return ((0u != (CY_INT_ENABLE_REG & ((uint32) 0x01u << (CY_INT_ENABLE_RANGE_MASK & number)))) ?
 1551              		.loc 1 2458 0
 1552 000c 074B     		ldr	r3, .L88
 1553 000e 1A68     		ldr	r2, [r3]
 1554 0010 FB1D     		adds	r3, r7, #7
 1555 0012 1B78     		ldrb	r3, [r3]
 1556 0014 1F21     		movs	r1, #31
 1557 0016 0B40     		ands	r3, r1
 1558 0018 DA40     		lsrs	r2, r2, r3
 1559 001a 1300     		movs	r3, r2
 1560 001c DBB2     		uxtb	r3, r3
 1561 001e 0122     		movs	r2, #1
 1562 0020 1340     		ands	r3, r2
 1563 0022 DBB2     		uxtb	r3, r3
2459:C:\Program Files (x86)\Cypress\PSoC Creator\4.4\PSoC Creator\1\CapSense_CSD_P4_Design01.cydsn\Generated_Source\PSoC4\CyLib.c **** }
 1564              		.loc 1 2459 0
 1565 0024 1800     		movs	r0, r3
 1566 0026 BD46     		mov	sp, r7
 1567 0028 02B0     		add	sp, sp, #8
 1568              		@ sp needed
 1569 002a 80BD     		pop	{r7, pc}
 1570              	.L89:
 1571              		.align	2
 1572              	.L88:
 1573 002c 00E100E0 		.word	-536813312
 1574              		.cfi_endproc
 1575              	.LFE21:
 1576              		.size	CyIntGetState, .-CyIntGetState
 1577              		.section	.text.CyIntDisable,"ax",%progbits
 1578              		.align	2
ARM GAS  C:\Users\taips\AppData\Local\Temp\ccbT16OQ.s 			page 72


 1579              		.global	CyIntDisable
 1580              		.code	16
 1581              		.thumb_func
 1582              		.type	CyIntDisable, %function
 1583              	CyIntDisable:
 1584              	.LFB22:
2460:C:\Program Files (x86)\Cypress\PSoC Creator\4.4\PSoC Creator\1\CapSense_CSD_P4_Design01.cydsn\Generated_Source\PSoC4\CyLib.c **** 
2461:C:\Program Files (x86)\Cypress\PSoC Creator\4.4\PSoC Creator\1\CapSense_CSD_P4_Design01.cydsn\Generated_Source\PSoC4\CyLib.c **** 
2462:C:\Program Files (x86)\Cypress\PSoC Creator\4.4\PSoC Creator\1\CapSense_CSD_P4_Design01.cydsn\Generated_Source\PSoC4\CyLib.c **** /*******************************************************************************
2463:C:\Program Files (x86)\Cypress\PSoC Creator\4.4\PSoC Creator\1\CapSense_CSD_P4_Design01.cydsn\Generated_Source\PSoC4\CyLib.c **** * Function Name: CyIntDisable
2464:C:\Program Files (x86)\Cypress\PSoC Creator\4.4\PSoC Creator\1\CapSense_CSD_P4_Design01.cydsn\Generated_Source\PSoC4\CyLib.c **** ****************************************************************************//**
2465:C:\Program Files (x86)\Cypress\PSoC Creator\4.4\PSoC Creator\1\CapSense_CSD_P4_Design01.cydsn\Generated_Source\PSoC4\CyLib.c **** *
2466:C:\Program Files (x86)\Cypress\PSoC Creator\4.4\PSoC Creator\1\CapSense_CSD_P4_Design01.cydsn\Generated_Source\PSoC4\CyLib.c **** *   Disables the specified interrupt number.
2467:C:\Program Files (x86)\Cypress\PSoC Creator\4.4\PSoC Creator\1\CapSense_CSD_P4_Design01.cydsn\Generated_Source\PSoC4\CyLib.c **** *
2468:C:\Program Files (x86)\Cypress\PSoC Creator\4.4\PSoC Creator\1\CapSense_CSD_P4_Design01.cydsn\Generated_Source\PSoC4\CyLib.c **** *   \param number: Valid range [0-31].  Interrupt number.
2469:C:\Program Files (x86)\Cypress\PSoC Creator\4.4\PSoC Creator\1\CapSense_CSD_P4_Design01.cydsn\Generated_Source\PSoC4\CyLib.c **** *
2470:C:\Program Files (x86)\Cypress\PSoC Creator\4.4\PSoC Creator\1\CapSense_CSD_P4_Design01.cydsn\Generated_Source\PSoC4\CyLib.c **** *******************************************************************************/
2471:C:\Program Files (x86)\Cypress\PSoC Creator\4.4\PSoC Creator\1\CapSense_CSD_P4_Design01.cydsn\Generated_Source\PSoC4\CyLib.c **** void CyIntDisable(uint8 number)
2472:C:\Program Files (x86)\Cypress\PSoC Creator\4.4\PSoC Creator\1\CapSense_CSD_P4_Design01.cydsn\Generated_Source\PSoC4\CyLib.c **** {
 1585              		.loc 1 2472 0
 1586              		.cfi_startproc
 1587              		@ args = 0, pretend = 0, frame = 8
 1588              		@ frame_needed = 1, uses_anonymous_args = 0
 1589 0000 80B5     		push	{r7, lr}
 1590              		.cfi_def_cfa_offset 8
 1591              		.cfi_offset 7, -8
 1592              		.cfi_offset 14, -4
 1593 0002 82B0     		sub	sp, sp, #8
 1594              		.cfi_def_cfa_offset 16
 1595 0004 00AF     		add	r7, sp, #0
 1596              		.cfi_def_cfa_register 7
 1597 0006 0200     		movs	r2, r0
 1598 0008 FB1D     		adds	r3, r7, #7
 1599 000a 1A70     		strb	r2, [r3]
2473:C:\Program Files (x86)\Cypress\PSoC Creator\4.4\PSoC Creator\1\CapSense_CSD_P4_Design01.cydsn\Generated_Source\PSoC4\CyLib.c ****     CY_INT_CLEAR_REG = ((uint32) 0x01u << (CY_INT_ENABLE_RANGE_MASK & number));
 1600              		.loc 1 2473 0
 1601 000c 064B     		ldr	r3, .L91
 1602 000e FA1D     		adds	r2, r7, #7
 1603 0010 1278     		ldrb	r2, [r2]
 1604 0012 1F21     		movs	r1, #31
 1605 0014 0A40     		ands	r2, r1
 1606 0016 0121     		movs	r1, #1
 1607 0018 9140     		lsls	r1, r1, r2
 1608 001a 0A00     		movs	r2, r1
 1609 001c 1A60     		str	r2, [r3]
2474:C:\Program Files (x86)\Cypress\PSoC Creator\4.4\PSoC Creator\1\CapSense_CSD_P4_Design01.cydsn\Generated_Source\PSoC4\CyLib.c **** }
 1610              		.loc 1 2474 0
 1611 001e C046     		nop
 1612 0020 BD46     		mov	sp, r7
 1613 0022 02B0     		add	sp, sp, #8
 1614              		@ sp needed
 1615 0024 80BD     		pop	{r7, pc}
 1616              	.L92:
 1617 0026 C046     		.align	2
 1618              	.L91:
 1619 0028 80E100E0 		.word	-536813184
 1620              		.cfi_endproc
ARM GAS  C:\Users\taips\AppData\Local\Temp\ccbT16OQ.s 			page 73


 1621              	.LFE22:
 1622              		.size	CyIntDisable, .-CyIntDisable
 1623              		.section	.text.CyIntSetPending,"ax",%progbits
 1624              		.align	2
 1625              		.global	CyIntSetPending
 1626              		.code	16
 1627              		.thumb_func
 1628              		.type	CyIntSetPending, %function
 1629              	CyIntSetPending:
 1630              	.LFB23:
2475:C:\Program Files (x86)\Cypress\PSoC Creator\4.4\PSoC Creator\1\CapSense_CSD_P4_Design01.cydsn\Generated_Source\PSoC4\CyLib.c **** 
2476:C:\Program Files (x86)\Cypress\PSoC Creator\4.4\PSoC Creator\1\CapSense_CSD_P4_Design01.cydsn\Generated_Source\PSoC4\CyLib.c **** /*******************************************************************************
2477:C:\Program Files (x86)\Cypress\PSoC Creator\4.4\PSoC Creator\1\CapSense_CSD_P4_Design01.cydsn\Generated_Source\PSoC4\CyLib.c **** * Function Name: CyIntSetPending
2478:C:\Program Files (x86)\Cypress\PSoC Creator\4.4\PSoC Creator\1\CapSense_CSD_P4_Design01.cydsn\Generated_Source\PSoC4\CyLib.c **** ****************************************************************************//**
2479:C:\Program Files (x86)\Cypress\PSoC Creator\4.4\PSoC Creator\1\CapSense_CSD_P4_Design01.cydsn\Generated_Source\PSoC4\CyLib.c **** *
2480:C:\Program Files (x86)\Cypress\PSoC Creator\4.4\PSoC Creator\1\CapSense_CSD_P4_Design01.cydsn\Generated_Source\PSoC4\CyLib.c **** *  Forces the specified interrupt number to be pending.
2481:C:\Program Files (x86)\Cypress\PSoC Creator\4.4\PSoC Creator\1\CapSense_CSD_P4_Design01.cydsn\Generated_Source\PSoC4\CyLib.c **** *
2482:C:\Program Files (x86)\Cypress\PSoC Creator\4.4\PSoC Creator\1\CapSense_CSD_P4_Design01.cydsn\Generated_Source\PSoC4\CyLib.c **** *  \param number: Valid range [0-31].  Interrupt number.
2483:C:\Program Files (x86)\Cypress\PSoC Creator\4.4\PSoC Creator\1\CapSense_CSD_P4_Design01.cydsn\Generated_Source\PSoC4\CyLib.c **** *
2484:C:\Program Files (x86)\Cypress\PSoC Creator\4.4\PSoC Creator\1\CapSense_CSD_P4_Design01.cydsn\Generated_Source\PSoC4\CyLib.c **** *******************************************************************************/
2485:C:\Program Files (x86)\Cypress\PSoC Creator\4.4\PSoC Creator\1\CapSense_CSD_P4_Design01.cydsn\Generated_Source\PSoC4\CyLib.c **** void CyIntSetPending(uint8 number)
2486:C:\Program Files (x86)\Cypress\PSoC Creator\4.4\PSoC Creator\1\CapSense_CSD_P4_Design01.cydsn\Generated_Source\PSoC4\CyLib.c **** {
 1631              		.loc 1 2486 0
 1632              		.cfi_startproc
 1633              		@ args = 0, pretend = 0, frame = 8
 1634              		@ frame_needed = 1, uses_anonymous_args = 0
 1635 0000 80B5     		push	{r7, lr}
 1636              		.cfi_def_cfa_offset 8
 1637              		.cfi_offset 7, -8
 1638              		.cfi_offset 14, -4
 1639 0002 82B0     		sub	sp, sp, #8
 1640              		.cfi_def_cfa_offset 16
 1641 0004 00AF     		add	r7, sp, #0
 1642              		.cfi_def_cfa_register 7
 1643 0006 0200     		movs	r2, r0
 1644 0008 FB1D     		adds	r3, r7, #7
 1645 000a 1A70     		strb	r2, [r3]
2487:C:\Program Files (x86)\Cypress\PSoC Creator\4.4\PSoC Creator\1\CapSense_CSD_P4_Design01.cydsn\Generated_Source\PSoC4\CyLib.c ****     CY_INT_SET_PEND_REG = ((uint32) 0x01u << (CY_INT_ENABLE_RANGE_MASK & number));
 1646              		.loc 1 2487 0
 1647 000c 064B     		ldr	r3, .L94
 1648 000e FA1D     		adds	r2, r7, #7
 1649 0010 1278     		ldrb	r2, [r2]
 1650 0012 1F21     		movs	r1, #31
 1651 0014 0A40     		ands	r2, r1
 1652 0016 0121     		movs	r1, #1
 1653 0018 9140     		lsls	r1, r1, r2
 1654 001a 0A00     		movs	r2, r1
 1655 001c 1A60     		str	r2, [r3]
2488:C:\Program Files (x86)\Cypress\PSoC Creator\4.4\PSoC Creator\1\CapSense_CSD_P4_Design01.cydsn\Generated_Source\PSoC4\CyLib.c **** }
 1656              		.loc 1 2488 0
 1657 001e C046     		nop
 1658 0020 BD46     		mov	sp, r7
 1659 0022 02B0     		add	sp, sp, #8
 1660              		@ sp needed
 1661 0024 80BD     		pop	{r7, pc}
 1662              	.L95:
 1663 0026 C046     		.align	2
ARM GAS  C:\Users\taips\AppData\Local\Temp\ccbT16OQ.s 			page 74


 1664              	.L94:
 1665 0028 00E200E0 		.word	-536813056
 1666              		.cfi_endproc
 1667              	.LFE23:
 1668              		.size	CyIntSetPending, .-CyIntSetPending
 1669              		.section	.text.CyIntClearPending,"ax",%progbits
 1670              		.align	2
 1671              		.global	CyIntClearPending
 1672              		.code	16
 1673              		.thumb_func
 1674              		.type	CyIntClearPending, %function
 1675              	CyIntClearPending:
 1676              	.LFB24:
2489:C:\Program Files (x86)\Cypress\PSoC Creator\4.4\PSoC Creator\1\CapSense_CSD_P4_Design01.cydsn\Generated_Source\PSoC4\CyLib.c **** 
2490:C:\Program Files (x86)\Cypress\PSoC Creator\4.4\PSoC Creator\1\CapSense_CSD_P4_Design01.cydsn\Generated_Source\PSoC4\CyLib.c **** 
2491:C:\Program Files (x86)\Cypress\PSoC Creator\4.4\PSoC Creator\1\CapSense_CSD_P4_Design01.cydsn\Generated_Source\PSoC4\CyLib.c **** /*******************************************************************************
2492:C:\Program Files (x86)\Cypress\PSoC Creator\4.4\PSoC Creator\1\CapSense_CSD_P4_Design01.cydsn\Generated_Source\PSoC4\CyLib.c **** * Function Name: CyIntClearPending
2493:C:\Program Files (x86)\Cypress\PSoC Creator\4.4\PSoC Creator\1\CapSense_CSD_P4_Design01.cydsn\Generated_Source\PSoC4\CyLib.c **** ****************************************************************************//**
2494:C:\Program Files (x86)\Cypress\PSoC Creator\4.4\PSoC Creator\1\CapSense_CSD_P4_Design01.cydsn\Generated_Source\PSoC4\CyLib.c **** *
2495:C:\Program Files (x86)\Cypress\PSoC Creator\4.4\PSoC Creator\1\CapSense_CSD_P4_Design01.cydsn\Generated_Source\PSoC4\CyLib.c **** *  Clears any pending interrupt for the specified interrupt number.
2496:C:\Program Files (x86)\Cypress\PSoC Creator\4.4\PSoC Creator\1\CapSense_CSD_P4_Design01.cydsn\Generated_Source\PSoC4\CyLib.c **** *
2497:C:\Program Files (x86)\Cypress\PSoC Creator\4.4\PSoC Creator\1\CapSense_CSD_P4_Design01.cydsn\Generated_Source\PSoC4\CyLib.c **** *  \param number: Valid range [0-31].  Interrupt number.
2498:C:\Program Files (x86)\Cypress\PSoC Creator\4.4\PSoC Creator\1\CapSense_CSD_P4_Design01.cydsn\Generated_Source\PSoC4\CyLib.c **** *
2499:C:\Program Files (x86)\Cypress\PSoC Creator\4.4\PSoC Creator\1\CapSense_CSD_P4_Design01.cydsn\Generated_Source\PSoC4\CyLib.c **** *******************************************************************************/
2500:C:\Program Files (x86)\Cypress\PSoC Creator\4.4\PSoC Creator\1\CapSense_CSD_P4_Design01.cydsn\Generated_Source\PSoC4\CyLib.c **** void CyIntClearPending(uint8 number)
2501:C:\Program Files (x86)\Cypress\PSoC Creator\4.4\PSoC Creator\1\CapSense_CSD_P4_Design01.cydsn\Generated_Source\PSoC4\CyLib.c **** {
 1677              		.loc 1 2501 0
 1678              		.cfi_startproc
 1679              		@ args = 0, pretend = 0, frame = 8
 1680              		@ frame_needed = 1, uses_anonymous_args = 0
 1681 0000 80B5     		push	{r7, lr}
 1682              		.cfi_def_cfa_offset 8
 1683              		.cfi_offset 7, -8
 1684              		.cfi_offset 14, -4
 1685 0002 82B0     		sub	sp, sp, #8
 1686              		.cfi_def_cfa_offset 16
 1687 0004 00AF     		add	r7, sp, #0
 1688              		.cfi_def_cfa_register 7
 1689 0006 0200     		movs	r2, r0
 1690 0008 FB1D     		adds	r3, r7, #7
 1691 000a 1A70     		strb	r2, [r3]
2502:C:\Program Files (x86)\Cypress\PSoC Creator\4.4\PSoC Creator\1\CapSense_CSD_P4_Design01.cydsn\Generated_Source\PSoC4\CyLib.c ****     CY_INT_CLR_PEND_REG = ((uint32) 0x01u << (CY_INT_ENABLE_RANGE_MASK & number));
 1692              		.loc 1 2502 0
 1693 000c 064B     		ldr	r3, .L97
 1694 000e FA1D     		adds	r2, r7, #7
 1695 0010 1278     		ldrb	r2, [r2]
 1696 0012 1F21     		movs	r1, #31
 1697 0014 0A40     		ands	r2, r1
 1698 0016 0121     		movs	r1, #1
 1699 0018 9140     		lsls	r1, r1, r2
 1700 001a 0A00     		movs	r2, r1
 1701 001c 1A60     		str	r2, [r3]
2503:C:\Program Files (x86)\Cypress\PSoC Creator\4.4\PSoC Creator\1\CapSense_CSD_P4_Design01.cydsn\Generated_Source\PSoC4\CyLib.c **** }
 1702              		.loc 1 2503 0
 1703 001e C046     		nop
 1704 0020 BD46     		mov	sp, r7
 1705 0022 02B0     		add	sp, sp, #8
ARM GAS  C:\Users\taips\AppData\Local\Temp\ccbT16OQ.s 			page 75


 1706              		@ sp needed
 1707 0024 80BD     		pop	{r7, pc}
 1708              	.L98:
 1709 0026 C046     		.align	2
 1710              	.L97:
 1711 0028 80E200E0 		.word	-536812928
 1712              		.cfi_endproc
 1713              	.LFE24:
 1714              		.size	CyIntClearPending, .-CyIntClearPending
 1715              		.section	.text.CyHalt,"ax",%progbits
 1716              		.align	2
 1717              		.global	CyHalt
 1718              		.code	16
 1719              		.thumb_func
 1720              		.type	CyHalt, %function
 1721              	CyHalt:
 1722              	.LFB25:
2504:C:\Program Files (x86)\Cypress\PSoC Creator\4.4\PSoC Creator\1\CapSense_CSD_P4_Design01.cydsn\Generated_Source\PSoC4\CyLib.c **** 
2505:C:\Program Files (x86)\Cypress\PSoC Creator\4.4\PSoC Creator\1\CapSense_CSD_P4_Design01.cydsn\Generated_Source\PSoC4\CyLib.c **** 
2506:C:\Program Files (x86)\Cypress\PSoC Creator\4.4\PSoC Creator\1\CapSense_CSD_P4_Design01.cydsn\Generated_Source\PSoC4\CyLib.c **** /*******************************************************************************
2507:C:\Program Files (x86)\Cypress\PSoC Creator\4.4\PSoC Creator\1\CapSense_CSD_P4_Design01.cydsn\Generated_Source\PSoC4\CyLib.c **** * Function Name: CyHalt
2508:C:\Program Files (x86)\Cypress\PSoC Creator\4.4\PSoC Creator\1\CapSense_CSD_P4_Design01.cydsn\Generated_Source\PSoC4\CyLib.c **** ****************************************************************************//**
2509:C:\Program Files (x86)\Cypress\PSoC Creator\4.4\PSoC Creator\1\CapSense_CSD_P4_Design01.cydsn\Generated_Source\PSoC4\CyLib.c **** *
2510:C:\Program Files (x86)\Cypress\PSoC Creator\4.4\PSoC Creator\1\CapSense_CSD_P4_Design01.cydsn\Generated_Source\PSoC4\CyLib.c **** *  Halts the CPU.
2511:C:\Program Files (x86)\Cypress\PSoC Creator\4.4\PSoC Creator\1\CapSense_CSD_P4_Design01.cydsn\Generated_Source\PSoC4\CyLib.c **** *
2512:C:\Program Files (x86)\Cypress\PSoC Creator\4.4\PSoC Creator\1\CapSense_CSD_P4_Design01.cydsn\Generated_Source\PSoC4\CyLib.c **** *  \param reason: Value to be used during debugging.
2513:C:\Program Files (x86)\Cypress\PSoC Creator\4.4\PSoC Creator\1\CapSense_CSD_P4_Design01.cydsn\Generated_Source\PSoC4\CyLib.c **** *
2514:C:\Program Files (x86)\Cypress\PSoC Creator\4.4\PSoC Creator\1\CapSense_CSD_P4_Design01.cydsn\Generated_Source\PSoC4\CyLib.c **** *******************************************************************************/
2515:C:\Program Files (x86)\Cypress\PSoC Creator\4.4\PSoC Creator\1\CapSense_CSD_P4_Design01.cydsn\Generated_Source\PSoC4\CyLib.c **** void CyHalt(uint8 reason)
2516:C:\Program Files (x86)\Cypress\PSoC Creator\4.4\PSoC Creator\1\CapSense_CSD_P4_Design01.cydsn\Generated_Source\PSoC4\CyLib.c **** {
 1723              		.loc 1 2516 0
 1724              		.cfi_startproc
 1725              		@ args = 0, pretend = 0, frame = 8
 1726              		@ frame_needed = 1, uses_anonymous_args = 0
 1727 0000 80B5     		push	{r7, lr}
 1728              		.cfi_def_cfa_offset 8
 1729              		.cfi_offset 7, -8
 1730              		.cfi_offset 14, -4
 1731 0002 82B0     		sub	sp, sp, #8
 1732              		.cfi_def_cfa_offset 16
 1733 0004 00AF     		add	r7, sp, #0
 1734              		.cfi_def_cfa_register 7
 1735 0006 0200     		movs	r2, r0
 1736 0008 FB1D     		adds	r3, r7, #7
 1737 000a 1A70     		strb	r2, [r3]
2517:C:\Program Files (x86)\Cypress\PSoC Creator\4.4\PSoC Creator\1\CapSense_CSD_P4_Design01.cydsn\Generated_Source\PSoC4\CyLib.c ****     if(0u != reason)
2518:C:\Program Files (x86)\Cypress\PSoC Creator\4.4\PSoC Creator\1\CapSense_CSD_P4_Design01.cydsn\Generated_Source\PSoC4\CyLib.c ****     {
2519:C:\Program Files (x86)\Cypress\PSoC Creator\4.4\PSoC Creator\1\CapSense_CSD_P4_Design01.cydsn\Generated_Source\PSoC4\CyLib.c ****         /* To remove unreferenced local variable warning */
2520:C:\Program Files (x86)\Cypress\PSoC Creator\4.4\PSoC Creator\1\CapSense_CSD_P4_Design01.cydsn\Generated_Source\PSoC4\CyLib.c ****     }
2521:C:\Program Files (x86)\Cypress\PSoC Creator\4.4\PSoC Creator\1\CapSense_CSD_P4_Design01.cydsn\Generated_Source\PSoC4\CyLib.c **** 
2522:C:\Program Files (x86)\Cypress\PSoC Creator\4.4\PSoC Creator\1\CapSense_CSD_P4_Design01.cydsn\Generated_Source\PSoC4\CyLib.c ****     #if defined (__ARMCC_VERSION)
2523:C:\Program Files (x86)\Cypress\PSoC Creator\4.4\PSoC Creator\1\CapSense_CSD_P4_Design01.cydsn\Generated_Source\PSoC4\CyLib.c ****         __breakpoint(0x0);
2524:C:\Program Files (x86)\Cypress\PSoC Creator\4.4\PSoC Creator\1\CapSense_CSD_P4_Design01.cydsn\Generated_Source\PSoC4\CyLib.c ****     #elif defined(__GNUC__) || defined (__ICCARM__)
2525:C:\Program Files (x86)\Cypress\PSoC Creator\4.4\PSoC Creator\1\CapSense_CSD_P4_Design01.cydsn\Generated_Source\PSoC4\CyLib.c ****         __asm("    bkpt    1");
 1738              		.loc 1 2525 0
 1739              		.syntax divided
 1740              	@ 2525 "C:\Program Files (x86)\Cypress\PSoC Creator\4.4\PSoC Creator\1\CapSense_CSD_P4_Design01.cyd
ARM GAS  C:\Users\taips\AppData\Local\Temp\ccbT16OQ.s 			page 76


 1741 000c 01BE     		    bkpt    1
 1742              	@ 0 "" 2
2526:C:\Program Files (x86)\Cypress\PSoC Creator\4.4\PSoC Creator\1\CapSense_CSD_P4_Design01.cydsn\Generated_Source\PSoC4\CyLib.c ****     #elif defined(__C51__)
2527:C:\Program Files (x86)\Cypress\PSoC Creator\4.4\PSoC Creator\1\CapSense_CSD_P4_Design01.cydsn\Generated_Source\PSoC4\CyLib.c ****         CYDEV_HALT_CPU;
2528:C:\Program Files (x86)\Cypress\PSoC Creator\4.4\PSoC Creator\1\CapSense_CSD_P4_Design01.cydsn\Generated_Source\PSoC4\CyLib.c ****     #endif  /* (__ARMCC_VERSION) */
2529:C:\Program Files (x86)\Cypress\PSoC Creator\4.4\PSoC Creator\1\CapSense_CSD_P4_Design01.cydsn\Generated_Source\PSoC4\CyLib.c **** }
 1743              		.loc 1 2529 0
 1744              		.thumb
 1745              		.syntax unified
 1746 000e C046     		nop
 1747 0010 BD46     		mov	sp, r7
 1748 0012 02B0     		add	sp, sp, #8
 1749              		@ sp needed
 1750 0014 80BD     		pop	{r7, pc}
 1751              		.cfi_endproc
 1752              	.LFE25:
 1753              		.size	CyHalt, .-CyHalt
 1754 0016 C046     		.section	.text.CySoftwareReset,"ax",%progbits
 1755              		.align	2
 1756              		.global	CySoftwareReset
 1757              		.code	16
 1758              		.thumb_func
 1759              		.type	CySoftwareReset, %function
 1760              	CySoftwareReset:
 1761              	.LFB26:
2530:C:\Program Files (x86)\Cypress\PSoC Creator\4.4\PSoC Creator\1\CapSense_CSD_P4_Design01.cydsn\Generated_Source\PSoC4\CyLib.c **** 
2531:C:\Program Files (x86)\Cypress\PSoC Creator\4.4\PSoC Creator\1\CapSense_CSD_P4_Design01.cydsn\Generated_Source\PSoC4\CyLib.c **** 
2532:C:\Program Files (x86)\Cypress\PSoC Creator\4.4\PSoC Creator\1\CapSense_CSD_P4_Design01.cydsn\Generated_Source\PSoC4\CyLib.c **** /*******************************************************************************
2533:C:\Program Files (x86)\Cypress\PSoC Creator\4.4\PSoC Creator\1\CapSense_CSD_P4_Design01.cydsn\Generated_Source\PSoC4\CyLib.c **** * Function Name: CySoftwareReset
2534:C:\Program Files (x86)\Cypress\PSoC Creator\4.4\PSoC Creator\1\CapSense_CSD_P4_Design01.cydsn\Generated_Source\PSoC4\CyLib.c **** ****************************************************************************//**
2535:C:\Program Files (x86)\Cypress\PSoC Creator\4.4\PSoC Creator\1\CapSense_CSD_P4_Design01.cydsn\Generated_Source\PSoC4\CyLib.c **** *
2536:C:\Program Files (x86)\Cypress\PSoC Creator\4.4\PSoC Creator\1\CapSense_CSD_P4_Design01.cydsn\Generated_Source\PSoC4\CyLib.c **** *  Forces a software reset of the device.
2537:C:\Program Files (x86)\Cypress\PSoC Creator\4.4\PSoC Creator\1\CapSense_CSD_P4_Design01.cydsn\Generated_Source\PSoC4\CyLib.c **** *
2538:C:\Program Files (x86)\Cypress\PSoC Creator\4.4\PSoC Creator\1\CapSense_CSD_P4_Design01.cydsn\Generated_Source\PSoC4\CyLib.c **** *******************************************************************************/
2539:C:\Program Files (x86)\Cypress\PSoC Creator\4.4\PSoC Creator\1\CapSense_CSD_P4_Design01.cydsn\Generated_Source\PSoC4\CyLib.c **** void CySoftwareReset(void)
2540:C:\Program Files (x86)\Cypress\PSoC Creator\4.4\PSoC Creator\1\CapSense_CSD_P4_Design01.cydsn\Generated_Source\PSoC4\CyLib.c **** {
 1762              		.loc 1 2540 0
 1763              		.cfi_startproc
 1764              		@ args = 0, pretend = 0, frame = 0
 1765              		@ frame_needed = 1, uses_anonymous_args = 0
 1766 0000 80B5     		push	{r7, lr}
 1767              		.cfi_def_cfa_offset 8
 1768              		.cfi_offset 7, -8
 1769              		.cfi_offset 14, -4
 1770 0002 00AF     		add	r7, sp, #0
 1771              		.cfi_def_cfa_register 7
2541:C:\Program Files (x86)\Cypress\PSoC Creator\4.4\PSoC Creator\1\CapSense_CSD_P4_Design01.cydsn\Generated_Source\PSoC4\CyLib.c ****     /***************************************************************************
2542:C:\Program Files (x86)\Cypress\PSoC Creator\4.4\PSoC Creator\1\CapSense_CSD_P4_Design01.cydsn\Generated_Source\PSoC4\CyLib.c ****     * Setting the system reset request bit. The vector key value must be written
2543:C:\Program Files (x86)\Cypress\PSoC Creator\4.4\PSoC Creator\1\CapSense_CSD_P4_Design01.cydsn\Generated_Source\PSoC4\CyLib.c ****     * to the register, otherwise the register write is unpredictable.
2544:C:\Program Files (x86)\Cypress\PSoC Creator\4.4\PSoC Creator\1\CapSense_CSD_P4_Design01.cydsn\Generated_Source\PSoC4\CyLib.c ****     ***************************************************************************/
2545:C:\Program Files (x86)\Cypress\PSoC Creator\4.4\PSoC Creator\1\CapSense_CSD_P4_Design01.cydsn\Generated_Source\PSoC4\CyLib.c ****     CY_SYS_AIRCR_REG = (CY_SYS_AIRCR_REG & (uint32)(~CY_SYS_AIRCR_VECTKEY_MASK)) |
 1772              		.loc 1 2545 0
 1773 0004 054B     		ldr	r3, .L101
 1774 0006 054A     		ldr	r2, .L101
 1775 0008 1268     		ldr	r2, [r2]
 1776 000a 1204     		lsls	r2, r2, #16
 1777 000c 120C     		lsrs	r2, r2, #16
ARM GAS  C:\Users\taips\AppData\Local\Temp\ccbT16OQ.s 			page 77


2546:C:\Program Files (x86)\Cypress\PSoC Creator\4.4\PSoC Creator\1\CapSense_CSD_P4_Design01.cydsn\Generated_Source\PSoC4\CyLib.c ****                             CY_SYS_AIRCR_VECTKEY | CY_SYS_AIRCR_SYSRESETREQ;
 1778              		.loc 1 2546 0
 1779 000e 0449     		ldr	r1, .L101+4
 1780 0010 0A43     		orrs	r2, r1
2545:C:\Program Files (x86)\Cypress\PSoC Creator\4.4\PSoC Creator\1\CapSense_CSD_P4_Design01.cydsn\Generated_Source\PSoC4\CyLib.c ****                             CY_SYS_AIRCR_VECTKEY | CY_SYS_AIRCR_SYSRESETREQ;
 1781              		.loc 1 2545 0
 1782 0012 1A60     		str	r2, [r3]
2547:C:\Program Files (x86)\Cypress\PSoC Creator\4.4\PSoC Creator\1\CapSense_CSD_P4_Design01.cydsn\Generated_Source\PSoC4\CyLib.c **** }
 1783              		.loc 1 2547 0
 1784 0014 C046     		nop
 1785 0016 BD46     		mov	sp, r7
 1786              		@ sp needed
 1787 0018 80BD     		pop	{r7, pc}
 1788              	.L102:
 1789 001a C046     		.align	2
 1790              	.L101:
 1791 001c 0CED00E0 		.word	-536810228
 1792 0020 0400FA05 		.word	100270084
 1793              		.cfi_endproc
 1794              	.LFE26:
 1795              		.size	CySoftwareReset, .-CySoftwareReset
 1796              		.section	.text.CyDelay,"ax",%progbits
 1797              		.align	2
 1798              		.global	CyDelay
 1799              		.code	16
 1800              		.thumb_func
 1801              		.type	CyDelay, %function
 1802              	CyDelay:
 1803              	.LFB27:
2548:C:\Program Files (x86)\Cypress\PSoC Creator\4.4\PSoC Creator\1\CapSense_CSD_P4_Design01.cydsn\Generated_Source\PSoC4\CyLib.c **** 
2549:C:\Program Files (x86)\Cypress\PSoC Creator\4.4\PSoC Creator\1\CapSense_CSD_P4_Design01.cydsn\Generated_Source\PSoC4\CyLib.c **** 
2550:C:\Program Files (x86)\Cypress\PSoC Creator\4.4\PSoC Creator\1\CapSense_CSD_P4_Design01.cydsn\Generated_Source\PSoC4\CyLib.c **** /*******************************************************************************
2551:C:\Program Files (x86)\Cypress\PSoC Creator\4.4\PSoC Creator\1\CapSense_CSD_P4_Design01.cydsn\Generated_Source\PSoC4\CyLib.c **** * Function Name: CyDelay
2552:C:\Program Files (x86)\Cypress\PSoC Creator\4.4\PSoC Creator\1\CapSense_CSD_P4_Design01.cydsn\Generated_Source\PSoC4\CyLib.c **** ****************************************************************************//**
2553:C:\Program Files (x86)\Cypress\PSoC Creator\4.4\PSoC Creator\1\CapSense_CSD_P4_Design01.cydsn\Generated_Source\PSoC4\CyLib.c **** *
2554:C:\Program Files (x86)\Cypress\PSoC Creator\4.4\PSoC Creator\1\CapSense_CSD_P4_Design01.cydsn\Generated_Source\PSoC4\CyLib.c **** *  Blocks for milliseconds.
2555:C:\Program Files (x86)\Cypress\PSoC Creator\4.4\PSoC Creator\1\CapSense_CSD_P4_Design01.cydsn\Generated_Source\PSoC4\CyLib.c **** *
2556:C:\Program Files (x86)\Cypress\PSoC Creator\4.4\PSoC Creator\1\CapSense_CSD_P4_Design01.cydsn\Generated_Source\PSoC4\CyLib.c **** *  \param milliseconds: number of milliseconds to delay.
2557:C:\Program Files (x86)\Cypress\PSoC Creator\4.4\PSoC Creator\1\CapSense_CSD_P4_Design01.cydsn\Generated_Source\PSoC4\CyLib.c **** *
2558:C:\Program Files (x86)\Cypress\PSoC Creator\4.4\PSoC Creator\1\CapSense_CSD_P4_Design01.cydsn\Generated_Source\PSoC4\CyLib.c **** *******************************************************************************/
2559:C:\Program Files (x86)\Cypress\PSoC Creator\4.4\PSoC Creator\1\CapSense_CSD_P4_Design01.cydsn\Generated_Source\PSoC4\CyLib.c **** void CyDelay(uint32 milliseconds)
2560:C:\Program Files (x86)\Cypress\PSoC Creator\4.4\PSoC Creator\1\CapSense_CSD_P4_Design01.cydsn\Generated_Source\PSoC4\CyLib.c **** {
 1804              		.loc 1 2560 0
 1805              		.cfi_startproc
 1806              		@ args = 0, pretend = 0, frame = 8
 1807              		@ frame_needed = 1, uses_anonymous_args = 0
 1808 0000 80B5     		push	{r7, lr}
 1809              		.cfi_def_cfa_offset 8
 1810              		.cfi_offset 7, -8
 1811              		.cfi_offset 14, -4
 1812 0002 82B0     		sub	sp, sp, #8
 1813              		.cfi_def_cfa_offset 16
 1814 0004 00AF     		add	r7, sp, #0
 1815              		.cfi_def_cfa_register 7
 1816 0006 7860     		str	r0, [r7, #4]
2561:C:\Program Files (x86)\Cypress\PSoC Creator\4.4\PSoC Creator\1\CapSense_CSD_P4_Design01.cydsn\Generated_Source\PSoC4\CyLib.c ****     while (milliseconds > CY_DELAY_MS_OVERFLOW)
 1817              		.loc 1 2561 0
ARM GAS  C:\Users\taips\AppData\Local\Temp\ccbT16OQ.s 			page 78


 1818 0008 09E0     		b	.L104
 1819              	.L105:
2562:C:\Program Files (x86)\Cypress\PSoC Creator\4.4\PSoC Creator\1\CapSense_CSD_P4_Design01.cydsn\Generated_Source\PSoC4\CyLib.c ****     {
2563:C:\Program Files (x86)\Cypress\PSoC Creator\4.4\PSoC Creator\1\CapSense_CSD_P4_Design01.cydsn\Generated_Source\PSoC4\CyLib.c ****         /* This loop prevents overflow.
2564:C:\Program Files (x86)\Cypress\PSoC Creator\4.4\PSoC Creator\1\CapSense_CSD_P4_Design01.cydsn\Generated_Source\PSoC4\CyLib.c ****          * At 100MHz, milliseconds * cydelayFreqKhz overflows at about 42 seconds
2565:C:\Program Files (x86)\Cypress\PSoC Creator\4.4\PSoC Creator\1\CapSense_CSD_P4_Design01.cydsn\Generated_Source\PSoC4\CyLib.c ****          */
2566:C:\Program Files (x86)\Cypress\PSoC Creator\4.4\PSoC Creator\1\CapSense_CSD_P4_Design01.cydsn\Generated_Source\PSoC4\CyLib.c ****         CyDelayCycles(cydelay32kMs);
 1820              		.loc 1 2566 0
 1821 000a 0D4B     		ldr	r3, .L106
 1822 000c 1B68     		ldr	r3, [r3]
 1823 000e 1800     		movs	r0, r3
 1824 0010 FFF7FEFF 		bl	CyDelayCycles
2567:C:\Program Files (x86)\Cypress\PSoC Creator\4.4\PSoC Creator\1\CapSense_CSD_P4_Design01.cydsn\Generated_Source\PSoC4\CyLib.c ****         milliseconds -= CY_DELAY_MS_OVERFLOW;
 1825              		.loc 1 2567 0
 1826 0014 7B68     		ldr	r3, [r7, #4]
 1827 0016 0B4A     		ldr	r2, .L106+4
 1828 0018 9446     		mov	ip, r2
 1829 001a 6344     		add	r3, r3, ip
 1830 001c 7B60     		str	r3, [r7, #4]
 1831              	.L104:
2561:C:\Program Files (x86)\Cypress\PSoC Creator\4.4\PSoC Creator\1\CapSense_CSD_P4_Design01.cydsn\Generated_Source\PSoC4\CyLib.c ****     while (milliseconds > CY_DELAY_MS_OVERFLOW)
 1832              		.loc 1 2561 0
 1833 001e 7A68     		ldr	r2, [r7, #4]
 1834 0020 8023     		movs	r3, #128
 1835 0022 1B02     		lsls	r3, r3, #8
 1836 0024 9A42     		cmp	r2, r3
 1837 0026 F0D8     		bhi	.L105
2568:C:\Program Files (x86)\Cypress\PSoC Creator\4.4\PSoC Creator\1\CapSense_CSD_P4_Design01.cydsn\Generated_Source\PSoC4\CyLib.c ****     }
2569:C:\Program Files (x86)\Cypress\PSoC Creator\4.4\PSoC Creator\1\CapSense_CSD_P4_Design01.cydsn\Generated_Source\PSoC4\CyLib.c **** 
2570:C:\Program Files (x86)\Cypress\PSoC Creator\4.4\PSoC Creator\1\CapSense_CSD_P4_Design01.cydsn\Generated_Source\PSoC4\CyLib.c ****     CyDelayCycles(milliseconds * cydelayFreqKhz);
 1838              		.loc 1 2570 0
 1839 0028 074B     		ldr	r3, .L106+8
 1840 002a 1B68     		ldr	r3, [r3]
 1841 002c 7A68     		ldr	r2, [r7, #4]
 1842 002e 5343     		muls	r3, r2
 1843 0030 1800     		movs	r0, r3
 1844 0032 FFF7FEFF 		bl	CyDelayCycles
2571:C:\Program Files (x86)\Cypress\PSoC Creator\4.4\PSoC Creator\1\CapSense_CSD_P4_Design01.cydsn\Generated_Source\PSoC4\CyLib.c **** }
 1845              		.loc 1 2571 0
 1846 0036 C046     		nop
 1847 0038 BD46     		mov	sp, r7
 1848 003a 02B0     		add	sp, sp, #8
 1849              		@ sp needed
 1850 003c 80BD     		pop	{r7, pc}
 1851              	.L107:
 1852 003e C046     		.align	2
 1853              	.L106:
 1854 0040 00000000 		.word	cydelay32kMs
 1855 0044 0080FFFF 		.word	-32768
 1856 0048 00000000 		.word	cydelayFreqKhz
 1857              		.cfi_endproc
 1858              	.LFE27:
 1859              		.size	CyDelay, .-CyDelay
 1860              		.section	.text.CyDelayUs,"ax",%progbits
 1861              		.align	2
 1862              		.global	CyDelayUs
 1863              		.code	16
ARM GAS  C:\Users\taips\AppData\Local\Temp\ccbT16OQ.s 			page 79


 1864              		.thumb_func
 1865              		.type	CyDelayUs, %function
 1866              	CyDelayUs:
 1867              	.LFB28:
2572:C:\Program Files (x86)\Cypress\PSoC Creator\4.4\PSoC Creator\1\CapSense_CSD_P4_Design01.cydsn\Generated_Source\PSoC4\CyLib.c **** 
2573:C:\Program Files (x86)\Cypress\PSoC Creator\4.4\PSoC Creator\1\CapSense_CSD_P4_Design01.cydsn\Generated_Source\PSoC4\CyLib.c **** 
2574:C:\Program Files (x86)\Cypress\PSoC Creator\4.4\PSoC Creator\1\CapSense_CSD_P4_Design01.cydsn\Generated_Source\PSoC4\CyLib.c **** /*******************************************************************************
2575:C:\Program Files (x86)\Cypress\PSoC Creator\4.4\PSoC Creator\1\CapSense_CSD_P4_Design01.cydsn\Generated_Source\PSoC4\CyLib.c **** * Function Name: CyDelayUs
2576:C:\Program Files (x86)\Cypress\PSoC Creator\4.4\PSoC Creator\1\CapSense_CSD_P4_Design01.cydsn\Generated_Source\PSoC4\CyLib.c **** ****************************************************************************//**
2577:C:\Program Files (x86)\Cypress\PSoC Creator\4.4\PSoC Creator\1\CapSense_CSD_P4_Design01.cydsn\Generated_Source\PSoC4\CyLib.c **** *  Blocks for microseconds.
2578:C:\Program Files (x86)\Cypress\PSoC Creator\4.4\PSoC Creator\1\CapSense_CSD_P4_Design01.cydsn\Generated_Source\PSoC4\CyLib.c **** *
2579:C:\Program Files (x86)\Cypress\PSoC Creator\4.4\PSoC Creator\1\CapSense_CSD_P4_Design01.cydsn\Generated_Source\PSoC4\CyLib.c **** *  \param microseconds: number of microseconds to delay.
2580:C:\Program Files (x86)\Cypress\PSoC Creator\4.4\PSoC Creator\1\CapSense_CSD_P4_Design01.cydsn\Generated_Source\PSoC4\CyLib.c **** *
2581:C:\Program Files (x86)\Cypress\PSoC Creator\4.4\PSoC Creator\1\CapSense_CSD_P4_Design01.cydsn\Generated_Source\PSoC4\CyLib.c **** *******************************************************************************/
2582:C:\Program Files (x86)\Cypress\PSoC Creator\4.4\PSoC Creator\1\CapSense_CSD_P4_Design01.cydsn\Generated_Source\PSoC4\CyLib.c **** void CyDelayUs(uint16 microseconds)
2583:C:\Program Files (x86)\Cypress\PSoC Creator\4.4\PSoC Creator\1\CapSense_CSD_P4_Design01.cydsn\Generated_Source\PSoC4\CyLib.c **** {
 1868              		.loc 1 2583 0
 1869              		.cfi_startproc
 1870              		@ args = 0, pretend = 0, frame = 8
 1871              		@ frame_needed = 1, uses_anonymous_args = 0
 1872 0000 80B5     		push	{r7, lr}
 1873              		.cfi_def_cfa_offset 8
 1874              		.cfi_offset 7, -8
 1875              		.cfi_offset 14, -4
 1876 0002 82B0     		sub	sp, sp, #8
 1877              		.cfi_def_cfa_offset 16
 1878 0004 00AF     		add	r7, sp, #0
 1879              		.cfi_def_cfa_register 7
 1880 0006 0200     		movs	r2, r0
 1881 0008 BB1D     		adds	r3, r7, #6
 1882 000a 1A80     		strh	r2, [r3]
2584:C:\Program Files (x86)\Cypress\PSoC Creator\4.4\PSoC Creator\1\CapSense_CSD_P4_Design01.cydsn\Generated_Source\PSoC4\CyLib.c ****     CyDelayCycles((uint32)microseconds * cydelayFreqMhz);
 1883              		.loc 1 2584 0
 1884 000c BB1D     		adds	r3, r7, #6
 1885 000e 1B88     		ldrh	r3, [r3]
 1886 0010 044A     		ldr	r2, .L109
 1887 0012 1278     		ldrb	r2, [r2]
 1888 0014 5343     		muls	r3, r2
 1889 0016 1800     		movs	r0, r3
 1890 0018 FFF7FEFF 		bl	CyDelayCycles
2585:C:\Program Files (x86)\Cypress\PSoC Creator\4.4\PSoC Creator\1\CapSense_CSD_P4_Design01.cydsn\Generated_Source\PSoC4\CyLib.c **** }
 1891              		.loc 1 2585 0
 1892 001c C046     		nop
 1893 001e BD46     		mov	sp, r7
 1894 0020 02B0     		add	sp, sp, #8
 1895              		@ sp needed
 1896 0022 80BD     		pop	{r7, pc}
 1897              	.L110:
 1898              		.align	2
 1899              	.L109:
 1900 0024 00000000 		.word	cydelayFreqMhz
 1901              		.cfi_endproc
 1902              	.LFE28:
 1903              		.size	CyDelayUs, .-CyDelayUs
 1904              		.global	__aeabi_uidiv
 1905              		.section	.text.CyDelayFreq,"ax",%progbits
 1906              		.align	2
ARM GAS  C:\Users\taips\AppData\Local\Temp\ccbT16OQ.s 			page 80


 1907              		.global	CyDelayFreq
 1908              		.code	16
 1909              		.thumb_func
 1910              		.type	CyDelayFreq, %function
 1911              	CyDelayFreq:
 1912              	.LFB29:
2586:C:\Program Files (x86)\Cypress\PSoC Creator\4.4\PSoC Creator\1\CapSense_CSD_P4_Design01.cydsn\Generated_Source\PSoC4\CyLib.c **** 
2587:C:\Program Files (x86)\Cypress\PSoC Creator\4.4\PSoC Creator\1\CapSense_CSD_P4_Design01.cydsn\Generated_Source\PSoC4\CyLib.c **** 
2588:C:\Program Files (x86)\Cypress\PSoC Creator\4.4\PSoC Creator\1\CapSense_CSD_P4_Design01.cydsn\Generated_Source\PSoC4\CyLib.c **** /*******************************************************************************
2589:C:\Program Files (x86)\Cypress\PSoC Creator\4.4\PSoC Creator\1\CapSense_CSD_P4_Design01.cydsn\Generated_Source\PSoC4\CyLib.c **** * Function Name: CyDelayFreq
2590:C:\Program Files (x86)\Cypress\PSoC Creator\4.4\PSoC Creator\1\CapSense_CSD_P4_Design01.cydsn\Generated_Source\PSoC4\CyLib.c **** ****************************************************************************//**
2591:C:\Program Files (x86)\Cypress\PSoC Creator\4.4\PSoC Creator\1\CapSense_CSD_P4_Design01.cydsn\Generated_Source\PSoC4\CyLib.c **** *  Sets clock frequency for CyDelay.
2592:C:\Program Files (x86)\Cypress\PSoC Creator\4.4\PSoC Creator\1\CapSense_CSD_P4_Design01.cydsn\Generated_Source\PSoC4\CyLib.c **** *
2593:C:\Program Files (x86)\Cypress\PSoC Creator\4.4\PSoC Creator\1\CapSense_CSD_P4_Design01.cydsn\Generated_Source\PSoC4\CyLib.c **** *  \param freq: Frequency of bus clock in Hertz.
2594:C:\Program Files (x86)\Cypress\PSoC Creator\4.4\PSoC Creator\1\CapSense_CSD_P4_Design01.cydsn\Generated_Source\PSoC4\CyLib.c **** *
2595:C:\Program Files (x86)\Cypress\PSoC Creator\4.4\PSoC Creator\1\CapSense_CSD_P4_Design01.cydsn\Generated_Source\PSoC4\CyLib.c **** *******************************************************************************/
2596:C:\Program Files (x86)\Cypress\PSoC Creator\4.4\PSoC Creator\1\CapSense_CSD_P4_Design01.cydsn\Generated_Source\PSoC4\CyLib.c **** void CyDelayFreq(uint32 freq)
2597:C:\Program Files (x86)\Cypress\PSoC Creator\4.4\PSoC Creator\1\CapSense_CSD_P4_Design01.cydsn\Generated_Source\PSoC4\CyLib.c **** {
 1913              		.loc 1 2597 0
 1914              		.cfi_startproc
 1915              		@ args = 0, pretend = 0, frame = 8
 1916              		@ frame_needed = 1, uses_anonymous_args = 0
 1917 0000 80B5     		push	{r7, lr}
 1918              		.cfi_def_cfa_offset 8
 1919              		.cfi_offset 7, -8
 1920              		.cfi_offset 14, -4
 1921 0002 82B0     		sub	sp, sp, #8
 1922              		.cfi_def_cfa_offset 16
 1923 0004 00AF     		add	r7, sp, #0
 1924              		.cfi_def_cfa_register 7
 1925 0006 7860     		str	r0, [r7, #4]
2598:C:\Program Files (x86)\Cypress\PSoC Creator\4.4\PSoC Creator\1\CapSense_CSD_P4_Design01.cydsn\Generated_Source\PSoC4\CyLib.c ****     if (freq != 0u)
 1926              		.loc 1 2598 0
 1927 0008 7B68     		ldr	r3, [r7, #4]
 1928 000a 002B     		cmp	r3, #0
 1929 000c 03D0     		beq	.L112
2599:C:\Program Files (x86)\Cypress\PSoC Creator\4.4\PSoC Creator\1\CapSense_CSD_P4_Design01.cydsn\Generated_Source\PSoC4\CyLib.c ****     {
2600:C:\Program Files (x86)\Cypress\PSoC Creator\4.4\PSoC Creator\1\CapSense_CSD_P4_Design01.cydsn\Generated_Source\PSoC4\CyLib.c ****         cydelayFreqHz = freq;
 1930              		.loc 1 2600 0
 1931 000e 154B     		ldr	r3, .L114
 1932 0010 7A68     		ldr	r2, [r7, #4]
 1933 0012 1A60     		str	r2, [r3]
 1934 0014 02E0     		b	.L113
 1935              	.L112:
2601:C:\Program Files (x86)\Cypress\PSoC Creator\4.4\PSoC Creator\1\CapSense_CSD_P4_Design01.cydsn\Generated_Source\PSoC4\CyLib.c ****     }
2602:C:\Program Files (x86)\Cypress\PSoC Creator\4.4\PSoC Creator\1\CapSense_CSD_P4_Design01.cydsn\Generated_Source\PSoC4\CyLib.c ****     else
2603:C:\Program Files (x86)\Cypress\PSoC Creator\4.4\PSoC Creator\1\CapSense_CSD_P4_Design01.cydsn\Generated_Source\PSoC4\CyLib.c ****     {
2604:C:\Program Files (x86)\Cypress\PSoC Creator\4.4\PSoC Creator\1\CapSense_CSD_P4_Design01.cydsn\Generated_Source\PSoC4\CyLib.c ****         cydelayFreqHz = CYDEV_BCLK__SYSCLK__HZ;
 1936              		.loc 1 2604 0
 1937 0016 134B     		ldr	r3, .L114
 1938 0018 134A     		ldr	r2, .L114+4
 1939 001a 1A60     		str	r2, [r3]
 1940              	.L113:
2605:C:\Program Files (x86)\Cypress\PSoC Creator\4.4\PSoC Creator\1\CapSense_CSD_P4_Design01.cydsn\Generated_Source\PSoC4\CyLib.c ****     }
2606:C:\Program Files (x86)\Cypress\PSoC Creator\4.4\PSoC Creator\1\CapSense_CSD_P4_Design01.cydsn\Generated_Source\PSoC4\CyLib.c **** 
2607:C:\Program Files (x86)\Cypress\PSoC Creator\4.4\PSoC Creator\1\CapSense_CSD_P4_Design01.cydsn\Generated_Source\PSoC4\CyLib.c ****     cydelayFreqMhz = (uint8)((cydelayFreqHz + CY_DELAY_1M_MINUS_1_THRESHOLD) / CY_DELAY_1M_THRESHOL
 1941              		.loc 1 2607 0
ARM GAS  C:\Users\taips\AppData\Local\Temp\ccbT16OQ.s 			page 81


 1942 001c 114B     		ldr	r3, .L114
 1943 001e 1B68     		ldr	r3, [r3]
 1944 0020 124A     		ldr	r2, .L114+8
 1945 0022 9446     		mov	ip, r2
 1946 0024 6344     		add	r3, r3, ip
 1947 0026 1249     		ldr	r1, .L114+12
 1948 0028 1800     		movs	r0, r3
 1949 002a FFF7FEFF 		bl	__aeabi_uidiv
 1950 002e 0300     		movs	r3, r0
 1951 0030 DAB2     		uxtb	r2, r3
 1952 0032 104B     		ldr	r3, .L114+16
 1953 0034 1A70     		strb	r2, [r3]
2608:C:\Program Files (x86)\Cypress\PSoC Creator\4.4\PSoC Creator\1\CapSense_CSD_P4_Design01.cydsn\Generated_Source\PSoC4\CyLib.c ****     cydelayFreqKhz = (cydelayFreqHz + CY_DELAY_1K_MINUS_1_THRESHOLD) / CY_DELAY_1K_THRESHOLD;
 1954              		.loc 1 2608 0
 1955 0036 0B4B     		ldr	r3, .L114
 1956 0038 1B68     		ldr	r3, [r3]
 1957 003a 0F4A     		ldr	r2, .L114+20
 1958 003c 9A18     		adds	r2, r3, r2
 1959 003e FA23     		movs	r3, #250
 1960 0040 9900     		lsls	r1, r3, #2
 1961 0042 1000     		movs	r0, r2
 1962 0044 FFF7FEFF 		bl	__aeabi_uidiv
 1963 0048 0300     		movs	r3, r0
 1964 004a 1A00     		movs	r2, r3
 1965 004c 0B4B     		ldr	r3, .L114+24
 1966 004e 1A60     		str	r2, [r3]
2609:C:\Program Files (x86)\Cypress\PSoC Creator\4.4\PSoC Creator\1\CapSense_CSD_P4_Design01.cydsn\Generated_Source\PSoC4\CyLib.c ****     cydelay32kMs   = CY_DELAY_MS_OVERFLOW * cydelayFreqKhz;
 1967              		.loc 1 2609 0
 1968 0050 0A4B     		ldr	r3, .L114+24
 1969 0052 1B68     		ldr	r3, [r3]
 1970 0054 DA03     		lsls	r2, r3, #15
 1971 0056 0A4B     		ldr	r3, .L114+28
 1972 0058 1A60     		str	r2, [r3]
2610:C:\Program Files (x86)\Cypress\PSoC Creator\4.4\PSoC Creator\1\CapSense_CSD_P4_Design01.cydsn\Generated_Source\PSoC4\CyLib.c **** }
 1973              		.loc 1 2610 0
 1974 005a C046     		nop
 1975 005c BD46     		mov	sp, r7
 1976 005e 02B0     		add	sp, sp, #8
 1977              		@ sp needed
 1978 0060 80BD     		pop	{r7, pc}
 1979              	.L115:
 1980 0062 C046     		.align	2
 1981              	.L114:
 1982 0064 00000000 		.word	cydelayFreqHz
 1983 0068 00366E01 		.word	24000000
 1984 006c 3F420F00 		.word	999999
 1985 0070 40420F00 		.word	1000000
 1986 0074 00000000 		.word	cydelayFreqMhz
 1987 0078 E7030000 		.word	999
 1988 007c 00000000 		.word	cydelayFreqKhz
 1989 0080 00000000 		.word	cydelay32kMs
 1990              		.cfi_endproc
 1991              	.LFE29:
 1992              		.size	CyDelayFreq, .-CyDelayFreq
 1993              		.section	.text.CySysTickStart,"ax",%progbits
 1994              		.align	2
 1995              		.global	CySysTickStart
ARM GAS  C:\Users\taips\AppData\Local\Temp\ccbT16OQ.s 			page 82


 1996              		.code	16
 1997              		.thumb_func
 1998              		.type	CySysTickStart, %function
 1999              	CySysTickStart:
 2000              	.LFB30:
2611:C:\Program Files (x86)\Cypress\PSoC Creator\4.4\PSoC Creator\1\CapSense_CSD_P4_Design01.cydsn\Generated_Source\PSoC4\CyLib.c **** 
2612:C:\Program Files (x86)\Cypress\PSoC Creator\4.4\PSoC Creator\1\CapSense_CSD_P4_Design01.cydsn\Generated_Source\PSoC4\CyLib.c **** 
2613:C:\Program Files (x86)\Cypress\PSoC Creator\4.4\PSoC Creator\1\CapSense_CSD_P4_Design01.cydsn\Generated_Source\PSoC4\CyLib.c **** /*******************************************************************************
2614:C:\Program Files (x86)\Cypress\PSoC Creator\4.4\PSoC Creator\1\CapSense_CSD_P4_Design01.cydsn\Generated_Source\PSoC4\CyLib.c **** * Function Name: CySysTick_Start
2615:C:\Program Files (x86)\Cypress\PSoC Creator\4.4\PSoC Creator\1\CapSense_CSD_P4_Design01.cydsn\Generated_Source\PSoC4\CyLib.c **** ****************************************************************************//**
2616:C:\Program Files (x86)\Cypress\PSoC Creator\4.4\PSoC Creator\1\CapSense_CSD_P4_Design01.cydsn\Generated_Source\PSoC4\CyLib.c **** *
2617:C:\Program Files (x86)\Cypress\PSoC Creator\4.4\PSoC Creator\1\CapSense_CSD_P4_Design01.cydsn\Generated_Source\PSoC4\CyLib.c **** *  Starts the system timer (SysTick): configures SysTick to generate interrupt
2618:C:\Program Files (x86)\Cypress\PSoC Creator\4.4\PSoC Creator\1\CapSense_CSD_P4_Design01.cydsn\Generated_Source\PSoC4\CyLib.c **** *  every 1 ms and enables the interrupt.
2619:C:\Program Files (x86)\Cypress\PSoC Creator\4.4\PSoC Creator\1\CapSense_CSD_P4_Design01.cydsn\Generated_Source\PSoC4\CyLib.c **** *
2620:C:\Program Files (x86)\Cypress\PSoC Creator\4.4\PSoC Creator\1\CapSense_CSD_P4_Design01.cydsn\Generated_Source\PSoC4\CyLib.c **** *  There are components (LIN, CapSense Gesture) that relies on the default 
2621:C:\Program Files (x86)\Cypress\PSoC Creator\4.4\PSoC Creator\1\CapSense_CSD_P4_Design01.cydsn\Generated_Source\PSoC4\CyLib.c **** *  interval (1 ms). And that changing the interval will negatively impact 
2622:C:\Program Files (x86)\Cypress\PSoC Creator\4.4\PSoC Creator\1\CapSense_CSD_P4_Design01.cydsn\Generated_Source\PSoC4\CyLib.c **** *  their functionality.
2623:C:\Program Files (x86)\Cypress\PSoC Creator\4.4\PSoC Creator\1\CapSense_CSD_P4_Design01.cydsn\Generated_Source\PSoC4\CyLib.c **** *
2624:C:\Program Files (x86)\Cypress\PSoC Creator\4.4\PSoC Creator\1\CapSense_CSD_P4_Design01.cydsn\Generated_Source\PSoC4\CyLib.c **** * \sideeffect
2625:C:\Program Files (x86)\Cypress\PSoC Creator\4.4\PSoC Creator\1\CapSense_CSD_P4_Design01.cydsn\Generated_Source\PSoC4\CyLib.c **** *  Clears SysTick count flag if it was set.
2626:C:\Program Files (x86)\Cypress\PSoC Creator\4.4\PSoC Creator\1\CapSense_CSD_P4_Design01.cydsn\Generated_Source\PSoC4\CyLib.c **** *
2627:C:\Program Files (x86)\Cypress\PSoC Creator\4.4\PSoC Creator\1\CapSense_CSD_P4_Design01.cydsn\Generated_Source\PSoC4\CyLib.c **** *******************************************************************************/
2628:C:\Program Files (x86)\Cypress\PSoC Creator\4.4\PSoC Creator\1\CapSense_CSD_P4_Design01.cydsn\Generated_Source\PSoC4\CyLib.c **** void CySysTickStart(void)
2629:C:\Program Files (x86)\Cypress\PSoC Creator\4.4\PSoC Creator\1\CapSense_CSD_P4_Design01.cydsn\Generated_Source\PSoC4\CyLib.c **** {
 2001              		.loc 1 2629 0
 2002              		.cfi_startproc
 2003              		@ args = 0, pretend = 0, frame = 0
 2004              		@ frame_needed = 1, uses_anonymous_args = 0
 2005 0000 80B5     		push	{r7, lr}
 2006              		.cfi_def_cfa_offset 8
 2007              		.cfi_offset 7, -8
 2008              		.cfi_offset 14, -4
 2009 0002 00AF     		add	r7, sp, #0
 2010              		.cfi_def_cfa_register 7
2630:C:\Program Files (x86)\Cypress\PSoC Creator\4.4\PSoC Creator\1\CapSense_CSD_P4_Design01.cydsn\Generated_Source\PSoC4\CyLib.c ****     if (0u == CySysTickInitVar)
 2011              		.loc 1 2630 0
 2012 0004 064B     		ldr	r3, .L118
 2013 0006 1B68     		ldr	r3, [r3]
 2014 0008 002B     		cmp	r3, #0
 2015 000a 04D1     		bne	.L117
2631:C:\Program Files (x86)\Cypress\PSoC Creator\4.4\PSoC Creator\1\CapSense_CSD_P4_Design01.cydsn\Generated_Source\PSoC4\CyLib.c ****     {
2632:C:\Program Files (x86)\Cypress\PSoC Creator\4.4\PSoC Creator\1\CapSense_CSD_P4_Design01.cydsn\Generated_Source\PSoC4\CyLib.c ****         CySysTickInit();
 2016              		.loc 1 2632 0
 2017 000c FFF7FEFF 		bl	CySysTickInit
2633:C:\Program Files (x86)\Cypress\PSoC Creator\4.4\PSoC Creator\1\CapSense_CSD_P4_Design01.cydsn\Generated_Source\PSoC4\CyLib.c ****         CySysTickInitVar = 1u;
 2018              		.loc 1 2633 0
 2019 0010 034B     		ldr	r3, .L118
 2020 0012 0122     		movs	r2, #1
 2021 0014 1A60     		str	r2, [r3]
 2022              	.L117:
2634:C:\Program Files (x86)\Cypress\PSoC Creator\4.4\PSoC Creator\1\CapSense_CSD_P4_Design01.cydsn\Generated_Source\PSoC4\CyLib.c ****     }
2635:C:\Program Files (x86)\Cypress\PSoC Creator\4.4\PSoC Creator\1\CapSense_CSD_P4_Design01.cydsn\Generated_Source\PSoC4\CyLib.c **** 
2636:C:\Program Files (x86)\Cypress\PSoC Creator\4.4\PSoC Creator\1\CapSense_CSD_P4_Design01.cydsn\Generated_Source\PSoC4\CyLib.c ****     CySysTickEnable();
 2023              		.loc 1 2636 0
 2024 0016 FFF7FEFF 		bl	CySysTickEnable
2637:C:\Program Files (x86)\Cypress\PSoC Creator\4.4\PSoC Creator\1\CapSense_CSD_P4_Design01.cydsn\Generated_Source\PSoC4\CyLib.c **** }
 2025              		.loc 1 2637 0
ARM GAS  C:\Users\taips\AppData\Local\Temp\ccbT16OQ.s 			page 83


 2026 001a C046     		nop
 2027 001c BD46     		mov	sp, r7
 2028              		@ sp needed
 2029 001e 80BD     		pop	{r7, pc}
 2030              	.L119:
 2031              		.align	2
 2032              	.L118:
 2033 0020 00000000 		.word	CySysTickInitVar
 2034              		.cfi_endproc
 2035              	.LFE30:
 2036              		.size	CySysTickStart, .-CySysTickStart
 2037              		.section	.text.CySysTickInit,"ax",%progbits
 2038              		.align	2
 2039              		.global	CySysTickInit
 2040              		.code	16
 2041              		.thumb_func
 2042              		.type	CySysTickInit, %function
 2043              	CySysTickInit:
 2044              	.LFB31:
2638:C:\Program Files (x86)\Cypress\PSoC Creator\4.4\PSoC Creator\1\CapSense_CSD_P4_Design01.cydsn\Generated_Source\PSoC4\CyLib.c **** 
2639:C:\Program Files (x86)\Cypress\PSoC Creator\4.4\PSoC Creator\1\CapSense_CSD_P4_Design01.cydsn\Generated_Source\PSoC4\CyLib.c **** 
2640:C:\Program Files (x86)\Cypress\PSoC Creator\4.4\PSoC Creator\1\CapSense_CSD_P4_Design01.cydsn\Generated_Source\PSoC4\CyLib.c **** /*******************************************************************************
2641:C:\Program Files (x86)\Cypress\PSoC Creator\4.4\PSoC Creator\1\CapSense_CSD_P4_Design01.cydsn\Generated_Source\PSoC4\CyLib.c **** * Function Name: CySysTickInit
2642:C:\Program Files (x86)\Cypress\PSoC Creator\4.4\PSoC Creator\1\CapSense_CSD_P4_Design01.cydsn\Generated_Source\PSoC4\CyLib.c **** ****************************************************************************//**
2643:C:\Program Files (x86)\Cypress\PSoC Creator\4.4\PSoC Creator\1\CapSense_CSD_P4_Design01.cydsn\Generated_Source\PSoC4\CyLib.c **** *
2644:C:\Program Files (x86)\Cypress\PSoC Creator\4.4\PSoC Creator\1\CapSense_CSD_P4_Design01.cydsn\Generated_Source\PSoC4\CyLib.c **** *  Initializes the callback addresses with pointers to NULL, associates the
2645:C:\Program Files (x86)\Cypress\PSoC Creator\4.4\PSoC Creator\1\CapSense_CSD_P4_Design01.cydsn\Generated_Source\PSoC4\CyLib.c **** *  SysTick system vector with the function that is responsible for calling
2646:C:\Program Files (x86)\Cypress\PSoC Creator\4.4\PSoC Creator\1\CapSense_CSD_P4_Design01.cydsn\Generated_Source\PSoC4\CyLib.c **** *  registered callback functions, configures SysTick timer to generate interrupt
2647:C:\Program Files (x86)\Cypress\PSoC Creator\4.4\PSoC Creator\1\CapSense_CSD_P4_Design01.cydsn\Generated_Source\PSoC4\CyLib.c **** *  every 1 ms.
2648:C:\Program Files (x86)\Cypress\PSoC Creator\4.4\PSoC Creator\1\CapSense_CSD_P4_Design01.cydsn\Generated_Source\PSoC4\CyLib.c **** *
2649:C:\Program Files (x86)\Cypress\PSoC Creator\4.4\PSoC Creator\1\CapSense_CSD_P4_Design01.cydsn\Generated_Source\PSoC4\CyLib.c **** *  The 1 ms interrupt interval is configured based on the frequency determined
2650:C:\Program Files (x86)\Cypress\PSoC Creator\4.4\PSoC Creator\1\CapSense_CSD_P4_Design01.cydsn\Generated_Source\PSoC4\CyLib.c **** *  by PSoC Creator at build time. If System clock frequency is changed in
2651:C:\Program Files (x86)\Cypress\PSoC Creator\4.4\PSoC Creator\1\CapSense_CSD_P4_Design01.cydsn\Generated_Source\PSoC4\CyLib.c **** *  runtime, the CyDelayFreq() with the appropriate parameter should be called.
2652:C:\Program Files (x86)\Cypress\PSoC Creator\4.4\PSoC Creator\1\CapSense_CSD_P4_Design01.cydsn\Generated_Source\PSoC4\CyLib.c **** *
2653:C:\Program Files (x86)\Cypress\PSoC Creator\4.4\PSoC Creator\1\CapSense_CSD_P4_Design01.cydsn\Generated_Source\PSoC4\CyLib.c **** * \sideeffect
2654:C:\Program Files (x86)\Cypress\PSoC Creator\4.4\PSoC Creator\1\CapSense_CSD_P4_Design01.cydsn\Generated_Source\PSoC4\CyLib.c **** *  Clears SysTick count flag if it was set.
2655:C:\Program Files (x86)\Cypress\PSoC Creator\4.4\PSoC Creator\1\CapSense_CSD_P4_Design01.cydsn\Generated_Source\PSoC4\CyLib.c **** *
2656:C:\Program Files (x86)\Cypress\PSoC Creator\4.4\PSoC Creator\1\CapSense_CSD_P4_Design01.cydsn\Generated_Source\PSoC4\CyLib.c **** *******************************************************************************/
2657:C:\Program Files (x86)\Cypress\PSoC Creator\4.4\PSoC Creator\1\CapSense_CSD_P4_Design01.cydsn\Generated_Source\PSoC4\CyLib.c **** void CySysTickInit(void)
2658:C:\Program Files (x86)\Cypress\PSoC Creator\4.4\PSoC Creator\1\CapSense_CSD_P4_Design01.cydsn\Generated_Source\PSoC4\CyLib.c **** {
 2045              		.loc 1 2658 0
 2046              		.cfi_startproc
 2047              		@ args = 0, pretend = 0, frame = 8
 2048              		@ frame_needed = 1, uses_anonymous_args = 0
 2049 0000 80B5     		push	{r7, lr}
 2050              		.cfi_def_cfa_offset 8
 2051              		.cfi_offset 7, -8
 2052              		.cfi_offset 14, -4
 2053 0002 82B0     		sub	sp, sp, #8
 2054              		.cfi_def_cfa_offset 16
 2055 0004 00AF     		add	r7, sp, #0
 2056              		.cfi_def_cfa_register 7
2659:C:\Program Files (x86)\Cypress\PSoC Creator\4.4\PSoC Creator\1\CapSense_CSD_P4_Design01.cydsn\Generated_Source\PSoC4\CyLib.c ****     uint32 i;
2660:C:\Program Files (x86)\Cypress\PSoC Creator\4.4\PSoC Creator\1\CapSense_CSD_P4_Design01.cydsn\Generated_Source\PSoC4\CyLib.c **** 
2661:C:\Program Files (x86)\Cypress\PSoC Creator\4.4\PSoC Creator\1\CapSense_CSD_P4_Design01.cydsn\Generated_Source\PSoC4\CyLib.c ****     for (i = 0u; i<CY_SYS_SYST_NUM_OF_CALLBACKS; i++)
 2057              		.loc 1 2661 0
 2058 0006 0023     		movs	r3, #0
ARM GAS  C:\Users\taips\AppData\Local\Temp\ccbT16OQ.s 			page 84


 2059 0008 7B60     		str	r3, [r7, #4]
 2060 000a 07E0     		b	.L121
 2061              	.L122:
2662:C:\Program Files (x86)\Cypress\PSoC Creator\4.4\PSoC Creator\1\CapSense_CSD_P4_Design01.cydsn\Generated_Source\PSoC4\CyLib.c ****     {
2663:C:\Program Files (x86)\Cypress\PSoC Creator\4.4\PSoC Creator\1\CapSense_CSD_P4_Design01.cydsn\Generated_Source\PSoC4\CyLib.c ****         CySysTickCallbacks[i] = (void *) 0;
 2062              		.loc 1 2663 0 discriminator 3
 2063 000c 104B     		ldr	r3, .L123
 2064 000e 7A68     		ldr	r2, [r7, #4]
 2065 0010 9200     		lsls	r2, r2, #2
 2066 0012 0021     		movs	r1, #0
 2067 0014 D150     		str	r1, [r2, r3]
2661:C:\Program Files (x86)\Cypress\PSoC Creator\4.4\PSoC Creator\1\CapSense_CSD_P4_Design01.cydsn\Generated_Source\PSoC4\CyLib.c ****     {
 2068              		.loc 1 2661 0 discriminator 3
 2069 0016 7B68     		ldr	r3, [r7, #4]
 2070 0018 0133     		adds	r3, r3, #1
 2071 001a 7B60     		str	r3, [r7, #4]
 2072              	.L121:
2661:C:\Program Files (x86)\Cypress\PSoC Creator\4.4\PSoC Creator\1\CapSense_CSD_P4_Design01.cydsn\Generated_Source\PSoC4\CyLib.c ****     {
 2073              		.loc 1 2661 0 is_stmt 0 discriminator 1
 2074 001c 7B68     		ldr	r3, [r7, #4]
 2075 001e 042B     		cmp	r3, #4
 2076 0020 F4D9     		bls	.L122
2664:C:\Program Files (x86)\Cypress\PSoC Creator\4.4\PSoC Creator\1\CapSense_CSD_P4_Design01.cydsn\Generated_Source\PSoC4\CyLib.c ****     }
2665:C:\Program Files (x86)\Cypress\PSoC Creator\4.4\PSoC Creator\1\CapSense_CSD_P4_Design01.cydsn\Generated_Source\PSoC4\CyLib.c **** 
2666:C:\Program Files (x86)\Cypress\PSoC Creator\4.4\PSoC Creator\1\CapSense_CSD_P4_Design01.cydsn\Generated_Source\PSoC4\CyLib.c ****     (void) CyIntSetSysVector(CY_INT_SYSTICK_IRQN, &CySysTickServiceCallbacks);
 2077              		.loc 1 2666 0 is_stmt 1
 2078 0022 0C4B     		ldr	r3, .L123+4
 2079 0024 1900     		movs	r1, r3
 2080 0026 0F20     		movs	r0, #15
 2081 0028 FFF7FEFF 		bl	CyIntSetSysVector
2667:C:\Program Files (x86)\Cypress\PSoC Creator\4.4\PSoC Creator\1\CapSense_CSD_P4_Design01.cydsn\Generated_Source\PSoC4\CyLib.c **** 
2668:C:\Program Files (x86)\Cypress\PSoC Creator\4.4\PSoC Creator\1\CapSense_CSD_P4_Design01.cydsn\Generated_Source\PSoC4\CyLib.c ****     #if(CY_SYSTICK_LFCLK_SOURCE)
2669:C:\Program Files (x86)\Cypress\PSoC Creator\4.4\PSoC Creator\1\CapSense_CSD_P4_Design01.cydsn\Generated_Source\PSoC4\CyLib.c ****         CySysTickSetClockSource(CY_SYS_SYST_CSR_CLK_SRC_SYSCLK);
2670:C:\Program Files (x86)\Cypress\PSoC Creator\4.4\PSoC Creator\1\CapSense_CSD_P4_Design01.cydsn\Generated_Source\PSoC4\CyLib.c ****     #endif /* (CY_SYSTICK_LFCLK_SOURCE) */
2671:C:\Program Files (x86)\Cypress\PSoC Creator\4.4\PSoC Creator\1\CapSense_CSD_P4_Design01.cydsn\Generated_Source\PSoC4\CyLib.c **** 
2672:C:\Program Files (x86)\Cypress\PSoC Creator\4.4\PSoC Creator\1\CapSense_CSD_P4_Design01.cydsn\Generated_Source\PSoC4\CyLib.c ****     CySysTickSetReload(cydelayFreqHz/1000u);
 2082              		.loc 1 2672 0
 2083 002c 0A4B     		ldr	r3, .L123+8
 2084 002e 1A68     		ldr	r2, [r3]
 2085 0030 FA23     		movs	r3, #250
 2086 0032 9900     		lsls	r1, r3, #2
 2087 0034 1000     		movs	r0, r2
 2088 0036 FFF7FEFF 		bl	__aeabi_uidiv
 2089 003a 0300     		movs	r3, r0
 2090 003c 1800     		movs	r0, r3
 2091 003e FFF7FEFF 		bl	CySysTickSetReload
2673:C:\Program Files (x86)\Cypress\PSoC Creator\4.4\PSoC Creator\1\CapSense_CSD_P4_Design01.cydsn\Generated_Source\PSoC4\CyLib.c ****     CySysTickClear();
 2092              		.loc 1 2673 0
 2093 0042 FFF7FEFF 		bl	CySysTickClear
2674:C:\Program Files (x86)\Cypress\PSoC Creator\4.4\PSoC Creator\1\CapSense_CSD_P4_Design01.cydsn\Generated_Source\PSoC4\CyLib.c **** }
 2094              		.loc 1 2674 0
 2095 0046 C046     		nop
 2096 0048 BD46     		mov	sp, r7
 2097 004a 02B0     		add	sp, sp, #8
 2098              		@ sp needed
 2099 004c 80BD     		pop	{r7, pc}
 2100              	.L124:
ARM GAS  C:\Users\taips\AppData\Local\Temp\ccbT16OQ.s 			page 85


 2101 004e C046     		.align	2
 2102              	.L123:
 2103 0050 00000000 		.word	CySysTickCallbacks
 2104 0054 00000000 		.word	CySysTickServiceCallbacks
 2105 0058 00000000 		.word	cydelayFreqHz
 2106              		.cfi_endproc
 2107              	.LFE31:
 2108              		.size	CySysTickInit, .-CySysTickInit
 2109              		.section	.text.CySysTickEnable,"ax",%progbits
 2110              		.align	2
 2111              		.global	CySysTickEnable
 2112              		.code	16
 2113              		.thumb_func
 2114              		.type	CySysTickEnable, %function
 2115              	CySysTickEnable:
 2116              	.LFB32:
2675:C:\Program Files (x86)\Cypress\PSoC Creator\4.4\PSoC Creator\1\CapSense_CSD_P4_Design01.cydsn\Generated_Source\PSoC4\CyLib.c **** 
2676:C:\Program Files (x86)\Cypress\PSoC Creator\4.4\PSoC Creator\1\CapSense_CSD_P4_Design01.cydsn\Generated_Source\PSoC4\CyLib.c **** 
2677:C:\Program Files (x86)\Cypress\PSoC Creator\4.4\PSoC Creator\1\CapSense_CSD_P4_Design01.cydsn\Generated_Source\PSoC4\CyLib.c **** /*******************************************************************************
2678:C:\Program Files (x86)\Cypress\PSoC Creator\4.4\PSoC Creator\1\CapSense_CSD_P4_Design01.cydsn\Generated_Source\PSoC4\CyLib.c **** * Function Name: CySysTickEnable
2679:C:\Program Files (x86)\Cypress\PSoC Creator\4.4\PSoC Creator\1\CapSense_CSD_P4_Design01.cydsn\Generated_Source\PSoC4\CyLib.c **** ****************************************************************************//**
2680:C:\Program Files (x86)\Cypress\PSoC Creator\4.4\PSoC Creator\1\CapSense_CSD_P4_Design01.cydsn\Generated_Source\PSoC4\CyLib.c **** *
2681:C:\Program Files (x86)\Cypress\PSoC Creator\4.4\PSoC Creator\1\CapSense_CSD_P4_Design01.cydsn\Generated_Source\PSoC4\CyLib.c **** *  Enables the SysTick timer and its interrupt.
2682:C:\Program Files (x86)\Cypress\PSoC Creator\4.4\PSoC Creator\1\CapSense_CSD_P4_Design01.cydsn\Generated_Source\PSoC4\CyLib.c **** *
2683:C:\Program Files (x86)\Cypress\PSoC Creator\4.4\PSoC Creator\1\CapSense_CSD_P4_Design01.cydsn\Generated_Source\PSoC4\CyLib.c **** * \sideeffect
2684:C:\Program Files (x86)\Cypress\PSoC Creator\4.4\PSoC Creator\1\CapSense_CSD_P4_Design01.cydsn\Generated_Source\PSoC4\CyLib.c **** *  Clears SysTick count flag if it was set
2685:C:\Program Files (x86)\Cypress\PSoC Creator\4.4\PSoC Creator\1\CapSense_CSD_P4_Design01.cydsn\Generated_Source\PSoC4\CyLib.c **** *
2686:C:\Program Files (x86)\Cypress\PSoC Creator\4.4\PSoC Creator\1\CapSense_CSD_P4_Design01.cydsn\Generated_Source\PSoC4\CyLib.c **** *******************************************************************************/
2687:C:\Program Files (x86)\Cypress\PSoC Creator\4.4\PSoC Creator\1\CapSense_CSD_P4_Design01.cydsn\Generated_Source\PSoC4\CyLib.c **** void CySysTickEnable(void)
2688:C:\Program Files (x86)\Cypress\PSoC Creator\4.4\PSoC Creator\1\CapSense_CSD_P4_Design01.cydsn\Generated_Source\PSoC4\CyLib.c **** {
 2117              		.loc 1 2688 0
 2118              		.cfi_startproc
 2119              		@ args = 0, pretend = 0, frame = 0
 2120              		@ frame_needed = 1, uses_anonymous_args = 0
 2121 0000 80B5     		push	{r7, lr}
 2122              		.cfi_def_cfa_offset 8
 2123              		.cfi_offset 7, -8
 2124              		.cfi_offset 14, -4
 2125 0002 00AF     		add	r7, sp, #0
 2126              		.cfi_def_cfa_register 7
2689:C:\Program Files (x86)\Cypress\PSoC Creator\4.4\PSoC Creator\1\CapSense_CSD_P4_Design01.cydsn\Generated_Source\PSoC4\CyLib.c ****     CySysTickEnableInterrupt();
 2127              		.loc 1 2689 0
 2128 0004 FFF7FEFF 		bl	CySysTickEnableInterrupt
2690:C:\Program Files (x86)\Cypress\PSoC Creator\4.4\PSoC Creator\1\CapSense_CSD_P4_Design01.cydsn\Generated_Source\PSoC4\CyLib.c ****     CY_SYS_SYST_CSR_REG |= CY_SYS_SYST_CSR_ENABLE;
 2129              		.loc 1 2690 0
 2130 0008 044B     		ldr	r3, .L126
 2131 000a 044A     		ldr	r2, .L126
 2132 000c 1268     		ldr	r2, [r2]
 2133 000e 0121     		movs	r1, #1
 2134 0010 0A43     		orrs	r2, r1
 2135 0012 1A60     		str	r2, [r3]
2691:C:\Program Files (x86)\Cypress\PSoC Creator\4.4\PSoC Creator\1\CapSense_CSD_P4_Design01.cydsn\Generated_Source\PSoC4\CyLib.c **** }
 2136              		.loc 1 2691 0
 2137 0014 C046     		nop
 2138 0016 BD46     		mov	sp, r7
 2139              		@ sp needed
 2140 0018 80BD     		pop	{r7, pc}
ARM GAS  C:\Users\taips\AppData\Local\Temp\ccbT16OQ.s 			page 86


 2141              	.L127:
 2142 001a C046     		.align	2
 2143              	.L126:
 2144 001c 10E000E0 		.word	-536813552
 2145              		.cfi_endproc
 2146              	.LFE32:
 2147              		.size	CySysTickEnable, .-CySysTickEnable
 2148              		.section	.text.CySysTickStop,"ax",%progbits
 2149              		.align	2
 2150              		.global	CySysTickStop
 2151              		.code	16
 2152              		.thumb_func
 2153              		.type	CySysTickStop, %function
 2154              	CySysTickStop:
 2155              	.LFB33:
2692:C:\Program Files (x86)\Cypress\PSoC Creator\4.4\PSoC Creator\1\CapSense_CSD_P4_Design01.cydsn\Generated_Source\PSoC4\CyLib.c **** 
2693:C:\Program Files (x86)\Cypress\PSoC Creator\4.4\PSoC Creator\1\CapSense_CSD_P4_Design01.cydsn\Generated_Source\PSoC4\CyLib.c **** 
2694:C:\Program Files (x86)\Cypress\PSoC Creator\4.4\PSoC Creator\1\CapSense_CSD_P4_Design01.cydsn\Generated_Source\PSoC4\CyLib.c **** /*******************************************************************************
2695:C:\Program Files (x86)\Cypress\PSoC Creator\4.4\PSoC Creator\1\CapSense_CSD_P4_Design01.cydsn\Generated_Source\PSoC4\CyLib.c **** * Function Name: CySysTickStop
2696:C:\Program Files (x86)\Cypress\PSoC Creator\4.4\PSoC Creator\1\CapSense_CSD_P4_Design01.cydsn\Generated_Source\PSoC4\CyLib.c **** ****************************************************************************//**
2697:C:\Program Files (x86)\Cypress\PSoC Creator\4.4\PSoC Creator\1\CapSense_CSD_P4_Design01.cydsn\Generated_Source\PSoC4\CyLib.c **** *
2698:C:\Program Files (x86)\Cypress\PSoC Creator\4.4\PSoC Creator\1\CapSense_CSD_P4_Design01.cydsn\Generated_Source\PSoC4\CyLib.c **** *  Stops the system timer (SysTick).
2699:C:\Program Files (x86)\Cypress\PSoC Creator\4.4\PSoC Creator\1\CapSense_CSD_P4_Design01.cydsn\Generated_Source\PSoC4\CyLib.c **** *
2700:C:\Program Files (x86)\Cypress\PSoC Creator\4.4\PSoC Creator\1\CapSense_CSD_P4_Design01.cydsn\Generated_Source\PSoC4\CyLib.c **** * \sideeffect
2701:C:\Program Files (x86)\Cypress\PSoC Creator\4.4\PSoC Creator\1\CapSense_CSD_P4_Design01.cydsn\Generated_Source\PSoC4\CyLib.c **** *  Clears SysTick count flag if it was set
2702:C:\Program Files (x86)\Cypress\PSoC Creator\4.4\PSoC Creator\1\CapSense_CSD_P4_Design01.cydsn\Generated_Source\PSoC4\CyLib.c **** *
2703:C:\Program Files (x86)\Cypress\PSoC Creator\4.4\PSoC Creator\1\CapSense_CSD_P4_Design01.cydsn\Generated_Source\PSoC4\CyLib.c **** *******************************************************************************/
2704:C:\Program Files (x86)\Cypress\PSoC Creator\4.4\PSoC Creator\1\CapSense_CSD_P4_Design01.cydsn\Generated_Source\PSoC4\CyLib.c **** void CySysTickStop(void)
2705:C:\Program Files (x86)\Cypress\PSoC Creator\4.4\PSoC Creator\1\CapSense_CSD_P4_Design01.cydsn\Generated_Source\PSoC4\CyLib.c **** {
 2156              		.loc 1 2705 0
 2157              		.cfi_startproc
 2158              		@ args = 0, pretend = 0, frame = 0
 2159              		@ frame_needed = 1, uses_anonymous_args = 0
 2160 0000 80B5     		push	{r7, lr}
 2161              		.cfi_def_cfa_offset 8
 2162              		.cfi_offset 7, -8
 2163              		.cfi_offset 14, -4
 2164 0002 00AF     		add	r7, sp, #0
 2165              		.cfi_def_cfa_register 7
2706:C:\Program Files (x86)\Cypress\PSoC Creator\4.4\PSoC Creator\1\CapSense_CSD_P4_Design01.cydsn\Generated_Source\PSoC4\CyLib.c ****     CY_SYS_SYST_CSR_REG &= ((uint32) ~(CY_SYS_SYST_CSR_ENABLE));
 2166              		.loc 1 2706 0
 2167 0004 044B     		ldr	r3, .L129
 2168 0006 044A     		ldr	r2, .L129
 2169 0008 1268     		ldr	r2, [r2]
 2170 000a 0121     		movs	r1, #1
 2171 000c 8A43     		bics	r2, r1
 2172 000e 1A60     		str	r2, [r3]
2707:C:\Program Files (x86)\Cypress\PSoC Creator\4.4\PSoC Creator\1\CapSense_CSD_P4_Design01.cydsn\Generated_Source\PSoC4\CyLib.c **** }
 2173              		.loc 1 2707 0
 2174 0010 C046     		nop
 2175 0012 BD46     		mov	sp, r7
 2176              		@ sp needed
 2177 0014 80BD     		pop	{r7, pc}
 2178              	.L130:
 2179 0016 C046     		.align	2
 2180              	.L129:
 2181 0018 10E000E0 		.word	-536813552
ARM GAS  C:\Users\taips\AppData\Local\Temp\ccbT16OQ.s 			page 87


 2182              		.cfi_endproc
 2183              	.LFE33:
 2184              		.size	CySysTickStop, .-CySysTickStop
 2185              		.section	.text.CySysTickEnableInterrupt,"ax",%progbits
 2186              		.align	2
 2187              		.global	CySysTickEnableInterrupt
 2188              		.code	16
 2189              		.thumb_func
 2190              		.type	CySysTickEnableInterrupt, %function
 2191              	CySysTickEnableInterrupt:
 2192              	.LFB34:
2708:C:\Program Files (x86)\Cypress\PSoC Creator\4.4\PSoC Creator\1\CapSense_CSD_P4_Design01.cydsn\Generated_Source\PSoC4\CyLib.c **** 
2709:C:\Program Files (x86)\Cypress\PSoC Creator\4.4\PSoC Creator\1\CapSense_CSD_P4_Design01.cydsn\Generated_Source\PSoC4\CyLib.c **** 
2710:C:\Program Files (x86)\Cypress\PSoC Creator\4.4\PSoC Creator\1\CapSense_CSD_P4_Design01.cydsn\Generated_Source\PSoC4\CyLib.c **** /*******************************************************************************
2711:C:\Program Files (x86)\Cypress\PSoC Creator\4.4\PSoC Creator\1\CapSense_CSD_P4_Design01.cydsn\Generated_Source\PSoC4\CyLib.c **** * Function Name: CySysTickEnableInterrupt
2712:C:\Program Files (x86)\Cypress\PSoC Creator\4.4\PSoC Creator\1\CapSense_CSD_P4_Design01.cydsn\Generated_Source\PSoC4\CyLib.c **** ****************************************************************************//**
2713:C:\Program Files (x86)\Cypress\PSoC Creator\4.4\PSoC Creator\1\CapSense_CSD_P4_Design01.cydsn\Generated_Source\PSoC4\CyLib.c **** *
2714:C:\Program Files (x86)\Cypress\PSoC Creator\4.4\PSoC Creator\1\CapSense_CSD_P4_Design01.cydsn\Generated_Source\PSoC4\CyLib.c **** *  Enables the SysTick interrupt.
2715:C:\Program Files (x86)\Cypress\PSoC Creator\4.4\PSoC Creator\1\CapSense_CSD_P4_Design01.cydsn\Generated_Source\PSoC4\CyLib.c **** *
2716:C:\Program Files (x86)\Cypress\PSoC Creator\4.4\PSoC Creator\1\CapSense_CSD_P4_Design01.cydsn\Generated_Source\PSoC4\CyLib.c **** * \sideeffect
2717:C:\Program Files (x86)\Cypress\PSoC Creator\4.4\PSoC Creator\1\CapSense_CSD_P4_Design01.cydsn\Generated_Source\PSoC4\CyLib.c **** *  Clears SysTick count flag if it was set
2718:C:\Program Files (x86)\Cypress\PSoC Creator\4.4\PSoC Creator\1\CapSense_CSD_P4_Design01.cydsn\Generated_Source\PSoC4\CyLib.c **** *
2719:C:\Program Files (x86)\Cypress\PSoC Creator\4.4\PSoC Creator\1\CapSense_CSD_P4_Design01.cydsn\Generated_Source\PSoC4\CyLib.c **** *******************************************************************************/
2720:C:\Program Files (x86)\Cypress\PSoC Creator\4.4\PSoC Creator\1\CapSense_CSD_P4_Design01.cydsn\Generated_Source\PSoC4\CyLib.c **** void CySysTickEnableInterrupt(void)
2721:C:\Program Files (x86)\Cypress\PSoC Creator\4.4\PSoC Creator\1\CapSense_CSD_P4_Design01.cydsn\Generated_Source\PSoC4\CyLib.c **** {
 2193              		.loc 1 2721 0
 2194              		.cfi_startproc
 2195              		@ args = 0, pretend = 0, frame = 0
 2196              		@ frame_needed = 1, uses_anonymous_args = 0
 2197 0000 80B5     		push	{r7, lr}
 2198              		.cfi_def_cfa_offset 8
 2199              		.cfi_offset 7, -8
 2200              		.cfi_offset 14, -4
 2201 0002 00AF     		add	r7, sp, #0
 2202              		.cfi_def_cfa_register 7
2722:C:\Program Files (x86)\Cypress\PSoC Creator\4.4\PSoC Creator\1\CapSense_CSD_P4_Design01.cydsn\Generated_Source\PSoC4\CyLib.c ****     CY_SYS_SYST_CSR_REG |= CY_SYS_SYST_CSR_ENABLE_INT;
 2203              		.loc 1 2722 0
 2204 0004 044B     		ldr	r3, .L132
 2205 0006 044A     		ldr	r2, .L132
 2206 0008 1268     		ldr	r2, [r2]
 2207 000a 0221     		movs	r1, #2
 2208 000c 0A43     		orrs	r2, r1
 2209 000e 1A60     		str	r2, [r3]
2723:C:\Program Files (x86)\Cypress\PSoC Creator\4.4\PSoC Creator\1\CapSense_CSD_P4_Design01.cydsn\Generated_Source\PSoC4\CyLib.c **** }
 2210              		.loc 1 2723 0
 2211 0010 C046     		nop
 2212 0012 BD46     		mov	sp, r7
 2213              		@ sp needed
 2214 0014 80BD     		pop	{r7, pc}
 2215              	.L133:
 2216 0016 C046     		.align	2
 2217              	.L132:
 2218 0018 10E000E0 		.word	-536813552
 2219              		.cfi_endproc
 2220              	.LFE34:
 2221              		.size	CySysTickEnableInterrupt, .-CySysTickEnableInterrupt
 2222              		.section	.text.CySysTickDisableInterrupt,"ax",%progbits
ARM GAS  C:\Users\taips\AppData\Local\Temp\ccbT16OQ.s 			page 88


 2223              		.align	2
 2224              		.global	CySysTickDisableInterrupt
 2225              		.code	16
 2226              		.thumb_func
 2227              		.type	CySysTickDisableInterrupt, %function
 2228              	CySysTickDisableInterrupt:
 2229              	.LFB35:
2724:C:\Program Files (x86)\Cypress\PSoC Creator\4.4\PSoC Creator\1\CapSense_CSD_P4_Design01.cydsn\Generated_Source\PSoC4\CyLib.c **** 
2725:C:\Program Files (x86)\Cypress\PSoC Creator\4.4\PSoC Creator\1\CapSense_CSD_P4_Design01.cydsn\Generated_Source\PSoC4\CyLib.c **** 
2726:C:\Program Files (x86)\Cypress\PSoC Creator\4.4\PSoC Creator\1\CapSense_CSD_P4_Design01.cydsn\Generated_Source\PSoC4\CyLib.c **** /*******************************************************************************
2727:C:\Program Files (x86)\Cypress\PSoC Creator\4.4\PSoC Creator\1\CapSense_CSD_P4_Design01.cydsn\Generated_Source\PSoC4\CyLib.c **** * Function Name: CySysTickDisableInterrupt
2728:C:\Program Files (x86)\Cypress\PSoC Creator\4.4\PSoC Creator\1\CapSense_CSD_P4_Design01.cydsn\Generated_Source\PSoC4\CyLib.c **** ****************************************************************************//**
2729:C:\Program Files (x86)\Cypress\PSoC Creator\4.4\PSoC Creator\1\CapSense_CSD_P4_Design01.cydsn\Generated_Source\PSoC4\CyLib.c **** *
2730:C:\Program Files (x86)\Cypress\PSoC Creator\4.4\PSoC Creator\1\CapSense_CSD_P4_Design01.cydsn\Generated_Source\PSoC4\CyLib.c **** *  Disables the SysTick interrupt.
2731:C:\Program Files (x86)\Cypress\PSoC Creator\4.4\PSoC Creator\1\CapSense_CSD_P4_Design01.cydsn\Generated_Source\PSoC4\CyLib.c **** *
2732:C:\Program Files (x86)\Cypress\PSoC Creator\4.4\PSoC Creator\1\CapSense_CSD_P4_Design01.cydsn\Generated_Source\PSoC4\CyLib.c **** * \sideeffect
2733:C:\Program Files (x86)\Cypress\PSoC Creator\4.4\PSoC Creator\1\CapSense_CSD_P4_Design01.cydsn\Generated_Source\PSoC4\CyLib.c **** *  Clears SysTick count flag if it was set
2734:C:\Program Files (x86)\Cypress\PSoC Creator\4.4\PSoC Creator\1\CapSense_CSD_P4_Design01.cydsn\Generated_Source\PSoC4\CyLib.c **** *
2735:C:\Program Files (x86)\Cypress\PSoC Creator\4.4\PSoC Creator\1\CapSense_CSD_P4_Design01.cydsn\Generated_Source\PSoC4\CyLib.c **** *******************************************************************************/
2736:C:\Program Files (x86)\Cypress\PSoC Creator\4.4\PSoC Creator\1\CapSense_CSD_P4_Design01.cydsn\Generated_Source\PSoC4\CyLib.c **** void CySysTickDisableInterrupt(void)
2737:C:\Program Files (x86)\Cypress\PSoC Creator\4.4\PSoC Creator\1\CapSense_CSD_P4_Design01.cydsn\Generated_Source\PSoC4\CyLib.c **** {
 2230              		.loc 1 2737 0
 2231              		.cfi_startproc
 2232              		@ args = 0, pretend = 0, frame = 0
 2233              		@ frame_needed = 1, uses_anonymous_args = 0
 2234 0000 80B5     		push	{r7, lr}
 2235              		.cfi_def_cfa_offset 8
 2236              		.cfi_offset 7, -8
 2237              		.cfi_offset 14, -4
 2238 0002 00AF     		add	r7, sp, #0
 2239              		.cfi_def_cfa_register 7
2738:C:\Program Files (x86)\Cypress\PSoC Creator\4.4\PSoC Creator\1\CapSense_CSD_P4_Design01.cydsn\Generated_Source\PSoC4\CyLib.c ****     CY_SYS_SYST_CSR_REG &= ((uint32) ~(CY_SYS_SYST_CSR_ENABLE_INT));
 2240              		.loc 1 2738 0
 2241 0004 044B     		ldr	r3, .L135
 2242 0006 044A     		ldr	r2, .L135
 2243 0008 1268     		ldr	r2, [r2]
 2244 000a 0221     		movs	r1, #2
 2245 000c 8A43     		bics	r2, r1
 2246 000e 1A60     		str	r2, [r3]
2739:C:\Program Files (x86)\Cypress\PSoC Creator\4.4\PSoC Creator\1\CapSense_CSD_P4_Design01.cydsn\Generated_Source\PSoC4\CyLib.c **** }
 2247              		.loc 1 2739 0
 2248 0010 C046     		nop
 2249 0012 BD46     		mov	sp, r7
 2250              		@ sp needed
 2251 0014 80BD     		pop	{r7, pc}
 2252              	.L136:
 2253 0016 C046     		.align	2
 2254              	.L135:
 2255 0018 10E000E0 		.word	-536813552
 2256              		.cfi_endproc
 2257              	.LFE35:
 2258              		.size	CySysTickDisableInterrupt, .-CySysTickDisableInterrupt
 2259              		.section	.text.CySysTickSetReload,"ax",%progbits
 2260              		.align	2
 2261              		.global	CySysTickSetReload
 2262              		.code	16
 2263              		.thumb_func
ARM GAS  C:\Users\taips\AppData\Local\Temp\ccbT16OQ.s 			page 89


 2264              		.type	CySysTickSetReload, %function
 2265              	CySysTickSetReload:
 2266              	.LFB36:
2740:C:\Program Files (x86)\Cypress\PSoC Creator\4.4\PSoC Creator\1\CapSense_CSD_P4_Design01.cydsn\Generated_Source\PSoC4\CyLib.c **** 
2741:C:\Program Files (x86)\Cypress\PSoC Creator\4.4\PSoC Creator\1\CapSense_CSD_P4_Design01.cydsn\Generated_Source\PSoC4\CyLib.c **** 
2742:C:\Program Files (x86)\Cypress\PSoC Creator\4.4\PSoC Creator\1\CapSense_CSD_P4_Design01.cydsn\Generated_Source\PSoC4\CyLib.c **** /*******************************************************************************
2743:C:\Program Files (x86)\Cypress\PSoC Creator\4.4\PSoC Creator\1\CapSense_CSD_P4_Design01.cydsn\Generated_Source\PSoC4\CyLib.c **** * Function Name: CySysTickSetReload
2744:C:\Program Files (x86)\Cypress\PSoC Creator\4.4\PSoC Creator\1\CapSense_CSD_P4_Design01.cydsn\Generated_Source\PSoC4\CyLib.c **** ****************************************************************************//**
2745:C:\Program Files (x86)\Cypress\PSoC Creator\4.4\PSoC Creator\1\CapSense_CSD_P4_Design01.cydsn\Generated_Source\PSoC4\CyLib.c **** *
2746:C:\Program Files (x86)\Cypress\PSoC Creator\4.4\PSoC Creator\1\CapSense_CSD_P4_Design01.cydsn\Generated_Source\PSoC4\CyLib.c **** *  Sets value the counter is set to on startup and after it reaches zero. This
2747:C:\Program Files (x86)\Cypress\PSoC Creator\4.4\PSoC Creator\1\CapSense_CSD_P4_Design01.cydsn\Generated_Source\PSoC4\CyLib.c **** *  function do not change or reset current sysTick counter value, so it should
2748:C:\Program Files (x86)\Cypress\PSoC Creator\4.4\PSoC Creator\1\CapSense_CSD_P4_Design01.cydsn\Generated_Source\PSoC4\CyLib.c **** *  be cleared using CySysTickClear() API.
2749:C:\Program Files (x86)\Cypress\PSoC Creator\4.4\PSoC Creator\1\CapSense_CSD_P4_Design01.cydsn\Generated_Source\PSoC4\CyLib.c **** *
2750:C:\Program Files (x86)\Cypress\PSoC Creator\4.4\PSoC Creator\1\CapSense_CSD_P4_Design01.cydsn\Generated_Source\PSoC4\CyLib.c **** *  \param value: Valid range [0x0-0x00FFFFFF]. Counter reset value
2751:C:\Program Files (x86)\Cypress\PSoC Creator\4.4\PSoC Creator\1\CapSense_CSD_P4_Design01.cydsn\Generated_Source\PSoC4\CyLib.c **** *
2752:C:\Program Files (x86)\Cypress\PSoC Creator\4.4\PSoC Creator\1\CapSense_CSD_P4_Design01.cydsn\Generated_Source\PSoC4\CyLib.c **** *******************************************************************************/
2753:C:\Program Files (x86)\Cypress\PSoC Creator\4.4\PSoC Creator\1\CapSense_CSD_P4_Design01.cydsn\Generated_Source\PSoC4\CyLib.c **** void CySysTickSetReload(uint32 value)
2754:C:\Program Files (x86)\Cypress\PSoC Creator\4.4\PSoC Creator\1\CapSense_CSD_P4_Design01.cydsn\Generated_Source\PSoC4\CyLib.c **** {
 2267              		.loc 1 2754 0
 2268              		.cfi_startproc
 2269              		@ args = 0, pretend = 0, frame = 8
 2270              		@ frame_needed = 1, uses_anonymous_args = 0
 2271 0000 80B5     		push	{r7, lr}
 2272              		.cfi_def_cfa_offset 8
 2273              		.cfi_offset 7, -8
 2274              		.cfi_offset 14, -4
 2275 0002 82B0     		sub	sp, sp, #8
 2276              		.cfi_def_cfa_offset 16
 2277 0004 00AF     		add	r7, sp, #0
 2278              		.cfi_def_cfa_register 7
 2279 0006 7860     		str	r0, [r7, #4]
2755:C:\Program Files (x86)\Cypress\PSoC Creator\4.4\PSoC Creator\1\CapSense_CSD_P4_Design01.cydsn\Generated_Source\PSoC4\CyLib.c ****     CY_SYS_SYST_RVR_REG = (value & CY_SYS_SYST_RVR_CNT_MASK);
 2280              		.loc 1 2755 0
 2281 0008 044B     		ldr	r3, .L138
 2282 000a 7A68     		ldr	r2, [r7, #4]
 2283 000c 1202     		lsls	r2, r2, #8
 2284 000e 120A     		lsrs	r2, r2, #8
 2285 0010 1A60     		str	r2, [r3]
2756:C:\Program Files (x86)\Cypress\PSoC Creator\4.4\PSoC Creator\1\CapSense_CSD_P4_Design01.cydsn\Generated_Source\PSoC4\CyLib.c **** }
 2286              		.loc 1 2756 0
 2287 0012 C046     		nop
 2288 0014 BD46     		mov	sp, r7
 2289 0016 02B0     		add	sp, sp, #8
 2290              		@ sp needed
 2291 0018 80BD     		pop	{r7, pc}
 2292              	.L139:
 2293 001a C046     		.align	2
 2294              	.L138:
 2295 001c 14E000E0 		.word	-536813548
 2296              		.cfi_endproc
 2297              	.LFE36:
 2298              		.size	CySysTickSetReload, .-CySysTickSetReload
 2299              		.section	.text.CySysTickGetReload,"ax",%progbits
 2300              		.align	2
 2301              		.global	CySysTickGetReload
 2302              		.code	16
 2303              		.thumb_func
ARM GAS  C:\Users\taips\AppData\Local\Temp\ccbT16OQ.s 			page 90


 2304              		.type	CySysTickGetReload, %function
 2305              	CySysTickGetReload:
 2306              	.LFB37:
2757:C:\Program Files (x86)\Cypress\PSoC Creator\4.4\PSoC Creator\1\CapSense_CSD_P4_Design01.cydsn\Generated_Source\PSoC4\CyLib.c **** 
2758:C:\Program Files (x86)\Cypress\PSoC Creator\4.4\PSoC Creator\1\CapSense_CSD_P4_Design01.cydsn\Generated_Source\PSoC4\CyLib.c **** 
2759:C:\Program Files (x86)\Cypress\PSoC Creator\4.4\PSoC Creator\1\CapSense_CSD_P4_Design01.cydsn\Generated_Source\PSoC4\CyLib.c **** /*******************************************************************************
2760:C:\Program Files (x86)\Cypress\PSoC Creator\4.4\PSoC Creator\1\CapSense_CSD_P4_Design01.cydsn\Generated_Source\PSoC4\CyLib.c **** * Function Name: CySysTickGetReload
2761:C:\Program Files (x86)\Cypress\PSoC Creator\4.4\PSoC Creator\1\CapSense_CSD_P4_Design01.cydsn\Generated_Source\PSoC4\CyLib.c **** ****************************************************************************//**
2762:C:\Program Files (x86)\Cypress\PSoC Creator\4.4\PSoC Creator\1\CapSense_CSD_P4_Design01.cydsn\Generated_Source\PSoC4\CyLib.c **** *
2763:C:\Program Files (x86)\Cypress\PSoC Creator\4.4\PSoC Creator\1\CapSense_CSD_P4_Design01.cydsn\Generated_Source\PSoC4\CyLib.c **** *  Gets value the counter is set to on startup and after it reaches zero.
2764:C:\Program Files (x86)\Cypress\PSoC Creator\4.4\PSoC Creator\1\CapSense_CSD_P4_Design01.cydsn\Generated_Source\PSoC4\CyLib.c **** *
2765:C:\Program Files (x86)\Cypress\PSoC Creator\4.4\PSoC Creator\1\CapSense_CSD_P4_Design01.cydsn\Generated_Source\PSoC4\CyLib.c **** * \return
2766:C:\Program Files (x86)\Cypress\PSoC Creator\4.4\PSoC Creator\1\CapSense_CSD_P4_Design01.cydsn\Generated_Source\PSoC4\CyLib.c **** *  Counter reset value.
2767:C:\Program Files (x86)\Cypress\PSoC Creator\4.4\PSoC Creator\1\CapSense_CSD_P4_Design01.cydsn\Generated_Source\PSoC4\CyLib.c **** *
2768:C:\Program Files (x86)\Cypress\PSoC Creator\4.4\PSoC Creator\1\CapSense_CSD_P4_Design01.cydsn\Generated_Source\PSoC4\CyLib.c **** *******************************************************************************/
2769:C:\Program Files (x86)\Cypress\PSoC Creator\4.4\PSoC Creator\1\CapSense_CSD_P4_Design01.cydsn\Generated_Source\PSoC4\CyLib.c **** uint32 CySysTickGetReload(void)
2770:C:\Program Files (x86)\Cypress\PSoC Creator\4.4\PSoC Creator\1\CapSense_CSD_P4_Design01.cydsn\Generated_Source\PSoC4\CyLib.c **** {
 2307              		.loc 1 2770 0
 2308              		.cfi_startproc
 2309              		@ args = 0, pretend = 0, frame = 0
 2310              		@ frame_needed = 1, uses_anonymous_args = 0
 2311 0000 80B5     		push	{r7, lr}
 2312              		.cfi_def_cfa_offset 8
 2313              		.cfi_offset 7, -8
 2314              		.cfi_offset 14, -4
 2315 0002 00AF     		add	r7, sp, #0
 2316              		.cfi_def_cfa_register 7
2771:C:\Program Files (x86)\Cypress\PSoC Creator\4.4\PSoC Creator\1\CapSense_CSD_P4_Design01.cydsn\Generated_Source\PSoC4\CyLib.c ****     return(CY_SYS_SYST_RVR_REG & CY_SYS_SYST_RVR_CNT_MASK);
 2317              		.loc 1 2771 0
 2318 0004 034B     		ldr	r3, .L142
 2319 0006 1B68     		ldr	r3, [r3]
 2320 0008 1B02     		lsls	r3, r3, #8
 2321 000a 1B0A     		lsrs	r3, r3, #8
2772:C:\Program Files (x86)\Cypress\PSoC Creator\4.4\PSoC Creator\1\CapSense_CSD_P4_Design01.cydsn\Generated_Source\PSoC4\CyLib.c **** }
 2322              		.loc 1 2772 0
 2323 000c 1800     		movs	r0, r3
 2324 000e BD46     		mov	sp, r7
 2325              		@ sp needed
 2326 0010 80BD     		pop	{r7, pc}
 2327              	.L143:
 2328 0012 C046     		.align	2
 2329              	.L142:
 2330 0014 14E000E0 		.word	-536813548
 2331              		.cfi_endproc
 2332              	.LFE37:
 2333              		.size	CySysTickGetReload, .-CySysTickGetReload
 2334              		.section	.text.CySysTickGetValue,"ax",%progbits
 2335              		.align	2
 2336              		.global	CySysTickGetValue
 2337              		.code	16
 2338              		.thumb_func
 2339              		.type	CySysTickGetValue, %function
 2340              	CySysTickGetValue:
 2341              	.LFB38:
2773:C:\Program Files (x86)\Cypress\PSoC Creator\4.4\PSoC Creator\1\CapSense_CSD_P4_Design01.cydsn\Generated_Source\PSoC4\CyLib.c **** 
2774:C:\Program Files (x86)\Cypress\PSoC Creator\4.4\PSoC Creator\1\CapSense_CSD_P4_Design01.cydsn\Generated_Source\PSoC4\CyLib.c **** 
2775:C:\Program Files (x86)\Cypress\PSoC Creator\4.4\PSoC Creator\1\CapSense_CSD_P4_Design01.cydsn\Generated_Source\PSoC4\CyLib.c **** /*******************************************************************************
ARM GAS  C:\Users\taips\AppData\Local\Temp\ccbT16OQ.s 			page 91


2776:C:\Program Files (x86)\Cypress\PSoC Creator\4.4\PSoC Creator\1\CapSense_CSD_P4_Design01.cydsn\Generated_Source\PSoC4\CyLib.c **** * Function Name: CySysTickGetValue
2777:C:\Program Files (x86)\Cypress\PSoC Creator\4.4\PSoC Creator\1\CapSense_CSD_P4_Design01.cydsn\Generated_Source\PSoC4\CyLib.c **** ****************************************************************************//**
2778:C:\Program Files (x86)\Cypress\PSoC Creator\4.4\PSoC Creator\1\CapSense_CSD_P4_Design01.cydsn\Generated_Source\PSoC4\CyLib.c **** *
2779:C:\Program Files (x86)\Cypress\PSoC Creator\4.4\PSoC Creator\1\CapSense_CSD_P4_Design01.cydsn\Generated_Source\PSoC4\CyLib.c **** *  Gets current SysTick counter value.
2780:C:\Program Files (x86)\Cypress\PSoC Creator\4.4\PSoC Creator\1\CapSense_CSD_P4_Design01.cydsn\Generated_Source\PSoC4\CyLib.c **** *
2781:C:\Program Files (x86)\Cypress\PSoC Creator\4.4\PSoC Creator\1\CapSense_CSD_P4_Design01.cydsn\Generated_Source\PSoC4\CyLib.c **** * \return
2782:C:\Program Files (x86)\Cypress\PSoC Creator\4.4\PSoC Creator\1\CapSense_CSD_P4_Design01.cydsn\Generated_Source\PSoC4\CyLib.c **** *  Current SysTick counter value
2783:C:\Program Files (x86)\Cypress\PSoC Creator\4.4\PSoC Creator\1\CapSense_CSD_P4_Design01.cydsn\Generated_Source\PSoC4\CyLib.c **** *
2784:C:\Program Files (x86)\Cypress\PSoC Creator\4.4\PSoC Creator\1\CapSense_CSD_P4_Design01.cydsn\Generated_Source\PSoC4\CyLib.c **** *******************************************************************************/
2785:C:\Program Files (x86)\Cypress\PSoC Creator\4.4\PSoC Creator\1\CapSense_CSD_P4_Design01.cydsn\Generated_Source\PSoC4\CyLib.c **** uint32 CySysTickGetValue(void)
2786:C:\Program Files (x86)\Cypress\PSoC Creator\4.4\PSoC Creator\1\CapSense_CSD_P4_Design01.cydsn\Generated_Source\PSoC4\CyLib.c **** {
 2342              		.loc 1 2786 0
 2343              		.cfi_startproc
 2344              		@ args = 0, pretend = 0, frame = 0
 2345              		@ frame_needed = 1, uses_anonymous_args = 0
 2346 0000 80B5     		push	{r7, lr}
 2347              		.cfi_def_cfa_offset 8
 2348              		.cfi_offset 7, -8
 2349              		.cfi_offset 14, -4
 2350 0002 00AF     		add	r7, sp, #0
 2351              		.cfi_def_cfa_register 7
2787:C:\Program Files (x86)\Cypress\PSoC Creator\4.4\PSoC Creator\1\CapSense_CSD_P4_Design01.cydsn\Generated_Source\PSoC4\CyLib.c ****     return(CY_SYS_SYST_CVR_REG & CY_SYS_SYST_CVR_CNT_MASK);
 2352              		.loc 1 2787 0
 2353 0004 034B     		ldr	r3, .L146
 2354 0006 1B68     		ldr	r3, [r3]
 2355 0008 1B02     		lsls	r3, r3, #8
 2356 000a 1B0A     		lsrs	r3, r3, #8
2788:C:\Program Files (x86)\Cypress\PSoC Creator\4.4\PSoC Creator\1\CapSense_CSD_P4_Design01.cydsn\Generated_Source\PSoC4\CyLib.c **** }
 2357              		.loc 1 2788 0
 2358 000c 1800     		movs	r0, r3
 2359 000e BD46     		mov	sp, r7
 2360              		@ sp needed
 2361 0010 80BD     		pop	{r7, pc}
 2362              	.L147:
 2363 0012 C046     		.align	2
 2364              	.L146:
 2365 0014 18E000E0 		.word	-536813544
 2366              		.cfi_endproc
 2367              	.LFE38:
 2368              		.size	CySysTickGetValue, .-CySysTickGetValue
 2369              		.section	.text.CySysTickGetCountFlag,"ax",%progbits
 2370              		.align	2
 2371              		.global	CySysTickGetCountFlag
 2372              		.code	16
 2373              		.thumb_func
 2374              		.type	CySysTickGetCountFlag, %function
 2375              	CySysTickGetCountFlag:
 2376              	.LFB39:
2789:C:\Program Files (x86)\Cypress\PSoC Creator\4.4\PSoC Creator\1\CapSense_CSD_P4_Design01.cydsn\Generated_Source\PSoC4\CyLib.c **** 
2790:C:\Program Files (x86)\Cypress\PSoC Creator\4.4\PSoC Creator\1\CapSense_CSD_P4_Design01.cydsn\Generated_Source\PSoC4\CyLib.c **** 
2791:C:\Program Files (x86)\Cypress\PSoC Creator\4.4\PSoC Creator\1\CapSense_CSD_P4_Design01.cydsn\Generated_Source\PSoC4\CyLib.c **** #if(CY_SYSTICK_LFCLK_SOURCE)
2792:C:\Program Files (x86)\Cypress\PSoC Creator\4.4\PSoC Creator\1\CapSense_CSD_P4_Design01.cydsn\Generated_Source\PSoC4\CyLib.c ****     /*******************************************************************************
2793:C:\Program Files (x86)\Cypress\PSoC Creator\4.4\PSoC Creator\1\CapSense_CSD_P4_Design01.cydsn\Generated_Source\PSoC4\CyLib.c ****     * Function Name: CySysTickSetClockSource
2794:C:\Program Files (x86)\Cypress\PSoC Creator\4.4\PSoC Creator\1\CapSense_CSD_P4_Design01.cydsn\Generated_Source\PSoC4\CyLib.c ****     ****************************************************************************//**
2795:C:\Program Files (x86)\Cypress\PSoC Creator\4.4\PSoC Creator\1\CapSense_CSD_P4_Design01.cydsn\Generated_Source\PSoC4\CyLib.c ****     *
2796:C:\Program Files (x86)\Cypress\PSoC Creator\4.4\PSoC Creator\1\CapSense_CSD_P4_Design01.cydsn\Generated_Source\PSoC4\CyLib.c ****     *  Sets the clock source for the SysTick counter.
2797:C:\Program Files (x86)\Cypress\PSoC Creator\4.4\PSoC Creator\1\CapSense_CSD_P4_Design01.cydsn\Generated_Source\PSoC4\CyLib.c ****     *
ARM GAS  C:\Users\taips\AppData\Local\Temp\ccbT16OQ.s 			page 92


2798:C:\Program Files (x86)\Cypress\PSoC Creator\4.4\PSoC Creator\1\CapSense_CSD_P4_Design01.cydsn\Generated_Source\PSoC4\CyLib.c ****     *  Clears SysTick count flag if it was set. If clock source is not ready this
2799:C:\Program Files (x86)\Cypress\PSoC Creator\4.4\PSoC Creator\1\CapSense_CSD_P4_Design01.cydsn\Generated_Source\PSoC4\CyLib.c ****     *  function call will have no effect. After changing clock source to the low
2800:C:\Program Files (x86)\Cypress\PSoC Creator\4.4\PSoC Creator\1\CapSense_CSD_P4_Design01.cydsn\Generated_Source\PSoC4\CyLib.c ****     *  frequency clock the counter and reload register values will remain unchanged
2801:C:\Program Files (x86)\Cypress\PSoC Creator\4.4\PSoC Creator\1\CapSense_CSD_P4_Design01.cydsn\Generated_Source\PSoC4\CyLib.c ****     *  so time to the interrupt will be significantly longer and vice versa.
2802:C:\Program Files (x86)\Cypress\PSoC Creator\4.4\PSoC Creator\1\CapSense_CSD_P4_Design01.cydsn\Generated_Source\PSoC4\CyLib.c ****     *
2803:C:\Program Files (x86)\Cypress\PSoC Creator\4.4\PSoC Creator\1\CapSense_CSD_P4_Design01.cydsn\Generated_Source\PSoC4\CyLib.c ****     *  The changing of SysTick clock source and\or its frequency will change 
2804:C:\Program Files (x86)\Cypress\PSoC Creator\4.4\PSoC Creator\1\CapSense_CSD_P4_Design01.cydsn\Generated_Source\PSoC4\CyLib.c ****     *  the interrupt interval and that CySysTickSetReload() should be 
2805:C:\Program Files (x86)\Cypress\PSoC Creator\4.4\PSoC Creator\1\CapSense_CSD_P4_Design01.cydsn\Generated_Source\PSoC4\CyLib.c ****     *  called to compensate this change.    
2806:C:\Program Files (x86)\Cypress\PSoC Creator\4.4\PSoC Creator\1\CapSense_CSD_P4_Design01.cydsn\Generated_Source\PSoC4\CyLib.c ****     *
2807:C:\Program Files (x86)\Cypress\PSoC Creator\4.4\PSoC Creator\1\CapSense_CSD_P4_Design01.cydsn\Generated_Source\PSoC4\CyLib.c ****     *  The function is not available on PSoC 4000, PSoC 4100, and PSoC 42000
2808:C:\Program Files (x86)\Cypress\PSoC Creator\4.4\PSoC Creator\1\CapSense_CSD_P4_Design01.cydsn\Generated_Source\PSoC4\CyLib.c ****     *  devices. The SysTick timer clocked by the System clock on these devices.
2809:C:\Program Files (x86)\Cypress\PSoC Creator\4.4\PSoC Creator\1\CapSense_CSD_P4_Design01.cydsn\Generated_Source\PSoC4\CyLib.c ****     *
2810:C:\Program Files (x86)\Cypress\PSoC Creator\4.4\PSoC Creator\1\CapSense_CSD_P4_Design01.cydsn\Generated_Source\PSoC4\CyLib.c ****     *  \param clockSource Clock source for SysTick counter
2811:C:\Program Files (x86)\Cypress\PSoC Creator\4.4\PSoC Creator\1\CapSense_CSD_P4_Design01.cydsn\Generated_Source\PSoC4\CyLib.c ****     *         Define                     Clock Source
2812:C:\Program Files (x86)\Cypress\PSoC Creator\4.4\PSoC Creator\1\CapSense_CSD_P4_Design01.cydsn\Generated_Source\PSoC4\CyLib.c ****     *   CY_SYS_SYST_CSR_CLK_SRC_SYSCLK     SysTick is clocked by the CPU clock.
2813:C:\Program Files (x86)\Cypress\PSoC Creator\4.4\PSoC Creator\1\CapSense_CSD_P4_Design01.cydsn\Generated_Source\PSoC4\CyLib.c ****     *   CY_SYS_SYST_CSR_CLK_SRC_LFCLK      SysTick is clocked by the low frequency
2814:C:\Program Files (x86)\Cypress\PSoC Creator\4.4\PSoC Creator\1\CapSense_CSD_P4_Design01.cydsn\Generated_Source\PSoC4\CyLib.c ****     *                                      clock. (ILO 100 KHz for PSoC 5LP, and
2815:C:\Program Files (x86)\Cypress\PSoC Creator\4.4\PSoC Creator\1\CapSense_CSD_P4_Design01.cydsn\Generated_Source\PSoC4\CyLib.c ****     *                                      LFCLK for PSoC 4).
2816:C:\Program Files (x86)\Cypress\PSoC Creator\4.4\PSoC Creator\1\CapSense_CSD_P4_Design01.cydsn\Generated_Source\PSoC4\CyLib.c ****     *******************************************************************************/
2817:C:\Program Files (x86)\Cypress\PSoC Creator\4.4\PSoC Creator\1\CapSense_CSD_P4_Design01.cydsn\Generated_Source\PSoC4\CyLib.c ****     void CySysTickSetClockSource(uint32 clockSource)
2818:C:\Program Files (x86)\Cypress\PSoC Creator\4.4\PSoC Creator\1\CapSense_CSD_P4_Design01.cydsn\Generated_Source\PSoC4\CyLib.c ****     {
2819:C:\Program Files (x86)\Cypress\PSoC Creator\4.4\PSoC Creator\1\CapSense_CSD_P4_Design01.cydsn\Generated_Source\PSoC4\CyLib.c ****         if (clockSource == CY_SYS_SYST_CSR_CLK_SRC_SYSCLK)
2820:C:\Program Files (x86)\Cypress\PSoC Creator\4.4\PSoC Creator\1\CapSense_CSD_P4_Design01.cydsn\Generated_Source\PSoC4\CyLib.c ****         {
2821:C:\Program Files (x86)\Cypress\PSoC Creator\4.4\PSoC Creator\1\CapSense_CSD_P4_Design01.cydsn\Generated_Source\PSoC4\CyLib.c ****             CY_SYS_SYST_CSR_REG |= (uint32)(CY_SYS_SYST_CSR_CLK_SRC_SYSCLK << CY_SYS_SYST_CSR_CLK_S
2822:C:\Program Files (x86)\Cypress\PSoC Creator\4.4\PSoC Creator\1\CapSense_CSD_P4_Design01.cydsn\Generated_Source\PSoC4\CyLib.c ****         }
2823:C:\Program Files (x86)\Cypress\PSoC Creator\4.4\PSoC Creator\1\CapSense_CSD_P4_Design01.cydsn\Generated_Source\PSoC4\CyLib.c ****         else
2824:C:\Program Files (x86)\Cypress\PSoC Creator\4.4\PSoC Creator\1\CapSense_CSD_P4_Design01.cydsn\Generated_Source\PSoC4\CyLib.c ****         {
2825:C:\Program Files (x86)\Cypress\PSoC Creator\4.4\PSoC Creator\1\CapSense_CSD_P4_Design01.cydsn\Generated_Source\PSoC4\CyLib.c ****             CY_SYS_SYST_CSR_REG &= ((uint32) ~((uint32)(CY_SYS_SYST_CSR_CLK_SRC_SYSCLK << CY_SYS_SY
2826:C:\Program Files (x86)\Cypress\PSoC Creator\4.4\PSoC Creator\1\CapSense_CSD_P4_Design01.cydsn\Generated_Source\PSoC4\CyLib.c ****         }
2827:C:\Program Files (x86)\Cypress\PSoC Creator\4.4\PSoC Creator\1\CapSense_CSD_P4_Design01.cydsn\Generated_Source\PSoC4\CyLib.c ****     }
2828:C:\Program Files (x86)\Cypress\PSoC Creator\4.4\PSoC Creator\1\CapSense_CSD_P4_Design01.cydsn\Generated_Source\PSoC4\CyLib.c **** 
2829:C:\Program Files (x86)\Cypress\PSoC Creator\4.4\PSoC Creator\1\CapSense_CSD_P4_Design01.cydsn\Generated_Source\PSoC4\CyLib.c ****     
2830:C:\Program Files (x86)\Cypress\PSoC Creator\4.4\PSoC Creator\1\CapSense_CSD_P4_Design01.cydsn\Generated_Source\PSoC4\CyLib.c ****     /*******************************************************************************
2831:C:\Program Files (x86)\Cypress\PSoC Creator\4.4\PSoC Creator\1\CapSense_CSD_P4_Design01.cydsn\Generated_Source\PSoC4\CyLib.c ****     * Function Name: CySysTickGetClockSource
2832:C:\Program Files (x86)\Cypress\PSoC Creator\4.4\PSoC Creator\1\CapSense_CSD_P4_Design01.cydsn\Generated_Source\PSoC4\CyLib.c ****     ****************************************************************************//**
2833:C:\Program Files (x86)\Cypress\PSoC Creator\4.4\PSoC Creator\1\CapSense_CSD_P4_Design01.cydsn\Generated_Source\PSoC4\CyLib.c ****     *
2834:C:\Program Files (x86)\Cypress\PSoC Creator\4.4\PSoC Creator\1\CapSense_CSD_P4_Design01.cydsn\Generated_Source\PSoC4\CyLib.c ****     *  Returns the current clock source of the SysTick counter.
2835:C:\Program Files (x86)\Cypress\PSoC Creator\4.4\PSoC Creator\1\CapSense_CSD_P4_Design01.cydsn\Generated_Source\PSoC4\CyLib.c ****     *
2836:C:\Program Files (x86)\Cypress\PSoC Creator\4.4\PSoC Creator\1\CapSense_CSD_P4_Design01.cydsn\Generated_Source\PSoC4\CyLib.c ****     *  \return 
2837:C:\Program Files (x86)\Cypress\PSoC Creator\4.4\PSoC Creator\1\CapSense_CSD_P4_Design01.cydsn\Generated_Source\PSoC4\CyLib.c ****     *   CY_SYS_SYST_CSR_CLK_SRC_SYSCLK     SysTick is clocked by CPU clock.
2838:C:\Program Files (x86)\Cypress\PSoC Creator\4.4\PSoC Creator\1\CapSense_CSD_P4_Design01.cydsn\Generated_Source\PSoC4\CyLib.c ****     *   CY_SYS_SYST_CSR_CLK_SRC_LFCLK      SysTick is clocked by the low frequency
2839:C:\Program Files (x86)\Cypress\PSoC Creator\4.4\PSoC Creator\1\CapSense_CSD_P4_Design01.cydsn\Generated_Source\PSoC4\CyLib.c ****     *                                      clock. (ILO 100 KHz for PSoC 5LP, and
2840:C:\Program Files (x86)\Cypress\PSoC Creator\4.4\PSoC Creator\1\CapSense_CSD_P4_Design01.cydsn\Generated_Source\PSoC4\CyLib.c ****     *                                      LFCLK for PSoC 4).
2841:C:\Program Files (x86)\Cypress\PSoC Creator\4.4\PSoC Creator\1\CapSense_CSD_P4_Design01.cydsn\Generated_Source\PSoC4\CyLib.c ****     *******************************************************************************/
2842:C:\Program Files (x86)\Cypress\PSoC Creator\4.4\PSoC Creator\1\CapSense_CSD_P4_Design01.cydsn\Generated_Source\PSoC4\CyLib.c ****     uint32 CySysTickGetClockSource(void)
2843:C:\Program Files (x86)\Cypress\PSoC Creator\4.4\PSoC Creator\1\CapSense_CSD_P4_Design01.cydsn\Generated_Source\PSoC4\CyLib.c ****     {
2844:C:\Program Files (x86)\Cypress\PSoC Creator\4.4\PSoC Creator\1\CapSense_CSD_P4_Design01.cydsn\Generated_Source\PSoC4\CyLib.c ****         return ((CY_SYS_SYST_CSR_REG >> CY_SYS_SYST_CSR_CLK_SOURCE_SHIFT) & CY_SYS_SYST_CSR_CLK_SRC
2845:C:\Program Files (x86)\Cypress\PSoC Creator\4.4\PSoC Creator\1\CapSense_CSD_P4_Design01.cydsn\Generated_Source\PSoC4\CyLib.c ****     }
2846:C:\Program Files (x86)\Cypress\PSoC Creator\4.4\PSoC Creator\1\CapSense_CSD_P4_Design01.cydsn\Generated_Source\PSoC4\CyLib.c ****     
2847:C:\Program Files (x86)\Cypress\PSoC Creator\4.4\PSoC Creator\1\CapSense_CSD_P4_Design01.cydsn\Generated_Source\PSoC4\CyLib.c **** #endif /* (CY_SYSTICK_LFCLK_SOURCE) */
2848:C:\Program Files (x86)\Cypress\PSoC Creator\4.4\PSoC Creator\1\CapSense_CSD_P4_Design01.cydsn\Generated_Source\PSoC4\CyLib.c **** 
2849:C:\Program Files (x86)\Cypress\PSoC Creator\4.4\PSoC Creator\1\CapSense_CSD_P4_Design01.cydsn\Generated_Source\PSoC4\CyLib.c **** 
2850:C:\Program Files (x86)\Cypress\PSoC Creator\4.4\PSoC Creator\1\CapSense_CSD_P4_Design01.cydsn\Generated_Source\PSoC4\CyLib.c **** /*******************************************************************************
2851:C:\Program Files (x86)\Cypress\PSoC Creator\4.4\PSoC Creator\1\CapSense_CSD_P4_Design01.cydsn\Generated_Source\PSoC4\CyLib.c **** * Function Name: CySysTickGetCountFlag
2852:C:\Program Files (x86)\Cypress\PSoC Creator\4.4\PSoC Creator\1\CapSense_CSD_P4_Design01.cydsn\Generated_Source\PSoC4\CyLib.c **** ****************************************************************************//**
2853:C:\Program Files (x86)\Cypress\PSoC Creator\4.4\PSoC Creator\1\CapSense_CSD_P4_Design01.cydsn\Generated_Source\PSoC4\CyLib.c **** *
2854:C:\Program Files (x86)\Cypress\PSoC Creator\4.4\PSoC Creator\1\CapSense_CSD_P4_Design01.cydsn\Generated_Source\PSoC4\CyLib.c **** *  The count flag is set once SysTick counter reaches zero.
ARM GAS  C:\Users\taips\AppData\Local\Temp\ccbT16OQ.s 			page 93


2855:C:\Program Files (x86)\Cypress\PSoC Creator\4.4\PSoC Creator\1\CapSense_CSD_P4_Design01.cydsn\Generated_Source\PSoC4\CyLib.c **** *  The flag cleared on read.
2856:C:\Program Files (x86)\Cypress\PSoC Creator\4.4\PSoC Creator\1\CapSense_CSD_P4_Design01.cydsn\Generated_Source\PSoC4\CyLib.c **** *
2857:C:\Program Files (x86)\Cypress\PSoC Creator\4.4\PSoC Creator\1\CapSense_CSD_P4_Design01.cydsn\Generated_Source\PSoC4\CyLib.c **** * \return
2858:C:\Program Files (x86)\Cypress\PSoC Creator\4.4\PSoC Creator\1\CapSense_CSD_P4_Design01.cydsn\Generated_Source\PSoC4\CyLib.c ****     *  Returns non-zero value if flag is set, otherwise zero is returned.
2859:C:\Program Files (x86)\Cypress\PSoC Creator\4.4\PSoC Creator\1\CapSense_CSD_P4_Design01.cydsn\Generated_Source\PSoC4\CyLib.c **** *
2860:C:\Program Files (x86)\Cypress\PSoC Creator\4.4\PSoC Creator\1\CapSense_CSD_P4_Design01.cydsn\Generated_Source\PSoC4\CyLib.c **** *
2861:C:\Program Files (x86)\Cypress\PSoC Creator\4.4\PSoC Creator\1\CapSense_CSD_P4_Design01.cydsn\Generated_Source\PSoC4\CyLib.c **** * \sideeffect
2862:C:\Program Files (x86)\Cypress\PSoC Creator\4.4\PSoC Creator\1\CapSense_CSD_P4_Design01.cydsn\Generated_Source\PSoC4\CyLib.c **** *  Clears SysTick count flag if it was set.
2863:C:\Program Files (x86)\Cypress\PSoC Creator\4.4\PSoC Creator\1\CapSense_CSD_P4_Design01.cydsn\Generated_Source\PSoC4\CyLib.c **** *
2864:C:\Program Files (x86)\Cypress\PSoC Creator\4.4\PSoC Creator\1\CapSense_CSD_P4_Design01.cydsn\Generated_Source\PSoC4\CyLib.c **** *******************************************************************************/
2865:C:\Program Files (x86)\Cypress\PSoC Creator\4.4\PSoC Creator\1\CapSense_CSD_P4_Design01.cydsn\Generated_Source\PSoC4\CyLib.c **** uint32 CySysTickGetCountFlag(void)
2866:C:\Program Files (x86)\Cypress\PSoC Creator\4.4\PSoC Creator\1\CapSense_CSD_P4_Design01.cydsn\Generated_Source\PSoC4\CyLib.c **** {
 2377              		.loc 1 2866 0
 2378              		.cfi_startproc
 2379              		@ args = 0, pretend = 0, frame = 0
 2380              		@ frame_needed = 1, uses_anonymous_args = 0
 2381 0000 80B5     		push	{r7, lr}
 2382              		.cfi_def_cfa_offset 8
 2383              		.cfi_offset 7, -8
 2384              		.cfi_offset 14, -4
 2385 0002 00AF     		add	r7, sp, #0
 2386              		.cfi_def_cfa_register 7
2867:C:\Program Files (x86)\Cypress\PSoC Creator\4.4\PSoC Creator\1\CapSense_CSD_P4_Design01.cydsn\Generated_Source\PSoC4\CyLib.c ****     return ((CY_SYS_SYST_CSR_REG >> CY_SYS_SYST_CSR_COUNTFLAG_SHIFT) & 0x01u);
 2387              		.loc 1 2867 0
 2388 0004 034B     		ldr	r3, .L150
 2389 0006 1B68     		ldr	r3, [r3]
 2390 0008 1B0C     		lsrs	r3, r3, #16
 2391 000a 0122     		movs	r2, #1
 2392 000c 1340     		ands	r3, r2
2868:C:\Program Files (x86)\Cypress\PSoC Creator\4.4\PSoC Creator\1\CapSense_CSD_P4_Design01.cydsn\Generated_Source\PSoC4\CyLib.c **** }
 2393              		.loc 1 2868 0
 2394 000e 1800     		movs	r0, r3
 2395 0010 BD46     		mov	sp, r7
 2396              		@ sp needed
 2397 0012 80BD     		pop	{r7, pc}
 2398              	.L151:
 2399              		.align	2
 2400              	.L150:
 2401 0014 10E000E0 		.word	-536813552
 2402              		.cfi_endproc
 2403              	.LFE39:
 2404              		.size	CySysTickGetCountFlag, .-CySysTickGetCountFlag
 2405              		.section	.text.CySysTickClear,"ax",%progbits
 2406              		.align	2
 2407              		.global	CySysTickClear
 2408              		.code	16
 2409              		.thumb_func
 2410              		.type	CySysTickClear, %function
 2411              	CySysTickClear:
 2412              	.LFB40:
2869:C:\Program Files (x86)\Cypress\PSoC Creator\4.4\PSoC Creator\1\CapSense_CSD_P4_Design01.cydsn\Generated_Source\PSoC4\CyLib.c **** 
2870:C:\Program Files (x86)\Cypress\PSoC Creator\4.4\PSoC Creator\1\CapSense_CSD_P4_Design01.cydsn\Generated_Source\PSoC4\CyLib.c **** 
2871:C:\Program Files (x86)\Cypress\PSoC Creator\4.4\PSoC Creator\1\CapSense_CSD_P4_Design01.cydsn\Generated_Source\PSoC4\CyLib.c **** /*******************************************************************************
2872:C:\Program Files (x86)\Cypress\PSoC Creator\4.4\PSoC Creator\1\CapSense_CSD_P4_Design01.cydsn\Generated_Source\PSoC4\CyLib.c **** * Function Name: CySysTickClear
2873:C:\Program Files (x86)\Cypress\PSoC Creator\4.4\PSoC Creator\1\CapSense_CSD_P4_Design01.cydsn\Generated_Source\PSoC4\CyLib.c **** ****************************************************************************//**
2874:C:\Program Files (x86)\Cypress\PSoC Creator\4.4\PSoC Creator\1\CapSense_CSD_P4_Design01.cydsn\Generated_Source\PSoC4\CyLib.c **** *
2875:C:\Program Files (x86)\Cypress\PSoC Creator\4.4\PSoC Creator\1\CapSense_CSD_P4_Design01.cydsn\Generated_Source\PSoC4\CyLib.c **** *  Clears the SysTick counter for well-defined startup.
ARM GAS  C:\Users\taips\AppData\Local\Temp\ccbT16OQ.s 			page 94


2876:C:\Program Files (x86)\Cypress\PSoC Creator\4.4\PSoC Creator\1\CapSense_CSD_P4_Design01.cydsn\Generated_Source\PSoC4\CyLib.c **** *
2877:C:\Program Files (x86)\Cypress\PSoC Creator\4.4\PSoC Creator\1\CapSense_CSD_P4_Design01.cydsn\Generated_Source\PSoC4\CyLib.c **** *******************************************************************************/
2878:C:\Program Files (x86)\Cypress\PSoC Creator\4.4\PSoC Creator\1\CapSense_CSD_P4_Design01.cydsn\Generated_Source\PSoC4\CyLib.c **** void CySysTickClear(void)
2879:C:\Program Files (x86)\Cypress\PSoC Creator\4.4\PSoC Creator\1\CapSense_CSD_P4_Design01.cydsn\Generated_Source\PSoC4\CyLib.c **** {
 2413              		.loc 1 2879 0
 2414              		.cfi_startproc
 2415              		@ args = 0, pretend = 0, frame = 0
 2416              		@ frame_needed = 1, uses_anonymous_args = 0
 2417 0000 80B5     		push	{r7, lr}
 2418              		.cfi_def_cfa_offset 8
 2419              		.cfi_offset 7, -8
 2420              		.cfi_offset 14, -4
 2421 0002 00AF     		add	r7, sp, #0
 2422              		.cfi_def_cfa_register 7
2880:C:\Program Files (x86)\Cypress\PSoC Creator\4.4\PSoC Creator\1\CapSense_CSD_P4_Design01.cydsn\Generated_Source\PSoC4\CyLib.c ****     CY_SYS_SYST_CVR_REG = 0u;
 2423              		.loc 1 2880 0
 2424 0004 024B     		ldr	r3, .L153
 2425 0006 0022     		movs	r2, #0
 2426 0008 1A60     		str	r2, [r3]
2881:C:\Program Files (x86)\Cypress\PSoC Creator\4.4\PSoC Creator\1\CapSense_CSD_P4_Design01.cydsn\Generated_Source\PSoC4\CyLib.c **** }
 2427              		.loc 1 2881 0
 2428 000a C046     		nop
 2429 000c BD46     		mov	sp, r7
 2430              		@ sp needed
 2431 000e 80BD     		pop	{r7, pc}
 2432              	.L154:
 2433              		.align	2
 2434              	.L153:
 2435 0010 18E000E0 		.word	-536813544
 2436              		.cfi_endproc
 2437              	.LFE40:
 2438              		.size	CySysTickClear, .-CySysTickClear
 2439              		.section	.text.CySysTickSetCallback,"ax",%progbits
 2440              		.align	2
 2441              		.global	CySysTickSetCallback
 2442              		.code	16
 2443              		.thumb_func
 2444              		.type	CySysTickSetCallback, %function
 2445              	CySysTickSetCallback:
 2446              	.LFB41:
2882:C:\Program Files (x86)\Cypress\PSoC Creator\4.4\PSoC Creator\1\CapSense_CSD_P4_Design01.cydsn\Generated_Source\PSoC4\CyLib.c **** 
2883:C:\Program Files (x86)\Cypress\PSoC Creator\4.4\PSoC Creator\1\CapSense_CSD_P4_Design01.cydsn\Generated_Source\PSoC4\CyLib.c **** 
2884:C:\Program Files (x86)\Cypress\PSoC Creator\4.4\PSoC Creator\1\CapSense_CSD_P4_Design01.cydsn\Generated_Source\PSoC4\CyLib.c **** /*******************************************************************************
2885:C:\Program Files (x86)\Cypress\PSoC Creator\4.4\PSoC Creator\1\CapSense_CSD_P4_Design01.cydsn\Generated_Source\PSoC4\CyLib.c **** * Function Name: CySysTickSetCallback
2886:C:\Program Files (x86)\Cypress\PSoC Creator\4.4\PSoC Creator\1\CapSense_CSD_P4_Design01.cydsn\Generated_Source\PSoC4\CyLib.c **** ****************************************************************************//**
2887:C:\Program Files (x86)\Cypress\PSoC Creator\4.4\PSoC Creator\1\CapSense_CSD_P4_Design01.cydsn\Generated_Source\PSoC4\CyLib.c **** *
2888:C:\Program Files (x86)\Cypress\PSoC Creator\4.4\PSoC Creator\1\CapSense_CSD_P4_Design01.cydsn\Generated_Source\PSoC4\CyLib.c **** *  This function allows up to five user-defined interrupt service routine
2889:C:\Program Files (x86)\Cypress\PSoC Creator\4.4\PSoC Creator\1\CapSense_CSD_P4_Design01.cydsn\Generated_Source\PSoC4\CyLib.c **** *  functions to be associated with the SysTick interrupt. These are specified
2890:C:\Program Files (x86)\Cypress\PSoC Creator\4.4\PSoC Creator\1\CapSense_CSD_P4_Design01.cydsn\Generated_Source\PSoC4\CyLib.c **** *  through the use of pointers to the function.
2891:C:\Program Files (x86)\Cypress\PSoC Creator\4.4\PSoC Creator\1\CapSense_CSD_P4_Design01.cydsn\Generated_Source\PSoC4\CyLib.c **** *
2892:C:\Program Files (x86)\Cypress\PSoC Creator\4.4\PSoC Creator\1\CapSense_CSD_P4_Design01.cydsn\Generated_Source\PSoC4\CyLib.c **** *  To set a custom callback function without the overhead of the system provided
2893:C:\Program Files (x86)\Cypress\PSoC Creator\4.4\PSoC Creator\1\CapSense_CSD_P4_Design01.cydsn\Generated_Source\PSoC4\CyLib.c **** *  one, use CyIntSetSysVector(CY_INT_SYSTICK_IRQN, cyisraddress <address>),
2894:C:\Program Files (x86)\Cypress\PSoC Creator\4.4\PSoC Creator\1\CapSense_CSD_P4_Design01.cydsn\Generated_Source\PSoC4\CyLib.c **** *  where <address> is address of the custom defined interrupt service routine.
2895:C:\Program Files (x86)\Cypress\PSoC Creator\4.4\PSoC Creator\1\CapSense_CSD_P4_Design01.cydsn\Generated_Source\PSoC4\CyLib.c **** *  Note: a custom callback function overrides the system defined callback
2896:C:\Program Files (x86)\Cypress\PSoC Creator\4.4\PSoC Creator\1\CapSense_CSD_P4_Design01.cydsn\Generated_Source\PSoC4\CyLib.c **** *  functions.
2897:C:\Program Files (x86)\Cypress\PSoC Creator\4.4\PSoC Creator\1\CapSense_CSD_P4_Design01.cydsn\Generated_Source\PSoC4\CyLib.c **** *
2898:C:\Program Files (x86)\Cypress\PSoC Creator\4.4\PSoC Creator\1\CapSense_CSD_P4_Design01.cydsn\Generated_Source\PSoC4\CyLib.c **** *  \param number: The number of the callback function addresses to be set. The valid
ARM GAS  C:\Users\taips\AppData\Local\Temp\ccbT16OQ.s 			page 95


2899:C:\Program Files (x86)\Cypress\PSoC Creator\4.4\PSoC Creator\1\CapSense_CSD_P4_Design01.cydsn\Generated_Source\PSoC4\CyLib.c **** *          range is from 0 to 4.
2900:C:\Program Files (x86)\Cypress\PSoC Creator\4.4\PSoC Creator\1\CapSense_CSD_P4_Design01.cydsn\Generated_Source\PSoC4\CyLib.c **** *
2901:C:\Program Files (x86)\Cypress\PSoC Creator\4.4\PSoC Creator\1\CapSense_CSD_P4_Design01.cydsn\Generated_Source\PSoC4\CyLib.c **** *  void(*CallbackFunction(void): A pointer to the function that will be
2902:C:\Program Files (x86)\Cypress\PSoC Creator\4.4\PSoC Creator\1\CapSense_CSD_P4_Design01.cydsn\Generated_Source\PSoC4\CyLib.c **** *                                associated with the SysTick ISR for the
2903:C:\Program Files (x86)\Cypress\PSoC Creator\4.4\PSoC Creator\1\CapSense_CSD_P4_Design01.cydsn\Generated_Source\PSoC4\CyLib.c **** *                                specified number.
2904:C:\Program Files (x86)\Cypress\PSoC Creator\4.4\PSoC Creator\1\CapSense_CSD_P4_Design01.cydsn\Generated_Source\PSoC4\CyLib.c **** *
2905:C:\Program Files (x86)\Cypress\PSoC Creator\4.4\PSoC Creator\1\CapSense_CSD_P4_Design01.cydsn\Generated_Source\PSoC4\CyLib.c **** * \return
2906:C:\Program Files (x86)\Cypress\PSoC Creator\4.4\PSoC Creator\1\CapSense_CSD_P4_Design01.cydsn\Generated_Source\PSoC4\CyLib.c **** *  Returns the address of the previous callback function.
2907:C:\Program Files (x86)\Cypress\PSoC Creator\4.4\PSoC Creator\1\CapSense_CSD_P4_Design01.cydsn\Generated_Source\PSoC4\CyLib.c **** *  The NULL is returned if the specified address in not set.
2908:C:\Program Files (x86)\Cypress\PSoC Creator\4.4\PSoC Creator\1\CapSense_CSD_P4_Design01.cydsn\Generated_Source\PSoC4\CyLib.c **** *
2909:C:\Program Files (x86)\Cypress\PSoC Creator\4.4\PSoC Creator\1\CapSense_CSD_P4_Design01.cydsn\Generated_Source\PSoC4\CyLib.c **** * \sideeffect
2910:C:\Program Files (x86)\Cypress\PSoC Creator\4.4\PSoC Creator\1\CapSense_CSD_P4_Design01.cydsn\Generated_Source\PSoC4\CyLib.c **** *  The registered callback functions will be executed in the interrupt.
2911:C:\Program Files (x86)\Cypress\PSoC Creator\4.4\PSoC Creator\1\CapSense_CSD_P4_Design01.cydsn\Generated_Source\PSoC4\CyLib.c **** *
2912:C:\Program Files (x86)\Cypress\PSoC Creator\4.4\PSoC Creator\1\CapSense_CSD_P4_Design01.cydsn\Generated_Source\PSoC4\CyLib.c **** *******************************************************************************/
2913:C:\Program Files (x86)\Cypress\PSoC Creator\4.4\PSoC Creator\1\CapSense_CSD_P4_Design01.cydsn\Generated_Source\PSoC4\CyLib.c **** cySysTickCallback CySysTickSetCallback(uint32 number, cySysTickCallback function)
2914:C:\Program Files (x86)\Cypress\PSoC Creator\4.4\PSoC Creator\1\CapSense_CSD_P4_Design01.cydsn\Generated_Source\PSoC4\CyLib.c **** {
 2447              		.loc 1 2914 0
 2448              		.cfi_startproc
 2449              		@ args = 0, pretend = 0, frame = 16
 2450              		@ frame_needed = 1, uses_anonymous_args = 0
 2451 0000 80B5     		push	{r7, lr}
 2452              		.cfi_def_cfa_offset 8
 2453              		.cfi_offset 7, -8
 2454              		.cfi_offset 14, -4
 2455 0002 84B0     		sub	sp, sp, #16
 2456              		.cfi_def_cfa_offset 24
 2457 0004 00AF     		add	r7, sp, #0
 2458              		.cfi_def_cfa_register 7
 2459 0006 7860     		str	r0, [r7, #4]
 2460 0008 3960     		str	r1, [r7]
2915:C:\Program Files (x86)\Cypress\PSoC Creator\4.4\PSoC Creator\1\CapSense_CSD_P4_Design01.cydsn\Generated_Source\PSoC4\CyLib.c ****     cySysTickCallback retVal;
2916:C:\Program Files (x86)\Cypress\PSoC Creator\4.4\PSoC Creator\1\CapSense_CSD_P4_Design01.cydsn\Generated_Source\PSoC4\CyLib.c **** 
2917:C:\Program Files (x86)\Cypress\PSoC Creator\4.4\PSoC Creator\1\CapSense_CSD_P4_Design01.cydsn\Generated_Source\PSoC4\CyLib.c ****     retVal = CySysTickCallbacks[number];
 2461              		.loc 1 2917 0
 2462 000a 074B     		ldr	r3, .L157
 2463 000c 7A68     		ldr	r2, [r7, #4]
 2464 000e 9200     		lsls	r2, r2, #2
 2465 0010 D358     		ldr	r3, [r2, r3]
 2466 0012 FB60     		str	r3, [r7, #12]
2918:C:\Program Files (x86)\Cypress\PSoC Creator\4.4\PSoC Creator\1\CapSense_CSD_P4_Design01.cydsn\Generated_Source\PSoC4\CyLib.c ****     CySysTickCallbacks[number] = function;
 2467              		.loc 1 2918 0
 2468 0014 044B     		ldr	r3, .L157
 2469 0016 7A68     		ldr	r2, [r7, #4]
 2470 0018 9200     		lsls	r2, r2, #2
 2471 001a 3968     		ldr	r1, [r7]
 2472 001c D150     		str	r1, [r2, r3]
2919:C:\Program Files (x86)\Cypress\PSoC Creator\4.4\PSoC Creator\1\CapSense_CSD_P4_Design01.cydsn\Generated_Source\PSoC4\CyLib.c ****     return (retVal);
 2473              		.loc 1 2919 0
 2474 001e FB68     		ldr	r3, [r7, #12]
2920:C:\Program Files (x86)\Cypress\PSoC Creator\4.4\PSoC Creator\1\CapSense_CSD_P4_Design01.cydsn\Generated_Source\PSoC4\CyLib.c **** }
 2475              		.loc 1 2920 0
 2476 0020 1800     		movs	r0, r3
 2477 0022 BD46     		mov	sp, r7
 2478 0024 04B0     		add	sp, sp, #16
 2479              		@ sp needed
 2480 0026 80BD     		pop	{r7, pc}
 2481              	.L158:
ARM GAS  C:\Users\taips\AppData\Local\Temp\ccbT16OQ.s 			page 96


 2482              		.align	2
 2483              	.L157:
 2484 0028 00000000 		.word	CySysTickCallbacks
 2485              		.cfi_endproc
 2486              	.LFE41:
 2487              		.size	CySysTickSetCallback, .-CySysTickSetCallback
 2488              		.section	.text.CySysTickGetCallback,"ax",%progbits
 2489              		.align	2
 2490              		.global	CySysTickGetCallback
 2491              		.code	16
 2492              		.thumb_func
 2493              		.type	CySysTickGetCallback, %function
 2494              	CySysTickGetCallback:
 2495              	.LFB42:
2921:C:\Program Files (x86)\Cypress\PSoC Creator\4.4\PSoC Creator\1\CapSense_CSD_P4_Design01.cydsn\Generated_Source\PSoC4\CyLib.c **** 
2922:C:\Program Files (x86)\Cypress\PSoC Creator\4.4\PSoC Creator\1\CapSense_CSD_P4_Design01.cydsn\Generated_Source\PSoC4\CyLib.c **** 
2923:C:\Program Files (x86)\Cypress\PSoC Creator\4.4\PSoC Creator\1\CapSense_CSD_P4_Design01.cydsn\Generated_Source\PSoC4\CyLib.c **** /*******************************************************************************
2924:C:\Program Files (x86)\Cypress\PSoC Creator\4.4\PSoC Creator\1\CapSense_CSD_P4_Design01.cydsn\Generated_Source\PSoC4\CyLib.c **** * Function Name: CySysTickGetCallback
2925:C:\Program Files (x86)\Cypress\PSoC Creator\4.4\PSoC Creator\1\CapSense_CSD_P4_Design01.cydsn\Generated_Source\PSoC4\CyLib.c **** ****************************************************************************//**
2926:C:\Program Files (x86)\Cypress\PSoC Creator\4.4\PSoC Creator\1\CapSense_CSD_P4_Design01.cydsn\Generated_Source\PSoC4\CyLib.c **** *
2927:C:\Program Files (x86)\Cypress\PSoC Creator\4.4\PSoC Creator\1\CapSense_CSD_P4_Design01.cydsn\Generated_Source\PSoC4\CyLib.c **** *  The function get the specified callback pointer.
2928:C:\Program Files (x86)\Cypress\PSoC Creator\4.4\PSoC Creator\1\CapSense_CSD_P4_Design01.cydsn\Generated_Source\PSoC4\CyLib.c **** *
2929:C:\Program Files (x86)\Cypress\PSoC Creator\4.4\PSoC Creator\1\CapSense_CSD_P4_Design01.cydsn\Generated_Source\PSoC4\CyLib.c **** *  \param number: The number of callback function address to get. The valid
2930:C:\Program Files (x86)\Cypress\PSoC Creator\4.4\PSoC Creator\1\CapSense_CSD_P4_Design01.cydsn\Generated_Source\PSoC4\CyLib.c **** *          range is from 0 to 4.
2931:C:\Program Files (x86)\Cypress\PSoC Creator\4.4\PSoC Creator\1\CapSense_CSD_P4_Design01.cydsn\Generated_Source\PSoC4\CyLib.c **** *
2932:C:\Program Files (x86)\Cypress\PSoC Creator\4.4\PSoC Creator\1\CapSense_CSD_P4_Design01.cydsn\Generated_Source\PSoC4\CyLib.c **** * \return
2933:C:\Program Files (x86)\Cypress\PSoC Creator\4.4\PSoC Creator\1\CapSense_CSD_P4_Design01.cydsn\Generated_Source\PSoC4\CyLib.c **** *  Returns the address of the specified callback function.
2934:C:\Program Files (x86)\Cypress\PSoC Creator\4.4\PSoC Creator\1\CapSense_CSD_P4_Design01.cydsn\Generated_Source\PSoC4\CyLib.c **** *  The NULL is returned if the specified address in not initialized.
2935:C:\Program Files (x86)\Cypress\PSoC Creator\4.4\PSoC Creator\1\CapSense_CSD_P4_Design01.cydsn\Generated_Source\PSoC4\CyLib.c **** *
2936:C:\Program Files (x86)\Cypress\PSoC Creator\4.4\PSoC Creator\1\CapSense_CSD_P4_Design01.cydsn\Generated_Source\PSoC4\CyLib.c **** *******************************************************************************/
2937:C:\Program Files (x86)\Cypress\PSoC Creator\4.4\PSoC Creator\1\CapSense_CSD_P4_Design01.cydsn\Generated_Source\PSoC4\CyLib.c **** cySysTickCallback CySysTickGetCallback(uint32 number)
2938:C:\Program Files (x86)\Cypress\PSoC Creator\4.4\PSoC Creator\1\CapSense_CSD_P4_Design01.cydsn\Generated_Source\PSoC4\CyLib.c **** {
 2496              		.loc 1 2938 0
 2497              		.cfi_startproc
 2498              		@ args = 0, pretend = 0, frame = 8
 2499              		@ frame_needed = 1, uses_anonymous_args = 0
 2500 0000 80B5     		push	{r7, lr}
 2501              		.cfi_def_cfa_offset 8
 2502              		.cfi_offset 7, -8
 2503              		.cfi_offset 14, -4
 2504 0002 82B0     		sub	sp, sp, #8
 2505              		.cfi_def_cfa_offset 16
 2506 0004 00AF     		add	r7, sp, #0
 2507              		.cfi_def_cfa_register 7
 2508 0006 7860     		str	r0, [r7, #4]
2939:C:\Program Files (x86)\Cypress\PSoC Creator\4.4\PSoC Creator\1\CapSense_CSD_P4_Design01.cydsn\Generated_Source\PSoC4\CyLib.c ****     return ((cySysTickCallback) CySysTickCallbacks[number]);
 2509              		.loc 1 2939 0
 2510 0008 034B     		ldr	r3, .L161
 2511 000a 7A68     		ldr	r2, [r7, #4]
 2512 000c 9200     		lsls	r2, r2, #2
 2513 000e D358     		ldr	r3, [r2, r3]
2940:C:\Program Files (x86)\Cypress\PSoC Creator\4.4\PSoC Creator\1\CapSense_CSD_P4_Design01.cydsn\Generated_Source\PSoC4\CyLib.c **** }
 2514              		.loc 1 2940 0
 2515 0010 1800     		movs	r0, r3
 2516 0012 BD46     		mov	sp, r7
 2517 0014 02B0     		add	sp, sp, #8
 2518              		@ sp needed
ARM GAS  C:\Users\taips\AppData\Local\Temp\ccbT16OQ.s 			page 97


 2519 0016 80BD     		pop	{r7, pc}
 2520              	.L162:
 2521              		.align	2
 2522              	.L161:
 2523 0018 00000000 		.word	CySysTickCallbacks
 2524              		.cfi_endproc
 2525              	.LFE42:
 2526              		.size	CySysTickGetCallback, .-CySysTickGetCallback
 2527              		.section	.text.CySysTickServiceCallbacks,"ax",%progbits
 2528              		.align	2
 2529              		.code	16
 2530              		.thumb_func
 2531              		.type	CySysTickServiceCallbacks, %function
 2532              	CySysTickServiceCallbacks:
 2533              	.LFB43:
2941:C:\Program Files (x86)\Cypress\PSoC Creator\4.4\PSoC Creator\1\CapSense_CSD_P4_Design01.cydsn\Generated_Source\PSoC4\CyLib.c **** 
2942:C:\Program Files (x86)\Cypress\PSoC Creator\4.4\PSoC Creator\1\CapSense_CSD_P4_Design01.cydsn\Generated_Source\PSoC4\CyLib.c **** 
2943:C:\Program Files (x86)\Cypress\PSoC Creator\4.4\PSoC Creator\1\CapSense_CSD_P4_Design01.cydsn\Generated_Source\PSoC4\CyLib.c **** /*******************************************************************************
2944:C:\Program Files (x86)\Cypress\PSoC Creator\4.4\PSoC Creator\1\CapSense_CSD_P4_Design01.cydsn\Generated_Source\PSoC4\CyLib.c **** * Function Name: CySysTickServiceCallbacks
2945:C:\Program Files (x86)\Cypress\PSoC Creator\4.4\PSoC Creator\1\CapSense_CSD_P4_Design01.cydsn\Generated_Source\PSoC4\CyLib.c **** ****************************************************************************//**
2946:C:\Program Files (x86)\Cypress\PSoC Creator\4.4\PSoC Creator\1\CapSense_CSD_P4_Design01.cydsn\Generated_Source\PSoC4\CyLib.c **** *
2947:C:\Program Files (x86)\Cypress\PSoC Creator\4.4\PSoC Creator\1\CapSense_CSD_P4_Design01.cydsn\Generated_Source\PSoC4\CyLib.c **** *  System Tick timer interrupt routine
2948:C:\Program Files (x86)\Cypress\PSoC Creator\4.4\PSoC Creator\1\CapSense_CSD_P4_Design01.cydsn\Generated_Source\PSoC4\CyLib.c **** *
2949:C:\Program Files (x86)\Cypress\PSoC Creator\4.4\PSoC Creator\1\CapSense_CSD_P4_Design01.cydsn\Generated_Source\PSoC4\CyLib.c **** *******************************************************************************/
2950:C:\Program Files (x86)\Cypress\PSoC Creator\4.4\PSoC Creator\1\CapSense_CSD_P4_Design01.cydsn\Generated_Source\PSoC4\CyLib.c **** static void CySysTickServiceCallbacks(void)
2951:C:\Program Files (x86)\Cypress\PSoC Creator\4.4\PSoC Creator\1\CapSense_CSD_P4_Design01.cydsn\Generated_Source\PSoC4\CyLib.c **** {
 2534              		.loc 1 2951 0
 2535              		.cfi_startproc
 2536              		@ args = 0, pretend = 0, frame = 8
 2537              		@ frame_needed = 1, uses_anonymous_args = 0
 2538 0000 80B5     		push	{r7, lr}
 2539              		.cfi_def_cfa_offset 8
 2540              		.cfi_offset 7, -8
 2541              		.cfi_offset 14, -4
 2542 0002 82B0     		sub	sp, sp, #8
 2543              		.cfi_def_cfa_offset 16
 2544 0004 00AF     		add	r7, sp, #0
 2545              		.cfi_def_cfa_register 7
2952:C:\Program Files (x86)\Cypress\PSoC Creator\4.4\PSoC Creator\1\CapSense_CSD_P4_Design01.cydsn\Generated_Source\PSoC4\CyLib.c ****     uint32 i;
2953:C:\Program Files (x86)\Cypress\PSoC Creator\4.4\PSoC Creator\1\CapSense_CSD_P4_Design01.cydsn\Generated_Source\PSoC4\CyLib.c **** 
2954:C:\Program Files (x86)\Cypress\PSoC Creator\4.4\PSoC Creator\1\CapSense_CSD_P4_Design01.cydsn\Generated_Source\PSoC4\CyLib.c ****     /* Verify that tick timer flag was set */
2955:C:\Program Files (x86)\Cypress\PSoC Creator\4.4\PSoC Creator\1\CapSense_CSD_P4_Design01.cydsn\Generated_Source\PSoC4\CyLib.c ****     if (1u == CySysTickGetCountFlag())
 2546              		.loc 1 2955 0
 2547 0006 FFF7FEFF 		bl	CySysTickGetCountFlag
 2548 000a 0300     		movs	r3, r0
 2549 000c 012B     		cmp	r3, #1
 2550 000e 13D1     		bne	.L168
2956:C:\Program Files (x86)\Cypress\PSoC Creator\4.4\PSoC Creator\1\CapSense_CSD_P4_Design01.cydsn\Generated_Source\PSoC4\CyLib.c ****     {
2957:C:\Program Files (x86)\Cypress\PSoC Creator\4.4\PSoC Creator\1\CapSense_CSD_P4_Design01.cydsn\Generated_Source\PSoC4\CyLib.c ****         for (i=0u; i < CY_SYS_SYST_NUM_OF_CALLBACKS; i++)
 2551              		.loc 1 2957 0
 2552 0010 0023     		movs	r3, #0
 2553 0012 7B60     		str	r3, [r7, #4]
 2554 0014 0DE0     		b	.L165
 2555              	.L167:
2958:C:\Program Files (x86)\Cypress\PSoC Creator\4.4\PSoC Creator\1\CapSense_CSD_P4_Design01.cydsn\Generated_Source\PSoC4\CyLib.c ****         {
2959:C:\Program Files (x86)\Cypress\PSoC Creator\4.4\PSoC Creator\1\CapSense_CSD_P4_Design01.cydsn\Generated_Source\PSoC4\CyLib.c ****             if (CySysTickCallbacks[i] != (void *) 0)
 2556              		.loc 1 2959 0
ARM GAS  C:\Users\taips\AppData\Local\Temp\ccbT16OQ.s 			page 98


 2557 0016 0A4B     		ldr	r3, .L169
 2558 0018 7A68     		ldr	r2, [r7, #4]
 2559 001a 9200     		lsls	r2, r2, #2
 2560 001c D358     		ldr	r3, [r2, r3]
 2561 001e 002B     		cmp	r3, #0
 2562 0020 04D0     		beq	.L166
2960:C:\Program Files (x86)\Cypress\PSoC Creator\4.4\PSoC Creator\1\CapSense_CSD_P4_Design01.cydsn\Generated_Source\PSoC4\CyLib.c ****             {
2961:C:\Program Files (x86)\Cypress\PSoC Creator\4.4\PSoC Creator\1\CapSense_CSD_P4_Design01.cydsn\Generated_Source\PSoC4\CyLib.c ****                 (void)(CySysTickCallbacks[i])();
 2563              		.loc 1 2961 0
 2564 0022 074B     		ldr	r3, .L169
 2565 0024 7A68     		ldr	r2, [r7, #4]
 2566 0026 9200     		lsls	r2, r2, #2
 2567 0028 D358     		ldr	r3, [r2, r3]
 2568 002a 9847     		blx	r3
 2569              	.L166:
2957:C:\Program Files (x86)\Cypress\PSoC Creator\4.4\PSoC Creator\1\CapSense_CSD_P4_Design01.cydsn\Generated_Source\PSoC4\CyLib.c ****         {
 2570              		.loc 1 2957 0 discriminator 2
 2571 002c 7B68     		ldr	r3, [r7, #4]
 2572 002e 0133     		adds	r3, r3, #1
 2573 0030 7B60     		str	r3, [r7, #4]
 2574              	.L165:
2957:C:\Program Files (x86)\Cypress\PSoC Creator\4.4\PSoC Creator\1\CapSense_CSD_P4_Design01.cydsn\Generated_Source\PSoC4\CyLib.c ****         {
 2575              		.loc 1 2957 0 is_stmt 0 discriminator 1
 2576 0032 7B68     		ldr	r3, [r7, #4]
 2577 0034 042B     		cmp	r3, #4
 2578 0036 EED9     		bls	.L167
 2579              	.L168:
2962:C:\Program Files (x86)\Cypress\PSoC Creator\4.4\PSoC Creator\1\CapSense_CSD_P4_Design01.cydsn\Generated_Source\PSoC4\CyLib.c ****             }
2963:C:\Program Files (x86)\Cypress\PSoC Creator\4.4\PSoC Creator\1\CapSense_CSD_P4_Design01.cydsn\Generated_Source\PSoC4\CyLib.c ****         }
2964:C:\Program Files (x86)\Cypress\PSoC Creator\4.4\PSoC Creator\1\CapSense_CSD_P4_Design01.cydsn\Generated_Source\PSoC4\CyLib.c ****     }
2965:C:\Program Files (x86)\Cypress\PSoC Creator\4.4\PSoC Creator\1\CapSense_CSD_P4_Design01.cydsn\Generated_Source\PSoC4\CyLib.c **** }
 2580              		.loc 1 2965 0 is_stmt 1
 2581 0038 C046     		nop
 2582 003a BD46     		mov	sp, r7
 2583 003c 02B0     		add	sp, sp, #8
 2584              		@ sp needed
 2585 003e 80BD     		pop	{r7, pc}
 2586              	.L170:
 2587              		.align	2
 2588              	.L169:
 2589 0040 00000000 		.word	CySysTickCallbacks
 2590              		.cfi_endproc
 2591              	.LFE43:
 2592              		.size	CySysTickServiceCallbacks, .-CySysTickServiceCallbacks
 2593              		.section	.text.CyGetUniqueId,"ax",%progbits
 2594              		.align	2
 2595              		.global	CyGetUniqueId
 2596              		.code	16
 2597              		.thumb_func
 2598              		.type	CyGetUniqueId, %function
 2599              	CyGetUniqueId:
 2600              	.LFB44:
2966:C:\Program Files (x86)\Cypress\PSoC Creator\4.4\PSoC Creator\1\CapSense_CSD_P4_Design01.cydsn\Generated_Source\PSoC4\CyLib.c **** 
2967:C:\Program Files (x86)\Cypress\PSoC Creator\4.4\PSoC Creator\1\CapSense_CSD_P4_Design01.cydsn\Generated_Source\PSoC4\CyLib.c **** 
2968:C:\Program Files (x86)\Cypress\PSoC Creator\4.4\PSoC Creator\1\CapSense_CSD_P4_Design01.cydsn\Generated_Source\PSoC4\CyLib.c **** /*******************************************************************************
2969:C:\Program Files (x86)\Cypress\PSoC Creator\4.4\PSoC Creator\1\CapSense_CSD_P4_Design01.cydsn\Generated_Source\PSoC4\CyLib.c **** * Function Name: CyGetUniqueId
2970:C:\Program Files (x86)\Cypress\PSoC Creator\4.4\PSoC Creator\1\CapSense_CSD_P4_Design01.cydsn\Generated_Source\PSoC4\CyLib.c **** ****************************************************************************//**
ARM GAS  C:\Users\taips\AppData\Local\Temp\ccbT16OQ.s 			page 99


2971:C:\Program Files (x86)\Cypress\PSoC Creator\4.4\PSoC Creator\1\CapSense_CSD_P4_Design01.cydsn\Generated_Source\PSoC4\CyLib.c **** *
2972:C:\Program Files (x86)\Cypress\PSoC Creator\4.4\PSoC Creator\1\CapSense_CSD_P4_Design01.cydsn\Generated_Source\PSoC4\CyLib.c **** *  Returns the 64-bit unique ID of the device. The uniqueness of the number is
2973:C:\Program Files (x86)\Cypress\PSoC Creator\4.4\PSoC Creator\1\CapSense_CSD_P4_Design01.cydsn\Generated_Source\PSoC4\CyLib.c **** *  guaranteed for 10 years due to the die lot number having a cycle life of 10
2974:C:\Program Files (x86)\Cypress\PSoC Creator\4.4\PSoC Creator\1\CapSense_CSD_P4_Design01.cydsn\Generated_Source\PSoC4\CyLib.c **** *  years and even after 10 years, the probability of getting two identical
2975:C:\Program Files (x86)\Cypress\PSoC Creator\4.4\PSoC Creator\1\CapSense_CSD_P4_Design01.cydsn\Generated_Source\PSoC4\CyLib.c **** *  numbers is very small.
2976:C:\Program Files (x86)\Cypress\PSoC Creator\4.4\PSoC Creator\1\CapSense_CSD_P4_Design01.cydsn\Generated_Source\PSoC4\CyLib.c **** *
2977:C:\Program Files (x86)\Cypress\PSoC Creator\4.4\PSoC Creator\1\CapSense_CSD_P4_Design01.cydsn\Generated_Source\PSoC4\CyLib.c **** *  \param uniqueId: The pointer to a two element 32-bit unsigned integer array. Returns
2978:C:\Program Files (x86)\Cypress\PSoC Creator\4.4\PSoC Creator\1\CapSense_CSD_P4_Design01.cydsn\Generated_Source\PSoC4\CyLib.c **** *  the 64-bit unique ID of the device by loading them into the integer array
2979:C:\Program Files (x86)\Cypress\PSoC Creator\4.4\PSoC Creator\1\CapSense_CSD_P4_Design01.cydsn\Generated_Source\PSoC4\CyLib.c **** *  pointed to by uniqueId.
2980:C:\Program Files (x86)\Cypress\PSoC Creator\4.4\PSoC Creator\1\CapSense_CSD_P4_Design01.cydsn\Generated_Source\PSoC4\CyLib.c **** *
2981:C:\Program Files (x86)\Cypress\PSoC Creator\4.4\PSoC Creator\1\CapSense_CSD_P4_Design01.cydsn\Generated_Source\PSoC4\CyLib.c **** *******************************************************************************/
2982:C:\Program Files (x86)\Cypress\PSoC Creator\4.4\PSoC Creator\1\CapSense_CSD_P4_Design01.cydsn\Generated_Source\PSoC4\CyLib.c **** void CyGetUniqueId(uint32* uniqueId)
2983:C:\Program Files (x86)\Cypress\PSoC Creator\4.4\PSoC Creator\1\CapSense_CSD_P4_Design01.cydsn\Generated_Source\PSoC4\CyLib.c **** {
 2601              		.loc 1 2983 0
 2602              		.cfi_startproc
 2603              		@ args = 0, pretend = 0, frame = 8
 2604              		@ frame_needed = 1, uses_anonymous_args = 0
 2605 0000 80B5     		push	{r7, lr}
 2606              		.cfi_def_cfa_offset 8
 2607              		.cfi_offset 7, -8
 2608              		.cfi_offset 14, -4
 2609 0002 82B0     		sub	sp, sp, #8
 2610              		.cfi_def_cfa_offset 16
 2611 0004 00AF     		add	r7, sp, #0
 2612              		.cfi_def_cfa_register 7
 2613 0006 7860     		str	r0, [r7, #4]
2984:C:\Program Files (x86)\Cypress\PSoC Creator\4.4\PSoC Creator\1\CapSense_CSD_P4_Design01.cydsn\Generated_Source\PSoC4\CyLib.c **** #if(CY_PSOC4)
2985:C:\Program Files (x86)\Cypress\PSoC Creator\4.4\PSoC Creator\1\CapSense_CSD_P4_Design01.cydsn\Generated_Source\PSoC4\CyLib.c ****     uniqueId[0u]  =  (uint32)(* (reg8 *) CYREG_SFLASH_DIE_LOT0  );
 2614              		.loc 1 2985 0
 2615 0008 254B     		ldr	r3, .L172
 2616 000a 1B78     		ldrb	r3, [r3]
 2617 000c DBB2     		uxtb	r3, r3
 2618 000e 1A00     		movs	r2, r3
 2619 0010 7B68     		ldr	r3, [r7, #4]
 2620 0012 1A60     		str	r2, [r3]
2986:C:\Program Files (x86)\Cypress\PSoC Creator\4.4\PSoC Creator\1\CapSense_CSD_P4_Design01.cydsn\Generated_Source\PSoC4\CyLib.c ****     uniqueId[0u] |= ((uint32)(* (reg8 *) CYREG_SFLASH_DIE_LOT1  ) <<  8u);
 2621              		.loc 1 2986 0
 2622 0014 234B     		ldr	r3, .L172+4
 2623 0016 1B78     		ldrb	r3, [r3]
 2624 0018 DBB2     		uxtb	r3, r3
 2625 001a 1A02     		lsls	r2, r3, #8
 2626 001c 7B68     		ldr	r3, [r7, #4]
 2627 001e 1B68     		ldr	r3, [r3]
 2628 0020 1A43     		orrs	r2, r3
 2629 0022 7B68     		ldr	r3, [r7, #4]
 2630 0024 1A60     		str	r2, [r3]
2987:C:\Program Files (x86)\Cypress\PSoC Creator\4.4\PSoC Creator\1\CapSense_CSD_P4_Design01.cydsn\Generated_Source\PSoC4\CyLib.c ****     uniqueId[0u] |= ((uint32)(* (reg8 *) CYREG_SFLASH_DIE_LOT2  ) << 16u);
 2631              		.loc 1 2987 0
 2632 0026 204B     		ldr	r3, .L172+8
 2633 0028 1B78     		ldrb	r3, [r3]
 2634 002a DBB2     		uxtb	r3, r3
 2635 002c 1A04     		lsls	r2, r3, #16
 2636 002e 7B68     		ldr	r3, [r7, #4]
 2637 0030 1B68     		ldr	r3, [r3]
 2638 0032 1A43     		orrs	r2, r3
 2639 0034 7B68     		ldr	r3, [r7, #4]
 2640 0036 1A60     		str	r2, [r3]
ARM GAS  C:\Users\taips\AppData\Local\Temp\ccbT16OQ.s 			page 100


2988:C:\Program Files (x86)\Cypress\PSoC Creator\4.4\PSoC Creator\1\CapSense_CSD_P4_Design01.cydsn\Generated_Source\PSoC4\CyLib.c ****     uniqueId[0u] |= ((uint32)(* (reg8 *) CYREG_SFLASH_DIE_WAFER ) << 24u);
 2641              		.loc 1 2988 0
 2642 0038 1C4B     		ldr	r3, .L172+12
 2643 003a 1B78     		ldrb	r3, [r3]
 2644 003c DBB2     		uxtb	r3, r3
 2645 003e 1A06     		lsls	r2, r3, #24
 2646 0040 7B68     		ldr	r3, [r7, #4]
 2647 0042 1B68     		ldr	r3, [r3]
 2648 0044 1A43     		orrs	r2, r3
 2649 0046 7B68     		ldr	r3, [r7, #4]
 2650 0048 1A60     		str	r2, [r3]
2989:C:\Program Files (x86)\Cypress\PSoC Creator\4.4\PSoC Creator\1\CapSense_CSD_P4_Design01.cydsn\Generated_Source\PSoC4\CyLib.c **** 
2990:C:\Program Files (x86)\Cypress\PSoC Creator\4.4\PSoC Creator\1\CapSense_CSD_P4_Design01.cydsn\Generated_Source\PSoC4\CyLib.c ****     uniqueId[1u]  =  (uint32)(* (reg8 *) CYREG_SFLASH_DIE_X     );
 2651              		.loc 1 2990 0
 2652 004a 7B68     		ldr	r3, [r7, #4]
 2653 004c 0433     		adds	r3, r3, #4
 2654 004e 184A     		ldr	r2, .L172+16
 2655 0050 1278     		ldrb	r2, [r2]
 2656 0052 D2B2     		uxtb	r2, r2
 2657 0054 1A60     		str	r2, [r3]
2991:C:\Program Files (x86)\Cypress\PSoC Creator\4.4\PSoC Creator\1\CapSense_CSD_P4_Design01.cydsn\Generated_Source\PSoC4\CyLib.c ****     uniqueId[1u] |= ((uint32)(* (reg8 *) CYREG_SFLASH_DIE_Y     ) <<  8u);
 2658              		.loc 1 2991 0
 2659 0056 174B     		ldr	r3, .L172+20
 2660 0058 1B78     		ldrb	r3, [r3]
 2661 005a DBB2     		uxtb	r3, r3
 2662 005c 1902     		lsls	r1, r3, #8
 2663 005e 7B68     		ldr	r3, [r7, #4]
 2664 0060 0433     		adds	r3, r3, #4
 2665 0062 7A68     		ldr	r2, [r7, #4]
 2666 0064 0432     		adds	r2, r2, #4
 2667 0066 1268     		ldr	r2, [r2]
 2668 0068 0A43     		orrs	r2, r1
 2669 006a 1A60     		str	r2, [r3]
2992:C:\Program Files (x86)\Cypress\PSoC Creator\4.4\PSoC Creator\1\CapSense_CSD_P4_Design01.cydsn\Generated_Source\PSoC4\CyLib.c ****     uniqueId[1u] |= ((uint32)(* (reg8 *) CYREG_SFLASH_DIE_SORT  ) << 16u);
 2670              		.loc 1 2992 0
 2671 006c 124B     		ldr	r3, .L172+24
 2672 006e 1B78     		ldrb	r3, [r3]
 2673 0070 DBB2     		uxtb	r3, r3
 2674 0072 1904     		lsls	r1, r3, #16
 2675 0074 7B68     		ldr	r3, [r7, #4]
 2676 0076 0433     		adds	r3, r3, #4
 2677 0078 7A68     		ldr	r2, [r7, #4]
 2678 007a 0432     		adds	r2, r2, #4
 2679 007c 1268     		ldr	r2, [r2]
 2680 007e 0A43     		orrs	r2, r1
 2681 0080 1A60     		str	r2, [r3]
2993:C:\Program Files (x86)\Cypress\PSoC Creator\4.4\PSoC Creator\1\CapSense_CSD_P4_Design01.cydsn\Generated_Source\PSoC4\CyLib.c ****     uniqueId[1u] |= ((uint32)(* (reg8 *) CYREG_SFLASH_DIE_MINOR ) << 24u);
 2682              		.loc 1 2993 0
 2683 0082 0E4B     		ldr	r3, .L172+28
 2684 0084 1B78     		ldrb	r3, [r3]
 2685 0086 DBB2     		uxtb	r3, r3
 2686 0088 1906     		lsls	r1, r3, #24
 2687 008a 7B68     		ldr	r3, [r7, #4]
 2688 008c 0433     		adds	r3, r3, #4
 2689 008e 7A68     		ldr	r2, [r7, #4]
 2690 0090 0432     		adds	r2, r2, #4
 2691 0092 1268     		ldr	r2, [r2]
ARM GAS  C:\Users\taips\AppData\Local\Temp\ccbT16OQ.s 			page 101


 2692 0094 0A43     		orrs	r2, r1
 2693 0096 1A60     		str	r2, [r3]
2994:C:\Program Files (x86)\Cypress\PSoC Creator\4.4\PSoC Creator\1\CapSense_CSD_P4_Design01.cydsn\Generated_Source\PSoC4\CyLib.c **** #else
2995:C:\Program Files (x86)\Cypress\PSoC Creator\4.4\PSoC Creator\1\CapSense_CSD_P4_Design01.cydsn\Generated_Source\PSoC4\CyLib.c ****     uniqueId[0u]  =  (uint32) CY_GET_XTND_REG8((void CYFAR *) (CYREG_FLSHID_CUST_TABLES_LOT_LSB   )
2996:C:\Program Files (x86)\Cypress\PSoC Creator\4.4\PSoC Creator\1\CapSense_CSD_P4_Design01.cydsn\Generated_Source\PSoC4\CyLib.c ****     uniqueId[0u] |= ((uint32) CY_GET_XTND_REG8((void CYFAR *) (CYREG_FLSHID_CUST_TABLES_LOT_MSB   )
2997:C:\Program Files (x86)\Cypress\PSoC Creator\4.4\PSoC Creator\1\CapSense_CSD_P4_Design01.cydsn\Generated_Source\PSoC4\CyLib.c ****     uniqueId[0u] |= ((uint32) CY_GET_XTND_REG8((void CYFAR *) (CYREG_MLOGIC_REV_ID                )
2998:C:\Program Files (x86)\Cypress\PSoC Creator\4.4\PSoC Creator\1\CapSense_CSD_P4_Design01.cydsn\Generated_Source\PSoC4\CyLib.c ****     uniqueId[0u] |= ((uint32) CY_GET_XTND_REG8((void CYFAR *) (CYREG_FLSHID_CUST_TABLES_WAFER_NUM )
2999:C:\Program Files (x86)\Cypress\PSoC Creator\4.4\PSoC Creator\1\CapSense_CSD_P4_Design01.cydsn\Generated_Source\PSoC4\CyLib.c **** 
3000:C:\Program Files (x86)\Cypress\PSoC Creator\4.4\PSoC Creator\1\CapSense_CSD_P4_Design01.cydsn\Generated_Source\PSoC4\CyLib.c ****     uniqueId[1u]  =  (uint32) CY_GET_XTND_REG8((void CYFAR *) (CYREG_FLSHID_CUST_TABLES_X_LOC     )
3001:C:\Program Files (x86)\Cypress\PSoC Creator\4.4\PSoC Creator\1\CapSense_CSD_P4_Design01.cydsn\Generated_Source\PSoC4\CyLib.c ****     uniqueId[1u] |= ((uint32) CY_GET_XTND_REG8((void CYFAR *) (CYREG_FLSHID_CUST_TABLES_Y_LOC     )
3002:C:\Program Files (x86)\Cypress\PSoC Creator\4.4\PSoC Creator\1\CapSense_CSD_P4_Design01.cydsn\Generated_Source\PSoC4\CyLib.c ****     uniqueId[1u] |= ((uint32) CY_GET_XTND_REG8((void CYFAR *) (CYREG_FLSHID_CUST_TABLES_WRK_WK    )
3003:C:\Program Files (x86)\Cypress\PSoC Creator\4.4\PSoC Creator\1\CapSense_CSD_P4_Design01.cydsn\Generated_Source\PSoC4\CyLib.c ****     uniqueId[1u] |= ((uint32) CY_GET_XTND_REG8((void CYFAR *) (CYREG_FLSHID_CUST_TABLES_FAB_YR    )
3004:C:\Program Files (x86)\Cypress\PSoC Creator\4.4\PSoC Creator\1\CapSense_CSD_P4_Design01.cydsn\Generated_Source\PSoC4\CyLib.c **** #endif  /* (CY_PSOC4) */
3005:C:\Program Files (x86)\Cypress\PSoC Creator\4.4\PSoC Creator\1\CapSense_CSD_P4_Design01.cydsn\Generated_Source\PSoC4\CyLib.c **** }
 2694              		.loc 1 3005 0
 2695 0098 C046     		nop
 2696 009a BD46     		mov	sp, r7
 2697 009c 02B0     		add	sp, sp, #8
 2698              		@ sp needed
 2699 009e 80BD     		pop	{r7, pc}
 2700              	.L173:
 2701              		.align	2
 2702              	.L172:
 2703 00a0 78F1FF0F 		.word	268431736
 2704 00a4 79F1FF0F 		.word	268431737
 2705 00a8 7AF1FF0F 		.word	268431738
 2706 00ac 7BF1FF0F 		.word	268431739
 2707 00b0 7CF1FF0F 		.word	268431740
 2708 00b4 7DF1FF0F 		.word	268431741
 2709 00b8 7EF1FF0F 		.word	268431742
 2710 00bc 7FF1FF0F 		.word	268431743
 2711              		.cfi_endproc
 2712              	.LFE44:
 2713              		.size	CyGetUniqueId, .-CyGetUniqueId
 2714              		.text
 2715              	.Letext0:
 2716              		.file 2 "C:\\Program Files (x86)\\Cypress\\PSoC Creator\\4.4\\PSoC Creator\\1\\CapSense_CSD_P4_Des
 2717              		.file 3 "C:\\Program Files (x86)\\Cypress\\PSoC Creator\\4.4\\PSoC Creator\\1\\CapSense_CSD_P4_Des
 2718              		.section	.debug_info,"",%progbits
 2719              	.Ldebug_info0:
 2720 0000 E7080000 		.4byte	0x8e7
 2721 0004 0400     		.2byte	0x4
 2722 0006 00000000 		.4byte	.Ldebug_abbrev0
 2723 000a 04       		.byte	0x4
 2724 000b 01       		.uleb128 0x1
 2725 000c E6020000 		.4byte	.LASF102
 2726 0010 0C       		.byte	0xc
 2727 0011 BD030000 		.4byte	.LASF103
 2728 0015 00000000 		.4byte	.Ldebug_ranges0+0
 2729 0019 00000000 		.4byte	0
 2730 001d 00000000 		.4byte	.Ldebug_line0
 2731 0021 02       		.uleb128 0x2
 2732 0022 01       		.byte	0x1
 2733 0023 06       		.byte	0x6
 2734 0024 FE000000 		.4byte	.LASF0
 2735 0028 02       		.uleb128 0x2
 2736 0029 01       		.byte	0x1
ARM GAS  C:\Users\taips\AppData\Local\Temp\ccbT16OQ.s 			page 102


 2737 002a 08       		.byte	0x8
 2738 002b 22050000 		.4byte	.LASF1
 2739 002f 02       		.uleb128 0x2
 2740 0030 02       		.byte	0x2
 2741 0031 05       		.byte	0x5
 2742 0032 30050000 		.4byte	.LASF2
 2743 0036 02       		.uleb128 0x2
 2744 0037 02       		.byte	0x2
 2745 0038 07       		.byte	0x7
 2746 0039 9F020000 		.4byte	.LASF3
 2747 003d 02       		.uleb128 0x2
 2748 003e 04       		.byte	0x4
 2749 003f 05       		.byte	0x5
 2750 0040 3D010000 		.4byte	.LASF4
 2751 0044 02       		.uleb128 0x2
 2752 0045 04       		.byte	0x4
 2753 0046 07       		.byte	0x7
 2754 0047 3E020000 		.4byte	.LASF5
 2755 004b 02       		.uleb128 0x2
 2756 004c 08       		.byte	0x8
 2757 004d 05       		.byte	0x5
 2758 004e F0000000 		.4byte	.LASF6
 2759 0052 02       		.uleb128 0x2
 2760 0053 08       		.byte	0x8
 2761 0054 07       		.byte	0x7
 2762 0055 84000000 		.4byte	.LASF7
 2763 0059 03       		.uleb128 0x3
 2764 005a 04       		.byte	0x4
 2765 005b 05       		.byte	0x5
 2766 005c 696E7400 		.ascii	"int\000"
 2767 0060 02       		.uleb128 0x2
 2768 0061 04       		.byte	0x4
 2769 0062 07       		.byte	0x7
 2770 0063 22020000 		.4byte	.LASF8
 2771 0067 04       		.uleb128 0x4
 2772 0068 68010000 		.4byte	.LASF9
 2773 006c 02       		.byte	0x2
 2774 006d D201     		.2byte	0x1d2
 2775 006f 28000000 		.4byte	0x28
 2776 0073 04       		.uleb128 0x4
 2777 0074 17000000 		.4byte	.LASF10
 2778 0078 02       		.byte	0x2
 2779 0079 D301     		.2byte	0x1d3
 2780 007b 36000000 		.4byte	0x36
 2781 007f 04       		.uleb128 0x4
 2782 0080 A8010000 		.4byte	.LASF11
 2783 0084 02       		.byte	0x2
 2784 0085 D401     		.2byte	0x1d4
 2785 0087 44000000 		.4byte	0x44
 2786 008b 02       		.uleb128 0x2
 2787 008c 04       		.byte	0x4
 2788 008d 04       		.byte	0x4
 2789 008e C9040000 		.4byte	.LASF12
 2790 0092 02       		.uleb128 0x2
 2791 0093 08       		.byte	0x8
 2792 0094 04       		.byte	0x4
 2793 0095 84010000 		.4byte	.LASF13
ARM GAS  C:\Users\taips\AppData\Local\Temp\ccbT16OQ.s 			page 103


 2794 0099 02       		.uleb128 0x2
 2795 009a 01       		.byte	0x1
 2796 009b 08       		.byte	0x8
 2797 009c 73050000 		.4byte	.LASF14
 2798 00a0 04       		.uleb128 0x4
 2799 00a1 0C050000 		.4byte	.LASF15
 2800 00a5 02       		.byte	0x2
 2801 00a6 7C02     		.2byte	0x27c
 2802 00a8 AC000000 		.4byte	0xac
 2803 00ac 05       		.uleb128 0x5
 2804 00ad 67000000 		.4byte	0x67
 2805 00b1 04       		.uleb128 0x4
 2806 00b2 9B030000 		.4byte	.LASF16
 2807 00b6 02       		.byte	0x2
 2808 00b7 7E02     		.2byte	0x27e
 2809 00b9 BD000000 		.4byte	0xbd
 2810 00bd 05       		.uleb128 0x5
 2811 00be 7F000000 		.4byte	0x7f
 2812 00c2 04       		.uleb128 0x4
 2813 00c3 78050000 		.4byte	.LASF17
 2814 00c7 02       		.byte	0x2
 2815 00c8 8E02     		.2byte	0x28e
 2816 00ca CE000000 		.4byte	0xce
 2817 00ce 06       		.uleb128 0x6
 2818 00cf 04       		.byte	0x4
 2819 00d0 D4000000 		.4byte	0xd4
 2820 00d4 07       		.uleb128 0x7
 2821 00d5 02       		.uleb128 0x2
 2822 00d6 08       		.byte	0x8
 2823 00d7 04       		.byte	0x4
 2824 00d8 55040000 		.4byte	.LASF18
 2825 00dc 02       		.uleb128 0x2
 2826 00dd 04       		.byte	0x4
 2827 00de 07       		.byte	0x7
 2828 00df 3A040000 		.4byte	.LASF19
 2829 00e3 08       		.uleb128 0x8
 2830 00e4 DE040000 		.4byte	.LASF20
 2831 00e8 03       		.byte	0x3
 2832 00e9 F5       		.byte	0xf5
 2833 00ea CE000000 		.4byte	0xce
 2834 00ee 09       		.uleb128 0x9
 2835 00ef 42060000 		.4byte	.LASF21
 2836 00f3 01       		.byte	0x1
 2837 00f4 6B       		.byte	0x6b
 2838 00f5 00000000 		.4byte	.LFB0
 2839 00f9 1C000000 		.4byte	.LFE0-.LFB0
 2840 00fd 01       		.uleb128 0x1
 2841 00fe 9C       		.byte	0x9c
 2842 00ff 09       		.uleb128 0x9
 2843 0100 6B020000 		.4byte	.LASF22
 2844 0104 01       		.byte	0x1
 2845 0105 8B       		.byte	0x8b
 2846 0106 00000000 		.4byte	.LFB1
 2847 010a 1C000000 		.4byte	.LFE1-.LFB1
 2848 010e 01       		.uleb128 0x1
 2849 010f 9C       		.byte	0x9c
 2850 0110 0A       		.uleb128 0xa
ARM GAS  C:\Users\taips\AppData\Local\Temp\ccbT16OQ.s 			page 104


 2851 0111 27000000 		.4byte	.LASF25
 2852 0115 01       		.byte	0x1
 2853 0116 AD01     		.2byte	0x1ad
 2854 0118 00000000 		.4byte	.LFB2
 2855 011c 48000000 		.4byte	.LFE2-.LFB2
 2856 0120 01       		.uleb128 0x1
 2857 0121 9C       		.byte	0x9c
 2858 0122 54010000 		.4byte	0x154
 2859 0126 0B       		.uleb128 0xb
 2860 0127 58050000 		.4byte	.LASF27
 2861 012b 01       		.byte	0x1
 2862 012c AD01     		.2byte	0x1ad
 2863 012e 7F000000 		.4byte	0x7f
 2864 0132 02       		.uleb128 0x2
 2865 0133 91       		.byte	0x91
 2866 0134 64       		.sleb128 -28
 2867 0135 0C       		.uleb128 0xc
 2868 0136 1B010000 		.4byte	.LASF23
 2869 013a 01       		.byte	0x1
 2870 013b AF01     		.2byte	0x1af
 2871 013d 67000000 		.4byte	0x67
 2872 0141 02       		.uleb128 0x2
 2873 0142 91       		.byte	0x91
 2874 0143 6F       		.sleb128 -17
 2875 0144 0C       		.uleb128 0xc
 2876 0145 71060000 		.4byte	.LASF24
 2877 0149 01       		.byte	0x1
 2878 014a B001     		.2byte	0x1b0
 2879 014c 7F000000 		.4byte	0x7f
 2880 0150 02       		.uleb128 0x2
 2881 0151 91       		.byte	0x91
 2882 0152 68       		.sleb128 -24
 2883 0153 00       		.byte	0
 2884 0154 0D       		.uleb128 0xd
 2885 0155 86030000 		.4byte	.LASF26
 2886 0159 01       		.byte	0x1
 2887 015a D901     		.2byte	0x1d9
 2888 015c 00000000 		.4byte	.LFB3
 2889 0160 50000000 		.4byte	.LFE3-.LFB3
 2890 0164 01       		.uleb128 0x1
 2891 0165 9C       		.byte	0x9c
 2892 0166 7A010000 		.4byte	0x17a
 2893 016a 0B       		.uleb128 0xb
 2894 016b 7D010000 		.4byte	.LASF28
 2895 016f 01       		.byte	0x1
 2896 0170 D901     		.2byte	0x1d9
 2897 0172 7F000000 		.4byte	0x7f
 2898 0176 02       		.uleb128 0x2
 2899 0177 91       		.byte	0x91
 2900 0178 74       		.sleb128 -12
 2901 0179 00       		.byte	0
 2902 017a 0E       		.uleb128 0xe
 2903 017b B4010000 		.4byte	.LASF43
 2904 017f 01       		.byte	0x1
 2905 0180 FE01     		.2byte	0x1fe
 2906 0182 7F000000 		.4byte	0x7f
 2907 0186 00000000 		.4byte	.LFB4
ARM GAS  C:\Users\taips\AppData\Local\Temp\ccbT16OQ.s 			page 105


 2908 018a 34000000 		.4byte	.LFE4-.LFB4
 2909 018e 01       		.uleb128 0x1
 2910 018f 9C       		.byte	0x9c
 2911 0190 B3010000 		.4byte	0x1b3
 2912 0194 0C       		.uleb128 0xc
 2913 0195 1B010000 		.4byte	.LASF23
 2914 0199 01       		.byte	0x1
 2915 019a 0002     		.2byte	0x200
 2916 019c 67000000 		.4byte	0x67
 2917 01a0 02       		.uleb128 0x2
 2918 01a1 91       		.byte	0x91
 2919 01a2 6F       		.sleb128 -17
 2920 01a3 0C       		.uleb128 0xc
 2921 01a4 71040000 		.4byte	.LASF29
 2922 01a8 01       		.byte	0x1
 2923 01a9 0102     		.2byte	0x201
 2924 01ab 7F000000 		.4byte	0x7f
 2925 01af 02       		.uleb128 0x2
 2926 01b0 91       		.byte	0x91
 2927 01b1 68       		.sleb128 -24
 2928 01b2 00       		.byte	0
 2929 01b3 0A       		.uleb128 0xa
 2930 01b4 95050000 		.4byte	.LASF30
 2931 01b8 01       		.byte	0x1
 2932 01b9 3502     		.2byte	0x235
 2933 01bb 00000000 		.4byte	.LFB5
 2934 01bf 48000000 		.4byte	.LFE5-.LFB5
 2935 01c3 01       		.uleb128 0x1
 2936 01c4 9C       		.byte	0x9c
 2937 01c5 E8010000 		.4byte	0x1e8
 2938 01c9 0B       		.uleb128 0xb
 2939 01ca 3A060000 		.4byte	.LASF31
 2940 01ce 01       		.byte	0x1
 2941 01cf 3502     		.2byte	0x235
 2942 01d1 7F000000 		.4byte	0x7f
 2943 01d5 02       		.uleb128 0x2
 2944 01d6 91       		.byte	0x91
 2945 01d7 64       		.sleb128 -28
 2946 01d8 0C       		.uleb128 0xc
 2947 01d9 1B010000 		.4byte	.LASF23
 2948 01dd 01       		.byte	0x1
 2949 01de 3702     		.2byte	0x237
 2950 01e0 67000000 		.4byte	0x67
 2951 01e4 02       		.uleb128 0x2
 2952 01e5 91       		.byte	0x91
 2953 01e6 6F       		.sleb128 -17
 2954 01e7 00       		.byte	0
 2955 01e8 0A       		.uleb128 0xa
 2956 01e9 D1020000 		.4byte	.LASF32
 2957 01ed 01       		.byte	0x1
 2958 01ee 6F02     		.2byte	0x26f
 2959 01f0 00000000 		.4byte	.LFB6
 2960 01f4 EC010000 		.4byte	.LFE6-.LFB6
 2961 01f8 01       		.uleb128 0x1
 2962 01f9 9C       		.byte	0x9c
 2963 01fa 68020000 		.4byte	0x268
 2964 01fe 0B       		.uleb128 0xb
ARM GAS  C:\Users\taips\AppData\Local\Temp\ccbT16OQ.s 			page 106


 2965 01ff 0A010000 		.4byte	.LASF33
 2966 0203 01       		.byte	0x1
 2967 0204 6F02     		.2byte	0x26f
 2968 0206 7F000000 		.4byte	0x7f
 2969 020a 02       		.uleb128 0x2
 2970 020b 91       		.byte	0x91
 2971 020c 64       		.sleb128 -28
 2972 020d 0C       		.uleb128 0xc
 2973 020e 0F000000 		.4byte	.LASF34
 2974 0212 01       		.byte	0x1
 2975 0213 7502     		.2byte	0x275
 2976 0215 67000000 		.4byte	0x67
 2977 0219 02       		.uleb128 0x2
 2978 021a 91       		.byte	0x91
 2979 021b 6F       		.sleb128 -17
 2980 021c 0C       		.uleb128 0xc
 2981 021d 69040000 		.4byte	.LASF35
 2982 0221 01       		.byte	0x1
 2983 0222 7602     		.2byte	0x276
 2984 0224 67000000 		.4byte	0x67
 2985 0228 02       		.uleb128 0x2
 2986 0229 91       		.byte	0x91
 2987 022a 6E       		.sleb128 -18
 2988 022b 0C       		.uleb128 0xc
 2989 022c 53060000 		.4byte	.LASF36
 2990 0230 01       		.byte	0x1
 2991 0231 7702     		.2byte	0x277
 2992 0233 67000000 		.4byte	0x67
 2993 0237 02       		.uleb128 0x2
 2994 0238 91       		.byte	0x91
 2995 0239 6B       		.sleb128 -21
 2996 023a 0C       		.uleb128 0xc
 2997 023b 6F000000 		.4byte	.LASF37
 2998 023f 01       		.byte	0x1
 2999 0240 7802     		.2byte	0x278
 3000 0242 67000000 		.4byte	0x67
 3001 0246 02       		.uleb128 0x2
 3002 0247 91       		.byte	0x91
 3003 0248 6D       		.sleb128 -19
 3004 0249 0C       		.uleb128 0xc
 3005 024a D4050000 		.4byte	.LASF38
 3006 024e 01       		.byte	0x1
 3007 024f 7902     		.2byte	0x279
 3008 0251 67000000 		.4byte	0x67
 3009 0255 02       		.uleb128 0x2
 3010 0256 91       		.byte	0x91
 3011 0257 6A       		.sleb128 -22
 3012 0258 0C       		.uleb128 0xc
 3013 0259 1B010000 		.4byte	.LASF23
 3014 025d 01       		.byte	0x1
 3015 025e 8402     		.2byte	0x284
 3016 0260 67000000 		.4byte	0x67
 3017 0264 02       		.uleb128 0x2
 3018 0265 91       		.byte	0x91
 3019 0266 6C       		.sleb128 -20
 3020 0267 00       		.byte	0
 3021 0268 0A       		.uleb128 0xa
ARM GAS  C:\Users\taips\AppData\Local\Temp\ccbT16OQ.s 			page 107


 3022 0269 CF040000 		.4byte	.LASF39
 3023 026d 01       		.byte	0x1
 3024 026e 4608     		.2byte	0x846
 3025 0270 00000000 		.4byte	.LFB7
 3026 0274 64000000 		.4byte	.LFE7-.LFB7
 3027 0278 01       		.uleb128 0x1
 3028 0279 9C       		.byte	0x9c
 3029 027a 8E020000 		.4byte	0x28e
 3030 027e 0B       		.uleb128 0xb
 3031 027f 11050000 		.4byte	.LASF40
 3032 0283 01       		.byte	0x1
 3033 0284 4608     		.2byte	0x846
 3034 0286 7F000000 		.4byte	0x7f
 3035 028a 02       		.uleb128 0x2
 3036 028b 91       		.byte	0x91
 3037 028c 74       		.sleb128 -12
 3038 028d 00       		.byte	0
 3039 028e 0F       		.uleb128 0xf
 3040 028f 0D060000 		.4byte	.LASF41
 3041 0293 01       		.byte	0x1
 3042 0294 6408     		.2byte	0x864
 3043 0296 00000000 		.4byte	.LFB8
 3044 029a 2C000000 		.4byte	.LFE8-.LFB8
 3045 029e 01       		.uleb128 0x1
 3046 029f 9C       		.byte	0x9c
 3047 02a0 10       		.uleb128 0x10
 3048 02a1 50020000 		.4byte	.LASF83
 3049 02a5 01       		.byte	0x1
 3050 02a6 7608     		.2byte	0x876
 3051 02a8 7F000000 		.4byte	0x7f
 3052 02ac 00000000 		.4byte	.LFB9
 3053 02b0 18000000 		.4byte	.LFE9-.LFB9
 3054 02b4 01       		.uleb128 0x1
 3055 02b5 9C       		.byte	0x9c
 3056 02b6 0F       		.uleb128 0xf
 3057 02b7 91010000 		.4byte	.LASF42
 3058 02bb 01       		.byte	0x1
 3059 02bc 8608     		.2byte	0x886
 3060 02be 00000000 		.4byte	.LFB10
 3061 02c2 14000000 		.4byte	.LFE10-.LFB10
 3062 02c6 01       		.uleb128 0x1
 3063 02c7 9C       		.byte	0x9c
 3064 02c8 11       		.uleb128 0x11
 3065 02c9 8B020000 		.4byte	.LASF44
 3066 02cd 01       		.byte	0x1
 3067 02ce A008     		.2byte	0x8a0
 3068 02d0 7F000000 		.4byte	0x7f
 3069 02d4 00000000 		.4byte	.LFB11
 3070 02d8 30000000 		.4byte	.LFE11-.LFB11
 3071 02dc 01       		.uleb128 0x1
 3072 02dd 9C       		.byte	0x9c
 3073 02de 01030000 		.4byte	0x301
 3074 02e2 0B       		.uleb128 0xb
 3075 02e3 6C050000 		.4byte	.LASF45
 3076 02e7 01       		.byte	0x1
 3077 02e8 A008     		.2byte	0x8a0
 3078 02ea 7F000000 		.4byte	0x7f
ARM GAS  C:\Users\taips\AppData\Local\Temp\ccbT16OQ.s 			page 108


 3079 02ee 02       		.uleb128 0x2
 3080 02ef 91       		.byte	0x91
 3081 02f0 6C       		.sleb128 -20
 3082 02f1 0C       		.uleb128 0xc
 3083 02f2 B0030000 		.4byte	.LASF46
 3084 02f6 01       		.byte	0x1
 3085 02f7 A208     		.2byte	0x8a2
 3086 02f9 7F000000 		.4byte	0x7f
 3087 02fd 02       		.uleb128 0x2
 3088 02fe 91       		.byte	0x91
 3089 02ff 74       		.sleb128 -12
 3090 0300 00       		.byte	0
 3091 0301 11       		.uleb128 0x11
 3092 0302 61000000 		.4byte	.LASF47
 3093 0306 01       		.byte	0x1
 3094 0307 B708     		.2byte	0x8b7
 3095 0309 7F000000 		.4byte	0x7f
 3096 030d 00000000 		.4byte	.LFB12
 3097 0311 24000000 		.4byte	.LFE12-.LFB12
 3098 0315 01       		.uleb128 0x1
 3099 0316 9C       		.byte	0x9c
 3100 0317 2B030000 		.4byte	0x32b
 3101 031b 0C       		.uleb128 0xc
 3102 031c 1E000000 		.4byte	.LASF48
 3103 0320 01       		.byte	0x1
 3104 0321 B908     		.2byte	0x8b9
 3105 0323 7F000000 		.4byte	0x7f
 3106 0327 02       		.uleb128 0x2
 3107 0328 91       		.byte	0x91
 3108 0329 74       		.sleb128 -12
 3109 032a 00       		.byte	0
 3110 032b 0D       		.uleb128 0xd
 3111 032c AC000000 		.4byte	.LASF49
 3112 0330 01       		.byte	0x1
 3113 0331 CE08     		.2byte	0x8ce
 3114 0333 00000000 		.4byte	.LFB13
 3115 0337 1C000000 		.4byte	.LFE13-.LFB13
 3116 033b 01       		.uleb128 0x1
 3117 033c 9C       		.byte	0x9c
 3118 033d 51030000 		.4byte	0x351
 3119 0341 0B       		.uleb128 0xb
 3120 0342 AF010000 		.4byte	.LASF50
 3121 0346 01       		.byte	0x1
 3122 0347 CE08     		.2byte	0x8ce
 3123 0349 7F000000 		.4byte	0x7f
 3124 034d 02       		.uleb128 0x2
 3125 034e 91       		.byte	0x91
 3126 034f 74       		.sleb128 -12
 3127 0350 00       		.byte	0
 3128 0351 0E       		.uleb128 0xe
 3129 0352 74030000 		.4byte	.LASF51
 3130 0356 01       		.byte	0x1
 3131 0357 E708     		.2byte	0x8e7
 3132 0359 C2000000 		.4byte	0xc2
 3133 035d 00000000 		.4byte	.LFB14
 3134 0361 48000000 		.4byte	.LFE14-.LFB14
 3135 0365 01       		.uleb128 0x1
ARM GAS  C:\Users\taips\AppData\Local\Temp\ccbT16OQ.s 			page 109


 3136 0366 9C       		.byte	0x9c
 3137 0367 A8030000 		.4byte	0x3a8
 3138 036b 0B       		.uleb128 0xb
 3139 036c C1020000 		.4byte	.LASF52
 3140 0370 01       		.byte	0x1
 3141 0371 E708     		.2byte	0x8e7
 3142 0373 67000000 		.4byte	0x67
 3143 0377 02       		.uleb128 0x2
 3144 0378 91       		.byte	0x91
 3145 0379 6F       		.sleb128 -17
 3146 037a 0B       		.uleb128 0xb
 3147 037b 61040000 		.4byte	.LASF53
 3148 037f 01       		.byte	0x1
 3149 0380 E708     		.2byte	0x8e7
 3150 0382 C2000000 		.4byte	0xc2
 3151 0386 02       		.uleb128 0x2
 3152 0387 91       		.byte	0x91
 3153 0388 68       		.sleb128 -24
 3154 0389 0C       		.uleb128 0xc
 3155 038a 53000000 		.4byte	.LASF54
 3156 038e 01       		.byte	0x1
 3157 038f E908     		.2byte	0x8e9
 3158 0391 C2000000 		.4byte	0xc2
 3159 0395 02       		.uleb128 0x2
 3160 0396 91       		.byte	0x91
 3161 0397 70       		.sleb128 -16
 3162 0398 0C       		.uleb128 0xc
 3163 0399 00000000 		.4byte	.LASF55
 3164 039d 01       		.byte	0x1
 3165 039e EA08     		.2byte	0x8ea
 3166 03a0 A8030000 		.4byte	0x3a8
 3167 03a4 02       		.uleb128 0x2
 3168 03a5 91       		.byte	0x91
 3169 03a6 74       		.sleb128 -12
 3170 03a7 00       		.byte	0
 3171 03a8 06       		.uleb128 0x6
 3172 03a9 04       		.byte	0x4
 3173 03aa C2000000 		.4byte	0xc2
 3174 03ae 0E       		.uleb128 0xe
 3175 03af 46050000 		.4byte	.LASF56
 3176 03b3 01       		.byte	0x1
 3177 03b4 0909     		.2byte	0x909
 3178 03b6 C2000000 		.4byte	0xc2
 3179 03ba 00000000 		.4byte	.LFB15
 3180 03be 34000000 		.4byte	.LFE15-.LFB15
 3181 03c2 01       		.uleb128 0x1
 3182 03c3 9C       		.byte	0x9c
 3183 03c4 E7030000 		.4byte	0x3e7
 3184 03c8 0B       		.uleb128 0xb
 3185 03c9 C1020000 		.4byte	.LASF52
 3186 03cd 01       		.byte	0x1
 3187 03ce 0909     		.2byte	0x909
 3188 03d0 67000000 		.4byte	0x67
 3189 03d4 02       		.uleb128 0x2
 3190 03d5 91       		.byte	0x91
 3191 03d6 6F       		.sleb128 -17
 3192 03d7 0C       		.uleb128 0xc
ARM GAS  C:\Users\taips\AppData\Local\Temp\ccbT16OQ.s 			page 110


 3193 03d8 00000000 		.4byte	.LASF55
 3194 03dc 01       		.byte	0x1
 3195 03dd 0B09     		.2byte	0x90b
 3196 03df A8030000 		.4byte	0x3a8
 3197 03e3 02       		.uleb128 0x2
 3198 03e4 91       		.byte	0x91
 3199 03e5 74       		.sleb128 -12
 3200 03e6 00       		.byte	0
 3201 03e7 0E       		.uleb128 0xe
 3202 03e8 B2020000 		.4byte	.LASF57
 3203 03ec 01       		.byte	0x1
 3204 03ed 1F09     		.2byte	0x91f
 3205 03ef C2000000 		.4byte	0xc2
 3206 03f3 00000000 		.4byte	.LFB16
 3207 03f7 4C000000 		.4byte	.LFE16-.LFB16
 3208 03fb 01       		.uleb128 0x1
 3209 03fc 9C       		.byte	0x9c
 3210 03fd 3E040000 		.4byte	0x43e
 3211 0401 0B       		.uleb128 0xb
 3212 0402 C1020000 		.4byte	.LASF52
 3213 0406 01       		.byte	0x1
 3214 0407 1F09     		.2byte	0x91f
 3215 0409 67000000 		.4byte	0x67
 3216 040d 02       		.uleb128 0x2
 3217 040e 91       		.byte	0x91
 3218 040f 6F       		.sleb128 -17
 3219 0410 0B       		.uleb128 0xb
 3220 0411 61040000 		.4byte	.LASF53
 3221 0415 01       		.byte	0x1
 3222 0416 1F09     		.2byte	0x91f
 3223 0418 C2000000 		.4byte	0xc2
 3224 041c 02       		.uleb128 0x2
 3225 041d 91       		.byte	0x91
 3226 041e 68       		.sleb128 -24
 3227 041f 0C       		.uleb128 0xc
 3228 0420 53000000 		.4byte	.LASF54
 3229 0424 01       		.byte	0x1
 3230 0425 2109     		.2byte	0x921
 3231 0427 C2000000 		.4byte	0xc2
 3232 042b 02       		.uleb128 0x2
 3233 042c 91       		.byte	0x91
 3234 042d 70       		.sleb128 -16
 3235 042e 0C       		.uleb128 0xc
 3236 042f 00000000 		.4byte	.LASF55
 3237 0433 01       		.byte	0x1
 3238 0434 2209     		.2byte	0x922
 3239 0436 A8030000 		.4byte	0x3a8
 3240 043a 02       		.uleb128 0x2
 3241 043b 91       		.byte	0x91
 3242 043c 74       		.sleb128 -12
 3243 043d 00       		.byte	0
 3244 043e 0E       		.uleb128 0xe
 3245 043f F0040000 		.4byte	.LASF58
 3246 0443 01       		.byte	0x1
 3247 0444 3B09     		.2byte	0x93b
 3248 0446 C2000000 		.4byte	0xc2
 3249 044a 00000000 		.4byte	.LFB17
ARM GAS  C:\Users\taips\AppData\Local\Temp\ccbT16OQ.s 			page 111


 3250 044e 36000000 		.4byte	.LFE17-.LFB17
 3251 0452 01       		.uleb128 0x1
 3252 0453 9C       		.byte	0x9c
 3253 0454 77040000 		.4byte	0x477
 3254 0458 0B       		.uleb128 0xb
 3255 0459 C1020000 		.4byte	.LASF52
 3256 045d 01       		.byte	0x1
 3257 045e 3B09     		.2byte	0x93b
 3258 0460 67000000 		.4byte	0x67
 3259 0464 02       		.uleb128 0x2
 3260 0465 91       		.byte	0x91
 3261 0466 6F       		.sleb128 -17
 3262 0467 0C       		.uleb128 0xc
 3263 0468 00000000 		.4byte	.LASF55
 3264 046c 01       		.byte	0x1
 3265 046d 3D09     		.2byte	0x93d
 3266 046f A8030000 		.4byte	0x3a8
 3267 0473 02       		.uleb128 0x2
 3268 0474 91       		.byte	0x91
 3269 0475 74       		.sleb128 -12
 3270 0476 00       		.byte	0
 3271 0477 0A       		.uleb128 0xa
 3272 0478 B8040000 		.4byte	.LASF59
 3273 047c 01       		.byte	0x1
 3274 047d 4E09     		.2byte	0x94e
 3275 047f 00000000 		.4byte	.LFB18
 3276 0483 A8000000 		.4byte	.LFE18-.LFB18
 3277 0487 01       		.uleb128 0x1
 3278 0488 9C       		.byte	0x9c
 3279 0489 D9040000 		.4byte	0x4d9
 3280 048d 0B       		.uleb128 0xb
 3281 048e C1020000 		.4byte	.LASF52
 3282 0492 01       		.byte	0x1
 3283 0493 4E09     		.2byte	0x94e
 3284 0495 67000000 		.4byte	0x67
 3285 0499 02       		.uleb128 0x2
 3286 049a 91       		.byte	0x91
 3287 049b 5F       		.sleb128 -33
 3288 049c 0B       		.uleb128 0xb
 3289 049d C8020000 		.4byte	.LASF60
 3290 04a1 01       		.byte	0x1
 3291 04a2 4E09     		.2byte	0x94e
 3292 04a4 67000000 		.4byte	0x67
 3293 04a8 02       		.uleb128 0x2
 3294 04a9 91       		.byte	0x91
 3295 04aa 5E       		.sleb128 -34
 3296 04ab 0C       		.uleb128 0xc
 3297 04ac 1B010000 		.4byte	.LASF23
 3298 04b0 01       		.byte	0x1
 3299 04b1 5009     		.2byte	0x950
 3300 04b3 67000000 		.4byte	0x67
 3301 04b7 02       		.uleb128 0x2
 3302 04b8 91       		.byte	0x91
 3303 04b9 6B       		.sleb128 -21
 3304 04ba 0C       		.uleb128 0xc
 3305 04bb 8B010000 		.4byte	.LASF61
 3306 04bf 01       		.byte	0x1
ARM GAS  C:\Users\taips\AppData\Local\Temp\ccbT16OQ.s 			page 112


 3307 04c0 5109     		.2byte	0x951
 3308 04c2 7F000000 		.4byte	0x7f
 3309 04c6 02       		.uleb128 0x2
 3310 04c7 91       		.byte	0x91
 3311 04c8 6C       		.sleb128 -20
 3312 04c9 0C       		.uleb128 0xc
 3313 04ca F8010000 		.4byte	.LASF62
 3314 04ce 01       		.byte	0x1
 3315 04cf 5209     		.2byte	0x952
 3316 04d1 7F000000 		.4byte	0x7f
 3317 04d5 02       		.uleb128 0x2
 3318 04d6 91       		.byte	0x91
 3319 04d7 64       		.sleb128 -28
 3320 04d8 00       		.byte	0
 3321 04d9 0E       		.uleb128 0xe
 3322 04da CC010000 		.4byte	.LASF63
 3323 04de 01       		.byte	0x1
 3324 04df 7009     		.2byte	0x970
 3325 04e1 67000000 		.4byte	0x67
 3326 04e5 00000000 		.4byte	.LFB19
 3327 04e9 58000000 		.4byte	.LFE19-.LFB19
 3328 04ed 01       		.uleb128 0x1
 3329 04ee 9C       		.byte	0x9c
 3330 04ef 12050000 		.4byte	0x512
 3331 04f3 0B       		.uleb128 0xb
 3332 04f4 C1020000 		.4byte	.LASF52
 3333 04f8 01       		.byte	0x1
 3334 04f9 7009     		.2byte	0x970
 3335 04fb 67000000 		.4byte	0x67
 3336 04ff 02       		.uleb128 0x2
 3337 0500 91       		.byte	0x91
 3338 0501 6F       		.sleb128 -17
 3339 0502 0C       		.uleb128 0xc
 3340 0503 C8020000 		.4byte	.LASF60
 3341 0507 01       		.byte	0x1
 3342 0508 7209     		.2byte	0x972
 3343 050a 67000000 		.4byte	0x67
 3344 050e 02       		.uleb128 0x2
 3345 050f 91       		.byte	0x91
 3346 0510 77       		.sleb128 -9
 3347 0511 00       		.byte	0
 3348 0512 0D       		.uleb128 0xd
 3349 0513 3A050000 		.4byte	.LASF64
 3350 0517 01       		.byte	0x1
 3351 0518 8509     		.2byte	0x985
 3352 051a 00000000 		.4byte	.LFB20
 3353 051e 2C000000 		.4byte	.LFE20-.LFB20
 3354 0522 01       		.uleb128 0x1
 3355 0523 9C       		.byte	0x9c
 3356 0524 38050000 		.4byte	0x538
 3357 0528 0B       		.uleb128 0xb
 3358 0529 C1020000 		.4byte	.LASF52
 3359 052d 01       		.byte	0x1
 3360 052e 8509     		.2byte	0x985
 3361 0530 67000000 		.4byte	0x67
 3362 0534 02       		.uleb128 0x2
 3363 0535 91       		.byte	0x91
ARM GAS  C:\Users\taips\AppData\Local\Temp\ccbT16OQ.s 			page 113


 3364 0536 77       		.sleb128 -9
 3365 0537 00       		.byte	0
 3366 0538 11       		.uleb128 0x11
 3367 0539 E2000000 		.4byte	.LASF65
 3368 053d 01       		.byte	0x1
 3369 053e 9709     		.2byte	0x997
 3370 0540 67000000 		.4byte	0x67
 3371 0544 00000000 		.4byte	.LFB21
 3372 0548 30000000 		.4byte	.LFE21-.LFB21
 3373 054c 01       		.uleb128 0x1
 3374 054d 9C       		.byte	0x9c
 3375 054e 62050000 		.4byte	0x562
 3376 0552 0B       		.uleb128 0xb
 3377 0553 C1020000 		.4byte	.LASF52
 3378 0557 01       		.byte	0x1
 3379 0558 9709     		.2byte	0x997
 3380 055a 67000000 		.4byte	0x67
 3381 055e 02       		.uleb128 0x2
 3382 055f 91       		.byte	0x91
 3383 0560 77       		.sleb128 -9
 3384 0561 00       		.byte	0
 3385 0562 0D       		.uleb128 0xd
 3386 0563 46010000 		.4byte	.LASF66
 3387 0567 01       		.byte	0x1
 3388 0568 A709     		.2byte	0x9a7
 3389 056a 00000000 		.4byte	.LFB22
 3390 056e 2C000000 		.4byte	.LFE22-.LFB22
 3391 0572 01       		.uleb128 0x1
 3392 0573 9C       		.byte	0x9c
 3393 0574 88050000 		.4byte	0x588
 3394 0578 0B       		.uleb128 0xb
 3395 0579 C1020000 		.4byte	.LASF52
 3396 057d 01       		.byte	0x1
 3397 057e A709     		.2byte	0x9a7
 3398 0580 67000000 		.4byte	0x67
 3399 0584 02       		.uleb128 0x2
 3400 0585 91       		.byte	0x91
 3401 0586 77       		.sleb128 -9
 3402 0587 00       		.byte	0
 3403 0588 0D       		.uleb128 0xd
 3404 0589 7B020000 		.4byte	.LASF67
 3405 058d 01       		.byte	0x1
 3406 058e B509     		.2byte	0x9b5
 3407 0590 00000000 		.4byte	.LFB23
 3408 0594 2C000000 		.4byte	.LFE23-.LFB23
 3409 0598 01       		.uleb128 0x1
 3410 0599 9C       		.byte	0x9c
 3411 059a AE050000 		.4byte	0x5ae
 3412 059e 0B       		.uleb128 0xb
 3413 059f C1020000 		.4byte	.LASF52
 3414 05a3 01       		.byte	0x1
 3415 05a4 B509     		.2byte	0x9b5
 3416 05a6 67000000 		.4byte	0x67
 3417 05aa 02       		.uleb128 0x2
 3418 05ab 91       		.byte	0x91
 3419 05ac 77       		.sleb128 -9
 3420 05ad 00       		.byte	0
ARM GAS  C:\Users\taips\AppData\Local\Temp\ccbT16OQ.s 			page 114


 3421 05ae 0D       		.uleb128 0xd
 3422 05af 43040000 		.4byte	.LASF68
 3423 05b3 01       		.byte	0x1
 3424 05b4 C409     		.2byte	0x9c4
 3425 05b6 00000000 		.4byte	.LFB24
 3426 05ba 2C000000 		.4byte	.LFE24-.LFB24
 3427 05be 01       		.uleb128 0x1
 3428 05bf 9C       		.byte	0x9c
 3429 05c0 D4050000 		.4byte	0x5d4
 3430 05c4 0B       		.uleb128 0xb
 3431 05c5 C1020000 		.4byte	.LASF52
 3432 05c9 01       		.byte	0x1
 3433 05ca C409     		.2byte	0x9c4
 3434 05cc 67000000 		.4byte	0x67
 3435 05d0 02       		.uleb128 0x2
 3436 05d1 91       		.byte	0x91
 3437 05d2 77       		.sleb128 -9
 3438 05d3 00       		.byte	0
 3439 05d4 0D       		.uleb128 0xd
 3440 05d5 1B050000 		.4byte	.LASF69
 3441 05d9 01       		.byte	0x1
 3442 05da D309     		.2byte	0x9d3
 3443 05dc 00000000 		.4byte	.LFB25
 3444 05e0 16000000 		.4byte	.LFE25-.LFB25
 3445 05e4 01       		.uleb128 0x1
 3446 05e5 9C       		.byte	0x9c
 3447 05e6 FA050000 		.4byte	0x5fa
 3448 05ea 0B       		.uleb128 0xb
 3449 05eb 6C050000 		.4byte	.LASF45
 3450 05ef 01       		.byte	0x1
 3451 05f0 D309     		.2byte	0x9d3
 3452 05f2 67000000 		.4byte	0x67
 3453 05f6 02       		.uleb128 0x2
 3454 05f7 91       		.byte	0x91
 3455 05f8 77       		.sleb128 -9
 3456 05f9 00       		.byte	0
 3457 05fa 0F       		.uleb128 0xf
 3458 05fb B9000000 		.4byte	.LASF70
 3459 05ff 01       		.byte	0x1
 3460 0600 EB09     		.2byte	0x9eb
 3461 0602 00000000 		.4byte	.LFB26
 3462 0606 24000000 		.4byte	.LFE26-.LFB26
 3463 060a 01       		.uleb128 0x1
 3464 060b 9C       		.byte	0x9c
 3465 060c 0A       		.uleb128 0xa
 3466 060d EB050000 		.4byte	.LASF71
 3467 0611 01       		.byte	0x1
 3468 0612 FF09     		.2byte	0x9ff
 3469 0614 00000000 		.4byte	.LFB27
 3470 0618 4C000000 		.4byte	.LFE27-.LFB27
 3471 061c 01       		.uleb128 0x1
 3472 061d 9C       		.byte	0x9c
 3473 061e 32060000 		.4byte	0x632
 3474 0622 0B       		.uleb128 0xb
 3475 0623 FF040000 		.4byte	.LASF72
 3476 0627 01       		.byte	0x1
 3477 0628 FF09     		.2byte	0x9ff
ARM GAS  C:\Users\taips\AppData\Local\Temp\ccbT16OQ.s 			page 115


 3478 062a 7F000000 		.4byte	0x7f
 3479 062e 02       		.uleb128 0x2
 3480 062f 91       		.byte	0x91
 3481 0630 74       		.sleb128 -12
 3482 0631 00       		.byte	0
 3483 0632 0A       		.uleb128 0xa
 3484 0633 62050000 		.4byte	.LASF73
 3485 0637 01       		.byte	0x1
 3486 0638 160A     		.2byte	0xa16
 3487 063a 00000000 		.4byte	.LFB28
 3488 063e 28000000 		.4byte	.LFE28-.LFB28
 3489 0642 01       		.uleb128 0x1
 3490 0643 9C       		.byte	0x9c
 3491 0644 58060000 		.4byte	0x658
 3492 0648 0B       		.uleb128 0xb
 3493 0649 64060000 		.4byte	.LASF74
 3494 064d 01       		.byte	0x1
 3495 064e 160A     		.2byte	0xa16
 3496 0650 73000000 		.4byte	0x73
 3497 0654 02       		.uleb128 0x2
 3498 0655 91       		.byte	0x91
 3499 0656 76       		.sleb128 -10
 3500 0657 00       		.byte	0
 3501 0658 0A       		.uleb128 0xa
 3502 0659 0F010000 		.4byte	.LASF75
 3503 065d 01       		.byte	0x1
 3504 065e 240A     		.2byte	0xa24
 3505 0660 00000000 		.4byte	.LFB29
 3506 0664 84000000 		.4byte	.LFE29-.LFB29
 3507 0668 01       		.uleb128 0x1
 3508 0669 9C       		.byte	0x9c
 3509 066a 7E060000 		.4byte	0x67e
 3510 066e 0B       		.uleb128 0xb
 3511 066f 0A010000 		.4byte	.LASF33
 3512 0673 01       		.byte	0x1
 3513 0674 240A     		.2byte	0xa24
 3514 0676 7F000000 		.4byte	0x7f
 3515 067a 02       		.uleb128 0x2
 3516 067b 91       		.byte	0x91
 3517 067c 74       		.sleb128 -12
 3518 067d 00       		.byte	0
 3519 067e 12       		.uleb128 0x12
 3520 067f A1030000 		.4byte	.LASF76
 3521 0683 01       		.byte	0x1
 3522 0684 440A     		.2byte	0xa44
 3523 0686 00000000 		.4byte	.LFB30
 3524 068a 24000000 		.4byte	.LFE30-.LFB30
 3525 068e 01       		.uleb128 0x1
 3526 068f 9C       		.byte	0x9c
 3527 0690 0A       		.uleb128 0xa
 3528 0691 EA010000 		.4byte	.LASF77
 3529 0695 01       		.byte	0x1
 3530 0696 610A     		.2byte	0xa61
 3531 0698 00000000 		.4byte	.LFB31
 3532 069c 5C000000 		.4byte	.LFE31-.LFB31
 3533 06a0 01       		.uleb128 0x1
 3534 06a1 9C       		.byte	0x9c
ARM GAS  C:\Users\taips\AppData\Local\Temp\ccbT16OQ.s 			page 116


 3535 06a2 B4060000 		.4byte	0x6b4
 3536 06a6 13       		.uleb128 0x13
 3537 06a7 6900     		.ascii	"i\000"
 3538 06a9 01       		.byte	0x1
 3539 06aa 630A     		.2byte	0xa63
 3540 06ac 7F000000 		.4byte	0x7f
 3541 06b0 02       		.uleb128 0x2
 3542 06b1 91       		.byte	0x91
 3543 06b2 74       		.sleb128 -12
 3544 06b3 00       		.byte	0
 3545 06b4 12       		.uleb128 0x12
 3546 06b5 85050000 		.4byte	.LASF78
 3547 06b9 01       		.byte	0x1
 3548 06ba 7F0A     		.2byte	0xa7f
 3549 06bc 00000000 		.4byte	.LFB32
 3550 06c0 20000000 		.4byte	.LFE32-.LFB32
 3551 06c4 01       		.uleb128 0x1
 3552 06c5 9C       		.byte	0x9c
 3553 06c6 0F       		.uleb128 0xf
 3554 06c7 2C060000 		.4byte	.LASF79
 3555 06cb 01       		.byte	0x1
 3556 06cc 900A     		.2byte	0xa90
 3557 06ce 00000000 		.4byte	.LFB33
 3558 06d2 1C000000 		.4byte	.LFE33-.LFB33
 3559 06d6 01       		.uleb128 0x1
 3560 06d7 9C       		.byte	0x9c
 3561 06d8 0F       		.uleb128 0xf
 3562 06d9 C9000000 		.4byte	.LASF80
 3563 06dd 01       		.byte	0x1
 3564 06de A00A     		.2byte	0xaa0
 3565 06e0 00000000 		.4byte	.LFB34
 3566 06e4 1C000000 		.4byte	.LFE34-.LFB34
 3567 06e8 01       		.uleb128 0x1
 3568 06e9 9C       		.byte	0x9c
 3569 06ea 0F       		.uleb128 0xf
 3570 06eb F3050000 		.4byte	.LASF81
 3571 06ef 01       		.byte	0x1
 3572 06f0 B00A     		.2byte	0xab0
 3573 06f2 00000000 		.4byte	.LFB35
 3574 06f6 1C000000 		.4byte	.LFE35-.LFB35
 3575 06fa 01       		.uleb128 0x1
 3576 06fb 9C       		.byte	0x9c
 3577 06fc 0D       		.uleb128 0xd
 3578 06fd 78060000 		.4byte	.LASF82
 3579 0701 01       		.byte	0x1
 3580 0702 C10A     		.2byte	0xac1
 3581 0704 00000000 		.4byte	.LFB36
 3582 0708 20000000 		.4byte	.LFE36-.LFB36
 3583 070c 01       		.uleb128 0x1
 3584 070d 9C       		.byte	0x9c
 3585 070e 22070000 		.4byte	0x722
 3586 0712 0B       		.uleb128 0xb
 3587 0713 F8010000 		.4byte	.LASF62
 3588 0717 01       		.byte	0x1
 3589 0718 C10A     		.2byte	0xac1
 3590 071a 7F000000 		.4byte	0x7f
 3591 071e 02       		.uleb128 0x2
ARM GAS  C:\Users\taips\AppData\Local\Temp\ccbT16OQ.s 			page 117


 3592 071f 91       		.byte	0x91
 3593 0720 74       		.sleb128 -12
 3594 0721 00       		.byte	0
 3595 0722 10       		.uleb128 0x10
 3596 0723 2A010000 		.4byte	.LASF84
 3597 0727 01       		.byte	0x1
 3598 0728 D10A     		.2byte	0xad1
 3599 072a 7F000000 		.4byte	0x7f
 3600 072e 00000000 		.4byte	.LFB37
 3601 0732 18000000 		.4byte	.LFE37-.LFB37
 3602 0736 01       		.uleb128 0x1
 3603 0737 9C       		.byte	0x9c
 3604 0738 10       		.uleb128 0x10
 3605 0739 98040000 		.4byte	.LASF85
 3606 073d 01       		.byte	0x1
 3607 073e E10A     		.2byte	0xae1
 3608 0740 7F000000 		.4byte	0x7f
 3609 0744 00000000 		.4byte	.LFB38
 3610 0748 18000000 		.4byte	.LFE38-.LFB38
 3611 074c 01       		.uleb128 0x1
 3612 074d 9C       		.byte	0x9c
 3613 074e 10       		.uleb128 0x10
 3614 074f 0C020000 		.4byte	.LASF86
 3615 0753 01       		.byte	0x1
 3616 0754 310B     		.2byte	0xb31
 3617 0756 7F000000 		.4byte	0x7f
 3618 075a 00000000 		.4byte	.LFB39
 3619 075e 18000000 		.4byte	.LFE39-.LFB39
 3620 0762 01       		.uleb128 0x1
 3621 0763 9C       		.byte	0x9c
 3622 0764 0F       		.uleb128 0xf
 3623 0765 2F020000 		.4byte	.LASF87
 3624 0769 01       		.byte	0x1
 3625 076a 3E0B     		.2byte	0xb3e
 3626 076c 00000000 		.4byte	.LFB40
 3627 0770 14000000 		.4byte	.LFE40-.LFB40
 3628 0774 01       		.uleb128 0x1
 3629 0775 9C       		.byte	0x9c
 3630 0776 11       		.uleb128 0x11
 3631 0777 AC050000 		.4byte	.LASF88
 3632 077b 01       		.byte	0x1
 3633 077c 610B     		.2byte	0xb61
 3634 077e E3000000 		.4byte	0xe3
 3635 0782 00000000 		.4byte	.LFB41
 3636 0786 2C000000 		.4byte	.LFE41-.LFB41
 3637 078a 01       		.uleb128 0x1
 3638 078b 9C       		.byte	0x9c
 3639 078c BE070000 		.4byte	0x7be
 3640 0790 0B       		.uleb128 0xb
 3641 0791 C1020000 		.4byte	.LASF52
 3642 0795 01       		.byte	0x1
 3643 0796 610B     		.2byte	0xb61
 3644 0798 7F000000 		.4byte	0x7f
 3645 079c 02       		.uleb128 0x2
 3646 079d 91       		.byte	0x91
 3647 079e 6C       		.sleb128 -20
 3648 079f 0B       		.uleb128 0xb
ARM GAS  C:\Users\taips\AppData\Local\Temp\ccbT16OQ.s 			page 118


 3649 07a0 7E040000 		.4byte	.LASF89
 3650 07a4 01       		.byte	0x1
 3651 07a5 610B     		.2byte	0xb61
 3652 07a7 E3000000 		.4byte	0xe3
 3653 07ab 02       		.uleb128 0x2
 3654 07ac 91       		.byte	0x91
 3655 07ad 68       		.sleb128 -24
 3656 07ae 0C       		.uleb128 0xc
 3657 07af 5A000000 		.4byte	.LASF90
 3658 07b3 01       		.byte	0x1
 3659 07b4 630B     		.2byte	0xb63
 3660 07b6 E3000000 		.4byte	0xe3
 3661 07ba 02       		.uleb128 0x2
 3662 07bb 91       		.byte	0x91
 3663 07bc 74       		.sleb128 -12
 3664 07bd 00       		.byte	0
 3665 07be 11       		.uleb128 0x11
 3666 07bf 53010000 		.4byte	.LASF91
 3667 07c3 01       		.byte	0x1
 3668 07c4 790B     		.2byte	0xb79
 3669 07c6 E3000000 		.4byte	0xe3
 3670 07ca 00000000 		.4byte	.LFB42
 3671 07ce 1C000000 		.4byte	.LFE42-.LFB42
 3672 07d2 01       		.uleb128 0x1
 3673 07d3 9C       		.byte	0x9c
 3674 07d4 E8070000 		.4byte	0x7e8
 3675 07d8 0B       		.uleb128 0xb
 3676 07d9 C1020000 		.4byte	.LASF52
 3677 07dd 01       		.byte	0x1
 3678 07de 790B     		.2byte	0xb79
 3679 07e0 7F000000 		.4byte	0x7f
 3680 07e4 02       		.uleb128 0x2
 3681 07e5 91       		.byte	0x91
 3682 07e6 74       		.sleb128 -12
 3683 07e7 00       		.byte	0
 3684 07e8 14       		.uleb128 0x14
 3685 07e9 8B060000 		.4byte	.LASF104
 3686 07ed 01       		.byte	0x1
 3687 07ee 860B     		.2byte	0xb86
 3688 07f0 00000000 		.4byte	.LFB43
 3689 07f4 44000000 		.4byte	.LFE43-.LFB43
 3690 07f8 01       		.uleb128 0x1
 3691 07f9 9C       		.byte	0x9c
 3692 07fa 0C080000 		.4byte	0x80c
 3693 07fe 13       		.uleb128 0x13
 3694 07ff 6900     		.ascii	"i\000"
 3695 0801 01       		.byte	0x1
 3696 0802 880B     		.2byte	0xb88
 3697 0804 7F000000 		.4byte	0x7f
 3698 0808 02       		.uleb128 0x2
 3699 0809 91       		.byte	0x91
 3700 080a 74       		.sleb128 -12
 3701 080b 00       		.byte	0
 3702 080c 0D       		.uleb128 0xd
 3703 080d FE010000 		.4byte	.LASF92
 3704 0811 01       		.byte	0x1
 3705 0812 A60B     		.2byte	0xba6
ARM GAS  C:\Users\taips\AppData\Local\Temp\ccbT16OQ.s 			page 119


 3706 0814 00000000 		.4byte	.LFB44
 3707 0818 C0000000 		.4byte	.LFE44-.LFB44
 3708 081c 01       		.uleb128 0x1
 3709 081d 9C       		.byte	0x9c
 3710 081e 32080000 		.4byte	0x832
 3711 0822 0B       		.uleb128 0xb
 3712 0823 E2050000 		.4byte	.LASF93
 3713 0827 01       		.byte	0x1
 3714 0828 A60B     		.2byte	0xba6
 3715 082a 32080000 		.4byte	0x832
 3716 082e 02       		.uleb128 0x2
 3717 082f 91       		.byte	0x91
 3718 0830 74       		.sleb128 -12
 3719 0831 00       		.byte	0
 3720 0832 06       		.uleb128 0x6
 3721 0833 04       		.byte	0x4
 3722 0834 7F000000 		.4byte	0x7f
 3723 0838 15       		.uleb128 0x15
 3724 0839 E3000000 		.4byte	0xe3
 3725 083d 48080000 		.4byte	0x848
 3726 0841 16       		.uleb128 0x16
 3727 0842 DC000000 		.4byte	0xdc
 3728 0846 04       		.byte	0x4
 3729 0847 00       		.byte	0
 3730 0848 17       		.uleb128 0x17
 3731 0849 C1050000 		.4byte	.LASF94
 3732 084d 01       		.byte	0x1
 3733 084e 22       		.byte	0x22
 3734 084f 38080000 		.4byte	0x838
 3735 0853 05       		.uleb128 0x5
 3736 0854 03       		.byte	0x3
 3737 0855 00000000 		.4byte	CySysTickCallbacks
 3738 0859 18       		.uleb128 0x18
 3739 085a AA040000 		.4byte	.LASF95
 3740 085e 01       		.byte	0x1
 3741 085f 1B       		.byte	0x1b
 3742 0860 7F000000 		.4byte	0x7f
 3743 0864 05       		.uleb128 0x5
 3744 0865 03       		.byte	0x3
 3745 0866 00000000 		.4byte	cydelayFreqHz
 3746 086a 18       		.uleb128 0x18
 3747 086b 6E010000 		.4byte	.LASF96
 3748 086f 01       		.byte	0x1
 3749 0870 1C       		.byte	0x1c
 3750 0871 7F000000 		.4byte	0x7f
 3751 0875 05       		.uleb128 0x5
 3752 0876 03       		.byte	0x3
 3753 0877 00000000 		.4byte	cydelayFreqKhz
 3754 087b 18       		.uleb128 0x18
 3755 087c 1D060000 		.4byte	.LASF97
 3756 0880 01       		.byte	0x1
 3757 0881 1D       		.byte	0x1d
 3758 0882 67000000 		.4byte	0x67
 3759 0886 05       		.uleb128 0x5
 3760 0887 03       		.byte	0x3
 3761 0888 00000000 		.4byte	cydelayFreqMhz
 3762 088c 18       		.uleb128 0x18
ARM GAS  C:\Users\taips\AppData\Local\Temp\ccbT16OQ.s 			page 120


 3763 088d DD010000 		.4byte	.LASF98
 3764 0891 01       		.byte	0x1
 3765 0892 1E       		.byte	0x1e
 3766 0893 7F000000 		.4byte	0x7f
 3767 0897 05       		.uleb128 0x5
 3768 0898 03       		.byte	0x3
 3769 0899 00000000 		.4byte	cydelay32kMs
 3770 089d 18       		.uleb128 0x18
 3771 089e 9B000000 		.4byte	.LASF99
 3772 08a2 01       		.byte	0x1
 3773 08a3 36       		.byte	0x36
 3774 08a4 7F000000 		.4byte	0x7f
 3775 08a8 05       		.uleb128 0x5
 3776 08a9 03       		.byte	0x3
 3777 08aa 00000000 		.4byte	CySysTickInitVar
 3778 08ae 15       		.uleb128 0x15
 3779 08af BE080000 		.4byte	0x8be
 3780 08b3 BE080000 		.4byte	0x8be
 3781 08b7 16       		.uleb128 0x16
 3782 08b8 DC000000 		.4byte	0xdc
 3783 08bc 2D       		.byte	0x2d
 3784 08bd 00       		.byte	0
 3785 08be 19       		.uleb128 0x19
 3786 08bf 67000000 		.4byte	0x67
 3787 08c3 18       		.uleb128 0x18
 3788 08c4 87040000 		.4byte	.LASF100
 3789 08c8 01       		.byte	0x1
 3790 08c9 3B       		.byte	0x3b
 3791 08ca D4080000 		.4byte	0x8d4
 3792 08ce 05       		.uleb128 0x5
 3793 08cf 03       		.byte	0x3
 3794 08d0 00000000 		.4byte	cyImoFreqMhz2Reg
 3795 08d4 19       		.uleb128 0x19
 3796 08d5 AE080000 		.4byte	0x8ae
 3797 08d9 18       		.uleb128 0x18
 3798 08da 40000000 		.4byte	.LASF101
 3799 08de 01       		.byte	0x1
 3800 08df 5B       		.byte	0x5b
 3801 08e0 7F000000 		.4byte	0x7f
 3802 08e4 05       		.uleb128 0x5
 3803 08e5 03       		.byte	0x3
 3804 08e6 00000000 		.4byte	CySysClkPumpConfig
 3805 08ea 00       		.byte	0
 3806              		.section	.debug_abbrev,"",%progbits
 3807              	.Ldebug_abbrev0:
 3808 0000 01       		.uleb128 0x1
 3809 0001 11       		.uleb128 0x11
 3810 0002 01       		.byte	0x1
 3811 0003 25       		.uleb128 0x25
 3812 0004 0E       		.uleb128 0xe
 3813 0005 13       		.uleb128 0x13
 3814 0006 0B       		.uleb128 0xb
 3815 0007 03       		.uleb128 0x3
 3816 0008 0E       		.uleb128 0xe
 3817 0009 55       		.uleb128 0x55
 3818 000a 17       		.uleb128 0x17
 3819 000b 11       		.uleb128 0x11
ARM GAS  C:\Users\taips\AppData\Local\Temp\ccbT16OQ.s 			page 121


 3820 000c 01       		.uleb128 0x1
 3821 000d 10       		.uleb128 0x10
 3822 000e 17       		.uleb128 0x17
 3823 000f 00       		.byte	0
 3824 0010 00       		.byte	0
 3825 0011 02       		.uleb128 0x2
 3826 0012 24       		.uleb128 0x24
 3827 0013 00       		.byte	0
 3828 0014 0B       		.uleb128 0xb
 3829 0015 0B       		.uleb128 0xb
 3830 0016 3E       		.uleb128 0x3e
 3831 0017 0B       		.uleb128 0xb
 3832 0018 03       		.uleb128 0x3
 3833 0019 0E       		.uleb128 0xe
 3834 001a 00       		.byte	0
 3835 001b 00       		.byte	0
 3836 001c 03       		.uleb128 0x3
 3837 001d 24       		.uleb128 0x24
 3838 001e 00       		.byte	0
 3839 001f 0B       		.uleb128 0xb
 3840 0020 0B       		.uleb128 0xb
 3841 0021 3E       		.uleb128 0x3e
 3842 0022 0B       		.uleb128 0xb
 3843 0023 03       		.uleb128 0x3
 3844 0024 08       		.uleb128 0x8
 3845 0025 00       		.byte	0
 3846 0026 00       		.byte	0
 3847 0027 04       		.uleb128 0x4
 3848 0028 16       		.uleb128 0x16
 3849 0029 00       		.byte	0
 3850 002a 03       		.uleb128 0x3
 3851 002b 0E       		.uleb128 0xe
 3852 002c 3A       		.uleb128 0x3a
 3853 002d 0B       		.uleb128 0xb
 3854 002e 3B       		.uleb128 0x3b
 3855 002f 05       		.uleb128 0x5
 3856 0030 49       		.uleb128 0x49
 3857 0031 13       		.uleb128 0x13
 3858 0032 00       		.byte	0
 3859 0033 00       		.byte	0
 3860 0034 05       		.uleb128 0x5
 3861 0035 35       		.uleb128 0x35
 3862 0036 00       		.byte	0
 3863 0037 49       		.uleb128 0x49
 3864 0038 13       		.uleb128 0x13
 3865 0039 00       		.byte	0
 3866 003a 00       		.byte	0
 3867 003b 06       		.uleb128 0x6
 3868 003c 0F       		.uleb128 0xf
 3869 003d 00       		.byte	0
 3870 003e 0B       		.uleb128 0xb
 3871 003f 0B       		.uleb128 0xb
 3872 0040 49       		.uleb128 0x49
 3873 0041 13       		.uleb128 0x13
 3874 0042 00       		.byte	0
 3875 0043 00       		.byte	0
 3876 0044 07       		.uleb128 0x7
ARM GAS  C:\Users\taips\AppData\Local\Temp\ccbT16OQ.s 			page 122


 3877 0045 15       		.uleb128 0x15
 3878 0046 00       		.byte	0
 3879 0047 27       		.uleb128 0x27
 3880 0048 19       		.uleb128 0x19
 3881 0049 00       		.byte	0
 3882 004a 00       		.byte	0
 3883 004b 08       		.uleb128 0x8
 3884 004c 16       		.uleb128 0x16
 3885 004d 00       		.byte	0
 3886 004e 03       		.uleb128 0x3
 3887 004f 0E       		.uleb128 0xe
 3888 0050 3A       		.uleb128 0x3a
 3889 0051 0B       		.uleb128 0xb
 3890 0052 3B       		.uleb128 0x3b
 3891 0053 0B       		.uleb128 0xb
 3892 0054 49       		.uleb128 0x49
 3893 0055 13       		.uleb128 0x13
 3894 0056 00       		.byte	0
 3895 0057 00       		.byte	0
 3896 0058 09       		.uleb128 0x9
 3897 0059 2E       		.uleb128 0x2e
 3898 005a 00       		.byte	0
 3899 005b 3F       		.uleb128 0x3f
 3900 005c 19       		.uleb128 0x19
 3901 005d 03       		.uleb128 0x3
 3902 005e 0E       		.uleb128 0xe
 3903 005f 3A       		.uleb128 0x3a
 3904 0060 0B       		.uleb128 0xb
 3905 0061 3B       		.uleb128 0x3b
 3906 0062 0B       		.uleb128 0xb
 3907 0063 27       		.uleb128 0x27
 3908 0064 19       		.uleb128 0x19
 3909 0065 11       		.uleb128 0x11
 3910 0066 01       		.uleb128 0x1
 3911 0067 12       		.uleb128 0x12
 3912 0068 06       		.uleb128 0x6
 3913 0069 40       		.uleb128 0x40
 3914 006a 18       		.uleb128 0x18
 3915 006b 9742     		.uleb128 0x2117
 3916 006d 19       		.uleb128 0x19
 3917 006e 00       		.byte	0
 3918 006f 00       		.byte	0
 3919 0070 0A       		.uleb128 0xa
 3920 0071 2E       		.uleb128 0x2e
 3921 0072 01       		.byte	0x1
 3922 0073 3F       		.uleb128 0x3f
 3923 0074 19       		.uleb128 0x19
 3924 0075 03       		.uleb128 0x3
 3925 0076 0E       		.uleb128 0xe
 3926 0077 3A       		.uleb128 0x3a
 3927 0078 0B       		.uleb128 0xb
 3928 0079 3B       		.uleb128 0x3b
 3929 007a 05       		.uleb128 0x5
 3930 007b 27       		.uleb128 0x27
 3931 007c 19       		.uleb128 0x19
 3932 007d 11       		.uleb128 0x11
 3933 007e 01       		.uleb128 0x1
ARM GAS  C:\Users\taips\AppData\Local\Temp\ccbT16OQ.s 			page 123


 3934 007f 12       		.uleb128 0x12
 3935 0080 06       		.uleb128 0x6
 3936 0081 40       		.uleb128 0x40
 3937 0082 18       		.uleb128 0x18
 3938 0083 9642     		.uleb128 0x2116
 3939 0085 19       		.uleb128 0x19
 3940 0086 01       		.uleb128 0x1
 3941 0087 13       		.uleb128 0x13
 3942 0088 00       		.byte	0
 3943 0089 00       		.byte	0
 3944 008a 0B       		.uleb128 0xb
 3945 008b 05       		.uleb128 0x5
 3946 008c 00       		.byte	0
 3947 008d 03       		.uleb128 0x3
 3948 008e 0E       		.uleb128 0xe
 3949 008f 3A       		.uleb128 0x3a
 3950 0090 0B       		.uleb128 0xb
 3951 0091 3B       		.uleb128 0x3b
 3952 0092 05       		.uleb128 0x5
 3953 0093 49       		.uleb128 0x49
 3954 0094 13       		.uleb128 0x13
 3955 0095 02       		.uleb128 0x2
 3956 0096 18       		.uleb128 0x18
 3957 0097 00       		.byte	0
 3958 0098 00       		.byte	0
 3959 0099 0C       		.uleb128 0xc
 3960 009a 34       		.uleb128 0x34
 3961 009b 00       		.byte	0
 3962 009c 03       		.uleb128 0x3
 3963 009d 0E       		.uleb128 0xe
 3964 009e 3A       		.uleb128 0x3a
 3965 009f 0B       		.uleb128 0xb
 3966 00a0 3B       		.uleb128 0x3b
 3967 00a1 05       		.uleb128 0x5
 3968 00a2 49       		.uleb128 0x49
 3969 00a3 13       		.uleb128 0x13
 3970 00a4 02       		.uleb128 0x2
 3971 00a5 18       		.uleb128 0x18
 3972 00a6 00       		.byte	0
 3973 00a7 00       		.byte	0
 3974 00a8 0D       		.uleb128 0xd
 3975 00a9 2E       		.uleb128 0x2e
 3976 00aa 01       		.byte	0x1
 3977 00ab 3F       		.uleb128 0x3f
 3978 00ac 19       		.uleb128 0x19
 3979 00ad 03       		.uleb128 0x3
 3980 00ae 0E       		.uleb128 0xe
 3981 00af 3A       		.uleb128 0x3a
 3982 00b0 0B       		.uleb128 0xb
 3983 00b1 3B       		.uleb128 0x3b
 3984 00b2 05       		.uleb128 0x5
 3985 00b3 27       		.uleb128 0x27
 3986 00b4 19       		.uleb128 0x19
 3987 00b5 11       		.uleb128 0x11
 3988 00b6 01       		.uleb128 0x1
 3989 00b7 12       		.uleb128 0x12
 3990 00b8 06       		.uleb128 0x6
ARM GAS  C:\Users\taips\AppData\Local\Temp\ccbT16OQ.s 			page 124


 3991 00b9 40       		.uleb128 0x40
 3992 00ba 18       		.uleb128 0x18
 3993 00bb 9742     		.uleb128 0x2117
 3994 00bd 19       		.uleb128 0x19
 3995 00be 01       		.uleb128 0x1
 3996 00bf 13       		.uleb128 0x13
 3997 00c0 00       		.byte	0
 3998 00c1 00       		.byte	0
 3999 00c2 0E       		.uleb128 0xe
 4000 00c3 2E       		.uleb128 0x2e
 4001 00c4 01       		.byte	0x1
 4002 00c5 3F       		.uleb128 0x3f
 4003 00c6 19       		.uleb128 0x19
 4004 00c7 03       		.uleb128 0x3
 4005 00c8 0E       		.uleb128 0xe
 4006 00c9 3A       		.uleb128 0x3a
 4007 00ca 0B       		.uleb128 0xb
 4008 00cb 3B       		.uleb128 0x3b
 4009 00cc 05       		.uleb128 0x5
 4010 00cd 27       		.uleb128 0x27
 4011 00ce 19       		.uleb128 0x19
 4012 00cf 49       		.uleb128 0x49
 4013 00d0 13       		.uleb128 0x13
 4014 00d1 11       		.uleb128 0x11
 4015 00d2 01       		.uleb128 0x1
 4016 00d3 12       		.uleb128 0x12
 4017 00d4 06       		.uleb128 0x6
 4018 00d5 40       		.uleb128 0x40
 4019 00d6 18       		.uleb128 0x18
 4020 00d7 9642     		.uleb128 0x2116
 4021 00d9 19       		.uleb128 0x19
 4022 00da 01       		.uleb128 0x1
 4023 00db 13       		.uleb128 0x13
 4024 00dc 00       		.byte	0
 4025 00dd 00       		.byte	0
 4026 00de 0F       		.uleb128 0xf
 4027 00df 2E       		.uleb128 0x2e
 4028 00e0 00       		.byte	0
 4029 00e1 3F       		.uleb128 0x3f
 4030 00e2 19       		.uleb128 0x19
 4031 00e3 03       		.uleb128 0x3
 4032 00e4 0E       		.uleb128 0xe
 4033 00e5 3A       		.uleb128 0x3a
 4034 00e6 0B       		.uleb128 0xb
 4035 00e7 3B       		.uleb128 0x3b
 4036 00e8 05       		.uleb128 0x5
 4037 00e9 27       		.uleb128 0x27
 4038 00ea 19       		.uleb128 0x19
 4039 00eb 11       		.uleb128 0x11
 4040 00ec 01       		.uleb128 0x1
 4041 00ed 12       		.uleb128 0x12
 4042 00ee 06       		.uleb128 0x6
 4043 00ef 40       		.uleb128 0x40
 4044 00f0 18       		.uleb128 0x18
 4045 00f1 9742     		.uleb128 0x2117
 4046 00f3 19       		.uleb128 0x19
 4047 00f4 00       		.byte	0
ARM GAS  C:\Users\taips\AppData\Local\Temp\ccbT16OQ.s 			page 125


 4048 00f5 00       		.byte	0
 4049 00f6 10       		.uleb128 0x10
 4050 00f7 2E       		.uleb128 0x2e
 4051 00f8 00       		.byte	0
 4052 00f9 3F       		.uleb128 0x3f
 4053 00fa 19       		.uleb128 0x19
 4054 00fb 03       		.uleb128 0x3
 4055 00fc 0E       		.uleb128 0xe
 4056 00fd 3A       		.uleb128 0x3a
 4057 00fe 0B       		.uleb128 0xb
 4058 00ff 3B       		.uleb128 0x3b
 4059 0100 05       		.uleb128 0x5
 4060 0101 27       		.uleb128 0x27
 4061 0102 19       		.uleb128 0x19
 4062 0103 49       		.uleb128 0x49
 4063 0104 13       		.uleb128 0x13
 4064 0105 11       		.uleb128 0x11
 4065 0106 01       		.uleb128 0x1
 4066 0107 12       		.uleb128 0x12
 4067 0108 06       		.uleb128 0x6
 4068 0109 40       		.uleb128 0x40
 4069 010a 18       		.uleb128 0x18
 4070 010b 9742     		.uleb128 0x2117
 4071 010d 19       		.uleb128 0x19
 4072 010e 00       		.byte	0
 4073 010f 00       		.byte	0
 4074 0110 11       		.uleb128 0x11
 4075 0111 2E       		.uleb128 0x2e
 4076 0112 01       		.byte	0x1
 4077 0113 3F       		.uleb128 0x3f
 4078 0114 19       		.uleb128 0x19
 4079 0115 03       		.uleb128 0x3
 4080 0116 0E       		.uleb128 0xe
 4081 0117 3A       		.uleb128 0x3a
 4082 0118 0B       		.uleb128 0xb
 4083 0119 3B       		.uleb128 0x3b
 4084 011a 05       		.uleb128 0x5
 4085 011b 27       		.uleb128 0x27
 4086 011c 19       		.uleb128 0x19
 4087 011d 49       		.uleb128 0x49
 4088 011e 13       		.uleb128 0x13
 4089 011f 11       		.uleb128 0x11
 4090 0120 01       		.uleb128 0x1
 4091 0121 12       		.uleb128 0x12
 4092 0122 06       		.uleb128 0x6
 4093 0123 40       		.uleb128 0x40
 4094 0124 18       		.uleb128 0x18
 4095 0125 9742     		.uleb128 0x2117
 4096 0127 19       		.uleb128 0x19
 4097 0128 01       		.uleb128 0x1
 4098 0129 13       		.uleb128 0x13
 4099 012a 00       		.byte	0
 4100 012b 00       		.byte	0
 4101 012c 12       		.uleb128 0x12
 4102 012d 2E       		.uleb128 0x2e
 4103 012e 00       		.byte	0
 4104 012f 3F       		.uleb128 0x3f
ARM GAS  C:\Users\taips\AppData\Local\Temp\ccbT16OQ.s 			page 126


 4105 0130 19       		.uleb128 0x19
 4106 0131 03       		.uleb128 0x3
 4107 0132 0E       		.uleb128 0xe
 4108 0133 3A       		.uleb128 0x3a
 4109 0134 0B       		.uleb128 0xb
 4110 0135 3B       		.uleb128 0x3b
 4111 0136 05       		.uleb128 0x5
 4112 0137 27       		.uleb128 0x27
 4113 0138 19       		.uleb128 0x19
 4114 0139 11       		.uleb128 0x11
 4115 013a 01       		.uleb128 0x1
 4116 013b 12       		.uleb128 0x12
 4117 013c 06       		.uleb128 0x6
 4118 013d 40       		.uleb128 0x40
 4119 013e 18       		.uleb128 0x18
 4120 013f 9642     		.uleb128 0x2116
 4121 0141 19       		.uleb128 0x19
 4122 0142 00       		.byte	0
 4123 0143 00       		.byte	0
 4124 0144 13       		.uleb128 0x13
 4125 0145 34       		.uleb128 0x34
 4126 0146 00       		.byte	0
 4127 0147 03       		.uleb128 0x3
 4128 0148 08       		.uleb128 0x8
 4129 0149 3A       		.uleb128 0x3a
 4130 014a 0B       		.uleb128 0xb
 4131 014b 3B       		.uleb128 0x3b
 4132 014c 05       		.uleb128 0x5
 4133 014d 49       		.uleb128 0x49
 4134 014e 13       		.uleb128 0x13
 4135 014f 02       		.uleb128 0x2
 4136 0150 18       		.uleb128 0x18
 4137 0151 00       		.byte	0
 4138 0152 00       		.byte	0
 4139 0153 14       		.uleb128 0x14
 4140 0154 2E       		.uleb128 0x2e
 4141 0155 01       		.byte	0x1
 4142 0156 03       		.uleb128 0x3
 4143 0157 0E       		.uleb128 0xe
 4144 0158 3A       		.uleb128 0x3a
 4145 0159 0B       		.uleb128 0xb
 4146 015a 3B       		.uleb128 0x3b
 4147 015b 05       		.uleb128 0x5
 4148 015c 27       		.uleb128 0x27
 4149 015d 19       		.uleb128 0x19
 4150 015e 11       		.uleb128 0x11
 4151 015f 01       		.uleb128 0x1
 4152 0160 12       		.uleb128 0x12
 4153 0161 06       		.uleb128 0x6
 4154 0162 40       		.uleb128 0x40
 4155 0163 18       		.uleb128 0x18
 4156 0164 9642     		.uleb128 0x2116
 4157 0166 19       		.uleb128 0x19
 4158 0167 01       		.uleb128 0x1
 4159 0168 13       		.uleb128 0x13
 4160 0169 00       		.byte	0
 4161 016a 00       		.byte	0
ARM GAS  C:\Users\taips\AppData\Local\Temp\ccbT16OQ.s 			page 127


 4162 016b 15       		.uleb128 0x15
 4163 016c 01       		.uleb128 0x1
 4164 016d 01       		.byte	0x1
 4165 016e 49       		.uleb128 0x49
 4166 016f 13       		.uleb128 0x13
 4167 0170 01       		.uleb128 0x1
 4168 0171 13       		.uleb128 0x13
 4169 0172 00       		.byte	0
 4170 0173 00       		.byte	0
 4171 0174 16       		.uleb128 0x16
 4172 0175 21       		.uleb128 0x21
 4173 0176 00       		.byte	0
 4174 0177 49       		.uleb128 0x49
 4175 0178 13       		.uleb128 0x13
 4176 0179 2F       		.uleb128 0x2f
 4177 017a 0B       		.uleb128 0xb
 4178 017b 00       		.byte	0
 4179 017c 00       		.byte	0
 4180 017d 17       		.uleb128 0x17
 4181 017e 34       		.uleb128 0x34
 4182 017f 00       		.byte	0
 4183 0180 03       		.uleb128 0x3
 4184 0181 0E       		.uleb128 0xe
 4185 0182 3A       		.uleb128 0x3a
 4186 0183 0B       		.uleb128 0xb
 4187 0184 3B       		.uleb128 0x3b
 4188 0185 0B       		.uleb128 0xb
 4189 0186 49       		.uleb128 0x49
 4190 0187 13       		.uleb128 0x13
 4191 0188 02       		.uleb128 0x2
 4192 0189 18       		.uleb128 0x18
 4193 018a 00       		.byte	0
 4194 018b 00       		.byte	0
 4195 018c 18       		.uleb128 0x18
 4196 018d 34       		.uleb128 0x34
 4197 018e 00       		.byte	0
 4198 018f 03       		.uleb128 0x3
 4199 0190 0E       		.uleb128 0xe
 4200 0191 3A       		.uleb128 0x3a
 4201 0192 0B       		.uleb128 0xb
 4202 0193 3B       		.uleb128 0x3b
 4203 0194 0B       		.uleb128 0xb
 4204 0195 49       		.uleb128 0x49
 4205 0196 13       		.uleb128 0x13
 4206 0197 3F       		.uleb128 0x3f
 4207 0198 19       		.uleb128 0x19
 4208 0199 02       		.uleb128 0x2
 4209 019a 18       		.uleb128 0x18
 4210 019b 00       		.byte	0
 4211 019c 00       		.byte	0
 4212 019d 19       		.uleb128 0x19
 4213 019e 26       		.uleb128 0x26
 4214 019f 00       		.byte	0
 4215 01a0 49       		.uleb128 0x49
 4216 01a1 13       		.uleb128 0x13
 4217 01a2 00       		.byte	0
 4218 01a3 00       		.byte	0
ARM GAS  C:\Users\taips\AppData\Local\Temp\ccbT16OQ.s 			page 128


 4219 01a4 00       		.byte	0
 4220              		.section	.debug_aranges,"",%progbits
 4221 0000 7C010000 		.4byte	0x17c
 4222 0004 0200     		.2byte	0x2
 4223 0006 00000000 		.4byte	.Ldebug_info0
 4224 000a 04       		.byte	0x4
 4225 000b 00       		.byte	0
 4226 000c 0000     		.2byte	0
 4227 000e 0000     		.2byte	0
 4228 0010 00000000 		.4byte	.LFB0
 4229 0014 1C000000 		.4byte	.LFE0-.LFB0
 4230 0018 00000000 		.4byte	.LFB1
 4231 001c 1C000000 		.4byte	.LFE1-.LFB1
 4232 0020 00000000 		.4byte	.LFB2
 4233 0024 48000000 		.4byte	.LFE2-.LFB2
 4234 0028 00000000 		.4byte	.LFB3
 4235 002c 50000000 		.4byte	.LFE3-.LFB3
 4236 0030 00000000 		.4byte	.LFB4
 4237 0034 34000000 		.4byte	.LFE4-.LFB4
 4238 0038 00000000 		.4byte	.LFB5
 4239 003c 48000000 		.4byte	.LFE5-.LFB5
 4240 0040 00000000 		.4byte	.LFB6
 4241 0044 EC010000 		.4byte	.LFE6-.LFB6
 4242 0048 00000000 		.4byte	.LFB7
 4243 004c 64000000 		.4byte	.LFE7-.LFB7
 4244 0050 00000000 		.4byte	.LFB8
 4245 0054 2C000000 		.4byte	.LFE8-.LFB8
 4246 0058 00000000 		.4byte	.LFB9
 4247 005c 18000000 		.4byte	.LFE9-.LFB9
 4248 0060 00000000 		.4byte	.LFB10
 4249 0064 14000000 		.4byte	.LFE10-.LFB10
 4250 0068 00000000 		.4byte	.LFB11
 4251 006c 30000000 		.4byte	.LFE11-.LFB11
 4252 0070 00000000 		.4byte	.LFB12
 4253 0074 24000000 		.4byte	.LFE12-.LFB12
 4254 0078 00000000 		.4byte	.LFB13
 4255 007c 1C000000 		.4byte	.LFE13-.LFB13
 4256 0080 00000000 		.4byte	.LFB14
 4257 0084 48000000 		.4byte	.LFE14-.LFB14
 4258 0088 00000000 		.4byte	.LFB15
 4259 008c 34000000 		.4byte	.LFE15-.LFB15
 4260 0090 00000000 		.4byte	.LFB16
 4261 0094 4C000000 		.4byte	.LFE16-.LFB16
 4262 0098 00000000 		.4byte	.LFB17
 4263 009c 36000000 		.4byte	.LFE17-.LFB17
 4264 00a0 00000000 		.4byte	.LFB18
 4265 00a4 A8000000 		.4byte	.LFE18-.LFB18
 4266 00a8 00000000 		.4byte	.LFB19
 4267 00ac 58000000 		.4byte	.LFE19-.LFB19
 4268 00b0 00000000 		.4byte	.LFB20
 4269 00b4 2C000000 		.4byte	.LFE20-.LFB20
 4270 00b8 00000000 		.4byte	.LFB21
 4271 00bc 30000000 		.4byte	.LFE21-.LFB21
 4272 00c0 00000000 		.4byte	.LFB22
 4273 00c4 2C000000 		.4byte	.LFE22-.LFB22
 4274 00c8 00000000 		.4byte	.LFB23
 4275 00cc 2C000000 		.4byte	.LFE23-.LFB23
ARM GAS  C:\Users\taips\AppData\Local\Temp\ccbT16OQ.s 			page 129


 4276 00d0 00000000 		.4byte	.LFB24
 4277 00d4 2C000000 		.4byte	.LFE24-.LFB24
 4278 00d8 00000000 		.4byte	.LFB25
 4279 00dc 16000000 		.4byte	.LFE25-.LFB25
 4280 00e0 00000000 		.4byte	.LFB26
 4281 00e4 24000000 		.4byte	.LFE26-.LFB26
 4282 00e8 00000000 		.4byte	.LFB27
 4283 00ec 4C000000 		.4byte	.LFE27-.LFB27
 4284 00f0 00000000 		.4byte	.LFB28
 4285 00f4 28000000 		.4byte	.LFE28-.LFB28
 4286 00f8 00000000 		.4byte	.LFB29
 4287 00fc 84000000 		.4byte	.LFE29-.LFB29
 4288 0100 00000000 		.4byte	.LFB30
 4289 0104 24000000 		.4byte	.LFE30-.LFB30
 4290 0108 00000000 		.4byte	.LFB31
 4291 010c 5C000000 		.4byte	.LFE31-.LFB31
 4292 0110 00000000 		.4byte	.LFB32
 4293 0114 20000000 		.4byte	.LFE32-.LFB32
 4294 0118 00000000 		.4byte	.LFB33
 4295 011c 1C000000 		.4byte	.LFE33-.LFB33
 4296 0120 00000000 		.4byte	.LFB34
 4297 0124 1C000000 		.4byte	.LFE34-.LFB34
 4298 0128 00000000 		.4byte	.LFB35
 4299 012c 1C000000 		.4byte	.LFE35-.LFB35
 4300 0130 00000000 		.4byte	.LFB36
 4301 0134 20000000 		.4byte	.LFE36-.LFB36
 4302 0138 00000000 		.4byte	.LFB37
 4303 013c 18000000 		.4byte	.LFE37-.LFB37
 4304 0140 00000000 		.4byte	.LFB38
 4305 0144 18000000 		.4byte	.LFE38-.LFB38
 4306 0148 00000000 		.4byte	.LFB39
 4307 014c 18000000 		.4byte	.LFE39-.LFB39
 4308 0150 00000000 		.4byte	.LFB40
 4309 0154 14000000 		.4byte	.LFE40-.LFB40
 4310 0158 00000000 		.4byte	.LFB41
 4311 015c 2C000000 		.4byte	.LFE41-.LFB41
 4312 0160 00000000 		.4byte	.LFB42
 4313 0164 1C000000 		.4byte	.LFE42-.LFB42
 4314 0168 00000000 		.4byte	.LFB43
 4315 016c 44000000 		.4byte	.LFE43-.LFB43
 4316 0170 00000000 		.4byte	.LFB44
 4317 0174 C0000000 		.4byte	.LFE44-.LFB44
 4318 0178 00000000 		.4byte	0
 4319 017c 00000000 		.4byte	0
 4320              		.section	.debug_ranges,"",%progbits
 4321              	.Ldebug_ranges0:
 4322 0000 00000000 		.4byte	.LFB0
 4323 0004 1C000000 		.4byte	.LFE0
 4324 0008 00000000 		.4byte	.LFB1
 4325 000c 1C000000 		.4byte	.LFE1
 4326 0010 00000000 		.4byte	.LFB2
 4327 0014 48000000 		.4byte	.LFE2
 4328 0018 00000000 		.4byte	.LFB3
 4329 001c 50000000 		.4byte	.LFE3
 4330 0020 00000000 		.4byte	.LFB4
 4331 0024 34000000 		.4byte	.LFE4
 4332 0028 00000000 		.4byte	.LFB5
ARM GAS  C:\Users\taips\AppData\Local\Temp\ccbT16OQ.s 			page 130


 4333 002c 48000000 		.4byte	.LFE5
 4334 0030 00000000 		.4byte	.LFB6
 4335 0034 EC010000 		.4byte	.LFE6
 4336 0038 00000000 		.4byte	.LFB7
 4337 003c 64000000 		.4byte	.LFE7
 4338 0040 00000000 		.4byte	.LFB8
 4339 0044 2C000000 		.4byte	.LFE8
 4340 0048 00000000 		.4byte	.LFB9
 4341 004c 18000000 		.4byte	.LFE9
 4342 0050 00000000 		.4byte	.LFB10
 4343 0054 14000000 		.4byte	.LFE10
 4344 0058 00000000 		.4byte	.LFB11
 4345 005c 30000000 		.4byte	.LFE11
 4346 0060 00000000 		.4byte	.LFB12
 4347 0064 24000000 		.4byte	.LFE12
 4348 0068 00000000 		.4byte	.LFB13
 4349 006c 1C000000 		.4byte	.LFE13
 4350 0070 00000000 		.4byte	.LFB14
 4351 0074 48000000 		.4byte	.LFE14
 4352 0078 00000000 		.4byte	.LFB15
 4353 007c 34000000 		.4byte	.LFE15
 4354 0080 00000000 		.4byte	.LFB16
 4355 0084 4C000000 		.4byte	.LFE16
 4356 0088 00000000 		.4byte	.LFB17
 4357 008c 36000000 		.4byte	.LFE17
 4358 0090 00000000 		.4byte	.LFB18
 4359 0094 A8000000 		.4byte	.LFE18
 4360 0098 00000000 		.4byte	.LFB19
 4361 009c 58000000 		.4byte	.LFE19
 4362 00a0 00000000 		.4byte	.LFB20
 4363 00a4 2C000000 		.4byte	.LFE20
 4364 00a8 00000000 		.4byte	.LFB21
 4365 00ac 30000000 		.4byte	.LFE21
 4366 00b0 00000000 		.4byte	.LFB22
 4367 00b4 2C000000 		.4byte	.LFE22
 4368 00b8 00000000 		.4byte	.LFB23
 4369 00bc 2C000000 		.4byte	.LFE23
 4370 00c0 00000000 		.4byte	.LFB24
 4371 00c4 2C000000 		.4byte	.LFE24
 4372 00c8 00000000 		.4byte	.LFB25
 4373 00cc 16000000 		.4byte	.LFE25
 4374 00d0 00000000 		.4byte	.LFB26
 4375 00d4 24000000 		.4byte	.LFE26
 4376 00d8 00000000 		.4byte	.LFB27
 4377 00dc 4C000000 		.4byte	.LFE27
 4378 00e0 00000000 		.4byte	.LFB28
 4379 00e4 28000000 		.4byte	.LFE28
 4380 00e8 00000000 		.4byte	.LFB29
 4381 00ec 84000000 		.4byte	.LFE29
 4382 00f0 00000000 		.4byte	.LFB30
 4383 00f4 24000000 		.4byte	.LFE30
 4384 00f8 00000000 		.4byte	.LFB31
 4385 00fc 5C000000 		.4byte	.LFE31
 4386 0100 00000000 		.4byte	.LFB32
 4387 0104 20000000 		.4byte	.LFE32
 4388 0108 00000000 		.4byte	.LFB33
 4389 010c 1C000000 		.4byte	.LFE33
ARM GAS  C:\Users\taips\AppData\Local\Temp\ccbT16OQ.s 			page 131


 4390 0110 00000000 		.4byte	.LFB34
 4391 0114 1C000000 		.4byte	.LFE34
 4392 0118 00000000 		.4byte	.LFB35
 4393 011c 1C000000 		.4byte	.LFE35
 4394 0120 00000000 		.4byte	.LFB36
 4395 0124 20000000 		.4byte	.LFE36
 4396 0128 00000000 		.4byte	.LFB37
 4397 012c 18000000 		.4byte	.LFE37
 4398 0130 00000000 		.4byte	.LFB38
 4399 0134 18000000 		.4byte	.LFE38
 4400 0138 00000000 		.4byte	.LFB39
 4401 013c 18000000 		.4byte	.LFE39
 4402 0140 00000000 		.4byte	.LFB40
 4403 0144 14000000 		.4byte	.LFE40
 4404 0148 00000000 		.4byte	.LFB41
 4405 014c 2C000000 		.4byte	.LFE41
 4406 0150 00000000 		.4byte	.LFB42
 4407 0154 1C000000 		.4byte	.LFE42
 4408 0158 00000000 		.4byte	.LFB43
 4409 015c 44000000 		.4byte	.LFE43
 4410 0160 00000000 		.4byte	.LFB44
 4411 0164 C0000000 		.4byte	.LFE44
 4412 0168 00000000 		.4byte	0
 4413 016c 00000000 		.4byte	0
 4414              		.section	.debug_line,"",%progbits
 4415              	.Ldebug_line0:
 4416 0000 D4040000 		.section	.debug_str,"MS",%progbits,1
 4416      0200AB00 
 4416      00000201 
 4416      FB0E0D00 
 4416      01010101 
 4417              	.LASF55:
 4418 0000 72616D56 		.ascii	"ramVectorTable\000"
 4418      6563746F 
 4418      72546162 
 4418      6C6500
 4419              	.LASF34:
 4420 000f 62675472 		.ascii	"bgTrim4\000"
 4420      696D3400 
 4421              	.LASF10:
 4422 0017 75696E74 		.ascii	"uint16\000"
 4422      313600
 4423              	.LASF48:
 4424 001e 696E7453 		.ascii	"intState\000"
 4424      74617465 
 4424      00
 4425              	.LASF25:
 4426 0027 43795379 		.ascii	"CySysClkWriteHfclkDirect\000"
 4426      73436C6B 
 4426      57726974 
 4426      65486663 
 4426      6C6B4469 
 4427              	.LASF101:
 4428 0040 43795379 		.ascii	"CySysClkPumpConfig\000"
 4428      73436C6B 
 4428      50756D70 
 4428      436F6E66 
ARM GAS  C:\Users\taips\AppData\Local\Temp\ccbT16OQ.s 			page 132


 4428      696700
 4429              	.LASF54:
 4430 0053 6F6C6449 		.ascii	"oldIsr\000"
 4430      737200
 4431              	.LASF90:
 4432 005a 72657456 		.ascii	"retVal\000"
 4432      616C00
 4433              	.LASF47:
 4434 0061 43794469 		.ascii	"CyDisableInts\000"
 4434      7361626C 
 4434      65496E74 
 4434      7300
 4435              	.LASF37:
 4436 006f 63757272 		.ascii	"currentImoTrim2Value\000"
 4436      656E7449 
 4436      6D6F5472 
 4436      696D3256 
 4436      616C7565 
 4437              	.LASF7:
 4438 0084 6C6F6E67 		.ascii	"long long unsigned int\000"
 4438      206C6F6E 
 4438      6720756E 
 4438      7369676E 
 4438      65642069 
 4439              	.LASF99:
 4440 009b 43795379 		.ascii	"CySysTickInitVar\000"
 4440      73546963 
 4440      6B496E69 
 4440      74566172 
 4440      00
 4441              	.LASF49:
 4442 00ac 4379456E 		.ascii	"CyEnableInts\000"
 4442      61626C65 
 4442      496E7473 
 4442      00
 4443              	.LASF70:
 4444 00b9 4379536F 		.ascii	"CySoftwareReset\000"
 4444      66747761 
 4444      72655265 
 4444      73657400 
 4445              	.LASF80:
 4446 00c9 43795379 		.ascii	"CySysTickEnableInterrupt\000"
 4446      73546963 
 4446      6B456E61 
 4446      626C6549 
 4446      6E746572 
 4447              	.LASF65:
 4448 00e2 4379496E 		.ascii	"CyIntGetState\000"
 4448      74476574 
 4448      53746174 
 4448      6500
 4449              	.LASF6:
 4450 00f0 6C6F6E67 		.ascii	"long long int\000"
 4450      206C6F6E 
 4450      6720696E 
 4450      7400
 4451              	.LASF0:
ARM GAS  C:\Users\taips\AppData\Local\Temp\ccbT16OQ.s 			page 133


 4452 00fe 7369676E 		.ascii	"signed char\000"
 4452      65642063 
 4452      68617200 
 4453              	.LASF33:
 4454 010a 66726571 		.ascii	"freq\000"
 4454      00
 4455              	.LASF75:
 4456 010f 43794465 		.ascii	"CyDelayFreq\000"
 4456      6C617946 
 4456      72657100 
 4457              	.LASF23:
 4458 011b 696E7465 		.ascii	"interruptState\000"
 4458      72727570 
 4458      74537461 
 4458      746500
 4459              	.LASF84:
 4460 012a 43795379 		.ascii	"CySysTickGetReload\000"
 4460      73546963 
 4460      6B476574 
 4460      52656C6F 
 4460      616400
 4461              	.LASF4:
 4462 013d 6C6F6E67 		.ascii	"long int\000"
 4462      20696E74 
 4462      00
 4463              	.LASF66:
 4464 0146 4379496E 		.ascii	"CyIntDisable\000"
 4464      74446973 
 4464      61626C65 
 4464      00
 4465              	.LASF91:
 4466 0153 43795379 		.ascii	"CySysTickGetCallback\000"
 4466      73546963 
 4466      6B476574 
 4466      43616C6C 
 4466      6261636B 
 4467              	.LASF9:
 4468 0168 75696E74 		.ascii	"uint8\000"
 4468      3800
 4469              	.LASF96:
 4470 016e 63796465 		.ascii	"cydelayFreqKhz\000"
 4470      6C617946 
 4470      7265714B 
 4470      687A00
 4471              	.LASF28:
 4472 017d 656E6162 		.ascii	"enable\000"
 4472      6C6500
 4473              	.LASF13:
 4474 0184 646F7562 		.ascii	"double\000"
 4474      6C6500
 4475              	.LASF61:
 4476 018b 73686966 		.ascii	"shift\000"
 4476      7400
 4477              	.LASF42:
 4478 0191 43795379 		.ascii	"CySysLvdClearInterrupt\000"
 4478      734C7664 
 4478      436C6561 
ARM GAS  C:\Users\taips\AppData\Local\Temp\ccbT16OQ.s 			page 134


 4478      72496E74 
 4478      65727275 
 4479              	.LASF11:
 4480 01a8 75696E74 		.ascii	"uint32\000"
 4480      333200
 4481              	.LASF50:
 4482 01af 6D61736B 		.ascii	"mask\000"
 4482      00
 4483              	.LASF43:
 4484 01b4 43795379 		.ascii	"CySysClkGetSysclkSource\000"
 4484      73436C6B 
 4484      47657453 
 4484      7973636C 
 4484      6B536F75 
 4485              	.LASF63:
 4486 01cc 4379496E 		.ascii	"CyIntGetPriority\000"
 4486      74476574 
 4486      5072696F 
 4486      72697479 
 4486      00
 4487              	.LASF98:
 4488 01dd 63796465 		.ascii	"cydelay32kMs\000"
 4488      6C617933 
 4488      326B4D73 
 4488      00
 4489              	.LASF77:
 4490 01ea 43795379 		.ascii	"CySysTickInit\000"
 4490      73546963 
 4490      6B496E69 
 4490      7400
 4491              	.LASF62:
 4492 01f8 76616C75 		.ascii	"value\000"
 4492      6500
 4493              	.LASF92:
 4494 01fe 43794765 		.ascii	"CyGetUniqueId\000"
 4494      74556E69 
 4494      71756549 
 4494      6400
 4495              	.LASF86:
 4496 020c 43795379 		.ascii	"CySysTickGetCountFlag\000"
 4496      73546963 
 4496      6B476574 
 4496      436F756E 
 4496      74466C61 
 4497              	.LASF8:
 4498 0222 756E7369 		.ascii	"unsigned int\000"
 4498      676E6564 
 4498      20696E74 
 4498      00
 4499              	.LASF87:
 4500 022f 43795379 		.ascii	"CySysTickClear\000"
 4500      73546963 
 4500      6B436C65 
 4500      617200
 4501              	.LASF5:
 4502 023e 6C6F6E67 		.ascii	"long unsigned int\000"
 4502      20756E73 
ARM GAS  C:\Users\taips\AppData\Local\Temp\ccbT16OQ.s 			page 135


 4502      69676E65 
 4502      6420696E 
 4502      7400
 4503              	.LASF83:
 4504 0250 43795379 		.ascii	"CySysLvdGetInterruptSource\000"
 4504      734C7664 
 4504      47657449 
 4504      6E746572 
 4504      72757074 
 4505              	.LASF22:
 4506 026b 43795379 		.ascii	"CySysClkImoStop\000"
 4506      73436C6B 
 4506      496D6F53 
 4506      746F7000 
 4507              	.LASF67:
 4508 027b 4379496E 		.ascii	"CyIntSetPending\000"
 4508      74536574 
 4508      50656E64 
 4508      696E6700 
 4509              	.LASF44:
 4510 028b 43795379 		.ascii	"CySysGetResetReason\000"
 4510      73476574 
 4510      52657365 
 4510      74526561 
 4510      736F6E00 
 4511              	.LASF3:
 4512 029f 73686F72 		.ascii	"short unsigned int\000"
 4512      7420756E 
 4512      7369676E 
 4512      65642069 
 4512      6E7400
 4513              	.LASF57:
 4514 02b2 4379496E 		.ascii	"CyIntSetVector\000"
 4514      74536574 
 4514      56656374 
 4514      6F7200
 4515              	.LASF52:
 4516 02c1 6E756D62 		.ascii	"number\000"
 4516      657200
 4517              	.LASF60:
 4518 02c8 7072696F 		.ascii	"priority\000"
 4518      72697479 
 4518      00
 4519              	.LASF32:
 4520 02d1 43795379 		.ascii	"CySysClkWriteImoFreq\000"
 4520      73436C6B 
 4520      57726974 
 4520      65496D6F 
 4520      46726571 
 4521              	.LASF102:
 4522 02e6 474E5520 		.ascii	"GNU C11 5.4.1 20160609 (release) [ARM/embedded-5-br"
 4522      43313120 
 4522      352E342E 
 4522      31203230 
 4522      31363036 
 4523 0319 616E6368 		.ascii	"anch revision 237715] -mcpu=cortex-m0 -mthumb -g -O"
 4523      20726576 
ARM GAS  C:\Users\taips\AppData\Local\Temp\ccbT16OQ.s 			page 136


 4523      6973696F 
 4523      6E203233 
 4523      37373135 
 4524 034c 30202D66 		.ascii	"0 -ffunction-sections -ffat-lto-objects\000"
 4524      66756E63 
 4524      74696F6E 
 4524      2D736563 
 4524      74696F6E 
 4525              	.LASF51:
 4526 0374 4379496E 		.ascii	"CyIntSetSysVector\000"
 4526      74536574 
 4526      53797356 
 4526      6563746F 
 4526      7200
 4527              	.LASF26:
 4528 0386 43795379 		.ascii	"CySysEnablePumpClock\000"
 4528      73456E61 
 4528      626C6550 
 4528      756D7043 
 4528      6C6F636B 
 4529              	.LASF16:
 4530 039b 72656733 		.ascii	"reg32\000"
 4530      3200
 4531              	.LASF76:
 4532 03a1 43795379 		.ascii	"CySysTickStart\000"
 4532      73546963 
 4532      6B537461 
 4532      727400
 4533              	.LASF46:
 4534 03b0 72657475 		.ascii	"returnStatus\000"
 4534      726E5374 
 4534      61747573 
 4534      00
 4535              	.LASF103:
 4536 03bd 433A5C50 		.ascii	"C:\\Program Files (x86)\\Cypress\\PSoC Creator\\4.4"
 4536      726F6772 
 4536      616D2046 
 4536      696C6573 
 4536      20287838 
 4537 03ec 5C50536F 		.ascii	"\\PSoC Creator\\1\\CapSense_CSD_P4_Design01.cydsn\\"
 4537      43204372 
 4537      6561746F 
 4537      725C315C 
 4537      43617053 
 4538 041b 47656E65 		.ascii	"Generated_Source\\PSoC4\\CyLib.c\000"
 4538      72617465 
 4538      645F536F 
 4538      75726365 
 4538      5C50536F 
 4539              	.LASF19:
 4540 043a 73697A65 		.ascii	"sizetype\000"
 4540      74797065 
 4540      00
 4541              	.LASF68:
 4542 0443 4379496E 		.ascii	"CyIntClearPending\000"
 4542      74436C65 
 4542      61725065 
ARM GAS  C:\Users\taips\AppData\Local\Temp\ccbT16OQ.s 			page 137


 4542      6E64696E 
 4542      6700
 4543              	.LASF18:
 4544 0455 6C6F6E67 		.ascii	"long double\000"
 4544      20646F75 
 4544      626C6500 
 4545              	.LASF53:
 4546 0461 61646472 		.ascii	"address\000"
 4546      65737300 
 4547              	.LASF35:
 4548 0469 62675472 		.ascii	"bgTrim5\000"
 4548      696D3500 
 4549              	.LASF29:
 4550 0471 73797363 		.ascii	"sysclkSource\000"
 4550      6C6B536F 
 4550      75726365 
 4550      00
 4551              	.LASF89:
 4552 047e 66756E63 		.ascii	"function\000"
 4552      74696F6E 
 4552      00
 4553              	.LASF100:
 4554 0487 6379496D 		.ascii	"cyImoFreqMhz2Reg\000"
 4554      6F467265 
 4554      714D687A 
 4554      32526567 
 4554      00
 4555              	.LASF85:
 4556 0498 43795379 		.ascii	"CySysTickGetValue\000"
 4556      73546963 
 4556      6B476574 
 4556      56616C75 
 4556      6500
 4557              	.LASF95:
 4558 04aa 63796465 		.ascii	"cydelayFreqHz\000"
 4558      6C617946 
 4558      72657148 
 4558      7A00
 4559              	.LASF59:
 4560 04b8 4379496E 		.ascii	"CyIntSetPriority\000"
 4560      74536574 
 4560      5072696F 
 4560      72697479 
 4560      00
 4561              	.LASF12:
 4562 04c9 666C6F61 		.ascii	"float\000"
 4562      7400
 4563              	.LASF39:
 4564 04cf 43795379 		.ascii	"CySysLvdEnable\000"
 4564      734C7664 
 4564      456E6162 
 4564      6C6500
 4565              	.LASF20:
 4566 04de 63795379 		.ascii	"cySysTickCallback\000"
 4566      73546963 
 4566      6B43616C 
 4566      6C626163 
ARM GAS  C:\Users\taips\AppData\Local\Temp\ccbT16OQ.s 			page 138


 4566      6B00
 4567              	.LASF58:
 4568 04f0 4379496E 		.ascii	"CyIntGetVector\000"
 4568      74476574 
 4568      56656374 
 4568      6F7200
 4569              	.LASF72:
 4570 04ff 6D696C6C 		.ascii	"milliseconds\000"
 4570      69736563 
 4570      6F6E6473 
 4570      00
 4571              	.LASF15:
 4572 050c 72656738 		.ascii	"reg8\000"
 4572      00
 4573              	.LASF40:
 4574 0511 74687265 		.ascii	"threshold\000"
 4574      73686F6C 
 4574      6400
 4575              	.LASF69:
 4576 051b 43794861 		.ascii	"CyHalt\000"
 4576      6C7400
 4577              	.LASF1:
 4578 0522 756E7369 		.ascii	"unsigned char\000"
 4578      676E6564 
 4578      20636861 
 4578      7200
 4579              	.LASF2:
 4580 0530 73686F72 		.ascii	"short int\000"
 4580      7420696E 
 4580      7400
 4581              	.LASF64:
 4582 053a 4379496E 		.ascii	"CyIntEnable\000"
 4582      74456E61 
 4582      626C6500 
 4583              	.LASF56:
 4584 0546 4379496E 		.ascii	"CyIntGetSysVector\000"
 4584      74476574 
 4584      53797356 
 4584      6563746F 
 4584      7200
 4585              	.LASF27:
 4586 0558 636C6B53 		.ascii	"clkSelect\000"
 4586      656C6563 
 4586      7400
 4587              	.LASF73:
 4588 0562 43794465 		.ascii	"CyDelayUs\000"
 4588      6C617955 
 4588      7300
 4589              	.LASF45:
 4590 056c 72656173 		.ascii	"reason\000"
 4590      6F6E00
 4591              	.LASF14:
 4592 0573 63686172 		.ascii	"char\000"
 4592      00
 4593              	.LASF17:
 4594 0578 63796973 		.ascii	"cyisraddress\000"
 4594      72616464 
ARM GAS  C:\Users\taips\AppData\Local\Temp\ccbT16OQ.s 			page 139


 4594      72657373 
 4594      00
 4595              	.LASF78:
 4596 0585 43795379 		.ascii	"CySysTickEnable\000"
 4596      73546963 
 4596      6B456E61 
 4596      626C6500 
 4597              	.LASF30:
 4598 0595 43795379 		.ascii	"CySysClkWriteSysclkDiv\000"
 4598      73436C6B 
 4598      57726974 
 4598      65537973 
 4598      636C6B44 
 4599              	.LASF88:
 4600 05ac 43795379 		.ascii	"CySysTickSetCallback\000"
 4600      73546963 
 4600      6B536574 
 4600      43616C6C 
 4600      6261636B 
 4601              	.LASF94:
 4602 05c1 43795379 		.ascii	"CySysTickCallbacks\000"
 4602      73546963 
 4602      6B43616C 
 4602      6C626163 
 4602      6B7300
 4603              	.LASF38:
 4604 05d4 696D6F54 		.ascii	"imoTrim1Value\000"
 4604      72696D31 
 4604      56616C75 
 4604      6500
 4605              	.LASF93:
 4606 05e2 756E6971 		.ascii	"uniqueId\000"
 4606      75654964 
 4606      00
 4607              	.LASF71:
 4608 05eb 43794465 		.ascii	"CyDelay\000"
 4608      6C617900 
 4609              	.LASF81:
 4610 05f3 43795379 		.ascii	"CySysTickDisableInterrupt\000"
 4610      73546963 
 4610      6B446973 
 4610      61626C65 
 4610      496E7465 
 4611              	.LASF41:
 4612 060d 43795379 		.ascii	"CySysLvdDisable\000"
 4612      734C7664 
 4612      44697361 
 4612      626C6500 
 4613              	.LASF97:
 4614 061d 63796465 		.ascii	"cydelayFreqMhz\000"
 4614      6C617946 
 4614      7265714D 
 4614      687A00
 4615              	.LASF79:
 4616 062c 43795379 		.ascii	"CySysTickStop\000"
 4616      73546963 
 4616      6B53746F 
ARM GAS  C:\Users\taips\AppData\Local\Temp\ccbT16OQ.s 			page 140


 4616      7000
 4617              	.LASF31:
 4618 063a 64697669 		.ascii	"divider\000"
 4618      64657200 
 4619              	.LASF21:
 4620 0642 43795379 		.ascii	"CySysClkImoStart\000"
 4620      73436C6B 
 4620      496D6F53 
 4620      74617274 
 4620      00
 4621              	.LASF36:
 4622 0653 6E657749 		.ascii	"newImoTrim2Value\000"
 4622      6D6F5472 
 4622      696D3256 
 4622      616C7565 
 4622      00
 4623              	.LASF74:
 4624 0664 6D696372 		.ascii	"microseconds\000"
 4624      6F736563 
 4624      6F6E6473 
 4624      00
 4625              	.LASF24:
 4626 0671 746D7052 		.ascii	"tmpReg\000"
 4626      656700
 4627              	.LASF82:
 4628 0678 43795379 		.ascii	"CySysTickSetReload\000"
 4628      73546963 
 4628      6B536574 
 4628      52656C6F 
 4628      616400
 4629              	.LASF104:
 4630 068b 43795379 		.ascii	"CySysTickServiceCallbacks\000"
 4630      73546963 
 4630      6B536572 
 4630      76696365 
 4630      43616C6C 
 4631              		.ident	"GCC: (GNU Tools for ARM Embedded Processors) 5.4.1 20160609 (release) [ARM/embedded-5-bran
