ARM GAS  C:\Users\taips\AppData\Local\Temp\ccmc5Snf.s 			page 1


   1              		.syntax unified
   2              		.cpu cortex-m0
   3              		.fpu softvfp
   4              		.eabi_attribute 20, 1
   5              		.eabi_attribute 21, 1
   6              		.eabi_attribute 23, 3
   7              		.eabi_attribute 24, 1
   8              		.eabi_attribute 25, 1
   9              		.eabi_attribute 26, 1
  10              		.eabi_attribute 30, 6
  11              		.eabi_attribute 34, 0
  12              		.eabi_attribute 18, 4
  13              		.thumb
  14              		.syntax unified
  15              		.file	"cyPm.c"
  16              		.text
  17              	.Ltext0:
  18              		.cfi_sections	.debug_frame
  19              		.section	.text.CySysPmSleep,"ax",%progbits
  20              		.align	2
  21              		.global	CySysPmSleep
  22              		.code	16
  23              		.thumb_func
  24              		.type	CySysPmSleep, %function
  25              	CySysPmSleep:
  26              	.LFB0:
  27              		.file 1 "C:\\Program Files (x86)\\Cypress\\PSoC Creator\\4.4\\PSoC Creator\\1\\CapSense_CSD_P4_Des
   1:C:\Program Files (x86)\Cypress\PSoC Creator\4.4\PSoC Creator\1\CapSense_CSD_P4_Design01.cydsn\Generated_Source\PSoC4\cyPm.c **** /***************************************************************************//**
   2:C:\Program Files (x86)\Cypress\PSoC Creator\4.4\PSoC Creator\1\CapSense_CSD_P4_Design01.cydsn\Generated_Source\PSoC4\cyPm.c **** * \file cyPm.c
   3:C:\Program Files (x86)\Cypress\PSoC Creator\4.4\PSoC Creator\1\CapSense_CSD_P4_Design01.cydsn\Generated_Source\PSoC4\cyPm.c **** * \version 5.60
   4:C:\Program Files (x86)\Cypress\PSoC Creator\4.4\PSoC Creator\1\CapSense_CSD_P4_Design01.cydsn\Generated_Source\PSoC4\cyPm.c **** *
   5:C:\Program Files (x86)\Cypress\PSoC Creator\4.4\PSoC Creator\1\CapSense_CSD_P4_Design01.cydsn\Generated_Source\PSoC4\cyPm.c **** * \brief Provides an API for the power management.
   6:C:\Program Files (x86)\Cypress\PSoC Creator\4.4\PSoC Creator\1\CapSense_CSD_P4_Design01.cydsn\Generated_Source\PSoC4\cyPm.c **** *
   7:C:\Program Files (x86)\Cypress\PSoC Creator\4.4\PSoC Creator\1\CapSense_CSD_P4_Design01.cydsn\Generated_Source\PSoC4\cyPm.c **** * \note Documentation of the API's in this file is located in the System
   8:C:\Program Files (x86)\Cypress\PSoC Creator\4.4\PSoC Creator\1\CapSense_CSD_P4_Design01.cydsn\Generated_Source\PSoC4\cyPm.c **** * Reference Guide provided with PSoC Creator.
   9:C:\Program Files (x86)\Cypress\PSoC Creator\4.4\PSoC Creator\1\CapSense_CSD_P4_Design01.cydsn\Generated_Source\PSoC4\cyPm.c **** *
  10:C:\Program Files (x86)\Cypress\PSoC Creator\4.4\PSoC Creator\1\CapSense_CSD_P4_Design01.cydsn\Generated_Source\PSoC4\cyPm.c **** ********************************************************************************
  11:C:\Program Files (x86)\Cypress\PSoC Creator\4.4\PSoC Creator\1\CapSense_CSD_P4_Design01.cydsn\Generated_Source\PSoC4\cyPm.c **** * \copyright
  12:C:\Program Files (x86)\Cypress\PSoC Creator\4.4\PSoC Creator\1\CapSense_CSD_P4_Design01.cydsn\Generated_Source\PSoC4\cyPm.c **** * Copyright 2011-2017, Cypress Semiconductor Corporation.  All rights reserved.
  13:C:\Program Files (x86)\Cypress\PSoC Creator\4.4\PSoC Creator\1\CapSense_CSD_P4_Design01.cydsn\Generated_Source\PSoC4\cyPm.c **** * You may use this file only in accordance with the license, terms, conditions,
  14:C:\Program Files (x86)\Cypress\PSoC Creator\4.4\PSoC Creator\1\CapSense_CSD_P4_Design01.cydsn\Generated_Source\PSoC4\cyPm.c **** * disclaimers, and limitations in the end user license agreement accompanying
  15:C:\Program Files (x86)\Cypress\PSoC Creator\4.4\PSoC Creator\1\CapSense_CSD_P4_Design01.cydsn\Generated_Source\PSoC4\cyPm.c **** * the software package with which this file was provided.
  16:C:\Program Files (x86)\Cypress\PSoC Creator\4.4\PSoC Creator\1\CapSense_CSD_P4_Design01.cydsn\Generated_Source\PSoC4\cyPm.c **** *******************************************************************************/
  17:C:\Program Files (x86)\Cypress\PSoC Creator\4.4\PSoC Creator\1\CapSense_CSD_P4_Design01.cydsn\Generated_Source\PSoC4\cyPm.c **** 
  18:C:\Program Files (x86)\Cypress\PSoC Creator\4.4\PSoC Creator\1\CapSense_CSD_P4_Design01.cydsn\Generated_Source\PSoC4\cyPm.c **** #include "cyPm.h"
  19:C:\Program Files (x86)\Cypress\PSoC Creator\4.4\PSoC Creator\1\CapSense_CSD_P4_Design01.cydsn\Generated_Source\PSoC4\cyPm.c **** #include "CyLib.h"
  20:C:\Program Files (x86)\Cypress\PSoC Creator\4.4\PSoC Creator\1\CapSense_CSD_P4_Design01.cydsn\Generated_Source\PSoC4\cyPm.c **** 
  21:C:\Program Files (x86)\Cypress\PSoC Creator\4.4\PSoC Creator\1\CapSense_CSD_P4_Design01.cydsn\Generated_Source\PSoC4\cyPm.c **** 
  22:C:\Program Files (x86)\Cypress\PSoC Creator\4.4\PSoC Creator\1\CapSense_CSD_P4_Design01.cydsn\Generated_Source\PSoC4\cyPm.c **** /*******************************************************************************
  23:C:\Program Files (x86)\Cypress\PSoC Creator\4.4\PSoC Creator\1\CapSense_CSD_P4_Design01.cydsn\Generated_Source\PSoC4\cyPm.c **** * Function Name: CySysPmSleep
  24:C:\Program Files (x86)\Cypress\PSoC Creator\4.4\PSoC Creator\1\CapSense_CSD_P4_Design01.cydsn\Generated_Source\PSoC4\cyPm.c **** ****************************************************************************//**
  25:C:\Program Files (x86)\Cypress\PSoC Creator\4.4\PSoC Creator\1\CapSense_CSD_P4_Design01.cydsn\Generated_Source\PSoC4\cyPm.c **** *
  26:C:\Program Files (x86)\Cypress\PSoC Creator\4.4\PSoC Creator\1\CapSense_CSD_P4_Design01.cydsn\Generated_Source\PSoC4\cyPm.c **** * Puts the part into the Sleep state. This is a CPU-centric power mode.
  27:C:\Program Files (x86)\Cypress\PSoC Creator\4.4\PSoC Creator\1\CapSense_CSD_P4_Design01.cydsn\Generated_Source\PSoC4\cyPm.c **** * It means that the CPU has indicated that it is in the sleep mode and
  28:C:\Program Files (x86)\Cypress\PSoC Creator\4.4\PSoC Creator\1\CapSense_CSD_P4_Design01.cydsn\Generated_Source\PSoC4\cyPm.c **** * its main clock can be removed. It is identical to Active from a peripheral
  29:C:\Program Files (x86)\Cypress\PSoC Creator\4.4\PSoC Creator\1\CapSense_CSD_P4_Design01.cydsn\Generated_Source\PSoC4\cyPm.c **** * point of view. Any enabled interrupts can cause wakeup from the Sleep mode.
  30:C:\Program Files (x86)\Cypress\PSoC Creator\4.4\PSoC Creator\1\CapSense_CSD_P4_Design01.cydsn\Generated_Source\PSoC4\cyPm.c **** *
ARM GAS  C:\Users\taips\AppData\Local\Temp\ccmc5Snf.s 			page 2


  31:C:\Program Files (x86)\Cypress\PSoC Creator\4.4\PSoC Creator\1\CapSense_CSD_P4_Design01.cydsn\Generated_Source\PSoC4\cyPm.c **** *******************************************************************************/
  32:C:\Program Files (x86)\Cypress\PSoC Creator\4.4\PSoC Creator\1\CapSense_CSD_P4_Design01.cydsn\Generated_Source\PSoC4\cyPm.c **** void CySysPmSleep(void)
  33:C:\Program Files (x86)\Cypress\PSoC Creator\4.4\PSoC Creator\1\CapSense_CSD_P4_Design01.cydsn\Generated_Source\PSoC4\cyPm.c **** {
  28              		.loc 1 33 0
  29              		.cfi_startproc
  30              		@ args = 0, pretend = 0, frame = 8
  31              		@ frame_needed = 1, uses_anonymous_args = 0
  32 0000 90B5     		push	{r4, r7, lr}
  33              		.cfi_def_cfa_offset 12
  34              		.cfi_offset 4, -12
  35              		.cfi_offset 7, -8
  36              		.cfi_offset 14, -4
  37 0002 83B0     		sub	sp, sp, #12
  38              		.cfi_def_cfa_offset 24
  39 0004 00AF     		add	r7, sp, #0
  40              		.cfi_def_cfa_register 7
  34:C:\Program Files (x86)\Cypress\PSoC Creator\4.4\PSoC Creator\1\CapSense_CSD_P4_Design01.cydsn\Generated_Source\PSoC4\cyPm.c ****     uint8 interruptState;
  35:C:\Program Files (x86)\Cypress\PSoC Creator\4.4\PSoC Creator\1\CapSense_CSD_P4_Design01.cydsn\Generated_Source\PSoC4\cyPm.c **** 
  36:C:\Program Files (x86)\Cypress\PSoC Creator\4.4\PSoC Creator\1\CapSense_CSD_P4_Design01.cydsn\Generated_Source\PSoC4\cyPm.c ****     interruptState = CyEnterCriticalSection();
  41              		.loc 1 36 0
  42 0006 FC1D     		adds	r4, r7, #7
  43 0008 FFF7FEFF 		bl	CyEnterCriticalSection
  44 000c 0300     		movs	r3, r0
  45 000e 2370     		strb	r3, [r4]
  37:C:\Program Files (x86)\Cypress\PSoC Creator\4.4\PSoC Creator\1\CapSense_CSD_P4_Design01.cydsn\Generated_Source\PSoC4\cyPm.c **** 
  38:C:\Program Files (x86)\Cypress\PSoC Creator\4.4\PSoC Creator\1\CapSense_CSD_P4_Design01.cydsn\Generated_Source\PSoC4\cyPm.c ****     /* CPU enters Sleep mode upon execution of WFI */
  39:C:\Program Files (x86)\Cypress\PSoC Creator\4.4\PSoC Creator\1\CapSense_CSD_P4_Design01.cydsn\Generated_Source\PSoC4\cyPm.c ****     CY_PM_CPU_SCR_REG &= (uint32) (~CY_PM_CPU_SCR_SLEEPDEEP);
  46              		.loc 1 39 0
  47 0010 074B     		ldr	r3, .L2
  48 0012 074A     		ldr	r2, .L2
  49 0014 1268     		ldr	r2, [r2]
  50 0016 0421     		movs	r1, #4
  51 0018 8A43     		bics	r2, r1
  52 001a 1A60     		str	r2, [r3]
  40:C:\Program Files (x86)\Cypress\PSoC Creator\4.4\PSoC Creator\1\CapSense_CSD_P4_Design01.cydsn\Generated_Source\PSoC4\cyPm.c **** 
  41:C:\Program Files (x86)\Cypress\PSoC Creator\4.4\PSoC Creator\1\CapSense_CSD_P4_Design01.cydsn\Generated_Source\PSoC4\cyPm.c ****     /* Sleep and wait for interrupt */
  42:C:\Program Files (x86)\Cypress\PSoC Creator\4.4\PSoC Creator\1\CapSense_CSD_P4_Design01.cydsn\Generated_Source\PSoC4\cyPm.c ****     CY_PM_WFI;
  53              		.loc 1 42 0
  54              		.syntax divided
  55              	@ 42 "C:\Program Files (x86)\Cypress\PSoC Creator\4.4\PSoC Creator\1\CapSense_CSD_P4_Design01.cydsn
  56 001c 30BF     		WFI 
  57              	
  58              	@ 0 "" 2
  43:C:\Program Files (x86)\Cypress\PSoC Creator\4.4\PSoC Creator\1\CapSense_CSD_P4_Design01.cydsn\Generated_Source\PSoC4\cyPm.c **** 
  44:C:\Program Files (x86)\Cypress\PSoC Creator\4.4\PSoC Creator\1\CapSense_CSD_P4_Design01.cydsn\Generated_Source\PSoC4\cyPm.c ****     CyExitCriticalSection(interruptState);
  59              		.loc 1 44 0
  60              		.thumb
  61              		.syntax unified
  62 001e FB1D     		adds	r3, r7, #7
  63 0020 1B78     		ldrb	r3, [r3]
  64 0022 1800     		movs	r0, r3
  65 0024 FFF7FEFF 		bl	CyExitCriticalSection
  45:C:\Program Files (x86)\Cypress\PSoC Creator\4.4\PSoC Creator\1\CapSense_CSD_P4_Design01.cydsn\Generated_Source\PSoC4\cyPm.c **** }
  66              		.loc 1 45 0
  67 0028 C046     		nop
  68 002a BD46     		mov	sp, r7
  69 002c 03B0     		add	sp, sp, #12
ARM GAS  C:\Users\taips\AppData\Local\Temp\ccmc5Snf.s 			page 3


  70              		@ sp needed
  71 002e 90BD     		pop	{r4, r7, pc}
  72              	.L3:
  73              		.align	2
  74              	.L2:
  75 0030 10ED00E0 		.word	-536810224
  76              		.cfi_endproc
  77              	.LFE0:
  78              		.size	CySysPmSleep, .-CySysPmSleep
  79              		.section	.text.CySysPmDeepSleep,"ax",%progbits
  80              		.align	2
  81              		.global	CySysPmDeepSleep
  82              		.code	16
  83              		.thumb_func
  84              		.type	CySysPmDeepSleep, %function
  85              	CySysPmDeepSleep:
  86              	.LFB1:
  46:C:\Program Files (x86)\Cypress\PSoC Creator\4.4\PSoC Creator\1\CapSense_CSD_P4_Design01.cydsn\Generated_Source\PSoC4\cyPm.c **** 
  47:C:\Program Files (x86)\Cypress\PSoC Creator\4.4\PSoC Creator\1\CapSense_CSD_P4_Design01.cydsn\Generated_Source\PSoC4\cyPm.c **** 
  48:C:\Program Files (x86)\Cypress\PSoC Creator\4.4\PSoC Creator\1\CapSense_CSD_P4_Design01.cydsn\Generated_Source\PSoC4\cyPm.c **** /*******************************************************************************
  49:C:\Program Files (x86)\Cypress\PSoC Creator\4.4\PSoC Creator\1\CapSense_CSD_P4_Design01.cydsn\Generated_Source\PSoC4\cyPm.c **** * Function Name: CySysPmDeepSleep
  50:C:\Program Files (x86)\Cypress\PSoC Creator\4.4\PSoC Creator\1\CapSense_CSD_P4_Design01.cydsn\Generated_Source\PSoC4\cyPm.c **** ****************************************************************************//**
  51:C:\Program Files (x86)\Cypress\PSoC Creator\4.4\PSoC Creator\1\CapSense_CSD_P4_Design01.cydsn\Generated_Source\PSoC4\cyPm.c **** *
  52:C:\Program Files (x86)\Cypress\PSoC Creator\4.4\PSoC Creator\1\CapSense_CSD_P4_Design01.cydsn\Generated_Source\PSoC4\cyPm.c **** * Puts the part into the Deep Sleep state. If the firmware attempts to enter
  53:C:\Program Files (x86)\Cypress\PSoC Creator\4.4\PSoC Creator\1\CapSense_CSD_P4_Design01.cydsn\Generated_Source\PSoC4\cyPm.c **** * this mode before the system is ready (that is, when
  54:C:\Program Files (x86)\Cypress\PSoC Creator\4.4\PSoC Creator\1\CapSense_CSD_P4_Design01.cydsn\Generated_Source\PSoC4\cyPm.c **** * PWR_CONTROL.LPM_READY = 0), then the device will go into the Sleep mode
  55:C:\Program Files (x86)\Cypress\PSoC Creator\4.4\PSoC Creator\1\CapSense_CSD_P4_Design01.cydsn\Generated_Source\PSoC4\cyPm.c **** * instead and automatically enter the originally intended mode when the
  56:C:\Program Files (x86)\Cypress\PSoC Creator\4.4\PSoC Creator\1\CapSense_CSD_P4_Design01.cydsn\Generated_Source\PSoC4\cyPm.c **** * holdoff expires.
  57:C:\Program Files (x86)\Cypress\PSoC Creator\4.4\PSoC Creator\1\CapSense_CSD_P4_Design01.cydsn\Generated_Source\PSoC4\cyPm.c **** *
  58:C:\Program Files (x86)\Cypress\PSoC Creator\4.4\PSoC Creator\1\CapSense_CSD_P4_Design01.cydsn\Generated_Source\PSoC4\cyPm.c **** * The wakeup occurs when an interrupt is received from a DeepSleep or
  59:C:\Program Files (x86)\Cypress\PSoC Creator\4.4\PSoC Creator\1\CapSense_CSD_P4_Design01.cydsn\Generated_Source\PSoC4\cyPm.c **** * Hibernate peripheral. For more details, see a corresponding
  60:C:\Program Files (x86)\Cypress\PSoC Creator\4.4\PSoC Creator\1\CapSense_CSD_P4_Design01.cydsn\Generated_Source\PSoC4\cyPm.c **** * peripheral's datasheet.
  61:C:\Program Files (x86)\Cypress\PSoC Creator\4.4\PSoC Creator\1\CapSense_CSD_P4_Design01.cydsn\Generated_Source\PSoC4\cyPm.c **** *
  62:C:\Program Files (x86)\Cypress\PSoC Creator\4.4\PSoC Creator\1\CapSense_CSD_P4_Design01.cydsn\Generated_Source\PSoC4\cyPm.c **** *******************************************************************************/
  63:C:\Program Files (x86)\Cypress\PSoC Creator\4.4\PSoC Creator\1\CapSense_CSD_P4_Design01.cydsn\Generated_Source\PSoC4\cyPm.c **** void CySysPmDeepSleep(void)
  64:C:\Program Files (x86)\Cypress\PSoC Creator\4.4\PSoC Creator\1\CapSense_CSD_P4_Design01.cydsn\Generated_Source\PSoC4\cyPm.c **** {
  87              		.loc 1 64 0
  88              		.cfi_startproc
  89              		@ args = 0, pretend = 0, frame = 8
  90              		@ frame_needed = 1, uses_anonymous_args = 0
  91 0000 90B5     		push	{r4, r7, lr}
  92              		.cfi_def_cfa_offset 12
  93              		.cfi_offset 4, -12
  94              		.cfi_offset 7, -8
  95              		.cfi_offset 14, -4
  96 0002 83B0     		sub	sp, sp, #12
  97              		.cfi_def_cfa_offset 24
  98 0004 00AF     		add	r7, sp, #0
  99              		.cfi_def_cfa_register 7
  65:C:\Program Files (x86)\Cypress\PSoC Creator\4.4\PSoC Creator\1\CapSense_CSD_P4_Design01.cydsn\Generated_Source\PSoC4\cyPm.c ****     uint8 interruptState;
  66:C:\Program Files (x86)\Cypress\PSoC Creator\4.4\PSoC Creator\1\CapSense_CSD_P4_Design01.cydsn\Generated_Source\PSoC4\cyPm.c ****     #if(CY_IP_SRSSV2)
  67:C:\Program Files (x86)\Cypress\PSoC Creator\4.4\PSoC Creator\1\CapSense_CSD_P4_Design01.cydsn\Generated_Source\PSoC4\cyPm.c ****         volatile uint32 clkSelectReg;
  68:C:\Program Files (x86)\Cypress\PSoC Creator\4.4\PSoC Creator\1\CapSense_CSD_P4_Design01.cydsn\Generated_Source\PSoC4\cyPm.c ****     #endif /* (CY_IP_SRSSV2) */
  69:C:\Program Files (x86)\Cypress\PSoC Creator\4.4\PSoC Creator\1\CapSense_CSD_P4_Design01.cydsn\Generated_Source\PSoC4\cyPm.c **** 
  70:C:\Program Files (x86)\Cypress\PSoC Creator\4.4\PSoC Creator\1\CapSense_CSD_P4_Design01.cydsn\Generated_Source\PSoC4\cyPm.c ****     interruptState = CyEnterCriticalSection();
 100              		.loc 1 70 0
 101 0006 FC1D     		adds	r4, r7, #7
ARM GAS  C:\Users\taips\AppData\Local\Temp\ccmc5Snf.s 			page 4


 102 0008 FFF7FEFF 		bl	CyEnterCriticalSection
 103 000c 0300     		movs	r3, r0
 104 000e 2370     		strb	r3, [r4]
  71:C:\Program Files (x86)\Cypress\PSoC Creator\4.4\PSoC Creator\1\CapSense_CSD_P4_Design01.cydsn\Generated_Source\PSoC4\cyPm.c **** 
  72:C:\Program Files (x86)\Cypress\PSoC Creator\4.4\PSoC Creator\1\CapSense_CSD_P4_Design01.cydsn\Generated_Source\PSoC4\cyPm.c ****     #if(CY_IP_SRSSV2)
  73:C:\Program Files (x86)\Cypress\PSoC Creator\4.4\PSoC Creator\1\CapSense_CSD_P4_Design01.cydsn\Generated_Source\PSoC4\cyPm.c ****         /* Device enters DeepSleep mode when CPU asserts SLEEPDEEP signal */
  74:C:\Program Files (x86)\Cypress\PSoC Creator\4.4\PSoC Creator\1\CapSense_CSD_P4_Design01.cydsn\Generated_Source\PSoC4\cyPm.c ****         CY_PM_PWR_CONTROL_REG &= (uint32) (~CY_PM_PWR_CONTROL_HIBERNATE);
 105              		.loc 1 74 0
 106 0010 194B     		ldr	r3, .L5
 107 0012 194A     		ldr	r2, .L5
 108 0014 1268     		ldr	r2, [r2]
 109 0016 5200     		lsls	r2, r2, #1
 110 0018 5208     		lsrs	r2, r2, #1
 111 001a 1A60     		str	r2, [r3]
  75:C:\Program Files (x86)\Cypress\PSoC Creator\4.4\PSoC Creator\1\CapSense_CSD_P4_Design01.cydsn\Generated_Source\PSoC4\cyPm.c ****     #endif /* (CY_IP_SRSSV2) */
  76:C:\Program Files (x86)\Cypress\PSoC Creator\4.4\PSoC Creator\1\CapSense_CSD_P4_Design01.cydsn\Generated_Source\PSoC4\cyPm.c **** 
  77:C:\Program Files (x86)\Cypress\PSoC Creator\4.4\PSoC Creator\1\CapSense_CSD_P4_Design01.cydsn\Generated_Source\PSoC4\cyPm.c ****     #if (CY_IP_CPUSS && CY_IP_SRSSV2)
  78:C:\Program Files (x86)\Cypress\PSoC Creator\4.4\PSoC Creator\1\CapSense_CSD_P4_Design01.cydsn\Generated_Source\PSoC4\cyPm.c ****         CY_PM_CPUSS_CONFIG_REG |= CY_PM_CPUSS_CONFIG_FLSH_ACC_BYPASS;
 112              		.loc 1 78 0
 113 001c 8023     		movs	r3, #128
 114 001e DB05     		lsls	r3, r3, #23
 115 0020 8022     		movs	r2, #128
 116 0022 D205     		lsls	r2, r2, #23
 117 0024 1268     		ldr	r2, [r2]
 118 0026 0221     		movs	r1, #2
 119 0028 0A43     		orrs	r2, r1
 120 002a 1A60     		str	r2, [r3]
  79:C:\Program Files (x86)\Cypress\PSoC Creator\4.4\PSoC Creator\1\CapSense_CSD_P4_Design01.cydsn\Generated_Source\PSoC4\cyPm.c ****     #endif /* (CY_IP_CPUSS && CY_IP_SRSSV2) */
  80:C:\Program Files (x86)\Cypress\PSoC Creator\4.4\PSoC Creator\1\CapSense_CSD_P4_Design01.cydsn\Generated_Source\PSoC4\cyPm.c **** 
  81:C:\Program Files (x86)\Cypress\PSoC Creator\4.4\PSoC Creator\1\CapSense_CSD_P4_Design01.cydsn\Generated_Source\PSoC4\cyPm.c ****     /* Adjust delay to wait for references to settle on wakeup from Deep Sleep */
  82:C:\Program Files (x86)\Cypress\PSoC Creator\4.4\PSoC Creator\1\CapSense_CSD_P4_Design01.cydsn\Generated_Source\PSoC4\cyPm.c ****     CY_PM_PWR_KEY_DELAY_REG = CY_SFLASH_DPSLP_KEY_DELAY_REG;
 121              		.loc 1 82 0
 122 002c 134B     		ldr	r3, .L5+4
 123 002e 144A     		ldr	r2, .L5+8
 124 0030 1288     		ldrh	r2, [r2]
 125 0032 92B2     		uxth	r2, r2
 126 0034 1A60     		str	r2, [r3]
  83:C:\Program Files (x86)\Cypress\PSoC Creator\4.4\PSoC Creator\1\CapSense_CSD_P4_Design01.cydsn\Generated_Source\PSoC4\cyPm.c **** 
  84:C:\Program Files (x86)\Cypress\PSoC Creator\4.4\PSoC Creator\1\CapSense_CSD_P4_Design01.cydsn\Generated_Source\PSoC4\cyPm.c ****     /* CPU enters DeepSleep/Hibernate mode upon execution of WFI */
  85:C:\Program Files (x86)\Cypress\PSoC Creator\4.4\PSoC Creator\1\CapSense_CSD_P4_Design01.cydsn\Generated_Source\PSoC4\cyPm.c ****     CY_PM_CPU_SCR_REG |= CY_PM_CPU_SCR_SLEEPDEEP;
 127              		.loc 1 85 0
 128 0036 134B     		ldr	r3, .L5+12
 129 0038 124A     		ldr	r2, .L5+12
 130 003a 1268     		ldr	r2, [r2]
 131 003c 0421     		movs	r1, #4
 132 003e 0A43     		orrs	r2, r1
 133 0040 1A60     		str	r2, [r3]
  86:C:\Program Files (x86)\Cypress\PSoC Creator\4.4\PSoC Creator\1\CapSense_CSD_P4_Design01.cydsn\Generated_Source\PSoC4\cyPm.c **** 
  87:C:\Program Files (x86)\Cypress\PSoC Creator\4.4\PSoC Creator\1\CapSense_CSD_P4_Design01.cydsn\Generated_Source\PSoC4\cyPm.c ****     #if(CY_IP_SRSSV2)
  88:C:\Program Files (x86)\Cypress\PSoC Creator\4.4\PSoC Creator\1\CapSense_CSD_P4_Design01.cydsn\Generated_Source\PSoC4\cyPm.c ****         /* Preserve system clock configuration and
  89:C:\Program Files (x86)\Cypress\PSoC Creator\4.4\PSoC Creator\1\CapSense_CSD_P4_Design01.cydsn\Generated_Source\PSoC4\cyPm.c ****         * reduce sysclk to <=12 MHz (Cypress ID #158710, #179888).
  90:C:\Program Files (x86)\Cypress\PSoC Creator\4.4\PSoC Creator\1\CapSense_CSD_P4_Design01.cydsn\Generated_Source\PSoC4\cyPm.c ****         */
  91:C:\Program Files (x86)\Cypress\PSoC Creator\4.4\PSoC Creator\1\CapSense_CSD_P4_Design01.cydsn\Generated_Source\PSoC4\cyPm.c ****         clkSelectReg = CY_SYS_CLK_SELECT_REG;
 134              		.loc 1 91 0
 135 0042 114B     		ldr	r3, .L5+16
 136 0044 1B68     		ldr	r3, [r3]
 137 0046 3B60     		str	r3, [r7]
ARM GAS  C:\Users\taips\AppData\Local\Temp\ccmc5Snf.s 			page 5


  92:C:\Program Files (x86)\Cypress\PSoC Creator\4.4\PSoC Creator\1\CapSense_CSD_P4_Design01.cydsn\Generated_Source\PSoC4\cyPm.c ****         CySysClkWriteSysclkDiv(CY_SYS_CLK_SYSCLK_DIV4);
 138              		.loc 1 92 0
 139 0048 0220     		movs	r0, #2
 140 004a FFF7FEFF 		bl	CySysClkWriteSysclkDiv
  93:C:\Program Files (x86)\Cypress\PSoC Creator\4.4\PSoC Creator\1\CapSense_CSD_P4_Design01.cydsn\Generated_Source\PSoC4\cyPm.c ****     #endif /* (CY_IP_SRSSV2) */
  94:C:\Program Files (x86)\Cypress\PSoC Creator\4.4\PSoC Creator\1\CapSense_CSD_P4_Design01.cydsn\Generated_Source\PSoC4\cyPm.c **** 
  95:C:\Program Files (x86)\Cypress\PSoC Creator\4.4\PSoC Creator\1\CapSense_CSD_P4_Design01.cydsn\Generated_Source\PSoC4\cyPm.c ****     /* Sleep and wait for interrupt */
  96:C:\Program Files (x86)\Cypress\PSoC Creator\4.4\PSoC Creator\1\CapSense_CSD_P4_Design01.cydsn\Generated_Source\PSoC4\cyPm.c ****     CY_PM_WFI;
 141              		.loc 1 96 0
 142              		.syntax divided
 143              	@ 96 "C:\Program Files (x86)\Cypress\PSoC Creator\4.4\PSoC Creator\1\CapSense_CSD_P4_Design01.cydsn
 144 004e 30BF     		WFI 
 145              	
 146              	@ 0 "" 2
  97:C:\Program Files (x86)\Cypress\PSoC Creator\4.4\PSoC Creator\1\CapSense_CSD_P4_Design01.cydsn\Generated_Source\PSoC4\cyPm.c **** 
  98:C:\Program Files (x86)\Cypress\PSoC Creator\4.4\PSoC Creator\1\CapSense_CSD_P4_Design01.cydsn\Generated_Source\PSoC4\cyPm.c ****     #if(CY_IP_SRSSV2)
  99:C:\Program Files (x86)\Cypress\PSoC Creator\4.4\PSoC Creator\1\CapSense_CSD_P4_Design01.cydsn\Generated_Source\PSoC4\cyPm.c ****         /* Restore system clock configuration */
 100:C:\Program Files (x86)\Cypress\PSoC Creator\4.4\PSoC Creator\1\CapSense_CSD_P4_Design01.cydsn\Generated_Source\PSoC4\cyPm.c ****         CY_SYS_CLK_SELECT_REG = clkSelectReg;
 147              		.loc 1 100 0
 148              		.thumb
 149              		.syntax unified
 150 0050 0D4B     		ldr	r3, .L5+16
 151 0052 3A68     		ldr	r2, [r7]
 152 0054 1A60     		str	r2, [r3]
 101:C:\Program Files (x86)\Cypress\PSoC Creator\4.4\PSoC Creator\1\CapSense_CSD_P4_Design01.cydsn\Generated_Source\PSoC4\cyPm.c ****     #endif /* (CY_IP_SRSSV2) */
 102:C:\Program Files (x86)\Cypress\PSoC Creator\4.4\PSoC Creator\1\CapSense_CSD_P4_Design01.cydsn\Generated_Source\PSoC4\cyPm.c **** 
 103:C:\Program Files (x86)\Cypress\PSoC Creator\4.4\PSoC Creator\1\CapSense_CSD_P4_Design01.cydsn\Generated_Source\PSoC4\cyPm.c ****     #if (CY_IP_CPUSS && CY_IP_SRSSV2)
 104:C:\Program Files (x86)\Cypress\PSoC Creator\4.4\PSoC Creator\1\CapSense_CSD_P4_Design01.cydsn\Generated_Source\PSoC4\cyPm.c ****         CY_PM_CPUSS_CONFIG_REG &= (uint32) (~CY_PM_CPUSS_CONFIG_FLSH_ACC_BYPASS);
 153              		.loc 1 104 0
 154 0056 8023     		movs	r3, #128
 155 0058 DB05     		lsls	r3, r3, #23
 156 005a 8022     		movs	r2, #128
 157 005c D205     		lsls	r2, r2, #23
 158 005e 1268     		ldr	r2, [r2]
 159 0060 0221     		movs	r1, #2
 160 0062 8A43     		bics	r2, r1
 161 0064 1A60     		str	r2, [r3]
 105:C:\Program Files (x86)\Cypress\PSoC Creator\4.4\PSoC Creator\1\CapSense_CSD_P4_Design01.cydsn\Generated_Source\PSoC4\cyPm.c ****     #endif /* (CY_IP_CPUSS && CY_IP_SRSSV2) */
 106:C:\Program Files (x86)\Cypress\PSoC Creator\4.4\PSoC Creator\1\CapSense_CSD_P4_Design01.cydsn\Generated_Source\PSoC4\cyPm.c **** 
 107:C:\Program Files (x86)\Cypress\PSoC Creator\4.4\PSoC Creator\1\CapSense_CSD_P4_Design01.cydsn\Generated_Source\PSoC4\cyPm.c ****     CyExitCriticalSection(interruptState);
 162              		.loc 1 107 0
 163 0066 FB1D     		adds	r3, r7, #7
 164 0068 1B78     		ldrb	r3, [r3]
 165 006a 1800     		movs	r0, r3
 166 006c FFF7FEFF 		bl	CyExitCriticalSection
 108:C:\Program Files (x86)\Cypress\PSoC Creator\4.4\PSoC Creator\1\CapSense_CSD_P4_Design01.cydsn\Generated_Source\PSoC4\cyPm.c **** }
 167              		.loc 1 108 0
 168 0070 C046     		nop
 169 0072 BD46     		mov	sp, r7
 170 0074 03B0     		add	sp, sp, #12
 171              		@ sp needed
 172 0076 90BD     		pop	{r4, r7, pc}
 173              	.L6:
 174              		.align	2
 175              	.L5:
 176 0078 00000B40 		.word	1074462720
 177 007c 0C000B40 		.word	1074462732
ARM GAS  C:\Users\taips\AppData\Local\Temp\ccmc5Snf.s 			page 6


 178 0080 52F1FF0F 		.word	268431698
 179 0084 10ED00E0 		.word	-536810224
 180 0088 00010B40 		.word	1074462976
 181              		.cfi_endproc
 182              	.LFE1:
 183              		.size	CySysPmDeepSleep, .-CySysPmDeepSleep
 184              		.section	.text.CySysPmHibernate,"ax",%progbits
 185              		.align	2
 186              		.global	CySysPmHibernate
 187              		.code	16
 188              		.thumb_func
 189              		.type	CySysPmHibernate, %function
 190              	CySysPmHibernate:
 191              	.LFB2:
 109:C:\Program Files (x86)\Cypress\PSoC Creator\4.4\PSoC Creator\1\CapSense_CSD_P4_Design01.cydsn\Generated_Source\PSoC4\cyPm.c **** 
 110:C:\Program Files (x86)\Cypress\PSoC Creator\4.4\PSoC Creator\1\CapSense_CSD_P4_Design01.cydsn\Generated_Source\PSoC4\cyPm.c **** 
 111:C:\Program Files (x86)\Cypress\PSoC Creator\4.4\PSoC Creator\1\CapSense_CSD_P4_Design01.cydsn\Generated_Source\PSoC4\cyPm.c **** #if(CY_IP_SRSSV2)
 112:C:\Program Files (x86)\Cypress\PSoC Creator\4.4\PSoC Creator\1\CapSense_CSD_P4_Design01.cydsn\Generated_Source\PSoC4\cyPm.c **** 
 113:C:\Program Files (x86)\Cypress\PSoC Creator\4.4\PSoC Creator\1\CapSense_CSD_P4_Design01.cydsn\Generated_Source\PSoC4\cyPm.c ****     /*******************************************************************************
 114:C:\Program Files (x86)\Cypress\PSoC Creator\4.4\PSoC Creator\1\CapSense_CSD_P4_Design01.cydsn\Generated_Source\PSoC4\cyPm.c ****     * Function Name: CySysPmHibernate
 115:C:\Program Files (x86)\Cypress\PSoC Creator\4.4\PSoC Creator\1\CapSense_CSD_P4_Design01.cydsn\Generated_Source\PSoC4\cyPm.c ****     ****************************************************************************//**
 116:C:\Program Files (x86)\Cypress\PSoC Creator\4.4\PSoC Creator\1\CapSense_CSD_P4_Design01.cydsn\Generated_Source\PSoC4\cyPm.c ****     *
 117:C:\Program Files (x86)\Cypress\PSoC Creator\4.4\PSoC Creator\1\CapSense_CSD_P4_Design01.cydsn\Generated_Source\PSoC4\cyPm.c ****     * Puts the part into the Hibernate state. Only SRAM and UDBs are retained;
 118:C:\Program Files (x86)\Cypress\PSoC Creator\4.4\PSoC Creator\1\CapSense_CSD_P4_Design01.cydsn\Generated_Source\PSoC4\cyPm.c ****     * most internal supplies are off. Wakeup is possible from a pin or a hibernate
 119:C:\Program Files (x86)\Cypress\PSoC Creator\4.4\PSoC Creator\1\CapSense_CSD_P4_Design01.cydsn\Generated_Source\PSoC4\cyPm.c ****     * comparator only.
 120:C:\Program Files (x86)\Cypress\PSoC Creator\4.4\PSoC Creator\1\CapSense_CSD_P4_Design01.cydsn\Generated_Source\PSoC4\cyPm.c ****     *
 121:C:\Program Files (x86)\Cypress\PSoC Creator\4.4\PSoC Creator\1\CapSense_CSD_P4_Design01.cydsn\Generated_Source\PSoC4\cyPm.c ****     * It is expected that the firmware has already frozen the IO-Cells using
 122:C:\Program Files (x86)\Cypress\PSoC Creator\4.4\PSoC Creator\1\CapSense_CSD_P4_Design01.cydsn\Generated_Source\PSoC4\cyPm.c ****     * CySysPmFreezeIo() function before the call to this function. If this is
 123:C:\Program Files (x86)\Cypress\PSoC Creator\4.4\PSoC Creator\1\CapSense_CSD_P4_Design01.cydsn\Generated_Source\PSoC4\cyPm.c ****     * omitted, the IO-cells will be frozen in the same way as they are
 124:C:\Program Files (x86)\Cypress\PSoC Creator\4.4\PSoC Creator\1\CapSense_CSD_P4_Design01.cydsn\Generated_Source\PSoC4\cyPm.c ****     * in the Active to Deep Sleep transition, but will lose their state on wake up
 125:C:\Program Files (x86)\Cypress\PSoC Creator\4.4\PSoC Creator\1\CapSense_CSD_P4_Design01.cydsn\Generated_Source\PSoC4\cyPm.c ****     * (because of the reset occurring at that time).
 126:C:\Program Files (x86)\Cypress\PSoC Creator\4.4\PSoC Creator\1\CapSense_CSD_P4_Design01.cydsn\Generated_Source\PSoC4\cyPm.c ****     *
 127:C:\Program Files (x86)\Cypress\PSoC Creator\4.4\PSoC Creator\1\CapSense_CSD_P4_Design01.cydsn\Generated_Source\PSoC4\cyPm.c ****     * Because all the CPU state is lost, the CPU will start up at the reset vector.
 128:C:\Program Files (x86)\Cypress\PSoC Creator\4.4\PSoC Creator\1\CapSense_CSD_P4_Design01.cydsn\Generated_Source\PSoC4\cyPm.c ****     * To save the firmware state through the Hibernate low power mode, a
 129:C:\Program Files (x86)\Cypress\PSoC Creator\4.4\PSoC Creator\1\CapSense_CSD_P4_Design01.cydsn\Generated_Source\PSoC4\cyPm.c ****     * corresponding variable should be defined with CY_NOINIT attribute. It
 130:C:\Program Files (x86)\Cypress\PSoC Creator\4.4\PSoC Creator\1\CapSense_CSD_P4_Design01.cydsn\Generated_Source\PSoC4\cyPm.c ****     * prevents data from being initialized to zero on startup. The interrupt
 131:C:\Program Files (x86)\Cypress\PSoC Creator\4.4\PSoC Creator\1\CapSense_CSD_P4_Design01.cydsn\Generated_Source\PSoC4\cyPm.c ****     * cause of the hibernate peripheral is retained, such that it can be either
 132:C:\Program Files (x86)\Cypress\PSoC Creator\4.4\PSoC Creator\1\CapSense_CSD_P4_Design01.cydsn\Generated_Source\PSoC4\cyPm.c ****     * read by the firmware or cause an interrupt after the firmware has booted and
 133:C:\Program Files (x86)\Cypress\PSoC Creator\4.4\PSoC Creator\1\CapSense_CSD_P4_Design01.cydsn\Generated_Source\PSoC4\cyPm.c ****     * enabled the corresponding interrupt. To distinguish the wakeup from
 134:C:\Program Files (x86)\Cypress\PSoC Creator\4.4\PSoC Creator\1\CapSense_CSD_P4_Design01.cydsn\Generated_Source\PSoC4\cyPm.c ****     * the Hibernate mode and the general Reset event, the
 135:C:\Program Files (x86)\Cypress\PSoC Creator\4.4\PSoC Creator\1\CapSense_CSD_P4_Design01.cydsn\Generated_Source\PSoC4\cyPm.c ****     * \ref CySysPmGetResetReason() function could be used.
 136:C:\Program Files (x86)\Cypress\PSoC Creator\4.4\PSoC Creator\1\CapSense_CSD_P4_Design01.cydsn\Generated_Source\PSoC4\cyPm.c ****     *
 137:C:\Program Files (x86)\Cypress\PSoC Creator\4.4\PSoC Creator\1\CapSense_CSD_P4_Design01.cydsn\Generated_Source\PSoC4\cyPm.c ****     *******************************************************************************/
 138:C:\Program Files (x86)\Cypress\PSoC Creator\4.4\PSoC Creator\1\CapSense_CSD_P4_Design01.cydsn\Generated_Source\PSoC4\cyPm.c ****     void CySysPmHibernate(void)
 139:C:\Program Files (x86)\Cypress\PSoC Creator\4.4\PSoC Creator\1\CapSense_CSD_P4_Design01.cydsn\Generated_Source\PSoC4\cyPm.c ****     {
 192              		.loc 1 139 0
 193              		.cfi_startproc
 194              		@ args = 0, pretend = 0, frame = 8
 195              		@ frame_needed = 1, uses_anonymous_args = 0
 196 0000 90B5     		push	{r4, r7, lr}
 197              		.cfi_def_cfa_offset 12
 198              		.cfi_offset 4, -12
 199              		.cfi_offset 7, -8
 200              		.cfi_offset 14, -4
 201 0002 83B0     		sub	sp, sp, #12
 202              		.cfi_def_cfa_offset 24
 203 0004 00AF     		add	r7, sp, #0
ARM GAS  C:\Users\taips\AppData\Local\Temp\ccmc5Snf.s 			page 7


 204              		.cfi_def_cfa_register 7
 140:C:\Program Files (x86)\Cypress\PSoC Creator\4.4\PSoC Creator\1\CapSense_CSD_P4_Design01.cydsn\Generated_Source\PSoC4\cyPm.c ****         uint8 interruptState;
 141:C:\Program Files (x86)\Cypress\PSoC Creator\4.4\PSoC Creator\1\CapSense_CSD_P4_Design01.cydsn\Generated_Source\PSoC4\cyPm.c **** 
 142:C:\Program Files (x86)\Cypress\PSoC Creator\4.4\PSoC Creator\1\CapSense_CSD_P4_Design01.cydsn\Generated_Source\PSoC4\cyPm.c ****         interruptState = CyEnterCriticalSection();
 205              		.loc 1 142 0
 206 0006 FC1D     		adds	r4, r7, #7
 207 0008 FFF7FEFF 		bl	CyEnterCriticalSection
 208 000c 0300     		movs	r3, r0
 209 000e 2370     		strb	r3, [r4]
 143:C:\Program Files (x86)\Cypress\PSoC Creator\4.4\PSoC Creator\1\CapSense_CSD_P4_Design01.cydsn\Generated_Source\PSoC4\cyPm.c **** 
 144:C:\Program Files (x86)\Cypress\PSoC Creator\4.4\PSoC Creator\1\CapSense_CSD_P4_Design01.cydsn\Generated_Source\PSoC4\cyPm.c ****         #if (CY_IP_HOBTO_DEVICE)
 145:C:\Program Files (x86)\Cypress\PSoC Creator\4.4\PSoC Creator\1\CapSense_CSD_P4_Design01.cydsn\Generated_Source\PSoC4\cyPm.c ****             /* Disable input buffers for all ports */
 146:C:\Program Files (x86)\Cypress\PSoC Creator\4.4\PSoC Creator\1\CapSense_CSD_P4_Design01.cydsn\Generated_Source\PSoC4\cyPm.c ****             CySysPmHibPinsDisableInputBuf();
 147:C:\Program Files (x86)\Cypress\PSoC Creator\4.4\PSoC Creator\1\CapSense_CSD_P4_Design01.cydsn\Generated_Source\PSoC4\cyPm.c ****         #endif /* (CY_IP_HOBTO_DEVICE) */
 148:C:\Program Files (x86)\Cypress\PSoC Creator\4.4\PSoC Creator\1\CapSense_CSD_P4_Design01.cydsn\Generated_Source\PSoC4\cyPm.c **** 
 149:C:\Program Files (x86)\Cypress\PSoC Creator\4.4\PSoC Creator\1\CapSense_CSD_P4_Design01.cydsn\Generated_Source\PSoC4\cyPm.c ****         /* Device enters Hibernate mode when CPU asserts SLEEPDEEP signal */
 150:C:\Program Files (x86)\Cypress\PSoC Creator\4.4\PSoC Creator\1\CapSense_CSD_P4_Design01.cydsn\Generated_Source\PSoC4\cyPm.c ****         CY_PM_PWR_CONTROL_REG |= CY_PM_PWR_CONTROL_HIBERNATE;
 210              		.loc 1 150 0
 211 0010 114B     		ldr	r3, .L8
 212 0012 114A     		ldr	r2, .L8
 213 0014 1268     		ldr	r2, [r2]
 214 0016 8021     		movs	r1, #128
 215 0018 0906     		lsls	r1, r1, #24
 216 001a 0A43     		orrs	r2, r1
 217 001c 1A60     		str	r2, [r3]
 151:C:\Program Files (x86)\Cypress\PSoC Creator\4.4\PSoC Creator\1\CapSense_CSD_P4_Design01.cydsn\Generated_Source\PSoC4\cyPm.c **** 
 152:C:\Program Files (x86)\Cypress\PSoC Creator\4.4\PSoC Creator\1\CapSense_CSD_P4_Design01.cydsn\Generated_Source\PSoC4\cyPm.c ****         /* Adjust delay to wait for references to settle on wakeup from hibernate */
 153:C:\Program Files (x86)\Cypress\PSoC Creator\4.4\PSoC Creator\1\CapSense_CSD_P4_Design01.cydsn\Generated_Source\PSoC4\cyPm.c ****         CY_PM_PWR_KEY_DELAY_REG = CY_SFLASH_HIB_KEY_DELAY_REG;
 218              		.loc 1 153 0
 219 001e 0F4B     		ldr	r3, .L8+4
 220 0020 0F4A     		ldr	r2, .L8+8
 221 0022 1288     		ldrh	r2, [r2]
 222 0024 92B2     		uxth	r2, r2
 223 0026 1A60     		str	r2, [r3]
 154:C:\Program Files (x86)\Cypress\PSoC Creator\4.4\PSoC Creator\1\CapSense_CSD_P4_Design01.cydsn\Generated_Source\PSoC4\cyPm.c **** 
 155:C:\Program Files (x86)\Cypress\PSoC Creator\4.4\PSoC Creator\1\CapSense_CSD_P4_Design01.cydsn\Generated_Source\PSoC4\cyPm.c ****         /* CPU enters DeepSleep/Hibernate mode upon execution of WFI */
 156:C:\Program Files (x86)\Cypress\PSoC Creator\4.4\PSoC Creator\1\CapSense_CSD_P4_Design01.cydsn\Generated_Source\PSoC4\cyPm.c ****         CY_PM_CPU_SCR_REG |= CY_PM_CPU_SCR_SLEEPDEEP;
 224              		.loc 1 156 0
 225 0028 0E4B     		ldr	r3, .L8+12
 226 002a 0E4A     		ldr	r2, .L8+12
 227 002c 1268     		ldr	r2, [r2]
 228 002e 0421     		movs	r1, #4
 229 0030 0A43     		orrs	r2, r1
 230 0032 1A60     		str	r2, [r3]
 157:C:\Program Files (x86)\Cypress\PSoC Creator\4.4\PSoC Creator\1\CapSense_CSD_P4_Design01.cydsn\Generated_Source\PSoC4\cyPm.c **** 
 158:C:\Program Files (x86)\Cypress\PSoC Creator\4.4\PSoC Creator\1\CapSense_CSD_P4_Design01.cydsn\Generated_Source\PSoC4\cyPm.c ****         /* Save token that will retain through a STOP/WAKEUP sequence
 159:C:\Program Files (x86)\Cypress\PSoC Creator\4.4\PSoC Creator\1\CapSense_CSD_P4_Design01.cydsn\Generated_Source\PSoC4\cyPm.c ****          * thus could be used by CySysPmGetResetReason() to differentiate
 160:C:\Program Files (x86)\Cypress\PSoC Creator\4.4\PSoC Creator\1\CapSense_CSD_P4_Design01.cydsn\Generated_Source\PSoC4\cyPm.c ****          * WAKEUP from a general RESET event.
 161:C:\Program Files (x86)\Cypress\PSoC Creator\4.4\PSoC Creator\1\CapSense_CSD_P4_Design01.cydsn\Generated_Source\PSoC4\cyPm.c ****          */
 162:C:\Program Files (x86)\Cypress\PSoC Creator\4.4\PSoC Creator\1\CapSense_CSD_P4_Design01.cydsn\Generated_Source\PSoC4\cyPm.c ****         CY_PM_PWR_STOP_REG = (CY_PM_PWR_STOP_REG & (uint32)(~CY_PM_PWR_STOP_TOKEN_MASK)) | CY_PM_PW
 231              		.loc 1 162 0
 232 0034 0C4B     		ldr	r3, .L8+16
 233 0036 0C4A     		ldr	r2, .L8+16
 234 0038 1268     		ldr	r2, [r2]
 235 003a FF21     		movs	r1, #255
 236 003c 8A43     		bics	r2, r1
 237 003e F121     		movs	r1, #241
ARM GAS  C:\Users\taips\AppData\Local\Temp\ccmc5Snf.s 			page 8


 238 0040 0A43     		orrs	r2, r1
 239 0042 1A60     		str	r2, [r3]
 163:C:\Program Files (x86)\Cypress\PSoC Creator\4.4\PSoC Creator\1\CapSense_CSD_P4_Design01.cydsn\Generated_Source\PSoC4\cyPm.c **** 
 164:C:\Program Files (x86)\Cypress\PSoC Creator\4.4\PSoC Creator\1\CapSense_CSD_P4_Design01.cydsn\Generated_Source\PSoC4\cyPm.c ****         /* Sleep and wait for interrupt. Wakeup from Hibernate is performed
 165:C:\Program Files (x86)\Cypress\PSoC Creator\4.4\PSoC Creator\1\CapSense_CSD_P4_Design01.cydsn\Generated_Source\PSoC4\cyPm.c ****          * through RESET state, causing a normal Boot procedure to occur.
 166:C:\Program Files (x86)\Cypress\PSoC Creator\4.4\PSoC Creator\1\CapSense_CSD_P4_Design01.cydsn\Generated_Source\PSoC4\cyPm.c ****          * The WFI instruction doesn't put the core to sleep if its wake condition
 167:C:\Program Files (x86)\Cypress\PSoC Creator\4.4\PSoC Creator\1\CapSense_CSD_P4_Design01.cydsn\Generated_Source\PSoC4\cyPm.c ****          * is true when the instruction is executed.
 168:C:\Program Files (x86)\Cypress\PSoC Creator\4.4\PSoC Creator\1\CapSense_CSD_P4_Design01.cydsn\Generated_Source\PSoC4\cyPm.c ****          */
 169:C:\Program Files (x86)\Cypress\PSoC Creator\4.4\PSoC Creator\1\CapSense_CSD_P4_Design01.cydsn\Generated_Source\PSoC4\cyPm.c ****         CY_PM_WFI;
 240              		.loc 1 169 0
 241              		.syntax divided
 242              	@ 169 "C:\Program Files (x86)\Cypress\PSoC Creator\4.4\PSoC Creator\1\CapSense_CSD_P4_Design01.cyds
 243 0044 30BF     		WFI 
 244              	
 245              	@ 0 "" 2
 170:C:\Program Files (x86)\Cypress\PSoC Creator\4.4\PSoC Creator\1\CapSense_CSD_P4_Design01.cydsn\Generated_Source\PSoC4\cyPm.c **** 
 171:C:\Program Files (x86)\Cypress\PSoC Creator\4.4\PSoC Creator\1\CapSense_CSD_P4_Design01.cydsn\Generated_Source\PSoC4\cyPm.c ****         CyExitCriticalSection(interruptState);
 246              		.loc 1 171 0
 247              		.thumb
 248              		.syntax unified
 249 0046 FB1D     		adds	r3, r7, #7
 250 0048 1B78     		ldrb	r3, [r3]
 251 004a 1800     		movs	r0, r3
 252 004c FFF7FEFF 		bl	CyExitCriticalSection
 172:C:\Program Files (x86)\Cypress\PSoC Creator\4.4\PSoC Creator\1\CapSense_CSD_P4_Design01.cydsn\Generated_Source\PSoC4\cyPm.c ****     }
 253              		.loc 1 172 0
 254 0050 C046     		nop
 255 0052 BD46     		mov	sp, r7
 256 0054 03B0     		add	sp, sp, #12
 257              		@ sp needed
 258 0056 90BD     		pop	{r4, r7, pc}
 259              	.L9:
 260              		.align	2
 261              	.L8:
 262 0058 00000B40 		.word	1074462720
 263 005c 0C000B40 		.word	1074462732
 264 0060 50F1FF0F 		.word	268431696
 265 0064 10ED00E0 		.word	-536810224
 266 0068 2C000B40 		.word	1074462764
 267              		.cfi_endproc
 268              	.LFE2:
 269              		.size	CySysPmHibernate, .-CySysPmHibernate
 270              		.section	.text.CySysPmStop,"ax",%progbits
 271              		.align	2
 272              		.global	CySysPmStop
 273              		.code	16
 274              		.thumb_func
 275              		.type	CySysPmStop, %function
 276              	CySysPmStop:
 277              	.LFB3:
 173:C:\Program Files (x86)\Cypress\PSoC Creator\4.4\PSoC Creator\1\CapSense_CSD_P4_Design01.cydsn\Generated_Source\PSoC4\cyPm.c **** 
 174:C:\Program Files (x86)\Cypress\PSoC Creator\4.4\PSoC Creator\1\CapSense_CSD_P4_Design01.cydsn\Generated_Source\PSoC4\cyPm.c **** 
 175:C:\Program Files (x86)\Cypress\PSoC Creator\4.4\PSoC Creator\1\CapSense_CSD_P4_Design01.cydsn\Generated_Source\PSoC4\cyPm.c ****     /*******************************************************************************
 176:C:\Program Files (x86)\Cypress\PSoC Creator\4.4\PSoC Creator\1\CapSense_CSD_P4_Design01.cydsn\Generated_Source\PSoC4\cyPm.c ****     * Function Name: CySysPmStop
 177:C:\Program Files (x86)\Cypress\PSoC Creator\4.4\PSoC Creator\1\CapSense_CSD_P4_Design01.cydsn\Generated_Source\PSoC4\cyPm.c ****     ****************************************************************************//**
 178:C:\Program Files (x86)\Cypress\PSoC Creator\4.4\PSoC Creator\1\CapSense_CSD_P4_Design01.cydsn\Generated_Source\PSoC4\cyPm.c ****     *
 179:C:\Program Files (x86)\Cypress\PSoC Creator\4.4\PSoC Creator\1\CapSense_CSD_P4_Design01.cydsn\Generated_Source\PSoC4\cyPm.c ****     * Puts the part into the Stop state. All internal supplies are off;
ARM GAS  C:\Users\taips\AppData\Local\Temp\ccmc5Snf.s 			page 9


 180:C:\Program Files (x86)\Cypress\PSoC Creator\4.4\PSoC Creator\1\CapSense_CSD_P4_Design01.cydsn\Generated_Source\PSoC4\cyPm.c ****     * no state is retained.
 181:C:\Program Files (x86)\Cypress\PSoC Creator\4.4\PSoC Creator\1\CapSense_CSD_P4_Design01.cydsn\Generated_Source\PSoC4\cyPm.c ****     *
 182:C:\Program Files (x86)\Cypress\PSoC Creator\4.4\PSoC Creator\1\CapSense_CSD_P4_Design01.cydsn\Generated_Source\PSoC4\cyPm.c ****     * Wakeup from Stop is performed by toggling the wakeup pin, causing
 183:C:\Program Files (x86)\Cypress\PSoC Creator\4.4\PSoC Creator\1\CapSense_CSD_P4_Design01.cydsn\Generated_Source\PSoC4\cyPm.c ****     * a normal boot procedure to occur. To configure the wakeup pin,
 184:C:\Program Files (x86)\Cypress\PSoC Creator\4.4\PSoC Creator\1\CapSense_CSD_P4_Design01.cydsn\Generated_Source\PSoC4\cyPm.c ****     * the Digital Input Pin component should be placed on the schematic,
 185:C:\Program Files (x86)\Cypress\PSoC Creator\4.4\PSoC Creator\1\CapSense_CSD_P4_Design01.cydsn\Generated_Source\PSoC4\cyPm.c ****     * assigned to the wakeup pin, and resistively pulled up or down to the inverse
 186:C:\Program Files (x86)\Cypress\PSoC Creator\4.4\PSoC Creator\1\CapSense_CSD_P4_Design01.cydsn\Generated_Source\PSoC4\cyPm.c ****     * state of the wakeup polarity. To distinguish the wakeup from the Stop mode
 187:C:\Program Files (x86)\Cypress\PSoC Creator\4.4\PSoC Creator\1\CapSense_CSD_P4_Design01.cydsn\Generated_Source\PSoC4\cyPm.c ****     * and the general Reset event, \ref CySysPmGetResetReason() function could be
 188:C:\Program Files (x86)\Cypress\PSoC Creator\4.4\PSoC Creator\1\CapSense_CSD_P4_Design01.cydsn\Generated_Source\PSoC4\cyPm.c ****     * used.  The wakeup pin is active low by default. The wakeup pin polarity
 189:C:\Program Files (x86)\Cypress\PSoC Creator\4.4\PSoC Creator\1\CapSense_CSD_P4_Design01.cydsn\Generated_Source\PSoC4\cyPm.c ****     * could be changed with the \ref CySysPmSetWakeupPolarity() function.
 190:C:\Program Files (x86)\Cypress\PSoC Creator\4.4\PSoC Creator\1\CapSense_CSD_P4_Design01.cydsn\Generated_Source\PSoC4\cyPm.c ****     *
 191:C:\Program Files (x86)\Cypress\PSoC Creator\4.4\PSoC Creator\1\CapSense_CSD_P4_Design01.cydsn\Generated_Source\PSoC4\cyPm.c ****     * This function freezes IO cells implicitly. It is not possible to enter
 192:C:\Program Files (x86)\Cypress\PSoC Creator\4.4\PSoC Creator\1\CapSense_CSD_P4_Design01.cydsn\Generated_Source\PSoC4\cyPm.c ****     * the STOP mode before freezing the IO cells. The IO cells remain frozen after
 193:C:\Program Files (x86)\Cypress\PSoC Creator\4.4\PSoC Creator\1\CapSense_CSD_P4_Design01.cydsn\Generated_Source\PSoC4\cyPm.c ****     * awake from the Stop mode until the firmware unfreezes them after booting
 194:C:\Program Files (x86)\Cypress\PSoC Creator\4.4\PSoC Creator\1\CapSense_CSD_P4_Design01.cydsn\Generated_Source\PSoC4\cyPm.c ****     * explicitly with \ref CySysPmUnfreezeIo() function call.
 195:C:\Program Files (x86)\Cypress\PSoC Creator\4.4\PSoC Creator\1\CapSense_CSD_P4_Design01.cydsn\Generated_Source\PSoC4\cyPm.c ****     *
 196:C:\Program Files (x86)\Cypress\PSoC Creator\4.4\PSoC Creator\1\CapSense_CSD_P4_Design01.cydsn\Generated_Source\PSoC4\cyPm.c ****     *******************************************************************************/
 197:C:\Program Files (x86)\Cypress\PSoC Creator\4.4\PSoC Creator\1\CapSense_CSD_P4_Design01.cydsn\Generated_Source\PSoC4\cyPm.c ****     void CySysPmStop(void)
 198:C:\Program Files (x86)\Cypress\PSoC Creator\4.4\PSoC Creator\1\CapSense_CSD_P4_Design01.cydsn\Generated_Source\PSoC4\cyPm.c ****     {
 278              		.loc 1 198 0
 279              		.cfi_startproc
 280              		@ args = 0, pretend = 0, frame = 0
 281              		@ frame_needed = 1, uses_anonymous_args = 0
 282 0000 80B5     		push	{r7, lr}
 283              		.cfi_def_cfa_offset 8
 284              		.cfi_offset 7, -8
 285              		.cfi_offset 14, -4
 286 0002 00AF     		add	r7, sp, #0
 287              		.cfi_def_cfa_register 7
 199:C:\Program Files (x86)\Cypress\PSoC Creator\4.4\PSoC Creator\1\CapSense_CSD_P4_Design01.cydsn\Generated_Source\PSoC4\cyPm.c ****         (void) CyEnterCriticalSection();
 288              		.loc 1 199 0
 289 0004 FFF7FEFF 		bl	CyEnterCriticalSection
 200:C:\Program Files (x86)\Cypress\PSoC Creator\4.4\PSoC Creator\1\CapSense_CSD_P4_Design01.cydsn\Generated_Source\PSoC4\cyPm.c **** 
 201:C:\Program Files (x86)\Cypress\PSoC Creator\4.4\PSoC Creator\1\CapSense_CSD_P4_Design01.cydsn\Generated_Source\PSoC4\cyPm.c ****         /* Update token to indicate Stop mode transition. Preserve only polarity. */
 202:C:\Program Files (x86)\Cypress\PSoC Creator\4.4\PSoC Creator\1\CapSense_CSD_P4_Design01.cydsn\Generated_Source\PSoC4\cyPm.c ****         CY_PM_PWR_STOP_REG = (CY_PM_PWR_STOP_REG & CY_PM_PWR_STOP_POLARITY) | CY_PM_PWR_STOP_TOKEN_
 290              		.loc 1 202 0
 291 0008 0B4B     		ldr	r3, .L11
 292 000a 0B4A     		ldr	r2, .L11
 293 000c 1168     		ldr	r1, [r2]
 294 000e 8022     		movs	r2, #128
 295 0010 5202     		lsls	r2, r2, #9
 296 0012 0A40     		ands	r2, r1
 297 0014 F221     		movs	r1, #242
 298 0016 0A43     		orrs	r2, r1
 299 0018 1A60     		str	r2, [r3]
 203:C:\Program Files (x86)\Cypress\PSoC Creator\4.4\PSoC Creator\1\CapSense_CSD_P4_Design01.cydsn\Generated_Source\PSoC4\cyPm.c **** 
 204:C:\Program Files (x86)\Cypress\PSoC Creator\4.4\PSoC Creator\1\CapSense_CSD_P4_Design01.cydsn\Generated_Source\PSoC4\cyPm.c ****         /* Freeze IO-Cells to save IO-Cell state */
 205:C:\Program Files (x86)\Cypress\PSoC Creator\4.4\PSoC Creator\1\CapSense_CSD_P4_Design01.cydsn\Generated_Source\PSoC4\cyPm.c ****         CySysPmFreezeIo();
 300              		.loc 1 205 0
 301 001a FFF7FEFF 		bl	CySysPmFreezeIo
 206:C:\Program Files (x86)\Cypress\PSoC Creator\4.4\PSoC Creator\1\CapSense_CSD_P4_Design01.cydsn\Generated_Source\PSoC4\cyPm.c **** 
 207:C:\Program Files (x86)\Cypress\PSoC Creator\4.4\PSoC Creator\1\CapSense_CSD_P4_Design01.cydsn\Generated_Source\PSoC4\cyPm.c ****         /* Initiates transition to Stop state */
 208:C:\Program Files (x86)\Cypress\PSoC Creator\4.4\PSoC Creator\1\CapSense_CSD_P4_Design01.cydsn\Generated_Source\PSoC4\cyPm.c ****         CY_PM_PWR_STOP_REG = CY_PM_PWR_STOP_REG | CY_PM_PWR_STOP_STOP;
 302              		.loc 1 208 0
 303 001e 064B     		ldr	r3, .L11
 304 0020 054A     		ldr	r2, .L11
 305 0022 1268     		ldr	r2, [r2]
ARM GAS  C:\Users\taips\AppData\Local\Temp\ccmc5Snf.s 			page 10


 306 0024 8021     		movs	r1, #128
 307 0026 0906     		lsls	r1, r1, #24
 308 0028 0A43     		orrs	r2, r1
 309 002a 1A60     		str	r2, [r3]
 209:C:\Program Files (x86)\Cypress\PSoC Creator\4.4\PSoC Creator\1\CapSense_CSD_P4_Design01.cydsn\Generated_Source\PSoC4\cyPm.c **** 
 210:C:\Program Files (x86)\Cypress\PSoC Creator\4.4\PSoC Creator\1\CapSense_CSD_P4_Design01.cydsn\Generated_Source\PSoC4\cyPm.c ****         /* Depending on the clock frequency and internal timing delays,
 211:C:\Program Files (x86)\Cypress\PSoC Creator\4.4\PSoC Creator\1\CapSense_CSD_P4_Design01.cydsn\Generated_Source\PSoC4\cyPm.c ****          * the final AHB transaction may or may not complete. To guard against
 212:C:\Program Files (x86)\Cypress\PSoC Creator\4.4\PSoC Creator\1\CapSense_CSD_P4_Design01.cydsn\Generated_Source\PSoC4\cyPm.c ****          * accidentally executing an unintended instruction, it is recommended
 213:C:\Program Files (x86)\Cypress\PSoC Creator\4.4\PSoC Creator\1\CapSense_CSD_P4_Design01.cydsn\Generated_Source\PSoC4\cyPm.c ****          * to add 2 NOP cycles after the final write to the STOP register.
 214:C:\Program Files (x86)\Cypress\PSoC Creator\4.4\PSoC Creator\1\CapSense_CSD_P4_Design01.cydsn\Generated_Source\PSoC4\cyPm.c ****          */
 215:C:\Program Files (x86)\Cypress\PSoC Creator\4.4\PSoC Creator\1\CapSense_CSD_P4_Design01.cydsn\Generated_Source\PSoC4\cyPm.c ****         CY_NOP;
 310              		.loc 1 215 0
 311              		.syntax divided
 312              	@ 215 "C:\Program Files (x86)\Cypress\PSoC Creator\4.4\PSoC Creator\1\CapSense_CSD_P4_Design01.cyds
 313 002c C046     		NOP
 314              	
 315              	@ 0 "" 2
 216:C:\Program Files (x86)\Cypress\PSoC Creator\4.4\PSoC Creator\1\CapSense_CSD_P4_Design01.cydsn\Generated_Source\PSoC4\cyPm.c ****         CY_NOP;
 316              		.loc 1 216 0
 317              	@ 216 "C:\Program Files (x86)\Cypress\PSoC Creator\4.4\PSoC Creator\1\CapSense_CSD_P4_Design01.cyds
 318 002e C046     		NOP
 319              	
 320              	@ 0 "" 2
 217:C:\Program Files (x86)\Cypress\PSoC Creator\4.4\PSoC Creator\1\CapSense_CSD_P4_Design01.cydsn\Generated_Source\PSoC4\cyPm.c **** 
 218:C:\Program Files (x86)\Cypress\PSoC Creator\4.4\PSoC Creator\1\CapSense_CSD_P4_Design01.cydsn\Generated_Source\PSoC4\cyPm.c ****         /* Should never get to this WFI instruction */
 219:C:\Program Files (x86)\Cypress\PSoC Creator\4.4\PSoC Creator\1\CapSense_CSD_P4_Design01.cydsn\Generated_Source\PSoC4\cyPm.c ****         CY_PM_WFI;
 321              		.loc 1 219 0
 322              	@ 219 "C:\Program Files (x86)\Cypress\PSoC Creator\4.4\PSoC Creator\1\CapSense_CSD_P4_Design01.cyds
 323 0030 30BF     		WFI 
 324              	
 325              	@ 0 "" 2
 220:C:\Program Files (x86)\Cypress\PSoC Creator\4.4\PSoC Creator\1\CapSense_CSD_P4_Design01.cydsn\Generated_Source\PSoC4\cyPm.c **** 
 221:C:\Program Files (x86)\Cypress\PSoC Creator\4.4\PSoC Creator\1\CapSense_CSD_P4_Design01.cydsn\Generated_Source\PSoC4\cyPm.c ****         /* Wakeup from Stop is performed by toggling of Wakeup pin,
 222:C:\Program Files (x86)\Cypress\PSoC Creator\4.4\PSoC Creator\1\CapSense_CSD_P4_Design01.cydsn\Generated_Source\PSoC4\cyPm.c ****          * causing a normal Boot procedure to occur. No need to exit
 223:C:\Program Files (x86)\Cypress\PSoC Creator\4.4\PSoC Creator\1\CapSense_CSD_P4_Design01.cydsn\Generated_Source\PSoC4\cyPm.c ****          * from the critical section.
 224:C:\Program Files (x86)\Cypress\PSoC Creator\4.4\PSoC Creator\1\CapSense_CSD_P4_Design01.cydsn\Generated_Source\PSoC4\cyPm.c ****          */
 225:C:\Program Files (x86)\Cypress\PSoC Creator\4.4\PSoC Creator\1\CapSense_CSD_P4_Design01.cydsn\Generated_Source\PSoC4\cyPm.c ****     }
 326              		.loc 1 225 0
 327              		.thumb
 328              		.syntax unified
 329 0032 C046     		nop
 330 0034 BD46     		mov	sp, r7
 331              		@ sp needed
 332 0036 80BD     		pop	{r7, pc}
 333              	.L12:
 334              		.align	2
 335              	.L11:
 336 0038 2C000B40 		.word	1074462764
 337              		.cfi_endproc
 338              	.LFE3:
 339              		.size	CySysPmStop, .-CySysPmStop
 340              		.section	.text.CySysPmSetWakeupPolarity,"ax",%progbits
 341              		.align	2
 342              		.global	CySysPmSetWakeupPolarity
 343              		.code	16
 344              		.thumb_func
 345              		.type	CySysPmSetWakeupPolarity, %function
ARM GAS  C:\Users\taips\AppData\Local\Temp\ccmc5Snf.s 			page 11


 346              	CySysPmSetWakeupPolarity:
 347              	.LFB4:
 226:C:\Program Files (x86)\Cypress\PSoC Creator\4.4\PSoC Creator\1\CapSense_CSD_P4_Design01.cydsn\Generated_Source\PSoC4\cyPm.c **** 
 227:C:\Program Files (x86)\Cypress\PSoC Creator\4.4\PSoC Creator\1\CapSense_CSD_P4_Design01.cydsn\Generated_Source\PSoC4\cyPm.c **** 
 228:C:\Program Files (x86)\Cypress\PSoC Creator\4.4\PSoC Creator\1\CapSense_CSD_P4_Design01.cydsn\Generated_Source\PSoC4\cyPm.c ****     /*******************************************************************************
 229:C:\Program Files (x86)\Cypress\PSoC Creator\4.4\PSoC Creator\1\CapSense_CSD_P4_Design01.cydsn\Generated_Source\PSoC4\cyPm.c ****     * Function Name: CySysPmSetWakeupPolarity
 230:C:\Program Files (x86)\Cypress\PSoC Creator\4.4\PSoC Creator\1\CapSense_CSD_P4_Design01.cydsn\Generated_Source\PSoC4\cyPm.c ****     ****************************************************************************//**
 231:C:\Program Files (x86)\Cypress\PSoC Creator\4.4\PSoC Creator\1\CapSense_CSD_P4_Design01.cydsn\Generated_Source\PSoC4\cyPm.c ****     *
 232:C:\Program Files (x86)\Cypress\PSoC Creator\4.4\PSoC Creator\1\CapSense_CSD_P4_Design01.cydsn\Generated_Source\PSoC4\cyPm.c ****     * Wake up from the stop mode is performed by toggling the wakeup pin,
 233:C:\Program Files (x86)\Cypress\PSoC Creator\4.4\PSoC Creator\1\CapSense_CSD_P4_Design01.cydsn\Generated_Source\PSoC4\cyPm.c ****     * causing a normal boot procedure to occur. This function assigns
 234:C:\Program Files (x86)\Cypress\PSoC Creator\4.4\PSoC Creator\1\CapSense_CSD_P4_Design01.cydsn\Generated_Source\PSoC4\cyPm.c ****     * the wakeup pin active level. Setting the wakeup pin to this level will cause
 235:C:\Program Files (x86)\Cypress\PSoC Creator\4.4\PSoC Creator\1\CapSense_CSD_P4_Design01.cydsn\Generated_Source\PSoC4\cyPm.c ****     * the wakeup from stop mode. The wakeup pin is active low by default.
 236:C:\Program Files (x86)\Cypress\PSoC Creator\4.4\PSoC Creator\1\CapSense_CSD_P4_Design01.cydsn\Generated_Source\PSoC4\cyPm.c ****     *
 237:C:\Program Files (x86)\Cypress\PSoC Creator\4.4\PSoC Creator\1\CapSense_CSD_P4_Design01.cydsn\Generated_Source\PSoC4\cyPm.c ****     * \param polarity
 238:C:\Program Files (x86)\Cypress\PSoC Creator\4.4\PSoC Creator\1\CapSense_CSD_P4_Design01.cydsn\Generated_Source\PSoC4\cyPm.c ****     * - \ref CY_PM_STOP_WAKEUP_ACTIVE_LOW Logical zero will wakeup the chip
 239:C:\Program Files (x86)\Cypress\PSoC Creator\4.4\PSoC Creator\1\CapSense_CSD_P4_Design01.cydsn\Generated_Source\PSoC4\cyPm.c ****     * - \ref CY_PM_STOP_WAKEUP_ACTIVE_HIGH Logical one will wakeup the chip
 240:C:\Program Files (x86)\Cypress\PSoC Creator\4.4\PSoC Creator\1\CapSense_CSD_P4_Design01.cydsn\Generated_Source\PSoC4\cyPm.c ****     *
 241:C:\Program Files (x86)\Cypress\PSoC Creator\4.4\PSoC Creator\1\CapSense_CSD_P4_Design01.cydsn\Generated_Source\PSoC4\cyPm.c ****     *******************************************************************************/
 242:C:\Program Files (x86)\Cypress\PSoC Creator\4.4\PSoC Creator\1\CapSense_CSD_P4_Design01.cydsn\Generated_Source\PSoC4\cyPm.c ****     void CySysPmSetWakeupPolarity(uint32 polarity)
 243:C:\Program Files (x86)\Cypress\PSoC Creator\4.4\PSoC Creator\1\CapSense_CSD_P4_Design01.cydsn\Generated_Source\PSoC4\cyPm.c ****     {
 348              		.loc 1 243 0
 349              		.cfi_startproc
 350              		@ args = 0, pretend = 0, frame = 16
 351              		@ frame_needed = 1, uses_anonymous_args = 0
 352 0000 90B5     		push	{r4, r7, lr}
 353              		.cfi_def_cfa_offset 12
 354              		.cfi_offset 4, -12
 355              		.cfi_offset 7, -8
 356              		.cfi_offset 14, -4
 357 0002 85B0     		sub	sp, sp, #20
 358              		.cfi_def_cfa_offset 32
 359 0004 00AF     		add	r7, sp, #0
 360              		.cfi_def_cfa_register 7
 361 0006 7860     		str	r0, [r7, #4]
 244:C:\Program Files (x86)\Cypress\PSoC Creator\4.4\PSoC Creator\1\CapSense_CSD_P4_Design01.cydsn\Generated_Source\PSoC4\cyPm.c ****         uint8 interruptState;
 245:C:\Program Files (x86)\Cypress\PSoC Creator\4.4\PSoC Creator\1\CapSense_CSD_P4_Design01.cydsn\Generated_Source\PSoC4\cyPm.c **** 
 246:C:\Program Files (x86)\Cypress\PSoC Creator\4.4\PSoC Creator\1\CapSense_CSD_P4_Design01.cydsn\Generated_Source\PSoC4\cyPm.c ****         interruptState = CyEnterCriticalSection();
 362              		.loc 1 246 0
 363 0008 0F23     		movs	r3, #15
 364 000a FC18     		adds	r4, r7, r3
 365 000c FFF7FEFF 		bl	CyEnterCriticalSection
 366 0010 0300     		movs	r3, r0
 367 0012 2370     		strb	r3, [r4]
 247:C:\Program Files (x86)\Cypress\PSoC Creator\4.4\PSoC Creator\1\CapSense_CSD_P4_Design01.cydsn\Generated_Source\PSoC4\cyPm.c **** 
 248:C:\Program Files (x86)\Cypress\PSoC Creator\4.4\PSoC Creator\1\CapSense_CSD_P4_Design01.cydsn\Generated_Source\PSoC4\cyPm.c ****         CY_PM_PWR_STOP_REG = (CY_PM_STOP_WAKEUP_ACTIVE_LOW != polarity) ?
 368              		.loc 1 248 0
 369 0014 0C4A     		ldr	r2, .L16
 249:C:\Program Files (x86)\Cypress\PSoC Creator\4.4\PSoC Creator\1\CapSense_CSD_P4_Design01.cydsn\Generated_Source\PSoC4\cyPm.c ****                             (CY_PM_PWR_STOP_REG | CY_PM_PWR_STOP_POLARITY) :
 370              		.loc 1 249 0
 371 0016 7B68     		ldr	r3, [r7, #4]
 372 0018 002B     		cmp	r3, #0
 373 001a 05D0     		beq	.L14
 374              		.loc 1 249 0 is_stmt 0 discriminator 1
 375 001c 0A4B     		ldr	r3, .L16
 376 001e 1B68     		ldr	r3, [r3]
 377 0020 8021     		movs	r1, #128
 378 0022 4902     		lsls	r1, r1, #9
ARM GAS  C:\Users\taips\AppData\Local\Temp\ccmc5Snf.s 			page 12


 379 0024 0B43     		orrs	r3, r1
 380 0026 03E0     		b	.L15
 381              	.L14:
 250:C:\Program Files (x86)\Cypress\PSoC Creator\4.4\PSoC Creator\1\CapSense_CSD_P4_Design01.cydsn\Generated_Source\PSoC4\cyPm.c ****                             (CY_PM_PWR_STOP_REG & (uint32) (~CY_PM_PWR_STOP_POLARITY));
 382              		.loc 1 250 0 is_stmt 1 discriminator 2
 383 0028 074B     		ldr	r3, .L16
 384 002a 1B68     		ldr	r3, [r3]
 249:C:\Program Files (x86)\Cypress\PSoC Creator\4.4\PSoC Creator\1\CapSense_CSD_P4_Design01.cydsn\Generated_Source\PSoC4\cyPm.c ****                             (CY_PM_PWR_STOP_REG | CY_PM_PWR_STOP_POLARITY) :
 385              		.loc 1 249 0 discriminator 2
 386 002c 0749     		ldr	r1, .L16+4
 387 002e 0B40     		ands	r3, r1
 388              	.L15:
 248:C:\Program Files (x86)\Cypress\PSoC Creator\4.4\PSoC Creator\1\CapSense_CSD_P4_Design01.cydsn\Generated_Source\PSoC4\cyPm.c ****                             (CY_PM_PWR_STOP_REG | CY_PM_PWR_STOP_POLARITY) :
 389              		.loc 1 248 0
 390 0030 1360     		str	r3, [r2]
 251:C:\Program Files (x86)\Cypress\PSoC Creator\4.4\PSoC Creator\1\CapSense_CSD_P4_Design01.cydsn\Generated_Source\PSoC4\cyPm.c **** 
 252:C:\Program Files (x86)\Cypress\PSoC Creator\4.4\PSoC Creator\1\CapSense_CSD_P4_Design01.cydsn\Generated_Source\PSoC4\cyPm.c ****         CyExitCriticalSection(interruptState);
 391              		.loc 1 252 0
 392 0032 0F23     		movs	r3, #15
 393 0034 FB18     		adds	r3, r7, r3
 394 0036 1B78     		ldrb	r3, [r3]
 395 0038 1800     		movs	r0, r3
 396 003a FFF7FEFF 		bl	CyExitCriticalSection
 253:C:\Program Files (x86)\Cypress\PSoC Creator\4.4\PSoC Creator\1\CapSense_CSD_P4_Design01.cydsn\Generated_Source\PSoC4\cyPm.c ****     }
 397              		.loc 1 253 0
 398 003e C046     		nop
 399 0040 BD46     		mov	sp, r7
 400 0042 05B0     		add	sp, sp, #20
 401              		@ sp needed
 402 0044 90BD     		pop	{r4, r7, pc}
 403              	.L17:
 404 0046 C046     		.align	2
 405              	.L16:
 406 0048 2C000B40 		.word	1074462764
 407 004c FFFFFEFF 		.word	-65537
 408              		.cfi_endproc
 409              	.LFE4:
 410              		.size	CySysPmSetWakeupPolarity, .-CySysPmSetWakeupPolarity
 411              		.section	.text.CySysPmGetResetReason,"ax",%progbits
 412              		.align	2
 413              		.global	CySysPmGetResetReason
 414              		.code	16
 415              		.thumb_func
 416              		.type	CySysPmGetResetReason, %function
 417              	CySysPmGetResetReason:
 418              	.LFB5:
 254:C:\Program Files (x86)\Cypress\PSoC Creator\4.4\PSoC Creator\1\CapSense_CSD_P4_Design01.cydsn\Generated_Source\PSoC4\cyPm.c **** 
 255:C:\Program Files (x86)\Cypress\PSoC Creator\4.4\PSoC Creator\1\CapSense_CSD_P4_Design01.cydsn\Generated_Source\PSoC4\cyPm.c **** 
 256:C:\Program Files (x86)\Cypress\PSoC Creator\4.4\PSoC Creator\1\CapSense_CSD_P4_Design01.cydsn\Generated_Source\PSoC4\cyPm.c ****     /*******************************************************************************
 257:C:\Program Files (x86)\Cypress\PSoC Creator\4.4\PSoC Creator\1\CapSense_CSD_P4_Design01.cydsn\Generated_Source\PSoC4\cyPm.c ****     * Function Name: CySysPmGetResetReason
 258:C:\Program Files (x86)\Cypress\PSoC Creator\4.4\PSoC Creator\1\CapSense_CSD_P4_Design01.cydsn\Generated_Source\PSoC4\cyPm.c ****     ****************************************************************************//**
 259:C:\Program Files (x86)\Cypress\PSoC Creator\4.4\PSoC Creator\1\CapSense_CSD_P4_Design01.cydsn\Generated_Source\PSoC4\cyPm.c ****     *
 260:C:\Program Files (x86)\Cypress\PSoC Creator\4.4\PSoC Creator\1\CapSense_CSD_P4_Design01.cydsn\Generated_Source\PSoC4\cyPm.c ****     * Retrieves the last reset reason - transition from OFF/XRES/STOP/HIBERNATE to
 261:C:\Program Files (x86)\Cypress\PSoC Creator\4.4\PSoC Creator\1\CapSense_CSD_P4_Design01.cydsn\Generated_Source\PSoC4\cyPm.c ****     * the RESET state. Note that waking up from STOP using XRES will be perceived
 262:C:\Program Files (x86)\Cypress\PSoC Creator\4.4\PSoC Creator\1\CapSense_CSD_P4_Design01.cydsn\Generated_Source\PSoC4\cyPm.c ****     * as a general RESET.
 263:C:\Program Files (x86)\Cypress\PSoC Creator\4.4\PSoC Creator\1\CapSense_CSD_P4_Design01.cydsn\Generated_Source\PSoC4\cyPm.c ****     *
 264:C:\Program Files (x86)\Cypress\PSoC Creator\4.4\PSoC Creator\1\CapSense_CSD_P4_Design01.cydsn\Generated_Source\PSoC4\cyPm.c ****     * \return CY_PM_RESET_REASON_UNKN          Unknown reset reason.
ARM GAS  C:\Users\taips\AppData\Local\Temp\ccmc5Snf.s 			page 13


 265:C:\Program Files (x86)\Cypress\PSoC Creator\4.4\PSoC Creator\1\CapSense_CSD_P4_Design01.cydsn\Generated_Source\PSoC4\cyPm.c ****     * \return CY_PM_RESET_REASON_XRES          Transition from OFF/XRES to RESET
 266:C:\Program Files (x86)\Cypress\PSoC Creator\4.4\PSoC Creator\1\CapSense_CSD_P4_Design01.cydsn\Generated_Source\PSoC4\cyPm.c ****     * \return CY_PM_RESET_REASON_WAKEUP_HIB    Transition/wakeup from HIBERNATE to RESET
 267:C:\Program Files (x86)\Cypress\PSoC Creator\4.4\PSoC Creator\1\CapSense_CSD_P4_Design01.cydsn\Generated_Source\PSoC4\cyPm.c ****     * \return CY_PM_RESET_REASON_WAKEUP_STOP   Transition/wakeup from STOP to RESET
 268:C:\Program Files (x86)\Cypress\PSoC Creator\4.4\PSoC Creator\1\CapSense_CSD_P4_Design01.cydsn\Generated_Source\PSoC4\cyPm.c ****     *
 269:C:\Program Files (x86)\Cypress\PSoC Creator\4.4\PSoC Creator\1\CapSense_CSD_P4_Design01.cydsn\Generated_Source\PSoC4\cyPm.c ****     *******************************************************************************/
 270:C:\Program Files (x86)\Cypress\PSoC Creator\4.4\PSoC Creator\1\CapSense_CSD_P4_Design01.cydsn\Generated_Source\PSoC4\cyPm.c ****     uint32 CySysPmGetResetReason(void)
 271:C:\Program Files (x86)\Cypress\PSoC Creator\4.4\PSoC Creator\1\CapSense_CSD_P4_Design01.cydsn\Generated_Source\PSoC4\cyPm.c ****     {
 419              		.loc 1 271 0
 420              		.cfi_startproc
 421              		@ args = 0, pretend = 0, frame = 8
 422              		@ frame_needed = 1, uses_anonymous_args = 0
 423 0000 80B5     		push	{r7, lr}
 424              		.cfi_def_cfa_offset 8
 425              		.cfi_offset 7, -8
 426              		.cfi_offset 14, -4
 427 0002 82B0     		sub	sp, sp, #8
 428              		.cfi_def_cfa_offset 16
 429 0004 00AF     		add	r7, sp, #0
 430              		.cfi_def_cfa_register 7
 272:C:\Program Files (x86)\Cypress\PSoC Creator\4.4\PSoC Creator\1\CapSense_CSD_P4_Design01.cydsn\Generated_Source\PSoC4\cyPm.c ****         uint32 reason = CY_PM_RESET_REASON_UNKN;
 431              		.loc 1 272 0
 432 0006 0023     		movs	r3, #0
 433 0008 7B60     		str	r3, [r7, #4]
 273:C:\Program Files (x86)\Cypress\PSoC Creator\4.4\PSoC Creator\1\CapSense_CSD_P4_Design01.cydsn\Generated_Source\PSoC4\cyPm.c **** 
 274:C:\Program Files (x86)\Cypress\PSoC Creator\4.4\PSoC Creator\1\CapSense_CSD_P4_Design01.cydsn\Generated_Source\PSoC4\cyPm.c ****         switch(CY_PM_PWR_STOP_REG & CY_PM_PWR_STOP_TOKEN_MASK)
 434              		.loc 1 274 0
 435 000a 0C4B     		ldr	r3, .L25
 436 000c 1B68     		ldr	r3, [r3]
 437 000e FF22     		movs	r2, #255
 438 0010 1340     		ands	r3, r2
 439 0012 F12B     		cmp	r3, #241
 440 0014 07D0     		beq	.L20
 441 0016 F22B     		cmp	r3, #242
 442 0018 08D0     		beq	.L21
 443 001a 002B     		cmp	r3, #0
 444 001c 00D0     		beq	.L22
 275:C:\Program Files (x86)\Cypress\PSoC Creator\4.4\PSoC Creator\1\CapSense_CSD_P4_Design01.cydsn\Generated_Source\PSoC4\cyPm.c ****         {
 276:C:\Program Files (x86)\Cypress\PSoC Creator\4.4\PSoC Creator\1\CapSense_CSD_P4_Design01.cydsn\Generated_Source\PSoC4\cyPm.c ****         /* Power up, XRES */
 277:C:\Program Files (x86)\Cypress\PSoC Creator\4.4\PSoC Creator\1\CapSense_CSD_P4_Design01.cydsn\Generated_Source\PSoC4\cyPm.c ****         case CY_PM_PWR_STOP_TOKEN_XRES:
 278:C:\Program Files (x86)\Cypress\PSoC Creator\4.4\PSoC Creator\1\CapSense_CSD_P4_Design01.cydsn\Generated_Source\PSoC4\cyPm.c ****             reason = CY_PM_RESET_REASON_XRES;
 279:C:\Program Files (x86)\Cypress\PSoC Creator\4.4\PSoC Creator\1\CapSense_CSD_P4_Design01.cydsn\Generated_Source\PSoC4\cyPm.c ****             break;
 280:C:\Program Files (x86)\Cypress\PSoC Creator\4.4\PSoC Creator\1\CapSense_CSD_P4_Design01.cydsn\Generated_Source\PSoC4\cyPm.c **** 
 281:C:\Program Files (x86)\Cypress\PSoC Creator\4.4\PSoC Creator\1\CapSense_CSD_P4_Design01.cydsn\Generated_Source\PSoC4\cyPm.c ****         /* Wakeup from Hibernate */
 282:C:\Program Files (x86)\Cypress\PSoC Creator\4.4\PSoC Creator\1\CapSense_CSD_P4_Design01.cydsn\Generated_Source\PSoC4\cyPm.c ****         case CY_PM_PWR_STOP_TOKEN_HIB:
 283:C:\Program Files (x86)\Cypress\PSoC Creator\4.4\PSoC Creator\1\CapSense_CSD_P4_Design01.cydsn\Generated_Source\PSoC4\cyPm.c ****             reason = CY_PM_RESET_REASON_WAKEUP_HIB;
 284:C:\Program Files (x86)\Cypress\PSoC Creator\4.4\PSoC Creator\1\CapSense_CSD_P4_Design01.cydsn\Generated_Source\PSoC4\cyPm.c ****             break;
 285:C:\Program Files (x86)\Cypress\PSoC Creator\4.4\PSoC Creator\1\CapSense_CSD_P4_Design01.cydsn\Generated_Source\PSoC4\cyPm.c **** 
 286:C:\Program Files (x86)\Cypress\PSoC Creator\4.4\PSoC Creator\1\CapSense_CSD_P4_Design01.cydsn\Generated_Source\PSoC4\cyPm.c ****         /* Wakeup from Stop (through WAKEUP pin assert) */
 287:C:\Program Files (x86)\Cypress\PSoC Creator\4.4\PSoC Creator\1\CapSense_CSD_P4_Design01.cydsn\Generated_Source\PSoC4\cyPm.c ****         case CY_PM_PWR_STOP_TOKEN_STOP:
 288:C:\Program Files (x86)\Cypress\PSoC Creator\4.4\PSoC Creator\1\CapSense_CSD_P4_Design01.cydsn\Generated_Source\PSoC4\cyPm.c ****             reason = CY_PM_RESET_REASON_WAKEUP_STOP;
 289:C:\Program Files (x86)\Cypress\PSoC Creator\4.4\PSoC Creator\1\CapSense_CSD_P4_Design01.cydsn\Generated_Source\PSoC4\cyPm.c ****             break;
 290:C:\Program Files (x86)\Cypress\PSoC Creator\4.4\PSoC Creator\1\CapSense_CSD_P4_Design01.cydsn\Generated_Source\PSoC4\cyPm.c **** 
 291:C:\Program Files (x86)\Cypress\PSoC Creator\4.4\PSoC Creator\1\CapSense_CSD_P4_Design01.cydsn\Generated_Source\PSoC4\cyPm.c ****         /* Unknown reason */
 292:C:\Program Files (x86)\Cypress\PSoC Creator\4.4\PSoC Creator\1\CapSense_CSD_P4_Design01.cydsn\Generated_Source\PSoC4\cyPm.c ****         default:
 293:C:\Program Files (x86)\Cypress\PSoC Creator\4.4\PSoC Creator\1\CapSense_CSD_P4_Design01.cydsn\Generated_Source\PSoC4\cyPm.c ****             break;
 445              		.loc 1 293 0
 446 001e 08E0     		b	.L23
ARM GAS  C:\Users\taips\AppData\Local\Temp\ccmc5Snf.s 			page 14


 447              	.L22:
 278:C:\Program Files (x86)\Cypress\PSoC Creator\4.4\PSoC Creator\1\CapSense_CSD_P4_Design01.cydsn\Generated_Source\PSoC4\cyPm.c ****             break;
 448              		.loc 1 278 0
 449 0020 0123     		movs	r3, #1
 450 0022 7B60     		str	r3, [r7, #4]
 279:C:\Program Files (x86)\Cypress\PSoC Creator\4.4\PSoC Creator\1\CapSense_CSD_P4_Design01.cydsn\Generated_Source\PSoC4\cyPm.c **** 
 451              		.loc 1 279 0
 452 0024 05E0     		b	.L23
 453              	.L20:
 283:C:\Program Files (x86)\Cypress\PSoC Creator\4.4\PSoC Creator\1\CapSense_CSD_P4_Design01.cydsn\Generated_Source\PSoC4\cyPm.c ****             break;
 454              		.loc 1 283 0
 455 0026 0223     		movs	r3, #2
 456 0028 7B60     		str	r3, [r7, #4]
 284:C:\Program Files (x86)\Cypress\PSoC Creator\4.4\PSoC Creator\1\CapSense_CSD_P4_Design01.cydsn\Generated_Source\PSoC4\cyPm.c **** 
 457              		.loc 1 284 0
 458 002a 02E0     		b	.L23
 459              	.L21:
 288:C:\Program Files (x86)\Cypress\PSoC Creator\4.4\PSoC Creator\1\CapSense_CSD_P4_Design01.cydsn\Generated_Source\PSoC4\cyPm.c ****             break;
 460              		.loc 1 288 0
 461 002c 0323     		movs	r3, #3
 462 002e 7B60     		str	r3, [r7, #4]
 289:C:\Program Files (x86)\Cypress\PSoC Creator\4.4\PSoC Creator\1\CapSense_CSD_P4_Design01.cydsn\Generated_Source\PSoC4\cyPm.c **** 
 463              		.loc 1 289 0
 464 0030 C046     		nop
 465              	.L23:
 294:C:\Program Files (x86)\Cypress\PSoC Creator\4.4\PSoC Creator\1\CapSense_CSD_P4_Design01.cydsn\Generated_Source\PSoC4\cyPm.c ****         }
 295:C:\Program Files (x86)\Cypress\PSoC Creator\4.4\PSoC Creator\1\CapSense_CSD_P4_Design01.cydsn\Generated_Source\PSoC4\cyPm.c **** 
 296:C:\Program Files (x86)\Cypress\PSoC Creator\4.4\PSoC Creator\1\CapSense_CSD_P4_Design01.cydsn\Generated_Source\PSoC4\cyPm.c ****         return (reason);
 466              		.loc 1 296 0
 467 0032 7B68     		ldr	r3, [r7, #4]
 297:C:\Program Files (x86)\Cypress\PSoC Creator\4.4\PSoC Creator\1\CapSense_CSD_P4_Design01.cydsn\Generated_Source\PSoC4\cyPm.c ****     }
 468              		.loc 1 297 0
 469 0034 1800     		movs	r0, r3
 470 0036 BD46     		mov	sp, r7
 471 0038 02B0     		add	sp, sp, #8
 472              		@ sp needed
 473 003a 80BD     		pop	{r7, pc}
 474              	.L26:
 475              		.align	2
 476              	.L25:
 477 003c 2C000B40 		.word	1074462764
 478              		.cfi_endproc
 479              	.LFE5:
 480              		.size	CySysPmGetResetReason, .-CySysPmGetResetReason
 481              		.section	.text.CySysPmFreezeIo,"ax",%progbits
 482              		.align	2
 483              		.global	CySysPmFreezeIo
 484              		.code	16
 485              		.thumb_func
 486              		.type	CySysPmFreezeIo, %function
 487              	CySysPmFreezeIo:
 488              	.LFB6:
 298:C:\Program Files (x86)\Cypress\PSoC Creator\4.4\PSoC Creator\1\CapSense_CSD_P4_Design01.cydsn\Generated_Source\PSoC4\cyPm.c **** 
 299:C:\Program Files (x86)\Cypress\PSoC Creator\4.4\PSoC Creator\1\CapSense_CSD_P4_Design01.cydsn\Generated_Source\PSoC4\cyPm.c **** 
 300:C:\Program Files (x86)\Cypress\PSoC Creator\4.4\PSoC Creator\1\CapSense_CSD_P4_Design01.cydsn\Generated_Source\PSoC4\cyPm.c ****     /*******************************************************************************
 301:C:\Program Files (x86)\Cypress\PSoC Creator\4.4\PSoC Creator\1\CapSense_CSD_P4_Design01.cydsn\Generated_Source\PSoC4\cyPm.c ****     * Function Name: CySysPmFreezeIo
 302:C:\Program Files (x86)\Cypress\PSoC Creator\4.4\PSoC Creator\1\CapSense_CSD_P4_Design01.cydsn\Generated_Source\PSoC4\cyPm.c ****     ****************************************************************************//**
ARM GAS  C:\Users\taips\AppData\Local\Temp\ccmc5Snf.s 			page 15


 303:C:\Program Files (x86)\Cypress\PSoC Creator\4.4\PSoC Creator\1\CapSense_CSD_P4_Design01.cydsn\Generated_Source\PSoC4\cyPm.c ****     *
 304:C:\Program Files (x86)\Cypress\PSoC Creator\4.4\PSoC Creator\1\CapSense_CSD_P4_Design01.cydsn\Generated_Source\PSoC4\cyPm.c ****     * Freezes IO-Cells directly to save the IO-Cell state on wake up from the
 305:C:\Program Files (x86)\Cypress\PSoC Creator\4.4\PSoC Creator\1\CapSense_CSD_P4_Design01.cydsn\Generated_Source\PSoC4\cyPm.c ****     * Hibernate or Stop state. It is not required to call this function before
 306:C:\Program Files (x86)\Cypress\PSoC Creator\4.4\PSoC Creator\1\CapSense_CSD_P4_Design01.cydsn\Generated_Source\PSoC4\cyPm.c ****     * entering the Stop mode, since \ref CySysPmStop() function freezes IO-Cells
 307:C:\Program Files (x86)\Cypress\PSoC Creator\4.4\PSoC Creator\1\CapSense_CSD_P4_Design01.cydsn\Generated_Source\PSoC4\cyPm.c ****     * implicitly.
 308:C:\Program Files (x86)\Cypress\PSoC Creator\4.4\PSoC Creator\1\CapSense_CSD_P4_Design01.cydsn\Generated_Source\PSoC4\cyPm.c ****     *
 309:C:\Program Files (x86)\Cypress\PSoC Creator\4.4\PSoC Creator\1\CapSense_CSD_P4_Design01.cydsn\Generated_Source\PSoC4\cyPm.c ****     * This API is not available for PSoC 4000 family of devices.
 310:C:\Program Files (x86)\Cypress\PSoC Creator\4.4\PSoC Creator\1\CapSense_CSD_P4_Design01.cydsn\Generated_Source\PSoC4\cyPm.c ****     *
 311:C:\Program Files (x86)\Cypress\PSoC Creator\4.4\PSoC Creator\1\CapSense_CSD_P4_Design01.cydsn\Generated_Source\PSoC4\cyPm.c ****     *******************************************************************************/
 312:C:\Program Files (x86)\Cypress\PSoC Creator\4.4\PSoC Creator\1\CapSense_CSD_P4_Design01.cydsn\Generated_Source\PSoC4\cyPm.c ****     void CySysPmFreezeIo(void)
 313:C:\Program Files (x86)\Cypress\PSoC Creator\4.4\PSoC Creator\1\CapSense_CSD_P4_Design01.cydsn\Generated_Source\PSoC4\cyPm.c ****     {
 489              		.loc 1 313 0
 490              		.cfi_startproc
 491              		@ args = 0, pretend = 0, frame = 8
 492              		@ frame_needed = 1, uses_anonymous_args = 0
 493 0000 90B5     		push	{r4, r7, lr}
 494              		.cfi_def_cfa_offset 12
 495              		.cfi_offset 4, -12
 496              		.cfi_offset 7, -8
 497              		.cfi_offset 14, -4
 498 0002 83B0     		sub	sp, sp, #12
 499              		.cfi_def_cfa_offset 24
 500 0004 00AF     		add	r7, sp, #0
 501              		.cfi_def_cfa_register 7
 314:C:\Program Files (x86)\Cypress\PSoC Creator\4.4\PSoC Creator\1\CapSense_CSD_P4_Design01.cydsn\Generated_Source\PSoC4\cyPm.c ****         uint8 interruptState;
 315:C:\Program Files (x86)\Cypress\PSoC Creator\4.4\PSoC Creator\1\CapSense_CSD_P4_Design01.cydsn\Generated_Source\PSoC4\cyPm.c **** 
 316:C:\Program Files (x86)\Cypress\PSoC Creator\4.4\PSoC Creator\1\CapSense_CSD_P4_Design01.cydsn\Generated_Source\PSoC4\cyPm.c ****         interruptState = CyEnterCriticalSection();
 502              		.loc 1 316 0
 503 0006 FC1D     		adds	r4, r7, #7
 504 0008 FFF7FEFF 		bl	CyEnterCriticalSection
 505 000c 0300     		movs	r3, r0
 506 000e 2370     		strb	r3, [r4]
 317:C:\Program Files (x86)\Cypress\PSoC Creator\4.4\PSoC Creator\1\CapSense_CSD_P4_Design01.cydsn\Generated_Source\PSoC4\cyPm.c **** 
 318:C:\Program Files (x86)\Cypress\PSoC Creator\4.4\PSoC Creator\1\CapSense_CSD_P4_Design01.cydsn\Generated_Source\PSoC4\cyPm.c ****         /* Check FREEZE state to avoid recurrent IO-Cells freeze attempt,
 319:C:\Program Files (x86)\Cypress\PSoC Creator\4.4\PSoC Creator\1\CapSense_CSD_P4_Design01.cydsn\Generated_Source\PSoC4\cyPm.c ****          * since the second call to this function will cause accidental switch
 320:C:\Program Files (x86)\Cypress\PSoC Creator\4.4\PSoC Creator\1\CapSense_CSD_P4_Design01.cydsn\Generated_Source\PSoC4\cyPm.c ****          * to the STOP mode (the system will enter STOP mode immediately after
 321:C:\Program Files (x86)\Cypress\PSoC Creator\4.4\PSoC Creator\1\CapSense_CSD_P4_Design01.cydsn\Generated_Source\PSoC4\cyPm.c ****          * writing to STOP bit since both UNLOCK and FREEZE have been set correctly
 322:C:\Program Files (x86)\Cypress\PSoC Creator\4.4\PSoC Creator\1\CapSense_CSD_P4_Design01.cydsn\Generated_Source\PSoC4\cyPm.c ****          * in a previous call to this function).
 323:C:\Program Files (x86)\Cypress\PSoC Creator\4.4\PSoC Creator\1\CapSense_CSD_P4_Design01.cydsn\Generated_Source\PSoC4\cyPm.c ****          */
 324:C:\Program Files (x86)\Cypress\PSoC Creator\4.4\PSoC Creator\1\CapSense_CSD_P4_Design01.cydsn\Generated_Source\PSoC4\cyPm.c ****         if (0u == (CY_PM_PWR_STOP_REG & CY_PM_PWR_STOP_FREEZE))
 507              		.loc 1 324 0
 508 0010 0F4B     		ldr	r3, .L29
 509 0012 1A68     		ldr	r2, [r3]
 510 0014 8023     		movs	r3, #128
 511 0016 9B02     		lsls	r3, r3, #10
 512 0018 1340     		ands	r3, r2
 513 001a 0FD1     		bne	.L28
 325:C:\Program Files (x86)\Cypress\PSoC Creator\4.4\PSoC Creator\1\CapSense_CSD_P4_Design01.cydsn\Generated_Source\PSoC4\cyPm.c ****         {
 326:C:\Program Files (x86)\Cypress\PSoC Creator\4.4\PSoC Creator\1\CapSense_CSD_P4_Design01.cydsn\Generated_Source\PSoC4\cyPm.c ****             /* Preserve last reset reason and disable overrides the next freeze command by peripher
 327:C:\Program Files (x86)\Cypress\PSoC Creator\4.4\PSoC Creator\1\CapSense_CSD_P4_Design01.cydsn\Generated_Source\PSoC4\cyPm.c ****             CY_PM_PWR_STOP_REG = CY_PM_PWR_STOP_STOP | CY_PM_PWR_STOP_FREEZE | CY_PM_PWR_STOP_UNLOC
 514              		.loc 1 327 0
 515 001c 0C4B     		ldr	r3, .L29
 328:C:\Program Files (x86)\Cypress\PSoC Creator\4.4\PSoC Creator\1\CapSense_CSD_P4_Design01.cydsn\Generated_Source\PSoC4\cyPm.c ****                                 (CY_PM_PWR_STOP_REG & (CY_PM_PWR_STOP_TOKEN_MASK | CY_PM_PWR_STOP_P
 516              		.loc 1 328 0
 517 001e 0C4A     		ldr	r2, .L29
 518 0020 1268     		ldr	r2, [r2]
 519 0022 0C49     		ldr	r1, .L29+4
ARM GAS  C:\Users\taips\AppData\Local\Temp\ccmc5Snf.s 			page 16


 520 0024 0A40     		ands	r2, r1
 327:C:\Program Files (x86)\Cypress\PSoC Creator\4.4\PSoC Creator\1\CapSense_CSD_P4_Design01.cydsn\Generated_Source\PSoC4\cyPm.c ****                                 (CY_PM_PWR_STOP_REG & (CY_PM_PWR_STOP_TOKEN_MASK | CY_PM_PWR_STOP_P
 521              		.loc 1 327 0
 522 0026 0C49     		ldr	r1, .L29+8
 523 0028 0A43     		orrs	r2, r1
 524 002a 1A60     		str	r2, [r3]
 329:C:\Program Files (x86)\Cypress\PSoC Creator\4.4\PSoC Creator\1\CapSense_CSD_P4_Design01.cydsn\Generated_Source\PSoC4\cyPm.c **** 
 330:C:\Program Files (x86)\Cypress\PSoC Creator\4.4\PSoC Creator\1\CapSense_CSD_P4_Design01.cydsn\Generated_Source\PSoC4\cyPm.c ****             /* If reading after writing, read this register three times to delay
 331:C:\Program Files (x86)\Cypress\PSoC Creator\4.4\PSoC Creator\1\CapSense_CSD_P4_Design01.cydsn\Generated_Source\PSoC4\cyPm.c ****             *  enough time for internal settling.
 332:C:\Program Files (x86)\Cypress\PSoC Creator\4.4\PSoC Creator\1\CapSense_CSD_P4_Design01.cydsn\Generated_Source\PSoC4\cyPm.c ****             */
 333:C:\Program Files (x86)\Cypress\PSoC Creator\4.4\PSoC Creator\1\CapSense_CSD_P4_Design01.cydsn\Generated_Source\PSoC4\cyPm.c ****             (void) CY_PM_PWR_STOP_REG;
 525              		.loc 1 333 0
 526 002c 084B     		ldr	r3, .L29
 527 002e 1B68     		ldr	r3, [r3]
 334:C:\Program Files (x86)\Cypress\PSoC Creator\4.4\PSoC Creator\1\CapSense_CSD_P4_Design01.cydsn\Generated_Source\PSoC4\cyPm.c ****             (void) CY_PM_PWR_STOP_REG;
 528              		.loc 1 334 0
 529 0030 074B     		ldr	r3, .L29
 530 0032 1B68     		ldr	r3, [r3]
 335:C:\Program Files (x86)\Cypress\PSoC Creator\4.4\PSoC Creator\1\CapSense_CSD_P4_Design01.cydsn\Generated_Source\PSoC4\cyPm.c **** 
 336:C:\Program Files (x86)\Cypress\PSoC Creator\4.4\PSoC Creator\1\CapSense_CSD_P4_Design01.cydsn\Generated_Source\PSoC4\cyPm.c ****             /* Second write causes the freeze of IO-Cells to save IO-Cell state */
 337:C:\Program Files (x86)\Cypress\PSoC Creator\4.4\PSoC Creator\1\CapSense_CSD_P4_Design01.cydsn\Generated_Source\PSoC4\cyPm.c ****             CY_PM_PWR_STOP_REG = CY_PM_PWR_STOP_REG;
 531              		.loc 1 337 0
 532 0034 064B     		ldr	r3, .L29
 533 0036 064A     		ldr	r2, .L29
 534 0038 1268     		ldr	r2, [r2]
 535 003a 1A60     		str	r2, [r3]
 536              	.L28:
 338:C:\Program Files (x86)\Cypress\PSoC Creator\4.4\PSoC Creator\1\CapSense_CSD_P4_Design01.cydsn\Generated_Source\PSoC4\cyPm.c ****         }
 339:C:\Program Files (x86)\Cypress\PSoC Creator\4.4\PSoC Creator\1\CapSense_CSD_P4_Design01.cydsn\Generated_Source\PSoC4\cyPm.c **** 
 340:C:\Program Files (x86)\Cypress\PSoC Creator\4.4\PSoC Creator\1\CapSense_CSD_P4_Design01.cydsn\Generated_Source\PSoC4\cyPm.c ****         CyExitCriticalSection(interruptState);
 537              		.loc 1 340 0
 538 003c FB1D     		adds	r3, r7, #7
 539 003e 1B78     		ldrb	r3, [r3]
 540 0040 1800     		movs	r0, r3
 541 0042 FFF7FEFF 		bl	CyExitCriticalSection
 341:C:\Program Files (x86)\Cypress\PSoC Creator\4.4\PSoC Creator\1\CapSense_CSD_P4_Design01.cydsn\Generated_Source\PSoC4\cyPm.c ****     }
 542              		.loc 1 341 0
 543 0046 C046     		nop
 544 0048 BD46     		mov	sp, r7
 545 004a 03B0     		add	sp, sp, #12
 546              		@ sp needed
 547 004c 90BD     		pop	{r4, r7, pc}
 548              	.L30:
 549 004e C046     		.align	2
 550              	.L29:
 551 0050 2C000B40 		.word	1074462764
 552 0054 FF000100 		.word	65791
 553 0058 003A0280 		.word	-2147337728
 554              		.cfi_endproc
 555              	.LFE6:
 556              		.size	CySysPmFreezeIo, .-CySysPmFreezeIo
 557              		.section	.text.CySysPmUnfreezeIo,"ax",%progbits
 558              		.align	2
 559              		.global	CySysPmUnfreezeIo
 560              		.code	16
 561              		.thumb_func
 562              		.type	CySysPmUnfreezeIo, %function
ARM GAS  C:\Users\taips\AppData\Local\Temp\ccmc5Snf.s 			page 17


 563              	CySysPmUnfreezeIo:
 564              	.LFB7:
 342:C:\Program Files (x86)\Cypress\PSoC Creator\4.4\PSoC Creator\1\CapSense_CSD_P4_Design01.cydsn\Generated_Source\PSoC4\cyPm.c **** 
 343:C:\Program Files (x86)\Cypress\PSoC Creator\4.4\PSoC Creator\1\CapSense_CSD_P4_Design01.cydsn\Generated_Source\PSoC4\cyPm.c **** 
 344:C:\Program Files (x86)\Cypress\PSoC Creator\4.4\PSoC Creator\1\CapSense_CSD_P4_Design01.cydsn\Generated_Source\PSoC4\cyPm.c ****     /*******************************************************************************
 345:C:\Program Files (x86)\Cypress\PSoC Creator\4.4\PSoC Creator\1\CapSense_CSD_P4_Design01.cydsn\Generated_Source\PSoC4\cyPm.c ****     * Function Name: CySysPmUnfreezeIo
 346:C:\Program Files (x86)\Cypress\PSoC Creator\4.4\PSoC Creator\1\CapSense_CSD_P4_Design01.cydsn\Generated_Source\PSoC4\cyPm.c ****     ****************************************************************************//**
 347:C:\Program Files (x86)\Cypress\PSoC Creator\4.4\PSoC Creator\1\CapSense_CSD_P4_Design01.cydsn\Generated_Source\PSoC4\cyPm.c ****     *
 348:C:\Program Files (x86)\Cypress\PSoC Creator\4.4\PSoC Creator\1\CapSense_CSD_P4_Design01.cydsn\Generated_Source\PSoC4\cyPm.c ****     * The IO-Cells remain frozen after awake from Hibernate or Stop mode until
 349:C:\Program Files (x86)\Cypress\PSoC Creator\4.4\PSoC Creator\1\CapSense_CSD_P4_Design01.cydsn\Generated_Source\PSoC4\cyPm.c ****     * the firmware unfreezes them after booting. The call of this function
 350:C:\Program Files (x86)\Cypress\PSoC Creator\4.4\PSoC Creator\1\CapSense_CSD_P4_Design01.cydsn\Generated_Source\PSoC4\cyPm.c ****     * unfreezes IO-Cells explicitly.
 351:C:\Program Files (x86)\Cypress\PSoC Creator\4.4\PSoC Creator\1\CapSense_CSD_P4_Design01.cydsn\Generated_Source\PSoC4\cyPm.c ****     *
 352:C:\Program Files (x86)\Cypress\PSoC Creator\4.4\PSoC Creator\1\CapSense_CSD_P4_Design01.cydsn\Generated_Source\PSoC4\cyPm.c ****     * If the firmware intent is to retain the data value on the port, then the
 353:C:\Program Files (x86)\Cypress\PSoC Creator\4.4\PSoC Creator\1\CapSense_CSD_P4_Design01.cydsn\Generated_Source\PSoC4\cyPm.c ****     * value must be read and re-written to the data register before calling this
 354:C:\Program Files (x86)\Cypress\PSoC Creator\4.4\PSoC Creator\1\CapSense_CSD_P4_Design01.cydsn\Generated_Source\PSoC4\cyPm.c ****     * API. Furthermore, the drive mode must be re-programmed.  If this is not done,
 355:C:\Program Files (x86)\Cypress\PSoC Creator\4.4\PSoC Creator\1\CapSense_CSD_P4_Design01.cydsn\Generated_Source\PSoC4\cyPm.c ****     * the pin state will change to default state the moment the freeze is removed.
 356:C:\Program Files (x86)\Cypress\PSoC Creator\4.4\PSoC Creator\1\CapSense_CSD_P4_Design01.cydsn\Generated_Source\PSoC4\cyPm.c ****     *
 357:C:\Program Files (x86)\Cypress\PSoC Creator\4.4\PSoC Creator\1\CapSense_CSD_P4_Design01.cydsn\Generated_Source\PSoC4\cyPm.c ****     * This API is not available for PSoC 4000 family of devices.
 358:C:\Program Files (x86)\Cypress\PSoC Creator\4.4\PSoC Creator\1\CapSense_CSD_P4_Design01.cydsn\Generated_Source\PSoC4\cyPm.c ****     *
 359:C:\Program Files (x86)\Cypress\PSoC Creator\4.4\PSoC Creator\1\CapSense_CSD_P4_Design01.cydsn\Generated_Source\PSoC4\cyPm.c ****     *******************************************************************************/
 360:C:\Program Files (x86)\Cypress\PSoC Creator\4.4\PSoC Creator\1\CapSense_CSD_P4_Design01.cydsn\Generated_Source\PSoC4\cyPm.c ****     void CySysPmUnfreezeIo(void)
 361:C:\Program Files (x86)\Cypress\PSoC Creator\4.4\PSoC Creator\1\CapSense_CSD_P4_Design01.cydsn\Generated_Source\PSoC4\cyPm.c ****     {
 565              		.loc 1 361 0
 566              		.cfi_startproc
 567              		@ args = 0, pretend = 0, frame = 8
 568              		@ frame_needed = 1, uses_anonymous_args = 0
 569 0000 90B5     		push	{r4, r7, lr}
 570              		.cfi_def_cfa_offset 12
 571              		.cfi_offset 4, -12
 572              		.cfi_offset 7, -8
 573              		.cfi_offset 14, -4
 574 0002 83B0     		sub	sp, sp, #12
 575              		.cfi_def_cfa_offset 24
 576 0004 00AF     		add	r7, sp, #0
 577              		.cfi_def_cfa_register 7
 362:C:\Program Files (x86)\Cypress\PSoC Creator\4.4\PSoC Creator\1\CapSense_CSD_P4_Design01.cydsn\Generated_Source\PSoC4\cyPm.c ****         uint8 interruptState;
 363:C:\Program Files (x86)\Cypress\PSoC Creator\4.4\PSoC Creator\1\CapSense_CSD_P4_Design01.cydsn\Generated_Source\PSoC4\cyPm.c **** 
 364:C:\Program Files (x86)\Cypress\PSoC Creator\4.4\PSoC Creator\1\CapSense_CSD_P4_Design01.cydsn\Generated_Source\PSoC4\cyPm.c ****         interruptState = CyEnterCriticalSection();
 578              		.loc 1 364 0
 579 0006 FC1D     		adds	r4, r7, #7
 580 0008 FFF7FEFF 		bl	CyEnterCriticalSection
 581 000c 0300     		movs	r3, r0
 582 000e 2370     		strb	r3, [r4]
 365:C:\Program Files (x86)\Cypress\PSoC Creator\4.4\PSoC Creator\1\CapSense_CSD_P4_Design01.cydsn\Generated_Source\PSoC4\cyPm.c **** 
 366:C:\Program Files (x86)\Cypress\PSoC Creator\4.4\PSoC Creator\1\CapSense_CSD_P4_Design01.cydsn\Generated_Source\PSoC4\cyPm.c ****         /* Preserve last reset reason and wakeup polarity. Then, unfreeze I/O:
 367:C:\Program Files (x86)\Cypress\PSoC Creator\4.4\PSoC Creator\1\CapSense_CSD_P4_Design01.cydsn\Generated_Source\PSoC4\cyPm.c ****          * write PWR_STOP.FREEZE=0, .UNLOCK=0x3A, .STOP=0, .TOKEN
 368:C:\Program Files (x86)\Cypress\PSoC Creator\4.4\PSoC Creator\1\CapSense_CSD_P4_Design01.cydsn\Generated_Source\PSoC4\cyPm.c ****          */
 369:C:\Program Files (x86)\Cypress\PSoC Creator\4.4\PSoC Creator\1\CapSense_CSD_P4_Design01.cydsn\Generated_Source\PSoC4\cyPm.c ****         CY_PM_PWR_STOP_REG = CY_PM_PWR_STOP_UNLOCK |
 583              		.loc 1 369 0
 584 0010 0D4B     		ldr	r3, .L32
 370:C:\Program Files (x86)\Cypress\PSoC Creator\4.4\PSoC Creator\1\CapSense_CSD_P4_Design01.cydsn\Generated_Source\PSoC4\cyPm.c ****                             (CY_PM_PWR_STOP_REG & (CY_PM_PWR_STOP_TOKEN_MASK | CY_PM_PWR_STOP_POLAR
 585              		.loc 1 370 0
 586 0012 0D4A     		ldr	r2, .L32
 587 0014 1268     		ldr	r2, [r2]
 588 0016 0D49     		ldr	r1, .L32+4
 589 0018 0A40     		ands	r2, r1
 369:C:\Program Files (x86)\Cypress\PSoC Creator\4.4\PSoC Creator\1\CapSense_CSD_P4_Design01.cydsn\Generated_Source\PSoC4\cyPm.c ****                             (CY_PM_PWR_STOP_REG & (CY_PM_PWR_STOP_TOKEN_MASK | CY_PM_PWR_STOP_POLAR
ARM GAS  C:\Users\taips\AppData\Local\Temp\ccmc5Snf.s 			page 18


 590              		.loc 1 369 0
 591 001a E821     		movs	r1, #232
 592 001c 8901     		lsls	r1, r1, #6
 593 001e 0A43     		orrs	r2, r1
 594 0020 1A60     		str	r2, [r3]
 371:C:\Program Files (x86)\Cypress\PSoC Creator\4.4\PSoC Creator\1\CapSense_CSD_P4_Design01.cydsn\Generated_Source\PSoC4\cyPm.c **** 
 372:C:\Program Files (x86)\Cypress\PSoC Creator\4.4\PSoC Creator\1\CapSense_CSD_P4_Design01.cydsn\Generated_Source\PSoC4\cyPm.c ****         /* If reading after writing, read this register three times to delay
 373:C:\Program Files (x86)\Cypress\PSoC Creator\4.4\PSoC Creator\1\CapSense_CSD_P4_Design01.cydsn\Generated_Source\PSoC4\cyPm.c ****         *  enough time for internal settling.
 374:C:\Program Files (x86)\Cypress\PSoC Creator\4.4\PSoC Creator\1\CapSense_CSD_P4_Design01.cydsn\Generated_Source\PSoC4\cyPm.c ****         */
 375:C:\Program Files (x86)\Cypress\PSoC Creator\4.4\PSoC Creator\1\CapSense_CSD_P4_Design01.cydsn\Generated_Source\PSoC4\cyPm.c ****         (void) CY_PM_PWR_STOP_REG;
 595              		.loc 1 375 0
 596 0022 094B     		ldr	r3, .L32
 597 0024 1B68     		ldr	r3, [r3]
 376:C:\Program Files (x86)\Cypress\PSoC Creator\4.4\PSoC Creator\1\CapSense_CSD_P4_Design01.cydsn\Generated_Source\PSoC4\cyPm.c ****         (void) CY_PM_PWR_STOP_REG;
 598              		.loc 1 376 0
 599 0026 084B     		ldr	r3, .L32
 600 0028 1B68     		ldr	r3, [r3]
 377:C:\Program Files (x86)\Cypress\PSoC Creator\4.4\PSoC Creator\1\CapSense_CSD_P4_Design01.cydsn\Generated_Source\PSoC4\cyPm.c **** 
 378:C:\Program Files (x86)\Cypress\PSoC Creator\4.4\PSoC Creator\1\CapSense_CSD_P4_Design01.cydsn\Generated_Source\PSoC4\cyPm.c ****         /* Lock STOP mode: write PWR_STOP.FREEZE=0, UNLOCK=0x00, STOP=0, .TOKEN */
 379:C:\Program Files (x86)\Cypress\PSoC Creator\4.4\PSoC Creator\1\CapSense_CSD_P4_Design01.cydsn\Generated_Source\PSoC4\cyPm.c ****         CY_PM_PWR_STOP_REG &= (CY_PM_PWR_STOP_TOKEN_MASK | CY_PM_PWR_STOP_POLARITY);
 601              		.loc 1 379 0
 602 002a 074B     		ldr	r3, .L32
 603 002c 064A     		ldr	r2, .L32
 604 002e 1268     		ldr	r2, [r2]
 605 0030 0649     		ldr	r1, .L32+4
 606 0032 0A40     		ands	r2, r1
 607 0034 1A60     		str	r2, [r3]
 380:C:\Program Files (x86)\Cypress\PSoC Creator\4.4\PSoC Creator\1\CapSense_CSD_P4_Design01.cydsn\Generated_Source\PSoC4\cyPm.c **** 
 381:C:\Program Files (x86)\Cypress\PSoC Creator\4.4\PSoC Creator\1\CapSense_CSD_P4_Design01.cydsn\Generated_Source\PSoC4\cyPm.c ****         CyExitCriticalSection(interruptState);
 608              		.loc 1 381 0
 609 0036 FB1D     		adds	r3, r7, #7
 610 0038 1B78     		ldrb	r3, [r3]
 611 003a 1800     		movs	r0, r3
 612 003c FFF7FEFF 		bl	CyExitCriticalSection
 382:C:\Program Files (x86)\Cypress\PSoC Creator\4.4\PSoC Creator\1\CapSense_CSD_P4_Design01.cydsn\Generated_Source\PSoC4\cyPm.c ****     }
 613              		.loc 1 382 0
 614 0040 C046     		nop
 615 0042 BD46     		mov	sp, r7
 616 0044 03B0     		add	sp, sp, #12
 617              		@ sp needed
 618 0046 90BD     		pop	{r4, r7, pc}
 619              	.L33:
 620              		.align	2
 621              	.L32:
 622 0048 2C000B40 		.word	1074462764
 623 004c FF000100 		.word	65791
 624              		.cfi_endproc
 625              	.LFE7:
 626              		.size	CySysPmUnfreezeIo, .-CySysPmUnfreezeIo
 627              		.text
 628              	.Letext0:
 629              		.file 2 "C:\\Program Files (x86)\\Cypress\\PSoC Creator\\4.4\\PSoC Creator\\1\\CapSense_CSD_P4_Des
 630              		.section	.debug_info,"",%progbits
 631              	.Ldebug_info0:
 632 0000 FC010000 		.4byte	0x1fc
 633 0004 0400     		.2byte	0x4
 634 0006 00000000 		.4byte	.Ldebug_abbrev0
ARM GAS  C:\Users\taips\AppData\Local\Temp\ccmc5Snf.s 			page 19


 635 000a 04       		.byte	0x4
 636 000b 01       		.uleb128 0x1
 637 000c 91000000 		.4byte	.LASF27
 638 0010 0C       		.byte	0xc
 639 0011 76010000 		.4byte	.LASF28
 640 0015 00000000 		.4byte	.Ldebug_ranges0+0
 641 0019 00000000 		.4byte	0
 642 001d 00000000 		.4byte	.Ldebug_line0
 643 0021 02       		.uleb128 0x2
 644 0022 01       		.byte	0x1
 645 0023 06       		.byte	0x6
 646 0024 71020000 		.4byte	.LASF0
 647 0028 02       		.uleb128 0x2
 648 0029 01       		.byte	0x1
 649 002a 08       		.byte	0x8
 650 002b 5C000000 		.4byte	.LASF1
 651 002f 02       		.uleb128 0x2
 652 0030 02       		.byte	0x2
 653 0031 05       		.byte	0x5
 654 0032 41020000 		.4byte	.LASF2
 655 0036 02       		.uleb128 0x2
 656 0037 02       		.byte	0x2
 657 0038 07       		.byte	0x7
 658 0039 32000000 		.4byte	.LASF3
 659 003d 02       		.uleb128 0x2
 660 003e 04       		.byte	0x4
 661 003f 05       		.byte	0x5
 662 0040 5C020000 		.4byte	.LASF4
 663 0044 02       		.uleb128 0x2
 664 0045 04       		.byte	0x4
 665 0046 07       		.byte	0x7
 666 0047 79000000 		.4byte	.LASF5
 667 004b 02       		.uleb128 0x2
 668 004c 08       		.byte	0x8
 669 004d 05       		.byte	0x5
 670 004e 21020000 		.4byte	.LASF6
 671 0052 02       		.uleb128 0x2
 672 0053 08       		.byte	0x8
 673 0054 07       		.byte	0x7
 674 0055 5F010000 		.4byte	.LASF7
 675 0059 03       		.uleb128 0x3
 676 005a 04       		.byte	0x4
 677 005b 05       		.byte	0x5
 678 005c 696E7400 		.ascii	"int\000"
 679 0060 02       		.uleb128 0x2
 680 0061 04       		.byte	0x4
 681 0062 07       		.byte	0x7
 682 0063 52010000 		.4byte	.LASF8
 683 0067 04       		.uleb128 0x4
 684 0068 8B000000 		.4byte	.LASF9
 685 006c 02       		.byte	0x2
 686 006d D201     		.2byte	0x1d2
 687 006f 28000000 		.4byte	0x28
 688 0073 04       		.uleb128 0x4
 689 0074 44010000 		.4byte	.LASF10
 690 0078 02       		.byte	0x2
 691 0079 D301     		.2byte	0x1d3
ARM GAS  C:\Users\taips\AppData\Local\Temp\ccmc5Snf.s 			page 20


 692 007b 36000000 		.4byte	0x36
 693 007f 04       		.uleb128 0x4
 694 0080 4B010000 		.4byte	.LASF11
 695 0084 02       		.byte	0x2
 696 0085 D401     		.2byte	0x1d4
 697 0087 44000000 		.4byte	0x44
 698 008b 02       		.uleb128 0x2
 699 008c 04       		.byte	0x4
 700 008d 04       		.byte	0x4
 701 008e 56000000 		.4byte	.LASF12
 702 0092 02       		.uleb128 0x2
 703 0093 08       		.byte	0x8
 704 0094 04       		.byte	0x4
 705 0095 2B010000 		.4byte	.LASF13
 706 0099 02       		.uleb128 0x2
 707 009a 01       		.byte	0x1
 708 009b 08       		.byte	0x8
 709 009c 2F020000 		.4byte	.LASF14
 710 00a0 04       		.uleb128 0x4
 711 00a1 00000000 		.4byte	.LASF15
 712 00a5 02       		.byte	0x2
 713 00a6 7D02     		.2byte	0x27d
 714 00a8 AC000000 		.4byte	0xac
 715 00ac 05       		.uleb128 0x5
 716 00ad 73000000 		.4byte	0x73
 717 00b1 04       		.uleb128 0x4
 718 00b2 06000000 		.4byte	.LASF16
 719 00b6 02       		.byte	0x2
 720 00b7 7E02     		.2byte	0x27e
 721 00b9 BD000000 		.4byte	0xbd
 722 00bd 05       		.uleb128 0x5
 723 00be 7F000000 		.4byte	0x7f
 724 00c2 02       		.uleb128 0x2
 725 00c3 08       		.byte	0x8
 726 00c4 04       		.byte	0x4
 727 00c5 65020000 		.4byte	.LASF17
 728 00c9 02       		.uleb128 0x2
 729 00ca 04       		.byte	0x4
 730 00cb 07       		.byte	0x7
 731 00cc 18020000 		.4byte	.LASF18
 732 00d0 06       		.uleb128 0x6
 733 00d1 25000000 		.4byte	.LASF19
 734 00d5 01       		.byte	0x1
 735 00d6 20       		.byte	0x20
 736 00d7 00000000 		.4byte	.LFB0
 737 00db 34000000 		.4byte	.LFE0-.LFB0
 738 00df 01       		.uleb128 0x1
 739 00e0 9C       		.byte	0x9c
 740 00e1 F4000000 		.4byte	0xf4
 741 00e5 07       		.uleb128 0x7
 742 00e6 6A000000 		.4byte	.LASF21
 743 00ea 01       		.byte	0x1
 744 00eb 22       		.byte	0x22
 745 00ec 67000000 		.4byte	0x67
 746 00f0 02       		.uleb128 0x2
 747 00f1 91       		.byte	0x91
 748 00f2 6F       		.sleb128 -17
ARM GAS  C:\Users\taips\AppData\Local\Temp\ccmc5Snf.s 			page 21


 749 00f3 00       		.byte	0
 750 00f4 06       		.uleb128 0x6
 751 00f5 4B020000 		.4byte	.LASF20
 752 00f9 01       		.byte	0x1
 753 00fa 3F       		.byte	0x3f
 754 00fb 00000000 		.4byte	.LFB1
 755 00ff 8C000000 		.4byte	.LFE1-.LFB1
 756 0103 01       		.uleb128 0x1
 757 0104 9C       		.byte	0x9c
 758 0105 26010000 		.4byte	0x126
 759 0109 07       		.uleb128 0x7
 760 010a 6A000000 		.4byte	.LASF21
 761 010e 01       		.byte	0x1
 762 010f 41       		.byte	0x41
 763 0110 67000000 		.4byte	0x67
 764 0114 02       		.uleb128 0x2
 765 0115 91       		.byte	0x91
 766 0116 6F       		.sleb128 -17
 767 0117 07       		.uleb128 0x7
 768 0118 34020000 		.4byte	.LASF22
 769 011c 01       		.byte	0x1
 770 011d 43       		.byte	0x43
 771 011e BD000000 		.4byte	0xbd
 772 0122 02       		.uleb128 0x2
 773 0123 91       		.byte	0x91
 774 0124 68       		.sleb128 -24
 775 0125 00       		.byte	0
 776 0126 06       		.uleb128 0x6
 777 0127 45000000 		.4byte	.LASF23
 778 012b 01       		.byte	0x1
 779 012c 8A       		.byte	0x8a
 780 012d 00000000 		.4byte	.LFB2
 781 0131 6C000000 		.4byte	.LFE2-.LFB2
 782 0135 01       		.uleb128 0x1
 783 0136 9C       		.byte	0x9c
 784 0137 4A010000 		.4byte	0x14a
 785 013b 07       		.uleb128 0x7
 786 013c 6A000000 		.4byte	.LASF21
 787 0140 01       		.byte	0x1
 788 0141 8C       		.byte	0x8c
 789 0142 67000000 		.4byte	0x67
 790 0146 02       		.uleb128 0x2
 791 0147 91       		.byte	0x91
 792 0148 6F       		.sleb128 -17
 793 0149 00       		.byte	0
 794 014a 08       		.uleb128 0x8
 795 014b 1F010000 		.4byte	.LASF29
 796 014f 01       		.byte	0x1
 797 0150 C5       		.byte	0xc5
 798 0151 00000000 		.4byte	.LFB3
 799 0155 3C000000 		.4byte	.LFE3-.LFB3
 800 0159 01       		.uleb128 0x1
 801 015a 9C       		.byte	0x9c
 802 015b 06       		.uleb128 0x6
 803 015c 0C000000 		.4byte	.LASF24
 804 0160 01       		.byte	0x1
 805 0161 F2       		.byte	0xf2
ARM GAS  C:\Users\taips\AppData\Local\Temp\ccmc5Snf.s 			page 22


 806 0162 00000000 		.4byte	.LFB4
 807 0166 50000000 		.4byte	.LFE4-.LFB4
 808 016a 01       		.uleb128 0x1
 809 016b 9C       		.byte	0x9c
 810 016c 8D010000 		.4byte	0x18d
 811 0170 09       		.uleb128 0x9
 812 0171 F9010000 		.4byte	.LASF30
 813 0175 01       		.byte	0x1
 814 0176 F2       		.byte	0xf2
 815 0177 7F000000 		.4byte	0x7f
 816 017b 02       		.uleb128 0x2
 817 017c 91       		.byte	0x91
 818 017d 64       		.sleb128 -28
 819 017e 07       		.uleb128 0x7
 820 017f 6A000000 		.4byte	.LASF21
 821 0183 01       		.byte	0x1
 822 0184 F4       		.byte	0xf4
 823 0185 67000000 		.4byte	0x67
 824 0189 02       		.uleb128 0x2
 825 018a 91       		.byte	0x91
 826 018b 6F       		.sleb128 -17
 827 018c 00       		.byte	0
 828 018d 0A       		.uleb128 0xa
 829 018e 02020000 		.4byte	.LASF31
 830 0192 01       		.byte	0x1
 831 0193 0E01     		.2byte	0x10e
 832 0195 7F000000 		.4byte	0x7f
 833 0199 00000000 		.4byte	.LFB5
 834 019d 40000000 		.4byte	.LFE5-.LFB5
 835 01a1 01       		.uleb128 0x1
 836 01a2 9C       		.byte	0x9c
 837 01a3 B7010000 		.4byte	0x1b7
 838 01a7 0B       		.uleb128 0xb
 839 01a8 F2010000 		.4byte	.LASF25
 840 01ac 01       		.byte	0x1
 841 01ad 1001     		.2byte	0x110
 842 01af 7F000000 		.4byte	0x7f
 843 01b3 02       		.uleb128 0x2
 844 01b4 91       		.byte	0x91
 845 01b5 74       		.sleb128 -12
 846 01b6 00       		.byte	0
 847 01b7 0C       		.uleb128 0xc
 848 01b8 7D020000 		.4byte	.LASF26
 849 01bc 01       		.byte	0x1
 850 01bd 3801     		.2byte	0x138
 851 01bf 00000000 		.4byte	.LFB6
 852 01c3 5C000000 		.4byte	.LFE6-.LFB6
 853 01c7 01       		.uleb128 0x1
 854 01c8 9C       		.byte	0x9c
 855 01c9 DD010000 		.4byte	0x1dd
 856 01cd 0B       		.uleb128 0xb
 857 01ce 6A000000 		.4byte	.LASF21
 858 01d2 01       		.byte	0x1
 859 01d3 3A01     		.2byte	0x13a
 860 01d5 67000000 		.4byte	0x67
 861 01d9 02       		.uleb128 0x2
 862 01da 91       		.byte	0x91
ARM GAS  C:\Users\taips\AppData\Local\Temp\ccmc5Snf.s 			page 23


 863 01db 6F       		.sleb128 -17
 864 01dc 00       		.byte	0
 865 01dd 0D       		.uleb128 0xd
 866 01de 32010000 		.4byte	.LASF32
 867 01e2 01       		.byte	0x1
 868 01e3 6801     		.2byte	0x168
 869 01e5 00000000 		.4byte	.LFB7
 870 01e9 50000000 		.4byte	.LFE7-.LFB7
 871 01ed 01       		.uleb128 0x1
 872 01ee 9C       		.byte	0x9c
 873 01ef 0B       		.uleb128 0xb
 874 01f0 6A000000 		.4byte	.LASF21
 875 01f4 01       		.byte	0x1
 876 01f5 6A01     		.2byte	0x16a
 877 01f7 67000000 		.4byte	0x67
 878 01fb 02       		.uleb128 0x2
 879 01fc 91       		.byte	0x91
 880 01fd 6F       		.sleb128 -17
 881 01fe 00       		.byte	0
 882 01ff 00       		.byte	0
 883              		.section	.debug_abbrev,"",%progbits
 884              	.Ldebug_abbrev0:
 885 0000 01       		.uleb128 0x1
 886 0001 11       		.uleb128 0x11
 887 0002 01       		.byte	0x1
 888 0003 25       		.uleb128 0x25
 889 0004 0E       		.uleb128 0xe
 890 0005 13       		.uleb128 0x13
 891 0006 0B       		.uleb128 0xb
 892 0007 03       		.uleb128 0x3
 893 0008 0E       		.uleb128 0xe
 894 0009 55       		.uleb128 0x55
 895 000a 17       		.uleb128 0x17
 896 000b 11       		.uleb128 0x11
 897 000c 01       		.uleb128 0x1
 898 000d 10       		.uleb128 0x10
 899 000e 17       		.uleb128 0x17
 900 000f 00       		.byte	0
 901 0010 00       		.byte	0
 902 0011 02       		.uleb128 0x2
 903 0012 24       		.uleb128 0x24
 904 0013 00       		.byte	0
 905 0014 0B       		.uleb128 0xb
 906 0015 0B       		.uleb128 0xb
 907 0016 3E       		.uleb128 0x3e
 908 0017 0B       		.uleb128 0xb
 909 0018 03       		.uleb128 0x3
 910 0019 0E       		.uleb128 0xe
 911 001a 00       		.byte	0
 912 001b 00       		.byte	0
 913 001c 03       		.uleb128 0x3
 914 001d 24       		.uleb128 0x24
 915 001e 00       		.byte	0
 916 001f 0B       		.uleb128 0xb
 917 0020 0B       		.uleb128 0xb
 918 0021 3E       		.uleb128 0x3e
 919 0022 0B       		.uleb128 0xb
ARM GAS  C:\Users\taips\AppData\Local\Temp\ccmc5Snf.s 			page 24


 920 0023 03       		.uleb128 0x3
 921 0024 08       		.uleb128 0x8
 922 0025 00       		.byte	0
 923 0026 00       		.byte	0
 924 0027 04       		.uleb128 0x4
 925 0028 16       		.uleb128 0x16
 926 0029 00       		.byte	0
 927 002a 03       		.uleb128 0x3
 928 002b 0E       		.uleb128 0xe
 929 002c 3A       		.uleb128 0x3a
 930 002d 0B       		.uleb128 0xb
 931 002e 3B       		.uleb128 0x3b
 932 002f 05       		.uleb128 0x5
 933 0030 49       		.uleb128 0x49
 934 0031 13       		.uleb128 0x13
 935 0032 00       		.byte	0
 936 0033 00       		.byte	0
 937 0034 05       		.uleb128 0x5
 938 0035 35       		.uleb128 0x35
 939 0036 00       		.byte	0
 940 0037 49       		.uleb128 0x49
 941 0038 13       		.uleb128 0x13
 942 0039 00       		.byte	0
 943 003a 00       		.byte	0
 944 003b 06       		.uleb128 0x6
 945 003c 2E       		.uleb128 0x2e
 946 003d 01       		.byte	0x1
 947 003e 3F       		.uleb128 0x3f
 948 003f 19       		.uleb128 0x19
 949 0040 03       		.uleb128 0x3
 950 0041 0E       		.uleb128 0xe
 951 0042 3A       		.uleb128 0x3a
 952 0043 0B       		.uleb128 0xb
 953 0044 3B       		.uleb128 0x3b
 954 0045 0B       		.uleb128 0xb
 955 0046 27       		.uleb128 0x27
 956 0047 19       		.uleb128 0x19
 957 0048 11       		.uleb128 0x11
 958 0049 01       		.uleb128 0x1
 959 004a 12       		.uleb128 0x12
 960 004b 06       		.uleb128 0x6
 961 004c 40       		.uleb128 0x40
 962 004d 18       		.uleb128 0x18
 963 004e 9642     		.uleb128 0x2116
 964 0050 19       		.uleb128 0x19
 965 0051 01       		.uleb128 0x1
 966 0052 13       		.uleb128 0x13
 967 0053 00       		.byte	0
 968 0054 00       		.byte	0
 969 0055 07       		.uleb128 0x7
 970 0056 34       		.uleb128 0x34
 971 0057 00       		.byte	0
 972 0058 03       		.uleb128 0x3
 973 0059 0E       		.uleb128 0xe
 974 005a 3A       		.uleb128 0x3a
 975 005b 0B       		.uleb128 0xb
 976 005c 3B       		.uleb128 0x3b
ARM GAS  C:\Users\taips\AppData\Local\Temp\ccmc5Snf.s 			page 25


 977 005d 0B       		.uleb128 0xb
 978 005e 49       		.uleb128 0x49
 979 005f 13       		.uleb128 0x13
 980 0060 02       		.uleb128 0x2
 981 0061 18       		.uleb128 0x18
 982 0062 00       		.byte	0
 983 0063 00       		.byte	0
 984 0064 08       		.uleb128 0x8
 985 0065 2E       		.uleb128 0x2e
 986 0066 00       		.byte	0
 987 0067 3F       		.uleb128 0x3f
 988 0068 19       		.uleb128 0x19
 989 0069 03       		.uleb128 0x3
 990 006a 0E       		.uleb128 0xe
 991 006b 3A       		.uleb128 0x3a
 992 006c 0B       		.uleb128 0xb
 993 006d 3B       		.uleb128 0x3b
 994 006e 0B       		.uleb128 0xb
 995 006f 27       		.uleb128 0x27
 996 0070 19       		.uleb128 0x19
 997 0071 11       		.uleb128 0x11
 998 0072 01       		.uleb128 0x1
 999 0073 12       		.uleb128 0x12
 1000 0074 06       		.uleb128 0x6
 1001 0075 40       		.uleb128 0x40
 1002 0076 18       		.uleb128 0x18
 1003 0077 9642     		.uleb128 0x2116
 1004 0079 19       		.uleb128 0x19
 1005 007a 00       		.byte	0
 1006 007b 00       		.byte	0
 1007 007c 09       		.uleb128 0x9
 1008 007d 05       		.uleb128 0x5
 1009 007e 00       		.byte	0
 1010 007f 03       		.uleb128 0x3
 1011 0080 0E       		.uleb128 0xe
 1012 0081 3A       		.uleb128 0x3a
 1013 0082 0B       		.uleb128 0xb
 1014 0083 3B       		.uleb128 0x3b
 1015 0084 0B       		.uleb128 0xb
 1016 0085 49       		.uleb128 0x49
 1017 0086 13       		.uleb128 0x13
 1018 0087 02       		.uleb128 0x2
 1019 0088 18       		.uleb128 0x18
 1020 0089 00       		.byte	0
 1021 008a 00       		.byte	0
 1022 008b 0A       		.uleb128 0xa
 1023 008c 2E       		.uleb128 0x2e
 1024 008d 01       		.byte	0x1
 1025 008e 3F       		.uleb128 0x3f
 1026 008f 19       		.uleb128 0x19
 1027 0090 03       		.uleb128 0x3
 1028 0091 0E       		.uleb128 0xe
 1029 0092 3A       		.uleb128 0x3a
 1030 0093 0B       		.uleb128 0xb
 1031 0094 3B       		.uleb128 0x3b
 1032 0095 05       		.uleb128 0x5
 1033 0096 27       		.uleb128 0x27
ARM GAS  C:\Users\taips\AppData\Local\Temp\ccmc5Snf.s 			page 26


 1034 0097 19       		.uleb128 0x19
 1035 0098 49       		.uleb128 0x49
 1036 0099 13       		.uleb128 0x13
 1037 009a 11       		.uleb128 0x11
 1038 009b 01       		.uleb128 0x1
 1039 009c 12       		.uleb128 0x12
 1040 009d 06       		.uleb128 0x6
 1041 009e 40       		.uleb128 0x40
 1042 009f 18       		.uleb128 0x18
 1043 00a0 9742     		.uleb128 0x2117
 1044 00a2 19       		.uleb128 0x19
 1045 00a3 01       		.uleb128 0x1
 1046 00a4 13       		.uleb128 0x13
 1047 00a5 00       		.byte	0
 1048 00a6 00       		.byte	0
 1049 00a7 0B       		.uleb128 0xb
 1050 00a8 34       		.uleb128 0x34
 1051 00a9 00       		.byte	0
 1052 00aa 03       		.uleb128 0x3
 1053 00ab 0E       		.uleb128 0xe
 1054 00ac 3A       		.uleb128 0x3a
 1055 00ad 0B       		.uleb128 0xb
 1056 00ae 3B       		.uleb128 0x3b
 1057 00af 05       		.uleb128 0x5
 1058 00b0 49       		.uleb128 0x49
 1059 00b1 13       		.uleb128 0x13
 1060 00b2 02       		.uleb128 0x2
 1061 00b3 18       		.uleb128 0x18
 1062 00b4 00       		.byte	0
 1063 00b5 00       		.byte	0
 1064 00b6 0C       		.uleb128 0xc
 1065 00b7 2E       		.uleb128 0x2e
 1066 00b8 01       		.byte	0x1
 1067 00b9 3F       		.uleb128 0x3f
 1068 00ba 19       		.uleb128 0x19
 1069 00bb 03       		.uleb128 0x3
 1070 00bc 0E       		.uleb128 0xe
 1071 00bd 3A       		.uleb128 0x3a
 1072 00be 0B       		.uleb128 0xb
 1073 00bf 3B       		.uleb128 0x3b
 1074 00c0 05       		.uleb128 0x5
 1075 00c1 27       		.uleb128 0x27
 1076 00c2 19       		.uleb128 0x19
 1077 00c3 11       		.uleb128 0x11
 1078 00c4 01       		.uleb128 0x1
 1079 00c5 12       		.uleb128 0x12
 1080 00c6 06       		.uleb128 0x6
 1081 00c7 40       		.uleb128 0x40
 1082 00c8 18       		.uleb128 0x18
 1083 00c9 9642     		.uleb128 0x2116
 1084 00cb 19       		.uleb128 0x19
 1085 00cc 01       		.uleb128 0x1
 1086 00cd 13       		.uleb128 0x13
 1087 00ce 00       		.byte	0
 1088 00cf 00       		.byte	0
 1089 00d0 0D       		.uleb128 0xd
 1090 00d1 2E       		.uleb128 0x2e
ARM GAS  C:\Users\taips\AppData\Local\Temp\ccmc5Snf.s 			page 27


 1091 00d2 01       		.byte	0x1
 1092 00d3 3F       		.uleb128 0x3f
 1093 00d4 19       		.uleb128 0x19
 1094 00d5 03       		.uleb128 0x3
 1095 00d6 0E       		.uleb128 0xe
 1096 00d7 3A       		.uleb128 0x3a
 1097 00d8 0B       		.uleb128 0xb
 1098 00d9 3B       		.uleb128 0x3b
 1099 00da 05       		.uleb128 0x5
 1100 00db 27       		.uleb128 0x27
 1101 00dc 19       		.uleb128 0x19
 1102 00dd 11       		.uleb128 0x11
 1103 00de 01       		.uleb128 0x1
 1104 00df 12       		.uleb128 0x12
 1105 00e0 06       		.uleb128 0x6
 1106 00e1 40       		.uleb128 0x40
 1107 00e2 18       		.uleb128 0x18
 1108 00e3 9642     		.uleb128 0x2116
 1109 00e5 19       		.uleb128 0x19
 1110 00e6 00       		.byte	0
 1111 00e7 00       		.byte	0
 1112 00e8 00       		.byte	0
 1113              		.section	.debug_aranges,"",%progbits
 1114 0000 54000000 		.4byte	0x54
 1115 0004 0200     		.2byte	0x2
 1116 0006 00000000 		.4byte	.Ldebug_info0
 1117 000a 04       		.byte	0x4
 1118 000b 00       		.byte	0
 1119 000c 0000     		.2byte	0
 1120 000e 0000     		.2byte	0
 1121 0010 00000000 		.4byte	.LFB0
 1122 0014 34000000 		.4byte	.LFE0-.LFB0
 1123 0018 00000000 		.4byte	.LFB1
 1124 001c 8C000000 		.4byte	.LFE1-.LFB1
 1125 0020 00000000 		.4byte	.LFB2
 1126 0024 6C000000 		.4byte	.LFE2-.LFB2
 1127 0028 00000000 		.4byte	.LFB3
 1128 002c 3C000000 		.4byte	.LFE3-.LFB3
 1129 0030 00000000 		.4byte	.LFB4
 1130 0034 50000000 		.4byte	.LFE4-.LFB4
 1131 0038 00000000 		.4byte	.LFB5
 1132 003c 40000000 		.4byte	.LFE5-.LFB5
 1133 0040 00000000 		.4byte	.LFB6
 1134 0044 5C000000 		.4byte	.LFE6-.LFB6
 1135 0048 00000000 		.4byte	.LFB7
 1136 004c 50000000 		.4byte	.LFE7-.LFB7
 1137 0050 00000000 		.4byte	0
 1138 0054 00000000 		.4byte	0
 1139              		.section	.debug_ranges,"",%progbits
 1140              	.Ldebug_ranges0:
 1141 0000 00000000 		.4byte	.LFB0
 1142 0004 34000000 		.4byte	.LFE0
 1143 0008 00000000 		.4byte	.LFB1
 1144 000c 8C000000 		.4byte	.LFE1
 1145 0010 00000000 		.4byte	.LFB2
 1146 0014 6C000000 		.4byte	.LFE2
 1147 0018 00000000 		.4byte	.LFB3
ARM GAS  C:\Users\taips\AppData\Local\Temp\ccmc5Snf.s 			page 28


 1148 001c 3C000000 		.4byte	.LFE3
 1149 0020 00000000 		.4byte	.LFB4
 1150 0024 50000000 		.4byte	.LFE4
 1151 0028 00000000 		.4byte	.LFB5
 1152 002c 40000000 		.4byte	.LFE5
 1153 0030 00000000 		.4byte	.LFB6
 1154 0034 5C000000 		.4byte	.LFE6
 1155 0038 00000000 		.4byte	.LFB7
 1156 003c 50000000 		.4byte	.LFE7
 1157 0040 00000000 		.4byte	0
 1158 0044 00000000 		.4byte	0
 1159              		.section	.debug_line,"",%progbits
 1160              	.Ldebug_line0:
 1161 0000 7D010000 		.section	.debug_str,"MS",%progbits,1
 1161      02009F00 
 1161      00000201 
 1161      FB0E0D00 
 1161      01010101 
 1162              	.LASF15:
 1163 0000 72656731 		.ascii	"reg16\000"
 1163      3600
 1164              	.LASF16:
 1165 0006 72656733 		.ascii	"reg32\000"
 1165      3200
 1166              	.LASF24:
 1167 000c 43795379 		.ascii	"CySysPmSetWakeupPolarity\000"
 1167      73506D53 
 1167      65745761 
 1167      6B657570 
 1167      506F6C61 
 1168              	.LASF19:
 1169 0025 43795379 		.ascii	"CySysPmSleep\000"
 1169      73506D53 
 1169      6C656570 
 1169      00
 1170              	.LASF3:
 1171 0032 73686F72 		.ascii	"short unsigned int\000"
 1171      7420756E 
 1171      7369676E 
 1171      65642069 
 1171      6E7400
 1172              	.LASF23:
 1173 0045 43795379 		.ascii	"CySysPmHibernate\000"
 1173      73506D48 
 1173      69626572 
 1173      6E617465 
 1173      00
 1174              	.LASF12:
 1175 0056 666C6F61 		.ascii	"float\000"
 1175      7400
 1176              	.LASF1:
 1177 005c 756E7369 		.ascii	"unsigned char\000"
 1177      676E6564 
 1177      20636861 
 1177      7200
 1178              	.LASF21:
 1179 006a 696E7465 		.ascii	"interruptState\000"
ARM GAS  C:\Users\taips\AppData\Local\Temp\ccmc5Snf.s 			page 29


 1179      72727570 
 1179      74537461 
 1179      746500
 1180              	.LASF5:
 1181 0079 6C6F6E67 		.ascii	"long unsigned int\000"
 1181      20756E73 
 1181      69676E65 
 1181      6420696E 
 1181      7400
 1182              	.LASF9:
 1183 008b 75696E74 		.ascii	"uint8\000"
 1183      3800
 1184              	.LASF27:
 1185 0091 474E5520 		.ascii	"GNU C11 5.4.1 20160609 (release) [ARM/embedded-5-br"
 1185      43313120 
 1185      352E342E 
 1185      31203230 
 1185      31363036 
 1186 00c4 616E6368 		.ascii	"anch revision 237715] -mcpu=cortex-m0 -mthumb -g -O"
 1186      20726576 
 1186      6973696F 
 1186      6E203233 
 1186      37373135 
 1187 00f7 30202D66 		.ascii	"0 -ffunction-sections -ffat-lto-objects\000"
 1187      66756E63 
 1187      74696F6E 
 1187      2D736563 
 1187      74696F6E 
 1188              	.LASF29:
 1189 011f 43795379 		.ascii	"CySysPmStop\000"
 1189      73506D53 
 1189      746F7000 
 1190              	.LASF13:
 1191 012b 646F7562 		.ascii	"double\000"
 1191      6C6500
 1192              	.LASF32:
 1193 0132 43795379 		.ascii	"CySysPmUnfreezeIo\000"
 1193      73506D55 
 1193      6E667265 
 1193      657A6549 
 1193      6F00
 1194              	.LASF10:
 1195 0144 75696E74 		.ascii	"uint16\000"
 1195      313600
 1196              	.LASF11:
 1197 014b 75696E74 		.ascii	"uint32\000"
 1197      333200
 1198              	.LASF8:
 1199 0152 756E7369 		.ascii	"unsigned int\000"
 1199      676E6564 
 1199      20696E74 
 1199      00
 1200              	.LASF7:
 1201 015f 6C6F6E67 		.ascii	"long long unsigned int\000"
 1201      206C6F6E 
 1201      6720756E 
 1201      7369676E 
ARM GAS  C:\Users\taips\AppData\Local\Temp\ccmc5Snf.s 			page 30


 1201      65642069 
 1202              	.LASF28:
 1203 0176 433A5C50 		.ascii	"C:\\Program Files (x86)\\Cypress\\PSoC Creator\\4.4"
 1203      726F6772 
 1203      616D2046 
 1203      696C6573 
 1203      20287838 
 1204 01a5 5C50536F 		.ascii	"\\PSoC Creator\\1\\CapSense_CSD_P4_Design01.cydsn\\"
 1204      43204372 
 1204      6561746F 
 1204      725C315C 
 1204      43617053 
 1205 01d4 47656E65 		.ascii	"Generated_Source\\PSoC4\\cyPm.c\000"
 1205      72617465 
 1205      645F536F 
 1205      75726365 
 1205      5C50536F 
 1206              	.LASF25:
 1207 01f2 72656173 		.ascii	"reason\000"
 1207      6F6E00
 1208              	.LASF30:
 1209 01f9 706F6C61 		.ascii	"polarity\000"
 1209      72697479 
 1209      00
 1210              	.LASF31:
 1211 0202 43795379 		.ascii	"CySysPmGetResetReason\000"
 1211      73506D47 
 1211      65745265 
 1211      73657452 
 1211      6561736F 
 1212              	.LASF18:
 1213 0218 73697A65 		.ascii	"sizetype\000"
 1213      74797065 
 1213      00
 1214              	.LASF6:
 1215 0221 6C6F6E67 		.ascii	"long long int\000"
 1215      206C6F6E 
 1215      6720696E 
 1215      7400
 1216              	.LASF14:
 1217 022f 63686172 		.ascii	"char\000"
 1217      00
 1218              	.LASF22:
 1219 0234 636C6B53 		.ascii	"clkSelectReg\000"
 1219      656C6563 
 1219      74526567 
 1219      00
 1220              	.LASF2:
 1221 0241 73686F72 		.ascii	"short int\000"
 1221      7420696E 
 1221      7400
 1222              	.LASF20:
 1223 024b 43795379 		.ascii	"CySysPmDeepSleep\000"
 1223      73506D44 
 1223      65657053 
 1223      6C656570 
 1223      00
ARM GAS  C:\Users\taips\AppData\Local\Temp\ccmc5Snf.s 			page 31


 1224              	.LASF4:
 1225 025c 6C6F6E67 		.ascii	"long int\000"
 1225      20696E74 
 1225      00
 1226              	.LASF17:
 1227 0265 6C6F6E67 		.ascii	"long double\000"
 1227      20646F75 
 1227      626C6500 
 1228              	.LASF0:
 1229 0271 7369676E 		.ascii	"signed char\000"
 1229      65642063 
 1229      68617200 
 1230              	.LASF26:
 1231 027d 43795379 		.ascii	"CySysPmFreezeIo\000"
 1231      73506D46 
 1231      7265657A 
 1231      65496F00 
 1232              		.ident	"GCC: (GNU Tools for ARM Embedded Processors) 5.4.1 20160609 (release) [ARM/embedded-5-bran
