ARM GAS  C:\Users\Maks\AppData\Local\Temp\ccW8Vm4t.s 			page 1


   1              		.syntax unified
   2              		.cpu cortex-m0
   3              		.fpu softvfp
   4              		.eabi_attribute 20, 1
   5              		.eabi_attribute 21, 1
   6              		.eabi_attribute 23, 3
   7              		.eabi_attribute 24, 1
   8              		.eabi_attribute 25, 1
   9              		.eabi_attribute 26, 1
  10              		.eabi_attribute 30, 1
  11              		.eabi_attribute 34, 0
  12              		.eabi_attribute 18, 4
  13              		.thumb
  14              		.syntax unified
  15              		.file	"cyfitter_cfg.c"
  16              		.text
  17              	.Ltext0:
  18              		.cfi_sections	.debug_frame
  19              		.section	.text.cfg_write_bytes32,"ax",%progbits
  20              		.align	2
  21              		.code	16
  22              		.thumb_func
  23              		.type	cfg_write_bytes32, %function
  24              	cfg_write_bytes32:
  25              	.LFB3:
  26              		.file 1 "Generated_Source\\PSoC4\\cyfitter_cfg.c"
   1:Generated_Source\PSoC4/cyfitter_cfg.c **** 
   2:Generated_Source\PSoC4/cyfitter_cfg.c **** /*******************************************************************************
   3:Generated_Source\PSoC4/cyfitter_cfg.c **** * File Name: cyfitter_cfg.c
   4:Generated_Source\PSoC4/cyfitter_cfg.c **** * 
   5:Generated_Source\PSoC4/cyfitter_cfg.c **** * PSoC Creator  4.4
   6:Generated_Source\PSoC4/cyfitter_cfg.c **** *
   7:Generated_Source\PSoC4/cyfitter_cfg.c **** * Description:
   8:Generated_Source\PSoC4/cyfitter_cfg.c **** * This file contains device initialization code.
   9:Generated_Source\PSoC4/cyfitter_cfg.c **** * Except for the user defined sections in CyClockStartupError(), this file should not be modified.
  10:Generated_Source\PSoC4/cyfitter_cfg.c **** * This file is automatically generated by PSoC Creator.
  11:Generated_Source\PSoC4/cyfitter_cfg.c **** *
  12:Generated_Source\PSoC4/cyfitter_cfg.c **** ********************************************************************************
  13:Generated_Source\PSoC4/cyfitter_cfg.c **** * Copyright (c) 2007-2020 Cypress Semiconductor.  All rights reserved.
  14:Generated_Source\PSoC4/cyfitter_cfg.c **** * You may use this file only in accordance with the license, terms, conditions, 
  15:Generated_Source\PSoC4/cyfitter_cfg.c **** * disclaimers, and limitations in the end user license agreement accompanying 
  16:Generated_Source\PSoC4/cyfitter_cfg.c **** * the software package with which this file was provided.
  17:Generated_Source\PSoC4/cyfitter_cfg.c **** ********************************************************************************/
  18:Generated_Source\PSoC4/cyfitter_cfg.c **** 
  19:Generated_Source\PSoC4/cyfitter_cfg.c **** #include <string.h>
  20:Generated_Source\PSoC4/cyfitter_cfg.c **** #include "cytypes.h"
  21:Generated_Source\PSoC4/cyfitter_cfg.c **** #include "cydevice_trm.h"
  22:Generated_Source\PSoC4/cyfitter_cfg.c **** #include "cyfitter.h"
  23:Generated_Source\PSoC4/cyfitter_cfg.c **** #include "CyLib.h"
  24:Generated_Source\PSoC4/cyfitter_cfg.c **** #include "CyLFClk.h"
  25:Generated_Source\PSoC4/cyfitter_cfg.c **** #include "cyfitter_cfg.h"
  26:Generated_Source\PSoC4/cyfitter_cfg.c **** #include "cyapicallbacks.h"
  27:Generated_Source\PSoC4/cyfitter_cfg.c **** 
  28:Generated_Source\PSoC4/cyfitter_cfg.c **** 
  29:Generated_Source\PSoC4/cyfitter_cfg.c **** #if defined(__GNUC__) || defined(__ARMCC_VERSION)
  30:Generated_Source\PSoC4/cyfitter_cfg.c ****     #define CYPACKED 
  31:Generated_Source\PSoC4/cyfitter_cfg.c ****     #define CYPACKED_ATTR __attribute__ ((packed))
ARM GAS  C:\Users\Maks\AppData\Local\Temp\ccW8Vm4t.s 			page 2


  32:Generated_Source\PSoC4/cyfitter_cfg.c ****     #define CYALIGNED __attribute__ ((aligned))
  33:Generated_Source\PSoC4/cyfitter_cfg.c ****     #define CY_CFG_UNUSED __attribute__ ((unused))
  34:Generated_Source\PSoC4/cyfitter_cfg.c ****     #ifndef CY_CFG_SECTION
  35:Generated_Source\PSoC4/cyfitter_cfg.c ****         #define CY_CFG_SECTION __attribute__ ((section(".psocinit")))
  36:Generated_Source\PSoC4/cyfitter_cfg.c ****     #endif
  37:Generated_Source\PSoC4/cyfitter_cfg.c ****     
  38:Generated_Source\PSoC4/cyfitter_cfg.c ****     #if defined(__ARMCC_VERSION)
  39:Generated_Source\PSoC4/cyfitter_cfg.c ****         #define CY_CFG_MEMORY_BARRIER() __memory_changed()
  40:Generated_Source\PSoC4/cyfitter_cfg.c ****     #else
  41:Generated_Source\PSoC4/cyfitter_cfg.c ****         #define CY_CFG_MEMORY_BARRIER() __sync_synchronize()
  42:Generated_Source\PSoC4/cyfitter_cfg.c ****     #endif
  43:Generated_Source\PSoC4/cyfitter_cfg.c ****     
  44:Generated_Source\PSoC4/cyfitter_cfg.c **** #elif defined(__ICCARM__)
  45:Generated_Source\PSoC4/cyfitter_cfg.c ****     #include <intrinsics.h>
  46:Generated_Source\PSoC4/cyfitter_cfg.c **** 
  47:Generated_Source\PSoC4/cyfitter_cfg.c ****     #define CYPACKED __packed
  48:Generated_Source\PSoC4/cyfitter_cfg.c ****     #define CYPACKED_ATTR 
  49:Generated_Source\PSoC4/cyfitter_cfg.c ****     #define CYALIGNED _Pragma("data_alignment=4")
  50:Generated_Source\PSoC4/cyfitter_cfg.c ****     #define CY_CFG_UNUSED _Pragma("diag_suppress=Pe177")
  51:Generated_Source\PSoC4/cyfitter_cfg.c ****     #define CY_CFG_SECTION _Pragma("location=\".psocinit\"")
  52:Generated_Source\PSoC4/cyfitter_cfg.c ****     
  53:Generated_Source\PSoC4/cyfitter_cfg.c ****     #define CY_CFG_MEMORY_BARRIER() __DMB()
  54:Generated_Source\PSoC4/cyfitter_cfg.c ****     
  55:Generated_Source\PSoC4/cyfitter_cfg.c **** #else
  56:Generated_Source\PSoC4/cyfitter_cfg.c ****     #error Unsupported toolchain
  57:Generated_Source\PSoC4/cyfitter_cfg.c **** #endif
  58:Generated_Source\PSoC4/cyfitter_cfg.c **** 
  59:Generated_Source\PSoC4/cyfitter_cfg.c **** #ifndef CYCODE
  60:Generated_Source\PSoC4/cyfitter_cfg.c ****     #define CYCODE
  61:Generated_Source\PSoC4/cyfitter_cfg.c **** #endif
  62:Generated_Source\PSoC4/cyfitter_cfg.c **** #ifndef CYDATA
  63:Generated_Source\PSoC4/cyfitter_cfg.c ****     #define CYDATA
  64:Generated_Source\PSoC4/cyfitter_cfg.c **** #endif
  65:Generated_Source\PSoC4/cyfitter_cfg.c **** #ifndef CYFAR
  66:Generated_Source\PSoC4/cyfitter_cfg.c ****     #define CYFAR
  67:Generated_Source\PSoC4/cyfitter_cfg.c **** #endif
  68:Generated_Source\PSoC4/cyfitter_cfg.c **** #ifndef CYXDATA
  69:Generated_Source\PSoC4/cyfitter_cfg.c ****     #define CYXDATA
  70:Generated_Source\PSoC4/cyfitter_cfg.c **** #endif
  71:Generated_Source\PSoC4/cyfitter_cfg.c **** 
  72:Generated_Source\PSoC4/cyfitter_cfg.c **** 
  73:Generated_Source\PSoC4/cyfitter_cfg.c **** CY_CFG_UNUSED
  74:Generated_Source\PSoC4/cyfitter_cfg.c **** static void CYMEMZERO(void *s, size_t n);
  75:Generated_Source\PSoC4/cyfitter_cfg.c **** CY_CFG_UNUSED
  76:Generated_Source\PSoC4/cyfitter_cfg.c **** static void CYMEMZERO(void *s, size_t n)
  77:Generated_Source\PSoC4/cyfitter_cfg.c **** {
  78:Generated_Source\PSoC4/cyfitter_cfg.c **** 	(void)memset(s, 0, n);
  79:Generated_Source\PSoC4/cyfitter_cfg.c **** }
  80:Generated_Source\PSoC4/cyfitter_cfg.c **** CY_CFG_UNUSED
  81:Generated_Source\PSoC4/cyfitter_cfg.c **** static void CYCONFIGCPY(void *dest, const void *src, size_t n);
  82:Generated_Source\PSoC4/cyfitter_cfg.c **** CY_CFG_UNUSED
  83:Generated_Source\PSoC4/cyfitter_cfg.c **** static void CYCONFIGCPY(void *dest, const void *src, size_t n)
  84:Generated_Source\PSoC4/cyfitter_cfg.c **** {
  85:Generated_Source\PSoC4/cyfitter_cfg.c **** 	(void)memcpy(dest, src, n);
  86:Generated_Source\PSoC4/cyfitter_cfg.c **** }
  87:Generated_Source\PSoC4/cyfitter_cfg.c **** CY_CFG_UNUSED
  88:Generated_Source\PSoC4/cyfitter_cfg.c **** static void CYCONFIGCPYCODE(void *dest, const void *src, size_t n);
ARM GAS  C:\Users\Maks\AppData\Local\Temp\ccW8Vm4t.s 			page 3


  89:Generated_Source\PSoC4/cyfitter_cfg.c **** CY_CFG_UNUSED
  90:Generated_Source\PSoC4/cyfitter_cfg.c **** static void CYCONFIGCPYCODE(void *dest, const void *src, size_t n)
  91:Generated_Source\PSoC4/cyfitter_cfg.c **** {
  92:Generated_Source\PSoC4/cyfitter_cfg.c **** 	(void)memcpy(dest, src, n);
  93:Generated_Source\PSoC4/cyfitter_cfg.c **** }
  94:Generated_Source\PSoC4/cyfitter_cfg.c **** 
  95:Generated_Source\PSoC4/cyfitter_cfg.c **** 
  96:Generated_Source\PSoC4/cyfitter_cfg.c **** 
  97:Generated_Source\PSoC4/cyfitter_cfg.c **** 
  98:Generated_Source\PSoC4/cyfitter_cfg.c **** /* Clock startup error codes                                                   */
  99:Generated_Source\PSoC4/cyfitter_cfg.c **** #define CYCLOCKSTART_NO_ERROR    0u
 100:Generated_Source\PSoC4/cyfitter_cfg.c **** #define CYCLOCKSTART_XTAL_ERROR  1u
 101:Generated_Source\PSoC4/cyfitter_cfg.c **** #define CYCLOCKSTART_32KHZ_ERROR 2u
 102:Generated_Source\PSoC4/cyfitter_cfg.c **** #define CYCLOCKSTART_PLL_ERROR   3u
 103:Generated_Source\PSoC4/cyfitter_cfg.c **** #define CYCLOCKSTART_FLL_ERROR   4u
 104:Generated_Source\PSoC4/cyfitter_cfg.c **** #define CYCLOCKSTART_WCO_ERROR   5u
 105:Generated_Source\PSoC4/cyfitter_cfg.c **** 
 106:Generated_Source\PSoC4/cyfitter_cfg.c **** 
 107:Generated_Source\PSoC4/cyfitter_cfg.c **** #ifdef CY_NEED_CYCLOCKSTARTUPERROR
 108:Generated_Source\PSoC4/cyfitter_cfg.c **** /*******************************************************************************
 109:Generated_Source\PSoC4/cyfitter_cfg.c **** * Function Name: CyClockStartupError
 110:Generated_Source\PSoC4/cyfitter_cfg.c **** ********************************************************************************
 111:Generated_Source\PSoC4/cyfitter_cfg.c **** * Summary:
 112:Generated_Source\PSoC4/cyfitter_cfg.c **** *  If an error is encountered during clock configuration (crystal startup error,
 113:Generated_Source\PSoC4/cyfitter_cfg.c **** *  PLL lock error, etc.), the system will end up here.  Unless reimplemented by
 114:Generated_Source\PSoC4/cyfitter_cfg.c **** *  the customer, this function will stop in an infinite loop.
 115:Generated_Source\PSoC4/cyfitter_cfg.c **** *
 116:Generated_Source\PSoC4/cyfitter_cfg.c **** * Parameters:
 117:Generated_Source\PSoC4/cyfitter_cfg.c **** *   void
 118:Generated_Source\PSoC4/cyfitter_cfg.c **** *
 119:Generated_Source\PSoC4/cyfitter_cfg.c **** * Return:
 120:Generated_Source\PSoC4/cyfitter_cfg.c **** *   void
 121:Generated_Source\PSoC4/cyfitter_cfg.c **** *
 122:Generated_Source\PSoC4/cyfitter_cfg.c **** *******************************************************************************/
 123:Generated_Source\PSoC4/cyfitter_cfg.c **** CY_CFG_UNUSED
 124:Generated_Source\PSoC4/cyfitter_cfg.c **** static void CyClockStartupError(uint8 errorCode);
 125:Generated_Source\PSoC4/cyfitter_cfg.c **** CY_CFG_UNUSED
 126:Generated_Source\PSoC4/cyfitter_cfg.c **** static void CyClockStartupError(uint8 errorCode)
 127:Generated_Source\PSoC4/cyfitter_cfg.c **** {
 128:Generated_Source\PSoC4/cyfitter_cfg.c ****     /* To remove the compiler warning if errorCode not used.                */
 129:Generated_Source\PSoC4/cyfitter_cfg.c ****     errorCode = errorCode;
 130:Generated_Source\PSoC4/cyfitter_cfg.c **** 
 131:Generated_Source\PSoC4/cyfitter_cfg.c ****     /* If we have a clock startup error (bad MHz crystal, PLL lock, etc.),  */
 132:Generated_Source\PSoC4/cyfitter_cfg.c ****     /* we will end up here to allow the customer to implement something to  */
 133:Generated_Source\PSoC4/cyfitter_cfg.c ****     /* deal with the clock condition.                                       */
 134:Generated_Source\PSoC4/cyfitter_cfg.c **** 
 135:Generated_Source\PSoC4/cyfitter_cfg.c **** #ifdef CY_CFG_CLOCK_STARTUP_ERROR_CALLBACK
 136:Generated_Source\PSoC4/cyfitter_cfg.c ****     CY_CFG_Clock_Startup_ErrorCallback();
 137:Generated_Source\PSoC4/cyfitter_cfg.c **** #else
 138:Generated_Source\PSoC4/cyfitter_cfg.c ****     /*  If not using CY_CFG_CLOCK_STARTUP_ERROR_CALLBACK, place your clock startup code here. */
 139:Generated_Source\PSoC4/cyfitter_cfg.c ****     /* `#START CyClockStartupError` */
 140:Generated_Source\PSoC4/cyfitter_cfg.c **** 
 141:Generated_Source\PSoC4/cyfitter_cfg.c **** 
 142:Generated_Source\PSoC4/cyfitter_cfg.c **** 
 143:Generated_Source\PSoC4/cyfitter_cfg.c ****     /* `#END` */
 144:Generated_Source\PSoC4/cyfitter_cfg.c **** 
 145:Generated_Source\PSoC4/cyfitter_cfg.c ****     while(1) {}
ARM GAS  C:\Users\Maks\AppData\Local\Temp\ccW8Vm4t.s 			page 4


 146:Generated_Source\PSoC4/cyfitter_cfg.c **** #endif /* CY_CFG_CLOCK_STARTUP_ERROR_CALLBACK */
 147:Generated_Source\PSoC4/cyfitter_cfg.c **** }
 148:Generated_Source\PSoC4/cyfitter_cfg.c **** #endif
 149:Generated_Source\PSoC4/cyfitter_cfg.c **** 
 150:Generated_Source\PSoC4/cyfitter_cfg.c **** #define CY_CFG_BASE_ADDR_COUNT 8u
 151:Generated_Source\PSoC4/cyfitter_cfg.c **** CYPACKED typedef struct
 152:Generated_Source\PSoC4/cyfitter_cfg.c **** {
 153:Generated_Source\PSoC4/cyfitter_cfg.c **** 	uint8 offset;
 154:Generated_Source\PSoC4/cyfitter_cfg.c **** 	uint8 value;
 155:Generated_Source\PSoC4/cyfitter_cfg.c **** } CYPACKED_ATTR cy_cfg_addrvalue_t;
 156:Generated_Source\PSoC4/cyfitter_cfg.c **** 
 157:Generated_Source\PSoC4/cyfitter_cfg.c **** 
 158:Generated_Source\PSoC4/cyfitter_cfg.c **** 
 159:Generated_Source\PSoC4/cyfitter_cfg.c **** /*******************************************************************************
 160:Generated_Source\PSoC4/cyfitter_cfg.c **** * Function Name: cfg_write_bytes32
 161:Generated_Source\PSoC4/cyfitter_cfg.c **** ********************************************************************************
 162:Generated_Source\PSoC4/cyfitter_cfg.c **** * Summary:
 163:Generated_Source\PSoC4/cyfitter_cfg.c **** *  This function is used for setting up the chip configuration areas that
 164:Generated_Source\PSoC4/cyfitter_cfg.c **** *  contain relatively sparse data.
 165:Generated_Source\PSoC4/cyfitter_cfg.c **** *
 166:Generated_Source\PSoC4/cyfitter_cfg.c **** * Parameters:
 167:Generated_Source\PSoC4/cyfitter_cfg.c **** *   void
 168:Generated_Source\PSoC4/cyfitter_cfg.c **** *
 169:Generated_Source\PSoC4/cyfitter_cfg.c **** * Return:
 170:Generated_Source\PSoC4/cyfitter_cfg.c **** *   void
 171:Generated_Source\PSoC4/cyfitter_cfg.c **** *
 172:Generated_Source\PSoC4/cyfitter_cfg.c **** *******************************************************************************/
 173:Generated_Source\PSoC4/cyfitter_cfg.c **** static void cfg_write_bytes32(const uint32 addr_table[], const cy_cfg_addrvalue_t data_table[]);
 174:Generated_Source\PSoC4/cyfitter_cfg.c **** static void cfg_write_bytes32(const uint32 addr_table[], const cy_cfg_addrvalue_t data_table[])
 175:Generated_Source\PSoC4/cyfitter_cfg.c **** {
  27              		.loc 1 175 0
  28              		.cfi_startproc
  29              		@ args = 0, pretend = 0, frame = 0
  30              		@ frame_needed = 0, uses_anonymous_args = 0
  31              	.LVL0:
  32 0000 F0B5     		push	{r4, r5, r6, r7, lr}
  33              		.cfi_def_cfa_offset 20
  34              		.cfi_offset 4, -20
  35              		.cfi_offset 5, -16
  36              		.cfi_offset 6, -12
  37              		.cfi_offset 7, -8
  38              		.cfi_offset 14, -4
  39              	.LVL1:
 176:Generated_Source\PSoC4/cyfitter_cfg.c **** 	/* For 32-bit little-endian architectures */
 177:Generated_Source\PSoC4/cyfitter_cfg.c **** 	uint32 i, j = 0u;
  40              		.loc 1 177 0
  41 0002 0025     		movs	r5, #0
 178:Generated_Source\PSoC4/cyfitter_cfg.c **** 	for (i = 0u; i < CY_CFG_BASE_ADDR_COUNT; i++)
  42              		.loc 1 178 0
  43 0004 0027     		movs	r7, #0
  44 0006 11E0     		b	.L2
  45              	.LVL2:
  46              	.L5:
  47              	.LBB2:
 179:Generated_Source\PSoC4/cyfitter_cfg.c **** 	{
 180:Generated_Source\PSoC4/cyfitter_cfg.c **** 		uint32 baseAddr = addr_table[i];
  48              		.loc 1 180 0
ARM GAS  C:\Users\Maks\AppData\Local\Temp\ccW8Vm4t.s 			page 5


  49 0008 BB00     		lsls	r3, r7, #2
  50 000a C658     		ldr	r6, [r0, r3]
  51              	.LVL3:
 181:Generated_Source\PSoC4/cyfitter_cfg.c **** 		uint8 count = (uint8)baseAddr;
  52              		.loc 1 181 0
  53 000c F3B2     		uxtb	r3, r6
  54              	.LVL4:
 182:Generated_Source\PSoC4/cyfitter_cfg.c **** 		baseAddr &= 0xFFFFFF00u;
  55              		.loc 1 182 0
  56 000e FF22     		movs	r2, #255
  57 0010 9643     		bics	r6, r2
  58              	.LVL5:
 183:Generated_Source\PSoC4/cyfitter_cfg.c **** 		while (count != 0u)
  59              		.loc 1 183 0
  60 0012 08E0     		b	.L3
  61              	.L4:
 184:Generated_Source\PSoC4/cyfitter_cfg.c **** 		{
 185:Generated_Source\PSoC4/cyfitter_cfg.c **** 			CY_SET_REG8((void *)(baseAddr + data_table[j].offset), data_table[j].value);
  62              		.loc 1 185 0
  63 0014 6A00     		lsls	r2, r5, #1
  64 0016 8A18     		adds	r2, r1, r2
  65 0018 1478     		ldrb	r4, [r2]
  66 001a A419     		adds	r4, r4, r6
  67 001c 5278     		ldrb	r2, [r2, #1]
  68 001e 2270     		strb	r2, [r4]
 186:Generated_Source\PSoC4/cyfitter_cfg.c **** 			j++;
  69              		.loc 1 186 0
  70 0020 0135     		adds	r5, r5, #1
  71              	.LVL6:
 187:Generated_Source\PSoC4/cyfitter_cfg.c **** 			count--;
  72              		.loc 1 187 0
  73 0022 013B     		subs	r3, r3, #1
  74              	.LVL7:
  75 0024 DBB2     		uxtb	r3, r3
  76              	.LVL8:
  77              	.L3:
 183:Generated_Source\PSoC4/cyfitter_cfg.c **** 		{
  78              		.loc 1 183 0
  79 0026 002B     		cmp	r3, #0
  80 0028 F4D1     		bne	.L4
  81              	.LBE2:
 178:Generated_Source\PSoC4/cyfitter_cfg.c **** 	{
  82              		.loc 1 178 0 discriminator 2
  83 002a 0137     		adds	r7, r7, #1
  84              	.LVL9:
  85              	.L2:
 178:Generated_Source\PSoC4/cyfitter_cfg.c **** 	{
  86              		.loc 1 178 0 is_stmt 0 discriminator 1
  87 002c 072F     		cmp	r7, #7
  88 002e EBD9     		bls	.L5
 188:Generated_Source\PSoC4/cyfitter_cfg.c **** 		}
 189:Generated_Source\PSoC4/cyfitter_cfg.c **** 	}
 190:Generated_Source\PSoC4/cyfitter_cfg.c **** }
  89              		.loc 1 190 0 is_stmt 1
  90              		@ sp needed
  91              	.LVL10:
  92              	.LVL11:
ARM GAS  C:\Users\Maks\AppData\Local\Temp\ccW8Vm4t.s 			page 6


  93 0030 F0BD     		pop	{r4, r5, r6, r7, pc}
  94              		.cfi_endproc
  95              	.LFE3:
  96              		.size	cfg_write_bytes32, .-cfg_write_bytes32
  97 0032 C046     		.section	.text.CYMEMZERO,"ax",%progbits
  98              		.align	2
  99              		.code	16
 100              		.thumb_func
 101              		.type	CYMEMZERO, %function
 102              	CYMEMZERO:
 103              	.LFB0:
  77:Generated_Source\PSoC4/cyfitter_cfg.c **** 	(void)memset(s, 0, n);
 104              		.loc 1 77 0
 105              		.cfi_startproc
 106              		@ args = 0, pretend = 0, frame = 0
 107              		@ frame_needed = 0, uses_anonymous_args = 0
 108              	.LVL12:
 109 0000 10B5     		push	{r4, lr}
 110              		.cfi_def_cfa_offset 8
 111              		.cfi_offset 4, -8
 112              		.cfi_offset 14, -4
 113 0002 0A00     		movs	r2, r1
  78:Generated_Source\PSoC4/cyfitter_cfg.c **** }
 114              		.loc 1 78 0
 115 0004 0021     		movs	r1, #0
 116              	.LVL13:
 117 0006 FFF7FEFF 		bl	memset
 118              	.LVL14:
  79:Generated_Source\PSoC4/cyfitter_cfg.c **** CY_CFG_UNUSED
 119              		.loc 1 79 0
 120              		@ sp needed
 121 000a 10BD     		pop	{r4, pc}
 122              		.cfi_endproc
 123              	.LFE0:
 124              		.size	CYMEMZERO, .-CYMEMZERO
 125              		.section	.psocinit,"ax",%progbits
 126              		.align	2
 127              		.code	16
 128              		.thumb_func
 129              		.type	ClockSetup, %function
 130              	ClockSetup:
 131              	.LFB4:
 191:Generated_Source\PSoC4/cyfitter_cfg.c **** 
 192:Generated_Source\PSoC4/cyfitter_cfg.c **** 
 193:Generated_Source\PSoC4/cyfitter_cfg.c **** /*******************************************************************************
 194:Generated_Source\PSoC4/cyfitter_cfg.c **** * Function Name: ClockSetup
 195:Generated_Source\PSoC4/cyfitter_cfg.c **** ********************************************************************************
 196:Generated_Source\PSoC4/cyfitter_cfg.c **** *
 197:Generated_Source\PSoC4/cyfitter_cfg.c **** * Summary:
 198:Generated_Source\PSoC4/cyfitter_cfg.c **** *   Performs the initialization of all of the clocks in the device based on the
 199:Generated_Source\PSoC4/cyfitter_cfg.c **** *   settings in the Clock tab of the DWR.  This includes enabling the requested
 200:Generated_Source\PSoC4/cyfitter_cfg.c **** *   clocks and setting the necessary dividers to produce the desired frequency. 
 201:Generated_Source\PSoC4/cyfitter_cfg.c **** *
 202:Generated_Source\PSoC4/cyfitter_cfg.c **** * Parameters:
 203:Generated_Source\PSoC4/cyfitter_cfg.c **** *   void
 204:Generated_Source\PSoC4/cyfitter_cfg.c **** *
 205:Generated_Source\PSoC4/cyfitter_cfg.c **** * Return:
ARM GAS  C:\Users\Maks\AppData\Local\Temp\ccW8Vm4t.s 			page 7


 206:Generated_Source\PSoC4/cyfitter_cfg.c **** *   void
 207:Generated_Source\PSoC4/cyfitter_cfg.c **** *
 208:Generated_Source\PSoC4/cyfitter_cfg.c **** *******************************************************************************/
 209:Generated_Source\PSoC4/cyfitter_cfg.c **** static void ClockSetup(void);
 210:Generated_Source\PSoC4/cyfitter_cfg.c **** CY_CFG_SECTION
 211:Generated_Source\PSoC4/cyfitter_cfg.c **** static void ClockSetup(void)
 212:Generated_Source\PSoC4/cyfitter_cfg.c **** {
 132              		.loc 1 212 0
 133              		.cfi_startproc
 134              		@ args = 0, pretend = 0, frame = 0
 135              		@ frame_needed = 0, uses_anonymous_args = 0
 136 0000 70B5     		push	{r4, r5, r6, lr}
 137              		.cfi_def_cfa_offset 16
 138              		.cfi_offset 4, -16
 139              		.cfi_offset 5, -12
 140              		.cfi_offset 6, -8
 141              		.cfi_offset 14, -4
 213:Generated_Source\PSoC4/cyfitter_cfg.c **** 	/* Enable HALF_EN before trimming for the flash accelerator. */
 214:Generated_Source\PSoC4/cyfitter_cfg.c **** 	CY_SET_REG32((void CYXDATA *)(CYREG_CLK_SELECT), (CY_GET_REG32((void *)CYREG_CLK_SELECT) | 0x00040
 142              		.loc 1 214 0
 143 0002 0F4C     		ldr	r4, .L8
 144 0004 2368     		ldr	r3, [r4]
 145 0006 8022     		movs	r2, #128
 146 0008 D202     		lsls	r2, r2, #11
 147 000a 1343     		orrs	r3, r2
 148 000c 2360     		str	r3, [r4]
 215:Generated_Source\PSoC4/cyfitter_cfg.c **** 
 216:Generated_Source\PSoC4/cyfitter_cfg.c **** 	/* Setup and trim IMO based on desired frequency. */
 217:Generated_Source\PSoC4/cyfitter_cfg.c **** 	CySysClkWriteImoFreq(24u);
 149              		.loc 1 217 0
 150 000e 1820     		movs	r0, #24
 151 0010 FFF7FEFF 		bl	CySysClkWriteImoFreq
 152              	.LVL15:
 218:Generated_Source\PSoC4/cyfitter_cfg.c **** 
 219:Generated_Source\PSoC4/cyfitter_cfg.c **** 	/* Disable HALF_EN since it is not required at this IMO frequency. */
 220:Generated_Source\PSoC4/cyfitter_cfg.c **** 	CY_SET_REG32((void CYXDATA *)(CYREG_CLK_SELECT), (CY_GET_REG32((void *)CYREG_CLK_SELECT) & 0xFFFBF
 153              		.loc 1 220 0
 154 0014 2268     		ldr	r2, [r4]
 155 0016 0B4B     		ldr	r3, .L8+4
 156 0018 1340     		ands	r3, r2
 157 001a 2360     		str	r3, [r4]
 221:Generated_Source\PSoC4/cyfitter_cfg.c **** 	/* CYDEV_CLK_ILO_CONFIG Starting address: CYDEV_CLK_ILO_CONFIG */
 222:Generated_Source\PSoC4/cyfitter_cfg.c **** 	CY_SET_REG32((void *)(CYREG_CLK_ILO_CONFIG), 0x80000006u);
 158              		.loc 1 222 0
 159 001c 0A4A     		ldr	r2, .L8+8
 160 001e 0B4B     		ldr	r3, .L8+12
 161 0020 1A60     		str	r2, [r3]
 223:Generated_Source\PSoC4/cyfitter_cfg.c **** 
 224:Generated_Source\PSoC4/cyfitter_cfg.c **** 
 225:Generated_Source\PSoC4/cyfitter_cfg.c **** 	/* CYDEV_CLK_IMO_CONFIG Starting address: CYDEV_CLK_IMO_CONFIG */
 226:Generated_Source\PSoC4/cyfitter_cfg.c **** 	CY_SET_REG32((void *)(CYREG_CLK_IMO_CONFIG), 0x80000000u);
 162              		.loc 1 226 0
 163 0022 063A     		subs	r2, r2, #6
 164 0024 0A4B     		ldr	r3, .L8+16
 165 0026 1A60     		str	r2, [r3]
 227:Generated_Source\PSoC4/cyfitter_cfg.c **** 
 228:Generated_Source\PSoC4/cyfitter_cfg.c **** 	/* CYDEV_CLK_SELECT Starting address: CYDEV_CLK_SELECT */
ARM GAS  C:\Users\Maks\AppData\Local\Temp\ccW8Vm4t.s 			page 8


 229:Generated_Source\PSoC4/cyfitter_cfg.c **** 	CY_SET_REG32((void *)(CYREG_CLK_SELECT), 0x00000000u);
 166              		.loc 1 229 0
 167 0028 0025     		movs	r5, #0
 168 002a 2560     		str	r5, [r4]
 230:Generated_Source\PSoC4/cyfitter_cfg.c **** 
 231:Generated_Source\PSoC4/cyfitter_cfg.c **** 	(void)CyIntSetVector(9u, &CySysWdtIsr);
 169              		.loc 1 231 0
 170 002c 0949     		ldr	r1, .L8+20
 171 002e 0920     		movs	r0, #9
 172 0030 FFF7FEFF 		bl	CyIntSetVector
 173              	.LVL16:
 232:Generated_Source\PSoC4/cyfitter_cfg.c **** 	CyIntEnable(9u);
 174              		.loc 1 232 0
 175 0034 0920     		movs	r0, #9
 176 0036 FFF7FEFF 		bl	CyIntEnable
 177              	.LVL17:
 233:Generated_Source\PSoC4/cyfitter_cfg.c **** 	CY_SET_REG32((void *)(CYREG_WDT_CONFIG), 0x00000000u);
 178              		.loc 1 233 0
 179 003a 074B     		ldr	r3, .L8+24
 180 003c 1D60     		str	r5, [r3]
 234:Generated_Source\PSoC4/cyfitter_cfg.c **** }
 181              		.loc 1 234 0
 182              		@ sp needed
 183 003e 70BD     		pop	{r4, r5, r6, pc}
 184              	.L9:
 185              		.align	2
 186              	.L8:
 187 0040 00010B40 		.word	1074462976
 188 0044 FFFFFBFF 		.word	-262145
 189 0048 06000080 		.word	-2147483642
 190 004c 04010B40 		.word	1074462980
 191 0050 08010B40 		.word	1074462984
 192 0054 00000000 		.word	CySysWdtIsr
 193 0058 0C020B40 		.word	1074463244
 194              		.cfi_endproc
 195              	.LFE4:
 196              		.size	ClockSetup, .-ClockSetup
 197              		.align	2
 198              		.global	cyfitter_cfg
 199              		.code	16
 200              		.thumb_func
 201              		.type	cyfitter_cfg, %function
 202              	cyfitter_cfg:
 203              	.LFB6:
 235:Generated_Source\PSoC4/cyfitter_cfg.c **** 
 236:Generated_Source\PSoC4/cyfitter_cfg.c **** 
 237:Generated_Source\PSoC4/cyfitter_cfg.c **** /* Analog API Functions */
 238:Generated_Source\PSoC4/cyfitter_cfg.c **** 
 239:Generated_Source\PSoC4/cyfitter_cfg.c **** 
 240:Generated_Source\PSoC4/cyfitter_cfg.c **** /*******************************************************************************
 241:Generated_Source\PSoC4/cyfitter_cfg.c **** * Function Name: AnalogSetDefault
 242:Generated_Source\PSoC4/cyfitter_cfg.c **** ********************************************************************************
 243:Generated_Source\PSoC4/cyfitter_cfg.c **** *
 244:Generated_Source\PSoC4/cyfitter_cfg.c **** * Summary:
 245:Generated_Source\PSoC4/cyfitter_cfg.c **** *  Sets up the analog portions of the chip to default values based on chip
 246:Generated_Source\PSoC4/cyfitter_cfg.c **** *  configuration options from the project.
 247:Generated_Source\PSoC4/cyfitter_cfg.c **** *
ARM GAS  C:\Users\Maks\AppData\Local\Temp\ccW8Vm4t.s 			page 9


 248:Generated_Source\PSoC4/cyfitter_cfg.c **** * Parameters:
 249:Generated_Source\PSoC4/cyfitter_cfg.c **** *  void
 250:Generated_Source\PSoC4/cyfitter_cfg.c **** *
 251:Generated_Source\PSoC4/cyfitter_cfg.c **** * Return:
 252:Generated_Source\PSoC4/cyfitter_cfg.c **** *  void
 253:Generated_Source\PSoC4/cyfitter_cfg.c **** *
 254:Generated_Source\PSoC4/cyfitter_cfg.c **** *******************************************************************************/
 255:Generated_Source\PSoC4/cyfitter_cfg.c **** static void AnalogSetDefault(void);
 256:Generated_Source\PSoC4/cyfitter_cfg.c **** static void AnalogSetDefault(void)
 257:Generated_Source\PSoC4/cyfitter_cfg.c **** {
 258:Generated_Source\PSoC4/cyfitter_cfg.c **** }
 259:Generated_Source\PSoC4/cyfitter_cfg.c **** 
 260:Generated_Source\PSoC4/cyfitter_cfg.c **** 
 261:Generated_Source\PSoC4/cyfitter_cfg.c **** 
 262:Generated_Source\PSoC4/cyfitter_cfg.c **** 
 263:Generated_Source\PSoC4/cyfitter_cfg.c **** /*******************************************************************************
 264:Generated_Source\PSoC4/cyfitter_cfg.c **** * Function Name: cyfitter_cfg
 265:Generated_Source\PSoC4/cyfitter_cfg.c **** ********************************************************************************
 266:Generated_Source\PSoC4/cyfitter_cfg.c **** * Summary:
 267:Generated_Source\PSoC4/cyfitter_cfg.c **** *  This function is called by the start-up code for the selected device. It
 268:Generated_Source\PSoC4/cyfitter_cfg.c **** *  performs all of the necessary device configuration based on the design
 269:Generated_Source\PSoC4/cyfitter_cfg.c **** *  settings.  This includes settings from the Design Wide Resources (DWR) such
 270:Generated_Source\PSoC4/cyfitter_cfg.c **** *  as Clocks and Pins as well as any component configuration that is necessary.
 271:Generated_Source\PSoC4/cyfitter_cfg.c **** *
 272:Generated_Source\PSoC4/cyfitter_cfg.c **** * Parameters:
 273:Generated_Source\PSoC4/cyfitter_cfg.c **** *   void
 274:Generated_Source\PSoC4/cyfitter_cfg.c **** *
 275:Generated_Source\PSoC4/cyfitter_cfg.c **** * Return:
 276:Generated_Source\PSoC4/cyfitter_cfg.c **** *   void
 277:Generated_Source\PSoC4/cyfitter_cfg.c **** *
 278:Generated_Source\PSoC4/cyfitter_cfg.c **** *******************************************************************************/
 279:Generated_Source\PSoC4/cyfitter_cfg.c **** CY_CFG_SECTION
 280:Generated_Source\PSoC4/cyfitter_cfg.c **** void cyfitter_cfg(void)
 281:Generated_Source\PSoC4/cyfitter_cfg.c **** {
 204              		.loc 1 281 0
 205              		.cfi_startproc
 206              		@ args = 0, pretend = 0, frame = 0
 207              		@ frame_needed = 0, uses_anonymous_args = 0
 208 005c 10B5     		push	{r4, lr}
 209              		.cfi_def_cfa_offset 8
 210              		.cfi_offset 4, -8
 211              		.cfi_offset 14, -4
 282:Generated_Source\PSoC4/cyfitter_cfg.c **** 	/* Disable interrupts by default. Let user enable if/when they want. */
 283:Generated_Source\PSoC4/cyfitter_cfg.c **** 	CyGlobalIntDisable;
 212              		.loc 1 283 0
 213              		.syntax divided
 214              	@ 283 "Generated_Source\PSoC4\cyfitter_cfg.c" 1
 215 005e 72B6     		CPSID   i
 216              	@ 0 "" 2
 284:Generated_Source\PSoC4/cyfitter_cfg.c **** 
 285:Generated_Source\PSoC4/cyfitter_cfg.c **** 	/* Enable the clock in the interrupt controller for the routed interrupts */
 286:Generated_Source\PSoC4/cyfitter_cfg.c **** 	CY_SET_REG8((void *)CYREG_UDB_UDBIF_INT_CLK_CTL, 0x01u);
 217              		.loc 1 286 0
 218              		.thumb
 219              		.syntax unified
 220 0060 0122     		movs	r2, #1
 221 0062 2B4B     		ldr	r3, .L13
ARM GAS  C:\Users\Maks\AppData\Local\Temp\ccW8Vm4t.s 			page 10


 222 0064 1A70     		strb	r2, [r3]
 223              	.LVL18:
 224              	.LBB3:
 287:Generated_Source\PSoC4/cyfitter_cfg.c **** 	{
 288:Generated_Source\PSoC4/cyfitter_cfg.c **** 		static const uint32 CYCODE cy_cfg_addr_table[] = {
 289:Generated_Source\PSoC4/cyfitter_cfg.c **** 			0x400F0001u, /* Base address: 0x400F0000 Count: 1 */
 290:Generated_Source\PSoC4/cyfitter_cfg.c **** 			0x400F3028u, /* Base address: 0x400F3000 Count: 40 */
 291:Generated_Source\PSoC4/cyfitter_cfg.c **** 			0x400F3108u, /* Base address: 0x400F3100 Count: 8 */
 292:Generated_Source\PSoC4/cyfitter_cfg.c **** 			0x400F3220u, /* Base address: 0x400F3200 Count: 32 */
 293:Generated_Source\PSoC4/cyfitter_cfg.c **** 			0x400F3313u, /* Base address: 0x400F3300 Count: 19 */
 294:Generated_Source\PSoC4/cyfitter_cfg.c **** 			0x400F4002u, /* Base address: 0x400F4000 Count: 2 */
 295:Generated_Source\PSoC4/cyfitter_cfg.c **** 			0x400F4103u, /* Base address: 0x400F4100 Count: 3 */
 296:Generated_Source\PSoC4/cyfitter_cfg.c **** 			0x400F6002u, /* Base address: 0x400F6000 Count: 2 */
 297:Generated_Source\PSoC4/cyfitter_cfg.c **** 		};
 298:Generated_Source\PSoC4/cyfitter_cfg.c **** 
 299:Generated_Source\PSoC4/cyfitter_cfg.c **** 		static const cy_cfg_addrvalue_t CYCODE cy_cfg_data_table[] = {
 300:Generated_Source\PSoC4/cyfitter_cfg.c **** 			{0x82u, 0x0Du},
 301:Generated_Source\PSoC4/cyfitter_cfg.c **** 			{0x40u, 0x51u},
 302:Generated_Source\PSoC4/cyfitter_cfg.c **** 			{0x49u, 0xFFu},
 303:Generated_Source\PSoC4/cyfitter_cfg.c **** 			{0x4Au, 0xFFu},
 304:Generated_Source\PSoC4/cyfitter_cfg.c **** 			{0x4Bu, 0xFFu},
 305:Generated_Source\PSoC4/cyfitter_cfg.c **** 			{0x4Fu, 0x01u},
 306:Generated_Source\PSoC4/cyfitter_cfg.c **** 			{0x50u, 0x18u},
 307:Generated_Source\PSoC4/cyfitter_cfg.c **** 			{0x5Au, 0x04u},
 308:Generated_Source\PSoC4/cyfitter_cfg.c **** 			{0x5Du, 0x09u},
 309:Generated_Source\PSoC4/cyfitter_cfg.c **** 			{0x5Fu, 0x01u},
 310:Generated_Source\PSoC4/cyfitter_cfg.c **** 			{0x60u, 0x40u},
 311:Generated_Source\PSoC4/cyfitter_cfg.c **** 			{0x62u, 0x40u},
 312:Generated_Source\PSoC4/cyfitter_cfg.c **** 			{0x64u, 0x40u},
 313:Generated_Source\PSoC4/cyfitter_cfg.c **** 			{0x65u, 0x40u},
 314:Generated_Source\PSoC4/cyfitter_cfg.c **** 			{0x66u, 0x80u},
 315:Generated_Source\PSoC4/cyfitter_cfg.c **** 			{0x68u, 0x80u},
 316:Generated_Source\PSoC4/cyfitter_cfg.c **** 			{0x6Au, 0x80u},
 317:Generated_Source\PSoC4/cyfitter_cfg.c **** 			{0x6Cu, 0x80u},
 318:Generated_Source\PSoC4/cyfitter_cfg.c **** 			{0x6Eu, 0x80u},
 319:Generated_Source\PSoC4/cyfitter_cfg.c **** 			{0xC0u, 0x41u},
 320:Generated_Source\PSoC4/cyfitter_cfg.c **** 			{0xC9u, 0xFFu},
 321:Generated_Source\PSoC4/cyfitter_cfg.c **** 			{0xCAu, 0xFFu},
 322:Generated_Source\PSoC4/cyfitter_cfg.c **** 			{0xCBu, 0xFFu},
 323:Generated_Source\PSoC4/cyfitter_cfg.c **** 			{0xCDu, 0x83u},
 324:Generated_Source\PSoC4/cyfitter_cfg.c **** 			{0xCEu, 0x03u},
 325:Generated_Source\PSoC4/cyfitter_cfg.c **** 			{0xCFu, 0x01u},
 326:Generated_Source\PSoC4/cyfitter_cfg.c **** 			{0xD0u, 0x18u},
 327:Generated_Source\PSoC4/cyfitter_cfg.c **** 			{0xD2u, 0x80u},
 328:Generated_Source\PSoC4/cyfitter_cfg.c **** 			{0xDAu, 0x04u},
 329:Generated_Source\PSoC4/cyfitter_cfg.c **** 			{0xDBu, 0x04u},
 330:Generated_Source\PSoC4/cyfitter_cfg.c **** 			{0xDDu, 0x99u},
 331:Generated_Source\PSoC4/cyfitter_cfg.c **** 			{0xDFu, 0x01u},
 332:Generated_Source\PSoC4/cyfitter_cfg.c **** 			{0xE0u, 0x40u},
 333:Generated_Source\PSoC4/cyfitter_cfg.c **** 			{0xE2u, 0x40u},
 334:Generated_Source\PSoC4/cyfitter_cfg.c **** 			{0xE4u, 0x40u},
 335:Generated_Source\PSoC4/cyfitter_cfg.c **** 			{0xE5u, 0x40u},
 336:Generated_Source\PSoC4/cyfitter_cfg.c **** 			{0xE6u, 0x80u},
 337:Generated_Source\PSoC4/cyfitter_cfg.c **** 			{0xE8u, 0x80u},
 338:Generated_Source\PSoC4/cyfitter_cfg.c **** 			{0xEAu, 0x80u},
 339:Generated_Source\PSoC4/cyfitter_cfg.c **** 			{0xECu, 0x80u},
 340:Generated_Source\PSoC4/cyfitter_cfg.c **** 			{0xEEu, 0x80u},
ARM GAS  C:\Users\Maks\AppData\Local\Temp\ccW8Vm4t.s 			page 11


 341:Generated_Source\PSoC4/cyfitter_cfg.c **** 			{0x42u, 0x02u},
 342:Generated_Source\PSoC4/cyfitter_cfg.c **** 			{0x46u, 0x82u},
 343:Generated_Source\PSoC4/cyfitter_cfg.c **** 			{0x48u, 0x01u},
 344:Generated_Source\PSoC4/cyfitter_cfg.c **** 			{0x74u, 0x01u},
 345:Generated_Source\PSoC4/cyfitter_cfg.c **** 			{0x76u, 0x80u},
 346:Generated_Source\PSoC4/cyfitter_cfg.c **** 			{0x77u, 0x80u},
 347:Generated_Source\PSoC4/cyfitter_cfg.c **** 			{0xD0u, 0x98u},
 348:Generated_Source\PSoC4/cyfitter_cfg.c **** 			{0xD2u, 0x08u},
 349:Generated_Source\PSoC4/cyfitter_cfg.c **** 			{0x0Eu, 0x01u},
 350:Generated_Source\PSoC4/cyfitter_cfg.c **** 			{0x2Eu, 0x01u},
 351:Generated_Source\PSoC4/cyfitter_cfg.c **** 			{0x30u, 0x01u},
 352:Generated_Source\PSoC4/cyfitter_cfg.c **** 			{0x36u, 0x01u},
 353:Generated_Source\PSoC4/cyfitter_cfg.c **** 			{0x3Eu, 0x01u},
 354:Generated_Source\PSoC4/cyfitter_cfg.c **** 			{0x40u, 0x41u},
 355:Generated_Source\PSoC4/cyfitter_cfg.c **** 			{0x45u, 0xECu},
 356:Generated_Source\PSoC4/cyfitter_cfg.c **** 			{0x47u, 0x20u},
 357:Generated_Source\PSoC4/cyfitter_cfg.c **** 			{0x48u, 0x23u},
 358:Generated_Source\PSoC4/cyfitter_cfg.c **** 			{0x49u, 0xFFu},
 359:Generated_Source\PSoC4/cyfitter_cfg.c **** 			{0x4Au, 0xFFu},
 360:Generated_Source\PSoC4/cyfitter_cfg.c **** 			{0x4Bu, 0xFFu},
 361:Generated_Source\PSoC4/cyfitter_cfg.c **** 			{0x4Du, 0x83u},
 362:Generated_Source\PSoC4/cyfitter_cfg.c **** 			{0x4Eu, 0x03u},
 363:Generated_Source\PSoC4/cyfitter_cfg.c **** 			{0x4Fu, 0x01u},
 364:Generated_Source\PSoC4/cyfitter_cfg.c **** 			{0x50u, 0x18u},
 365:Generated_Source\PSoC4/cyfitter_cfg.c **** 			{0x54u, 0x01u},
 366:Generated_Source\PSoC4/cyfitter_cfg.c **** 			{0x58u, 0x04u},
 367:Generated_Source\PSoC4/cyfitter_cfg.c **** 			{0x5Au, 0x04u},
 368:Generated_Source\PSoC4/cyfitter_cfg.c **** 			{0x5Bu, 0x04u},
 369:Generated_Source\PSoC4/cyfitter_cfg.c **** 			{0x5Cu, 0x09u},
 370:Generated_Source\PSoC4/cyfitter_cfg.c **** 			{0x5Du, 0x99u},
 371:Generated_Source\PSoC4/cyfitter_cfg.c **** 			{0x5Fu, 0x01u},
 372:Generated_Source\PSoC4/cyfitter_cfg.c **** 			{0x60u, 0x40u},
 373:Generated_Source\PSoC4/cyfitter_cfg.c **** 			{0x62u, 0x40u},
 374:Generated_Source\PSoC4/cyfitter_cfg.c **** 			{0x64u, 0x40u},
 375:Generated_Source\PSoC4/cyfitter_cfg.c **** 			{0x65u, 0x40u},
 376:Generated_Source\PSoC4/cyfitter_cfg.c **** 			{0x66u, 0x80u},
 377:Generated_Source\PSoC4/cyfitter_cfg.c **** 			{0x68u, 0x80u},
 378:Generated_Source\PSoC4/cyfitter_cfg.c **** 			{0x6Au, 0x80u},
 379:Generated_Source\PSoC4/cyfitter_cfg.c **** 			{0x6Cu, 0x80u},
 380:Generated_Source\PSoC4/cyfitter_cfg.c **** 			{0x6Eu, 0x80u},
 381:Generated_Source\PSoC4/cyfitter_cfg.c **** 			{0x06u, 0x02u},
 382:Generated_Source\PSoC4/cyfitter_cfg.c **** 			{0x17u, 0x80u},
 383:Generated_Source\PSoC4/cyfitter_cfg.c **** 			{0x1Eu, 0x80u},
 384:Generated_Source\PSoC4/cyfitter_cfg.c **** 			{0x1Fu, 0x80u},
 385:Generated_Source\PSoC4/cyfitter_cfg.c **** 			{0x46u, 0x82u},
 386:Generated_Source\PSoC4/cyfitter_cfg.c **** 			{0x4Du, 0x04u},
 387:Generated_Source\PSoC4/cyfitter_cfg.c **** 			{0x4Fu, 0x01u},
 388:Generated_Source\PSoC4/cyfitter_cfg.c **** 			{0x56u, 0x02u},
 389:Generated_Source\PSoC4/cyfitter_cfg.c **** 			{0x5Du, 0x04u},
 390:Generated_Source\PSoC4/cyfitter_cfg.c **** 			{0x5Eu, 0x80u},
 391:Generated_Source\PSoC4/cyfitter_cfg.c **** 			{0x5Fu, 0x01u},
 392:Generated_Source\PSoC4/cyfitter_cfg.c **** 			{0x87u, 0x80u},
 393:Generated_Source\PSoC4/cyfitter_cfg.c **** 			{0x9Au, 0x80u},
 394:Generated_Source\PSoC4/cyfitter_cfg.c **** 			{0x9Bu, 0x80u},
 395:Generated_Source\PSoC4/cyfitter_cfg.c **** 			{0x9Eu, 0x02u},
 396:Generated_Source\PSoC4/cyfitter_cfg.c **** 			{0xC0u, 0x80u},
 397:Generated_Source\PSoC4/cyfitter_cfg.c **** 			{0xC4u, 0x80u},
ARM GAS  C:\Users\Maks\AppData\Local\Temp\ccW8Vm4t.s 			page 12


 398:Generated_Source\PSoC4/cyfitter_cfg.c **** 			{0xD0u, 0x90u},
 399:Generated_Source\PSoC4/cyfitter_cfg.c **** 			{0xD6u, 0xD0u},
 400:Generated_Source\PSoC4/cyfitter_cfg.c **** 			{0x6Fu, 0x20u},
 401:Generated_Source\PSoC4/cyfitter_cfg.c **** 			{0xDAu, 0x80u},
 402:Generated_Source\PSoC4/cyfitter_cfg.c **** 			{0x87u, 0x20u},
 403:Generated_Source\PSoC4/cyfitter_cfg.c **** 			{0xA7u, 0x20u},
 404:Generated_Source\PSoC4/cyfitter_cfg.c **** 			{0xE6u, 0x10u},
 405:Generated_Source\PSoC4/cyfitter_cfg.c **** 			{0x02u, 0x01u},
 406:Generated_Source\PSoC4/cyfitter_cfg.c **** 			{0x11u, 0x01u},
 407:Generated_Source\PSoC4/cyfitter_cfg.c **** 		};
 408:Generated_Source\PSoC4/cyfitter_cfg.c **** 
 409:Generated_Source\PSoC4/cyfitter_cfg.c **** 
 410:Generated_Source\PSoC4/cyfitter_cfg.c **** 
 411:Generated_Source\PSoC4/cyfitter_cfg.c **** 		CYPACKED typedef struct {
 412:Generated_Source\PSoC4/cyfitter_cfg.c **** 			void CYFAR *address;
 413:Generated_Source\PSoC4/cyfitter_cfg.c **** 			uint16 size;
 414:Generated_Source\PSoC4/cyfitter_cfg.c **** 		} CYPACKED_ATTR cfg_memset_t;
 415:Generated_Source\PSoC4/cyfitter_cfg.c **** 
 416:Generated_Source\PSoC4/cyfitter_cfg.c **** 		static const cfg_memset_t CYCODE cfg_memset_list[] = {
 417:Generated_Source\PSoC4/cyfitter_cfg.c **** 			/* address, size */
 418:Generated_Source\PSoC4/cyfitter_cfg.c **** 			{(void CYFAR *)(CYDEV_UDB_P0_U0_BASE), 1024u},
 419:Generated_Source\PSoC4/cyfitter_cfg.c **** 			{(void CYFAR *)(CYDEV_UDB_DSI0_BASE), 1024u},
 420:Generated_Source\PSoC4/cyfitter_cfg.c **** 		};
 421:Generated_Source\PSoC4/cyfitter_cfg.c **** 
 422:Generated_Source\PSoC4/cyfitter_cfg.c **** 		uint8 CYDATA i;
 423:Generated_Source\PSoC4/cyfitter_cfg.c **** 
 424:Generated_Source\PSoC4/cyfitter_cfg.c **** 		/* Zero out critical memory blocks before beginning configuration */
 425:Generated_Source\PSoC4/cyfitter_cfg.c **** 		for (i = 0u; i < (sizeof(cfg_memset_list)/sizeof(cfg_memset_list[0])); i++)
 225              		.loc 1 425 0
 226 0066 0024     		movs	r4, #0
 227 0068 0FE0     		b	.L11
 228              	.LVL19:
 229              	.L12:
 230              	.LBB4:
 426:Generated_Source\PSoC4/cyfitter_cfg.c **** 		{
 427:Generated_Source\PSoC4/cyfitter_cfg.c **** 			const cfg_memset_t CYCODE * CYDATA ms = &cfg_memset_list[i];
 428:Generated_Source\PSoC4/cyfitter_cfg.c **** 			CYMEMZERO(ms->address, (size_t)(uint32)(ms->size));
 231              		.loc 1 428 0 discriminator 3
 232 006a 2A48     		ldr	r0, .L13+4
 233 006c 6200     		lsls	r2, r4, #1
 234 006e 1319     		adds	r3, r2, r4
 235 0070 5900     		lsls	r1, r3, #1
 236 0072 0B00     		movs	r3, r1
 237 0074 4118     		adds	r1, r0, r1
 238 0076 8988     		ldrh	r1, [r1, #4]
 239 0078 1A5A     		ldrh	r2, [r3, r0]
 240 007a C318     		adds	r3, r0, r3
 241 007c 5888     		ldrh	r0, [r3, #2]
 242 007e 0004     		lsls	r0, r0, #16
 243 0080 1043     		orrs	r0, r2
 244 0082 FFF7FEFF 		bl	CYMEMZERO
 245              	.LVL20:
 246              	.LBE4:
 425:Generated_Source\PSoC4/cyfitter_cfg.c **** 		{
 247              		.loc 1 425 0 discriminator 3
 248 0086 0134     		adds	r4, r4, #1
 249              	.LVL21:
ARM GAS  C:\Users\Maks\AppData\Local\Temp\ccW8Vm4t.s 			page 13


 250 0088 E4B2     		uxtb	r4, r4
 251              	.LVL22:
 252              	.L11:
 425:Generated_Source\PSoC4/cyfitter_cfg.c **** 		{
 253              		.loc 1 425 0 is_stmt 0 discriminator 1
 254 008a 012C     		cmp	r4, #1
 255 008c EDD9     		bls	.L12
 429:Generated_Source\PSoC4/cyfitter_cfg.c **** 		}
 430:Generated_Source\PSoC4/cyfitter_cfg.c **** 
 431:Generated_Source\PSoC4/cyfitter_cfg.c **** 		cfg_write_bytes32(cy_cfg_addr_table, cy_cfg_data_table);
 256              		.loc 1 431 0 is_stmt 1
 257 008e 2149     		ldr	r1, .L13+4
 258 0090 0C31     		adds	r1, r1, #12
 259 0092 2148     		ldr	r0, .L13+8
 260 0094 6430     		adds	r0, r0, #100
 261 0096 FFF7FEFF 		bl	cfg_write_bytes32
 262              	.LVL23:
 432:Generated_Source\PSoC4/cyfitter_cfg.c **** 
 433:Generated_Source\PSoC4/cyfitter_cfg.c **** 		/* HSIOM Starting address: CYDEV_HSIOM_BASE */
 434:Generated_Source\PSoC4/cyfitter_cfg.c **** 		CY_SET_REG32((void *)(CYREG_HSIOM_PORT_SEL3), 0x0000EE00u);
 263              		.loc 1 434 0
 264 009a EE22     		movs	r2, #238
 265 009c 1202     		lsls	r2, r2, #8
 266 009e 1F4B     		ldr	r3, .L13+12
 267 00a0 1A60     		str	r2, [r3]
 435:Generated_Source\PSoC4/cyfitter_cfg.c **** 
 436:Generated_Source\PSoC4/cyfitter_cfg.c **** 		/* UDB_PA_0 Starting address: CYDEV_UDB_PA0_BASE */
 437:Generated_Source\PSoC4/cyfitter_cfg.c **** 		CY_SET_REG32((void *)(CYDEV_UDB_PA0_BASE), 0x00990000u);
 268              		.loc 1 437 0
 269 00a2 9923     		movs	r3, #153
 270 00a4 1B04     		lsls	r3, r3, #16
 271 00a6 1E4A     		ldr	r2, .L13+16
 272 00a8 1360     		str	r3, [r2]
 438:Generated_Source\PSoC4/cyfitter_cfg.c **** 
 439:Generated_Source\PSoC4/cyfitter_cfg.c **** 		/* UDB_PA_1 Starting address: CYDEV_UDB_PA1_BASE */
 440:Generated_Source\PSoC4/cyfitter_cfg.c **** 		CY_SET_REG32((void *)(CYDEV_UDB_PA1_BASE), 0x00990000u);
 273              		.loc 1 440 0
 274 00aa 1E4A     		ldr	r2, .L13+20
 275 00ac 1360     		str	r3, [r2]
 441:Generated_Source\PSoC4/cyfitter_cfg.c **** 
 442:Generated_Source\PSoC4/cyfitter_cfg.c **** 		/* UDB_PA_2 Starting address: CYDEV_UDB_PA2_BASE */
 443:Generated_Source\PSoC4/cyfitter_cfg.c **** 		CY_SET_REG32((void *)(CYDEV_UDB_PA2_BASE), 0x00990000u);
 276              		.loc 1 443 0
 277 00ae 1E4A     		ldr	r2, .L13+24
 278 00b0 1360     		str	r3, [r2]
 444:Generated_Source\PSoC4/cyfitter_cfg.c **** 
 445:Generated_Source\PSoC4/cyfitter_cfg.c **** 		/* UDB_PA_3 Starting address: CYDEV_UDB_PA3_BASE */
 446:Generated_Source\PSoC4/cyfitter_cfg.c **** 		CY_SET_REG32((void *)(CYDEV_UDB_PA3_BASE), 0x00990000u);
 279              		.loc 1 446 0
 280 00b2 1E4A     		ldr	r2, .L13+28
 281 00b4 1360     		str	r3, [r2]
 447:Generated_Source\PSoC4/cyfitter_cfg.c **** 
 448:Generated_Source\PSoC4/cyfitter_cfg.c **** 		/* INT_SELECT Starting address: CYDEV_CPUSS_INTR_SELECT */
 449:Generated_Source\PSoC4/cyfitter_cfg.c **** 		CY_SET_REG32((void *)(CYREG_CPUSS_INTR_SELECT), 0x00000001u);
 282              		.loc 1 449 0
 283 00b6 0121     		movs	r1, #1
 284 00b8 1D4B     		ldr	r3, .L13+32
ARM GAS  C:\Users\Maks\AppData\Local\Temp\ccW8Vm4t.s 			page 14


 285 00ba 1960     		str	r1, [r3]
 450:Generated_Source\PSoC4/cyfitter_cfg.c **** 
 451:Generated_Source\PSoC4/cyfitter_cfg.c **** 		/* INT_CONFIG Starting address: CYDEV_UDB_INT_CFG */
 452:Generated_Source\PSoC4/cyfitter_cfg.c **** 		CY_SET_REG32((void *)(CYREG_UDB_INT_CFG), 0x00000002u);
 286              		.loc 1 452 0
 287 00bc 0222     		movs	r2, #2
 288 00be 1D4B     		ldr	r3, .L13+36
 289 00c0 1A60     		str	r2, [r3]
 453:Generated_Source\PSoC4/cyfitter_cfg.c **** 
 454:Generated_Source\PSoC4/cyfitter_cfg.c **** 		/* Enable UDB array and digital routing */
 455:Generated_Source\PSoC4/cyfitter_cfg.c **** 		CY_SET_XTND_REG8((void *)CYREG_UDB_UDBIF_WAIT_CFG, (uint8)((CY_GET_XTND_REG8((void *)CYREG_UDB_UD
 290              		.loc 1 455 0
 291 00c2 1D48     		ldr	r0, .L13+40
 292 00c4 0378     		ldrb	r3, [r0]
 293 00c6 3A32     		adds	r2, r2, #58
 294 00c8 9343     		bics	r3, r2
 295 00ca 1422     		movs	r2, #20
 296 00cc 1343     		orrs	r3, r2
 297 00ce DBB2     		uxtb	r3, r3
 298 00d0 0370     		strb	r3, [r0]
 456:Generated_Source\PSoC4/cyfitter_cfg.c **** 		CY_SET_XTND_REG8((void *)CYREG_UDB_UDBIF_BANK_CTL, (uint8)(CY_GET_XTND_REG8((void *)CYREG_UDB_UDB
 299              		.loc 1 456 0
 300 00d2 1A4A     		ldr	r2, .L13+44
 301 00d4 1078     		ldrb	r0, [r2]
 302 00d6 1623     		movs	r3, #22
 303 00d8 0343     		orrs	r3, r0
 304 00da DBB2     		uxtb	r3, r3
 305 00dc 1370     		strb	r3, [r2]
 306              	.LBE3:
 457:Generated_Source\PSoC4/cyfitter_cfg.c **** 	}
 458:Generated_Source\PSoC4/cyfitter_cfg.c **** 
 459:Generated_Source\PSoC4/cyfitter_cfg.c **** 	/* Perform second pass device configuration. These items must be configured in specific order afte
 460:Generated_Source\PSoC4/cyfitter_cfg.c **** 	/* IOPINS0_0 Starting address: CYDEV_PRT0_BASE */
 461:Generated_Source\PSoC4/cyfitter_cfg.c **** 	CY_SET_REG32((void *)(CYDEV_PRT0_BASE), 0x00000003u);
 307              		.loc 1 461 0
 308 00de 0322     		movs	r2, #3
 309 00e0 174B     		ldr	r3, .L13+48
 310 00e2 1A60     		str	r2, [r3]
 462:Generated_Source\PSoC4/cyfitter_cfg.c **** 	CY_SET_REG32((void *)(CYREG_PRT0_PC), 0x00180024u);
 311              		.loc 1 462 0
 312 00e4 174A     		ldr	r2, .L13+52
 313 00e6 184B     		ldr	r3, .L13+56
 314 00e8 1A60     		str	r2, [r3]
 463:Generated_Source\PSoC4/cyfitter_cfg.c **** 
 464:Generated_Source\PSoC4/cyfitter_cfg.c **** 	/* IOPINS0_1 Starting address: CYDEV_PRT1_BASE */
 465:Generated_Source\PSoC4/cyfitter_cfg.c **** 	CY_SET_REG32((void *)(CYDEV_PRT1_BASE), 0x00000001u);
 315              		.loc 1 465 0
 316 00ea 184B     		ldr	r3, .L13+60
 317 00ec 1960     		str	r1, [r3]
 466:Generated_Source\PSoC4/cyfitter_cfg.c **** 	CY_SET_REG32((void *)(CYREG_PRT1_PC), 0x0000124Cu);
 318              		.loc 1 466 0
 319 00ee 184A     		ldr	r2, .L13+64
 320 00f0 184B     		ldr	r3, .L13+68
 321 00f2 1A60     		str	r2, [r3]
 467:Generated_Source\PSoC4/cyfitter_cfg.c **** 
 468:Generated_Source\PSoC4/cyfitter_cfg.c **** 	/* IOPINS0_2 Starting address: CYDEV_PRT2_BASE */
 469:Generated_Source\PSoC4/cyfitter_cfg.c **** 	CY_SET_REG32((void *)(CYDEV_PRT2_BASE), 0x00000080u);
ARM GAS  C:\Users\Maks\AppData\Local\Temp\ccW8Vm4t.s 			page 15


 322              		.loc 1 469 0
 323 00f4 8022     		movs	r2, #128
 324 00f6 184B     		ldr	r3, .L13+72
 325 00f8 1A60     		str	r2, [r3]
 470:Generated_Source\PSoC4/cyfitter_cfg.c **** 	CY_SET_REG32((void *)(CYREG_PRT2_PC), 0x00D80000u);
 326              		.loc 1 470 0
 327 00fa D822     		movs	r2, #216
 328 00fc 1204     		lsls	r2, r2, #16
 329 00fe 174B     		ldr	r3, .L13+76
 330 0100 1A60     		str	r2, [r3]
 471:Generated_Source\PSoC4/cyfitter_cfg.c **** 
 472:Generated_Source\PSoC4/cyfitter_cfg.c **** 	/* IOPINS0_3 Starting address: CYDEV_PRT3_BASE */
 473:Generated_Source\PSoC4/cyfitter_cfg.c **** 	CY_SET_REG32((void *)(CYREG_PRT3_PC), 0x00000D86u);
 331              		.loc 1 473 0
 332 0102 174A     		ldr	r2, .L13+80
 333 0104 174B     		ldr	r3, .L13+84
 334 0106 1A60     		str	r2, [r3]
 474:Generated_Source\PSoC4/cyfitter_cfg.c **** 
 475:Generated_Source\PSoC4/cyfitter_cfg.c **** 
 476:Generated_Source\PSoC4/cyfitter_cfg.c **** 	/* Setup clocks based on selections from Clock DWR */
 477:Generated_Source\PSoC4/cyfitter_cfg.c **** 	ClockSetup();
 335              		.loc 1 477 0
 336 0108 FFF77AFF 		bl	ClockSetup
 337              	.LVL24:
 478:Generated_Source\PSoC4/cyfitter_cfg.c **** 
 479:Generated_Source\PSoC4/cyfitter_cfg.c **** 	/* Perform basic analog initialization to defaults */
 480:Generated_Source\PSoC4/cyfitter_cfg.c **** 	AnalogSetDefault();
 481:Generated_Source\PSoC4/cyfitter_cfg.c **** 
 482:Generated_Source\PSoC4/cyfitter_cfg.c **** }
 338              		.loc 1 482 0
 339              		@ sp needed
 340              	.LVL25:
 341 010c 10BD     		pop	{r4, pc}
 342              	.L14:
 343 010e C046     		.align	2
 344              	.L13:
 345 0110 1C700F40 		.word	1074753564
 346 0114 00000000 		.word	.LANCHOR0
 347 0118 80000000 		.word	.LANCHOR1
 348 011c 0C000140 		.word	1073807372
 349 0120 00500F40 		.word	1074745344
 350 0124 10500F40 		.word	1074745360
 351 0128 20500F40 		.word	1074745376
 352 012c 30500F40 		.word	1074745392
 353 0130 20000040 		.word	1073741856
 354 0134 00800F40 		.word	1074757632
 355 0138 01700F40 		.word	1074753537
 356 013c 00700F40 		.word	1074753536
 357 0140 00000440 		.word	1074003968
 358 0144 24001800 		.word	1572900
 359 0148 08000440 		.word	1074003976
 360 014c 00010440 		.word	1074004224
 361 0150 4C120000 		.word	4684
 362 0154 08010440 		.word	1074004232
 363 0158 00020440 		.word	1074004480
 364 015c 08020440 		.word	1074004488
 365 0160 860D0000 		.word	3462
ARM GAS  C:\Users\Maks\AppData\Local\Temp\ccW8Vm4t.s 			page 16


 366 0164 08030440 		.word	1074004744
 367              		.cfi_endproc
 368              	.LFE6:
 369              		.size	cyfitter_cfg, .-cyfitter_cfg
 370              		.section	.rodata
 371              		.align	2
 372              		.set	.LANCHOR0,. + 0
 373              		.set	.LANCHOR1,. + 128
 374              		.type	cfg_memset_list.4870, %object
 375              		.size	cfg_memset_list.4870, 12
 376              	cfg_memset_list.4870:
 377 0000 00300F40 		.word	1074737152
 378 0004 0004     		.short	1024
 379 0006 00400F40 		.4byte	1074741248
 380 000a 0004     		.short	1024
 381              		.type	cy_cfg_data_table.4865, %object
 382              		.size	cy_cfg_data_table.4865, 214
 383              	cy_cfg_data_table.4865:
 384 000c 82       		.byte	-126
 385 000d 0D       		.byte	13
 386 000e 40       		.byte	64
 387 000f 51       		.byte	81
 388 0010 49       		.byte	73
 389 0011 FF       		.byte	-1
 390 0012 4A       		.byte	74
 391 0013 FF       		.byte	-1
 392 0014 4B       		.byte	75
 393 0015 FF       		.byte	-1
 394 0016 4F       		.byte	79
 395 0017 01       		.byte	1
 396 0018 50       		.byte	80
 397 0019 18       		.byte	24
 398 001a 5A       		.byte	90
 399 001b 04       		.byte	4
 400 001c 5D       		.byte	93
 401 001d 09       		.byte	9
 402 001e 5F       		.byte	95
 403 001f 01       		.byte	1
 404 0020 60       		.byte	96
 405 0021 40       		.byte	64
 406 0022 62       		.byte	98
 407 0023 40       		.byte	64
 408 0024 64       		.byte	100
 409 0025 40       		.byte	64
 410 0026 65       		.byte	101
 411 0027 40       		.byte	64
 412 0028 66       		.byte	102
 413 0029 80       		.byte	-128
 414 002a 68       		.byte	104
 415 002b 80       		.byte	-128
 416 002c 6A       		.byte	106
 417 002d 80       		.byte	-128
 418 002e 6C       		.byte	108
 419 002f 80       		.byte	-128
 420 0030 6E       		.byte	110
 421 0031 80       		.byte	-128
 422 0032 C0       		.byte	-64
ARM GAS  C:\Users\Maks\AppData\Local\Temp\ccW8Vm4t.s 			page 17


 423 0033 41       		.byte	65
 424 0034 C9       		.byte	-55
 425 0035 FF       		.byte	-1
 426 0036 CA       		.byte	-54
 427 0037 FF       		.byte	-1
 428 0038 CB       		.byte	-53
 429 0039 FF       		.byte	-1
 430 003a CD       		.byte	-51
 431 003b 83       		.byte	-125
 432 003c CE       		.byte	-50
 433 003d 03       		.byte	3
 434 003e CF       		.byte	-49
 435 003f 01       		.byte	1
 436 0040 D0       		.byte	-48
 437 0041 18       		.byte	24
 438 0042 D2       		.byte	-46
 439 0043 80       		.byte	-128
 440 0044 DA       		.byte	-38
 441 0045 04       		.byte	4
 442 0046 DB       		.byte	-37
 443 0047 04       		.byte	4
 444 0048 DD       		.byte	-35
 445 0049 99       		.byte	-103
 446 004a DF       		.byte	-33
 447 004b 01       		.byte	1
 448 004c E0       		.byte	-32
 449 004d 40       		.byte	64
 450 004e E2       		.byte	-30
 451 004f 40       		.byte	64
 452 0050 E4       		.byte	-28
 453 0051 40       		.byte	64
 454 0052 E5       		.byte	-27
 455 0053 40       		.byte	64
 456 0054 E6       		.byte	-26
 457 0055 80       		.byte	-128
 458 0056 E8       		.byte	-24
 459 0057 80       		.byte	-128
 460 0058 EA       		.byte	-22
 461 0059 80       		.byte	-128
 462 005a EC       		.byte	-20
 463 005b 80       		.byte	-128
 464 005c EE       		.byte	-18
 465 005d 80       		.byte	-128
 466 005e 42       		.byte	66
 467 005f 02       		.byte	2
 468 0060 46       		.byte	70
 469 0061 82       		.byte	-126
 470 0062 48       		.byte	72
 471 0063 01       		.byte	1
 472 0064 74       		.byte	116
 473 0065 01       		.byte	1
 474 0066 76       		.byte	118
 475 0067 80       		.byte	-128
 476 0068 77       		.byte	119
 477 0069 80       		.byte	-128
 478 006a D0       		.byte	-48
 479 006b 98       		.byte	-104
ARM GAS  C:\Users\Maks\AppData\Local\Temp\ccW8Vm4t.s 			page 18


 480 006c D2       		.byte	-46
 481 006d 08       		.byte	8
 482 006e 0E       		.byte	14
 483 006f 01       		.byte	1
 484 0070 2E       		.byte	46
 485 0071 01       		.byte	1
 486 0072 30       		.byte	48
 487 0073 01       		.byte	1
 488 0074 36       		.byte	54
 489 0075 01       		.byte	1
 490 0076 3E       		.byte	62
 491 0077 01       		.byte	1
 492 0078 40       		.byte	64
 493 0079 41       		.byte	65
 494 007a 45       		.byte	69
 495 007b EC       		.byte	-20
 496 007c 47       		.byte	71
 497 007d 20       		.byte	32
 498 007e 48       		.byte	72
 499 007f 23       		.byte	35
 500 0080 49       		.byte	73
 501 0081 FF       		.byte	-1
 502 0082 4A       		.byte	74
 503 0083 FF       		.byte	-1
 504 0084 4B       		.byte	75
 505 0085 FF       		.byte	-1
 506 0086 4D       		.byte	77
 507 0087 83       		.byte	-125
 508 0088 4E       		.byte	78
 509 0089 03       		.byte	3
 510 008a 4F       		.byte	79
 511 008b 01       		.byte	1
 512 008c 50       		.byte	80
 513 008d 18       		.byte	24
 514 008e 54       		.byte	84
 515 008f 01       		.byte	1
 516 0090 58       		.byte	88
 517 0091 04       		.byte	4
 518 0092 5A       		.byte	90
 519 0093 04       		.byte	4
 520 0094 5B       		.byte	91
 521 0095 04       		.byte	4
 522 0096 5C       		.byte	92
 523 0097 09       		.byte	9
 524 0098 5D       		.byte	93
 525 0099 99       		.byte	-103
 526 009a 5F       		.byte	95
 527 009b 01       		.byte	1
 528 009c 60       		.byte	96
 529 009d 40       		.byte	64
 530 009e 62       		.byte	98
 531 009f 40       		.byte	64
 532 00a0 64       		.byte	100
 533 00a1 40       		.byte	64
 534 00a2 65       		.byte	101
 535 00a3 40       		.byte	64
 536 00a4 66       		.byte	102
ARM GAS  C:\Users\Maks\AppData\Local\Temp\ccW8Vm4t.s 			page 19


 537 00a5 80       		.byte	-128
 538 00a6 68       		.byte	104
 539 00a7 80       		.byte	-128
 540 00a8 6A       		.byte	106
 541 00a9 80       		.byte	-128
 542 00aa 6C       		.byte	108
 543 00ab 80       		.byte	-128
 544 00ac 6E       		.byte	110
 545 00ad 80       		.byte	-128
 546 00ae 06       		.byte	6
 547 00af 02       		.byte	2
 548 00b0 17       		.byte	23
 549 00b1 80       		.byte	-128
 550 00b2 1E       		.byte	30
 551 00b3 80       		.byte	-128
 552 00b4 1F       		.byte	31
 553 00b5 80       		.byte	-128
 554 00b6 46       		.byte	70
 555 00b7 82       		.byte	-126
 556 00b8 4D       		.byte	77
 557 00b9 04       		.byte	4
 558 00ba 4F       		.byte	79
 559 00bb 01       		.byte	1
 560 00bc 56       		.byte	86
 561 00bd 02       		.byte	2
 562 00be 5D       		.byte	93
 563 00bf 04       		.byte	4
 564 00c0 5E       		.byte	94
 565 00c1 80       		.byte	-128
 566 00c2 5F       		.byte	95
 567 00c3 01       		.byte	1
 568 00c4 87       		.byte	-121
 569 00c5 80       		.byte	-128
 570 00c6 9A       		.byte	-102
 571 00c7 80       		.byte	-128
 572 00c8 9B       		.byte	-101
 573 00c9 80       		.byte	-128
 574 00ca 9E       		.byte	-98
 575 00cb 02       		.byte	2
 576 00cc C0       		.byte	-64
 577 00cd 80       		.byte	-128
 578 00ce C4       		.byte	-60
 579 00cf 80       		.byte	-128
 580 00d0 D0       		.byte	-48
 581 00d1 90       		.byte	-112
 582 00d2 D6       		.byte	-42
 583 00d3 D0       		.byte	-48
 584 00d4 6F       		.byte	111
 585 00d5 20       		.byte	32
 586 00d6 DA       		.byte	-38
 587 00d7 80       		.byte	-128
 588 00d8 87       		.byte	-121
 589 00d9 20       		.byte	32
 590 00da A7       		.byte	-89
 591 00db 20       		.byte	32
 592 00dc E6       		.byte	-26
 593 00dd 10       		.byte	16
ARM GAS  C:\Users\Maks\AppData\Local\Temp\ccW8Vm4t.s 			page 20


 594 00de 02       		.byte	2
 595 00df 01       		.byte	1
 596 00e0 11       		.byte	17
 597 00e1 01       		.byte	1
 598 00e2 0000     		.space	2
 599              		.type	cy_cfg_addr_table.4864, %object
 600              		.size	cy_cfg_addr_table.4864, 32
 601              	cy_cfg_addr_table.4864:
 602 00e4 01000F40 		.word	1074724865
 603 00e8 28300F40 		.word	1074737192
 604 00ec 08310F40 		.word	1074737416
 605 00f0 20320F40 		.word	1074737696
 606 00f4 13330F40 		.word	1074737939
 607 00f8 02400F40 		.word	1074741250
 608 00fc 03410F40 		.word	1074741507
 609 0100 02600F40 		.word	1074749442
 610              		.text
 611              	.Letext0:
 612              		.file 2 "c:\\program files (x86)\\cypress\\psoc creator\\4.4\\psoc creator\\import\\gnu\\arm\\5.4.
 613              		.file 3 "Generated_Source\\PSoC4\\cytypes.h"
 614              		.file 4 "Generated_Source\\PSoC4\\CyLib.h"
 615              		.section	.debug_info,"",%progbits
 616              	.Ldebug_info0:
 617 0000 9C030000 		.4byte	0x39c
 618 0004 0400     		.2byte	0x4
 619 0006 00000000 		.4byte	.Ldebug_abbrev0
 620 000a 04       		.byte	0x4
 621 000b 01       		.uleb128 0x1
 622 000c 6A010000 		.4byte	.LASF39
 623 0010 0C       		.byte	0xc
 624 0011 97020000 		.4byte	.LASF40
 625 0015 30010000 		.4byte	.LASF41
 626 0019 00000000 		.4byte	.Ldebug_ranges0+0
 627 001d 00000000 		.4byte	0
 628 0021 00000000 		.4byte	.Ldebug_line0
 629 0025 02       		.uleb128 0x2
 630 0026 04       		.byte	0x4
 631 0027 05       		.byte	0x5
 632 0028 696E7400 		.ascii	"int\000"
 633 002c 03       		.uleb128 0x3
 634 002d 06000000 		.4byte	.LASF12
 635 0031 02       		.byte	0x2
 636 0032 D8       		.byte	0xd8
 637 0033 37000000 		.4byte	0x37
 638 0037 04       		.uleb128 0x4
 639 0038 04       		.byte	0x4
 640 0039 07       		.byte	0x7
 641 003a F7000000 		.4byte	.LASF0
 642 003e 04       		.uleb128 0x4
 643 003f 08       		.byte	0x8
 644 0040 05       		.byte	0x5
 645 0041 2A020000 		.4byte	.LASF1
 646 0045 04       		.uleb128 0x4
 647 0046 08       		.byte	0x8
 648 0047 04       		.byte	0x4
 649 0048 7F020000 		.4byte	.LASF2
 650 004c 04       		.uleb128 0x4
ARM GAS  C:\Users\Maks\AppData\Local\Temp\ccW8Vm4t.s 			page 21


 651 004d 01       		.byte	0x1
 652 004e 06       		.byte	0x6
 653 004f 8B020000 		.4byte	.LASF3
 654 0053 04       		.uleb128 0x4
 655 0054 01       		.byte	0x1
 656 0055 08       		.byte	0x8
 657 0056 99000000 		.4byte	.LASF4
 658 005a 04       		.uleb128 0x4
 659 005b 02       		.byte	0x2
 660 005c 05       		.byte	0x5
 661 005d 57020000 		.4byte	.LASF5
 662 0061 04       		.uleb128 0x4
 663 0062 02       		.byte	0x2
 664 0063 07       		.byte	0x7
 665 0064 17020000 		.4byte	.LASF6
 666 0068 04       		.uleb128 0x4
 667 0069 04       		.byte	0x4
 668 006a 05       		.byte	0x5
 669 006b 76020000 		.4byte	.LASF7
 670 006f 04       		.uleb128 0x4
 671 0070 04       		.byte	0x4
 672 0071 07       		.byte	0x7
 673 0072 77000000 		.4byte	.LASF8
 674 0076 04       		.uleb128 0x4
 675 0077 08       		.byte	0x8
 676 0078 07       		.byte	0x7
 677 0079 19010000 		.4byte	.LASF9
 678 007d 04       		.uleb128 0x4
 679 007e 04       		.byte	0x4
 680 007f 07       		.byte	0x7
 681 0080 0E020000 		.4byte	.LASF10
 682 0084 05       		.uleb128 0x5
 683 0085 04       		.byte	0x4
 684 0086 04       		.uleb128 0x4
 685 0087 01       		.byte	0x1
 686 0088 08       		.byte	0x8
 687 0089 38020000 		.4byte	.LASF11
 688 008d 06       		.uleb128 0x6
 689 008e 89000000 		.4byte	.LASF13
 690 0092 03       		.byte	0x3
 691 0093 FB01     		.2byte	0x1fb
 692 0095 53000000 		.4byte	0x53
 693 0099 06       		.uleb128 0x6
 694 009a DE000000 		.4byte	.LASF14
 695 009e 03       		.byte	0x3
 696 009f FC01     		.2byte	0x1fc
 697 00a1 61000000 		.4byte	0x61
 698 00a5 06       		.uleb128 0x6
 699 00a6 F0000000 		.4byte	.LASF15
 700 00aa 03       		.byte	0x3
 701 00ab FD01     		.2byte	0x1fd
 702 00ad 6F000000 		.4byte	0x6f
 703 00b1 04       		.uleb128 0x4
 704 00b2 04       		.byte	0x4
 705 00b3 04       		.byte	0x4
 706 00b4 57000000 		.4byte	.LASF16
 707 00b8 04       		.uleb128 0x4
ARM GAS  C:\Users\Maks\AppData\Local\Temp\ccW8Vm4t.s 			page 22


 708 00b9 08       		.byte	0x8
 709 00ba 04       		.byte	0x4
 710 00bb AE000000 		.4byte	.LASF17
 711 00bf 06       		.uleb128 0x6
 712 00c0 72000000 		.4byte	.LASF18
 713 00c4 03       		.byte	0x3
 714 00c5 A502     		.2byte	0x2a5
 715 00c7 CB000000 		.4byte	0xcb
 716 00cb 07       		.uleb128 0x7
 717 00cc 8D000000 		.4byte	0x8d
 718 00d0 06       		.uleb128 0x6
 719 00d1 00000000 		.4byte	.LASF19
 720 00d5 03       		.byte	0x3
 721 00d6 A702     		.2byte	0x2a7
 722 00d8 DC000000 		.4byte	0xdc
 723 00dc 07       		.uleb128 0x7
 724 00dd A5000000 		.4byte	0xa5
 725 00e1 08       		.uleb128 0x8
 726 00e2 02       		.byte	0x2
 727 00e3 01       		.byte	0x1
 728 00e4 97       		.byte	0x97
 729 00e5 02010000 		.4byte	0x102
 730 00e9 09       		.uleb128 0x9
 731 00ea 50020000 		.4byte	.LASF20
 732 00ee 01       		.byte	0x1
 733 00ef 99       		.byte	0x99
 734 00f0 8D000000 		.4byte	0x8d
 735 00f4 00       		.byte	0
 736 00f5 09       		.uleb128 0x9
 737 00f6 1C000000 		.4byte	.LASF21
 738 00fa 01       		.byte	0x1
 739 00fb 9A       		.byte	0x9a
 740 00fc 8D000000 		.4byte	0x8d
 741 0100 01       		.byte	0x1
 742 0101 00       		.byte	0
 743 0102 03       		.uleb128 0x3
 744 0103 3D020000 		.4byte	.LASF22
 745 0107 01       		.byte	0x1
 746 0108 9B       		.byte	0x9b
 747 0109 E1000000 		.4byte	0xe1
 748 010d 0A       		.uleb128 0xa
 749 010e B5000000 		.4byte	.LASF27
 750 0112 01       		.byte	0x1
 751 0113 AE       		.byte	0xae
 752 0114 00000000 		.4byte	.LFB3
 753 0118 32000000 		.4byte	.LFE3-.LFB3
 754 011c 01       		.uleb128 0x1
 755 011d 9C       		.byte	0x9c
 756 011e 7F010000 		.4byte	0x17f
 757 0122 0B       		.uleb128 0xb
 758 0123 D3000000 		.4byte	.LASF23
 759 0127 01       		.byte	0x1
 760 0128 AE       		.byte	0xae
 761 0129 7F010000 		.4byte	0x17f
 762 012d 01       		.uleb128 0x1
 763 012e 50       		.byte	0x50
 764 012f 0B       		.uleb128 0xb
ARM GAS  C:\Users\Maks\AppData\Local\Temp\ccW8Vm4t.s 			page 23


 765 0130 E5000000 		.4byte	.LASF24
 766 0134 01       		.byte	0x1
 767 0135 AE       		.byte	0xae
 768 0136 8A010000 		.4byte	0x18a
 769 013a 01       		.uleb128 0x1
 770 013b 51       		.byte	0x51
 771 013c 0C       		.uleb128 0xc
 772 013d 6900     		.ascii	"i\000"
 773 013f 01       		.byte	0x1
 774 0140 B1       		.byte	0xb1
 775 0141 A5000000 		.4byte	0xa5
 776 0145 00000000 		.4byte	.LLST0
 777 0149 0C       		.uleb128 0xc
 778 014a 6A00     		.ascii	"j\000"
 779 014c 01       		.byte	0x1
 780 014d B1       		.byte	0xb1
 781 014e A5000000 		.4byte	0xa5
 782 0152 1F000000 		.4byte	.LLST1
 783 0156 0D       		.uleb128 0xd
 784 0157 08000000 		.4byte	.LBB2
 785 015b 22000000 		.4byte	.LBE2-.LBB2
 786 015f 0E       		.uleb128 0xe
 787 0160 05020000 		.4byte	.LASF25
 788 0164 01       		.byte	0x1
 789 0165 B4       		.byte	0xb4
 790 0166 A5000000 		.4byte	0xa5
 791 016a 3E000000 		.4byte	.LLST2
 792 016e 0E       		.uleb128 0xe
 793 016f 22000000 		.4byte	.LASF26
 794 0173 01       		.byte	0x1
 795 0174 B5       		.byte	0xb5
 796 0175 8D000000 		.4byte	0x8d
 797 0179 51000000 		.4byte	.LLST3
 798 017d 00       		.byte	0
 799 017e 00       		.byte	0
 800 017f 0F       		.uleb128 0xf
 801 0180 04       		.byte	0x4
 802 0181 85010000 		.4byte	0x185
 803 0185 10       		.uleb128 0x10
 804 0186 A5000000 		.4byte	0xa5
 805 018a 0F       		.uleb128 0xf
 806 018b 04       		.byte	0x4
 807 018c 90010000 		.4byte	0x190
 808 0190 10       		.uleb128 0x10
 809 0191 02010000 		.4byte	0x102
 810 0195 0A       		.uleb128 0xa
 811 0196 8F000000 		.4byte	.LASF28
 812 019a 01       		.byte	0x1
 813 019b 4C       		.byte	0x4c
 814 019c 00000000 		.4byte	.LFB0
 815 01a0 0C000000 		.4byte	.LFE0-.LFB0
 816 01a4 01       		.uleb128 0x1
 817 01a5 9C       		.byte	0x9c
 818 01a6 E2010000 		.4byte	0x1e2
 819 01aa 11       		.uleb128 0x11
 820 01ab 7300     		.ascii	"s\000"
 821 01ad 01       		.byte	0x1
ARM GAS  C:\Users\Maks\AppData\Local\Temp\ccW8Vm4t.s 			page 24


 822 01ae 4C       		.byte	0x4c
 823 01af 84000000 		.4byte	0x84
 824 01b3 6F000000 		.4byte	.LLST4
 825 01b7 11       		.uleb128 0x11
 826 01b8 6E00     		.ascii	"n\000"
 827 01ba 01       		.byte	0x1
 828 01bb 4C       		.byte	0x4c
 829 01bc 2C000000 		.4byte	0x2c
 830 01c0 90000000 		.4byte	.LLST5
 831 01c4 12       		.uleb128 0x12
 832 01c5 0A000000 		.4byte	.LVL14
 833 01c9 75030000 		.4byte	0x375
 834 01cd 13       		.uleb128 0x13
 835 01ce 01       		.uleb128 0x1
 836 01cf 50       		.byte	0x50
 837 01d0 03       		.uleb128 0x3
 838 01d1 F3       		.byte	0xf3
 839 01d2 01       		.uleb128 0x1
 840 01d3 50       		.byte	0x50
 841 01d4 13       		.uleb128 0x13
 842 01d5 01       		.uleb128 0x1
 843 01d6 51       		.byte	0x51
 844 01d7 01       		.uleb128 0x1
 845 01d8 30       		.byte	0x30
 846 01d9 13       		.uleb128 0x13
 847 01da 01       		.uleb128 0x1
 848 01db 52       		.byte	0x52
 849 01dc 03       		.uleb128 0x3
 850 01dd F3       		.byte	0xf3
 851 01de 01       		.uleb128 0x1
 852 01df 51       		.byte	0x51
 853 01e0 00       		.byte	0
 854 01e1 00       		.byte	0
 855 01e2 0A       		.uleb128 0xa
 856 01e3 28000000 		.4byte	.LASF29
 857 01e7 01       		.byte	0x1
 858 01e8 D3       		.byte	0xd3
 859 01e9 00000000 		.4byte	.LFB4
 860 01ed 5C000000 		.4byte	.LFE4-.LFB4
 861 01f1 01       		.uleb128 0x1
 862 01f2 9C       		.byte	0x9c
 863 01f3 2D020000 		.4byte	0x22d
 864 01f7 14       		.uleb128 0x14
 865 01f8 14000000 		.4byte	.LVL15
 866 01fc 7E030000 		.4byte	0x37e
 867 0200 0A020000 		.4byte	0x20a
 868 0204 13       		.uleb128 0x13
 869 0205 01       		.uleb128 0x1
 870 0206 50       		.byte	0x50
 871 0207 01       		.uleb128 0x1
 872 0208 48       		.byte	0x48
 873 0209 00       		.byte	0
 874 020a 14       		.uleb128 0x14
 875 020b 34000000 		.4byte	.LVL16
 876 020f 89030000 		.4byte	0x389
 877 0213 1D020000 		.4byte	0x21d
 878 0217 13       		.uleb128 0x13
ARM GAS  C:\Users\Maks\AppData\Local\Temp\ccW8Vm4t.s 			page 25


 879 0218 01       		.uleb128 0x1
 880 0219 50       		.byte	0x50
 881 021a 01       		.uleb128 0x1
 882 021b 39       		.byte	0x39
 883 021c 00       		.byte	0
 884 021d 12       		.uleb128 0x12
 885 021e 3A000000 		.4byte	.LVL17
 886 0222 94030000 		.4byte	0x394
 887 0226 13       		.uleb128 0x13
 888 0227 01       		.uleb128 0x1
 889 0228 50       		.byte	0x50
 890 0229 01       		.uleb128 0x1
 891 022a 39       		.byte	0x39
 892 022b 00       		.byte	0
 893 022c 00       		.byte	0
 894 022d 15       		.uleb128 0x15
 895 022e 04010000 		.4byte	.LASF42
 896 0232 01       		.byte	0x1
 897 0233 1801     		.2byte	0x118
 898 0235 5C000000 		.4byte	.LFB6
 899 0239 0C010000 		.4byte	.LFE6-.LFB6
 900 023d 01       		.uleb128 0x1
 901 023e 9C       		.byte	0x9c
 902 023f 4B030000 		.4byte	0x34b
 903 0243 16       		.uleb128 0x16
 904 0244 66000000 		.4byte	.LBB3
 905 0248 78000000 		.4byte	.LBE3-.LBB3
 906 024c 41030000 		.4byte	0x341
 907 0250 17       		.uleb128 0x17
 908 0251 33000000 		.4byte	.LASF30
 909 0255 01       		.byte	0x1
 910 0256 2001     		.2byte	0x120
 911 0258 5B030000 		.4byte	0x35b
 912 025c 05       		.uleb128 0x5
 913 025d 03       		.byte	0x3
 914 025e E4000000 		.4byte	cy_cfg_addr_table.4864
 915 0262 17       		.uleb128 0x17
 916 0263 45000000 		.4byte	.LASF31
 917 0267 01       		.byte	0x1
 918 0268 2B01     		.2byte	0x12b
 919 026a 70030000 		.4byte	0x370
 920 026e 05       		.uleb128 0x5
 921 026f 03       		.byte	0x3
 922 0270 0C000000 		.4byte	cy_cfg_data_table.4865
 923 0274 18       		.uleb128 0x18
 924 0275 06       		.byte	0x6
 925 0276 01       		.byte	0x1
 926 0277 9B01     		.2byte	0x19b
 927 0279 98020000 		.4byte	0x298
 928 027d 19       		.uleb128 0x19
 929 027e 11010000 		.4byte	.LASF32
 930 0282 01       		.byte	0x1
 931 0283 9C01     		.2byte	0x19c
 932 0285 84000000 		.4byte	0x84
 933 0289 00       		.byte	0
 934 028a 19       		.uleb128 0x19
 935 028b 6D000000 		.4byte	.LASF33
ARM GAS  C:\Users\Maks\AppData\Local\Temp\ccW8Vm4t.s 			page 26


 936 028f 01       		.byte	0x1
 937 0290 9D01     		.2byte	0x19d
 938 0292 99000000 		.4byte	0x99
 939 0296 04       		.byte	0x4
 940 0297 00       		.byte	0
 941 0298 06       		.uleb128 0x6
 942 0299 F8010000 		.4byte	.LASF34
 943 029d 01       		.byte	0x1
 944 029e 9E01     		.2byte	0x19e
 945 02a0 74020000 		.4byte	0x274
 946 02a4 1A       		.uleb128 0x1a
 947 02a5 B4020000 		.4byte	0x2b4
 948 02a9 B4020000 		.4byte	0x2b4
 949 02ad 1B       		.uleb128 0x1b
 950 02ae 7D000000 		.4byte	0x7d
 951 02b2 01       		.byte	0x1
 952 02b3 00       		.byte	0
 953 02b4 10       		.uleb128 0x10
 954 02b5 98020000 		.4byte	0x298
 955 02b9 17       		.uleb128 0x17
 956 02ba 5D000000 		.4byte	.LASF35
 957 02be 01       		.byte	0x1
 958 02bf A001     		.2byte	0x1a0
 959 02c1 CB020000 		.4byte	0x2cb
 960 02c5 05       		.uleb128 0x5
 961 02c6 03       		.byte	0x3
 962 02c7 00000000 		.4byte	cfg_memset_list.4870
 963 02cb 10       		.uleb128 0x10
 964 02cc A4020000 		.4byte	0x2a4
 965 02d0 1C       		.uleb128 0x1c
 966 02d1 6900     		.ascii	"i\000"
 967 02d3 01       		.byte	0x1
 968 02d4 A601     		.2byte	0x1a6
 969 02d6 8D000000 		.4byte	0x8d
 970 02da BC000000 		.4byte	.LLST6
 971 02de 16       		.uleb128 0x16
 972 02df 6A000000 		.4byte	.LBB4
 973 02e3 1C000000 		.4byte	.LBE4-.LBB4
 974 02e7 24030000 		.4byte	0x324
 975 02eb 1C       		.uleb128 0x1c
 976 02ec 6D7300   		.ascii	"ms\000"
 977 02ef 01       		.byte	0x1
 978 02f0 AB01     		.2byte	0x1ab
 979 02f2 FA020000 		.4byte	0x2fa
 980 02f6 E6000000 		.4byte	.LLST7
 981 02fa 0F       		.uleb128 0xf
 982 02fb 04       		.byte	0x4
 983 02fc B4020000 		.4byte	0x2b4
 984 0300 12       		.uleb128 0x12
 985 0301 86000000 		.4byte	.LVL20
 986 0305 95010000 		.4byte	0x195
 987 0309 13       		.uleb128 0x13
 988 030a 01       		.uleb128 0x1
 989 030b 51       		.byte	0x51
 990 030c 15       		.uleb128 0x15
 991 030d 74       		.byte	0x74
 992 030e 00       		.sleb128 0
ARM GAS  C:\Users\Maks\AppData\Local\Temp\ccW8Vm4t.s 			page 27


 993 030f 31       		.byte	0x31
 994 0310 24       		.byte	0x24
 995 0311 74       		.byte	0x74
 996 0312 00       		.sleb128 0
 997 0313 22       		.byte	0x22
 998 0314 31       		.byte	0x31
 999 0315 24       		.byte	0x24
 1000 0316 03       		.byte	0x3
 1001 0317 04000000 		.4byte	.LANCHOR0+4
 1002 031b 22       		.byte	0x22
 1003 031c 94       		.byte	0x94
 1004 031d 02       		.byte	0x2
 1005 031e 0A       		.byte	0xa
 1006 031f FFFF     		.2byte	0xffff
 1007 0321 1A       		.byte	0x1a
 1008 0322 00       		.byte	0
 1009 0323 00       		.byte	0
 1010 0324 12       		.uleb128 0x12
 1011 0325 9A000000 		.4byte	.LVL23
 1012 0329 0D010000 		.4byte	0x10d
 1013 032d 13       		.uleb128 0x13
 1014 032e 01       		.uleb128 0x1
 1015 032f 50       		.byte	0x50
 1016 0330 05       		.uleb128 0x5
 1017 0331 03       		.byte	0x3
 1018 0332 E4000000 		.4byte	.LANCHOR1+100
 1019 0336 13       		.uleb128 0x13
 1020 0337 01       		.uleb128 0x1
 1021 0338 51       		.byte	0x51
 1022 0339 05       		.uleb128 0x5
 1023 033a 03       		.byte	0x3
 1024 033b 0C000000 		.4byte	.LANCHOR0+12
 1025 033f 00       		.byte	0
 1026 0340 00       		.byte	0
 1027 0341 1D       		.uleb128 0x1d
 1028 0342 0C010000 		.4byte	.LVL24
 1029 0346 E2010000 		.4byte	0x1e2
 1030 034a 00       		.byte	0
 1031 034b 1A       		.uleb128 0x1a
 1032 034c 85010000 		.4byte	0x185
 1033 0350 5B030000 		.4byte	0x35b
 1034 0354 1B       		.uleb128 0x1b
 1035 0355 7D000000 		.4byte	0x7d
 1036 0359 07       		.byte	0x7
 1037 035a 00       		.byte	0
 1038 035b 10       		.uleb128 0x10
 1039 035c 4B030000 		.4byte	0x34b
 1040 0360 1A       		.uleb128 0x1a
 1041 0361 90010000 		.4byte	0x190
 1042 0365 70030000 		.4byte	0x370
 1043 0369 1B       		.uleb128 0x1b
 1044 036a 7D000000 		.4byte	0x7d
 1045 036e 6A       		.byte	0x6a
 1046 036f 00       		.byte	0
 1047 0370 10       		.uleb128 0x10
 1048 0371 60030000 		.4byte	0x360
 1049 0375 1E       		.uleb128 0x1e
ARM GAS  C:\Users\Maks\AppData\Local\Temp\ccW8Vm4t.s 			page 28


 1050 0376 A7000000 		.4byte	.LASF43
 1051 037a A7000000 		.4byte	.LASF43
 1052 037e 1F       		.uleb128 0x1f
 1053 037f 61020000 		.4byte	.LASF36
 1054 0383 61020000 		.4byte	.LASF36
 1055 0387 04       		.byte	0x4
 1056 0388 6C       		.byte	0x6c
 1057 0389 1F       		.uleb128 0x1f
 1058 038a 0D000000 		.4byte	.LASF37
 1059 038e 0D000000 		.4byte	.LASF37
 1060 0392 04       		.byte	0x4
 1061 0393 D0       		.byte	0xd0
 1062 0394 1F       		.uleb128 0x1f
 1063 0395 C7000000 		.4byte	.LASF38
 1064 0399 C7000000 		.4byte	.LASF38
 1065 039d 04       		.byte	0x4
 1066 039e D6       		.byte	0xd6
 1067 039f 00       		.byte	0
 1068              		.section	.debug_abbrev,"",%progbits
 1069              	.Ldebug_abbrev0:
 1070 0000 01       		.uleb128 0x1
 1071 0001 11       		.uleb128 0x11
 1072 0002 01       		.byte	0x1
 1073 0003 25       		.uleb128 0x25
 1074 0004 0E       		.uleb128 0xe
 1075 0005 13       		.uleb128 0x13
 1076 0006 0B       		.uleb128 0xb
 1077 0007 03       		.uleb128 0x3
 1078 0008 0E       		.uleb128 0xe
 1079 0009 1B       		.uleb128 0x1b
 1080 000a 0E       		.uleb128 0xe
 1081 000b 55       		.uleb128 0x55
 1082 000c 17       		.uleb128 0x17
 1083 000d 11       		.uleb128 0x11
 1084 000e 01       		.uleb128 0x1
 1085 000f 10       		.uleb128 0x10
 1086 0010 17       		.uleb128 0x17
 1087 0011 00       		.byte	0
 1088 0012 00       		.byte	0
 1089 0013 02       		.uleb128 0x2
 1090 0014 24       		.uleb128 0x24
 1091 0015 00       		.byte	0
 1092 0016 0B       		.uleb128 0xb
 1093 0017 0B       		.uleb128 0xb
 1094 0018 3E       		.uleb128 0x3e
 1095 0019 0B       		.uleb128 0xb
 1096 001a 03       		.uleb128 0x3
 1097 001b 08       		.uleb128 0x8
 1098 001c 00       		.byte	0
 1099 001d 00       		.byte	0
 1100 001e 03       		.uleb128 0x3
 1101 001f 16       		.uleb128 0x16
 1102 0020 00       		.byte	0
 1103 0021 03       		.uleb128 0x3
 1104 0022 0E       		.uleb128 0xe
 1105 0023 3A       		.uleb128 0x3a
 1106 0024 0B       		.uleb128 0xb
ARM GAS  C:\Users\Maks\AppData\Local\Temp\ccW8Vm4t.s 			page 29


 1107 0025 3B       		.uleb128 0x3b
 1108 0026 0B       		.uleb128 0xb
 1109 0027 49       		.uleb128 0x49
 1110 0028 13       		.uleb128 0x13
 1111 0029 00       		.byte	0
 1112 002a 00       		.byte	0
 1113 002b 04       		.uleb128 0x4
 1114 002c 24       		.uleb128 0x24
 1115 002d 00       		.byte	0
 1116 002e 0B       		.uleb128 0xb
 1117 002f 0B       		.uleb128 0xb
 1118 0030 3E       		.uleb128 0x3e
 1119 0031 0B       		.uleb128 0xb
 1120 0032 03       		.uleb128 0x3
 1121 0033 0E       		.uleb128 0xe
 1122 0034 00       		.byte	0
 1123 0035 00       		.byte	0
 1124 0036 05       		.uleb128 0x5
 1125 0037 0F       		.uleb128 0xf
 1126 0038 00       		.byte	0
 1127 0039 0B       		.uleb128 0xb
 1128 003a 0B       		.uleb128 0xb
 1129 003b 00       		.byte	0
 1130 003c 00       		.byte	0
 1131 003d 06       		.uleb128 0x6
 1132 003e 16       		.uleb128 0x16
 1133 003f 00       		.byte	0
 1134 0040 03       		.uleb128 0x3
 1135 0041 0E       		.uleb128 0xe
 1136 0042 3A       		.uleb128 0x3a
 1137 0043 0B       		.uleb128 0xb
 1138 0044 3B       		.uleb128 0x3b
 1139 0045 05       		.uleb128 0x5
 1140 0046 49       		.uleb128 0x49
 1141 0047 13       		.uleb128 0x13
 1142 0048 00       		.byte	0
 1143 0049 00       		.byte	0
 1144 004a 07       		.uleb128 0x7
 1145 004b 35       		.uleb128 0x35
 1146 004c 00       		.byte	0
 1147 004d 49       		.uleb128 0x49
 1148 004e 13       		.uleb128 0x13
 1149 004f 00       		.byte	0
 1150 0050 00       		.byte	0
 1151 0051 08       		.uleb128 0x8
 1152 0052 13       		.uleb128 0x13
 1153 0053 01       		.byte	0x1
 1154 0054 0B       		.uleb128 0xb
 1155 0055 0B       		.uleb128 0xb
 1156 0056 3A       		.uleb128 0x3a
 1157 0057 0B       		.uleb128 0xb
 1158 0058 3B       		.uleb128 0x3b
 1159 0059 0B       		.uleb128 0xb
 1160 005a 01       		.uleb128 0x1
 1161 005b 13       		.uleb128 0x13
 1162 005c 00       		.byte	0
 1163 005d 00       		.byte	0
ARM GAS  C:\Users\Maks\AppData\Local\Temp\ccW8Vm4t.s 			page 30


 1164 005e 09       		.uleb128 0x9
 1165 005f 0D       		.uleb128 0xd
 1166 0060 00       		.byte	0
 1167 0061 03       		.uleb128 0x3
 1168 0062 0E       		.uleb128 0xe
 1169 0063 3A       		.uleb128 0x3a
 1170 0064 0B       		.uleb128 0xb
 1171 0065 3B       		.uleb128 0x3b
 1172 0066 0B       		.uleb128 0xb
 1173 0067 49       		.uleb128 0x49
 1174 0068 13       		.uleb128 0x13
 1175 0069 38       		.uleb128 0x38
 1176 006a 0B       		.uleb128 0xb
 1177 006b 00       		.byte	0
 1178 006c 00       		.byte	0
 1179 006d 0A       		.uleb128 0xa
 1180 006e 2E       		.uleb128 0x2e
 1181 006f 01       		.byte	0x1
 1182 0070 03       		.uleb128 0x3
 1183 0071 0E       		.uleb128 0xe
 1184 0072 3A       		.uleb128 0x3a
 1185 0073 0B       		.uleb128 0xb
 1186 0074 3B       		.uleb128 0x3b
 1187 0075 0B       		.uleb128 0xb
 1188 0076 27       		.uleb128 0x27
 1189 0077 19       		.uleb128 0x19
 1190 0078 11       		.uleb128 0x11
 1191 0079 01       		.uleb128 0x1
 1192 007a 12       		.uleb128 0x12
 1193 007b 06       		.uleb128 0x6
 1194 007c 40       		.uleb128 0x40
 1195 007d 18       		.uleb128 0x18
 1196 007e 9742     		.uleb128 0x2117
 1197 0080 19       		.uleb128 0x19
 1198 0081 01       		.uleb128 0x1
 1199 0082 13       		.uleb128 0x13
 1200 0083 00       		.byte	0
 1201 0084 00       		.byte	0
 1202 0085 0B       		.uleb128 0xb
 1203 0086 05       		.uleb128 0x5
 1204 0087 00       		.byte	0
 1205 0088 03       		.uleb128 0x3
 1206 0089 0E       		.uleb128 0xe
 1207 008a 3A       		.uleb128 0x3a
 1208 008b 0B       		.uleb128 0xb
 1209 008c 3B       		.uleb128 0x3b
 1210 008d 0B       		.uleb128 0xb
 1211 008e 49       		.uleb128 0x49
 1212 008f 13       		.uleb128 0x13
 1213 0090 02       		.uleb128 0x2
 1214 0091 18       		.uleb128 0x18
 1215 0092 00       		.byte	0
 1216 0093 00       		.byte	0
 1217 0094 0C       		.uleb128 0xc
 1218 0095 34       		.uleb128 0x34
 1219 0096 00       		.byte	0
 1220 0097 03       		.uleb128 0x3
ARM GAS  C:\Users\Maks\AppData\Local\Temp\ccW8Vm4t.s 			page 31


 1221 0098 08       		.uleb128 0x8
 1222 0099 3A       		.uleb128 0x3a
 1223 009a 0B       		.uleb128 0xb
 1224 009b 3B       		.uleb128 0x3b
 1225 009c 0B       		.uleb128 0xb
 1226 009d 49       		.uleb128 0x49
 1227 009e 13       		.uleb128 0x13
 1228 009f 02       		.uleb128 0x2
 1229 00a0 17       		.uleb128 0x17
 1230 00a1 00       		.byte	0
 1231 00a2 00       		.byte	0
 1232 00a3 0D       		.uleb128 0xd
 1233 00a4 0B       		.uleb128 0xb
 1234 00a5 01       		.byte	0x1
 1235 00a6 11       		.uleb128 0x11
 1236 00a7 01       		.uleb128 0x1
 1237 00a8 12       		.uleb128 0x12
 1238 00a9 06       		.uleb128 0x6
 1239 00aa 00       		.byte	0
 1240 00ab 00       		.byte	0
 1241 00ac 0E       		.uleb128 0xe
 1242 00ad 34       		.uleb128 0x34
 1243 00ae 00       		.byte	0
 1244 00af 03       		.uleb128 0x3
 1245 00b0 0E       		.uleb128 0xe
 1246 00b1 3A       		.uleb128 0x3a
 1247 00b2 0B       		.uleb128 0xb
 1248 00b3 3B       		.uleb128 0x3b
 1249 00b4 0B       		.uleb128 0xb
 1250 00b5 49       		.uleb128 0x49
 1251 00b6 13       		.uleb128 0x13
 1252 00b7 02       		.uleb128 0x2
 1253 00b8 17       		.uleb128 0x17
 1254 00b9 00       		.byte	0
 1255 00ba 00       		.byte	0
 1256 00bb 0F       		.uleb128 0xf
 1257 00bc 0F       		.uleb128 0xf
 1258 00bd 00       		.byte	0
 1259 00be 0B       		.uleb128 0xb
 1260 00bf 0B       		.uleb128 0xb
 1261 00c0 49       		.uleb128 0x49
 1262 00c1 13       		.uleb128 0x13
 1263 00c2 00       		.byte	0
 1264 00c3 00       		.byte	0
 1265 00c4 10       		.uleb128 0x10
 1266 00c5 26       		.uleb128 0x26
 1267 00c6 00       		.byte	0
 1268 00c7 49       		.uleb128 0x49
 1269 00c8 13       		.uleb128 0x13
 1270 00c9 00       		.byte	0
 1271 00ca 00       		.byte	0
 1272 00cb 11       		.uleb128 0x11
 1273 00cc 05       		.uleb128 0x5
 1274 00cd 00       		.byte	0
 1275 00ce 03       		.uleb128 0x3
 1276 00cf 08       		.uleb128 0x8
 1277 00d0 3A       		.uleb128 0x3a
ARM GAS  C:\Users\Maks\AppData\Local\Temp\ccW8Vm4t.s 			page 32


 1278 00d1 0B       		.uleb128 0xb
 1279 00d2 3B       		.uleb128 0x3b
 1280 00d3 0B       		.uleb128 0xb
 1281 00d4 49       		.uleb128 0x49
 1282 00d5 13       		.uleb128 0x13
 1283 00d6 02       		.uleb128 0x2
 1284 00d7 17       		.uleb128 0x17
 1285 00d8 00       		.byte	0
 1286 00d9 00       		.byte	0
 1287 00da 12       		.uleb128 0x12
 1288 00db 898201   		.uleb128 0x4109
 1289 00de 01       		.byte	0x1
 1290 00df 11       		.uleb128 0x11
 1291 00e0 01       		.uleb128 0x1
 1292 00e1 31       		.uleb128 0x31
 1293 00e2 13       		.uleb128 0x13
 1294 00e3 00       		.byte	0
 1295 00e4 00       		.byte	0
 1296 00e5 13       		.uleb128 0x13
 1297 00e6 8A8201   		.uleb128 0x410a
 1298 00e9 00       		.byte	0
 1299 00ea 02       		.uleb128 0x2
 1300 00eb 18       		.uleb128 0x18
 1301 00ec 9142     		.uleb128 0x2111
 1302 00ee 18       		.uleb128 0x18
 1303 00ef 00       		.byte	0
 1304 00f0 00       		.byte	0
 1305 00f1 14       		.uleb128 0x14
 1306 00f2 898201   		.uleb128 0x4109
 1307 00f5 01       		.byte	0x1
 1308 00f6 11       		.uleb128 0x11
 1309 00f7 01       		.uleb128 0x1
 1310 00f8 31       		.uleb128 0x31
 1311 00f9 13       		.uleb128 0x13
 1312 00fa 01       		.uleb128 0x1
 1313 00fb 13       		.uleb128 0x13
 1314 00fc 00       		.byte	0
 1315 00fd 00       		.byte	0
 1316 00fe 15       		.uleb128 0x15
 1317 00ff 2E       		.uleb128 0x2e
 1318 0100 01       		.byte	0x1
 1319 0101 3F       		.uleb128 0x3f
 1320 0102 19       		.uleb128 0x19
 1321 0103 03       		.uleb128 0x3
 1322 0104 0E       		.uleb128 0xe
 1323 0105 3A       		.uleb128 0x3a
 1324 0106 0B       		.uleb128 0xb
 1325 0107 3B       		.uleb128 0x3b
 1326 0108 05       		.uleb128 0x5
 1327 0109 27       		.uleb128 0x27
 1328 010a 19       		.uleb128 0x19
 1329 010b 11       		.uleb128 0x11
 1330 010c 01       		.uleb128 0x1
 1331 010d 12       		.uleb128 0x12
 1332 010e 06       		.uleb128 0x6
 1333 010f 40       		.uleb128 0x40
 1334 0110 18       		.uleb128 0x18
ARM GAS  C:\Users\Maks\AppData\Local\Temp\ccW8Vm4t.s 			page 33


 1335 0111 9742     		.uleb128 0x2117
 1336 0113 19       		.uleb128 0x19
 1337 0114 01       		.uleb128 0x1
 1338 0115 13       		.uleb128 0x13
 1339 0116 00       		.byte	0
 1340 0117 00       		.byte	0
 1341 0118 16       		.uleb128 0x16
 1342 0119 0B       		.uleb128 0xb
 1343 011a 01       		.byte	0x1
 1344 011b 11       		.uleb128 0x11
 1345 011c 01       		.uleb128 0x1
 1346 011d 12       		.uleb128 0x12
 1347 011e 06       		.uleb128 0x6
 1348 011f 01       		.uleb128 0x1
 1349 0120 13       		.uleb128 0x13
 1350 0121 00       		.byte	0
 1351 0122 00       		.byte	0
 1352 0123 17       		.uleb128 0x17
 1353 0124 34       		.uleb128 0x34
 1354 0125 00       		.byte	0
 1355 0126 03       		.uleb128 0x3
 1356 0127 0E       		.uleb128 0xe
 1357 0128 3A       		.uleb128 0x3a
 1358 0129 0B       		.uleb128 0xb
 1359 012a 3B       		.uleb128 0x3b
 1360 012b 05       		.uleb128 0x5
 1361 012c 49       		.uleb128 0x49
 1362 012d 13       		.uleb128 0x13
 1363 012e 02       		.uleb128 0x2
 1364 012f 18       		.uleb128 0x18
 1365 0130 00       		.byte	0
 1366 0131 00       		.byte	0
 1367 0132 18       		.uleb128 0x18
 1368 0133 13       		.uleb128 0x13
 1369 0134 01       		.byte	0x1
 1370 0135 0B       		.uleb128 0xb
 1371 0136 0B       		.uleb128 0xb
 1372 0137 3A       		.uleb128 0x3a
 1373 0138 0B       		.uleb128 0xb
 1374 0139 3B       		.uleb128 0x3b
 1375 013a 05       		.uleb128 0x5
 1376 013b 01       		.uleb128 0x1
 1377 013c 13       		.uleb128 0x13
 1378 013d 00       		.byte	0
 1379 013e 00       		.byte	0
 1380 013f 19       		.uleb128 0x19
 1381 0140 0D       		.uleb128 0xd
 1382 0141 00       		.byte	0
 1383 0142 03       		.uleb128 0x3
 1384 0143 0E       		.uleb128 0xe
 1385 0144 3A       		.uleb128 0x3a
 1386 0145 0B       		.uleb128 0xb
 1387 0146 3B       		.uleb128 0x3b
 1388 0147 05       		.uleb128 0x5
 1389 0148 49       		.uleb128 0x49
 1390 0149 13       		.uleb128 0x13
 1391 014a 38       		.uleb128 0x38
ARM GAS  C:\Users\Maks\AppData\Local\Temp\ccW8Vm4t.s 			page 34


 1392 014b 0B       		.uleb128 0xb
 1393 014c 00       		.byte	0
 1394 014d 00       		.byte	0
 1395 014e 1A       		.uleb128 0x1a
 1396 014f 01       		.uleb128 0x1
 1397 0150 01       		.byte	0x1
 1398 0151 49       		.uleb128 0x49
 1399 0152 13       		.uleb128 0x13
 1400 0153 01       		.uleb128 0x1
 1401 0154 13       		.uleb128 0x13
 1402 0155 00       		.byte	0
 1403 0156 00       		.byte	0
 1404 0157 1B       		.uleb128 0x1b
 1405 0158 21       		.uleb128 0x21
 1406 0159 00       		.byte	0
 1407 015a 49       		.uleb128 0x49
 1408 015b 13       		.uleb128 0x13
 1409 015c 2F       		.uleb128 0x2f
 1410 015d 0B       		.uleb128 0xb
 1411 015e 00       		.byte	0
 1412 015f 00       		.byte	0
 1413 0160 1C       		.uleb128 0x1c
 1414 0161 34       		.uleb128 0x34
 1415 0162 00       		.byte	0
 1416 0163 03       		.uleb128 0x3
 1417 0164 08       		.uleb128 0x8
 1418 0165 3A       		.uleb128 0x3a
 1419 0166 0B       		.uleb128 0xb
 1420 0167 3B       		.uleb128 0x3b
 1421 0168 05       		.uleb128 0x5
 1422 0169 49       		.uleb128 0x49
 1423 016a 13       		.uleb128 0x13
 1424 016b 02       		.uleb128 0x2
 1425 016c 17       		.uleb128 0x17
 1426 016d 00       		.byte	0
 1427 016e 00       		.byte	0
 1428 016f 1D       		.uleb128 0x1d
 1429 0170 898201   		.uleb128 0x4109
 1430 0173 00       		.byte	0
 1431 0174 11       		.uleb128 0x11
 1432 0175 01       		.uleb128 0x1
 1433 0176 31       		.uleb128 0x31
 1434 0177 13       		.uleb128 0x13
 1435 0178 00       		.byte	0
 1436 0179 00       		.byte	0
 1437 017a 1E       		.uleb128 0x1e
 1438 017b 2E       		.uleb128 0x2e
 1439 017c 00       		.byte	0
 1440 017d 3F       		.uleb128 0x3f
 1441 017e 19       		.uleb128 0x19
 1442 017f 3C       		.uleb128 0x3c
 1443 0180 19       		.uleb128 0x19
 1444 0181 6E       		.uleb128 0x6e
 1445 0182 0E       		.uleb128 0xe
 1446 0183 03       		.uleb128 0x3
 1447 0184 0E       		.uleb128 0xe
 1448 0185 00       		.byte	0
ARM GAS  C:\Users\Maks\AppData\Local\Temp\ccW8Vm4t.s 			page 35


 1449 0186 00       		.byte	0
 1450 0187 1F       		.uleb128 0x1f
 1451 0188 2E       		.uleb128 0x2e
 1452 0189 00       		.byte	0
 1453 018a 3F       		.uleb128 0x3f
 1454 018b 19       		.uleb128 0x19
 1455 018c 3C       		.uleb128 0x3c
 1456 018d 19       		.uleb128 0x19
 1457 018e 6E       		.uleb128 0x6e
 1458 018f 0E       		.uleb128 0xe
 1459 0190 03       		.uleb128 0x3
 1460 0191 0E       		.uleb128 0xe
 1461 0192 3A       		.uleb128 0x3a
 1462 0193 0B       		.uleb128 0xb
 1463 0194 3B       		.uleb128 0x3b
 1464 0195 0B       		.uleb128 0xb
 1465 0196 00       		.byte	0
 1466 0197 00       		.byte	0
 1467 0198 00       		.byte	0
 1468              		.section	.debug_loc,"",%progbits
 1469              	.Ldebug_loc0:
 1470              	.LLST0:
 1471 0000 02000000 		.4byte	.LVL1
 1472 0004 08000000 		.4byte	.LVL2
 1473 0008 0200     		.2byte	0x2
 1474 000a 30       		.byte	0x30
 1475 000b 9F       		.byte	0x9f
 1476 000c 08000000 		.4byte	.LVL2
 1477 0010 30000000 		.4byte	.LVL11
 1478 0014 0100     		.2byte	0x1
 1479 0016 57       		.byte	0x57
 1480 0017 00000000 		.4byte	0
 1481 001b 00000000 		.4byte	0
 1482              	.LLST1:
 1483 001f 02000000 		.4byte	.LVL1
 1484 0023 08000000 		.4byte	.LVL2
 1485 0027 0200     		.2byte	0x2
 1486 0029 30       		.byte	0x30
 1487 002a 9F       		.byte	0x9f
 1488 002b 08000000 		.4byte	.LVL2
 1489 002f 30000000 		.4byte	.LVL10
 1490 0033 0100     		.2byte	0x1
 1491 0035 55       		.byte	0x55
 1492 0036 00000000 		.4byte	0
 1493 003a 00000000 		.4byte	0
 1494              	.LLST2:
 1495 003e 0C000000 		.4byte	.LVL3
 1496 0042 2C000000 		.4byte	.LVL9
 1497 0046 0100     		.2byte	0x1
 1498 0048 56       		.byte	0x56
 1499 0049 00000000 		.4byte	0
 1500 004d 00000000 		.4byte	0
 1501              	.LLST3:
 1502 0051 0E000000 		.4byte	.LVL4
 1503 0055 24000000 		.4byte	.LVL7
 1504 0059 0100     		.2byte	0x1
 1505 005b 53       		.byte	0x53
ARM GAS  C:\Users\Maks\AppData\Local\Temp\ccW8Vm4t.s 			page 36


 1506 005c 26000000 		.4byte	.LVL8
 1507 0060 2C000000 		.4byte	.LVL9
 1508 0064 0100     		.2byte	0x1
 1509 0066 53       		.byte	0x53
 1510 0067 00000000 		.4byte	0
 1511 006b 00000000 		.4byte	0
 1512              	.LLST4:
 1513 006f 00000000 		.4byte	.LVL12
 1514 0073 09000000 		.4byte	.LVL14-1
 1515 0077 0100     		.2byte	0x1
 1516 0079 50       		.byte	0x50
 1517 007a 09000000 		.4byte	.LVL14-1
 1518 007e 0C000000 		.4byte	.LFE0
 1519 0082 0400     		.2byte	0x4
 1520 0084 F3       		.byte	0xf3
 1521 0085 01       		.uleb128 0x1
 1522 0086 50       		.byte	0x50
 1523 0087 9F       		.byte	0x9f
 1524 0088 00000000 		.4byte	0
 1525 008c 00000000 		.4byte	0
 1526              	.LLST5:
 1527 0090 00000000 		.4byte	.LVL12
 1528 0094 06000000 		.4byte	.LVL13
 1529 0098 0100     		.2byte	0x1
 1530 009a 51       		.byte	0x51
 1531 009b 06000000 		.4byte	.LVL13
 1532 009f 09000000 		.4byte	.LVL14-1
 1533 00a3 0100     		.2byte	0x1
 1534 00a5 52       		.byte	0x52
 1535 00a6 09000000 		.4byte	.LVL14-1
 1536 00aa 0C000000 		.4byte	.LFE0
 1537 00ae 0400     		.2byte	0x4
 1538 00b0 F3       		.byte	0xf3
 1539 00b1 01       		.uleb128 0x1
 1540 00b2 51       		.byte	0x51
 1541 00b3 9F       		.byte	0x9f
 1542 00b4 00000000 		.4byte	0
 1543 00b8 00000000 		.4byte	0
 1544              	.LLST6:
 1545 00bc 66000000 		.4byte	.LVL18
 1546 00c0 6A000000 		.4byte	.LVL19
 1547 00c4 0200     		.2byte	0x2
 1548 00c6 30       		.byte	0x30
 1549 00c7 9F       		.byte	0x9f
 1550 00c8 6A000000 		.4byte	.LVL19
 1551 00cc 88000000 		.4byte	.LVL21
 1552 00d0 0100     		.2byte	0x1
 1553 00d2 54       		.byte	0x54
 1554 00d3 8A000000 		.4byte	.LVL22
 1555 00d7 0C010000 		.4byte	.LVL25
 1556 00db 0100     		.2byte	0x1
 1557 00dd 54       		.byte	0x54
 1558 00de 00000000 		.4byte	0
 1559 00e2 00000000 		.4byte	0
 1560              	.LLST7:
 1561 00e6 6A000000 		.4byte	.LVL19
 1562 00ea 88000000 		.4byte	.LVL21
ARM GAS  C:\Users\Maks\AppData\Local\Temp\ccW8Vm4t.s 			page 37


 1563 00ee 0B00     		.2byte	0xb
 1564 00f0 74       		.byte	0x74
 1565 00f1 00       		.sleb128 0
 1566 00f2 36       		.byte	0x36
 1567 00f3 1E       		.byte	0x1e
 1568 00f4 03       		.byte	0x3
 1569 00f5 00000000 		.4byte	cfg_memset_list.4870
 1570 00f9 22       		.byte	0x22
 1571 00fa 9F       		.byte	0x9f
 1572 00fb 88000000 		.4byte	.LVL21
 1573 00ff 8A000000 		.4byte	.LVL22
 1574 0103 0B00     		.2byte	0xb
 1575 0105 74       		.byte	0x74
 1576 0106 7F       		.sleb128 -1
 1577 0107 36       		.byte	0x36
 1578 0108 1E       		.byte	0x1e
 1579 0109 03       		.byte	0x3
 1580 010a 00000000 		.4byte	cfg_memset_list.4870
 1581 010e 22       		.byte	0x22
 1582 010f 9F       		.byte	0x9f
 1583 0110 00000000 		.4byte	0
 1584 0114 00000000 		.4byte	0
 1585              		.section	.debug_aranges,"",%progbits
 1586 0000 34000000 		.4byte	0x34
 1587 0004 0200     		.2byte	0x2
 1588 0006 00000000 		.4byte	.Ldebug_info0
 1589 000a 04       		.byte	0x4
 1590 000b 00       		.byte	0
 1591 000c 0000     		.2byte	0
 1592 000e 0000     		.2byte	0
 1593 0010 00000000 		.4byte	.LFB3
 1594 0014 32000000 		.4byte	.LFE3-.LFB3
 1595 0018 00000000 		.4byte	.LFB0
 1596 001c 0C000000 		.4byte	.LFE0-.LFB0
 1597 0020 00000000 		.4byte	.LFB4
 1598 0024 5C000000 		.4byte	.LFE4-.LFB4
 1599 0028 5C000000 		.4byte	.LFB6
 1600 002c 0C010000 		.4byte	.LFE6-.LFB6
 1601 0030 00000000 		.4byte	0
 1602 0034 00000000 		.4byte	0
 1603              		.section	.debug_ranges,"",%progbits
 1604              	.Ldebug_ranges0:
 1605 0000 00000000 		.4byte	.LFB3
 1606 0004 32000000 		.4byte	.LFE3
 1607 0008 00000000 		.4byte	.LFB0
 1608 000c 0C000000 		.4byte	.LFE0
 1609 0010 00000000 		.4byte	.LFB4
 1610 0014 5C000000 		.4byte	.LFE4
 1611 0018 5C000000 		.4byte	.LFB6
 1612 001c 68010000 		.4byte	.LFE6
 1613 0020 00000000 		.4byte	0
 1614 0024 00000000 		.4byte	0
 1615              		.section	.debug_line,"",%progbits
 1616              	.Ldebug_line0:
 1617 0000 5E010000 		.section	.debug_str,"MS",%progbits,1
 1617      0200D600 
 1617      00000201 
ARM GAS  C:\Users\Maks\AppData\Local\Temp\ccW8Vm4t.s 			page 38


 1617      FB0E0D00 
 1617      01010101 
 1618              	.LASF19:
 1619 0000 72656733 		.ascii	"reg32\000"
 1619      3200
 1620              	.LASF12:
 1621 0006 73697A65 		.ascii	"size_t\000"
 1621      5F7400
 1622              	.LASF37:
 1623 000d 4379496E 		.ascii	"CyIntSetVector\000"
 1623      74536574 
 1623      56656374 
 1623      6F7200
 1624              	.LASF21:
 1625 001c 76616C75 		.ascii	"value\000"
 1625      6500
 1626              	.LASF26:
 1627 0022 636F756E 		.ascii	"count\000"
 1627      7400
 1628              	.LASF29:
 1629 0028 436C6F63 		.ascii	"ClockSetup\000"
 1629      6B536574 
 1629      757000
 1630              	.LASF30:
 1631 0033 63795F63 		.ascii	"cy_cfg_addr_table\000"
 1631      66675F61 
 1631      6464725F 
 1631      7461626C 
 1631      6500
 1632              	.LASF31:
 1633 0045 63795F63 		.ascii	"cy_cfg_data_table\000"
 1633      66675F64 
 1633      6174615F 
 1633      7461626C 
 1633      6500
 1634              	.LASF16:
 1635 0057 666C6F61 		.ascii	"float\000"
 1635      7400
 1636              	.LASF35:
 1637 005d 6366675F 		.ascii	"cfg_memset_list\000"
 1637      6D656D73 
 1637      65745F6C 
 1637      69737400 
 1638              	.LASF33:
 1639 006d 73697A65 		.ascii	"size\000"
 1639      00
 1640              	.LASF18:
 1641 0072 72656738 		.ascii	"reg8\000"
 1641      00
 1642              	.LASF8:
 1643 0077 6C6F6E67 		.ascii	"long unsigned int\000"
 1643      20756E73 
 1643      69676E65 
 1643      6420696E 
 1643      7400
 1644              	.LASF13:
 1645 0089 75696E74 		.ascii	"uint8\000"
ARM GAS  C:\Users\Maks\AppData\Local\Temp\ccW8Vm4t.s 			page 39


 1645      3800
 1646              	.LASF28:
 1647 008f 43594D45 		.ascii	"CYMEMZERO\000"
 1647      4D5A4552 
 1647      4F00
 1648              	.LASF4:
 1649 0099 756E7369 		.ascii	"unsigned char\000"
 1649      676E6564 
 1649      20636861 
 1649      7200
 1650              	.LASF43:
 1651 00a7 6D656D73 		.ascii	"memset\000"
 1651      657400
 1652              	.LASF17:
 1653 00ae 646F7562 		.ascii	"double\000"
 1653      6C6500
 1654              	.LASF27:
 1655 00b5 6366675F 		.ascii	"cfg_write_bytes32\000"
 1655      77726974 
 1655      655F6279 
 1655      74657333 
 1655      3200
 1656              	.LASF38:
 1657 00c7 4379496E 		.ascii	"CyIntEnable\000"
 1657      74456E61 
 1657      626C6500 
 1658              	.LASF23:
 1659 00d3 61646472 		.ascii	"addr_table\000"
 1659      5F746162 
 1659      6C6500
 1660              	.LASF14:
 1661 00de 75696E74 		.ascii	"uint16\000"
 1661      313600
 1662              	.LASF24:
 1663 00e5 64617461 		.ascii	"data_table\000"
 1663      5F746162 
 1663      6C6500
 1664              	.LASF15:
 1665 00f0 75696E74 		.ascii	"uint32\000"
 1665      333200
 1666              	.LASF0:
 1667 00f7 756E7369 		.ascii	"unsigned int\000"
 1667      676E6564 
 1667      20696E74 
 1667      00
 1668              	.LASF42:
 1669 0104 63796669 		.ascii	"cyfitter_cfg\000"
 1669      74746572 
 1669      5F636667 
 1669      00
 1670              	.LASF32:
 1671 0111 61646472 		.ascii	"address\000"
 1671      65737300 
 1672              	.LASF9:
 1673 0119 6C6F6E67 		.ascii	"long long unsigned int\000"
 1673      206C6F6E 
 1673      6720756E 
ARM GAS  C:\Users\Maks\AppData\Local\Temp\ccW8Vm4t.s 			page 40


 1673      7369676E 
 1673      65642069 
 1674              	.LASF41:
 1675 0130 433A5C55 		.ascii	"C:\\Users\\Maks\\Documents\\PSoC Creator\\CSN_UzhNU"
 1675      73657273 
 1675      5C4D616B 
 1675      735C446F 
 1675      63756D65 
 1676 015e 5C4C574F 		.ascii	"\\LWO5.cydsn\000"
 1676      352E6379 
 1676      64736E00 
 1677              	.LASF39:
 1678 016a 474E5520 		.ascii	"GNU C11 5.4.1 20160609 (release) [ARM/embedded-5-br"
 1678      43313120 
 1678      352E342E 
 1678      31203230 
 1678      31363036 
 1679 019d 616E6368 		.ascii	"anch revision 237715] -mcpu=cortex-m0 -mthumb -g -O"
 1679      20726576 
 1679      6973696F 
 1679      6E203233 
 1679      37373135 
 1680 01d0 67202D66 		.ascii	"g -ffunction-sections -ffat-lto-objects\000"
 1680      66756E63 
 1680      74696F6E 
 1680      2D736563 
 1680      74696F6E 
 1681              	.LASF34:
 1682 01f8 6366675F 		.ascii	"cfg_memset_t\000"
 1682      6D656D73 
 1682      65745F74 
 1682      00
 1683              	.LASF25:
 1684 0205 62617365 		.ascii	"baseAddr\000"
 1684      41646472 
 1684      00
 1685              	.LASF10:
 1686 020e 73697A65 		.ascii	"sizetype\000"
 1686      74797065 
 1686      00
 1687              	.LASF6:
 1688 0217 73686F72 		.ascii	"short unsigned int\000"
 1688      7420756E 
 1688      7369676E 
 1688      65642069 
 1688      6E7400
 1689              	.LASF1:
 1690 022a 6C6F6E67 		.ascii	"long long int\000"
 1690      206C6F6E 
 1690      6720696E 
 1690      7400
 1691              	.LASF11:
 1692 0238 63686172 		.ascii	"char\000"
 1692      00
 1693              	.LASF22:
 1694 023d 63795F63 		.ascii	"cy_cfg_addrvalue_t\000"
 1694      66675F61 
ARM GAS  C:\Users\Maks\AppData\Local\Temp\ccW8Vm4t.s 			page 41


 1694      64647276 
 1694      616C7565 
 1694      5F7400
 1695              	.LASF20:
 1696 0250 6F666673 		.ascii	"offset\000"
 1696      657400
 1697              	.LASF5:
 1698 0257 73686F72 		.ascii	"short int\000"
 1698      7420696E 
 1698      7400
 1699              	.LASF36:
 1700 0261 43795379 		.ascii	"CySysClkWriteImoFreq\000"
 1700      73436C6B 
 1700      57726974 
 1700      65496D6F 
 1700      46726571 
 1701              	.LASF7:
 1702 0276 6C6F6E67 		.ascii	"long int\000"
 1702      20696E74 
 1702      00
 1703              	.LASF2:
 1704 027f 6C6F6E67 		.ascii	"long double\000"
 1704      20646F75 
 1704      626C6500 
 1705              	.LASF3:
 1706 028b 7369676E 		.ascii	"signed char\000"
 1706      65642063 
 1706      68617200 
 1707              	.LASF40:
 1708 0297 47656E65 		.ascii	"Generated_Source\\PSoC4\\cyfitter_cfg.c\000"
 1708      72617465 
 1708      645F536F 
 1708      75726365 
 1708      5C50536F 
 1709              		.ident	"GCC: (GNU Tools for ARM Embedded Processors) 5.4.1 20160609 (release) [ARM/embedded-5-bran
